
*** Running vivado
    with args -log bd_41e7_vsc_0.vds -m64 -product Vivado -mode batch -messageDb vivado.pb -notrace -source bd_41e7_vsc_0.tcl


****** Vivado v2023.2 (64-bit)
  **** SW Build 4029153 on Fri Oct 13 20:13:54 MDT 2023
  **** IP Build 4028589 on Sat Oct 14 00:45:43 MDT 2023
  **** SharedData Build 4025554 on Tue Oct 10 17:18:54 MDT 2023
    ** Copyright 1986-2022 Xilinx, Inc. All Rights Reserved.
    ** Copyright 2022-2023 Advanced Micro Devices, Inc. All Rights Reserved.

source bd_41e7_vsc_0.tcl -notrace
create_project: Time (s): cpu = 00:00:06 ; elapsed = 00:00:06 . Memory (MB): peak = 1314.957 ; gain = 0.023 ; free physical = 1460 ; free virtual = 3662
INFO: [IP_Flow 19-234] Refreshing IP repositories
INFO: [IP_Flow 19-1700] Loaded user IP repository '/home/alen/repo/zynq-7020-video-pipe-3/IP'.
INFO: [IP_Flow 19-2313] Loaded Vivado IP repository '/home/alen/Xilinx/Vivado/2023.2/data/ip'.

****** Vitis HLS - High-Level Synthesis from C, C++ and OpenCL v2023.2 (64-bit)
  **** SW Build 4023990 on Oct 11 2023
  **** IP Build 4028589 on Sat Oct 14 00:45:43 MDT 2023
  **** SharedData Build 4025554 on Tue Oct 10 17:18:54 MDT 2023
    ** Copyright 1986-2022 Xilinx, Inc. All Rights Reserved.
    ** Copyright 2022-2023 Advanced Micro Devices, Inc. All Rights Reserved.

source /home/alen/Xilinx/Vitis_HLS/2023.2/scripts/vitis_hls/hls.tcl -notrace
INFO: [HLS 200-10] Running '/home/alen/Xilinx/Vitis_HLS/2023.2/bin/unwrapped/lnx64.o/vitis_hls'
INFO: [HLS 200-10] For user 'alen' on host 'hp-HP-Pavilion-Laptop-14-ec0xxx' (Linux_x86_64 version 6.2.0-26-generic) on Thu Dec 28 17:21:55 IST 2023
INFO: [HLS 200-10] On os Ubuntu 22.04.3 LTS
INFO: [HLS 200-10] In directory '/home/alen/repo/zynq-7020-video-pipe-3/hw/video-pipe-hw-v5/hw_011223.runs/bd_41e7_vsc_0_synth_1'
Sourcing Tcl script '/home/alen/repo/zynq-7020-video-pipe-3/hw/video-pipe-hw-v5/hw_011223.runs/bd_41e7_vsc_0_synth_1/runhls.tcl'
INFO: [HLS 200-1510] Running: open_project -reset prj 
INFO: [HLS 200-10] Creating and opening project '/home/alen/repo/zynq-7020-video-pipe-3/hw/video-pipe-hw-v5/hw_011223.runs/bd_41e7_vsc_0_synth_1/prj'.
INFO: [HLS 200-1510] Running: set_top v_vscaler 
INFO: [HLS 200-1510] Running: open_solution sol 
INFO: [HLS 200-10] Creating and opening solution '/home/alen/repo/zynq-7020-video-pipe-3/hw/video-pipe-hw-v5/hw_011223.runs/bd_41e7_vsc_0_synth_1/prj/sol'.
INFO: [HLS 200-1505] Using default flow_target 'vivado'
Resolution: For help on HLS 200-1505 see docs.xilinx.com/access/sources/dita/topic?Doc_Version=2023.2%20English&url=ug1448-hls-guidance&resourceid=200-1505.html
INFO: [HLS 200-1510] Running: set_part xc7z020clg484-1 
INFO: [HLS 200-1611] Setting target device to 'xc7z020-clg484-1'
INFO: [HLS 200-1510] Running: add_files -cflags  -I /home/alen/repo/zynq-7020-video-pipe-3/hw/video-pipe-hw-v5/hw_011223.gen/sources_1/bd/broncho_video/ip/broncho_video_v_proc_ss_0_1/bd_0/ip/ip_1/src/hls -I /home/alen/repo/zynq-7020-video-pipe-3/hw/video-pipe-hw-v5/hw_011223.gen/sources_1/bd/broncho_video/ip/broncho_video_v_proc_ss_0_1/bd_0/ip/ip_1/src  /home/alen/repo/zynq-7020-video-pipe-3/hw/video-pipe-hw-v5/hw_011223.gen/sources_1/bd/broncho_video/ip/broncho_video_v_proc_ss_0_1/bd_0/ip/ip_1/src/v_vscaler_config.h 
INFO: [HLS 200-10] Adding design file '/home/alen/repo/zynq-7020-video-pipe-3/hw/video-pipe-hw-v5/hw_011223.gen/sources_1/bd/broncho_video/ip/broncho_video_v_proc_ss_0_1/bd_0/ip/ip_1/src/v_vscaler_config.h' to the project
INFO: [HLS 200-1510] Running: add_files -cflags  -I /home/alen/repo/zynq-7020-video-pipe-3/hw/video-pipe-hw-v5/hw_011223.gen/sources_1/bd/broncho_video/ip/broncho_video_v_proc_ss_0_1/bd_0/ip/ip_1/src/hls -I /home/alen/repo/zynq-7020-video-pipe-3/hw/video-pipe-hw-v5/hw_011223.gen/sources_1/bd/broncho_video/ip/broncho_video_v_proc_ss_0_1/bd_0/ip/ip_1/src  /home/alen/repo/zynq-7020-video-pipe-3/hw/video-pipe-hw-v5/hw_011223.gen/sources_1/bd/broncho_video/ip/broncho_video_v_proc_ss_0_1/bd_0/ip/ip_1/src/v_vscaler.cpp 
INFO: [HLS 200-10] Adding design file '/home/alen/repo/zynq-7020-video-pipe-3/hw/video-pipe-hw-v5/hw_011223.gen/sources_1/bd/broncho_video/ip/broncho_video_v_proc_ss_0_1/bd_0/ip/ip_1/src/v_vscaler.cpp' to the project
INFO: [HLS 200-1510] Running: add_files -cflags  -I /home/alen/repo/zynq-7020-video-pipe-3/hw/video-pipe-hw-v5/hw_011223.gen/sources_1/bd/broncho_video/ip/broncho_video_v_proc_ss_0_1/bd_0/ip/ip_1/src/hls -I /home/alen/repo/zynq-7020-video-pipe-3/hw/video-pipe-hw-v5/hw_011223.gen/sources_1/bd/broncho_video/ip/broncho_video_v_proc_ss_0_1/bd_0/ip/ip_1/src  /home/alen/repo/zynq-7020-video-pipe-3/hw/video-pipe-hw-v5/hw_011223.gen/sources_1/bd/broncho_video/ip/broncho_video_v_proc_ss_0_1/bd_0/ip/ip_1/src/v_vscaler.h 
INFO: [HLS 200-10] Adding design file '/home/alen/repo/zynq-7020-video-pipe-3/hw/video-pipe-hw-v5/hw_011223.gen/sources_1/bd/broncho_video/ip/broncho_video_v_proc_ss_0_1/bd_0/ip/ip_1/src/v_vscaler.h' to the project
INFO: [HLS 200-1510] Running: add_files -cflags  -I /home/alen/repo/zynq-7020-video-pipe-3/hw/video-pipe-hw-v5/hw_011223.gen/sources_1/bd/broncho_video/ip/broncho_video_v_proc_ss_0_1/bd_0/ip/ip_1/src/hls -I /home/alen/repo/zynq-7020-video-pipe-3/hw/video-pipe-hw-v5/hw_011223.gen/sources_1/bd/broncho_video/ip/broncho_video_v_proc_ss_0_1/bd_0/ip/ip_1/src  /home/alen/repo/zynq-7020-video-pipe-3/hw/video-pipe-hw-v5/hw_011223.gen/sources_1/bd/broncho_video/ip/broncho_video_v_proc_ss_0_1/bd_0/ip/ip_1/src/hls_video.h 
INFO: [HLS 200-10] Adding design file '/home/alen/repo/zynq-7020-video-pipe-3/hw/video-pipe-hw-v5/hw_011223.gen/sources_1/bd/broncho_video/ip/broncho_video_v_proc_ss_0_1/bd_0/ip/ip_1/src/hls_video.h' to the project
INFO: [HLS 200-1510] Running: add_files -cflags  -I /home/alen/repo/zynq-7020-video-pipe-3/hw/video-pipe-hw-v5/hw_011223.gen/sources_1/bd/broncho_video/ip/broncho_video_v_proc_ss_0_1/bd_0/ip/ip_1/src/hls -I /home/alen/repo/zynq-7020-video-pipe-3/hw/video-pipe-hw-v5/hw_011223.gen/sources_1/bd/broncho_video/ip/broncho_video_v_proc_ss_0_1/bd_0/ip/ip_1/src  /home/alen/repo/zynq-7020-video-pipe-3/hw/video-pipe-hw-v5/hw_011223.gen/sources_1/bd/broncho_video/ip/broncho_video_v_proc_ss_0_1/bd_0/ip/ip_1/src/hls_opencv.h 
INFO: [HLS 200-10] Adding design file '/home/alen/repo/zynq-7020-video-pipe-3/hw/video-pipe-hw-v5/hw_011223.gen/sources_1/bd/broncho_video/ip/broncho_video_v_proc_ss_0_1/bd_0/ip/ip_1/src/hls_opencv.h' to the project
INFO: [HLS 200-1510] Running: add_files -cflags  -I /home/alen/repo/zynq-7020-video-pipe-3/hw/video-pipe-hw-v5/hw_011223.gen/sources_1/bd/broncho_video/ip/broncho_video_v_proc_ss_0_1/bd_0/ip/ip_1/src/hls -I /home/alen/repo/zynq-7020-video-pipe-3/hw/video-pipe-hw-v5/hw_011223.gen/sources_1/bd/broncho_video/ip/broncho_video_v_proc_ss_0_1/bd_0/ip/ip_1/src  /home/alen/repo/zynq-7020-video-pipe-3/hw/video-pipe-hw-v5/hw_011223.gen/sources_1/bd/broncho_video/ip/broncho_video_v_proc_ss_0_1/bd_0/ip/ip_1/src/hls/hls_axi_io.h 
INFO: [HLS 200-10] Adding design file '/home/alen/repo/zynq-7020-video-pipe-3/hw/video-pipe-hw-v5/hw_011223.gen/sources_1/bd/broncho_video/ip/broncho_video_v_proc_ss_0_1/bd_0/ip/ip_1/src/hls/hls_axi_io.h' to the project
INFO: [HLS 200-1510] Running: add_files -cflags  -I /home/alen/repo/zynq-7020-video-pipe-3/hw/video-pipe-hw-v5/hw_011223.gen/sources_1/bd/broncho_video/ip/broncho_video_v_proc_ss_0_1/bd_0/ip/ip_1/src/hls -I /home/alen/repo/zynq-7020-video-pipe-3/hw/video-pipe-hw-v5/hw_011223.gen/sources_1/bd/broncho_video/ip/broncho_video_v_proc_ss_0_1/bd_0/ip/ip_1/src  /home/alen/repo/zynq-7020-video-pipe-3/hw/video-pipe-hw-v5/hw_011223.gen/sources_1/bd/broncho_video/ip/broncho_video_v_proc_ss_0_1/bd_0/ip/ip_1/src/hls/hls_video_arithm.h 
INFO: [HLS 200-10] Adding design file '/home/alen/repo/zynq-7020-video-pipe-3/hw/video-pipe-hw-v5/hw_011223.gen/sources_1/bd/broncho_video/ip/broncho_video_v_proc_ss_0_1/bd_0/ip/ip_1/src/hls/hls_video_arithm.h' to the project
INFO: [HLS 200-1510] Running: add_files -cflags  -I /home/alen/repo/zynq-7020-video-pipe-3/hw/video-pipe-hw-v5/hw_011223.gen/sources_1/bd/broncho_video/ip/broncho_video_v_proc_ss_0_1/bd_0/ip/ip_1/src/hls -I /home/alen/repo/zynq-7020-video-pipe-3/hw/video-pipe-hw-v5/hw_011223.gen/sources_1/bd/broncho_video/ip/broncho_video_v_proc_ss_0_1/bd_0/ip/ip_1/src  /home/alen/repo/zynq-7020-video-pipe-3/hw/video-pipe-hw-v5/hw_011223.gen/sources_1/bd/broncho_video/ip/broncho_video_v_proc_ss_0_1/bd_0/ip/ip_1/src/hls/hls_video_core.h 
INFO: [HLS 200-10] Adding design file '/home/alen/repo/zynq-7020-video-pipe-3/hw/video-pipe-hw-v5/hw_011223.gen/sources_1/bd/broncho_video/ip/broncho_video_v_proc_ss_0_1/bd_0/ip/ip_1/src/hls/hls_video_core.h' to the project
INFO: [HLS 200-1510] Running: add_files -cflags  -I /home/alen/repo/zynq-7020-video-pipe-3/hw/video-pipe-hw-v5/hw_011223.gen/sources_1/bd/broncho_video/ip/broncho_video_v_proc_ss_0_1/bd_0/ip/ip_1/src/hls -I /home/alen/repo/zynq-7020-video-pipe-3/hw/video-pipe-hw-v5/hw_011223.gen/sources_1/bd/broncho_video/ip/broncho_video_v_proc_ss_0_1/bd_0/ip/ip_1/src  /home/alen/repo/zynq-7020-video-pipe-3/hw/video-pipe-hw-v5/hw_011223.gen/sources_1/bd/broncho_video/ip/broncho_video_v_proc_ss_0_1/bd_0/ip/ip_1/src/hls/hls_video_fast.h 
INFO: [HLS 200-10] Adding design file '/home/alen/repo/zynq-7020-video-pipe-3/hw/video-pipe-hw-v5/hw_011223.gen/sources_1/bd/broncho_video/ip/broncho_video_v_proc_ss_0_1/bd_0/ip/ip_1/src/hls/hls_video_fast.h' to the project
INFO: [HLS 200-1510] Running: add_files -cflags  -I /home/alen/repo/zynq-7020-video-pipe-3/hw/video-pipe-hw-v5/hw_011223.gen/sources_1/bd/broncho_video/ip/broncho_video_v_proc_ss_0_1/bd_0/ip/ip_1/src/hls -I /home/alen/repo/zynq-7020-video-pipe-3/hw/video-pipe-hw-v5/hw_011223.gen/sources_1/bd/broncho_video/ip/broncho_video_v_proc_ss_0_1/bd_0/ip/ip_1/src  /home/alen/repo/zynq-7020-video-pipe-3/hw/video-pipe-hw-v5/hw_011223.gen/sources_1/bd/broncho_video/ip/broncho_video_v_proc_ss_0_1/bd_0/ip/ip_1/src/hls/hls_video_haar.h 
INFO: [HLS 200-10] Adding design file '/home/alen/repo/zynq-7020-video-pipe-3/hw/video-pipe-hw-v5/hw_011223.gen/sources_1/bd/broncho_video/ip/broncho_video_v_proc_ss_0_1/bd_0/ip/ip_1/src/hls/hls_video_haar.h' to the project
INFO: [HLS 200-1510] Running: add_files -cflags  -I /home/alen/repo/zynq-7020-video-pipe-3/hw/video-pipe-hw-v5/hw_011223.gen/sources_1/bd/broncho_video/ip/broncho_video_v_proc_ss_0_1/bd_0/ip/ip_1/src/hls -I /home/alen/repo/zynq-7020-video-pipe-3/hw/video-pipe-hw-v5/hw_011223.gen/sources_1/bd/broncho_video/ip/broncho_video_v_proc_ss_0_1/bd_0/ip/ip_1/src  /home/alen/repo/zynq-7020-video-pipe-3/hw/video-pipe-hw-v5/hw_011223.gen/sources_1/bd/broncho_video/ip/broncho_video_v_proc_ss_0_1/bd_0/ip/ip_1/src/hls/hls_video_harris.h 
INFO: [HLS 200-10] Adding design file '/home/alen/repo/zynq-7020-video-pipe-3/hw/video-pipe-hw-v5/hw_011223.gen/sources_1/bd/broncho_video/ip/broncho_video_v_proc_ss_0_1/bd_0/ip/ip_1/src/hls/hls_video_harris.h' to the project
INFO: [HLS 200-1510] Running: add_files -cflags  -I /home/alen/repo/zynq-7020-video-pipe-3/hw/video-pipe-hw-v5/hw_011223.gen/sources_1/bd/broncho_video/ip/broncho_video_v_proc_ss_0_1/bd_0/ip/ip_1/src/hls -I /home/alen/repo/zynq-7020-video-pipe-3/hw/video-pipe-hw-v5/hw_011223.gen/sources_1/bd/broncho_video/ip/broncho_video_v_proc_ss_0_1/bd_0/ip/ip_1/src  /home/alen/repo/zynq-7020-video-pipe-3/hw/video-pipe-hw-v5/hw_011223.gen/sources_1/bd/broncho_video/ip/broncho_video_v_proc_ss_0_1/bd_0/ip/ip_1/src/hls/hls_video_histogram.h 
INFO: [HLS 200-10] Adding design file '/home/alen/repo/zynq-7020-video-pipe-3/hw/video-pipe-hw-v5/hw_011223.gen/sources_1/bd/broncho_video/ip/broncho_video_v_proc_ss_0_1/bd_0/ip/ip_1/src/hls/hls_video_histogram.h' to the project
INFO: [HLS 200-1510] Running: add_files -cflags  -I /home/alen/repo/zynq-7020-video-pipe-3/hw/video-pipe-hw-v5/hw_011223.gen/sources_1/bd/broncho_video/ip/broncho_video_v_proc_ss_0_1/bd_0/ip/ip_1/src/hls -I /home/alen/repo/zynq-7020-video-pipe-3/hw/video-pipe-hw-v5/hw_011223.gen/sources_1/bd/broncho_video/ip/broncho_video_v_proc_ss_0_1/bd_0/ip/ip_1/src  /home/alen/repo/zynq-7020-video-pipe-3/hw/video-pipe-hw-v5/hw_011223.gen/sources_1/bd/broncho_video/ip/broncho_video_v_proc_ss_0_1/bd_0/ip/ip_1/src/hls/hls_video_hough.h 
INFO: [HLS 200-10] Adding design file '/home/alen/repo/zynq-7020-video-pipe-3/hw/video-pipe-hw-v5/hw_011223.gen/sources_1/bd/broncho_video/ip/broncho_video_v_proc_ss_0_1/bd_0/ip/ip_1/src/hls/hls_video_hough.h' to the project
INFO: [HLS 200-1510] Running: add_files -cflags  -I /home/alen/repo/zynq-7020-video-pipe-3/hw/video-pipe-hw-v5/hw_011223.gen/sources_1/bd/broncho_video/ip/broncho_video_v_proc_ss_0_1/bd_0/ip/ip_1/src/hls -I /home/alen/repo/zynq-7020-video-pipe-3/hw/video-pipe-hw-v5/hw_011223.gen/sources_1/bd/broncho_video/ip/broncho_video_v_proc_ss_0_1/bd_0/ip/ip_1/src  /home/alen/repo/zynq-7020-video-pipe-3/hw/video-pipe-hw-v5/hw_011223.gen/sources_1/bd/broncho_video/ip/broncho_video_v_proc_ss_0_1/bd_0/ip/ip_1/src/hls/hls_video_imgbase.h 
INFO: [HLS 200-10] Adding design file '/home/alen/repo/zynq-7020-video-pipe-3/hw/video-pipe-hw-v5/hw_011223.gen/sources_1/bd/broncho_video/ip/broncho_video_v_proc_ss_0_1/bd_0/ip/ip_1/src/hls/hls_video_imgbase.h' to the project
INFO: [HLS 200-1510] Running: add_files -cflags  -I /home/alen/repo/zynq-7020-video-pipe-3/hw/video-pipe-hw-v5/hw_011223.gen/sources_1/bd/broncho_video/ip/broncho_video_v_proc_ss_0_1/bd_0/ip/ip_1/src/hls -I /home/alen/repo/zynq-7020-video-pipe-3/hw/video-pipe-hw-v5/hw_011223.gen/sources_1/bd/broncho_video/ip/broncho_video_v_proc_ss_0_1/bd_0/ip/ip_1/src  /home/alen/repo/zynq-7020-video-pipe-3/hw/video-pipe-hw-v5/hw_011223.gen/sources_1/bd/broncho_video/ip/broncho_video_v_proc_ss_0_1/bd_0/ip/ip_1/src/hls/hls_video_imgproc.h 
INFO: [HLS 200-10] Adding design file '/home/alen/repo/zynq-7020-video-pipe-3/hw/video-pipe-hw-v5/hw_011223.gen/sources_1/bd/broncho_video/ip/broncho_video_v_proc_ss_0_1/bd_0/ip/ip_1/src/hls/hls_video_imgproc.h' to the project
INFO: [HLS 200-1510] Running: add_files -cflags  -I /home/alen/repo/zynq-7020-video-pipe-3/hw/video-pipe-hw-v5/hw_011223.gen/sources_1/bd/broncho_video/ip/broncho_video_v_proc_ss_0_1/bd_0/ip/ip_1/src/hls -I /home/alen/repo/zynq-7020-video-pipe-3/hw/video-pipe-hw-v5/hw_011223.gen/sources_1/bd/broncho_video/ip/broncho_video_v_proc_ss_0_1/bd_0/ip/ip_1/src  /home/alen/repo/zynq-7020-video-pipe-3/hw/video-pipe-hw-v5/hw_011223.gen/sources_1/bd/broncho_video/ip/broncho_video_v_proc_ss_0_1/bd_0/ip/ip_1/src/hls/hls_video_io.h 
INFO: [HLS 200-10] Adding design file '/home/alen/repo/zynq-7020-video-pipe-3/hw/video-pipe-hw-v5/hw_011223.gen/sources_1/bd/broncho_video/ip/broncho_video_v_proc_ss_0_1/bd_0/ip/ip_1/src/hls/hls_video_io.h' to the project
INFO: [HLS 200-1510] Running: add_files -cflags  -I /home/alen/repo/zynq-7020-video-pipe-3/hw/video-pipe-hw-v5/hw_011223.gen/sources_1/bd/broncho_video/ip/broncho_video_v_proc_ss_0_1/bd_0/ip/ip_1/src/hls -I /home/alen/repo/zynq-7020-video-pipe-3/hw/video-pipe-hw-v5/hw_011223.gen/sources_1/bd/broncho_video/ip/broncho_video_v_proc_ss_0_1/bd_0/ip/ip_1/src  /home/alen/repo/zynq-7020-video-pipe-3/hw/video-pipe-hw-v5/hw_011223.gen/sources_1/bd/broncho_video/ip/broncho_video_v_proc_ss_0_1/bd_0/ip/ip_1/src/hls/hls_video_mem.h 
INFO: [HLS 200-10] Adding design file '/home/alen/repo/zynq-7020-video-pipe-3/hw/video-pipe-hw-v5/hw_011223.gen/sources_1/bd/broncho_video/ip/broncho_video_v_proc_ss_0_1/bd_0/ip/ip_1/src/hls/hls_video_mem.h' to the project
INFO: [HLS 200-1510] Running: add_files -cflags  -I /home/alen/repo/zynq-7020-video-pipe-3/hw/video-pipe-hw-v5/hw_011223.gen/sources_1/bd/broncho_video/ip/broncho_video_v_proc_ss_0_1/bd_0/ip/ip_1/src/hls -I /home/alen/repo/zynq-7020-video-pipe-3/hw/video-pipe-hw-v5/hw_011223.gen/sources_1/bd/broncho_video/ip/broncho_video_v_proc_ss_0_1/bd_0/ip/ip_1/src  /home/alen/repo/zynq-7020-video-pipe-3/hw/video-pipe-hw-v5/hw_011223.gen/sources_1/bd/broncho_video/ip/broncho_video_v_proc_ss_0_1/bd_0/ip/ip_1/src/hls/hls_video_stereobm.h 
INFO: [HLS 200-10] Adding design file '/home/alen/repo/zynq-7020-video-pipe-3/hw/video-pipe-hw-v5/hw_011223.gen/sources_1/bd/broncho_video/ip/broncho_video_v_proc_ss_0_1/bd_0/ip/ip_1/src/hls/hls_video_stereobm.h' to the project
INFO: [HLS 200-1510] Running: add_files -cflags  -I /home/alen/repo/zynq-7020-video-pipe-3/hw/video-pipe-hw-v5/hw_011223.gen/sources_1/bd/broncho_video/ip/broncho_video_v_proc_ss_0_1/bd_0/ip/ip_1/src/hls -I /home/alen/repo/zynq-7020-video-pipe-3/hw/video-pipe-hw-v5/hw_011223.gen/sources_1/bd/broncho_video/ip/broncho_video_v_proc_ss_0_1/bd_0/ip/ip_1/src  /home/alen/repo/zynq-7020-video-pipe-3/hw/video-pipe-hw-v5/hw_011223.gen/sources_1/bd/broncho_video/ip/broncho_video_v_proc_ss_0_1/bd_0/ip/ip_1/src/hls/hls_video_types.h 
INFO: [HLS 200-10] Adding design file '/home/alen/repo/zynq-7020-video-pipe-3/hw/video-pipe-hw-v5/hw_011223.gen/sources_1/bd/broncho_video/ip/broncho_video_v_proc_ss_0_1/bd_0/ip/ip_1/src/hls/hls_video_types.h' to the project
INFO: [HLS 200-1510] Running: add_files -cflags  -I /home/alen/repo/zynq-7020-video-pipe-3/hw/video-pipe-hw-v5/hw_011223.gen/sources_1/bd/broncho_video/ip/broncho_video_v_proc_ss_0_1/bd_0/ip/ip_1/src/hls -I /home/alen/repo/zynq-7020-video-pipe-3/hw/video-pipe-hw-v5/hw_011223.gen/sources_1/bd/broncho_video/ip/broncho_video_v_proc_ss_0_1/bd_0/ip/ip_1/src  /home/alen/repo/zynq-7020-video-pipe-3/hw/video-pipe-hw-v5/hw_011223.gen/sources_1/bd/broncho_video/ip/broncho_video_v_proc_ss_0_1/bd_0/ip/ip_1/src/hls/hls_video_undistort.h 
INFO: [HLS 200-10] Adding design file '/home/alen/repo/zynq-7020-video-pipe-3/hw/video-pipe-hw-v5/hw_011223.gen/sources_1/bd/broncho_video/ip/broncho_video_v_proc_ss_0_1/bd_0/ip/ip_1/src/hls/hls_video_undistort.h' to the project
INFO: [HLS 200-1510] Running: create_clock -period 7 -name ap_clk 
INFO: [SYN 201-201] Setting up clock 'ap_clk' with a period of 7ns.
INFO: [HLS 200-1510] Running: config_schedule -verbose 
WARNING: [HLS 200-484] The 'config_schedule -verbose' command is deprecated and will be removed in a future release.
INFO: [HLS 200-1510] Running: config_dataflow -default_channel fifo 
INFO: [XFORM 203-701] Set the default channel type in dataflow to FIFO.
INFO: [HLS 200-1510] Running: config_rtl -module_prefix bd_41e7_vsc_0_ 
INFO: [HLS 200-1510] Running: config_export -vendor xilinx.com -library ip -version 1.1 
INFO: [HLS 200-1510] Running: csynth_design 
INFO: [HLS 200-111] Finished File checks and directory preparation: CPU user time: 0.08 seconds. CPU system time: 0 seconds. Elapsed time: 0.08 seconds; current allocated memory: 190.242 MB.
INFO: [HLS 200-10] Analyzing design file '/home/alen/repo/zynq-7020-video-pipe-3/hw/video-pipe-hw-v5/hw_011223.gen/sources_1/bd/broncho_video/ip/broncho_video_v_proc_ss_0_1/bd_0/ip/ip_1/src/v_vscaler.cpp' ... 
WARNING: [HLS 214-114] Since the only kind of statements allowed in a canonical dataflow region are variable declarations and function calls, the compiler may not be able to correctly handle the region (/home/alen/repo/zynq-7020-video-pipe-3/hw/video-pipe-hw-v5/hw_011223.runs/bd_41e7_vsc_0_synth_1/prj/sol/.autopilot/db/v_vscaler.cpp:151:9)
Resolution: For help on HLS 214-114 see docs.xilinx.com/access/sources/dita/topic?Doc_Version=2023.2%20English&url=ug1448-hls-guidance&resourceid=214-114.html
WARNING: [HLS 214-169] There are a total of 8 such instances of non-canonical statements in the dataflow region (/home/alen/repo/zynq-7020-video-pipe-3/hw/video-pipe-hw-v5/hw_011223.runs/bd_41e7_vsc_0_synth_1/prj/sol/.autopilot/db/v_vscaler.cpp:151:9)
Resolution: For help on HLS 214-169 see docs.xilinx.com/access/sources/dita/topic?Doc_Version=2023.2%20English&url=ug1448-hls-guidance&resourceid=214-169.html
WARNING: [HLS 200-471] Dataflow form checks found 2 issue(s) in file /home/alen/repo/zynq-7020-video-pipe-3/hw/video-pipe-hw-v5/hw_011223.gen/sources_1/bd/broncho_video/ip/broncho_video_v_proc_ss_0_1/bd_0/ip/ip_1/src/v_vscaler.cpp
Resolution: For help on HLS 200-471 see docs.xilinx.com/access/sources/dita/topic?Doc_Version=2023.2%20English&url=ug1448-hls-guidance&resourceid=200-471.html
INFO: [HLS 200-111] Finished Source Code Analysis and Preprocessing: CPU user time: 26.83 seconds. CPU system time: 1.12 seconds. Elapsed time: 28.22 seconds; current allocated memory: 218.434 MB.
INFO: [HLS 200-777] Using interface defaults for 'Vivado' flow target.
INFO: [HLS 200-1995] There were 5,110 instructions in the design after the 'Compile/Link' phase of compilation. See the Design Size Report for more details: /home/alen/repo/zynq-7020-video-pipe-3/hw/video-pipe-hw-v5/hw_011223.runs/bd_41e7_vsc_0_synth_1/prj/sol/syn/report/csynth_design_size.rpt
INFO: [HLS 200-1995] There were 1,931 instructions in the design after the 'Unroll/Inline (step 1)' phase of compilation. See the Design Size Report for more details: /home/alen/repo/zynq-7020-video-pipe-3/hw/video-pipe-hw-v5/hw_011223.runs/bd_41e7_vsc_0_synth_1/prj/sol/syn/report/csynth_design_size.rpt
INFO: [HLS 200-1995] There were 1,234 instructions in the design after the 'Unroll/Inline (step 2)' phase of compilation. See the Design Size Report for more details: /home/alen/repo/zynq-7020-video-pipe-3/hw/video-pipe-hw-v5/hw_011223.runs/bd_41e7_vsc_0_synth_1/prj/sol/syn/report/csynth_design_size.rpt
INFO: [HLS 200-1995] There were 1,298 instructions in the design after the 'Unroll/Inline (step 3)' phase of compilation. See the Design Size Report for more details: /home/alen/repo/zynq-7020-video-pipe-3/hw/video-pipe-hw-v5/hw_011223.runs/bd_41e7_vsc_0_synth_1/prj/sol/syn/report/csynth_design_size.rpt
INFO: [HLS 200-1995] There were 1,265 instructions in the design after the 'Unroll/Inline (step 4)' phase of compilation. See the Design Size Report for more details: /home/alen/repo/zynq-7020-video-pipe-3/hw/video-pipe-hw-v5/hw_011223.runs/bd_41e7_vsc_0_synth_1/prj/sol/syn/report/csynth_design_size.rpt
INFO: [HLS 200-1995] There were 1,182 instructions in the design after the 'Array/Struct (step 1)' phase of compilation. See the Design Size Report for more details: /home/alen/repo/zynq-7020-video-pipe-3/hw/video-pipe-hw-v5/hw_011223.runs/bd_41e7_vsc_0_synth_1/prj/sol/syn/report/csynth_design_size.rpt
INFO: [HLS 200-1995] There were 1,035 instructions in the design after the 'Array/Struct (step 2)' phase of compilation. See the Design Size Report for more details: /home/alen/repo/zynq-7020-video-pipe-3/hw/video-pipe-hw-v5/hw_011223.runs/bd_41e7_vsc_0_synth_1/prj/sol/syn/report/csynth_design_size.rpt
INFO: [HLS 200-1995] There were 1,045 instructions in the design after the 'Array/Struct (step 3)' phase of compilation. See the Design Size Report for more details: /home/alen/repo/zynq-7020-video-pipe-3/hw/video-pipe-hw-v5/hw_011223.runs/bd_41e7_vsc_0_synth_1/prj/sol/syn/report/csynth_design_size.rpt
INFO: [HLS 200-1995] There were 1,177 instructions in the design after the 'Array/Struct (step 4)' phase of compilation. See the Design Size Report for more details: /home/alen/repo/zynq-7020-video-pipe-3/hw/video-pipe-hw-v5/hw_011223.runs/bd_41e7_vsc_0_synth_1/prj/sol/syn/report/csynth_design_size.rpt
INFO: [HLS 200-1995] There were 1,243 instructions in the design after the 'Array/Struct (step 5)' phase of compilation. See the Design Size Report for more details: /home/alen/repo/zynq-7020-video-pipe-3/hw/video-pipe-hw-v5/hw_011223.runs/bd_41e7_vsc_0_synth_1/prj/sol/syn/report/csynth_design_size.rpt
INFO: [HLS 200-1995] There were 1,244 instructions in the design after the 'Performance (step 1)' phase of compilation. See the Design Size Report for more details: /home/alen/repo/zynq-7020-video-pipe-3/hw/video-pipe-hw-v5/hw_011223.runs/bd_41e7_vsc_0_synth_1/prj/sol/syn/report/csynth_design_size.rpt
INFO: [HLS 200-1995] There were 1,222 instructions in the design after the 'Performance (step 2)' phase of compilation. See the Design Size Report for more details: /home/alen/repo/zynq-7020-video-pipe-3/hw/video-pipe-hw-v5/hw_011223.runs/bd_41e7_vsc_0_synth_1/prj/sol/syn/report/csynth_design_size.rpt
INFO: [HLS 200-1995] There were 1,149 instructions in the design after the 'Performance (step 3)' phase of compilation. See the Design Size Report for more details: /home/alen/repo/zynq-7020-video-pipe-3/hw/video-pipe-hw-v5/hw_011223.runs/bd_41e7_vsc_0_synth_1/prj/sol/syn/report/csynth_design_size.rpt
INFO: [HLS 200-1995] There were 1,149 instructions in the design after the 'Performance (step 4)' phase of compilation. See the Design Size Report for more details: /home/alen/repo/zynq-7020-video-pipe-3/hw/video-pipe-hw-v5/hw_011223.runs/bd_41e7_vsc_0_synth_1/prj/sol/syn/report/csynth_design_size.rpt
INFO: [HLS 200-1995] There were 1,105 instructions in the design after the 'HW Transforms (step 1)' phase of compilation. See the Design Size Report for more details: /home/alen/repo/zynq-7020-video-pipe-3/hw/video-pipe-hw-v5/hw_011223.runs/bd_41e7_vsc_0_synth_1/prj/sol/syn/report/csynth_design_size.rpt
INFO: [HLS 200-1995] There were 1,068 instructions in the design after the 'HW Transforms (step 2)' phase of compilation. See the Design Size Report for more details: /home/alen/repo/zynq-7020-video-pipe-3/hw/video-pipe-hw-v5/hw_011223.runs/bd_41e7_vsc_0_synth_1/prj/sol/syn/report/csynth_design_size.rpt
INFO: [HLS 214-131] Inlining function 'void hls::AXIGetBitFields<30, ap_uint<10> >(ap_uint<30>, int, int, ap_uint<10>&)' into 'void hls::AXIGetBitFields<30, ap_uint<10> >(hls::axis<ap_uint<30>, 1ul, 1ul, 1ul, (unsigned char)56, false>, int, int, ap_uint<10>&)' (/home/alen/repo/zynq-7020-video-pipe-3/hw/video-pipe-hw-v5/hw_011223.gen/sources_1/bd/broncho_video/ip/broncho_video_v_proc_ss_0_1/bd_0/ip/ip_1/src/hls/hls_axi_io.h:85:2)
INFO: [HLS 214-131] Inlining function 'hls::Scalar<3, ap_uint<10> >::Scalar()' into 'AXIvideo2MultiPixStream(hls::stream<hls::axis<ap_uint<30>, 1ul, 1ul, 1ul, (unsigned char)56, false>, 0>&, hls::stream<hls::Scalar<3, ap_uint<10> >, 0>&, unsigned short&, unsigned short&, unsigned char&)' (/home/alen/repo/zynq-7020-video-pipe-3/hw/video-pipe-hw-v5/hw_011223.runs/bd_41e7_vsc_0_synth_1/prj/sol/.autopilot/db/v_vscaler.cpp:793:18)
INFO: [HLS 214-131] Inlining function 'void hls::AXIGetBitFields<30, ap_uint<10> >(hls::axis<ap_uint<30>, 1ul, 1ul, 1ul, (unsigned char)56, false>, int, int, ap_uint<10>&)' into 'AXIvideo2MultiPixStream(hls::stream<hls::axis<ap_uint<30>, 1ul, 1ul, 1ul, (unsigned char)56, false>, 0>&, hls::stream<hls::Scalar<3, ap_uint<10> >, 0>&, unsigned short&, unsigned short&, unsigned char&)' (/home/alen/repo/zynq-7020-video-pipe-3/hw/video-pipe-hw-v5/hw_011223.runs/bd_41e7_vsc_0_synth_1/prj/sol/.autopilot/db/v_vscaler.cpp:853:7)
INFO: [HLS 214-131] Inlining function 'void hls::AXIGetBitFields<30, ap_uint<10> >(hls::axis<ap_uint<30>, 1ul, 1ul, 1ul, (unsigned char)56, false>, int, int, ap_uint<10>&)' into 'AXIvideo2MultiPixStream(hls::stream<hls::axis<ap_uint<30>, 1ul, 1ul, 1ul, (unsigned char)56, false>, 0>&, hls::stream<hls::Scalar<3, ap_uint<10> >, 0>&, unsigned short&, unsigned short&, unsigned char&)' (/home/alen/repo/zynq-7020-video-pipe-3/hw/video-pipe-hw-v5/hw_011223.runs/bd_41e7_vsc_0_synth_1/prj/sol/.autopilot/db/v_vscaler.cpp:849:7)
INFO: [HLS 214-131] Inlining function 'void hls::AXIGetBitFields<30, ap_uint<10> >(hls::axis<ap_uint<30>, 1ul, 1ul, 1ul, (unsigned char)56, false>, int, int, ap_uint<10>&)' into 'AXIvideo2MultiPixStream(hls::stream<hls::axis<ap_uint<30>, 1ul, 1ul, 1ul, (unsigned char)56, false>, 0>&, hls::stream<hls::Scalar<3, ap_uint<10> >, 0>&, unsigned short&, unsigned short&, unsigned char&)' (/home/alen/repo/zynq-7020-video-pipe-3/hw/video-pipe-hw-v5/hw_011223.runs/bd_41e7_vsc_0_synth_1/prj/sol/.autopilot/db/v_vscaler.cpp:845:7)
INFO: [HLS 214-131] Inlining function 'hls::LineBuffer<2, 1920, ap_uint<10>, 0>::insert_top_row(ap_uint<10>, int)' into 'hls::LineBuffer<2, 1920, ap_uint<10>, 0>::insert_bottom(ap_uint<10>, int)' (/home/alen/repo/zynq-7020-video-pipe-3/hw/video-pipe-hw-v5/hw_011223.gen/sources_1/bd/broncho_video/ip/broncho_video_v_proc_ss_0_1/bd_0/ip/ip_1/src/hls/hls_video_mem.h:888:2)
INFO: [HLS 214-131] Inlining function 'hls::LineBuffer<3, 1920, ap_uint<10>, 0>::insert_top_row(ap_uint<10>, int)' into 'hls::LineBuffer<3, 1920, ap_uint<10>, 0>::insert_bottom(ap_uint<10>, int)' (/home/alen/repo/zynq-7020-video-pipe-3/hw/video-pipe-hw-v5/hw_011223.gen/sources_1/bd/broncho_video/ip/broncho_video_v_proc_ss_0_1/bd_0/ip/ip_1/src/hls/hls_video_mem.h:888:2)
INFO: [HLS 214-131] Inlining function 'hls::Scalar<3, ap_uint<10> >::Scalar()' into 'v_vcresampler_core(hls::stream<hls::Scalar<3, ap_uint<10> >, 0>&, unsigned short&, unsigned short&, unsigned char&, unsigned char&, hls::stream<hls::Scalar<3, ap_uint<10> >, 0>&)' (/home/alen/repo/zynq-7020-video-pipe-3/hw/video-pipe-hw-v5/hw_011223.runs/bd_41e7_vsc_0_synth_1/prj/sol/.autopilot/db/v_vscaler.cpp:1023:18)
INFO: [HLS 214-131] Inlining function 'hls::LineBuffer<3, 1920, ap_uint<10>, 0>::getval(int, int)' into 'v_vcresampler_core(hls::stream<hls::Scalar<3, ap_uint<10> >, 0>&, unsigned short&, unsigned short&, unsigned char&, unsigned char&, hls::stream<hls::Scalar<3, ap_uint<10> >, 0>&)' (/home/alen/repo/zynq-7020-video-pipe-3/hw/video-pipe-hw-v5/hw_011223.runs/bd_41e7_vsc_0_synth_1/prj/sol/.autopilot/db/v_vscaler.cpp:1171:46)
INFO: [HLS 214-131] Inlining function 'hls::Scalar<1, ap_uint<10> >::Scalar()' into 'v_vcresampler_core(hls::stream<hls::Scalar<3, ap_uint<10> >, 0>&, unsigned short&, unsigned short&, unsigned char&, unsigned char&, hls::stream<hls::Scalar<3, ap_uint<10> >, 0>&)' (/home/alen/repo/zynq-7020-video-pipe-3/hw/video-pipe-hw-v5/hw_011223.runs/bd_41e7_vsc_0_synth_1/prj/sol/.autopilot/db/v_vscaler.cpp:1156:20)
INFO: [HLS 214-131] Inlining function 'hls::LineBuffer<3, 1920, ap_uint<10>, 0>::insert_bottom(ap_uint<10>, int)' into 'v_vcresampler_core(hls::stream<hls::Scalar<3, ap_uint<10> >, 0>&, unsigned short&, unsigned short&, unsigned char&, unsigned char&, hls::stream<hls::Scalar<3, ap_uint<10> >, 0>&)' (/home/alen/repo/zynq-7020-video-pipe-3/hw/video-pipe-hw-v5/hw_011223.runs/bd_41e7_vsc_0_synth_1/prj/sol/.autopilot/db/v_vscaler.cpp:1145:16)
INFO: [HLS 214-131] Inlining function 'hls::LineBuffer<3, 1920, ap_uint<10>, 0>::getval(int, int)' into 'v_vcresampler_core(hls::stream<hls::Scalar<3, ap_uint<10> >, 0>&, unsigned short&, unsigned short&, unsigned char&, unsigned char&, hls::stream<hls::Scalar<3, ap_uint<10> >, 0>&)' (/home/alen/repo/zynq-7020-video-pipe-3/hw/video-pipe-hw-v5/hw_011223.runs/bd_41e7_vsc_0_synth_1/prj/sol/.autopilot/db/v_vscaler.cpp:1119:45)
INFO: [HLS 214-131] Inlining function 'hls::Scalar<1, ap_uint<10> >::Scalar()' into 'v_vcresampler_core(hls::stream<hls::Scalar<3, ap_uint<10> >, 0>&, unsigned short&, unsigned short&, unsigned char&, unsigned char&, hls::stream<hls::Scalar<3, ap_uint<10> >, 0>&)' (/home/alen/repo/zynq-7020-video-pipe-3/hw/video-pipe-hw-v5/hw_011223.runs/bd_41e7_vsc_0_synth_1/prj/sol/.autopilot/db/v_vscaler.cpp:1118:19)
INFO: [HLS 214-131] Inlining function 'hls::Scalar<1, ap_uint<10> >::Scalar()' into 'v_vcresampler_core(hls::stream<hls::Scalar<3, ap_uint<10> >, 0>&, unsigned short&, unsigned short&, unsigned char&, unsigned char&, hls::stream<hls::Scalar<3, ap_uint<10> >, 0>&)' (/home/alen/repo/zynq-7020-video-pipe-3/hw/video-pipe-hw-v5/hw_011223.runs/bd_41e7_vsc_0_synth_1/prj/sol/.autopilot/db/v_vscaler.cpp:1099:19)
INFO: [HLS 214-131] Inlining function 'hls::LineBuffer<2, 1920, ap_uint<10>, 0>::insert_bottom(ap_uint<10>, int)' into 'v_vcresampler_core(hls::stream<hls::Scalar<3, ap_uint<10> >, 0>&, unsigned short&, unsigned short&, unsigned char&, unsigned char&, hls::stream<hls::Scalar<3, ap_uint<10> >, 0>&)' (/home/alen/repo/zynq-7020-video-pipe-3/hw/video-pipe-hw-v5/hw_011223.runs/bd_41e7_vsc_0_synth_1/prj/sol/.autopilot/db/v_vscaler.cpp:1092:14)
INFO: [HLS 214-131] Inlining function 'hls::LineBuffer<2, 1920, ap_uint<10>, 0>::getval(int, int)' into 'v_vcresampler_core(hls::stream<hls::Scalar<3, ap_uint<10> >, 0>&, unsigned short&, unsigned short&, unsigned char&, unsigned char&, hls::stream<hls::Scalar<3, ap_uint<10> >, 0>&)' (/home/alen/repo/zynq-7020-video-pipe-3/hw/video-pipe-hw-v5/hw_011223.runs/bd_41e7_vsc_0_synth_1/prj/sol/.autopilot/db/v_vscaler.cpp:1081:45)
INFO: [HLS 214-131] Inlining function 'hls::LineBuffer<3, 1920, ap_uint<10>, 0>::LineBuffer()' into 'v_vcresampler_core(hls::stream<hls::Scalar<3, ap_uint<10> >, 0>&, unsigned short&, unsigned short&, unsigned char&, unsigned char&, hls::stream<hls::Scalar<3, ap_uint<10> >, 0>&)' (/home/alen/repo/zynq-7020-video-pipe-3/hw/video-pipe-hw-v5/hw_011223.runs/bd_41e7_vsc_0_synth_1/prj/sol/.autopilot/db/v_vscaler.cpp:1033:16)
INFO: [HLS 214-131] Inlining function 'hls::LineBuffer<2, 1920, ap_uint<10>, 0>::LineBuffer()' into 'v_vcresampler_core(hls::stream<hls::Scalar<3, ap_uint<10> >, 0>&, unsigned short&, unsigned short&, unsigned char&, unsigned char&, hls::stream<hls::Scalar<3, ap_uint<10> >, 0>&)' (/home/alen/repo/zynq-7020-video-pipe-3/hw/video-pipe-hw-v5/hw_011223.runs/bd_41e7_vsc_0_synth_1/prj/sol/.autopilot/db/v_vscaler.cpp:1032:16)
INFO: [HLS 214-131] Inlining function 'hls::Scalar<1, ap_uint<10> >::Scalar()' into 'v_vcresampler_core(hls::stream<hls::Scalar<3, ap_uint<10> >, 0>&, unsigned short&, unsigned short&, unsigned char&, unsigned char&, hls::stream<hls::Scalar<3, ap_uint<10> >, 0>&)' (/home/alen/repo/zynq-7020-video-pipe-3/hw/video-pipe-hw-v5/hw_011223.runs/bd_41e7_vsc_0_synth_1/prj/sol/.autopilot/db/v_vscaler.cpp:1029:16)
INFO: [HLS 214-131] Inlining function 'hls::Scalar<1, ap_uint<10> >::Scalar()' into 'v_vcresampler_core(hls::stream<hls::Scalar<3, ap_uint<10> >, 0>&, unsigned short&, unsigned short&, unsigned char&, unsigned char&, hls::stream<hls::Scalar<3, ap_uint<10> >, 0>&)' (/home/alen/repo/zynq-7020-video-pipe-3/hw/video-pipe-hw-v5/hw_011223.runs/bd_41e7_vsc_0_synth_1/prj/sol/.autopilot/db/v_vscaler.cpp:1028:16)
INFO: [HLS 214-131] Inlining function 'hls::Scalar<1, ap_uint<10> >::Scalar()' into 'v_vcresampler_core(hls::stream<hls::Scalar<3, ap_uint<10> >, 0>&, unsigned short&, unsigned short&, unsigned char&, unsigned char&, hls::stream<hls::Scalar<3, ap_uint<10> >, 0>&)' (/home/alen/repo/zynq-7020-video-pipe-3/hw/video-pipe-hw-v5/hw_011223.runs/bd_41e7_vsc_0_synth_1/prj/sol/.autopilot/db/v_vscaler.cpp:1026:16)
INFO: [HLS 214-131] Inlining function 'hls::Scalar<1, ap_uint<10> >::Scalar()' into 'v_vcresampler_core(hls::stream<hls::Scalar<3, ap_uint<10> >, 0>&, unsigned short&, unsigned short&, unsigned char&, unsigned char&, hls::stream<hls::Scalar<3, ap_uint<10> >, 0>&)' (/home/alen/repo/zynq-7020-video-pipe-3/hw/video-pipe-hw-v5/hw_011223.runs/bd_41e7_vsc_0_synth_1/prj/sol/.autopilot/db/v_vscaler.cpp:1025:16)
INFO: [HLS 214-131] Inlining function 'hls::Scalar<3, ap_uint<10> >::Scalar()' into 'v_vcresampler_core(hls::stream<hls::Scalar<3, ap_uint<10> >, 0>&, unsigned short&, unsigned short&, unsigned char&, unsigned char&, hls::stream<hls::Scalar<3, ap_uint<10> >, 0>&)' (/home/alen/repo/zynq-7020-video-pipe-3/hw/video-pipe-hw-v5/hw_011223.runs/bd_41e7_vsc_0_synth_1/prj/sol/.autopilot/db/v_vscaler.cpp:1024:18)
INFO: [HLS 214-131] Inlining function 'hls::LineBuffer<6, 1920, ap_uint<30>, 0>::insert_top_row(ap_uint<30>, int)' into 'hls::LineBuffer<6, 1920, ap_uint<30>, 0>::insert_bottom(ap_uint<30>, int)' (/home/alen/repo/zynq-7020-video-pipe-3/hw/video-pipe-hw-v5/hw_011223.gen/sources_1/bd/broncho_video/ip/broncho_video_v_proc_ss_0_1/bd_0/ip/ip_1/src/hls/hls_video_mem.h:888:2)
INFO: [HLS 214-131] Inlining function 'hls::Scalar<3, ap_uint<10> >::Scalar()' into 'vscale_core_polyphase(hls::stream<hls::Scalar<3, ap_uint<10> >, 0>&, unsigned short&, unsigned short&, unsigned short&, unsigned int&, short (*) [6], hls::stream<hls::Scalar<3, ap_uint<10> >, 0>&)' (/home/alen/repo/zynq-7020-video-pipe-3/hw/video-pipe-hw-v5/hw_011223.runs/bd_41e7_vsc_0_synth_1/prj/sol/.autopilot/db/v_vscaler.cpp:211:18)
INFO: [HLS 214-131] Inlining function 'vscale_polyphase(short (*) [6], hls::Scalar<3, ap_uint<10> >*, unsigned char, hls::Scalar<3, ap_uint<10> >*)' into 'vscale_core_polyphase(hls::stream<hls::Scalar<3, ap_uint<10> >, 0>&, unsigned short&, unsigned short&, unsigned short&, unsigned int&, short (*) [6], hls::stream<hls::Scalar<3, ap_uint<10> >, 0>&)' (/home/alen/repo/zynq-7020-video-pipe-3/hw/video-pipe-hw-v5/hw_011223.runs/bd_41e7_vsc_0_synth_1/prj/sol/.autopilot/db/v_vscaler.cpp:371:5)
INFO: [HLS 214-131] Inlining function 'hls::Scalar<3, ap_uint<10> >::Scalar()' into 'vscale_core_polyphase(hls::stream<hls::Scalar<3, ap_uint<10> >, 0>&, unsigned short&, unsigned short&, unsigned short&, unsigned int&, short (*) [6], hls::stream<hls::Scalar<3, ap_uint<10> >, 0>&)' (/home/alen/repo/zynq-7020-video-pipe-3/hw/video-pipe-hw-v5/hw_011223.runs/bd_41e7_vsc_0_synth_1/prj/sol/.autopilot/db/v_vscaler.cpp:346:22)
INFO: [HLS 214-131] Inlining function 'hls::LineBuffer<6, 1920, ap_uint<30>, 0>::insert_bottom(ap_uint<30>, int)' into 'vscale_core_polyphase(hls::stream<hls::Scalar<3, ap_uint<10> >, 0>&, unsigned short&, unsigned short&, unsigned short&, unsigned int&, short (*) [6], hls::stream<hls::Scalar<3, ap_uint<10> >, 0>&)' (/home/alen/repo/zynq-7020-video-pipe-3/hw/video-pipe-hw-v5/hw_011223.runs/bd_41e7_vsc_0_synth_1/prj/sol/.autopilot/db/v_vscaler.cpp:339:14)
INFO: [HLS 214-131] Inlining function 'hls::LineBuffer<6, 1920, ap_uint<30>, 0>::getval(int, int)' into 'vscale_core_polyphase(hls::stream<hls::Scalar<3, ap_uint<10> >, 0>&, unsigned short&, unsigned short&, unsigned short&, unsigned int&, short (*) [6], hls::stream<hls::Scalar<3, ap_uint<10> >, 0>&)' (/home/alen/repo/zynq-7020-video-pipe-3/hw/video-pipe-hw-v5/hw_011223.runs/bd_41e7_vsc_0_synth_1/prj/sol/.autopilot/db/v_vscaler.cpp:309:41)
INFO: [HLS 214-131] Inlining function 'hls::LineBuffer<6, 1920, ap_uint<30>, 0>::LineBuffer()' into 'vscale_core_polyphase(hls::stream<hls::Scalar<3, ap_uint<10> >, 0>&, unsigned short&, unsigned short&, unsigned short&, unsigned int&, short (*) [6], hls::stream<hls::Scalar<3, ap_uint<10> >, 0>&)' (/home/alen/repo/zynq-7020-video-pipe-3/hw/video-pipe-hw-v5/hw_011223.runs/bd_41e7_vsc_0_synth_1/prj/sol/.autopilot/db/v_vscaler.cpp:214:18)
INFO: [HLS 214-131] Inlining function 'hls::Scalar<3, ap_uint<10> >::Scalar()' into 'vscale_core_polyphase(hls::stream<hls::Scalar<3, ap_uint<10> >, 0>&, unsigned short&, unsigned short&, unsigned short&, unsigned int&, short (*) [6], hls::stream<hls::Scalar<3, ap_uint<10> >, 0>&)' (/home/alen/repo/zynq-7020-video-pipe-3/hw/video-pipe-hw-v5/hw_011223.runs/bd_41e7_vsc_0_synth_1/prj/sol/.autopilot/db/v_vscaler.cpp:212:18)
INFO: [HLS 214-131] Inlining function 'hls::Scalar<3, ap_uint<10> >::Scalar()' into 'vscale_core_polyphase(hls::stream<hls::Scalar<3, ap_uint<10> >, 0>&, unsigned short&, unsigned short&, unsigned short&, unsigned int&, short (*) [6], hls::stream<hls::Scalar<3, ap_uint<10> >, 0>&)' (/home/alen/repo/zynq-7020-video-pipe-3/hw/video-pipe-hw-v5/hw_011223.runs/bd_41e7_vsc_0_synth_1/prj/sol/.autopilot/db/v_vscaler.cpp:211:26)
INFO: [HLS 214-131] Inlining function 'hls::Scalar<3, ap_uint<10> >::Scalar()' into 'MultiPixStream2AXIvideo(hls::stream<hls::Scalar<3, ap_uint<10> >, 0>&, hls::stream<hls::axis<ap_uint<30>, 1ul, 1ul, 1ul, (unsigned char)56, false>, 0>&, unsigned short&, unsigned short&, unsigned char&)' (/home/alen/repo/zynq-7020-video-pipe-3/hw/video-pipe-hw-v5/hw_011223.runs/bd_41e7_vsc_0_synth_1/prj/sol/.autopilot/db/v_vscaler.cpp:887:18)
WARNING: [HLS 214-340] The resource pragma (bind_storage) on top-level function argument, in 'call' is unsupported, please use INTERFACE pragma instead (/home/alen/repo/zynq-7020-video-pipe-3/hw/video-pipe-hw-v5/hw_011223.runs/bd_41e7_vsc_0_synth_1/prj/sol/.autopilot/db/v_vscaler.cpp:130:9)
INFO: [HLS 214-377] Adding 'pix' into disaggregation list because there's array-partition pragma applied on the struct field (/home/alen/repo/zynq-7020-video-pipe-3/hw/video-pipe-hw-v5/hw_011223.gen/sources_1/bd/broncho_video/ip/broncho_video_v_proc_ss_0_1/bd_0/ip/ip_1/src/hls/hls_video_core.h:198:9)
INFO: [HLS 214-377] Adding 'OutPix' into disaggregation list because there's array-partition pragma applied on the struct field (/home/alen/repo/zynq-7020-video-pipe-3/hw/video-pipe-hw-v5/hw_011223.gen/sources_1/bd/broncho_video/ip/broncho_video_v_proc_ss_0_1/bd_0/ip/ip_1/src/hls/hls_video_core.h:198:9)
INFO: [HLS 214-377] Adding 'PixArray' into disaggregation list because there's array-partition pragma applied on the struct field (/home/alen/repo/zynq-7020-video-pipe-3/hw/video-pipe-hw-v5/hw_011223.gen/sources_1/bd/broncho_video/ip/broncho_video_v_proc_ss_0_1/bd_0/ip/ip_1/src/hls/hls_video_core.h:198:9)
INFO: [HLS 214-377] Adding 'LineBuf' into disaggregation list because there's array-partition pragma applied on the struct field (/home/alen/repo/zynq-7020-video-pipe-3/hw/video-pipe-hw-v5/hw_011223.gen/sources_1/bd/broncho_video/ip/broncho_video_v_proc_ss_0_1/bd_0/ip/ip_1/src/hls/hls_video_mem.h:639:9)
INFO: [HLS 214-377] Adding 'PixArrayVal' into disaggregation list because there's array-partition pragma applied on the struct field (/home/alen/repo/zynq-7020-video-pipe-3/hw/video-pipe-hw-v5/hw_011223.gen/sources_1/bd/broncho_video/ip/broncho_video_v_proc_ss_0_1/bd_0/ip/ip_1/src/hls/hls_video_core.h:198:9)
INFO: [HLS 214-377] Adding 'SrcPix' into disaggregation list because there's array-partition pragma applied on the struct field (/home/alen/repo/zynq-7020-video-pipe-3/hw/video-pipe-hw-v5/hw_011223.gen/sources_1/bd/broncho_video/ip/broncho_video_v_proc_ss_0_1/bd_0/ip/ip_1/src/hls/hls_video_core.h:198:9)
INFO: [HLS 214-377] Adding 'outpix' into disaggregation list because there's array-partition pragma applied on the struct field (/home/alen/repo/zynq-7020-video-pipe-3/hw/video-pipe-hw-v5/hw_011223.gen/sources_1/bd/broncho_video/ip/broncho_video_v_proc_ss_0_1/bd_0/ip/ip_1/src/hls/hls_video_core.h:198:9)
INFO: [HLS 214-377] Adding 'mpix_y' into disaggregation list because there's array-partition pragma applied on the struct field (/home/alen/repo/zynq-7020-video-pipe-3/hw/video-pipe-hw-v5/hw_011223.gen/sources_1/bd/broncho_video/ip/broncho_video_v_proc_ss_0_1/bd_0/ip/ip_1/src/hls/hls_video_core.h:198:9)
INFO: [HLS 214-377] Adding 'mpix_c' into disaggregation list because there's array-partition pragma applied on the struct field (/home/alen/repo/zynq-7020-video-pipe-3/hw/video-pipe-hw-v5/hw_011223.gen/sources_1/bd/broncho_video/ip/broncho_video_v_proc_ss_0_1/bd_0/ip/ip_1/src/hls/hls_video_core.h:198:9)
INFO: [HLS 214-377] Adding 'pixbuf_y' into disaggregation list because there's array-partition pragma applied on the struct field (/home/alen/repo/zynq-7020-video-pipe-3/hw/video-pipe-hw-v5/hw_011223.gen/sources_1/bd/broncho_video/ip/broncho_video_v_proc_ss_0_1/bd_0/ip/ip_1/src/hls/hls_video_core.h:198:9)
INFO: [HLS 214-377] Adding 'pixbuf_c' into disaggregation list because there's array-partition pragma applied on the struct field (/home/alen/repo/zynq-7020-video-pipe-3/hw/video-pipe-hw-v5/hw_011223.gen/sources_1/bd/broncho_video/ip/broncho_video_v_proc_ss_0_1/bd_0/ip/ip_1/src/hls/hls_video_core.h:198:9)
INFO: [HLS 214-377] Adding 'linebuf_y' into disaggregation list because there's array-partition pragma applied on the struct field (/home/alen/repo/zynq-7020-video-pipe-3/hw/video-pipe-hw-v5/hw_011223.gen/sources_1/bd/broncho_video/ip/broncho_video_v_proc_ss_0_1/bd_0/ip/ip_1/src/hls/hls_video_mem.h:639:9)
INFO: [HLS 214-377] Adding 'linebuf_c' into disaggregation list because there's array-partition pragma applied on the struct field (/home/alen/repo/zynq-7020-video-pipe-3/hw/video-pipe-hw-v5/hw_011223.gen/sources_1/bd/broncho_video/ip/broncho_video_v_proc_ss_0_1/bd_0/ip/ip_1/src/hls/hls_video_mem.h:639:9)
INFO: [HLS 214-377] Adding 'PixBufVal' into disaggregation list because there's array-partition pragma applied on the struct field (/home/alen/repo/zynq-7020-video-pipe-3/hw/video-pipe-hw-v5/hw_011223.gen/sources_1/bd/broncho_video/ip/broncho_video_v_proc_ss_0_1/bd_0/ip/ip_1/src/hls/hls_video_core.h:198:9)
INFO: [HLS 214-377] Adding 'CBufVal' into disaggregation list because there's array-partition pragma applied on the struct field (/home/alen/repo/zynq-7020-video-pipe-3/hw/video-pipe-hw-v5/hw_011223.gen/sources_1/bd/broncho_video/ip/broncho_video_v_proc_ss_0_1/bd_0/ip/ip_1/src/hls/hls_video_core.h:198:9)
INFO: [HLS 214-377] Adding 'PixBufVal223' into disaggregation list because there's array-partition pragma applied on the struct field (/home/alen/repo/zynq-7020-video-pipe-3/hw/video-pipe-hw-v5/hw_011223.gen/sources_1/bd/broncho_video/ip/broncho_video_v_proc_ss_0_1/bd_0/ip/ip_1/src/hls/hls_video_core.h:198:9)
INFO: [HLS 214-210] Disaggregating variable 'pix' (/home/alen/repo/zynq-7020-video-pipe-3/hw/video-pipe-hw-v5/hw_011223.runs/bd_41e7_vsc_0_synth_1/prj/sol/.autopilot/db/v_vscaler.cpp:793:18)
Resolution: For help on HLS 214-210 see docs.xilinx.com/access/sources/dita/topic?Doc_Version=2023.2%20English&url=ug1448-hls-guidance&resourceid=214-210.html
INFO: [HLS 214-210] Disaggregating variable 'PixBufVal223' (/home/alen/repo/zynq-7020-video-pipe-3/hw/video-pipe-hw-v5/hw_011223.runs/bd_41e7_vsc_0_synth_1/prj/sol/.autopilot/db/v_vscaler.cpp:1156:20)
Resolution: For help on HLS 214-210 see docs.xilinx.com/access/sources/dita/topic?Doc_Version=2023.2%20English&url=ug1448-hls-guidance&resourceid=214-210.html
INFO: [HLS 214-210] Disaggregating variable 'CBufVal' (/home/alen/repo/zynq-7020-video-pipe-3/hw/video-pipe-hw-v5/hw_011223.runs/bd_41e7_vsc_0_synth_1/prj/sol/.autopilot/db/v_vscaler.cpp:1118:19)
Resolution: For help on HLS 214-210 see docs.xilinx.com/access/sources/dita/topic?Doc_Version=2023.2%20English&url=ug1448-hls-guidance&resourceid=214-210.html
INFO: [HLS 214-210] Disaggregating variable 'PixBufVal' (/home/alen/repo/zynq-7020-video-pipe-3/hw/video-pipe-hw-v5/hw_011223.runs/bd_41e7_vsc_0_synth_1/prj/sol/.autopilot/db/v_vscaler.cpp:1099:19)
Resolution: For help on HLS 214-210 see docs.xilinx.com/access/sources/dita/topic?Doc_Version=2023.2%20English&url=ug1448-hls-guidance&resourceid=214-210.html
INFO: [HLS 214-210] Disaggregating variable 'linebuf_c' (/home/alen/repo/zynq-7020-video-pipe-3/hw/video-pipe-hw-v5/hw_011223.runs/bd_41e7_vsc_0_synth_1/prj/sol/.autopilot/db/v_vscaler.cpp:1033:16)
Resolution: For help on HLS 214-210 see docs.xilinx.com/access/sources/dita/topic?Doc_Version=2023.2%20English&url=ug1448-hls-guidance&resourceid=214-210.html
INFO: [HLS 214-210] Disaggregating variable 'linebuf_y' (/home/alen/repo/zynq-7020-video-pipe-3/hw/video-pipe-hw-v5/hw_011223.runs/bd_41e7_vsc_0_synth_1/prj/sol/.autopilot/db/v_vscaler.cpp:1032:16)
Resolution: For help on HLS 214-210 see docs.xilinx.com/access/sources/dita/topic?Doc_Version=2023.2%20English&url=ug1448-hls-guidance&resourceid=214-210.html
INFO: [HLS 214-210] Disaggregating variable 'pixbuf_c' (/home/alen/repo/zynq-7020-video-pipe-3/hw/video-pipe-hw-v5/hw_011223.runs/bd_41e7_vsc_0_synth_1/prj/sol/.autopilot/db/v_vscaler.cpp:1029:16)
Resolution: For help on HLS 214-210 see docs.xilinx.com/access/sources/dita/topic?Doc_Version=2023.2%20English&url=ug1448-hls-guidance&resourceid=214-210.html
INFO: [HLS 214-210] Disaggregating variable 'pixbuf_y' (/home/alen/repo/zynq-7020-video-pipe-3/hw/video-pipe-hw-v5/hw_011223.runs/bd_41e7_vsc_0_synth_1/prj/sol/.autopilot/db/v_vscaler.cpp:1028:16)
Resolution: For help on HLS 214-210 see docs.xilinx.com/access/sources/dita/topic?Doc_Version=2023.2%20English&url=ug1448-hls-guidance&resourceid=214-210.html
INFO: [HLS 214-210] Disaggregating variable 'mpix_c' (/home/alen/repo/zynq-7020-video-pipe-3/hw/video-pipe-hw-v5/hw_011223.runs/bd_41e7_vsc_0_synth_1/prj/sol/.autopilot/db/v_vscaler.cpp:1026:16)
Resolution: For help on HLS 214-210 see docs.xilinx.com/access/sources/dita/topic?Doc_Version=2023.2%20English&url=ug1448-hls-guidance&resourceid=214-210.html
INFO: [HLS 214-210] Disaggregating variable 'mpix_y' (/home/alen/repo/zynq-7020-video-pipe-3/hw/video-pipe-hw-v5/hw_011223.runs/bd_41e7_vsc_0_synth_1/prj/sol/.autopilot/db/v_vscaler.cpp:1025:16)
Resolution: For help on HLS 214-210 see docs.xilinx.com/access/sources/dita/topic?Doc_Version=2023.2%20English&url=ug1448-hls-guidance&resourceid=214-210.html
INFO: [HLS 214-210] Disaggregating variable 'outpix' (/home/alen/repo/zynq-7020-video-pipe-3/hw/video-pipe-hw-v5/hw_011223.runs/bd_41e7_vsc_0_synth_1/prj/sol/.autopilot/db/v_vscaler.cpp:1024:18)
Resolution: For help on HLS 214-210 see docs.xilinx.com/access/sources/dita/topic?Doc_Version=2023.2%20English&url=ug1448-hls-guidance&resourceid=214-210.html
INFO: [HLS 214-210] Disaggregating variable 'pix' (/home/alen/repo/zynq-7020-video-pipe-3/hw/video-pipe-hw-v5/hw_011223.runs/bd_41e7_vsc_0_synth_1/prj/sol/.autopilot/db/v_vscaler.cpp:1023:18)
Resolution: For help on HLS 214-210 see docs.xilinx.com/access/sources/dita/topic?Doc_Version=2023.2%20English&url=ug1448-hls-guidance&resourceid=214-210.html
INFO: [HLS 214-210] Disaggregating variable 'PixArrayVal' (/home/alen/repo/zynq-7020-video-pipe-3/hw/video-pipe-hw-v5/hw_011223.runs/bd_41e7_vsc_0_synth_1/prj/sol/.autopilot/db/v_vscaler.cpp:346:22)
Resolution: For help on HLS 214-210 see docs.xilinx.com/access/sources/dita/topic?Doc_Version=2023.2%20English&url=ug1448-hls-guidance&resourceid=214-210.html
INFO: [HLS 214-210] Disaggregating variable 'LineBuf' (/home/alen/repo/zynq-7020-video-pipe-3/hw/video-pipe-hw-v5/hw_011223.runs/bd_41e7_vsc_0_synth_1/prj/sol/.autopilot/db/v_vscaler.cpp:214:18)
Resolution: For help on HLS 214-210 see docs.xilinx.com/access/sources/dita/topic?Doc_Version=2023.2%20English&url=ug1448-hls-guidance&resourceid=214-210.html
INFO: [HLS 214-210] Disaggregating variable 'PixArray' (/home/alen/repo/zynq-7020-video-pipe-3/hw/video-pipe-hw-v5/hw_011223.runs/bd_41e7_vsc_0_synth_1/prj/sol/.autopilot/db/v_vscaler.cpp:212:18)
Resolution: For help on HLS 214-210 see docs.xilinx.com/access/sources/dita/topic?Doc_Version=2023.2%20English&url=ug1448-hls-guidance&resourceid=214-210.html
INFO: [HLS 214-210] Disaggregating variable 'OutPix' (/home/alen/repo/zynq-7020-video-pipe-3/hw/video-pipe-hw-v5/hw_011223.runs/bd_41e7_vsc_0_synth_1/prj/sol/.autopilot/db/v_vscaler.cpp:211:26)
Resolution: For help on HLS 214-210 see docs.xilinx.com/access/sources/dita/topic?Doc_Version=2023.2%20English&url=ug1448-hls-guidance&resourceid=214-210.html
INFO: [HLS 214-210] Disaggregating variable 'SrcPix' (/home/alen/repo/zynq-7020-video-pipe-3/hw/video-pipe-hw-v5/hw_011223.runs/bd_41e7_vsc_0_synth_1/prj/sol/.autopilot/db/v_vscaler.cpp:211:18)
Resolution: For help on HLS 214-210 see docs.xilinx.com/access/sources/dita/topic?Doc_Version=2023.2%20English&url=ug1448-hls-guidance&resourceid=214-210.html
INFO: [HLS 214-210] Disaggregating variable 'pix' (/home/alen/repo/zynq-7020-video-pipe-3/hw/video-pipe-hw-v5/hw_011223.runs/bd_41e7_vsc_0_synth_1/prj/sol/.autopilot/db/v_vscaler.cpp:887:18)
Resolution: For help on HLS 214-210 see docs.xilinx.com/access/sources/dita/topic?Doc_Version=2023.2%20English&url=ug1448-hls-guidance&resourceid=214-210.html
INFO: [HLS 214-291] Loop 'VITIS_LOOP_964_3' is marked as complete unroll implied by the pipeline pragma (/home/alen/repo/zynq-7020-video-pipe-3/hw/video-pipe-hw-v5/hw_011223.runs/bd_41e7_vsc_0_synth_1/prj/sol/.autopilot/db/v_vscaler.cpp:964:22)
INFO: [HLS 214-291] Loop 'VITIS_LOOP_966_4' is marked as complete unroll implied by the pipeline pragma (/home/alen/repo/zynq-7020-video-pipe-3/hw/video-pipe-hw-v5/hw_011223.runs/bd_41e7_vsc_0_synth_1/prj/sol/.autopilot/db/v_vscaler.cpp:966:23)
INFO: [HLS 214-291] Loop 'VITIS_LOOP_307_1' is marked as complete unroll implied by the pipeline pragma (/home/alen/repo/zynq-7020-video-pipe-3/hw/video-pipe-hw-v5/hw_011223.runs/bd_41e7_vsc_0_synth_1/prj/sol/.autopilot/db/v_vscaler.cpp:307:20)
INFO: [HLS 214-291] Loop 'VITIS_LOOP_310_2' is marked as complete unroll implied by the pipeline pragma (/home/alen/repo/zynq-7020-video-pipe-3/hw/video-pipe-hw-v5/hw_011223.runs/bd_41e7_vsc_0_synth_1/prj/sol/.autopilot/db/v_vscaler.cpp:310:23)
INFO: [HLS 214-291] Loop 'VITIS_LOOP_312_3' is marked as complete unroll implied by the pipeline pragma (/home/alen/repo/zynq-7020-video-pipe-3/hw/video-pipe-hw-v5/hw_011223.runs/bd_41e7_vsc_0_synth_1/prj/sol/.autopilot/db/v_vscaler.cpp:312:24)
INFO: [HLS 214-291] Loop 'VITIS_LOOP_323_4' is marked as complete unroll implied by the pipeline pragma (/home/alen/repo/zynq-7020-video-pipe-3/hw/video-pipe-hw-v5/hw_011223.runs/bd_41e7_vsc_0_synth_1/prj/sol/.autopilot/db/v_vscaler.cpp:323:23)
INFO: [HLS 214-291] Loop 'VITIS_LOOP_330_5' is marked as complete unroll implied by the pipeline pragma (/home/alen/repo/zynq-7020-video-pipe-3/hw/video-pipe-hw-v5/hw_011223.runs/bd_41e7_vsc_0_synth_1/prj/sol/.autopilot/db/v_vscaler.cpp:330:24)
INFO: [HLS 214-291] Loop 'VITIS_LOOP_332_6' is marked as complete unroll implied by the pipeline pragma (/home/alen/repo/zynq-7020-video-pipe-3/hw/video-pipe-hw-v5/hw_011223.runs/bd_41e7_vsc_0_synth_1/prj/sol/.autopilot/db/v_vscaler.cpp:332:25)
INFO: [HLS 214-291] Loop 'VITIS_LOOP_343_7' is marked as complete unroll implied by the pipeline pragma (/home/alen/repo/zynq-7020-video-pipe-3/hw/video-pipe-hw-v5/hw_011223.runs/bd_41e7_vsc_0_synth_1/prj/sol/.autopilot/db/v_vscaler.cpp:343:23)
INFO: [HLS 214-291] Loop 'VITIS_LOOP_351_8' is marked as complete unroll implied by the pipeline pragma (/home/alen/repo/zynq-7020-video-pipe-3/hw/video-pipe-hw-v5/hw_011223.runs/bd_41e7_vsc_0_synth_1/prj/sol/.autopilot/db/v_vscaler.cpp:351:24)
INFO: [HLS 214-291] Loop 'VITIS_LOOP_353_9' is marked as complete unroll implied by the pipeline pragma (/home/alen/repo/zynq-7020-video-pipe-3/hw/video-pipe-hw-v5/hw_011223.runs/bd_41e7_vsc_0_synth_1/prj/sol/.autopilot/db/v_vscaler.cpp:353:25)
INFO: [HLS 214-291] Loop 'VITIS_LOOP_383_1' is marked as complete unroll implied by the pipeline pragma (/home/alen/repo/zynq-7020-video-pipe-3/hw/video-pipe-hw-v5/hw_011223.runs/bd_41e7_vsc_0_synth_1/prj/sol/.autopilot/db/v_vscaler.cpp:383:20)
INFO: [HLS 214-291] Loop 'VITIS_LOOP_385_2' is marked as complete unroll implied by the pipeline pragma (/home/alen/repo/zynq-7020-video-pipe-3/hw/video-pipe-hw-v5/hw_011223.runs/bd_41e7_vsc_0_synth_1/prj/sol/.autopilot/db/v_vscaler.cpp:385:21)
INFO: [HLS 214-291] Loop 'VITIS_LOOP_392_3' is marked as complete unroll implied by the pipeline pragma (/home/alen/repo/zynq-7020-video-pipe-3/hw/video-pipe-hw-v5/hw_011223.runs/bd_41e7_vsc_0_synth_1/prj/sol/.autopilot/db/v_vscaler.cpp:392:22)
INFO: [HLS 214-291] Loop 'VITIS_LOOP_1069_3' is marked as complete unroll implied by the pipeline pragma (/home/alen/repo/zynq-7020-video-pipe-3/hw/video-pipe-hw-v5/hw_011223.runs/bd_41e7_vsc_0_synth_1/prj/sol/.autopilot/db/v_vscaler.cpp:1069:24)
INFO: [HLS 214-291] Loop 'VITIS_LOOP_1079_4' is marked as complete unroll implied by the pipeline pragma (/home/alen/repo/zynq-7020-video-pipe-3/hw/video-pipe-hw-v5/hw_011223.runs/bd_41e7_vsc_0_synth_1/prj/sol/.autopilot/db/v_vscaler.cpp:1079:21)
INFO: [HLS 214-291] Loop 'VITIS_LOOP_1082_5' is marked as complete unroll implied by the pipeline pragma (/home/alen/repo/zynq-7020-video-pipe-3/hw/video-pipe-hw-v5/hw_011223.runs/bd_41e7_vsc_0_synth_1/prj/sol/.autopilot/db/v_vscaler.cpp:1082:24)
INFO: [HLS 214-291] Loop 'VITIS_LOOP_1095_6' is marked as complete unroll implied by the pipeline pragma (/home/alen/repo/zynq-7020-video-pipe-3/hw/video-pipe-hw-v5/hw_011223.runs/bd_41e7_vsc_0_synth_1/prj/sol/.autopilot/db/v_vscaler.cpp:1095:23)
INFO: [HLS 214-291] Loop 'VITIS_LOOP_1104_7' is marked as complete unroll implied by the pipeline pragma (/home/alen/repo/zynq-7020-video-pipe-3/hw/video-pipe-hw-v5/hw_011223.runs/bd_41e7_vsc_0_synth_1/prj/sol/.autopilot/db/v_vscaler.cpp:1104:24)
INFO: [HLS 214-291] Loop 'VITIS_LOOP_1116_8' is marked as complete unroll implied by the pipeline pragma (/home/alen/repo/zynq-7020-video-pipe-3/hw/video-pipe-hw-v5/hw_011223.runs/bd_41e7_vsc_0_synth_1/prj/sol/.autopilot/db/v_vscaler.cpp:1116:23)
INFO: [HLS 214-291] Loop 'VITIS_LOOP_1120_9' is marked as complete unroll implied by the pipeline pragma (/home/alen/repo/zynq-7020-video-pipe-3/hw/video-pipe-hw-v5/hw_011223.runs/bd_41e7_vsc_0_synth_1/prj/sol/.autopilot/db/v_vscaler.cpp:1120:24)
INFO: [HLS 214-291] Loop 'VITIS_LOOP_1172_13' is marked as complete unroll implied by the pipeline pragma (/home/alen/repo/zynq-7020-video-pipe-3/hw/video-pipe-hw-v5/hw_011223.runs/bd_41e7_vsc_0_synth_1/prj/sol/.autopilot/db/v_vscaler.cpp:1172:25)
INFO: [HLS 214-291] Loop 'VITIS_LOOP_1140_10' is marked as complete unroll implied by the pipeline pragma (/home/alen/repo/zynq-7020-video-pipe-3/hw/video-pipe-hw-v5/hw_011223.runs/bd_41e7_vsc_0_synth_1/prj/sol/.autopilot/db/v_vscaler.cpp:1140:26)
INFO: [HLS 214-291] Loop 'VITIS_LOOP_1152_11' is marked as complete unroll implied by the pipeline pragma (/home/alen/repo/zynq-7020-video-pipe-3/hw/video-pipe-hw-v5/hw_011223.runs/bd_41e7_vsc_0_synth_1/prj/sol/.autopilot/db/v_vscaler.cpp:1152:25)
INFO: [HLS 214-291] Loop 'VITIS_LOOP_1161_12' is marked as complete unroll implied by the pipeline pragma (/home/alen/repo/zynq-7020-video-pipe-3/hw/video-pipe-hw-v5/hw_011223.runs/bd_41e7_vsc_0_synth_1/prj/sol/.autopilot/db/v_vscaler.cpp:1161:26)
INFO: [HLS 214-291] Loop 'VITIS_LOOP_1179_14' is marked as complete unroll implied by the pipeline pragma (/home/alen/repo/zynq-7020-video-pipe-3/hw/video-pipe-hw-v5/hw_011223.runs/bd_41e7_vsc_0_synth_1/prj/sol/.autopilot/db/v_vscaler.cpp:1179:24)
INFO: [HLS 214-291] Loop 'VITIS_LOOP_834_1' is marked as complete unroll implied by the pipeline pragma (/home/alen/repo/zynq-7020-video-pipe-3/hw/video-pipe-hw-v5/hw_011223.runs/bd_41e7_vsc_0_synth_1/prj/sol/.autopilot/db/v_vscaler.cpp:834:22)
INFO: [HLS 214-291] Loop 'VITIS_LOOP_836_2' is marked as complete unroll implied by the pipeline pragma (/home/alen/repo/zynq-7020-video-pipe-3/hw/video-pipe-hw-v5/hw_011223.runs/bd_41e7_vsc_0_synth_1/prj/sol/.autopilot/db/v_vscaler.cpp:836:23)
INFO: [HLS 214-186] Unrolling loop 'VITIS_LOOP_964_3' (/home/alen/repo/zynq-7020-video-pipe-3/hw/video-pipe-hw-v5/hw_011223.runs/bd_41e7_vsc_0_synth_1/prj/sol/.autopilot/db/v_vscaler.cpp:964:22) in function 'MultiPixStream2AXIvideo' completely with a factor of 1 (/home/alen/repo/zynq-7020-video-pipe-3/hw/video-pipe-hw-v5/hw_011223.runs/bd_41e7_vsc_0_synth_1/prj/sol/.autopilot/db/v_vscaler.cpp:885:0)
INFO: [HLS 214-186] Unrolling loop 'VITIS_LOOP_966_4' (/home/alen/repo/zynq-7020-video-pipe-3/hw/video-pipe-hw-v5/hw_011223.runs/bd_41e7_vsc_0_synth_1/prj/sol/.autopilot/db/v_vscaler.cpp:966:23) in function 'MultiPixStream2AXIvideo' completely with a factor of 3 (/home/alen/repo/zynq-7020-video-pipe-3/hw/video-pipe-hw-v5/hw_011223.runs/bd_41e7_vsc_0_synth_1/prj/sol/.autopilot/db/v_vscaler.cpp:885:0)
INFO: [HLS 214-186] Unrolling loop 'VITIS_LOOP_307_1' (/home/alen/repo/zynq-7020-video-pipe-3/hw/video-pipe-hw-v5/hw_011223.runs/bd_41e7_vsc_0_synth_1/prj/sol/.autopilot/db/v_vscaler.cpp:307:20) in function 'vscale_core_polyphase' completely with a factor of 6 (/home/alen/repo/zynq-7020-video-pipe-3/hw/video-pipe-hw-v5/hw_011223.runs/bd_41e7_vsc_0_synth_1/prj/sol/.autopilot/db/v_vscaler.cpp:200:0)
INFO: [HLS 214-186] Unrolling loop 'VITIS_LOOP_310_2' (/home/alen/repo/zynq-7020-video-pipe-3/hw/video-pipe-hw-v5/hw_011223.runs/bd_41e7_vsc_0_synth_1/prj/sol/.autopilot/db/v_vscaler.cpp:310:23) in function 'vscale_core_polyphase' completely with a factor of 1 (/home/alen/repo/zynq-7020-video-pipe-3/hw/video-pipe-hw-v5/hw_011223.runs/bd_41e7_vsc_0_synth_1/prj/sol/.autopilot/db/v_vscaler.cpp:200:0)
INFO: [HLS 214-186] Unrolling loop 'VITIS_LOOP_312_3' (/home/alen/repo/zynq-7020-video-pipe-3/hw/video-pipe-hw-v5/hw_011223.runs/bd_41e7_vsc_0_synth_1/prj/sol/.autopilot/db/v_vscaler.cpp:312:24) in function 'vscale_core_polyphase' completely with a factor of 3 (/home/alen/repo/zynq-7020-video-pipe-3/hw/video-pipe-hw-v5/hw_011223.runs/bd_41e7_vsc_0_synth_1/prj/sol/.autopilot/db/v_vscaler.cpp:200:0)
INFO: [HLS 214-186] Unrolling loop 'VITIS_LOOP_323_4' (/home/alen/repo/zynq-7020-video-pipe-3/hw/video-pipe-hw-v5/hw_011223.runs/bd_41e7_vsc_0_synth_1/prj/sol/.autopilot/db/v_vscaler.cpp:323:23) in function 'vscale_core_polyphase' completely with a factor of 5 (/home/alen/repo/zynq-7020-video-pipe-3/hw/video-pipe-hw-v5/hw_011223.runs/bd_41e7_vsc_0_synth_1/prj/sol/.autopilot/db/v_vscaler.cpp:200:0)
INFO: [HLS 214-186] Unrolling loop 'VITIS_LOOP_330_5' (/home/alen/repo/zynq-7020-video-pipe-3/hw/video-pipe-hw-v5/hw_011223.runs/bd_41e7_vsc_0_synth_1/prj/sol/.autopilot/db/v_vscaler.cpp:330:24) in function 'vscale_core_polyphase' completely with a factor of 1 (/home/alen/repo/zynq-7020-video-pipe-3/hw/video-pipe-hw-v5/hw_011223.runs/bd_41e7_vsc_0_synth_1/prj/sol/.autopilot/db/v_vscaler.cpp:200:0)
INFO: [HLS 214-186] Unrolling loop 'VITIS_LOOP_332_6' (/home/alen/repo/zynq-7020-video-pipe-3/hw/video-pipe-hw-v5/hw_011223.runs/bd_41e7_vsc_0_synth_1/prj/sol/.autopilot/db/v_vscaler.cpp:332:25) in function 'vscale_core_polyphase' completely with a factor of 3 (/home/alen/repo/zynq-7020-video-pipe-3/hw/video-pipe-hw-v5/hw_011223.runs/bd_41e7_vsc_0_synth_1/prj/sol/.autopilot/db/v_vscaler.cpp:200:0)
INFO: [HLS 214-186] Unrolling loop 'VITIS_LOOP_343_7' (/home/alen/repo/zynq-7020-video-pipe-3/hw/video-pipe-hw-v5/hw_011223.runs/bd_41e7_vsc_0_synth_1/prj/sol/.autopilot/db/v_vscaler.cpp:343:23) in function 'vscale_core_polyphase' completely with a factor of 5 (/home/alen/repo/zynq-7020-video-pipe-3/hw/video-pipe-hw-v5/hw_011223.runs/bd_41e7_vsc_0_synth_1/prj/sol/.autopilot/db/v_vscaler.cpp:200:0)
INFO: [HLS 214-186] Unrolling loop 'VITIS_LOOP_351_8' (/home/alen/repo/zynq-7020-video-pipe-3/hw/video-pipe-hw-v5/hw_011223.runs/bd_41e7_vsc_0_synth_1/prj/sol/.autopilot/db/v_vscaler.cpp:351:24) in function 'vscale_core_polyphase' completely with a factor of 1 (/home/alen/repo/zynq-7020-video-pipe-3/hw/video-pipe-hw-v5/hw_011223.runs/bd_41e7_vsc_0_synth_1/prj/sol/.autopilot/db/v_vscaler.cpp:200:0)
INFO: [HLS 214-186] Unrolling loop 'VITIS_LOOP_353_9' (/home/alen/repo/zynq-7020-video-pipe-3/hw/video-pipe-hw-v5/hw_011223.runs/bd_41e7_vsc_0_synth_1/prj/sol/.autopilot/db/v_vscaler.cpp:353:25) in function 'vscale_core_polyphase' completely with a factor of 3 (/home/alen/repo/zynq-7020-video-pipe-3/hw/video-pipe-hw-v5/hw_011223.runs/bd_41e7_vsc_0_synth_1/prj/sol/.autopilot/db/v_vscaler.cpp:200:0)
INFO: [HLS 214-186] Unrolling loop 'VITIS_LOOP_383_1' (/home/alen/repo/zynq-7020-video-pipe-3/hw/video-pipe-hw-v5/hw_011223.runs/bd_41e7_vsc_0_synth_1/prj/sol/.autopilot/db/v_vscaler.cpp:383:20) in function 'vscale_core_polyphase' completely with a factor of 1 (/home/alen/repo/zynq-7020-video-pipe-3/hw/video-pipe-hw-v5/hw_011223.runs/bd_41e7_vsc_0_synth_1/prj/sol/.autopilot/db/v_vscaler.cpp:200:0)
INFO: [HLS 214-186] Unrolling loop 'VITIS_LOOP_385_2' (/home/alen/repo/zynq-7020-video-pipe-3/hw/video-pipe-hw-v5/hw_011223.runs/bd_41e7_vsc_0_synth_1/prj/sol/.autopilot/db/v_vscaler.cpp:385:21) in function 'vscale_core_polyphase' completely with a factor of 3 (/home/alen/repo/zynq-7020-video-pipe-3/hw/video-pipe-hw-v5/hw_011223.runs/bd_41e7_vsc_0_synth_1/prj/sol/.autopilot/db/v_vscaler.cpp:200:0)
INFO: [HLS 214-186] Unrolling loop 'VITIS_LOOP_392_3' (/home/alen/repo/zynq-7020-video-pipe-3/hw/video-pipe-hw-v5/hw_011223.runs/bd_41e7_vsc_0_synth_1/prj/sol/.autopilot/db/v_vscaler.cpp:392:22) in function 'vscale_core_polyphase' completely with a factor of 6 (/home/alen/repo/zynq-7020-video-pipe-3/hw/video-pipe-hw-v5/hw_011223.runs/bd_41e7_vsc_0_synth_1/prj/sol/.autopilot/db/v_vscaler.cpp:200:0)
INFO: [HLS 214-186] Unrolling loop 'VITIS_LOOP_1069_3' (/home/alen/repo/zynq-7020-video-pipe-3/hw/video-pipe-hw-v5/hw_011223.runs/bd_41e7_vsc_0_synth_1/prj/sol/.autopilot/db/v_vscaler.cpp:1069:24) in function 'v_vcresampler_core' completely with a factor of 1 (/home/alen/repo/zynq-7020-video-pipe-3/hw/video-pipe-hw-v5/hw_011223.runs/bd_41e7_vsc_0_synth_1/prj/sol/.autopilot/db/v_vscaler.cpp:1014:0)
INFO: [HLS 214-186] Unrolling loop 'VITIS_LOOP_1079_4' (/home/alen/repo/zynq-7020-video-pipe-3/hw/video-pipe-hw-v5/hw_011223.runs/bd_41e7_vsc_0_synth_1/prj/sol/.autopilot/db/v_vscaler.cpp:1079:21) in function 'v_vcresampler_core' completely with a factor of 2 (/home/alen/repo/zynq-7020-video-pipe-3/hw/video-pipe-hw-v5/hw_011223.runs/bd_41e7_vsc_0_synth_1/prj/sol/.autopilot/db/v_vscaler.cpp:1014:0)
INFO: [HLS 214-186] Unrolling loop 'VITIS_LOOP_1082_5' (/home/alen/repo/zynq-7020-video-pipe-3/hw/video-pipe-hw-v5/hw_011223.runs/bd_41e7_vsc_0_synth_1/prj/sol/.autopilot/db/v_vscaler.cpp:1082:24) in function 'v_vcresampler_core' completely with a factor of 1 (/home/alen/repo/zynq-7020-video-pipe-3/hw/video-pipe-hw-v5/hw_011223.runs/bd_41e7_vsc_0_synth_1/prj/sol/.autopilot/db/v_vscaler.cpp:1014:0)
INFO: [HLS 214-186] Unrolling loop 'VITIS_LOOP_1095_6' (/home/alen/repo/zynq-7020-video-pipe-3/hw/video-pipe-hw-v5/hw_011223.runs/bd_41e7_vsc_0_synth_1/prj/sol/.autopilot/db/v_vscaler.cpp:1095:23) in function 'v_vcresampler_core' completely with a factor of 1 (/home/alen/repo/zynq-7020-video-pipe-3/hw/video-pipe-hw-v5/hw_011223.runs/bd_41e7_vsc_0_synth_1/prj/sol/.autopilot/db/v_vscaler.cpp:1014:0)
INFO: [HLS 214-186] Unrolling loop 'VITIS_LOOP_1104_7' (/home/alen/repo/zynq-7020-video-pipe-3/hw/video-pipe-hw-v5/hw_011223.runs/bd_41e7_vsc_0_synth_1/prj/sol/.autopilot/db/v_vscaler.cpp:1104:24) in function 'v_vcresampler_core' completely with a factor of 1 (/home/alen/repo/zynq-7020-video-pipe-3/hw/video-pipe-hw-v5/hw_011223.runs/bd_41e7_vsc_0_synth_1/prj/sol/.autopilot/db/v_vscaler.cpp:1014:0)
INFO: [HLS 214-186] Unrolling loop 'VITIS_LOOP_1116_8' (/home/alen/repo/zynq-7020-video-pipe-3/hw/video-pipe-hw-v5/hw_011223.runs/bd_41e7_vsc_0_synth_1/prj/sol/.autopilot/db/v_vscaler.cpp:1116:23) in function 'v_vcresampler_core' completely with a factor of 2 (/home/alen/repo/zynq-7020-video-pipe-3/hw/video-pipe-hw-v5/hw_011223.runs/bd_41e7_vsc_0_synth_1/prj/sol/.autopilot/db/v_vscaler.cpp:1014:0)
INFO: [HLS 214-186] Unrolling loop 'VITIS_LOOP_1120_9' (/home/alen/repo/zynq-7020-video-pipe-3/hw/video-pipe-hw-v5/hw_011223.runs/bd_41e7_vsc_0_synth_1/prj/sol/.autopilot/db/v_vscaler.cpp:1120:24) in function 'v_vcresampler_core' completely with a factor of 1 (/home/alen/repo/zynq-7020-video-pipe-3/hw/video-pipe-hw-v5/hw_011223.runs/bd_41e7_vsc_0_synth_1/prj/sol/.autopilot/db/v_vscaler.cpp:1014:0)
INFO: [HLS 214-186] Unrolling loop 'VITIS_LOOP_1172_13' (/home/alen/repo/zynq-7020-video-pipe-3/hw/video-pipe-hw-v5/hw_011223.runs/bd_41e7_vsc_0_synth_1/prj/sol/.autopilot/db/v_vscaler.cpp:1172:25) in function 'v_vcresampler_core' completely with a factor of 1 (/home/alen/repo/zynq-7020-video-pipe-3/hw/video-pipe-hw-v5/hw_011223.runs/bd_41e7_vsc_0_synth_1/prj/sol/.autopilot/db/v_vscaler.cpp:1014:0)
INFO: [HLS 214-186] Unrolling loop 'VITIS_LOOP_1140_10' (/home/alen/repo/zynq-7020-video-pipe-3/hw/video-pipe-hw-v5/hw_011223.runs/bd_41e7_vsc_0_synth_1/prj/sol/.autopilot/db/v_vscaler.cpp:1140:26) in function 'v_vcresampler_core' completely with a factor of 1 (/home/alen/repo/zynq-7020-video-pipe-3/hw/video-pipe-hw-v5/hw_011223.runs/bd_41e7_vsc_0_synth_1/prj/sol/.autopilot/db/v_vscaler.cpp:1014:0)
INFO: [HLS 214-186] Unrolling loop 'VITIS_LOOP_1152_11' (/home/alen/repo/zynq-7020-video-pipe-3/hw/video-pipe-hw-v5/hw_011223.runs/bd_41e7_vsc_0_synth_1/prj/sol/.autopilot/db/v_vscaler.cpp:1152:25) in function 'v_vcresampler_core' completely with a factor of 1 (/home/alen/repo/zynq-7020-video-pipe-3/hw/video-pipe-hw-v5/hw_011223.runs/bd_41e7_vsc_0_synth_1/prj/sol/.autopilot/db/v_vscaler.cpp:1014:0)
INFO: [HLS 214-186] Unrolling loop 'VITIS_LOOP_1161_12' (/home/alen/repo/zynq-7020-video-pipe-3/hw/video-pipe-hw-v5/hw_011223.runs/bd_41e7_vsc_0_synth_1/prj/sol/.autopilot/db/v_vscaler.cpp:1161:26) in function 'v_vcresampler_core' completely with a factor of 1 (/home/alen/repo/zynq-7020-video-pipe-3/hw/video-pipe-hw-v5/hw_011223.runs/bd_41e7_vsc_0_synth_1/prj/sol/.autopilot/db/v_vscaler.cpp:1014:0)
INFO: [HLS 214-186] Unrolling loop 'VITIS_LOOP_1179_14' (/home/alen/repo/zynq-7020-video-pipe-3/hw/video-pipe-hw-v5/hw_011223.runs/bd_41e7_vsc_0_synth_1/prj/sol/.autopilot/db/v_vscaler.cpp:1179:24) in function 'v_vcresampler_core' completely with a factor of 1 (/home/alen/repo/zynq-7020-video-pipe-3/hw/video-pipe-hw-v5/hw_011223.runs/bd_41e7_vsc_0_synth_1/prj/sol/.autopilot/db/v_vscaler.cpp:1014:0)
INFO: [HLS 214-186] Unrolling loop 'VITIS_LOOP_834_1' (/home/alen/repo/zynq-7020-video-pipe-3/hw/video-pipe-hw-v5/hw_011223.runs/bd_41e7_vsc_0_synth_1/prj/sol/.autopilot/db/v_vscaler.cpp:834:22) in function 'AXIvideo2MultiPixStream' completely with a factor of 1 (/home/alen/repo/zynq-7020-video-pipe-3/hw/video-pipe-hw-v5/hw_011223.runs/bd_41e7_vsc_0_synth_1/prj/sol/.autopilot/db/v_vscaler.cpp:790:0)
INFO: [HLS 214-186] Unrolling loop 'VITIS_LOOP_836_2' (/home/alen/repo/zynq-7020-video-pipe-3/hw/video-pipe-hw-v5/hw_011223.runs/bd_41e7_vsc_0_synth_1/prj/sol/.autopilot/db/v_vscaler.cpp:836:23) in function 'AXIvideo2MultiPixStream' completely with a factor of 3 (/home/alen/repo/zynq-7020-video-pipe-3/hw/video-pipe-hw-v5/hw_011223.runs/bd_41e7_vsc_0_synth_1/prj/sol/.autopilot/db/v_vscaler.cpp:790:0)
INFO: [HLS 214-248] Applying array_partition to 'linebuf_y': Complete partitioning on dimension 1. (/home/alen/repo/zynq-7020-video-pipe-3/hw/video-pipe-hw-v5/hw_011223.runs/bd_41e7_vsc_0_synth_1/prj/sol/.autopilot/db/v_vscaler.cpp:1032:16)
INFO: [HLS 214-248] Applying array_partition to 'linebuf_c': Complete partitioning on dimension 1. (/home/alen/repo/zynq-7020-video-pipe-3/hw/video-pipe-hw-v5/hw_011223.runs/bd_41e7_vsc_0_synth_1/prj/sol/.autopilot/db/v_vscaler.cpp:1033:16)
INFO: [HLS 214-248] Applying array_partition to 'PixBufVal': Complete partitioning on dimension 1. (/home/alen/repo/zynq-7020-video-pipe-3/hw/video-pipe-hw-v5/hw_011223.runs/bd_41e7_vsc_0_synth_1/prj/sol/.autopilot/db/v_vscaler.cpp:1099:19)
INFO: [HLS 214-248] Applying array_partition to 'PixBufVal223': Complete partitioning on dimension 1. (/home/alen/repo/zynq-7020-video-pipe-3/hw/video-pipe-hw-v5/hw_011223.runs/bd_41e7_vsc_0_synth_1/prj/sol/.autopilot/db/v_vscaler.cpp:1156:20)
INFO: [HLS 214-248] Applying array_partition to 'FiltCoeff': Complete partitioning on dimension 2. (/home/alen/repo/zynq-7020-video-pipe-3/hw/video-pipe-hw-v5/hw_011223.runs/bd_41e7_vsc_0_synth_1/prj/sol/.autopilot/db/v_vscaler.cpp:213:6)
INFO: [HLS 214-248] Applying array_partition to 'LineBuf': Complete partitioning on dimension 1. (/home/alen/repo/zynq-7020-video-pipe-3/hw/video-pipe-hw-v5/hw_011223.runs/bd_41e7_vsc_0_synth_1/prj/sol/.autopilot/db/v_vscaler.cpp:214:18)
INFO: [HLS 214-248] Applying array_partition to 'PixArrayVal': Complete partitioning on dimension 1.
INFO: [HLS 214-241] Aggregating fifo (hls::stream) variable 'SrcYUV' with compact=bit mode in 30-bits (/home/alen/repo/zynq-7020-video-pipe-3/hw/video-pipe-hw-v5/hw_011223.runs/bd_41e7_vsc_0_synth_1/prj/sol/.autopilot/db/v_vscaler.cpp:146:18)
INFO: [HLS 214-241] Aggregating fifo (hls::stream) variable 'SrcYUV422' with compact=bit mode in 30-bits (/home/alen/repo/zynq-7020-video-pipe-3/hw/video-pipe-hw-v5/hw_011223.runs/bd_41e7_vsc_0_synth_1/prj/sol/.autopilot/db/v_vscaler.cpp:147:18)
INFO: [HLS 214-241] Aggregating fifo (hls::stream) variable 'OutYUV' with compact=bit mode in 30-bits (/home/alen/repo/zynq-7020-video-pipe-3/hw/video-pipe-hw-v5/hw_011223.runs/bd_41e7_vsc_0_synth_1/prj/sol/.autopilot/db/v_vscaler.cpp:148:18)
INFO: [HLS 214-376] automatically set the pipeline for Loop< loop_init_coeff_tap> at /home/alen/repo/zynq-7020-video-pipe-3/hw/video-pipe-hw-v5/hw_011223.runs/bd_41e7_vsc_0_synth_1/prj/sol/.autopilot/db/v_vscaler.cpp:252:3 
INFO: [HLS 200-111] Finished Compiling Optimization and Transform: CPU user time: 3.73 seconds. CPU system time: 0.44 seconds. Elapsed time: 8.34 seconds; current allocated memory: 218.434 MB.
INFO: [HLS 200-111] Finished Checking Pragmas: CPU user time: 0 seconds. CPU system time: 0 seconds. Elapsed time: 0 seconds; current allocated memory: 218.434 MB.
INFO: [HLS 200-10] Starting code transformations ...
INFO: [HLS 200-111] Finished Standard Transforms: CPU user time: 0.05 seconds. CPU system time: 0.01 seconds. Elapsed time: 0.07 seconds; current allocated memory: 218.434 MB.
INFO: [HLS 200-10] Checking synthesizability ...
INFO: [HLS 200-111] Finished Checking Synthesizability: CPU user time: 0.05 seconds. CPU system time: 0.01 seconds. Elapsed time: 0.05 seconds; current allocated memory: 218.434 MB.
WARNING: [XFORM 203-561] Updating loop upper bound from 65535 to 1920 for loop 'loop_width_for_procpix' (/home/alen/repo/zynq-7020-video-pipe-3/hw/video-pipe-hw-v5/hw_011223.runs/bd_41e7_vsc_0_synth_1/prj/sol/.autopilot/db/v_vscaler.cpp:297:12) in function 'vscale_core_polyphase'.
WARNING: [XFORM 203-561] Ignored invalid trip count directive (MAX (= 1920) < AVE (= 32767)) for loop 'loop_width_for_procpix' (/home/alen/repo/zynq-7020-video-pipe-3/hw/video-pipe-hw-v5/hw_011223.runs/bd_41e7_vsc_0_synth_1/prj/sol/.autopilot/db/v_vscaler.cpp:297:12) in function 'vscale_core_polyphase'.
WARNING: [XFORM 203-561] Updating loop upper bound from 65535 to 1085 for loop 'loop_height' (/home/alen/repo/zynq-7020-video-pipe-3/hw/video-pipe-hw-v5/hw_011223.runs/bd_41e7_vsc_0_synth_1/prj/sol/.autopilot/db/v_vscaler.cpp:242:6) in function 'vscale_core_polyphase'.
WARNING: [XFORM 203-561] Ignored invalid trip count directive (MAX (= 1085) < AVE (= 32767)) for loop 'loop_height' (/home/alen/repo/zynq-7020-video-pipe-3/hw/video-pipe-hw-v5/hw_011223.runs/bd_41e7_vsc_0_synth_1/prj/sol/.autopilot/db/v_vscaler.cpp:242:6) in function 'vscale_core_polyphase'.
WARNING: [XFORM 203-561] Updating loop upper bound from 65535 to 32767 for loop 'VITIS_LOOP_1057_2' (/home/alen/repo/zynq-7020-video-pipe-3/hw/video-pipe-hw-v5/hw_011223.runs/bd_41e7_vsc_0_synth_1/prj/sol/.autopilot/db/v_vscaler.cpp:1015:9) in function 'v_vcresampler_core'.
WARNING: [XFORM 203-561] Updating loop upper bound from 65535 to 32767 for loop 'VITIS_LOOP_1055_1' (/home/alen/repo/zynq-7020-video-pipe-3/hw/video-pipe-hw-v5/hw_011223.runs/bd_41e7_vsc_0_synth_1/prj/sol/.autopilot/db/v_vscaler.cpp:1015:6) in function 'v_vcresampler_core'.
WARNING: [XFORM 203-561] Updating loop upper bound from 65535 to 1920 for loop 'VITIS_LOOP_940_2' (/home/alen/repo/zynq-7020-video-pipe-3/hw/video-pipe-hw-v5/hw_011223.runs/bd_41e7_vsc_0_synth_1/prj/sol/.autopilot/db/v_vscaler.cpp:937:7) in function 'MultiPixStream2AXIvideo'.
WARNING: [XFORM 203-561] Ignored invalid trip count directive (MAX (= 1920) < AVE (= 32767)) for loop 'VITIS_LOOP_940_2' (/home/alen/repo/zynq-7020-video-pipe-3/hw/video-pipe-hw-v5/hw_011223.runs/bd_41e7_vsc_0_synth_1/prj/sol/.autopilot/db/v_vscaler.cpp:937:7) in function 'MultiPixStream2AXIvideo'.
WARNING: [XFORM 203-561] Updating loop upper bound from 65535 to 1080 for loop 'VITIS_LOOP_938_1' (/home/alen/repo/zynq-7020-video-pipe-3/hw/video-pipe-hw-v5/hw_011223.runs/bd_41e7_vsc_0_synth_1/prj/sol/.autopilot/db/v_vscaler.cpp:937:7) in function 'MultiPixStream2AXIvideo'.
WARNING: [XFORM 203-561] Ignored invalid trip count directive (MAX (= 1080) < AVE (= 32767)) for loop 'VITIS_LOOP_938_1' (/home/alen/repo/zynq-7020-video-pipe-3/hw/video-pipe-hw-v5/hw_011223.runs/bd_41e7_vsc_0_synth_1/prj/sol/.autopilot/db/v_vscaler.cpp:937:7) in function 'MultiPixStream2AXIvideo'.
WARNING: [XFORM 203-561] Updating loop upper bound from 65535 to 1920 for loop 'loop_width' (/home/alen/repo/zynq-7020-video-pipe-3/hw/video-pipe-hw-v5/hw_011223.runs/bd_41e7_vsc_0_synth_1/prj/sol/.autopilot/db/v_vscaler.cpp:792:31) in function 'AXIvideo2MultiPixStream'.
WARNING: [XFORM 203-561] Ignored invalid trip count directive (MAX (= 1920) < AVE (= 32767)) for loop 'loop_width' (/home/alen/repo/zynq-7020-video-pipe-3/hw/video-pipe-hw-v5/hw_011223.runs/bd_41e7_vsc_0_synth_1/prj/sol/.autopilot/db/v_vscaler.cpp:792:31) in function 'AXIvideo2MultiPixStream'.
WARNING: [XFORM 203-561] Updating loop upper bound from 2160 to 1080 for loop 'loop_height' (/home/alen/repo/zynq-7020-video-pipe-3/hw/video-pipe-hw-v5/hw_011223.runs/bd_41e7_vsc_0_synth_1/prj/sol/.autopilot/db/v_vscaler.cpp:814:9) in function 'AXIvideo2MultiPixStream'.
INFO: [XFORM 203-712] Applying dataflow to function 'v_vscaler' (/home/alen/repo/zynq-7020-video-pipe-3/hw/video-pipe-hw-v5/hw_011223.runs/bd_41e7_vsc_0_synth_1/prj/sol/.autopilot/db/v_vscaler.cpp:104:1), detected/extracted 5 process function(s): 
	 'Block_entry4_proc'
	 'AXIvideo2MultiPixStream'
	 'v_vcresampler_core'
	 'vscale_core_polyphase'
	 'MultiPixStream2AXIvideo'.
INFO: [XFORM 203-401] Performing if-conversion on hyperblock from (/home/alen/repo/zynq-7020-video-pipe-3/hw/video-pipe-hw-v5/hw_011223.runs/bd_41e7_vsc_0_synth_1/prj/sol/.autopilot/db/v_vscaler.cpp:259:2) to (/home/alen/repo/zynq-7020-video-pipe-3/hw/video-pipe-hw-v5/hw_011223.runs/bd_41e7_vsc_0_synth_1/prj/sol/.autopilot/db/v_vscaler.cpp:297:3) in function 'vscale_core_polyphase'... converting 3 basic blocks.
INFO: [XFORM 203-401] Performing if-conversion on hyperblock from (/home/alen/repo/zynq-7020-video-pipe-3/hw/video-pipe-hw-v5/hw_011223.runs/bd_41e7_vsc_0_synth_1/prj/sol/.autopilot/db/v_vscaler.cpp:1182:10) to (/home/alen/repo/zynq-7020-video-pipe-3/hw/video-pipe-hw-v5/hw_011223.runs/bd_41e7_vsc_0_synth_1/prj/sol/.autopilot/db/v_vscaler.cpp:1224:21) in function 'v_vcresampler_core'... converting 6 basic blocks.
INFO: [XFORM 203-401] Performing if-conversion on hyperblock from (/home/alen/repo/zynq-7020-video-pipe-3/hw/video-pipe-hw-v5/hw_011223.runs/bd_41e7_vsc_0_synth_1/prj/sol/.autopilot/db/v_vscaler.cpp:842:2) to (/home/alen/repo/zynq-7020-video-pipe-3/hw/video-pipe-hw-v5/hw_011223.runs/bd_41e7_vsc_0_synth_1/prj/sol/.autopilot/db/v_vscaler.cpp:817:3) in function 'AXIvideo2MultiPixStream'... converting 13 basic blocks.
INFO: [HLS 200-111] Finished Loop, function and other optimizations: CPU user time: 0.27 seconds. CPU system time: 0 seconds. Elapsed time: 0.27 seconds; current allocated memory: 238.891 MB.
INFO: [HLS 200-2061] Successfully converted nested loops 'loop_init_coeff_phase'(/home/alen/repo/zynq-7020-video-pipe-3/hw/video-pipe-hw-v5/hw_011223.runs/bd_41e7_vsc_0_synth_1/prj/sol/.autopilot/db/v_vscaler.cpp:249:2) and 'loop_init_coeff_tap'(/home/alen/repo/zynq-7020-video-pipe-3/hw/video-pipe-hw-v5/hw_011223.runs/bd_41e7_vsc_0_synth_1/prj/sol/.autopilot/db/v_vscaler.cpp:252:3) in function 'vscale_core_polyphase' into perfectly nested loops.
INFO: [XFORM 203-541] Flattening a loop nest 'loop_init_coeff_phase' (/home/alen/repo/zynq-7020-video-pipe-3/hw/video-pipe-hw-v5/hw_011223.runs/bd_41e7_vsc_0_synth_1/prj/sol/.autopilot/db/v_vscaler.cpp:249:2) in function 'vscale_core_polyphase'.
WARNING: [ANALYSIS 214-52] Found false inter dependency for variable 'LineBuf.5' (/home/alen/repo/zynq-7020-video-pipe-3/hw/video-pipe-hw-v5/hw_011223.runs/bd_41e7_vsc_0_synth_1/prj/sol/.autopilot/db/v_vscaler.cpp:214).
WARNING: [ANALYSIS 214-52] Found false inter dependency for variable 'LineBuf.4' (/home/alen/repo/zynq-7020-video-pipe-3/hw/video-pipe-hw-v5/hw_011223.runs/bd_41e7_vsc_0_synth_1/prj/sol/.autopilot/db/v_vscaler.cpp:214).
WARNING: [ANALYSIS 214-52] Found false inter dependency for variable 'LineBuf.3' (/home/alen/repo/zynq-7020-video-pipe-3/hw/video-pipe-hw-v5/hw_011223.runs/bd_41e7_vsc_0_synth_1/prj/sol/.autopilot/db/v_vscaler.cpp:214).
WARNING: [ANALYSIS 214-52] Found false inter dependency for variable 'LineBuf.2' (/home/alen/repo/zynq-7020-video-pipe-3/hw/video-pipe-hw-v5/hw_011223.runs/bd_41e7_vsc_0_synth_1/prj/sol/.autopilot/db/v_vscaler.cpp:214).
WARNING: [ANALYSIS 214-52] Found false inter dependency for variable 'LineBuf.1' (/home/alen/repo/zynq-7020-video-pipe-3/hw/video-pipe-hw-v5/hw_011223.runs/bd_41e7_vsc_0_synth_1/prj/sol/.autopilot/db/v_vscaler.cpp:214).
WARNING: [ANALYSIS 214-52] Found false inter dependency for variable 'LineBuf' (/home/alen/repo/zynq-7020-video-pipe-3/hw/video-pipe-hw-v5/hw_011223.runs/bd_41e7_vsc_0_synth_1/prj/sol/.autopilot/db/v_vscaler.cpp:214).
WARNING: [ANALYSIS 214-52] Found false intra dependency for variable 'LineBuf.5' (/home/alen/repo/zynq-7020-video-pipe-3/hw/video-pipe-hw-v5/hw_011223.runs/bd_41e7_vsc_0_synth_1/prj/sol/.autopilot/db/v_vscaler.cpp:214).
WARNING: [ANALYSIS 214-52] Found false intra dependency for variable 'LineBuf.4' (/home/alen/repo/zynq-7020-video-pipe-3/hw/video-pipe-hw-v5/hw_011223.runs/bd_41e7_vsc_0_synth_1/prj/sol/.autopilot/db/v_vscaler.cpp:214).
WARNING: [ANALYSIS 214-52] Found false intra dependency for variable 'LineBuf.3' (/home/alen/repo/zynq-7020-video-pipe-3/hw/video-pipe-hw-v5/hw_011223.runs/bd_41e7_vsc_0_synth_1/prj/sol/.autopilot/db/v_vscaler.cpp:214).
WARNING: [ANALYSIS 214-52] Found false intra dependency for variable 'LineBuf.2' (/home/alen/repo/zynq-7020-video-pipe-3/hw/video-pipe-hw-v5/hw_011223.runs/bd_41e7_vsc_0_synth_1/prj/sol/.autopilot/db/v_vscaler.cpp:214).
WARNING: [ANALYSIS 214-52] Found false intra dependency for variable 'LineBuf.1' (/home/alen/repo/zynq-7020-video-pipe-3/hw/video-pipe-hw-v5/hw_011223.runs/bd_41e7_vsc_0_synth_1/prj/sol/.autopilot/db/v_vscaler.cpp:214).
WARNING: [ANALYSIS 214-52] Found false intra dependency for variable 'LineBuf' (/home/alen/repo/zynq-7020-video-pipe-3/hw/video-pipe-hw-v5/hw_011223.runs/bd_41e7_vsc_0_synth_1/prj/sol/.autopilot/db/v_vscaler.cpp:214).
WARNING: [ANALYSIS 214-52] Found false inter dependency for variable 'linebuf_y.1' (/home/alen/repo/zynq-7020-video-pipe-3/hw/video-pipe-hw-v5/hw_011223.runs/bd_41e7_vsc_0_synth_1/prj/sol/.autopilot/db/v_vscaler.cpp:1032).
WARNING: [ANALYSIS 214-52] Found false inter dependency for variable 'linebuf_y' (/home/alen/repo/zynq-7020-video-pipe-3/hw/video-pipe-hw-v5/hw_011223.runs/bd_41e7_vsc_0_synth_1/prj/sol/.autopilot/db/v_vscaler.cpp:1032).
WARNING: [ANALYSIS 214-52] Found false intra dependency for variable 'linebuf_y.1' (/home/alen/repo/zynq-7020-video-pipe-3/hw/video-pipe-hw-v5/hw_011223.runs/bd_41e7_vsc_0_synth_1/prj/sol/.autopilot/db/v_vscaler.cpp:1032).
WARNING: [ANALYSIS 214-52] Found false intra dependency for variable 'linebuf_y' (/home/alen/repo/zynq-7020-video-pipe-3/hw/video-pipe-hw-v5/hw_011223.runs/bd_41e7_vsc_0_synth_1/prj/sol/.autopilot/db/v_vscaler.cpp:1032).
WARNING: [ANALYSIS 214-52] Found false inter dependency for variable 'linebuf_c.2' (/home/alen/repo/zynq-7020-video-pipe-3/hw/video-pipe-hw-v5/hw_011223.runs/bd_41e7_vsc_0_synth_1/prj/sol/.autopilot/db/v_vscaler.cpp:1033).
WARNING: [ANALYSIS 214-52] Found false inter dependency for variable 'linebuf_c.1' (/home/alen/repo/zynq-7020-video-pipe-3/hw/video-pipe-hw-v5/hw_011223.runs/bd_41e7_vsc_0_synth_1/prj/sol/.autopilot/db/v_vscaler.cpp:1033).
WARNING: [ANALYSIS 214-52] Found false inter dependency for variable 'linebuf_c' (/home/alen/repo/zynq-7020-video-pipe-3/hw/video-pipe-hw-v5/hw_011223.runs/bd_41e7_vsc_0_synth_1/prj/sol/.autopilot/db/v_vscaler.cpp:1033).
WARNING: [ANALYSIS 214-52] Found false intra dependency for variable 'linebuf_c.2' (/home/alen/repo/zynq-7020-video-pipe-3/hw/video-pipe-hw-v5/hw_011223.runs/bd_41e7_vsc_0_synth_1/prj/sol/.autopilot/db/v_vscaler.cpp:1033).
WARNING: [ANALYSIS 214-52] Found false intra dependency for variable 'linebuf_c.1' (/home/alen/repo/zynq-7020-video-pipe-3/hw/video-pipe-hw-v5/hw_011223.runs/bd_41e7_vsc_0_synth_1/prj/sol/.autopilot/db/v_vscaler.cpp:1033).
WARNING: [ANALYSIS 214-52] Found false intra dependency for variable 'linebuf_c' (/home/alen/repo/zynq-7020-video-pipe-3/hw/video-pipe-hw-v5/hw_011223.runs/bd_41e7_vsc_0_synth_1/prj/sol/.autopilot/db/v_vscaler.cpp:1033).
WARNING: [ANALYSIS 214-52] Found false inter dependency for variable 'LineBuf.5' (/home/alen/repo/zynq-7020-video-pipe-3/hw/video-pipe-hw-v5/hw_011223.runs/bd_41e7_vsc_0_synth_1/prj/sol/.autopilot/db/v_vscaler.cpp:214).
WARNING: [ANALYSIS 214-52] Found false inter dependency for variable 'LineBuf.4' (/home/alen/repo/zynq-7020-video-pipe-3/hw/video-pipe-hw-v5/hw_011223.runs/bd_41e7_vsc_0_synth_1/prj/sol/.autopilot/db/v_vscaler.cpp:214).
WARNING: [ANALYSIS 214-52] Found false inter dependency for variable 'LineBuf.3' (/home/alen/repo/zynq-7020-video-pipe-3/hw/video-pipe-hw-v5/hw_011223.runs/bd_41e7_vsc_0_synth_1/prj/sol/.autopilot/db/v_vscaler.cpp:214).
WARNING: [ANALYSIS 214-52] Found false inter dependency for variable 'LineBuf.2' (/home/alen/repo/zynq-7020-video-pipe-3/hw/video-pipe-hw-v5/hw_011223.runs/bd_41e7_vsc_0_synth_1/prj/sol/.autopilot/db/v_vscaler.cpp:214).
WARNING: [ANALYSIS 214-52] Found false inter dependency for variable 'LineBuf.1' (/home/alen/repo/zynq-7020-video-pipe-3/hw/video-pipe-hw-v5/hw_011223.runs/bd_41e7_vsc_0_synth_1/prj/sol/.autopilot/db/v_vscaler.cpp:214).
WARNING: [ANALYSIS 214-52] Found false inter dependency for variable 'LineBuf' (/home/alen/repo/zynq-7020-video-pipe-3/hw/video-pipe-hw-v5/hw_011223.runs/bd_41e7_vsc_0_synth_1/prj/sol/.autopilot/db/v_vscaler.cpp:214).
WARNING: [ANALYSIS 214-52] Found false intra dependency for variable 'LineBuf.5' (/home/alen/repo/zynq-7020-video-pipe-3/hw/video-pipe-hw-v5/hw_011223.runs/bd_41e7_vsc_0_synth_1/prj/sol/.autopilot/db/v_vscaler.cpp:214).
WARNING: [ANALYSIS 214-52] Found false intra dependency for variable 'LineBuf.4' (/home/alen/repo/zynq-7020-video-pipe-3/hw/video-pipe-hw-v5/hw_011223.runs/bd_41e7_vsc_0_synth_1/prj/sol/.autopilot/db/v_vscaler.cpp:214).
WARNING: [ANALYSIS 214-52] Found false intra dependency for variable 'LineBuf.3' (/home/alen/repo/zynq-7020-video-pipe-3/hw/video-pipe-hw-v5/hw_011223.runs/bd_41e7_vsc_0_synth_1/prj/sol/.autopilot/db/v_vscaler.cpp:214).
WARNING: [ANALYSIS 214-52] Found false intra dependency for variable 'LineBuf.2' (/home/alen/repo/zynq-7020-video-pipe-3/hw/video-pipe-hw-v5/hw_011223.runs/bd_41e7_vsc_0_synth_1/prj/sol/.autopilot/db/v_vscaler.cpp:214).
WARNING: [ANALYSIS 214-52] Found false intra dependency for variable 'LineBuf.1' (/home/alen/repo/zynq-7020-video-pipe-3/hw/video-pipe-hw-v5/hw_011223.runs/bd_41e7_vsc_0_synth_1/prj/sol/.autopilot/db/v_vscaler.cpp:214).
WARNING: [ANALYSIS 214-52] Found false intra dependency for variable 'LineBuf' (/home/alen/repo/zynq-7020-video-pipe-3/hw/video-pipe-hw-v5/hw_011223.runs/bd_41e7_vsc_0_synth_1/prj/sol/.autopilot/db/v_vscaler.cpp:214).
WARNING: [ANALYSIS 214-52] Found false inter dependency for variable 'linebuf_y.1' (/home/alen/repo/zynq-7020-video-pipe-3/hw/video-pipe-hw-v5/hw_011223.runs/bd_41e7_vsc_0_synth_1/prj/sol/.autopilot/db/v_vscaler.cpp:1032).
WARNING: [ANALYSIS 214-52] Found false inter dependency for variable 'linebuf_y' (/home/alen/repo/zynq-7020-video-pipe-3/hw/video-pipe-hw-v5/hw_011223.runs/bd_41e7_vsc_0_synth_1/prj/sol/.autopilot/db/v_vscaler.cpp:1032).
WARNING: [ANALYSIS 214-52] Found false intra dependency for variable 'linebuf_y.1' (/home/alen/repo/zynq-7020-video-pipe-3/hw/video-pipe-hw-v5/hw_011223.runs/bd_41e7_vsc_0_synth_1/prj/sol/.autopilot/db/v_vscaler.cpp:1032).
WARNING: [ANALYSIS 214-52] Found false intra dependency for variable 'linebuf_y' (/home/alen/repo/zynq-7020-video-pipe-3/hw/video-pipe-hw-v5/hw_011223.runs/bd_41e7_vsc_0_synth_1/prj/sol/.autopilot/db/v_vscaler.cpp:1032).
WARNING: [ANALYSIS 214-52] Found false inter dependency for variable 'linebuf_c.2' (/home/alen/repo/zynq-7020-video-pipe-3/hw/video-pipe-hw-v5/hw_011223.runs/bd_41e7_vsc_0_synth_1/prj/sol/.autopilot/db/v_vscaler.cpp:1033).
WARNING: [ANALYSIS 214-52] Found false inter dependency for variable 'linebuf_c.1' (/home/alen/repo/zynq-7020-video-pipe-3/hw/video-pipe-hw-v5/hw_011223.runs/bd_41e7_vsc_0_synth_1/prj/sol/.autopilot/db/v_vscaler.cpp:1033).
WARNING: [ANALYSIS 214-52] Found false inter dependency for variable 'linebuf_c' (/home/alen/repo/zynq-7020-video-pipe-3/hw/video-pipe-hw-v5/hw_011223.runs/bd_41e7_vsc_0_synth_1/prj/sol/.autopilot/db/v_vscaler.cpp:1033).
WARNING: [ANALYSIS 214-52] Found false intra dependency for variable 'linebuf_c.2' (/home/alen/repo/zynq-7020-video-pipe-3/hw/video-pipe-hw-v5/hw_011223.runs/bd_41e7_vsc_0_synth_1/prj/sol/.autopilot/db/v_vscaler.cpp:1033).
WARNING: [ANALYSIS 214-52] Found false intra dependency for variable 'linebuf_c.1' (/home/alen/repo/zynq-7020-video-pipe-3/hw/video-pipe-hw-v5/hw_011223.runs/bd_41e7_vsc_0_synth_1/prj/sol/.autopilot/db/v_vscaler.cpp:1033).
WARNING: [ANALYSIS 214-52] Found false intra dependency for variable 'linebuf_c' (/home/alen/repo/zynq-7020-video-pipe-3/hw/video-pipe-hw-v5/hw_011223.runs/bd_41e7_vsc_0_synth_1/prj/sol/.autopilot/db/v_vscaler.cpp:1033).
WARNING: [HLS 200-1614] Cosimulation may deadlock if process AXIvideo2MultiPixStream has a streamed top-level array input and has predecessor processes. If a deadlock occurs, please consider converting the streamed array into an hls::stream
WARNING: [HLS 200-1449] Process vscale_core_polyphase has both a predecessor and reads an input from its caller (see the GUI dataflow viewer). This may lead to lower throughput. Consider copying this input via a predecessor process.
INFO: [HLS 200-111] Finished Architecture Synthesis: CPU user time: 0.29 seconds. CPU system time: 0.04 seconds. Elapsed time: 0.34 seconds; current allocated memory: 360.371 MB.
INFO: [HLS 200-10] Starting hardware synthesis ...
INFO: [HLS 200-10] Synthesizing 'v_vscaler' ...
WARNING: [SYN 201-103] Legalizing function name 'reg<unsigned short>' to 'reg_unsigned_short_s'.
INFO: [HLS 200-10] ----------------------------------------------------------------
INFO: [HLS 200-42] -- Implementing module 'Block_entry4_proc' 
INFO: [HLS 200-10] ----------------------------------------------------------------
INFO: [SCHED 204-11] Starting scheduling ...
###	 Num	NTree	NLUT	EssAll	EssLUT	Size	MSize	Lev	MLev	Sel	Phy 
####	 0	0	0	14	0	-nan	0	-nan	0	0	0
INFO: [SCHED 204-11] Generating True dependence constraints ... 
INFO: [SCHED 204-11] Generating Auxiliary dependence constraints ... 
INFO: [SCHED 204-11] Generating Ternary mapping constraints ... 
INFO: [SCHED 204-11] Generating Lut Grouping constraints ... 
INFO: [SCHED 204-11] Generating Node latency constraints ... 
INFO: [SCHED 204-11] Generating Relative time constraints ... 
INFO: [SCHED 204-11] Generating Protocol constraints ... 
INFO: [SCHED 204-11] Generating Precedence constraints ... 
INFO: [SCHED 204-11] Generating Supporting dependence constraints ... 
INFO: [SCHED 204-11] Generating Pipeline constraints ... 
INFO: [SCHED 204-11] Generating DSP mapping constraints ... 
INFO: [SCHED 204-11] Generating Supporting dependence constraints ... 
INFO: [SCHED 204-11] Generating Resource constraints ... 
INFO: [SCHED 204-11] Generating Latency constraints ... 
INFO: [SCHED 204-11] Generating Latency constraints ... 
INFO: [SCHED 204-11] Generating Cycle time constraints ... 
INFO: [SCHED 204-11] Generating Blocking node constraints ... 
INFO: [SCHED 204-11] Generating Chaining constraints ... 
INFO: [SCHED 204-11] Generating Operation gating constraints ... 
INFO: [SCHED 204-11] Generating Variable bound constraints ... 
INFO: [SCHED 204-11] Generating PHI node constraints ... 
INFO: [SCHED 204-11] Start checking consistency (resolving sdc graph) ...
INFO: [SCHED 204-11] Finished checking consistency.
INFO: [SCHED 204-11] Start scheduling optimization (solving LP) ...
INFO: [SCHED 204-11] Finished scheduling optimization.
INFO: [SCHED 204-11] Start constructing STG ...
INFO: [SCHED 204-11] Finished constructing STG.
INFO: [SCHED 204-11] Finished scheduling.
INFO: [HLS 200-111] Finished Scheduling: CPU user time: 0.11 seconds. CPU system time: 0.03 seconds. Elapsed time: 0.14 seconds; current allocated memory: 361.898 MB.
INFO: [BIND 205-100] Starting micro-architecture generation ...
INFO: [BIND 205-101] Performing variable lifetime analysis.
INFO: [BIND 205-101] Exploring resource sharing.
INFO: [BIND 205-101] Binding ...
INFO: [BIND 205-100] Finished micro-architecture generation.
INFO: [HLS 200-111] Finished Binding: CPU user time: 0.01 seconds. CPU system time: 0.01 seconds. Elapsed time: 0.02 seconds; current allocated memory: 361.898 MB.
INFO: [HLS 200-10] ----------------------------------------------------------------
INFO: [HLS 200-42] -- Implementing module 'reg_unsigned_short_s' 
INFO: [HLS 200-10] ----------------------------------------------------------------
INFO: [SCHED 204-11] Starting scheduling ...
###	 Num	NTree	NLUT	EssAll	EssLUT	Size	MSize	Lev	MLev	Sel	Phy 
####	 0	0	0	2	0	-nan	0	-nan	0	0	0
INFO: [SCHED 204-11] Generating True dependence constraints ... 
INFO: [SCHED 204-11] Generating Auxiliary dependence constraints ... 
INFO: [SCHED 204-11] Generating Ternary mapping constraints ... 
INFO: [SCHED 204-11] Generating Lut Grouping constraints ... 
INFO: [SCHED 204-11] Generating Node latency constraints ... 
INFO: [SCHED 204-11] Generating Relative time constraints ... 
INFO: [SCHED 204-11] Generating Protocol constraints ... 
INFO: [SCHED 204-11] Generating Precedence constraints ... 
INFO: [SCHED 204-11] Generating Supporting dependence constraints ... 
INFO: [SCHED 204-11] Generating Pipeline constraints ... 
INFO: [SCHED 204-61] Pipelining function 'reg<unsigned short>'.
INFO: [SCHED 204-11] Generating DSP mapping constraints ... 
INFO: [SCHED 204-11] Generating Supporting dependence constraints ... 
INFO: [SCHED 204-11] Generating Resource constraints ... 
INFO: [SCHED 204-11] Generating Latency constraints ... 
INFO: [SCHED 204-11] Generating Latency constraints ... 
INFO: [SCHED 204-11] Generating Cycle time constraints ... 
INFO: [SCHED 204-11] Generating Blocking node constraints ... 
INFO: [SCHED 204-11] Generating Chaining constraints ... 
INFO: [SCHED 204-11] Generating Operation gating constraints ... 
INFO: [SCHED 204-11] Generating Variable bound constraints ... 
INFO: [SCHED 204-11] Generating PHI node constraints ... 
INFO: [SCHED 204-11] Start checking consistency (resolving sdc graph) ...
INFO: [SCHED 204-11] Finished checking consistency.
INFO: [SCHED 204-11] Start scheduling optimization (solving LP) ...
INFO: [SCHED 204-11] Finished scheduling optimization.
INFO: [SCHED 204-11] Start constructing STG ...
INFO: [HLS 200-1470] Pipelining result : Target II = 1, Final II = 1, Depth = 2, function 'reg<unsigned short>'
INFO: [SCHED 204-11] Finished constructing STG.
INFO: [SCHED 204-11] Finished scheduling.
INFO: [HLS 200-111] Finished Scheduling: CPU user time: 0.08 seconds. CPU system time: 0 seconds. Elapsed time: 0.08 seconds; current allocated memory: 362.215 MB.
INFO: [BIND 205-100] Starting micro-architecture generation ...
INFO: [BIND 205-101] Performing variable lifetime analysis.
INFO: [BIND 205-101] Exploring resource sharing.
INFO: [BIND 205-101] Binding ...
INFO: [BIND 205-100] Finished micro-architecture generation.
INFO: [HLS 200-111] Finished Binding: CPU user time: 0.01 seconds. CPU system time: 0 seconds. Elapsed time: 0.01 seconds; current allocated memory: 362.215 MB.
INFO: [HLS 200-10] ----------------------------------------------------------------
INFO: [HLS 200-42] -- Implementing module 'AXIvideo2MultiPixStream_Pipeline_loop_wait_for_start' 
INFO: [HLS 200-10] ----------------------------------------------------------------
INFO: [SCHED 204-11] Starting scheduling ...
###	 Num	NTree	NLUT	EssAll	EssLUT	Size	MSize	Lev	MLev	Sel	Phy 
####	 0	0	0	14	0	-nan	0	-nan	0	0	0
INFO: [SCHED 204-11] Generating True dependence constraints ... 
INFO: [SCHED 204-11] Generating Auxiliary dependence constraints ... 
INFO: [SCHED 204-11] Generating Ternary mapping constraints ... 
INFO: [SCHED 204-11] Generating Lut Grouping constraints ... 
INFO: [SCHED 204-11] Generating Node latency constraints ... 
INFO: [SCHED 204-11] Generating Relative time constraints ... 
INFO: [SCHED 204-11] Generating Protocol constraints ... 
INFO: [SCHED 204-11] Generating Precedence constraints ... 
INFO: [SCHED 204-11] Generating Supporting dependence constraints ... 
INFO: [SCHED 204-11] Generating Pipeline constraints ... 
INFO: [SCHED 204-61] Pipelining loop 'loop_wait_for_start'.
INFO: [SCHED 204-11] Generating DSP mapping constraints ... 
INFO: [SCHED 204-11] Generating Supporting dependence constraints ... 
INFO: [SCHED 204-11] Generating Resource constraints ... 
INFO: [SCHED 204-11] Generating Latency constraints ... 
INFO: [SCHED 204-11] Generating Latency constraints ... 
INFO: [SCHED 204-11] Generating Cycle time constraints ... 
INFO: [SCHED 204-11] Generating Blocking node constraints ... 
INFO: [SCHED 204-11] Generating Chaining constraints ... 
INFO: [SCHED 204-11] Generating Operation gating constraints ... 
INFO: [SCHED 204-11] Generating Variable bound constraints ... 
INFO: [SCHED 204-11] Generating PHI node constraints ... 
INFO: [SCHED 204-11] Start checking consistency (resolving sdc graph) ...
INFO: [SCHED 204-11] Finished checking consistency.
INFO: [SCHED 204-11] Start scheduling optimization (solving LP) ...
INFO: [SCHED 204-11] Finished scheduling optimization.
INFO: [SCHED 204-11] Start constructing STG ...
INFO: [HLS 200-1470] Pipelining result : Target II = 1, Final II = 1, Depth = 1, loop 'loop_wait_for_start'
INFO: [SCHED 204-11] Finished constructing STG.
INFO: [SCHED 204-11] Finished scheduling.
INFO: [HLS 200-111] Finished Scheduling: CPU user time: 0.08 seconds. CPU system time: 0.01 seconds. Elapsed time: 0.09 seconds; current allocated memory: 362.590 MB.
INFO: [BIND 205-100] Starting micro-architecture generation ...
INFO: [BIND 205-101] Performing variable lifetime analysis.
INFO: [BIND 205-101] Exploring resource sharing.
INFO: [BIND 205-101] Binding ...
INFO: [BIND 205-100] Finished micro-architecture generation.
INFO: [HLS 200-111] Finished Binding: CPU user time: 0.02 seconds. CPU system time: 0 seconds. Elapsed time: 0.02 seconds; current allocated memory: 362.590 MB.
INFO: [HLS 200-10] ----------------------------------------------------------------
INFO: [HLS 200-42] -- Implementing module 'AXIvideo2MultiPixStream_Pipeline_loop_width' 
INFO: [HLS 200-10] ----------------------------------------------------------------
INFO: [SCHED 204-11] Starting scheduling ...
###	 Num	NTree	NLUT	EssAll	EssLUT	Size	MSize	Lev	MLev	Sel	Phy 
####	 3	0	3	40	6	2	2	2	2	6	0
INFO: [SCHED 204-11] Generating True dependence constraints ... 
INFO: [SCHED 204-11] Generating Auxiliary dependence constraints ... 
INFO: [SCHED 204-11] Generating Ternary mapping constraints ... 
INFO: [SCHED 204-11] Generating Lut Grouping constraints ... 
INFO: [SCHED 204-11] Generating Node latency constraints ... 
INFO: [SCHED 204-11] Generating Relative time constraints ... 
INFO: [SCHED 204-11] Generating Protocol constraints ... 
INFO: [SCHED 204-11] Generating Precedence constraints ... 
INFO: [SCHED 204-11] Generating Supporting dependence constraints ... 
INFO: [SCHED 204-11] Generating Pipeline constraints ... 
INFO: [SCHED 204-61] Pipelining loop 'loop_width'.
INFO: [SCHED 204-11] Generating DSP mapping constraints ... 
INFO: [SCHED 204-11] Generating Supporting dependence constraints ... 
INFO: [SCHED 204-11] Generating Resource constraints ... 
INFO: [SCHED 204-11] Generating Latency constraints ... 
INFO: [SCHED 204-11] Generating Latency constraints ... 
INFO: [SCHED 204-11] Generating Cycle time constraints ... 
INFO: [SCHED 204-11] Generating Blocking node constraints ... 
INFO: [SCHED 204-11] Generating Chaining constraints ... 
INFO: [SCHED 204-11] Generating Operation gating constraints ... 
INFO: [SCHED 204-11] Generating Variable bound constraints ... 
INFO: [SCHED 204-11] Generating PHI node constraints ... 
INFO: [SCHED 204-11] Start checking consistency (resolving sdc graph) ...
INFO: [SCHED 204-11] Finished checking consistency.
INFO: [SCHED 204-11] Start scheduling optimization (solving LP) ...
INFO: [SCHED 204-11] Finished scheduling optimization.
INFO: [SCHED 204-11] Start constructing STG ...
INFO: [HLS 200-1470] Pipelining result : Target II = 1, Final II = 1, Depth = 2, loop 'loop_width'
WARNING: [HLS 200-871] Estimated clock period (5.815 ns) exceeds the target (target clock period: 7.000 ns, clock uncertainty: 1.890 ns, effective delay budget: 5.110 ns).
Resolution: For help on HLS 200-871 see docs.xilinx.com/access/sources/dita/topic?Doc_Version=2023.2%20English&url=ug1448-hls-guidance&resourceid=200-871.html
WARNING: [HLS 200-1016] The critical path in module 'AXIvideo2MultiPixStream_Pipeline_loop_width' consists of the following:
	'store' operation 0 bit ('j_write_ln817', /home/alen/repo/zynq-7020-video-pipe-3/hw/video-pipe-hw-v5/hw_011223.runs/bd_41e7_vsc_0_synth_1/prj/sol/.autopilot/db/v_vscaler.cpp:817) of constant 0 on local variable 'j', /home/alen/repo/zynq-7020-video-pipe-3/hw/video-pipe-hw-v5/hw_011223.runs/bd_41e7_vsc_0_synth_1/prj/sol/.autopilot/db/v_vscaler.cpp:817 [35]  (1.588 ns)
	'load' operation 11 bit ('j', /home/alen/repo/zynq-7020-video-pipe-3/hw/video-pipe-hw-v5/hw_011223.runs/bd_41e7_vsc_0_synth_1/prj/sol/.autopilot/db/v_vscaler.cpp:817) on local variable 'j', /home/alen/repo/zynq-7020-video-pipe-3/hw/video-pipe-hw-v5/hw_011223.runs/bd_41e7_vsc_0_synth_1/prj/sol/.autopilot/db/v_vscaler.cpp:817 [40]  (0.000 ns)
	'icmp' operation 1 bit ('icmp_ln817', /home/alen/repo/zynq-7020-video-pipe-3/hw/video-pipe-hw-v5/hw_011223.runs/bd_41e7_vsc_0_synth_1/prj/sol/.autopilot/db/v_vscaler.cpp:817) [41]  (1.639 ns)
	axis read operation ('empty', /home/alen/repo/zynq-7020-video-pipe-3/hw/video-pipe-hw-v5/hw_011223.runs/bd_41e7_vsc_0_synth_1/prj/sol/.autopilot/db/v_vscaler.cpp:827) on port 's_axis_video_V_data_V' (/home/alen/repo/zynq-7020-video-pipe-3/hw/video-pipe-hw-v5/hw_011223.runs/bd_41e7_vsc_0_synth_1/prj/sol/.autopilot/db/v_vscaler.cpp:827) [51]  (1.000 ns)
	'store' operation 0 bit ('axi_last_write_ln792', /home/alen/repo/zynq-7020-video-pipe-3/hw/video-pipe-hw-v5/hw_011223.runs/bd_41e7_vsc_0_synth_1/prj/sol/.autopilot/db/v_vscaler.cpp:792) of variable 'axi.last', /home/alen/repo/zynq-7020-video-pipe-3/hw/video-pipe-hw-v5/hw_011223.runs/bd_41e7_vsc_0_synth_1/prj/sol/.autopilot/db/v_vscaler.cpp:827 on local variable 'axi.last', /home/alen/repo/zynq-7020-video-pipe-3/hw/video-pipe-hw-v5/hw_011223.runs/bd_41e7_vsc_0_synth_1/prj/sol/.autopilot/db/v_vscaler.cpp:792 [55]  (1.588 ns)

Resolution: For help on HLS 200-1016 see docs.xilinx.com/access/sources/dita/topic?Doc_Version=2023.2%20English&url=ug1448-hls-guidance&resourceid=200-1016.html
INFO: [SCHED 204-11] Finished constructing STG.
INFO: [SCHED 204-11] Finished scheduling.
INFO: [HLS 200-111] Finished Scheduling: CPU user time: 0.13 seconds. CPU system time: 0.01 seconds. Elapsed time: 0.14 seconds; current allocated memory: 363.250 MB.
INFO: [BIND 205-100] Starting micro-architecture generation ...
INFO: [BIND 205-101] Performing variable lifetime analysis.
INFO: [BIND 205-101] Exploring resource sharing.
INFO: [BIND 205-101] Binding ...
INFO: [BIND 205-100] Finished micro-architecture generation.
INFO: [HLS 200-111] Finished Binding: CPU user time: 0.01 seconds. CPU system time: 0 seconds. Elapsed time: 0.03 seconds; current allocated memory: 363.250 MB.
INFO: [HLS 200-10] ----------------------------------------------------------------
INFO: [HLS 200-42] -- Implementing module 'AXIvideo2MultiPixStream_Pipeline_loop_wait_for_eol' 
INFO: [HLS 200-10] ----------------------------------------------------------------
INFO: [SCHED 204-11] Starting scheduling ...
###	 Num	NTree	NLUT	EssAll	EssLUT	Size	MSize	Lev	MLev	Sel	Phy 
####	 0	0	0	15	0	-nan	0	-nan	0	0	0
INFO: [SCHED 204-11] Generating True dependence constraints ... 
INFO: [SCHED 204-11] Generating Auxiliary dependence constraints ... 
INFO: [SCHED 204-11] Generating Ternary mapping constraints ... 
INFO: [SCHED 204-11] Generating Lut Grouping constraints ... 
INFO: [SCHED 204-11] Generating Node latency constraints ... 
INFO: [SCHED 204-11] Generating Relative time constraints ... 
INFO: [SCHED 204-11] Generating Protocol constraints ... 
INFO: [SCHED 204-11] Generating Precedence constraints ... 
INFO: [SCHED 204-11] Generating Supporting dependence constraints ... 
INFO: [SCHED 204-11] Generating Pipeline constraints ... 
INFO: [SCHED 204-61] Pipelining loop 'loop_wait_for_eol'.
INFO: [SCHED 204-11] Generating DSP mapping constraints ... 
INFO: [SCHED 204-11] Generating Supporting dependence constraints ... 
INFO: [SCHED 204-11] Generating Resource constraints ... 
INFO: [SCHED 204-11] Generating Latency constraints ... 
INFO: [SCHED 204-11] Generating Latency constraints ... 
INFO: [SCHED 204-11] Generating Cycle time constraints ... 
INFO: [SCHED 204-11] Generating Blocking node constraints ... 
INFO: [SCHED 204-11] Generating Chaining constraints ... 
INFO: [SCHED 204-11] Generating Operation gating constraints ... 
INFO: [SCHED 204-11] Generating Variable bound constraints ... 
INFO: [SCHED 204-11] Generating PHI node constraints ... 
INFO: [SCHED 204-11] Start checking consistency (resolving sdc graph) ...
INFO: [SCHED 204-11] Finished checking consistency.
INFO: [SCHED 204-11] Start scheduling optimization (solving LP) ...
INFO: [SCHED 204-11] Finished scheduling optimization.
INFO: [SCHED 204-11] Start constructing STG ...
INFO: [HLS 200-1470] Pipelining result : Target II = 1, Final II = 1, Depth = 1, loop 'loop_wait_for_eol'
INFO: [SCHED 204-11] Finished constructing STG.
INFO: [SCHED 204-11] Finished scheduling.
INFO: [HLS 200-111] Finished Scheduling: CPU user time: 0.11 seconds. CPU system time: 0.01 seconds. Elapsed time: 0.12 seconds; current allocated memory: 363.715 MB.
INFO: [BIND 205-100] Starting micro-architecture generation ...
INFO: [BIND 205-101] Performing variable lifetime analysis.
INFO: [BIND 205-101] Exploring resource sharing.
INFO: [BIND 205-101] Binding ...
INFO: [BIND 205-100] Finished micro-architecture generation.
INFO: [HLS 200-111] Finished Binding: CPU user time: 0.02 seconds. CPU system time: 0 seconds. Elapsed time: 0.02 seconds; current allocated memory: 363.715 MB.
INFO: [HLS 200-10] ----------------------------------------------------------------
INFO: [HLS 200-42] -- Implementing module 'AXIvideo2MultiPixStream' 
INFO: [HLS 200-10] ----------------------------------------------------------------
INFO: [SCHED 204-11] Starting scheduling ...
###	 Num	NTree	NLUT	EssAll	EssLUT	Size	MSize	Lev	MLev	Sel	Phy 
####	 0	0	0	36	0	-nan	0	-nan	0	0	0
INFO: [SCHED 204-11] Generating True dependence constraints ... 
INFO: [SCHED 204-11] Generating Auxiliary dependence constraints ... 
INFO: [SCHED 204-11] Generating Ternary mapping constraints ... 
INFO: [SCHED 204-11] Generating Lut Grouping constraints ... 
INFO: [SCHED 204-11] Generating Node latency constraints ... 
INFO: [SCHED 204-11] Generating Relative time constraints ... 
INFO: [SCHED 204-11] Generating Protocol constraints ... 
INFO: [SCHED 204-11] Generating Precedence constraints ... 
INFO: [SCHED 204-11] Generating Supporting dependence constraints ... 
INFO: [SCHED 204-11] Generating Pipeline constraints ... 
INFO: [SCHED 204-11] Generating DSP mapping constraints ... 
INFO: [SCHED 204-11] Generating Supporting dependence constraints ... 
INFO: [SCHED 204-11] Generating Resource constraints ... 
INFO: [SCHED 204-11] Generating Latency constraints ... 
INFO: [SCHED 204-11] Generating Latency constraints ... 
INFO: [SCHED 204-11] Generating Cycle time constraints ... 
INFO: [SCHED 204-11] Generating Blocking node constraints ... 
INFO: [SCHED 204-11] Generating Chaining constraints ... 
INFO: [SCHED 204-11] Generating Operation gating constraints ... 
INFO: [SCHED 204-11] Generating Variable bound constraints ... 
INFO: [SCHED 204-11] Generating PHI node constraints ... 
INFO: [SCHED 204-11] Start checking consistency (resolving sdc graph) ...
INFO: [SCHED 204-11] Finished checking consistency.
INFO: [SCHED 204-11] Start scheduling optimization (solving LP) ...
INFO: [SCHED 204-11] Finished scheduling optimization.
INFO: [SCHED 204-11] Start constructing STG ...
WARNING: [HLS 200-871] Estimated clock period (5.154 ns) exceeds the target (target clock period: 7.000 ns, clock uncertainty: 1.890 ns, effective delay budget: 5.110 ns).
Resolution: For help on HLS 200-871 see docs.xilinx.com/access/sources/dita/topic?Doc_Version=2023.2%20English&url=ug1448-hls-guidance&resourceid=200-871.html
WARNING: [HLS 200-1016] The critical path in module 'AXIvideo2MultiPixStream' consists of the following:
	'load' operation 30 bit ('axi_data_13_load') on local variable 'axi.data', /home/alen/repo/zynq-7020-video-pipe-3/hw/video-pipe-hw-v5/hw_011223.runs/bd_41e7_vsc_0_synth_1/prj/sol/.autopilot/db/v_vscaler.cpp:792 [55]  (0.000 ns)
	'call' operation 0 bit ('_ln862', /home/alen/repo/zynq-7020-video-pipe-3/hw/video-pipe-hw-v5/hw_011223.runs/bd_41e7_vsc_0_synth_1/prj/sol/.autopilot/db/v_vscaler.cpp:862) to 'AXIvideo2MultiPixStream_Pipeline_loop_width' [58]  (5.154 ns)

Resolution: For help on HLS 200-1016 see docs.xilinx.com/access/sources/dita/topic?Doc_Version=2023.2%20English&url=ug1448-hls-guidance&resourceid=200-1016.html
INFO: [SCHED 204-11] Finished constructing STG.
INFO: [SCHED 204-11] Finished scheduling.
INFO: [HLS 200-111] Finished Scheduling: CPU user time: 0.12 seconds. CPU system time: 0.02 seconds. Elapsed time: 0.15 seconds; current allocated memory: 364.352 MB.
INFO: [BIND 205-100] Starting micro-architecture generation ...
INFO: [BIND 205-101] Performing variable lifetime analysis.
INFO: [BIND 205-101] Exploring resource sharing.
INFO: [BIND 205-101] Binding ...
INFO: [BIND 205-100] Finished micro-architecture generation.
INFO: [HLS 200-111] Finished Binding: CPU user time: 0.03 seconds. CPU system time: 0 seconds. Elapsed time: 0.03 seconds; current allocated memory: 364.352 MB.
INFO: [HLS 200-10] ----------------------------------------------------------------
INFO: [HLS 200-42] -- Implementing module 'v_vcresampler_core_Pipeline_VITIS_LOOP_1057_2' 
INFO: [HLS 200-10] ----------------------------------------------------------------
INFO: [SCHED 204-11] Starting scheduling ...
INFO: [SYN 201-351] The following objects are mapped to a ternary adder tree.
   a  'phi' operation 10 bit ('LineBufVal') with incoming values : ('InCPix') ('LineBufVal_14', /home/alen/repo/zynq-7020-video-pipe-3/hw/video-pipe-hw-v5/hw_011223.runs/bd_41e7_vsc_0_synth_1/prj/sol/.autopilot/db/v_vscaler.cpp:1119)
   b  'select' operation 10 bit ('PixBufVal', /home/alen/repo/zynq-7020-video-pipe-3/hw/video-pipe-hw-v5/hw_011223.runs/bd_41e7_vsc_0_synth_1/prj/sol/.autopilot/db/v_vscaler.cpp:1125)
   c  constant 1

INFO: [SYN 201-351] The following objects are mapped to a ternary adder tree.
   a  'bitconcatenate' operation 11 bit ('shl_ln', /home/alen/repo/zynq-7020-video-pipe-3/hw/video-pipe-hw-v5/hw_011223.runs/bd_41e7_vsc_0_synth_1/prj/sol/.autopilot/db/v_vscaler.cpp:1196)
   b  'add' operation 11 bit ('add_ln1196', /home/alen/repo/zynq-7020-video-pipe-3/hw/video-pipe-hw-v5/hw_011223.runs/bd_41e7_vsc_0_synth_1/prj/sol/.autopilot/db/v_vscaler.cpp:1196)
   c  'phi' operation 10 bit ('LineBufCVal') with incoming values : ('LineBufVal', /home/alen/repo/zynq-7020-video-pipe-3/hw/video-pipe-hw-v5/hw_011223.runs/bd_41e7_vsc_0_synth_1/prj/sol/.autopilot/db/v_vscaler.cpp:1119) ('LineBufCVal', /home/alen/repo/zynq-7020-video-pipe-3/hw/video-pipe-hw-v5/hw_011223.runs/bd_41e7_vsc_0_synth_1/prj/sol/.autopilot/db/v_vscaler.cpp:1171)

###	 Num	NTree	NLUT	EssAll	EssLUT	Size	MSize	Lev	MLev	Sel	Phy 
####	 1	0	2	79	8	4	5	3	3	3	0
INFO: [SCHED 204-11] Generating True dependence constraints ... 
INFO: [SCHED 204-11] Generating Auxiliary dependence constraints ... 
INFO: [SCHED 204-11] Generating Ternary mapping constraints ... 
INFO: [SCHED 204-11] Generating Lut Grouping constraints ... 
INFO: [SCHED 204-11] Generating Node latency constraints ... 
INFO: [SCHED 204-11] Generating Relative time constraints ... 
INFO: [SCHED 204-11] Generating Protocol constraints ... 
INFO: [SCHED 204-11] Generating Precedence constraints ... 
INFO: [SCHED 204-11] Generating Supporting dependence constraints ... 
INFO: [SCHED 204-11] Generating Pipeline constraints ... 
INFO: [SCHED 204-61] Pipelining loop 'VITIS_LOOP_1057_2'.
INFO: [SCHED 204-61]  rescheduled in stage scheduling from 0 to 2 with current asap = 0, alap = 2
INFO: [SCHED 204-11] Generating DSP mapping constraints ... 
INFO: [SCHED 204-11] Generating Supporting dependence constraints ... 
INFO: [SCHED 204-11] Generating Resource constraints ... 
INFO: [SCHED 204-11] Generating Latency constraints ... 
INFO: [SCHED 204-11] Generating Latency constraints ... 
INFO: [SCHED 204-11] Generating Cycle time constraints ... 
INFO: [SCHED 204-11] Generating Blocking node constraints ... 
INFO: [SCHED 204-11] Generating Chaining constraints ... 
INFO: [SCHED 204-11] Generating Operation gating constraints ... 
INFO: [SCHED 204-11] Generating Variable bound constraints ... 
INFO: [SCHED 204-11] Generating PHI node constraints ... 
INFO: [SCHED 204-11] Start checking consistency (resolving sdc graph) ...
INFO: [SCHED 204-11] Finished checking consistency.
INFO: [SCHED 204-11] Start scheduling optimization (solving LP) ...
INFO: [SCHED 204-11] Finished scheduling optimization.
INFO: [SCHED 204-11] Start constructing STG ...
INFO: [HLS 200-1470] Pipelining result : Target II = 1, Final II = 1, Depth = 5, loop 'VITIS_LOOP_1057_2'
INFO: [SCHED 204-11] Finished constructing STG.
INFO: [SCHED 204-11] Finished scheduling.
INFO: [HLS 200-111] Finished Scheduling: CPU user time: 0.17 seconds. CPU system time: 0.02 seconds. Elapsed time: 0.2 seconds; current allocated memory: 365.867 MB.
INFO: [BIND 205-100] Starting micro-architecture generation ...
INFO: [BIND 205-101] Performing variable lifetime analysis.
INFO: [BIND 205-101] Exploring resource sharing.
INFO: [BIND 205-101] Binding ...
INFO: [BIND 205-100] Finished micro-architecture generation.
INFO: [HLS 200-111] Finished Binding: CPU user time: 0.03 seconds. CPU system time: 0.01 seconds. Elapsed time: 0.04 seconds; current allocated memory: 365.867 MB.
INFO: [HLS 200-10] ----------------------------------------------------------------
INFO: [HLS 200-42] -- Implementing module 'v_vcresampler_core' 
INFO: [HLS 200-10] ----------------------------------------------------------------
INFO: [SCHED 204-11] Starting scheduling ...
###	 Num	NTree	NLUT	EssAll	EssLUT	Size	MSize	Lev	MLev	Sel	Phy 
####	 4	0	1	29	3	3	3	2	2	2	0
INFO: [SCHED 204-11] Generating True dependence constraints ... 
INFO: [SCHED 204-11] Generating Auxiliary dependence constraints ... 
INFO: [SCHED 204-11] Generating Ternary mapping constraints ... 
INFO: [SCHED 204-11] Generating Lut Grouping constraints ... 
INFO: [SCHED 204-11] Generating Node latency constraints ... 
INFO: [SCHED 204-11] Generating Relative time constraints ... 
INFO: [SCHED 204-11] Generating Protocol constraints ... 
INFO: [SCHED 204-11] Generating Precedence constraints ... 
INFO: [SCHED 204-11] Generating Supporting dependence constraints ... 
INFO: [SCHED 204-11] Generating Pipeline constraints ... 
INFO: [SCHED 204-11] Generating DSP mapping constraints ... 
INFO: [SCHED 204-11] Generating Supporting dependence constraints ... 
INFO: [SCHED 204-11] Generating Resource constraints ... 
INFO: [SCHED 204-11] Generating Latency constraints ... 
INFO: [SCHED 204-11] Generating Latency constraints ... 
INFO: [SCHED 204-11] Generating Cycle time constraints ... 
INFO: [SCHED 204-11] Generating Blocking node constraints ... 
INFO: [SCHED 204-11] Generating Chaining constraints ... 
INFO: [SCHED 204-11] Generating Operation gating constraints ... 
INFO: [SCHED 204-11] Generating Variable bound constraints ... 
INFO: [SCHED 204-11] Generating PHI node constraints ... 
INFO: [SCHED 204-11] Start checking consistency (resolving sdc graph) ...
INFO: [SCHED 204-11] Finished checking consistency.
INFO: [SCHED 204-11] Start scheduling optimization (solving LP) ...
INFO: [SCHED 204-11] Finished scheduling optimization.
INFO: [SCHED 204-11] Start constructing STG ...
INFO: [SCHED 204-11] Finished constructing STG.
INFO: [SCHED 204-11] Finished scheduling.
INFO: [HLS 200-111] Finished Scheduling: CPU user time: 0.16 seconds. CPU system time: 0 seconds. Elapsed time: 0.16 seconds; current allocated memory: 366.039 MB.
INFO: [BIND 205-100] Starting micro-architecture generation ...
INFO: [BIND 205-101] Performing variable lifetime analysis.
INFO: [BIND 205-101] Exploring resource sharing.
INFO: [BIND 205-101] Binding ...
INFO: [BIND 205-100] Finished micro-architecture generation.
INFO: [HLS 200-111] Finished Binding: CPU user time: 0.04 seconds. CPU system time: 0 seconds. Elapsed time: 0.03 seconds; current allocated memory: 366.039 MB.
INFO: [HLS 200-10] ----------------------------------------------------------------
INFO: [HLS 200-42] -- Implementing module 'vscale_core_polyphase_Pipeline_loop_init_coeff_phase_loop_init_coeff_tap' 
INFO: [HLS 200-10] ----------------------------------------------------------------
INFO: [SCHED 204-11] Starting scheduling ...
INFO: [SYN 201-351] The following objects are mapped to a ternary adder tree.
   a  'select' operation 3 bit ('select_ln249', /home/alen/repo/zynq-7020-video-pipe-3/hw/video-pipe-hw-v5/hw_011223.runs/bd_41e7_vsc_0_synth_1/prj/sol/.autopilot/db/v_vscaler.cpp:249)
   b  'bitconcatenate' operation 9 bit ('tmp_s', /home/alen/repo/zynq-7020-video-pipe-3/hw/video-pipe-hw-v5/hw_011223.runs/bd_41e7_vsc_0_synth_1/prj/sol/.autopilot/db/v_vscaler.cpp:254)
   c  'bitconcatenate' operation 8 bit ('tmp_16', /home/alen/repo/zynq-7020-video-pipe-3/hw/video-pipe-hw-v5/hw_011223.runs/bd_41e7_vsc_0_synth_1/prj/sol/.autopilot/db/v_vscaler.cpp:254)

###	 Num	NTree	NLUT	EssAll	EssLUT	Size	MSize	Lev	MLev	Sel	Phy 
####	 0	0	0	43	0	-nan	0	-nan	0	0	0
INFO: [SCHED 204-11] Generating True dependence constraints ... 
INFO: [SCHED 204-11] Generating Auxiliary dependence constraints ... 
INFO: [SCHED 204-11] Generating Ternary mapping constraints ... 
INFO: [SCHED 204-11] Generating Lut Grouping constraints ... 
INFO: [SCHED 204-11] Generating Node latency constraints ... 
INFO: [SCHED 204-11] Generating Relative time constraints ... 
INFO: [SCHED 204-11] Generating Protocol constraints ... 
INFO: [SCHED 204-11] Generating Precedence constraints ... 
INFO: [SCHED 204-11] Generating Supporting dependence constraints ... 
INFO: [SCHED 204-11] Generating Pipeline constraints ... 
INFO: [SCHED 204-61] Pipelining loop 'loop_init_coeff_phase_loop_init_coeff_tap'.
INFO: [SCHED 204-11] Generating DSP mapping constraints ... 
INFO: [SCHED 204-11] Generating Supporting dependence constraints ... 
INFO: [SCHED 204-11] Generating Resource constraints ... 
INFO: [SCHED 204-11] Generating Latency constraints ... 
INFO: [SCHED 204-11] Generating Latency constraints ... 
INFO: [SCHED 204-11] Generating Cycle time constraints ... 
INFO: [SCHED 204-11] Generating Blocking node constraints ... 
INFO: [SCHED 204-11] Generating Chaining constraints ... 
INFO: [SCHED 204-11] Generating Operation gating constraints ... 
INFO: [SCHED 204-11] Generating Variable bound constraints ... 
INFO: [SCHED 204-11] Generating PHI node constraints ... 
INFO: [SCHED 204-11] Start checking consistency (resolving sdc graph) ...
INFO: [SCHED 204-11] Finished checking consistency.
INFO: [SCHED 204-11] Start scheduling optimization (solving LP) ...
INFO: [SCHED 204-11] Finished scheduling optimization.
INFO: [SCHED 204-11] Start constructing STG ...
INFO: [HLS 200-1470] Pipelining result : Target II = NA, Final II = 1, Depth = 5, loop 'loop_init_coeff_phase_loop_init_coeff_tap'
WARNING: [HLS 200-871] Estimated clock period (6.091 ns) exceeds the target (target clock period: 7.000 ns, clock uncertainty: 1.890 ns, effective delay budget: 5.110 ns).
Resolution: For help on HLS 200-871 see docs.xilinx.com/access/sources/dita/topic?Doc_Version=2023.2%20English&url=ug1448-hls-guidance&resourceid=200-871.html
WARNING: [HLS 200-1016] The critical path in module 'vscale_core_polyphase_Pipeline_loop_init_coeff_phase_loop_init_coeff_tap' consists of the following:
	'store' operation 0 bit ('j_write_ln252', /home/alen/repo/zynq-7020-video-pipe-3/hw/video-pipe-hw-v5/hw_011223.runs/bd_41e7_vsc_0_synth_1/prj/sol/.autopilot/db/v_vscaler.cpp:252) of constant 0 on local variable 'j', /home/alen/repo/zynq-7020-video-pipe-3/hw/video-pipe-hw-v5/hw_011223.runs/bd_41e7_vsc_0_synth_1/prj/sol/.autopilot/db/v_vscaler.cpp:252 [21]  (1.588 ns)
	'load' operation 3 bit ('j_load', /home/alen/repo/zynq-7020-video-pipe-3/hw/video-pipe-hw-v5/hw_011223.runs/bd_41e7_vsc_0_synth_1/prj/sol/.autopilot/db/v_vscaler.cpp:252) on local variable 'j', /home/alen/repo/zynq-7020-video-pipe-3/hw/video-pipe-hw-v5/hw_011223.runs/bd_41e7_vsc_0_synth_1/prj/sol/.autopilot/db/v_vscaler.cpp:252 [29]  (0.000 ns)
	'icmp' operation 1 bit ('icmp_ln252', /home/alen/repo/zynq-7020-video-pipe-3/hw/video-pipe-hw-v5/hw_011223.runs/bd_41e7_vsc_0_synth_1/prj/sol/.autopilot/db/v_vscaler.cpp:252) [34]  (1.650 ns)
	'select' operation 3 bit ('select_ln249', /home/alen/repo/zynq-7020-video-pipe-3/hw/video-pipe-hw-v5/hw_011223.runs/bd_41e7_vsc_0_synth_1/prj/sol/.autopilot/db/v_vscaler.cpp:249) [35]  (0.980 ns)
	blocking operation 1.87264 ns on control path)

Resolution: For help on HLS 200-1016 see docs.xilinx.com/access/sources/dita/topic?Doc_Version=2023.2%20English&url=ug1448-hls-guidance&resourceid=200-1016.html
INFO: [SCHED 204-11] Finished constructing STG.
INFO: [SCHED 204-11] Finished scheduling.
INFO: [HLS 200-111] Finished Scheduling: CPU user time: 0.21 seconds. CPU system time: 0.01 seconds. Elapsed time: 0.22 seconds; current allocated memory: 366.922 MB.
INFO: [BIND 205-100] Starting micro-architecture generation ...
INFO: [BIND 205-101] Performing variable lifetime analysis.
INFO: [BIND 205-101] Exploring resource sharing.
INFO: [BIND 205-101] Binding ...
INFO: [BIND 205-100] Finished micro-architecture generation.
INFO: [HLS 200-111] Finished Binding: CPU user time: 0.03 seconds. CPU system time: 0 seconds. Elapsed time: 0.04 seconds; current allocated memory: 366.922 MB.
INFO: [HLS 200-10] ----------------------------------------------------------------
INFO: [HLS 200-42] -- Implementing module 'vscale_core_polyphase_Pipeline_loop_width_for_procpix' 
INFO: [HLS 200-10] ----------------------------------------------------------------
INFO: [SCHED 204-11] Starting scheduling ...
INFO: [HLS 200-486] Changing DSP latency (root=sum_2) to 3 in order to utilize available DSP registers.
INFO: [SYN 201-351] The following objects are mapped to a DSP.
   a  'load' operation 16 bit ('FiltCoeff_5_load', /home/alen/repo/zynq-7020-video-pipe-3/hw/video-pipe-hw-v5/hw_011223.runs/bd_41e7_vsc_0_synth_1/prj/sol/.autopilot/db/v_vscaler.cpp:394->/home/alen/repo/zynq-7020-video-pipe-3/hw/video-pipe-hw-v5/hw_011223.runs/bd_41e7_vsc_0_synth_1/prj/sol/.autopilot/db/v_vscaler.cpp:371) on array 'FiltCoeff_5'
   b  'phi' operation 10 bit ('empty_60', /home/alen/repo/zynq-7020-video-pipe-3/hw/video-pipe-hw-v5/hw_011223.runs/bd_41e7_vsc_0_synth_1/prj/sol/.autopilot/db/v_vscaler.cpp:329) with incoming values : ('tmp_1', /home/alen/repo/zynq-7020-video-pipe-3/hw/video-pipe-hw-v5/hw_011223.runs/bd_41e7_vsc_0_synth_1/prj/sol/.autopilot/db/v_vscaler.cpp:315) ('trunc_ln329_2', /home/alen/repo/zynq-7020-video-pipe-3/hw/video-pipe-hw-v5/hw_011223.runs/bd_41e7_vsc_0_synth_1/prj/sol/.autopilot/db/v_vscaler.cpp:329)
   c  'add' operation 29 bit ('add_ln394_16', /home/alen/repo/zynq-7020-video-pipe-3/hw/video-pipe-hw-v5/hw_011223.runs/bd_41e7_vsc_0_synth_1/prj/sol/.autopilot/db/v_vscaler.cpp:394->/home/alen/repo/zynq-7020-video-pipe-3/hw/video-pipe-hw-v5/hw_011223.runs/bd_41e7_vsc_0_synth_1/prj/sol/.autopilot/db/v_vscaler.cpp:371)
  DSP Expression: sum_2 = add_ln394_16 + sext_ln394_9 * zext_ln394_17
INFO: [HLS 200-486] Changing DSP latency (root=add_ln394_16) to 3 in order to utilize available DSP registers.
INFO: [SYN 201-351] The following objects are mapped to a DSP.
   a  'load' operation 16 bit ('FiltCoeff_4_load', /home/alen/repo/zynq-7020-video-pipe-3/hw/video-pipe-hw-v5/hw_011223.runs/bd_41e7_vsc_0_synth_1/prj/sol/.autopilot/db/v_vscaler.cpp:394->/home/alen/repo/zynq-7020-video-pipe-3/hw/video-pipe-hw-v5/hw_011223.runs/bd_41e7_vsc_0_synth_1/prj/sol/.autopilot/db/v_vscaler.cpp:371) on array 'FiltCoeff_4'
   b  'phi' operation 10 bit ('empty_57', /home/alen/repo/zynq-7020-video-pipe-3/hw/video-pipe-hw-v5/hw_011223.runs/bd_41e7_vsc_0_synth_1/prj/sol/.autopilot/db/v_vscaler.cpp:315) with incoming values : ('tmp_1', /home/alen/repo/zynq-7020-video-pipe-3/hw/video-pipe-hw-v5/hw_011223.runs/bd_41e7_vsc_0_synth_1/prj/sol/.autopilot/db/v_vscaler.cpp:315) ('tmp_3', /home/alen/repo/zynq-7020-video-pipe-3/hw/video-pipe-hw-v5/hw_011223.runs/bd_41e7_vsc_0_synth_1/prj/sol/.autopilot/db/v_vscaler.cpp:315)
   c  'add' operation 28 bit ('add_ln394_15', /home/alen/repo/zynq-7020-video-pipe-3/hw/video-pipe-hw-v5/hw_011223.runs/bd_41e7_vsc_0_synth_1/prj/sol/.autopilot/db/v_vscaler.cpp:394->/home/alen/repo/zynq-7020-video-pipe-3/hw/video-pipe-hw-v5/hw_011223.runs/bd_41e7_vsc_0_synth_1/prj/sol/.autopilot/db/v_vscaler.cpp:371)
  DSP Expression: add_ln394_16 = sext_ln394_29 + sext_ln394_7 * zext_ln394_16
INFO: [HLS 200-486] Changing DSP latency (root=add_ln394_15) to 3 in order to utilize available DSP registers.
INFO: [SYN 201-351] The following objects are mapped to a DSP.
   a  'load' operation 16 bit ('FiltCoeff_3_load', /home/alen/repo/zynq-7020-video-pipe-3/hw/video-pipe-hw-v5/hw_011223.runs/bd_41e7_vsc_0_synth_1/prj/sol/.autopilot/db/v_vscaler.cpp:394->/home/alen/repo/zynq-7020-video-pipe-3/hw/video-pipe-hw-v5/hw_011223.runs/bd_41e7_vsc_0_synth_1/prj/sol/.autopilot/db/v_vscaler.cpp:371) on array 'FiltCoeff_3'
   b  'phi' operation 10 bit ('empty_54', /home/alen/repo/zynq-7020-video-pipe-3/hw/video-pipe-hw-v5/hw_011223.runs/bd_41e7_vsc_0_synth_1/prj/sol/.autopilot/db/v_vscaler.cpp:315) with incoming values : ('tmp_3', /home/alen/repo/zynq-7020-video-pipe-3/hw/video-pipe-hw-v5/hw_011223.runs/bd_41e7_vsc_0_synth_1/prj/sol/.autopilot/db/v_vscaler.cpp:315) ('tmp_5', /home/alen/repo/zynq-7020-video-pipe-3/hw/video-pipe-hw-v5/hw_011223.runs/bd_41e7_vsc_0_synth_1/prj/sol/.autopilot/db/v_vscaler.cpp:315)
   c  'add' operation 28 bit ('add_ln394_14', /home/alen/repo/zynq-7020-video-pipe-3/hw/video-pipe-hw-v5/hw_011223.runs/bd_41e7_vsc_0_synth_1/prj/sol/.autopilot/db/v_vscaler.cpp:394->/home/alen/repo/zynq-7020-video-pipe-3/hw/video-pipe-hw-v5/hw_011223.runs/bd_41e7_vsc_0_synth_1/prj/sol/.autopilot/db/v_vscaler.cpp:371)
  DSP Expression: add_ln394_15 = add_ln394_14 + sext_ln394_5 * zext_ln394_15
INFO: [HLS 200-486] Changing DSP latency (root=add_ln394_14) to 3 in order to utilize available DSP registers.
INFO: [SYN 201-351] The following objects are mapped to a DSP.
   a  'load' operation 16 bit ('FiltCoeff_2_load', /home/alen/repo/zynq-7020-video-pipe-3/hw/video-pipe-hw-v5/hw_011223.runs/bd_41e7_vsc_0_synth_1/prj/sol/.autopilot/db/v_vscaler.cpp:394->/home/alen/repo/zynq-7020-video-pipe-3/hw/video-pipe-hw-v5/hw_011223.runs/bd_41e7_vsc_0_synth_1/prj/sol/.autopilot/db/v_vscaler.cpp:371) on array 'FiltCoeff_2'
   b  'phi' operation 10 bit ('empty_51', /home/alen/repo/zynq-7020-video-pipe-3/hw/video-pipe-hw-v5/hw_011223.runs/bd_41e7_vsc_0_synth_1/prj/sol/.autopilot/db/v_vscaler.cpp:315) with incoming values : ('tmp_5', /home/alen/repo/zynq-7020-video-pipe-3/hw/video-pipe-hw-v5/hw_011223.runs/bd_41e7_vsc_0_synth_1/prj/sol/.autopilot/db/v_vscaler.cpp:315) ('tmp_7', /home/alen/repo/zynq-7020-video-pipe-3/hw/video-pipe-hw-v5/hw_011223.runs/bd_41e7_vsc_0_synth_1/prj/sol/.autopilot/db/v_vscaler.cpp:315)
   c  'add' operation 27 bit ('add_ln394_13', /home/alen/repo/zynq-7020-video-pipe-3/hw/video-pipe-hw-v5/hw_011223.runs/bd_41e7_vsc_0_synth_1/prj/sol/.autopilot/db/v_vscaler.cpp:394->/home/alen/repo/zynq-7020-video-pipe-3/hw/video-pipe-hw-v5/hw_011223.runs/bd_41e7_vsc_0_synth_1/prj/sol/.autopilot/db/v_vscaler.cpp:371)
  DSP Expression: add_ln394_14 = sext_ln394_28 + sext_ln394_3 * zext_ln394_14
INFO: [HLS 200-486] Changing DSP latency (root=add_ln394_13) to 3 in order to utilize available DSP registers.
INFO: [SYN 201-351] The following objects are mapped to a DSP.
   a  'load' operation 16 bit ('FiltCoeff_1_load', /home/alen/repo/zynq-7020-video-pipe-3/hw/video-pipe-hw-v5/hw_011223.runs/bd_41e7_vsc_0_synth_1/prj/sol/.autopilot/db/v_vscaler.cpp:394->/home/alen/repo/zynq-7020-video-pipe-3/hw/video-pipe-hw-v5/hw_011223.runs/bd_41e7_vsc_0_synth_1/prj/sol/.autopilot/db/v_vscaler.cpp:371) on array 'FiltCoeff_1'
   b  'phi' operation 10 bit ('empty_48', /home/alen/repo/zynq-7020-video-pipe-3/hw/video-pipe-hw-v5/hw_011223.runs/bd_41e7_vsc_0_synth_1/prj/sol/.autopilot/db/v_vscaler.cpp:315) with incoming values : ('tmp_7', /home/alen/repo/zynq-7020-video-pipe-3/hw/video-pipe-hw-v5/hw_011223.runs/bd_41e7_vsc_0_synth_1/prj/sol/.autopilot/db/v_vscaler.cpp:315) ('tmp_9', /home/alen/repo/zynq-7020-video-pipe-3/hw/video-pipe-hw-v5/hw_011223.runs/bd_41e7_vsc_0_synth_1/prj/sol/.autopilot/db/v_vscaler.cpp:315)
   c  'add' operation 26 bit ('add_ln394_12', /home/alen/repo/zynq-7020-video-pipe-3/hw/video-pipe-hw-v5/hw_011223.runs/bd_41e7_vsc_0_synth_1/prj/sol/.autopilot/db/v_vscaler.cpp:394->/home/alen/repo/zynq-7020-video-pipe-3/hw/video-pipe-hw-v5/hw_011223.runs/bd_41e7_vsc_0_synth_1/prj/sol/.autopilot/db/v_vscaler.cpp:371)
  DSP Expression: add_ln394_13 = sext_ln394_27 + sext_ln394_1 * zext_ln394_13
INFO: [HLS 200-486] Changing DSP latency (root=add_ln394_12) to 3 in order to utilize available DSP registers.
INFO: [SYN 201-351] The following objects are mapped to a DSP.
   a  'load' operation 16 bit ('FiltCoeff_load', /home/alen/repo/zynq-7020-video-pipe-3/hw/video-pipe-hw-v5/hw_011223.runs/bd_41e7_vsc_0_synth_1/prj/sol/.autopilot/db/v_vscaler.cpp:394->/home/alen/repo/zynq-7020-video-pipe-3/hw/video-pipe-hw-v5/hw_011223.runs/bd_41e7_vsc_0_synth_1/prj/sol/.autopilot/db/v_vscaler.cpp:371) on array 'FiltCoeff'
   b  'phi' operation 10 bit ('empty', /home/alen/repo/zynq-7020-video-pipe-3/hw/video-pipe-hw-v5/hw_011223.runs/bd_41e7_vsc_0_synth_1/prj/sol/.autopilot/db/v_vscaler.cpp:315) with incoming values : ('tmp_9', /home/alen/repo/zynq-7020-video-pipe-3/hw/video-pipe-hw-v5/hw_011223.runs/bd_41e7_vsc_0_synth_1/prj/sol/.autopilot/db/v_vscaler.cpp:315) ('tmp_11', /home/alen/repo/zynq-7020-video-pipe-3/hw/video-pipe-hw-v5/hw_011223.runs/bd_41e7_vsc_0_synth_1/prj/sol/.autopilot/db/v_vscaler.cpp:315)
   c  constant 2048
  DSP Expression: add_ln394_12 = sext_ln394 * zext_ln394_12 + 2048
INFO: [HLS 200-486] Changing DSP latency (root=sum_1) to 3 in order to utilize available DSP registers.
INFO: [SYN 201-351] The following objects are mapped to a DSP.
   a  'load' operation 16 bit ('FiltCoeff_5_load', /home/alen/repo/zynq-7020-video-pipe-3/hw/video-pipe-hw-v5/hw_011223.runs/bd_41e7_vsc_0_synth_1/prj/sol/.autopilot/db/v_vscaler.cpp:394->/home/alen/repo/zynq-7020-video-pipe-3/hw/video-pipe-hw-v5/hw_011223.runs/bd_41e7_vsc_0_synth_1/prj/sol/.autopilot/db/v_vscaler.cpp:371) on array 'FiltCoeff_5'
   b  'phi' operation 10 bit ('empty_61', /home/alen/repo/zynq-7020-video-pipe-3/hw/video-pipe-hw-v5/hw_011223.runs/bd_41e7_vsc_0_synth_1/prj/sol/.autopilot/db/v_vscaler.cpp:329) with incoming values : ('tmp_s', /home/alen/repo/zynq-7020-video-pipe-3/hw/video-pipe-hw-v5/hw_011223.runs/bd_41e7_vsc_0_synth_1/prj/sol/.autopilot/db/v_vscaler.cpp:315) ('trunc_ln329_1', /home/alen/repo/zynq-7020-video-pipe-3/hw/video-pipe-hw-v5/hw_011223.runs/bd_41e7_vsc_0_synth_1/prj/sol/.autopilot/db/v_vscaler.cpp:329)
   c  'add' operation 29 bit ('add_ln394_10', /home/alen/repo/zynq-7020-video-pipe-3/hw/video-pipe-hw-v5/hw_011223.runs/bd_41e7_vsc_0_synth_1/prj/sol/.autopilot/db/v_vscaler.cpp:394->/home/alen/repo/zynq-7020-video-pipe-3/hw/video-pipe-hw-v5/hw_011223.runs/bd_41e7_vsc_0_synth_1/prj/sol/.autopilot/db/v_vscaler.cpp:371)
  DSP Expression: sum_1 = add_ln394_10 + sext_ln394_9 * zext_ln394_11
INFO: [HLS 200-486] Changing DSP latency (root=add_ln394_10) to 3 in order to utilize available DSP registers.
INFO: [SYN 201-351] The following objects are mapped to a DSP.
   a  'load' operation 16 bit ('FiltCoeff_4_load', /home/alen/repo/zynq-7020-video-pipe-3/hw/video-pipe-hw-v5/hw_011223.runs/bd_41e7_vsc_0_synth_1/prj/sol/.autopilot/db/v_vscaler.cpp:394->/home/alen/repo/zynq-7020-video-pipe-3/hw/video-pipe-hw-v5/hw_011223.runs/bd_41e7_vsc_0_synth_1/prj/sol/.autopilot/db/v_vscaler.cpp:371) on array 'FiltCoeff_4'
   b  'phi' operation 10 bit ('empty_58', /home/alen/repo/zynq-7020-video-pipe-3/hw/video-pipe-hw-v5/hw_011223.runs/bd_41e7_vsc_0_synth_1/prj/sol/.autopilot/db/v_vscaler.cpp:315) with incoming values : ('tmp_s', /home/alen/repo/zynq-7020-video-pipe-3/hw/video-pipe-hw-v5/hw_011223.runs/bd_41e7_vsc_0_synth_1/prj/sol/.autopilot/db/v_vscaler.cpp:315) ('tmp_2', /home/alen/repo/zynq-7020-video-pipe-3/hw/video-pipe-hw-v5/hw_011223.runs/bd_41e7_vsc_0_synth_1/prj/sol/.autopilot/db/v_vscaler.cpp:315)
   c  'add' operation 28 bit ('add_ln394_9', /home/alen/repo/zynq-7020-video-pipe-3/hw/video-pipe-hw-v5/hw_011223.runs/bd_41e7_vsc_0_synth_1/prj/sol/.autopilot/db/v_vscaler.cpp:394->/home/alen/repo/zynq-7020-video-pipe-3/hw/video-pipe-hw-v5/hw_011223.runs/bd_41e7_vsc_0_synth_1/prj/sol/.autopilot/db/v_vscaler.cpp:371)
  DSP Expression: add_ln394_10 = sext_ln394_21 + sext_ln394_7 * zext_ln394_10
INFO: [HLS 200-486] Changing DSP latency (root=add_ln394_9) to 3 in order to utilize available DSP registers.
INFO: [SYN 201-351] The following objects are mapped to a DSP.
   a  'load' operation 16 bit ('FiltCoeff_3_load', /home/alen/repo/zynq-7020-video-pipe-3/hw/video-pipe-hw-v5/hw_011223.runs/bd_41e7_vsc_0_synth_1/prj/sol/.autopilot/db/v_vscaler.cpp:394->/home/alen/repo/zynq-7020-video-pipe-3/hw/video-pipe-hw-v5/hw_011223.runs/bd_41e7_vsc_0_synth_1/prj/sol/.autopilot/db/v_vscaler.cpp:371) on array 'FiltCoeff_3'
   b  'phi' operation 10 bit ('empty_55', /home/alen/repo/zynq-7020-video-pipe-3/hw/video-pipe-hw-v5/hw_011223.runs/bd_41e7_vsc_0_synth_1/prj/sol/.autopilot/db/v_vscaler.cpp:315) with incoming values : ('tmp_2', /home/alen/repo/zynq-7020-video-pipe-3/hw/video-pipe-hw-v5/hw_011223.runs/bd_41e7_vsc_0_synth_1/prj/sol/.autopilot/db/v_vscaler.cpp:315) ('tmp_4', /home/alen/repo/zynq-7020-video-pipe-3/hw/video-pipe-hw-v5/hw_011223.runs/bd_41e7_vsc_0_synth_1/prj/sol/.autopilot/db/v_vscaler.cpp:315)
   c  'add' operation 28 bit ('add_ln394_8', /home/alen/repo/zynq-7020-video-pipe-3/hw/video-pipe-hw-v5/hw_011223.runs/bd_41e7_vsc_0_synth_1/prj/sol/.autopilot/db/v_vscaler.cpp:394->/home/alen/repo/zynq-7020-video-pipe-3/hw/video-pipe-hw-v5/hw_011223.runs/bd_41e7_vsc_0_synth_1/prj/sol/.autopilot/db/v_vscaler.cpp:371)
  DSP Expression: add_ln394_9 = add_ln394_8 + sext_ln394_5 * zext_ln394_9
INFO: [HLS 200-486] Changing DSP latency (root=add_ln394_8) to 3 in order to utilize available DSP registers.
INFO: [SYN 201-351] The following objects are mapped to a DSP.
   a  'load' operation 16 bit ('FiltCoeff_2_load', /home/alen/repo/zynq-7020-video-pipe-3/hw/video-pipe-hw-v5/hw_011223.runs/bd_41e7_vsc_0_synth_1/prj/sol/.autopilot/db/v_vscaler.cpp:394->/home/alen/repo/zynq-7020-video-pipe-3/hw/video-pipe-hw-v5/hw_011223.runs/bd_41e7_vsc_0_synth_1/prj/sol/.autopilot/db/v_vscaler.cpp:371) on array 'FiltCoeff_2'
   b  'phi' operation 10 bit ('empty_52', /home/alen/repo/zynq-7020-video-pipe-3/hw/video-pipe-hw-v5/hw_011223.runs/bd_41e7_vsc_0_synth_1/prj/sol/.autopilot/db/v_vscaler.cpp:315) with incoming values : ('tmp_4', /home/alen/repo/zynq-7020-video-pipe-3/hw/video-pipe-hw-v5/hw_011223.runs/bd_41e7_vsc_0_synth_1/prj/sol/.autopilot/db/v_vscaler.cpp:315) ('tmp_6', /home/alen/repo/zynq-7020-video-pipe-3/hw/video-pipe-hw-v5/hw_011223.runs/bd_41e7_vsc_0_synth_1/prj/sol/.autopilot/db/v_vscaler.cpp:315)
   c  'add' operation 27 bit ('add_ln394_7', /home/alen/repo/zynq-7020-video-pipe-3/hw/video-pipe-hw-v5/hw_011223.runs/bd_41e7_vsc_0_synth_1/prj/sol/.autopilot/db/v_vscaler.cpp:394->/home/alen/repo/zynq-7020-video-pipe-3/hw/video-pipe-hw-v5/hw_011223.runs/bd_41e7_vsc_0_synth_1/prj/sol/.autopilot/db/v_vscaler.cpp:371)
  DSP Expression: add_ln394_8 = sext_ln394_20 + sext_ln394_3 * zext_ln394_8
INFO: [HLS 200-486] Changing DSP latency (root=add_ln394_7) to 3 in order to utilize available DSP registers.
INFO: [SYN 201-351] The following objects are mapped to a DSP.
   a  'load' operation 16 bit ('FiltCoeff_1_load', /home/alen/repo/zynq-7020-video-pipe-3/hw/video-pipe-hw-v5/hw_011223.runs/bd_41e7_vsc_0_synth_1/prj/sol/.autopilot/db/v_vscaler.cpp:394->/home/alen/repo/zynq-7020-video-pipe-3/hw/video-pipe-hw-v5/hw_011223.runs/bd_41e7_vsc_0_synth_1/prj/sol/.autopilot/db/v_vscaler.cpp:371) on array 'FiltCoeff_1'
   b  'phi' operation 10 bit ('empty_49', /home/alen/repo/zynq-7020-video-pipe-3/hw/video-pipe-hw-v5/hw_011223.runs/bd_41e7_vsc_0_synth_1/prj/sol/.autopilot/db/v_vscaler.cpp:315) with incoming values : ('tmp_6', /home/alen/repo/zynq-7020-video-pipe-3/hw/video-pipe-hw-v5/hw_011223.runs/bd_41e7_vsc_0_synth_1/prj/sol/.autopilot/db/v_vscaler.cpp:315) ('tmp_8', /home/alen/repo/zynq-7020-video-pipe-3/hw/video-pipe-hw-v5/hw_011223.runs/bd_41e7_vsc_0_synth_1/prj/sol/.autopilot/db/v_vscaler.cpp:315)
   c  'add' operation 26 bit ('add_ln394_6', /home/alen/repo/zynq-7020-video-pipe-3/hw/video-pipe-hw-v5/hw_011223.runs/bd_41e7_vsc_0_synth_1/prj/sol/.autopilot/db/v_vscaler.cpp:394->/home/alen/repo/zynq-7020-video-pipe-3/hw/video-pipe-hw-v5/hw_011223.runs/bd_41e7_vsc_0_synth_1/prj/sol/.autopilot/db/v_vscaler.cpp:371)
  DSP Expression: add_ln394_7 = sext_ln394_19 + sext_ln394_1 * zext_ln394_7
INFO: [HLS 200-486] Changing DSP latency (root=add_ln394_6) to 3 in order to utilize available DSP registers.
INFO: [SYN 201-351] The following objects are mapped to a DSP.
   a  'load' operation 16 bit ('FiltCoeff_load', /home/alen/repo/zynq-7020-video-pipe-3/hw/video-pipe-hw-v5/hw_011223.runs/bd_41e7_vsc_0_synth_1/prj/sol/.autopilot/db/v_vscaler.cpp:394->/home/alen/repo/zynq-7020-video-pipe-3/hw/video-pipe-hw-v5/hw_011223.runs/bd_41e7_vsc_0_synth_1/prj/sol/.autopilot/db/v_vscaler.cpp:371) on array 'FiltCoeff'
   b  'phi' operation 10 bit ('empty_46', /home/alen/repo/zynq-7020-video-pipe-3/hw/video-pipe-hw-v5/hw_011223.runs/bd_41e7_vsc_0_synth_1/prj/sol/.autopilot/db/v_vscaler.cpp:315) with incoming values : ('tmp_8', /home/alen/repo/zynq-7020-video-pipe-3/hw/video-pipe-hw-v5/hw_011223.runs/bd_41e7_vsc_0_synth_1/prj/sol/.autopilot/db/v_vscaler.cpp:315) ('tmp_10', /home/alen/repo/zynq-7020-video-pipe-3/hw/video-pipe-hw-v5/hw_011223.runs/bd_41e7_vsc_0_synth_1/prj/sol/.autopilot/db/v_vscaler.cpp:315)
   c  constant 2048
  DSP Expression: add_ln394_6 = sext_ln394 * zext_ln394_6 + 2048
INFO: [HLS 200-486] Changing DSP latency (root=sum) to 3 in order to utilize available DSP registers.
INFO: [SYN 201-351] The following objects are mapped to a DSP.
   a  'load' operation 16 bit ('FiltCoeff_5_load', /home/alen/repo/zynq-7020-video-pipe-3/hw/video-pipe-hw-v5/hw_011223.runs/bd_41e7_vsc_0_synth_1/prj/sol/.autopilot/db/v_vscaler.cpp:394->/home/alen/repo/zynq-7020-video-pipe-3/hw/video-pipe-hw-v5/hw_011223.runs/bd_41e7_vsc_0_synth_1/prj/sol/.autopilot/db/v_vscaler.cpp:371) on array 'FiltCoeff_5'
   b  'phi' operation 10 bit ('empty_62', /home/alen/repo/zynq-7020-video-pipe-3/hw/video-pipe-hw-v5/hw_011223.runs/bd_41e7_vsc_0_synth_1/prj/sol/.autopilot/db/v_vscaler.cpp:329) with incoming values : ('trunc_ln315', /home/alen/repo/zynq-7020-video-pipe-3/hw/video-pipe-hw-v5/hw_011223.runs/bd_41e7_vsc_0_synth_1/prj/sol/.autopilot/db/v_vscaler.cpp:315) ('trunc_ln329', /home/alen/repo/zynq-7020-video-pipe-3/hw/video-pipe-hw-v5/hw_011223.runs/bd_41e7_vsc_0_synth_1/prj/sol/.autopilot/db/v_vscaler.cpp:329)
   c  'add' operation 29 bit ('add_ln394_4', /home/alen/repo/zynq-7020-video-pipe-3/hw/video-pipe-hw-v5/hw_011223.runs/bd_41e7_vsc_0_synth_1/prj/sol/.autopilot/db/v_vscaler.cpp:394->/home/alen/repo/zynq-7020-video-pipe-3/hw/video-pipe-hw-v5/hw_011223.runs/bd_41e7_vsc_0_synth_1/prj/sol/.autopilot/db/v_vscaler.cpp:371)
  DSP Expression: sum = add_ln394_4 + sext_ln394_9 * zext_ln394_5
INFO: [HLS 200-486] Changing DSP latency (root=add_ln394_4) to 3 in order to utilize available DSP registers.
INFO: [SYN 201-351] The following objects are mapped to a DSP.
   a  'load' operation 16 bit ('FiltCoeff_4_load', /home/alen/repo/zynq-7020-video-pipe-3/hw/video-pipe-hw-v5/hw_011223.runs/bd_41e7_vsc_0_synth_1/prj/sol/.autopilot/db/v_vscaler.cpp:394->/home/alen/repo/zynq-7020-video-pipe-3/hw/video-pipe-hw-v5/hw_011223.runs/bd_41e7_vsc_0_synth_1/prj/sol/.autopilot/db/v_vscaler.cpp:371) on array 'FiltCoeff_4'
   b  'phi' operation 10 bit ('empty_59', /home/alen/repo/zynq-7020-video-pipe-3/hw/video-pipe-hw-v5/hw_011223.runs/bd_41e7_vsc_0_synth_1/prj/sol/.autopilot/db/v_vscaler.cpp:315) with incoming values : ('trunc_ln315', /home/alen/repo/zynq-7020-video-pipe-3/hw/video-pipe-hw-v5/hw_011223.runs/bd_41e7_vsc_0_synth_1/prj/sol/.autopilot/db/v_vscaler.cpp:315) ('trunc_ln315_1', /home/alen/repo/zynq-7020-video-pipe-3/hw/video-pipe-hw-v5/hw_011223.runs/bd_41e7_vsc_0_synth_1/prj/sol/.autopilot/db/v_vscaler.cpp:315)
   c  'add' operation 28 bit ('add_ln394_3', /home/alen/repo/zynq-7020-video-pipe-3/hw/video-pipe-hw-v5/hw_011223.runs/bd_41e7_vsc_0_synth_1/prj/sol/.autopilot/db/v_vscaler.cpp:394->/home/alen/repo/zynq-7020-video-pipe-3/hw/video-pipe-hw-v5/hw_011223.runs/bd_41e7_vsc_0_synth_1/prj/sol/.autopilot/db/v_vscaler.cpp:371)
  DSP Expression: add_ln394_4 = sext_ln394_13 + sext_ln394_7 * zext_ln394_4
INFO: [HLS 200-486] Changing DSP latency (root=add_ln394_3) to 3 in order to utilize available DSP registers.
INFO: [SYN 201-351] The following objects are mapped to a DSP.
   a  'load' operation 16 bit ('FiltCoeff_3_load', /home/alen/repo/zynq-7020-video-pipe-3/hw/video-pipe-hw-v5/hw_011223.runs/bd_41e7_vsc_0_synth_1/prj/sol/.autopilot/db/v_vscaler.cpp:394->/home/alen/repo/zynq-7020-video-pipe-3/hw/video-pipe-hw-v5/hw_011223.runs/bd_41e7_vsc_0_synth_1/prj/sol/.autopilot/db/v_vscaler.cpp:371) on array 'FiltCoeff_3'
   b  'phi' operation 10 bit ('empty_56', /home/alen/repo/zynq-7020-video-pipe-3/hw/video-pipe-hw-v5/hw_011223.runs/bd_41e7_vsc_0_synth_1/prj/sol/.autopilot/db/v_vscaler.cpp:315) with incoming values : ('trunc_ln315_1', /home/alen/repo/zynq-7020-video-pipe-3/hw/video-pipe-hw-v5/hw_011223.runs/bd_41e7_vsc_0_synth_1/prj/sol/.autopilot/db/v_vscaler.cpp:315) ('trunc_ln315_2', /home/alen/repo/zynq-7020-video-pipe-3/hw/video-pipe-hw-v5/hw_011223.runs/bd_41e7_vsc_0_synth_1/prj/sol/.autopilot/db/v_vscaler.cpp:315)
   c  'add' operation 28 bit ('add_ln394_2', /home/alen/repo/zynq-7020-video-pipe-3/hw/video-pipe-hw-v5/hw_011223.runs/bd_41e7_vsc_0_synth_1/prj/sol/.autopilot/db/v_vscaler.cpp:394->/home/alen/repo/zynq-7020-video-pipe-3/hw/video-pipe-hw-v5/hw_011223.runs/bd_41e7_vsc_0_synth_1/prj/sol/.autopilot/db/v_vscaler.cpp:371)
  DSP Expression: add_ln394_3 = add_ln394_2 + sext_ln394_5 * zext_ln394_3
INFO: [HLS 200-486] Changing DSP latency (root=add_ln394_2) to 3 in order to utilize available DSP registers.
INFO: [SYN 201-351] The following objects are mapped to a DSP.
   a  'load' operation 16 bit ('FiltCoeff_2_load', /home/alen/repo/zynq-7020-video-pipe-3/hw/video-pipe-hw-v5/hw_011223.runs/bd_41e7_vsc_0_synth_1/prj/sol/.autopilot/db/v_vscaler.cpp:394->/home/alen/repo/zynq-7020-video-pipe-3/hw/video-pipe-hw-v5/hw_011223.runs/bd_41e7_vsc_0_synth_1/prj/sol/.autopilot/db/v_vscaler.cpp:371) on array 'FiltCoeff_2'
   b  'phi' operation 10 bit ('empty_53', /home/alen/repo/zynq-7020-video-pipe-3/hw/video-pipe-hw-v5/hw_011223.runs/bd_41e7_vsc_0_synth_1/prj/sol/.autopilot/db/v_vscaler.cpp:315) with incoming values : ('trunc_ln315_2', /home/alen/repo/zynq-7020-video-pipe-3/hw/video-pipe-hw-v5/hw_011223.runs/bd_41e7_vsc_0_synth_1/prj/sol/.autopilot/db/v_vscaler.cpp:315) ('trunc_ln315_3', /home/alen/repo/zynq-7020-video-pipe-3/hw/video-pipe-hw-v5/hw_011223.runs/bd_41e7_vsc_0_synth_1/prj/sol/.autopilot/db/v_vscaler.cpp:315)
   c  'add' operation 27 bit ('add_ln394_1', /home/alen/repo/zynq-7020-video-pipe-3/hw/video-pipe-hw-v5/hw_011223.runs/bd_41e7_vsc_0_synth_1/prj/sol/.autopilot/db/v_vscaler.cpp:394->/home/alen/repo/zynq-7020-video-pipe-3/hw/video-pipe-hw-v5/hw_011223.runs/bd_41e7_vsc_0_synth_1/prj/sol/.autopilot/db/v_vscaler.cpp:371)
  DSP Expression: add_ln394_2 = sext_ln394_12 + sext_ln394_3 * zext_ln394_2
INFO: [HLS 200-486] Changing DSP latency (root=add_ln394_1) to 3 in order to utilize available DSP registers.
INFO: [SYN 201-351] The following objects are mapped to a DSP.
   a  'load' operation 16 bit ('FiltCoeff_1_load', /home/alen/repo/zynq-7020-video-pipe-3/hw/video-pipe-hw-v5/hw_011223.runs/bd_41e7_vsc_0_synth_1/prj/sol/.autopilot/db/v_vscaler.cpp:394->/home/alen/repo/zynq-7020-video-pipe-3/hw/video-pipe-hw-v5/hw_011223.runs/bd_41e7_vsc_0_synth_1/prj/sol/.autopilot/db/v_vscaler.cpp:371) on array 'FiltCoeff_1'
   b  'phi' operation 10 bit ('empty_50', /home/alen/repo/zynq-7020-video-pipe-3/hw/video-pipe-hw-v5/hw_011223.runs/bd_41e7_vsc_0_synth_1/prj/sol/.autopilot/db/v_vscaler.cpp:315) with incoming values : ('trunc_ln315_3', /home/alen/repo/zynq-7020-video-pipe-3/hw/video-pipe-hw-v5/hw_011223.runs/bd_41e7_vsc_0_synth_1/prj/sol/.autopilot/db/v_vscaler.cpp:315) ('trunc_ln315_4', /home/alen/repo/zynq-7020-video-pipe-3/hw/video-pipe-hw-v5/hw_011223.runs/bd_41e7_vsc_0_synth_1/prj/sol/.autopilot/db/v_vscaler.cpp:315)
   c  'add' operation 26 bit ('add_ln394', /home/alen/repo/zynq-7020-video-pipe-3/hw/video-pipe-hw-v5/hw_011223.runs/bd_41e7_vsc_0_synth_1/prj/sol/.autopilot/db/v_vscaler.cpp:394->/home/alen/repo/zynq-7020-video-pipe-3/hw/video-pipe-hw-v5/hw_011223.runs/bd_41e7_vsc_0_synth_1/prj/sol/.autopilot/db/v_vscaler.cpp:371)
  DSP Expression: add_ln394_1 = sext_ln394_11 + sext_ln394_1 * zext_ln394_1
INFO: [HLS 200-486] Changing DSP latency (root=add_ln394) to 3 in order to utilize available DSP registers.
INFO: [SYN 201-351] The following objects are mapped to a DSP.
   a  'load' operation 16 bit ('FiltCoeff_load', /home/alen/repo/zynq-7020-video-pipe-3/hw/video-pipe-hw-v5/hw_011223.runs/bd_41e7_vsc_0_synth_1/prj/sol/.autopilot/db/v_vscaler.cpp:394->/home/alen/repo/zynq-7020-video-pipe-3/hw/video-pipe-hw-v5/hw_011223.runs/bd_41e7_vsc_0_synth_1/prj/sol/.autopilot/db/v_vscaler.cpp:371) on array 'FiltCoeff'
   b  'phi' operation 10 bit ('empty_47', /home/alen/repo/zynq-7020-video-pipe-3/hw/video-pipe-hw-v5/hw_011223.runs/bd_41e7_vsc_0_synth_1/prj/sol/.autopilot/db/v_vscaler.cpp:315) with incoming values : ('trunc_ln315_4', /home/alen/repo/zynq-7020-video-pipe-3/hw/video-pipe-hw-v5/hw_011223.runs/bd_41e7_vsc_0_synth_1/prj/sol/.autopilot/db/v_vscaler.cpp:315) ('trunc_ln315_5', /home/alen/repo/zynq-7020-video-pipe-3/hw/video-pipe-hw-v5/hw_011223.runs/bd_41e7_vsc_0_synth_1/prj/sol/.autopilot/db/v_vscaler.cpp:315)
   c  constant 2048
  DSP Expression: add_ln394 = sext_ln394 * zext_ln394 + 2048
###	 Num	NTree	NLUT	EssAll	EssLUT	Size	MSize	Lev	MLev	Sel	Phy 
####	 6	0	3	140	12	4	4	3	3	6	0
INFO: [SCHED 204-11] Generating True dependence constraints ... 
INFO: [SCHED 204-11] Generating Auxiliary dependence constraints ... 
INFO: [SCHED 204-11] Generating Ternary mapping constraints ... 
INFO: [SCHED 204-11] Generating Lut Grouping constraints ... 
INFO: [SCHED 204-11] Generating Node latency constraints ... 
INFO: [SCHED 204-11] Generating Relative time constraints ... 
INFO: [SCHED 204-11] Generating Protocol constraints ... 
INFO: [SCHED 204-11] Generating Precedence constraints ... 
INFO: [SCHED 204-11] Generating Supporting dependence constraints ... 
INFO: [SCHED 204-11] Generating Pipeline constraints ... 
INFO: [SCHED 204-61] Pipelining loop 'loop_width_for_procpix'.
INFO: [SCHED 204-61]  rescheduled in stage scheduling from 0 to 6 with current asap = 0, alap = 6
INFO: [SCHED 204-61]  rescheduled in stage scheduling from 0 to 5 with current asap = 0, alap = 5
INFO: [SCHED 204-61]  rescheduled in stage scheduling from 0 to 4 with current asap = 0, alap = 4
INFO: [SCHED 204-61]  rescheduled in stage scheduling from 0 to 3 with current asap = 0, alap = 3
INFO: [SCHED 204-61]  rescheduled in stage scheduling from 0 to 2 with current asap = 0, alap = 2
INFO: [SCHED 204-61]  rescheduled in stage scheduling from 0 to 1 with current asap = 0, alap = 1
INFO: [SCHED 204-11] Generating DSP mapping constraints ... 
INFO: [SCHED 204-11] Generating Supporting dependence constraints ... 
INFO: [SCHED 204-11] Generating Resource constraints ... 
INFO: [SCHED 204-11] Generating Latency constraints ... 
INFO: [SCHED 204-11] Generating Latency constraints ... 
INFO: [SCHED 204-11] Generating Cycle time constraints ... 
INFO: [SCHED 204-11] Generating Blocking node constraints ... 
INFO: [SCHED 204-11] Generating Chaining constraints ... 
INFO: [SCHED 204-11] Generating Operation gating constraints ... 
INFO: [SCHED 204-11] Generating Variable bound constraints ... 
INFO: [SCHED 204-11] Generating PHI node constraints ... 
INFO: [SCHED 204-11] Start checking consistency (resolving sdc graph) ...
INFO: [SCHED 204-11] Finished checking consistency.
INFO: [SCHED 204-11] Start scheduling optimization (solving LP) ...
INFO: [SCHED 204-11] Finished scheduling optimization.
INFO: [SCHED 204-11] Start constructing STG ...
INFO: [HLS 200-1470] Pipelining result : Target II = NA, Final II = 1, Depth = 12, loop 'loop_width_for_procpix'
INFO: [SCHED 204-11] Finished constructing STG.
INFO: [SCHED 204-11] Finished scheduling.
INFO: [HLS 200-111] Finished Scheduling: CPU user time: 0.42 seconds. CPU system time: 0.04 seconds. Elapsed time: 0.46 seconds; current allocated memory: 369.594 MB.
INFO: [BIND 205-100] Starting micro-architecture generation ...
INFO: [BIND 205-101] Performing variable lifetime analysis.
INFO: [BIND 205-101] Exploring resource sharing.
INFO: [BIND 205-101] Binding ...
INFO: [BIND 205-100] Finished micro-architecture generation.
INFO: [HLS 200-111] Finished Binding: CPU user time: 0.06 seconds. CPU system time: 0 seconds. Elapsed time: 0.06 seconds; current allocated memory: 369.594 MB.
INFO: [HLS 200-10] ----------------------------------------------------------------
INFO: [HLS 200-42] -- Implementing module 'vscale_core_polyphase' 
INFO: [HLS 200-10] ----------------------------------------------------------------
INFO: [SCHED 204-11] Starting scheduling ...
###	 Num	NTree	NLUT	EssAll	EssLUT	Size	MSize	Lev	MLev	Sel	Phy 
####	 9	0	4	58	8	2	2	2	2	7	0
INFO: [SCHED 204-11] Generating True dependence constraints ... 
INFO: [SCHED 204-11] Generating Auxiliary dependence constraints ... 
INFO: [SCHED 204-11] Generating Ternary mapping constraints ... 
INFO: [SCHED 204-11] Generating Lut Grouping constraints ... 
INFO: [SCHED 204-11] Generating Node latency constraints ... 
INFO: [SCHED 204-11] Generating Relative time constraints ... 
INFO: [SCHED 204-11] Generating Protocol constraints ... 
INFO: [SCHED 204-11] Generating Precedence constraints ... 
INFO: [SCHED 204-11] Generating Supporting dependence constraints ... 
INFO: [SCHED 204-11] Generating Pipeline constraints ... 
INFO: [SCHED 204-11] Generating DSP mapping constraints ... 
INFO: [SCHED 204-11] Generating Supporting dependence constraints ... 
INFO: [SCHED 204-11] Generating Resource constraints ... 
INFO: [SCHED 204-11] Generating Latency constraints ... 
INFO: [SCHED 204-11] Generating Latency constraints ... 
INFO: [SCHED 204-11] Generating Cycle time constraints ... 
INFO: [SCHED 204-11] Generating Blocking node constraints ... 
INFO: [SCHED 204-11] Generating Chaining constraints ... 
INFO: [SCHED 204-11] Generating Operation gating constraints ... 
INFO: [SCHED 204-11] Generating Variable bound constraints ... 
INFO: [SCHED 204-11] Generating PHI node constraints ... 
INFO: [SCHED 204-11] Start checking consistency (resolving sdc graph) ...
INFO: [SCHED 204-11] Finished checking consistency.
INFO: [SCHED 204-11] Start scheduling optimization (solving LP) ...
INFO: [SCHED 204-11] Finished scheduling optimization.
INFO: [SCHED 204-11] Start constructing STG ...
INFO: [SCHED 204-11] Finished constructing STG.
INFO: [SCHED 204-11] Finished scheduling.
INFO: [HLS 200-111] Finished Scheduling: CPU user time: 0.22 seconds. CPU system time: 0.02 seconds. Elapsed time: 0.24 seconds; current allocated memory: 370.281 MB.
INFO: [BIND 205-100] Starting micro-architecture generation ...
INFO: [BIND 205-101] Performing variable lifetime analysis.
INFO: [BIND 205-101] Exploring resource sharing.
INFO: [BIND 205-101] Binding ...
INFO: [BIND 205-100] Finished micro-architecture generation.
INFO: [HLS 200-111] Finished Binding: CPU user time: 0.03 seconds. CPU system time: 0.01 seconds. Elapsed time: 0.04 seconds; current allocated memory: 370.281 MB.
INFO: [HLS 200-10] ----------------------------------------------------------------
INFO: [HLS 200-42] -- Implementing module 'MultiPixStream2AXIvideo_Pipeline_VITIS_LOOP_940_2' 
INFO: [HLS 200-10] ----------------------------------------------------------------
INFO: [SCHED 204-11] Starting scheduling ...
###	 Num	NTree	NLUT	EssAll	EssLUT	Size	MSize	Lev	MLev	Sel	Phy 
####	 1	0	0	32	0	-nan	0	-nan	0	0	0
INFO: [SCHED 204-11] Generating True dependence constraints ... 
INFO: [SCHED 204-11] Generating Auxiliary dependence constraints ... 
INFO: [SCHED 204-11] Generating Ternary mapping constraints ... 
INFO: [SCHED 204-11] Generating Lut Grouping constraints ... 
INFO: [SCHED 204-11] Generating Node latency constraints ... 
INFO: [SCHED 204-11] Generating Relative time constraints ... 
INFO: [SCHED 204-11] Generating Protocol constraints ... 
INFO: [SCHED 204-11] Generating Precedence constraints ... 
INFO: [SCHED 204-11] Generating Supporting dependence constraints ... 
INFO: [SCHED 204-11] Generating Pipeline constraints ... 
INFO: [SCHED 204-61] Pipelining loop 'VITIS_LOOP_940_2'.
INFO: [SCHED 204-11] Generating DSP mapping constraints ... 
INFO: [SCHED 204-11] Generating Supporting dependence constraints ... 
INFO: [SCHED 204-11] Generating Resource constraints ... 
INFO: [SCHED 204-11] Generating Latency constraints ... 
INFO: [SCHED 204-11] Generating Latency constraints ... 
INFO: [SCHED 204-11] Generating Cycle time constraints ... 
INFO: [SCHED 204-11] Generating Blocking node constraints ... 
INFO: [SCHED 204-11] Generating Chaining constraints ... 
INFO: [SCHED 204-11] Generating Operation gating constraints ... 
INFO: [SCHED 204-11] Generating Variable bound constraints ... 
INFO: [SCHED 204-11] Generating PHI node constraints ... 
INFO: [SCHED 204-11] Start checking consistency (resolving sdc graph) ...
INFO: [SCHED 204-11] Finished checking consistency.
INFO: [SCHED 204-11] Start scheduling optimization (solving LP) ...
INFO: [SCHED 204-11] Finished scheduling optimization.
INFO: [SCHED 204-11] Start constructing STG ...
INFO: [HLS 200-1470] Pipelining result : Target II = 1, Final II = 1, Depth = 3, loop 'VITIS_LOOP_940_2'
INFO: [SCHED 204-11] Finished constructing STG.
INFO: [SCHED 204-11] Finished scheduling.
INFO: [HLS 200-111] Finished Scheduling: CPU user time: 0.22 seconds. CPU system time: 0.01 seconds. Elapsed time: 0.23 seconds; current allocated memory: 371.184 MB.
INFO: [BIND 205-100] Starting micro-architecture generation ...
INFO: [BIND 205-101] Performing variable lifetime analysis.
INFO: [BIND 205-101] Exploring resource sharing.
INFO: [BIND 205-101] Binding ...
INFO: [BIND 205-100] Finished micro-architecture generation.
INFO: [HLS 200-111] Finished Binding: CPU user time: 0.03 seconds. CPU system time: 0.01 seconds. Elapsed time: 0.04 seconds; current allocated memory: 371.184 MB.
INFO: [HLS 200-10] ----------------------------------------------------------------
INFO: [HLS 200-42] -- Implementing module 'MultiPixStream2AXIvideo' 
INFO: [HLS 200-10] ----------------------------------------------------------------
INFO: [SCHED 204-11] Starting scheduling ...
###	 Num	NTree	NLUT	EssAll	EssLUT	Size	MSize	Lev	MLev	Sel	Phy 
####	 1	0	0	20	0	-nan	0	-nan	0	0	0
INFO: [SCHED 204-11] Generating True dependence constraints ... 
INFO: [SCHED 204-11] Generating Auxiliary dependence constraints ... 
INFO: [SCHED 204-11] Generating Ternary mapping constraints ... 
INFO: [SCHED 204-11] Generating Lut Grouping constraints ... 
INFO: [SCHED 204-11] Generating Node latency constraints ... 
INFO: [SCHED 204-11] Generating Relative time constraints ... 
INFO: [SCHED 204-11] Generating Protocol constraints ... 
INFO: [SCHED 204-11] Generating Precedence constraints ... 
INFO: [SCHED 204-11] Generating Supporting dependence constraints ... 
INFO: [SCHED 204-11] Generating Pipeline constraints ... 
INFO: [SCHED 204-11] Generating DSP mapping constraints ... 
INFO: [SCHED 204-11] Generating Supporting dependence constraints ... 
INFO: [SCHED 204-11] Generating Resource constraints ... 
INFO: [SCHED 204-11] Generating Latency constraints ... 
INFO: [SCHED 204-11] Generating Latency constraints ... 
INFO: [SCHED 204-11] Generating Cycle time constraints ... 
INFO: [SCHED 204-11] Generating Blocking node constraints ... 
INFO: [SCHED 204-11] Generating Chaining constraints ... 
INFO: [SCHED 204-11] Generating Operation gating constraints ... 
INFO: [SCHED 204-11] Generating Variable bound constraints ... 
INFO: [SCHED 204-11] Generating PHI node constraints ... 
INFO: [SCHED 204-11] Start checking consistency (resolving sdc graph) ...
INFO: [SCHED 204-11] Finished checking consistency.
INFO: [SCHED 204-11] Start scheduling optimization (solving LP) ...
INFO: [SCHED 204-11] Finished scheduling optimization.
INFO: [SCHED 204-11] Start constructing STG ...
INFO: [SCHED 204-11] Finished constructing STG.
INFO: [SCHED 204-11] Finished scheduling.
INFO: [HLS 200-111] Finished Scheduling: CPU user time: 0.18 seconds. CPU system time: 0.03 seconds. Elapsed time: 0.21 seconds; current allocated memory: 371.367 MB.
INFO: [BIND 205-100] Starting micro-architecture generation ...
INFO: [BIND 205-101] Performing variable lifetime analysis.
INFO: [BIND 205-101] Exploring resource sharing.
INFO: [BIND 205-101] Binding ...
INFO: [BIND 205-100] Finished micro-architecture generation.
INFO: [HLS 200-111] Finished Binding: CPU user time: 0.03 seconds. CPU system time: 0.01 seconds. Elapsed time: 0.04 seconds; current allocated memory: 371.367 MB.
INFO: [HLS 200-10] ----------------------------------------------------------------
INFO: [HLS 200-42] -- Implementing module 'v_vscaler' 
INFO: [HLS 200-10] ----------------------------------------------------------------
INFO: [SCHED 204-11] Starting scheduling ...
###	 Num	NTree	NLUT	EssAll	EssLUT	Size	MSize	Lev	MLev	Sel	Phy 
####	 0	0	0	6	0	-nan	0	-nan	0	0	0
INFO: [SCHED 204-11] Generating True dependence constraints ... 
INFO: [SCHED 204-11] Generating Auxiliary dependence constraints ... 
INFO: [SCHED 204-11] Generating Ternary mapping constraints ... 
INFO: [SCHED 204-11] Generating Lut Grouping constraints ... 
INFO: [SCHED 204-11] Generating Node latency constraints ... 
INFO: [SCHED 204-11] Generating Relative time constraints ... 
INFO: [SCHED 204-11] Generating Protocol constraints ... 
INFO: [SCHED 204-11] Generating Precedence constraints ... 
INFO: [SCHED 204-11] Generating Supporting dependence constraints ... 
INFO: [SCHED 204-11] Generating Pipeline constraints ... 
INFO: [SCHED 204-11] Generating DSP mapping constraints ... 
INFO: [SCHED 204-11] Generating Supporting dependence constraints ... 
INFO: [SCHED 204-11] Generating Resource constraints ... 
INFO: [SCHED 204-11] Generating Latency constraints ... 
INFO: [SCHED 204-11] Generating Latency constraints ... 
INFO: [SCHED 204-11] Generating Cycle time constraints ... 
INFO: [SCHED 204-11] Generating Blocking node constraints ... 
INFO: [SCHED 204-11] Generating Chaining constraints ... 
INFO: [SCHED 204-11] Generating Operation gating constraints ... 
INFO: [SCHED 204-11] Generating Variable bound constraints ... 
INFO: [SCHED 204-11] Generating PHI node constraints ... 
INFO: [SCHED 204-11] Start checking consistency (resolving sdc graph) ...
INFO: [SCHED 204-11] Finished checking consistency.
INFO: [SCHED 204-11] Start scheduling optimization (solving LP) ...
INFO: [SCHED 204-11] Finished scheduling optimization.
INFO: [SCHED 204-11] Start constructing STG ...
INFO: [SCHED 204-11] Finished constructing STG.
INFO: [SCHED 204-11] Finished scheduling.
WARNING: [HLS 200-1020] Increasing the depth of FIFO start_for_v_vcresampler_core_U0 (from Block_entry4_proc_U0 to v_vcresampler_core_U0) to 3 to improve performance and/or avoid deadlocks.
WARNING: [HLS 200-1018] Consider increasing the depth of FIFO HwReg_LineRate (from Block_entry4_proc_U0 to vscale_core_polyphase_U0) to 4 to improve performance and/or avoid deadlocks.
WARNING: [HLS 200-1018] Consider increasing the depth of FIFO HwReg_HeightOut_c19 (from Block_entry4_proc_U0 to vscale_core_polyphase_U0) to 4 to improve performance and/or avoid deadlocks.
WARNING: [HLS 200-1018] Consider increasing the depth of FIFO ColorMode_vcr_c21 (from Block_entry4_proc_U0 to v_vcresampler_core_U0) to 3 to improve performance and/or avoid deadlocks.
INFO: [HLS 200-111] Finished Scheduling: CPU user time: 0.25 seconds. CPU system time: 0.01 seconds. Elapsed time: 0.26 seconds; current allocated memory: 372.098 MB.
INFO: [BIND 205-100] Starting micro-architecture generation ...
INFO: [BIND 205-101] Performing variable lifetime analysis.
INFO: [BIND 205-101] Exploring resource sharing.
INFO: [BIND 205-101] Binding ...
INFO: [BIND 205-100] Finished micro-architecture generation.
INFO: [HLS 200-111] Finished Binding: CPU user time: 0.05 seconds. CPU system time: 0 seconds. Elapsed time: 0.05 seconds; current allocated memory: 372.098 MB.
INFO: [HLS 200-10] ----------------------------------------------------------------
INFO: [HLS 200-10] -- Generating RTL for module 'Block_entry4_proc' 
INFO: [HLS 200-10] ----------------------------------------------------------------
INFO: [RTGEN 206-100] Finished creating RTL model for 'Block_entry4_proc'.
INFO: [HLS 200-111] Finished Creating RTL model: CPU user time: 0.05 seconds. CPU system time: 0.01 seconds. Elapsed time: 0.06 seconds; current allocated memory: 372.289 MB.
INFO: [HLS 200-10] ----------------------------------------------------------------
INFO: [HLS 200-10] -- Generating RTL for module 'reg_unsigned_short_s' 
INFO: [HLS 200-10] ----------------------------------------------------------------
INFO: [RTGEN 206-100] Finished creating RTL model for 'reg_unsigned_short_s'.
INFO: [HLS 200-111] Finished Creating RTL model: CPU user time: 0.05 seconds. CPU system time: 0.01 seconds. Elapsed time: 0.06 seconds; current allocated memory: 372.863 MB.
INFO: [HLS 200-10] ----------------------------------------------------------------
INFO: [HLS 200-10] -- Generating RTL for module 'AXIvideo2MultiPixStream_Pipeline_loop_wait_for_start' 
INFO: [HLS 200-10] ----------------------------------------------------------------
INFO: [RTGEN 206-100] Finished creating RTL model for 'AXIvideo2MultiPixStream_Pipeline_loop_wait_for_start'.
INFO: [HLS 200-111] Finished Creating RTL model: CPU user time: 0.04 seconds. CPU system time: 0 seconds. Elapsed time: 0.04 seconds; current allocated memory: 373.234 MB.
INFO: [HLS 200-10] ----------------------------------------------------------------
INFO: [HLS 200-10] -- Generating RTL for module 'AXIvideo2MultiPixStream_Pipeline_loop_width' 
INFO: [HLS 200-10] ----------------------------------------------------------------
INFO: [HLS 200-1030] Apply Unified Pipeline Control on module 'AXIvideo2MultiPixStream_Pipeline_loop_width' pipeline 'loop_width' pipeline type 'loop pipeline'
INFO: [RTGEN 206-100] Finished creating RTL model for 'AXIvideo2MultiPixStream_Pipeline_loop_width'.
INFO: [HLS 200-111] Finished Creating RTL model: CPU user time: 0.06 seconds. CPU system time: 0 seconds. Elapsed time: 0.06 seconds; current allocated memory: 374.117 MB.
INFO: [HLS 200-10] ----------------------------------------------------------------
INFO: [HLS 200-10] -- Generating RTL for module 'AXIvideo2MultiPixStream_Pipeline_loop_wait_for_eol' 
INFO: [HLS 200-10] ----------------------------------------------------------------
INFO: [RTGEN 206-100] Finished creating RTL model for 'AXIvideo2MultiPixStream_Pipeline_loop_wait_for_eol'.
INFO: [HLS 200-111] Finished Creating RTL model: CPU user time: 0.06 seconds. CPU system time: 0.01 seconds. Elapsed time: 0.06 seconds; current allocated memory: 375.301 MB.
INFO: [HLS 200-10] ----------------------------------------------------------------
INFO: [HLS 200-10] -- Generating RTL for module 'AXIvideo2MultiPixStream' 
INFO: [HLS 200-10] ----------------------------------------------------------------
INFO: [RTGEN 206-100] Finished creating RTL model for 'AXIvideo2MultiPixStream'.
INFO: [HLS 200-111] Finished Creating RTL model: CPU user time: 0.05 seconds. CPU system time: 0.01 seconds. Elapsed time: 0.06 seconds; current allocated memory: 376.555 MB.
INFO: [HLS 200-10] ----------------------------------------------------------------
INFO: [HLS 200-10] -- Generating RTL for module 'v_vcresampler_core_Pipeline_VITIS_LOOP_1057_2' 
INFO: [HLS 200-10] ----------------------------------------------------------------
INFO: [HLS 200-1030] Apply Unified Pipeline Control on module 'v_vcresampler_core_Pipeline_VITIS_LOOP_1057_2' pipeline 'VITIS_LOOP_1057_2' pipeline type 'loop pipeline'
INFO: [RTGEN 206-100] Finished creating RTL model for 'v_vcresampler_core_Pipeline_VITIS_LOOP_1057_2'.
INFO: [HLS 200-111] Finished Creating RTL model: CPU user time: 0.08 seconds. CPU system time: 0 seconds. Elapsed time: 0.09 seconds; current allocated memory: 378.430 MB.
INFO: [HLS 200-10] ----------------------------------------------------------------
INFO: [HLS 200-10] -- Generating RTL for module 'v_vcresampler_core' 
INFO: [HLS 200-10] ----------------------------------------------------------------
INFO: [RTGEN 206-100] Finished creating RTL model for 'v_vcresampler_core'.
INFO: [RTMG 210-278] Implementing memory 'bd_41e7_vsc_0_v_vcresampler_core_linebuf_y_RAM_AUTO_1R1W' using auto RAMs.
INFO: [RTMG 210-278] Implementing memory 'bd_41e7_vsc_0_v_vcresampler_core_linebuf_y_1_RAM_AUTO_1R1W' using auto RAMs.
INFO: [RTMG 210-279] Implementing memory 'bd_41e7_vsc_0_v_vcresampler_core_linebuf_c_2_RAM_AUTO_1R1W' using auto ROMs.
INFO: [HLS 200-111] Finished Creating RTL model: CPU user time: 0.1 seconds. CPU system time: 0.01 seconds. Elapsed time: 0.12 seconds; current allocated memory: 381.156 MB.
INFO: [HLS 200-10] ----------------------------------------------------------------
INFO: [HLS 200-10] -- Generating RTL for module 'vscale_core_polyphase_Pipeline_loop_init_coeff_phase_loop_init_coeff_tap' 
INFO: [HLS 200-10] ----------------------------------------------------------------
INFO: [HLS 200-1030] Apply Unified Pipeline Control on module 'vscale_core_polyphase_Pipeline_loop_init_coeff_phase_loop_init_coeff_tap' pipeline 'loop_init_coeff_phase_loop_init_coeff_tap' pipeline type 'loop pipeline'
INFO: [RTGEN 206-100] Finished creating RTL model for 'vscale_core_polyphase_Pipeline_loop_init_coeff_phase_loop_init_coeff_tap'.
INFO: [HLS 200-111] Finished Creating RTL model: CPU user time: 0.07 seconds. CPU system time: 0.01 seconds. Elapsed time: 0.08 seconds; current allocated memory: 382.613 MB.
INFO: [HLS 200-10] ----------------------------------------------------------------
INFO: [HLS 200-10] -- Generating RTL for module 'vscale_core_polyphase_Pipeline_loop_width_for_procpix' 
INFO: [HLS 200-10] ----------------------------------------------------------------
INFO: [HLS 200-1030] Apply Unified Pipeline Control on module 'vscale_core_polyphase_Pipeline_loop_width_for_procpix' pipeline 'loop_width_for_procpix' pipeline type 'loop pipeline'
INFO: [RTGEN 206-100] Generating core module 'mac_muladd_16s_10ns_12ns_26_4_1': 3 instance(s).
INFO: [RTGEN 206-100] Generating core module 'mac_muladd_16s_10ns_26s_27_4_1': 3 instance(s).
INFO: [RTGEN 206-100] Generating core module 'mac_muladd_16s_10ns_27s_28_4_1': 3 instance(s).
INFO: [RTGEN 206-100] Generating core module 'mac_muladd_16s_10ns_28s_28_4_1': 3 instance(s).
INFO: [RTGEN 206-100] Generating core module 'mac_muladd_16s_10ns_28s_29_4_1': 3 instance(s).
INFO: [RTGEN 206-100] Generating core module 'mac_muladd_16s_10ns_29s_29_4_1': 3 instance(s).
INFO: [RTGEN 206-100] Finished creating RTL model for 'vscale_core_polyphase_Pipeline_loop_width_for_procpix'.
INFO: [HLS 200-111] Finished Creating RTL model: CPU user time: 0.14 seconds. CPU system time: 0 seconds. Elapsed time: 0.16 seconds; current allocated memory: 386.109 MB.
INFO: [HLS 200-10] ----------------------------------------------------------------
INFO: [HLS 200-10] -- Generating RTL for module 'vscale_core_polyphase' 
INFO: [HLS 200-10] ----------------------------------------------------------------
INFO: [RTGEN 206-100] Finished creating RTL model for 'vscale_core_polyphase'.
INFO: [RTMG 210-278] Implementing memory 'bd_41e7_vsc_0_vscale_core_polyphase_FiltCoeff_RAM_1P_LUTRAM_1R1W' using distributed RAMs.
INFO: [RTMG 210-278] Implementing memory 'bd_41e7_vsc_0_vscale_core_polyphase_LineBuf_RAM_AUTO_1R1W' using auto RAMs.
INFO: [HLS 200-111] Finished Creating RTL model: CPU user time: 0.15 seconds. CPU system time: 0.03 seconds. Elapsed time: 0.17 seconds; current allocated memory: 391.812 MB.
INFO: [HLS 200-10] ----------------------------------------------------------------
INFO: [HLS 200-10] -- Generating RTL for module 'MultiPixStream2AXIvideo_Pipeline_VITIS_LOOP_940_2' 
INFO: [HLS 200-10] ----------------------------------------------------------------
INFO: [HLS 200-1030] Apply Unified Pipeline Control on module 'MultiPixStream2AXIvideo_Pipeline_VITIS_LOOP_940_2' pipeline 'VITIS_LOOP_940_2' pipeline type 'loop pipeline'
INFO: [RTGEN 206-100] Finished creating RTL model for 'MultiPixStream2AXIvideo_Pipeline_VITIS_LOOP_940_2'.
INFO: [HLS 200-111] Finished Creating RTL model: CPU user time: 0.1 seconds. CPU system time: 0.01 seconds. Elapsed time: 0.1 seconds; current allocated memory: 394.086 MB.
INFO: [HLS 200-10] ----------------------------------------------------------------
INFO: [HLS 200-10] -- Generating RTL for module 'MultiPixStream2AXIvideo' 
INFO: [HLS 200-10] ----------------------------------------------------------------
INFO: [RTGEN 206-100] Finished creating RTL model for 'MultiPixStream2AXIvideo'.
INFO: [HLS 200-111] Finished Creating RTL model: CPU user time: 0.07 seconds. CPU system time: 0 seconds. Elapsed time: 0.07 seconds; current allocated memory: 395.574 MB.
INFO: [HLS 200-10] ----------------------------------------------------------------
INFO: [HLS 200-10] -- Generating RTL for module 'v_vscaler' 
INFO: [HLS 200-10] ----------------------------------------------------------------
WARNING: [RTGEN 206-101] Design contains AXI ports. Reset is fixed to synchronous and active low.
INFO: [RTGEN 206-500] Setting interface mode on port 'v_vscaler/s_axis_video_V_data_V' to 'axis' (register, both mode).
INFO: [RTGEN 206-500] Setting interface mode on port 'v_vscaler/s_axis_video_V_keep_V' to 'axis' (register, both mode).
INFO: [RTGEN 206-500] Setting interface mode on port 'v_vscaler/s_axis_video_V_strb_V' to 'axis' (register, both mode).
INFO: [RTGEN 206-500] Setting interface mode on port 'v_vscaler/s_axis_video_V_user_V' to 'axis' (register, both mode).
INFO: [RTGEN 206-500] Setting interface mode on port 'v_vscaler/s_axis_video_V_last_V' to 'axis' (register, both mode).
INFO: [RTGEN 206-500] Setting interface mode on port 'v_vscaler/s_axis_video_V_id_V' to 'axis' (register, both mode).
INFO: [RTGEN 206-500] Setting interface mode on port 'v_vscaler/s_axis_video_V_dest_V' to 'axis' (register, both mode).
INFO: [RTGEN 206-500] Setting interface mode on port 'v_vscaler/HeightIn' to 's_axilite & ap_none'.
INFO: [RTGEN 206-500] Setting interface mode on port 'v_vscaler/Width' to 's_axilite & ap_none'.
INFO: [RTGEN 206-500] Setting interface mode on port 'v_vscaler/HeightOut' to 's_axilite & ap_none'.
INFO: [RTGEN 206-500] Setting interface mode on port 'v_vscaler/LineRate' to 's_axilite & ap_none'.
INFO: [RTGEN 206-500] Setting interface mode on port 'v_vscaler/ColorMode' to 's_axilite & ap_none'.
INFO: [RTGEN 206-500] Setting interface mode on port 'v_vscaler/vfltCoeff' to 's_axilite & ap_memory'.
INFO: [RTGEN 206-500] Setting interface mode on port 'v_vscaler/m_axis_video_V_data_V' to 'axis' (register, both mode).
INFO: [RTGEN 206-500] Setting interface mode on port 'v_vscaler/m_axis_video_V_keep_V' to 'axis' (register, both mode).
INFO: [RTGEN 206-500] Setting interface mode on port 'v_vscaler/m_axis_video_V_strb_V' to 'axis' (register, both mode).
INFO: [RTGEN 206-500] Setting interface mode on port 'v_vscaler/m_axis_video_V_user_V' to 'axis' (register, both mode).
INFO: [RTGEN 206-500] Setting interface mode on port 'v_vscaler/m_axis_video_V_last_V' to 'axis' (register, both mode).
INFO: [RTGEN 206-500] Setting interface mode on port 'v_vscaler/m_axis_video_V_id_V' to 'axis' (register, both mode).
INFO: [RTGEN 206-500] Setting interface mode on port 'v_vscaler/m_axis_video_V_dest_V' to 'axis' (register, both mode).
INFO: [RTGEN 206-500] Setting interface mode on function 'v_vscaler' to 's_axilite & ap_ctrl_hs'.
INFO: [RTGEN 206-100] Bundling port 'HeightIn', 'Width', 'HeightOut', 'LineRate', 'ColorMode', 'vfltCoeff' and 'return' to AXI-Lite port CTRL.
INFO: [RTGEN 206-100] Finished creating RTL model for 'v_vscaler'.
INFO: [RTMG 210-285] Implementing FIFO 'HwReg_LineRate_U(bd_41e7_vsc_0_fifo_w32_d2_S)' using Shift Registers.
INFO: [RTMG 210-285] Implementing FIFO 'HwReg_HeightIn_c15_U(bd_41e7_vsc_0_fifo_w11_d2_S)' using Shift Registers.
INFO: [RTMG 210-285] Implementing FIFO 'HwReg_Width_c18_U(bd_41e7_vsc_0_fifo_w11_d2_S)' using Shift Registers.
INFO: [RTMG 210-285] Implementing FIFO 'HwReg_HeightOut_c19_U(bd_41e7_vsc_0_fifo_w11_d2_S)' using Shift Registers.
INFO: [RTMG 210-285] Implementing FIFO 'HwReg_ColorMode_c20_U(bd_41e7_vsc_0_fifo_w8_d2_S)' using Shift Registers.
INFO: [RTMG 210-285] Implementing FIFO 'ColorMode_vcr_c21_U(bd_41e7_vsc_0_fifo_w8_d2_S)' using Shift Registers.
INFO: [RTMG 210-285] Implementing FIFO 'SrcYUV_U(bd_41e7_vsc_0_fifo_w30_d16_S)' using Shift Registers.
INFO: [RTMG 210-285] Implementing FIFO 'HwReg_HeightIn_c14_U(bd_41e7_vsc_0_fifo_w11_d2_S)' using Shift Registers.
INFO: [RTMG 210-285] Implementing FIFO 'HwReg_Width_c17_U(bd_41e7_vsc_0_fifo_w11_d2_S)' using Shift Registers.
INFO: [RTMG 210-285] Implementing FIFO 'HwReg_ColorMode_c_U(bd_41e7_vsc_0_fifo_w8_d2_S)' using Shift Registers.
INFO: [RTMG 210-285] Implementing FIFO 'SrcYUV422_U(bd_41e7_vsc_0_fifo_w30_d16_S)' using Shift Registers.
INFO: [RTMG 210-285] Implementing FIFO 'HwReg_HeightIn_c_U(bd_41e7_vsc_0_fifo_w11_d2_S)' using Shift Registers.
INFO: [RTMG 210-285] Implementing FIFO 'HwReg_Width_c16_U(bd_41e7_vsc_0_fifo_w11_d2_S)' using Shift Registers.
INFO: [RTMG 210-285] Implementing FIFO 'ColorMode_vcr_c_U(bd_41e7_vsc_0_fifo_w8_d3_S)' using Shift Registers.
INFO: [RTMG 210-285] Implementing FIFO 'OutYUV_U(bd_41e7_vsc_0_fifo_w30_d16_S)' using Shift Registers.
INFO: [RTMG 210-285] Implementing FIFO 'HwReg_Width_c_U(bd_41e7_vsc_0_fifo_w11_d2_S)' using Shift Registers.
INFO: [RTMG 210-285] Implementing FIFO 'HwReg_HeightOut_c_U(bd_41e7_vsc_0_fifo_w11_d2_S)' using Shift Registers.
INFO: [RTMG 210-285] Implementing FIFO 'start_for_AXIvideo2MultiPixStream_U0_U(bd_41e7_vsc_0_start_for_AXIvideo2MultiPixStream_U0)' using Shift Registers.
INFO: [RTMG 210-285] Implementing FIFO 'start_for_v_vcresampler_core_U0_U(bd_41e7_vsc_0_start_for_v_vcresampler_core_U0)' using Shift Registers.
INFO: [RTMG 210-285] Implementing FIFO 'start_for_MultiPixStream2AXIvideo_U0_U(bd_41e7_vsc_0_start_for_MultiPixStream2AXIvideo_U0)' using Shift Registers.
INFO: [HLS 200-111] Finished Creating RTL model: CPU user time: 0.3 seconds. CPU system time: 0.04 seconds. Elapsed time: 0.35 seconds; current allocated memory: 398.047 MB.
INFO: [HLS 200-111] Finished Generating all RTL models: CPU user time: 0.29 seconds. CPU system time: 0.03 seconds. Elapsed time: 0.32 seconds; current allocated memory: 398.785 MB.
INFO: [HLS 200-111] Finished Updating report files: CPU user time: 1.49 seconds. CPU system time: 0.04 seconds. Elapsed time: 1.54 seconds; current allocated memory: 411.574 MB.
INFO: [VHDL 208-304] Generating VHDL RTL for v_vscaler with prefix bd_41e7_vsc_0_.
INFO: [VLOG 209-307] Generating Verilog RTL for v_vscaler with prefix bd_41e7_vsc_0_.
INFO: [HLS 200-790] **** Loop Constraint Status: All loop constraints were satisfied.
INFO: [HLS 200-789] **** Estimated Fmax: 164.19 MHz
INFO: [HLS 200-111] Finished Command csynth_design CPU user time: 37.53 seconds. CPU system time: 2.13 seconds. Elapsed time: 44.15 seconds; current allocated memory: 224.246 MB.
INFO: [HLS 200-1510] Running: export_design -format ip_catalog 
INFO: [IMPL 213-8] Exporting RTL as a Vivado IP.

****** Vivado v2023.2 (64-bit)
  **** SW Build 4029153 on Fri Oct 13 20:13:54 MDT 2023
  **** IP Build 4028589 on Sat Oct 14 00:45:43 MDT 2023
  **** SharedData Build 4025554 on Tue Oct 10 17:18:54 MDT 2023
    ** Copyright 1986-2022 Xilinx, Inc. All Rights Reserved.
    ** Copyright 2022-2023 Advanced Micro Devices, Inc. All Rights Reserved.

source run_ippack.tcl -notrace
ipx::create_core: Time (s): cpu = 00:00:06 ; elapsed = 00:00:06 . Memory (MB): peak = 1353.559 ; gain = 0.023 ; free physical = 1568 ; free virtual = 4223
INFO: [IP_Flow 19-234] Refreshing IP repositories
INFO: [IP_Flow 19-1704] No user IP repositories specified
INFO: [IP_Flow 19-2313] Loaded Vivado IP repository '/home/alen/Xilinx/Vivado/2023.2/data/ip'.
INFO: [Common 17-206] Exiting Vivado at Thu Dec 28 17:22:53 2023...
INFO: [HLS 200-802] Generated output file prj/sol/impl/export.zip
INFO: [HLS 200-111] Finished Command export_design CPU user time: 13.18 seconds. CPU system time: 0.34 seconds. Elapsed time: 15.77 seconds; current allocated memory: 4.566 MB.
INFO: [HLS 200-112] Total CPU user time: 51.73 seconds. Total CPU system time: 2.65 seconds. Total elapsed time: 61.13 seconds; peak allocated memory: 418.422 MB.
INFO: [Common 17-206] Exiting vitis_hls at Thu Dec 28 17:22:56 2023...
WARNING: [IP_Flow 19-1971] File named "hdl/verilog/bd_41e7_vsc_0_AXIvideo2MultiPixStream.v" already exists in file group "xilinx_veriloghlssynthesis", cannot add it again.
WARNING: [IP_Flow 19-1971] File named "hdl/verilog/bd_41e7_vsc_0_AXIvideo2MultiPixStream_Pipeline_loop_wait_for_eol.v" already exists in file group "xilinx_veriloghlssynthesis", cannot add it again.
WARNING: [IP_Flow 19-1971] File named "hdl/verilog/bd_41e7_vsc_0_AXIvideo2MultiPixStream_Pipeline_loop_wait_for_start.v" already exists in file group "xilinx_veriloghlssynthesis", cannot add it again.
WARNING: [IP_Flow 19-1971] File named "hdl/verilog/bd_41e7_vsc_0_AXIvideo2MultiPixStream_Pipeline_loop_width.v" already exists in file group "xilinx_veriloghlssynthesis", cannot add it again.
WARNING: [IP_Flow 19-1971] File named "hdl/verilog/bd_41e7_vsc_0_Block_entry4_proc.v" already exists in file group "xilinx_veriloghlssynthesis", cannot add it again.
WARNING: [IP_Flow 19-1971] File named "hdl/verilog/bd_41e7_vsc_0_CTRL_s_axi.v" already exists in file group "xilinx_veriloghlssynthesis", cannot add it again.
WARNING: [IP_Flow 19-1971] File named "hdl/verilog/bd_41e7_vsc_0_fifo_w8_d2_S.v" already exists in file group "xilinx_veriloghlssynthesis", cannot add it again.
WARNING: [IP_Flow 19-1971] File named "hdl/verilog/bd_41e7_vsc_0_fifo_w8_d3_S.v" already exists in file group "xilinx_veriloghlssynthesis", cannot add it again.
WARNING: [IP_Flow 19-1971] File named "hdl/verilog/bd_41e7_vsc_0_fifo_w11_d2_S.v" already exists in file group "xilinx_veriloghlssynthesis", cannot add it again.
WARNING: [IP_Flow 19-1971] File named "hdl/verilog/bd_41e7_vsc_0_fifo_w30_d16_S.v" already exists in file group "xilinx_veriloghlssynthesis", cannot add it again.
WARNING: [IP_Flow 19-1971] File named "hdl/verilog/bd_41e7_vsc_0_fifo_w32_d2_S.v" already exists in file group "xilinx_veriloghlssynthesis", cannot add it again.
WARNING: [IP_Flow 19-1971] File named "hdl/verilog/bd_41e7_vsc_0_flow_control_loop_pipe_sequential_init.v" already exists in file group "xilinx_veriloghlssynthesis", cannot add it again.
WARNING: [IP_Flow 19-1971] File named "hdl/verilog/bd_41e7_vsc_0_hls_deadlock_detection_unit.v" already exists in file group "xilinx_veriloghlssynthesis", cannot add it again.
WARNING: [IP_Flow 19-1971] File named "hdl/verilog/bd_41e7_vsc_0_hls_deadlock_detector.vh" already exists in file group "xilinx_veriloghlssynthesis", cannot add it again.
WARNING: [IP_Flow 19-1971] File named "hdl/verilog/bd_41e7_vsc_0_hls_deadlock_idx0_monitor.v" already exists in file group "xilinx_veriloghlssynthesis", cannot add it again.
WARNING: [IP_Flow 19-1971] File named "hdl/verilog/bd_41e7_vsc_0_hls_deadlock_idx1_monitor.v" already exists in file group "xilinx_veriloghlssynthesis", cannot add it again.
WARNING: [IP_Flow 19-1971] File named "hdl/verilog/bd_41e7_vsc_0_hls_deadlock_kernel_monitor_top.vh" already exists in file group "xilinx_veriloghlssynthesis", cannot add it again.
WARNING: [IP_Flow 19-1971] File named "hdl/verilog/bd_41e7_vsc_0_hls_deadlock_report_unit.vh" already exists in file group "xilinx_veriloghlssynthesis", cannot add it again.
WARNING: [IP_Flow 19-1971] File named "hdl/verilog/bd_41e7_vsc_0_mac_muladd_16s_10ns_12ns_26_4_1.v" already exists in file group "xilinx_veriloghlssynthesis", cannot add it again.
WARNING: [IP_Flow 19-1971] File named "hdl/verilog/bd_41e7_vsc_0_mac_muladd_16s_10ns_26s_27_4_1.v" already exists in file group "xilinx_veriloghlssynthesis", cannot add it again.
WARNING: [IP_Flow 19-1971] File named "hdl/verilog/bd_41e7_vsc_0_mac_muladd_16s_10ns_27s_28_4_1.v" already exists in file group "xilinx_veriloghlssynthesis", cannot add it again.
WARNING: [IP_Flow 19-1971] File named "hdl/verilog/bd_41e7_vsc_0_mac_muladd_16s_10ns_28s_28_4_1.v" already exists in file group "xilinx_veriloghlssynthesis", cannot add it again.
WARNING: [IP_Flow 19-1971] File named "hdl/verilog/bd_41e7_vsc_0_mac_muladd_16s_10ns_28s_29_4_1.v" already exists in file group "xilinx_veriloghlssynthesis", cannot add it again.
WARNING: [IP_Flow 19-1971] File named "hdl/verilog/bd_41e7_vsc_0_mac_muladd_16s_10ns_29s_29_4_1.v" already exists in file group "xilinx_veriloghlssynthesis", cannot add it again.
WARNING: [IP_Flow 19-1971] File named "hdl/verilog/bd_41e7_vsc_0_MultiPixStream2AXIvideo.v" already exists in file group "xilinx_veriloghlssynthesis", cannot add it again.
WARNING: [IP_Flow 19-1971] File named "hdl/verilog/bd_41e7_vsc_0_MultiPixStream2AXIvideo_Pipeline_VITIS_LOOP_940_2.v" already exists in file group "xilinx_veriloghlssynthesis", cannot add it again.
WARNING: [IP_Flow 19-1971] File named "hdl/verilog/bd_41e7_vsc_0_reg_unsigned_short_s.v" already exists in file group "xilinx_veriloghlssynthesis", cannot add it again.
WARNING: [IP_Flow 19-1971] File named "hdl/verilog/bd_41e7_vsc_0_regslice_both.v" already exists in file group "xilinx_veriloghlssynthesis", cannot add it again.
WARNING: [IP_Flow 19-1971] File named "hdl/verilog/bd_41e7_vsc_0_start_for_AXIvideo2MultiPixStream_U0.v" already exists in file group "xilinx_veriloghlssynthesis", cannot add it again.
WARNING: [IP_Flow 19-1971] File named "hdl/verilog/bd_41e7_vsc_0_start_for_MultiPixStream2AXIvideo_U0.v" already exists in file group "xilinx_veriloghlssynthesis", cannot add it again.
WARNING: [IP_Flow 19-1971] File named "hdl/verilog/bd_41e7_vsc_0_start_for_v_vcresampler_core_U0.v" already exists in file group "xilinx_veriloghlssynthesis", cannot add it again.
WARNING: [IP_Flow 19-1971] File named "hdl/verilog/bd_41e7_vsc_0_v_vcresampler_core.v" already exists in file group "xilinx_veriloghlssynthesis", cannot add it again.
WARNING: [IP_Flow 19-1971] File named "hdl/verilog/bd_41e7_vsc_0_v_vcresampler_core_linebuf_c_2_RAM_AUTO_1R1W.dat" already exists in file group "xilinx_veriloghlssynthesis", cannot add it again.
WARNING: [IP_Flow 19-1971] File named "hdl/verilog/bd_41e7_vsc_0_v_vcresampler_core_linebuf_c_2_RAM_AUTO_1R1W.v" already exists in file group "xilinx_veriloghlssynthesis", cannot add it again.
WARNING: [IP_Flow 19-1971] File named "hdl/verilog/bd_41e7_vsc_0_v_vcresampler_core_linebuf_y_1_RAM_AUTO_1R1W.v" already exists in file group "xilinx_veriloghlssynthesis", cannot add it again.
WARNING: [IP_Flow 19-1971] File named "hdl/verilog/bd_41e7_vsc_0_v_vcresampler_core_linebuf_y_RAM_AUTO_1R1W.v" already exists in file group "xilinx_veriloghlssynthesis", cannot add it again.
WARNING: [IP_Flow 19-1971] File named "hdl/verilog/bd_41e7_vsc_0_v_vcresampler_core_Pipeline_VITIS_LOOP_1057_2.v" already exists in file group "xilinx_veriloghlssynthesis", cannot add it again.
WARNING: [IP_Flow 19-1971] File named "hdl/verilog/bd_41e7_vsc_0_vscale_core_polyphase.v" already exists in file group "xilinx_veriloghlssynthesis", cannot add it again.
WARNING: [IP_Flow 19-1971] File named "hdl/verilog/bd_41e7_vsc_0_vscale_core_polyphase_FiltCoeff_RAM_1P_LUTRAM_1R1W.v" already exists in file group "xilinx_veriloghlssynthesis", cannot add it again.
WARNING: [IP_Flow 19-1971] File named "hdl/verilog/bd_41e7_vsc_0_vscale_core_polyphase_LineBuf_RAM_AUTO_1R1W.v" already exists in file group "xilinx_veriloghlssynthesis", cannot add it again.
WARNING: [IP_Flow 19-1971] File named "hdl/verilog/bd_41e7_vsc_0_vscale_core_polyphase_Pipeline_loop_init_coeff_phase_loop_init_coeff_tap.v" already exists in file group "xilinx_veriloghlssynthesis", cannot add it again.
WARNING: [IP_Flow 19-1971] File named "hdl/verilog/bd_41e7_vsc_0_vscale_core_polyphase_Pipeline_loop_width_for_procpix.v" already exists in file group "xilinx_veriloghlssynthesis", cannot add it again.
WARNING: [IP_Flow 19-1971] File named "hdl/verilog/bd_41e7_vsc_0_v_vscaler.v" already exists in file group "xilinx_veriloghlssynthesis", cannot add it again.
WARNING: [IP_Flow 19-1971] File named "hdl/verilog/bd_41e7_vsc_0_AXIvideo2MultiPixStream.v" already exists in file group "xilinx_veriloghlssimulation", cannot add it again.
WARNING: [IP_Flow 19-1971] File named "hdl/verilog/bd_41e7_vsc_0_AXIvideo2MultiPixStream_Pipeline_loop_wait_for_eol.v" already exists in file group "xilinx_veriloghlssimulation", cannot add it again.
WARNING: [IP_Flow 19-1971] File named "hdl/verilog/bd_41e7_vsc_0_AXIvideo2MultiPixStream_Pipeline_loop_wait_for_start.v" already exists in file group "xilinx_veriloghlssimulation", cannot add it again.
WARNING: [IP_Flow 19-1971] File named "hdl/verilog/bd_41e7_vsc_0_AXIvideo2MultiPixStream_Pipeline_loop_width.v" already exists in file group "xilinx_veriloghlssimulation", cannot add it again.
WARNING: [IP_Flow 19-1971] File named "hdl/verilog/bd_41e7_vsc_0_Block_entry4_proc.v" already exists in file group "xilinx_veriloghlssimulation", cannot add it again.
WARNING: [IP_Flow 19-1971] File named "hdl/verilog/bd_41e7_vsc_0_CTRL_s_axi.v" already exists in file group "xilinx_veriloghlssimulation", cannot add it again.
WARNING: [IP_Flow 19-1971] File named "hdl/verilog/bd_41e7_vsc_0_fifo_w8_d2_S.v" already exists in file group "xilinx_veriloghlssimulation", cannot add it again.
WARNING: [IP_Flow 19-1971] File named "hdl/verilog/bd_41e7_vsc_0_fifo_w8_d3_S.v" already exists in file group "xilinx_veriloghlssimulation", cannot add it again.
WARNING: [IP_Flow 19-1971] File named "hdl/verilog/bd_41e7_vsc_0_fifo_w11_d2_S.v" already exists in file group "xilinx_veriloghlssimulation", cannot add it again.
WARNING: [IP_Flow 19-1971] File named "hdl/verilog/bd_41e7_vsc_0_fifo_w30_d16_S.v" already exists in file group "xilinx_veriloghlssimulation", cannot add it again.
WARNING: [IP_Flow 19-1971] File named "hdl/verilog/bd_41e7_vsc_0_fifo_w32_d2_S.v" already exists in file group "xilinx_veriloghlssimulation", cannot add it again.
WARNING: [IP_Flow 19-1971] File named "hdl/verilog/bd_41e7_vsc_0_flow_control_loop_pipe_sequential_init.v" already exists in file group "xilinx_veriloghlssimulation", cannot add it again.
WARNING: [IP_Flow 19-1971] File named "hdl/verilog/bd_41e7_vsc_0_hls_deadlock_detection_unit.v" already exists in file group "xilinx_veriloghlssimulation", cannot add it again.
WARNING: [IP_Flow 19-1971] File named "hdl/verilog/bd_41e7_vsc_0_hls_deadlock_detector.vh" already exists in file group "xilinx_veriloghlssimulation", cannot add it again.
WARNING: [IP_Flow 19-1971] File named "hdl/verilog/bd_41e7_vsc_0_hls_deadlock_idx0_monitor.v" already exists in file group "xilinx_veriloghlssimulation", cannot add it again.
WARNING: [IP_Flow 19-1971] File named "hdl/verilog/bd_41e7_vsc_0_hls_deadlock_idx1_monitor.v" already exists in file group "xilinx_veriloghlssimulation", cannot add it again.
WARNING: [IP_Flow 19-1971] File named "hdl/verilog/bd_41e7_vsc_0_hls_deadlock_kernel_monitor_top.vh" already exists in file group "xilinx_veriloghlssimulation", cannot add it again.
WARNING: [IP_Flow 19-1971] File named "hdl/verilog/bd_41e7_vsc_0_hls_deadlock_report_unit.vh" already exists in file group "xilinx_veriloghlssimulation", cannot add it again.
WARNING: [IP_Flow 19-1971] File named "hdl/verilog/bd_41e7_vsc_0_mac_muladd_16s_10ns_12ns_26_4_1.v" already exists in file group "xilinx_veriloghlssimulation", cannot add it again.
WARNING: [IP_Flow 19-1971] File named "hdl/verilog/bd_41e7_vsc_0_mac_muladd_16s_10ns_26s_27_4_1.v" already exists in file group "xilinx_veriloghlssimulation", cannot add it again.
WARNING: [IP_Flow 19-1971] File named "hdl/verilog/bd_41e7_vsc_0_mac_muladd_16s_10ns_27s_28_4_1.v" already exists in file group "xilinx_veriloghlssimulation", cannot add it again.
WARNING: [IP_Flow 19-1971] File named "hdl/verilog/bd_41e7_vsc_0_mac_muladd_16s_10ns_28s_28_4_1.v" already exists in file group "xilinx_veriloghlssimulation", cannot add it again.
WARNING: [IP_Flow 19-1971] File named "hdl/verilog/bd_41e7_vsc_0_mac_muladd_16s_10ns_28s_29_4_1.v" already exists in file group "xilinx_veriloghlssimulation", cannot add it again.
WARNING: [IP_Flow 19-1971] File named "hdl/verilog/bd_41e7_vsc_0_mac_muladd_16s_10ns_29s_29_4_1.v" already exists in file group "xilinx_veriloghlssimulation", cannot add it again.
WARNING: [IP_Flow 19-1971] File named "hdl/verilog/bd_41e7_vsc_0_MultiPixStream2AXIvideo.v" already exists in file group "xilinx_veriloghlssimulation", cannot add it again.
WARNING: [IP_Flow 19-1971] File named "hdl/verilog/bd_41e7_vsc_0_MultiPixStream2AXIvideo_Pipeline_VITIS_LOOP_940_2.v" already exists in file group "xilinx_veriloghlssimulation", cannot add it again.
WARNING: [IP_Flow 19-1971] File named "hdl/verilog/bd_41e7_vsc_0_reg_unsigned_short_s.v" already exists in file group "xilinx_veriloghlssimulation", cannot add it again.
WARNING: [IP_Flow 19-1971] File named "hdl/verilog/bd_41e7_vsc_0_regslice_both.v" already exists in file group "xilinx_veriloghlssimulation", cannot add it again.
WARNING: [IP_Flow 19-1971] File named "hdl/verilog/bd_41e7_vsc_0_start_for_AXIvideo2MultiPixStream_U0.v" already exists in file group "xilinx_veriloghlssimulation", cannot add it again.
WARNING: [IP_Flow 19-1971] File named "hdl/verilog/bd_41e7_vsc_0_start_for_MultiPixStream2AXIvideo_U0.v" already exists in file group "xilinx_veriloghlssimulation", cannot add it again.
WARNING: [IP_Flow 19-1971] File named "hdl/verilog/bd_41e7_vsc_0_start_for_v_vcresampler_core_U0.v" already exists in file group "xilinx_veriloghlssimulation", cannot add it again.
WARNING: [IP_Flow 19-1971] File named "hdl/verilog/bd_41e7_vsc_0_v_vcresampler_core.v" already exists in file group "xilinx_veriloghlssimulation", cannot add it again.
WARNING: [IP_Flow 19-1971] File named "hdl/verilog/bd_41e7_vsc_0_v_vcresampler_core_linebuf_c_2_RAM_AUTO_1R1W.dat" already exists in file group "xilinx_veriloghlssimulation", cannot add it again.
WARNING: [IP_Flow 19-1971] File named "hdl/verilog/bd_41e7_vsc_0_v_vcresampler_core_linebuf_c_2_RAM_AUTO_1R1W.v" already exists in file group "xilinx_veriloghlssimulation", cannot add it again.
WARNING: [IP_Flow 19-1971] File named "hdl/verilog/bd_41e7_vsc_0_v_vcresampler_core_linebuf_y_1_RAM_AUTO_1R1W.v" already exists in file group "xilinx_veriloghlssimulation", cannot add it again.
WARNING: [IP_Flow 19-1971] File named "hdl/verilog/bd_41e7_vsc_0_v_vcresampler_core_linebuf_y_RAM_AUTO_1R1W.v" already exists in file group "xilinx_veriloghlssimulation", cannot add it again.
WARNING: [IP_Flow 19-1971] File named "hdl/verilog/bd_41e7_vsc_0_v_vcresampler_core_Pipeline_VITIS_LOOP_1057_2.v" already exists in file group "xilinx_veriloghlssimulation", cannot add it again.
WARNING: [IP_Flow 19-1971] File named "hdl/verilog/bd_41e7_vsc_0_vscale_core_polyphase.v" already exists in file group "xilinx_veriloghlssimulation", cannot add it again.
WARNING: [IP_Flow 19-1971] File named "hdl/verilog/bd_41e7_vsc_0_vscale_core_polyphase_FiltCoeff_RAM_1P_LUTRAM_1R1W.v" already exists in file group "xilinx_veriloghlssimulation", cannot add it again.
WARNING: [IP_Flow 19-1971] File named "hdl/verilog/bd_41e7_vsc_0_vscale_core_polyphase_LineBuf_RAM_AUTO_1R1W.v" already exists in file group "xilinx_veriloghlssimulation", cannot add it again.
WARNING: [IP_Flow 19-1971] File named "hdl/verilog/bd_41e7_vsc_0_vscale_core_polyphase_Pipeline_loop_init_coeff_phase_loop_init_coeff_tap.v" already exists in file group "xilinx_veriloghlssimulation", cannot add it again.
WARNING: [IP_Flow 19-1971] File named "hdl/verilog/bd_41e7_vsc_0_vscale_core_polyphase_Pipeline_loop_width_for_procpix.v" already exists in file group "xilinx_veriloghlssimulation", cannot add it again.
WARNING: [IP_Flow 19-1971] File named "hdl/verilog/bd_41e7_vsc_0_v_vscaler.v" already exists in file group "xilinx_veriloghlssimulation", cannot add it again.
compile_c: Time (s): cpu = 00:00:53 ; elapsed = 00:01:02 . Memory (MB): peak = 1314.957 ; gain = 0.000 ; free physical = 2483 ; free virtual = 5158
INFO: [IP_Flow 19-6924] IPCACHE: Running cache check for IP inst: bd_41e7_vsc_0
Command: synth_design -top bd_41e7_vsc_0 -part xc7z020clg484-1 -incremental_mode off -mode out_of_context
Starting synth_design
WARNING: [Vivado_Tcl 4-393] The 'Synthesis' target of the following IPs are stale, please generate the output products using the generate_target or synth_ip command before running synth_design.
/home/alen/repo/zynq-7020-video-pipe-3/hw/video-pipe-hw-v5/hw_011223.gen/sources_1/bd/broncho_video/ip/broncho_video_v_proc_ss_0_1/bd_0/ip/ip_1/bd_41e7_vsc_0.xci

Attempting to get a license for feature 'Synthesis' and/or device 'xc7z020'
INFO: [Common 17-349] Got license for feature 'Synthesis' and/or device 'xc7z020'
INFO: [Device 21-403] Loading part xc7z020clg484-1
INFO: [Synth 8-7079] Multithreading enabled for synth_design using a maximum of 4 processes.
INFO: [Synth 8-7078] Launching helper process for spawning children vivado processes
INFO: [Synth 8-7075] Helper process launched with PID 62642
---------------------------------------------------------------------------------
Starting RTL Elaboration : Time (s): cpu = 00:00:04 ; elapsed = 00:00:04 . Memory (MB): peak = 2039.234 ; gain = 403.715 ; free physical = 1274 ; free virtual = 3955
---------------------------------------------------------------------------------
INFO: [Synth 8-6157] synthesizing module 'bd_41e7_vsc_0' [/home/alen/repo/zynq-7020-video-pipe-3/hw/video-pipe-hw-v5/hw_011223.gen/sources_1/bd/broncho_video/ip/broncho_video_v_proc_ss_0_1/bd_0/ip/ip_1/synth/bd_41e7_vsc_0.v:53]
INFO: [Synth 8-6157] synthesizing module 'bd_41e7_vsc_0_v_vscaler' [/home/alen/repo/zynq-7020-video-pipe-3/hw/video-pipe-hw-v5/hw_011223.gen/sources_1/bd/broncho_video/ip/broncho_video_v_proc_ss_0_1/bd_0/ip/ip_1/hdl/verilog/bd_41e7_vsc_0_v_vscaler.v:9]
INFO: [Synth 8-6157] synthesizing module 'bd_41e7_vsc_0_CTRL_s_axi' [/home/alen/repo/zynq-7020-video-pipe-3/hw/video-pipe-hw-v5/hw_011223.gen/sources_1/bd/broncho_video/ip/broncho_video_v_proc_ss_0_1/bd_0/ip/ip_1/hdl/verilog/bd_41e7_vsc_0_CTRL_s_axi.v:9]
INFO: [Synth 8-6157] synthesizing module 'bd_41e7_vsc_0_CTRL_s_axi_ram' [/home/alen/repo/zynq-7020-video-pipe-3/hw/video-pipe-hw-v5/hw_011223.gen/sources_1/bd/broncho_video/ip/broncho_video_v_proc_ss_0_1/bd_0/ip/ip_1/hdl/verilog/bd_41e7_vsc_0_CTRL_s_axi.v:574]
INFO: [Synth 8-6155] done synthesizing module 'bd_41e7_vsc_0_CTRL_s_axi_ram' (0#1) [/home/alen/repo/zynq-7020-video-pipe-3/hw/video-pipe-hw-v5/hw_011223.gen/sources_1/bd/broncho_video/ip/broncho_video_v_proc_ss_0_1/bd_0/ip/ip_1/hdl/verilog/bd_41e7_vsc_0_CTRL_s_axi.v:574]
INFO: [Synth 8-155] case statement is not full and has no default [/home/alen/repo/zynq-7020-video-pipe-3/hw/video-pipe-hw-v5/hw_011223.gen/sources_1/bd/broncho_video/ip/broncho_video_v_proc_ss_0_1/bd_0/ip/ip_1/hdl/verilog/bd_41e7_vsc_0_CTRL_s_axi.v:278]
INFO: [Synth 8-6155] done synthesizing module 'bd_41e7_vsc_0_CTRL_s_axi' (0#1) [/home/alen/repo/zynq-7020-video-pipe-3/hw/video-pipe-hw-v5/hw_011223.gen/sources_1/bd/broncho_video/ip/broncho_video_v_proc_ss_0_1/bd_0/ip/ip_1/hdl/verilog/bd_41e7_vsc_0_CTRL_s_axi.v:9]
INFO: [Synth 8-6157] synthesizing module 'bd_41e7_vsc_0_Block_entry4_proc' [/home/alen/repo/zynq-7020-video-pipe-3/hw/video-pipe-hw-v5/hw_011223.gen/sources_1/bd/broncho_video/ip/broncho_video_v_proc_ss_0_1/bd_0/ip/ip_1/hdl/verilog/bd_41e7_vsc_0_Block_entry4_proc.v:9]
INFO: [Synth 8-6155] done synthesizing module 'bd_41e7_vsc_0_Block_entry4_proc' (0#1) [/home/alen/repo/zynq-7020-video-pipe-3/hw/video-pipe-hw-v5/hw_011223.gen/sources_1/bd/broncho_video/ip/broncho_video_v_proc_ss_0_1/bd_0/ip/ip_1/hdl/verilog/bd_41e7_vsc_0_Block_entry4_proc.v:9]
INFO: [Synth 8-6157] synthesizing module 'bd_41e7_vsc_0_AXIvideo2MultiPixStream' [/home/alen/repo/zynq-7020-video-pipe-3/hw/video-pipe-hw-v5/hw_011223.gen/sources_1/bd/broncho_video/ip/broncho_video_v_proc_ss_0_1/bd_0/ip/ip_1/hdl/verilog/bd_41e7_vsc_0_AXIvideo2MultiPixStream.v:9]
INFO: [Synth 8-6157] synthesizing module 'bd_41e7_vsc_0_AXIvideo2MultiPixStream_Pipeline_loop_wait_for_start' [/home/alen/repo/zynq-7020-video-pipe-3/hw/video-pipe-hw-v5/hw_011223.gen/sources_1/bd/broncho_video/ip/broncho_video_v_proc_ss_0_1/bd_0/ip/ip_1/hdl/verilog/bd_41e7_vsc_0_AXIvideo2MultiPixStream_Pipeline_loop_wait_for_start.v:9]
INFO: [Synth 8-6157] synthesizing module 'bd_41e7_vsc_0_flow_control_loop_pipe_sequential_init' [/home/alen/repo/zynq-7020-video-pipe-3/hw/video-pipe-hw-v5/hw_011223.gen/sources_1/bd/broncho_video/ip/broncho_video_v_proc_ss_0_1/bd_0/ip/ip_1/hdl/verilog/bd_41e7_vsc_0_flow_control_loop_pipe_sequential_init.v:11]
INFO: [Synth 8-6155] done synthesizing module 'bd_41e7_vsc_0_flow_control_loop_pipe_sequential_init' (0#1) [/home/alen/repo/zynq-7020-video-pipe-3/hw/video-pipe-hw-v5/hw_011223.gen/sources_1/bd/broncho_video/ip/broncho_video_v_proc_ss_0_1/bd_0/ip/ip_1/hdl/verilog/bd_41e7_vsc_0_flow_control_loop_pipe_sequential_init.v:11]
INFO: [Synth 8-6155] done synthesizing module 'bd_41e7_vsc_0_AXIvideo2MultiPixStream_Pipeline_loop_wait_for_start' (0#1) [/home/alen/repo/zynq-7020-video-pipe-3/hw/video-pipe-hw-v5/hw_011223.gen/sources_1/bd/broncho_video/ip/broncho_video_v_proc_ss_0_1/bd_0/ip/ip_1/hdl/verilog/bd_41e7_vsc_0_AXIvideo2MultiPixStream_Pipeline_loop_wait_for_start.v:9]
INFO: [Synth 8-6157] synthesizing module 'bd_41e7_vsc_0_AXIvideo2MultiPixStream_Pipeline_loop_width' [/home/alen/repo/zynq-7020-video-pipe-3/hw/video-pipe-hw-v5/hw_011223.gen/sources_1/bd/broncho_video/ip/broncho_video_v_proc_ss_0_1/bd_0/ip/ip_1/hdl/verilog/bd_41e7_vsc_0_AXIvideo2MultiPixStream_Pipeline_loop_width.v:9]
INFO: [Synth 8-6155] done synthesizing module 'bd_41e7_vsc_0_AXIvideo2MultiPixStream_Pipeline_loop_width' (0#1) [/home/alen/repo/zynq-7020-video-pipe-3/hw/video-pipe-hw-v5/hw_011223.gen/sources_1/bd/broncho_video/ip/broncho_video_v_proc_ss_0_1/bd_0/ip/ip_1/hdl/verilog/bd_41e7_vsc_0_AXIvideo2MultiPixStream_Pipeline_loop_width.v:9]
INFO: [Synth 8-6157] synthesizing module 'bd_41e7_vsc_0_AXIvideo2MultiPixStream_Pipeline_loop_wait_for_eol' [/home/alen/repo/zynq-7020-video-pipe-3/hw/video-pipe-hw-v5/hw_011223.gen/sources_1/bd/broncho_video/ip/broncho_video_v_proc_ss_0_1/bd_0/ip/ip_1/hdl/verilog/bd_41e7_vsc_0_AXIvideo2MultiPixStream_Pipeline_loop_wait_for_eol.v:9]
INFO: [Synth 8-6155] done synthesizing module 'bd_41e7_vsc_0_AXIvideo2MultiPixStream_Pipeline_loop_wait_for_eol' (0#1) [/home/alen/repo/zynq-7020-video-pipe-3/hw/video-pipe-hw-v5/hw_011223.gen/sources_1/bd/broncho_video/ip/broncho_video_v_proc_ss_0_1/bd_0/ip/ip_1/hdl/verilog/bd_41e7_vsc_0_AXIvideo2MultiPixStream_Pipeline_loop_wait_for_eol.v:9]
INFO: [Synth 8-6157] synthesizing module 'bd_41e7_vsc_0_reg_unsigned_short_s' [/home/alen/repo/zynq-7020-video-pipe-3/hw/video-pipe-hw-v5/hw_011223.gen/sources_1/bd/broncho_video/ip/broncho_video_v_proc_ss_0_1/bd_0/ip/ip_1/hdl/verilog/bd_41e7_vsc_0_reg_unsigned_short_s.v:9]
INFO: [Synth 8-6155] done synthesizing module 'bd_41e7_vsc_0_reg_unsigned_short_s' (0#1) [/home/alen/repo/zynq-7020-video-pipe-3/hw/video-pipe-hw-v5/hw_011223.gen/sources_1/bd/broncho_video/ip/broncho_video_v_proc_ss_0_1/bd_0/ip/ip_1/hdl/verilog/bd_41e7_vsc_0_reg_unsigned_short_s.v:9]
INFO: [Synth 8-6157] synthesizing module 'bd_41e7_vsc_0_regslice_both' [/home/alen/repo/zynq-7020-video-pipe-3/hw/video-pipe-hw-v5/hw_011223.gen/sources_1/bd/broncho_video/ip/broncho_video_v_proc_ss_0_1/bd_0/ip/ip_1/hdl/verilog/bd_41e7_vsc_0_regslice_both.v:11]
INFO: [Synth 8-6155] done synthesizing module 'bd_41e7_vsc_0_regslice_both' (0#1) [/home/alen/repo/zynq-7020-video-pipe-3/hw/video-pipe-hw-v5/hw_011223.gen/sources_1/bd/broncho_video/ip/broncho_video_v_proc_ss_0_1/bd_0/ip/ip_1/hdl/verilog/bd_41e7_vsc_0_regslice_both.v:11]
INFO: [Synth 8-6157] synthesizing module 'bd_41e7_vsc_0_regslice_both__parameterized0' [/home/alen/repo/zynq-7020-video-pipe-3/hw/video-pipe-hw-v5/hw_011223.gen/sources_1/bd/broncho_video/ip/broncho_video_v_proc_ss_0_1/bd_0/ip/ip_1/hdl/verilog/bd_41e7_vsc_0_regslice_both.v:11]
INFO: [Synth 8-6155] done synthesizing module 'bd_41e7_vsc_0_regslice_both__parameterized0' (0#1) [/home/alen/repo/zynq-7020-video-pipe-3/hw/video-pipe-hw-v5/hw_011223.gen/sources_1/bd/broncho_video/ip/broncho_video_v_proc_ss_0_1/bd_0/ip/ip_1/hdl/verilog/bd_41e7_vsc_0_regslice_both.v:11]
INFO: [Synth 8-6157] synthesizing module 'bd_41e7_vsc_0_regslice_both__parameterized1' [/home/alen/repo/zynq-7020-video-pipe-3/hw/video-pipe-hw-v5/hw_011223.gen/sources_1/bd/broncho_video/ip/broncho_video_v_proc_ss_0_1/bd_0/ip/ip_1/hdl/verilog/bd_41e7_vsc_0_regslice_both.v:11]
INFO: [Synth 8-6155] done synthesizing module 'bd_41e7_vsc_0_regslice_both__parameterized1' (0#1) [/home/alen/repo/zynq-7020-video-pipe-3/hw/video-pipe-hw-v5/hw_011223.gen/sources_1/bd/broncho_video/ip/broncho_video_v_proc_ss_0_1/bd_0/ip/ip_1/hdl/verilog/bd_41e7_vsc_0_regslice_both.v:11]
INFO: [Synth 8-6155] done synthesizing module 'bd_41e7_vsc_0_AXIvideo2MultiPixStream' (0#1) [/home/alen/repo/zynq-7020-video-pipe-3/hw/video-pipe-hw-v5/hw_011223.gen/sources_1/bd/broncho_video/ip/broncho_video_v_proc_ss_0_1/bd_0/ip/ip_1/hdl/verilog/bd_41e7_vsc_0_AXIvideo2MultiPixStream.v:9]
INFO: [Synth 8-6157] synthesizing module 'bd_41e7_vsc_0_v_vcresampler_core' [/home/alen/repo/zynq-7020-video-pipe-3/hw/video-pipe-hw-v5/hw_011223.gen/sources_1/bd/broncho_video/ip/broncho_video_v_proc_ss_0_1/bd_0/ip/ip_1/hdl/verilog/bd_41e7_vsc_0_v_vcresampler_core.v:9]
INFO: [Synth 8-6157] synthesizing module 'bd_41e7_vsc_0_v_vcresampler_core_linebuf_y_RAM_AUTO_1R1W' [/home/alen/repo/zynq-7020-video-pipe-3/hw/video-pipe-hw-v5/hw_011223.gen/sources_1/bd/broncho_video/ip/broncho_video_v_proc_ss_0_1/bd_0/ip/ip_1/hdl/verilog/bd_41e7_vsc_0_v_vcresampler_core_linebuf_y_RAM_AUTO_1R1W.v:7]
INFO: [Synth 8-6155] done synthesizing module 'bd_41e7_vsc_0_v_vcresampler_core_linebuf_y_RAM_AUTO_1R1W' (0#1) [/home/alen/repo/zynq-7020-video-pipe-3/hw/video-pipe-hw-v5/hw_011223.gen/sources_1/bd/broncho_video/ip/broncho_video_v_proc_ss_0_1/bd_0/ip/ip_1/hdl/verilog/bd_41e7_vsc_0_v_vcresampler_core_linebuf_y_RAM_AUTO_1R1W.v:7]
INFO: [Synth 8-6157] synthesizing module 'bd_41e7_vsc_0_v_vcresampler_core_linebuf_y_1_RAM_AUTO_1R1W' [/home/alen/repo/zynq-7020-video-pipe-3/hw/video-pipe-hw-v5/hw_011223.gen/sources_1/bd/broncho_video/ip/broncho_video_v_proc_ss_0_1/bd_0/ip/ip_1/hdl/verilog/bd_41e7_vsc_0_v_vcresampler_core_linebuf_y_1_RAM_AUTO_1R1W.v:7]
INFO: [Synth 8-6155] done synthesizing module 'bd_41e7_vsc_0_v_vcresampler_core_linebuf_y_1_RAM_AUTO_1R1W' (0#1) [/home/alen/repo/zynq-7020-video-pipe-3/hw/video-pipe-hw-v5/hw_011223.gen/sources_1/bd/broncho_video/ip/broncho_video_v_proc_ss_0_1/bd_0/ip/ip_1/hdl/verilog/bd_41e7_vsc_0_v_vcresampler_core_linebuf_y_1_RAM_AUTO_1R1W.v:7]
INFO: [Synth 8-6157] synthesizing module 'bd_41e7_vsc_0_v_vcresampler_core_linebuf_c_2_RAM_AUTO_1R1W' [/home/alen/repo/zynq-7020-video-pipe-3/hw/video-pipe-hw-v5/hw_011223.gen/sources_1/bd/broncho_video/ip/broncho_video_v_proc_ss_0_1/bd_0/ip/ip_1/hdl/verilog/bd_41e7_vsc_0_v_vcresampler_core_linebuf_c_2_RAM_AUTO_1R1W.v:7]
INFO: [Synth 8-3876] $readmem data file './bd_41e7_vsc_0_v_vcresampler_core_linebuf_c_2_RAM_AUTO_1R1W.dat' is read successfully [/home/alen/repo/zynq-7020-video-pipe-3/hw/video-pipe-hw-v5/hw_011223.gen/sources_1/bd/broncho_video/ip/broncho_video_v_proc_ss_0_1/bd_0/ip/ip_1/hdl/verilog/bd_41e7_vsc_0_v_vcresampler_core_linebuf_c_2_RAM_AUTO_1R1W.v:28]
INFO: [Synth 8-6155] done synthesizing module 'bd_41e7_vsc_0_v_vcresampler_core_linebuf_c_2_RAM_AUTO_1R1W' (0#1) [/home/alen/repo/zynq-7020-video-pipe-3/hw/video-pipe-hw-v5/hw_011223.gen/sources_1/bd/broncho_video/ip/broncho_video_v_proc_ss_0_1/bd_0/ip/ip_1/hdl/verilog/bd_41e7_vsc_0_v_vcresampler_core_linebuf_c_2_RAM_AUTO_1R1W.v:7]
INFO: [Synth 8-6157] synthesizing module 'bd_41e7_vsc_0_v_vcresampler_core_Pipeline_VITIS_LOOP_1057_2' [/home/alen/repo/zynq-7020-video-pipe-3/hw/video-pipe-hw-v5/hw_011223.gen/sources_1/bd/broncho_video/ip/broncho_video_v_proc_ss_0_1/bd_0/ip/ip_1/hdl/verilog/bd_41e7_vsc_0_v_vcresampler_core_Pipeline_VITIS_LOOP_1057_2.v:9]
INFO: [Synth 8-6155] done synthesizing module 'bd_41e7_vsc_0_v_vcresampler_core_Pipeline_VITIS_LOOP_1057_2' (0#1) [/home/alen/repo/zynq-7020-video-pipe-3/hw/video-pipe-hw-v5/hw_011223.gen/sources_1/bd/broncho_video/ip/broncho_video_v_proc_ss_0_1/bd_0/ip/ip_1/hdl/verilog/bd_41e7_vsc_0_v_vcresampler_core_Pipeline_VITIS_LOOP_1057_2.v:9]
INFO: [Synth 8-6155] done synthesizing module 'bd_41e7_vsc_0_v_vcresampler_core' (0#1) [/home/alen/repo/zynq-7020-video-pipe-3/hw/video-pipe-hw-v5/hw_011223.gen/sources_1/bd/broncho_video/ip/broncho_video_v_proc_ss_0_1/bd_0/ip/ip_1/hdl/verilog/bd_41e7_vsc_0_v_vcresampler_core.v:9]
INFO: [Synth 8-6157] synthesizing module 'bd_41e7_vsc_0_vscale_core_polyphase' [/home/alen/repo/zynq-7020-video-pipe-3/hw/video-pipe-hw-v5/hw_011223.gen/sources_1/bd/broncho_video/ip/broncho_video_v_proc_ss_0_1/bd_0/ip/ip_1/hdl/verilog/bd_41e7_vsc_0_vscale_core_polyphase.v:9]
INFO: [Synth 8-6157] synthesizing module 'bd_41e7_vsc_0_vscale_core_polyphase_FiltCoeff_RAM_1P_LUTRAM_1R1W' [/home/alen/repo/zynq-7020-video-pipe-3/hw/video-pipe-hw-v5/hw_011223.gen/sources_1/bd/broncho_video/ip/broncho_video_v_proc_ss_0_1/bd_0/ip/ip_1/hdl/verilog/bd_41e7_vsc_0_vscale_core_polyphase_FiltCoeff_RAM_1P_LUTRAM_1R1W.v:7]
INFO: [Synth 8-6155] done synthesizing module 'bd_41e7_vsc_0_vscale_core_polyphase_FiltCoeff_RAM_1P_LUTRAM_1R1W' (0#1) [/home/alen/repo/zynq-7020-video-pipe-3/hw/video-pipe-hw-v5/hw_011223.gen/sources_1/bd/broncho_video/ip/broncho_video_v_proc_ss_0_1/bd_0/ip/ip_1/hdl/verilog/bd_41e7_vsc_0_vscale_core_polyphase_FiltCoeff_RAM_1P_LUTRAM_1R1W.v:7]
INFO: [Synth 8-6157] synthesizing module 'bd_41e7_vsc_0_vscale_core_polyphase_LineBuf_RAM_AUTO_1R1W' [/home/alen/repo/zynq-7020-video-pipe-3/hw/video-pipe-hw-v5/hw_011223.gen/sources_1/bd/broncho_video/ip/broncho_video_v_proc_ss_0_1/bd_0/ip/ip_1/hdl/verilog/bd_41e7_vsc_0_vscale_core_polyphase_LineBuf_RAM_AUTO_1R1W.v:7]
INFO: [Synth 8-6155] done synthesizing module 'bd_41e7_vsc_0_vscale_core_polyphase_LineBuf_RAM_AUTO_1R1W' (0#1) [/home/alen/repo/zynq-7020-video-pipe-3/hw/video-pipe-hw-v5/hw_011223.gen/sources_1/bd/broncho_video/ip/broncho_video_v_proc_ss_0_1/bd_0/ip/ip_1/hdl/verilog/bd_41e7_vsc_0_vscale_core_polyphase_LineBuf_RAM_AUTO_1R1W.v:7]
INFO: [Synth 8-6157] synthesizing module 'bd_41e7_vsc_0_vscale_core_polyphase_Pipeline_loop_init_coeff_phase_loop_init_coeff_tap' [/home/alen/repo/zynq-7020-video-pipe-3/hw/video-pipe-hw-v5/hw_011223.gen/sources_1/bd/broncho_video/ip/broncho_video_v_proc_ss_0_1/bd_0/ip/ip_1/hdl/verilog/bd_41e7_vsc_0_vscale_core_polyphase_Pipeline_loop_init_coeff_phase_loop_init_coeff_tap.v:9]
INFO: [Synth 8-6155] done synthesizing module 'bd_41e7_vsc_0_vscale_core_polyphase_Pipeline_loop_init_coeff_phase_loop_init_coeff_tap' (0#1) [/home/alen/repo/zynq-7020-video-pipe-3/hw/video-pipe-hw-v5/hw_011223.gen/sources_1/bd/broncho_video/ip/broncho_video_v_proc_ss_0_1/bd_0/ip/ip_1/hdl/verilog/bd_41e7_vsc_0_vscale_core_polyphase_Pipeline_loop_init_coeff_phase_loop_init_coeff_tap.v:9]
INFO: [Synth 8-6157] synthesizing module 'bd_41e7_vsc_0_vscale_core_polyphase_Pipeline_loop_width_for_procpix' [/home/alen/repo/zynq-7020-video-pipe-3/hw/video-pipe-hw-v5/hw_011223.gen/sources_1/bd/broncho_video/ip/broncho_video_v_proc_ss_0_1/bd_0/ip/ip_1/hdl/verilog/bd_41e7_vsc_0_vscale_core_polyphase_Pipeline_loop_width_for_procpix.v:9]
INFO: [Synth 8-6157] synthesizing module 'bd_41e7_vsc_0_mac_muladd_16s_10ns_12ns_26_4_1' [/home/alen/repo/zynq-7020-video-pipe-3/hw/video-pipe-hw-v5/hw_011223.gen/sources_1/bd/broncho_video/ip/broncho_video_v_proc_ss_0_1/bd_0/ip/ip_1/hdl/verilog/bd_41e7_vsc_0_mac_muladd_16s_10ns_12ns_26_4_1.v:49]
INFO: [Synth 8-6157] synthesizing module 'bd_41e7_vsc_0_mac_muladd_16s_10ns_12ns_26_4_1_DSP48_0' [/home/alen/repo/zynq-7020-video-pipe-3/hw/video-pipe-hw-v5/hw_011223.gen/sources_1/bd/broncho_video/ip/broncho_video_v_proc_ss_0_1/bd_0/ip/ip_1/hdl/verilog/bd_41e7_vsc_0_mac_muladd_16s_10ns_12ns_26_4_1.v:10]
INFO: [Synth 8-6155] done synthesizing module 'bd_41e7_vsc_0_mac_muladd_16s_10ns_12ns_26_4_1_DSP48_0' (0#1) [/home/alen/repo/zynq-7020-video-pipe-3/hw/video-pipe-hw-v5/hw_011223.gen/sources_1/bd/broncho_video/ip/broncho_video_v_proc_ss_0_1/bd_0/ip/ip_1/hdl/verilog/bd_41e7_vsc_0_mac_muladd_16s_10ns_12ns_26_4_1.v:10]
INFO: [Synth 8-6155] done synthesizing module 'bd_41e7_vsc_0_mac_muladd_16s_10ns_12ns_26_4_1' (0#1) [/home/alen/repo/zynq-7020-video-pipe-3/hw/video-pipe-hw-v5/hw_011223.gen/sources_1/bd/broncho_video/ip/broncho_video_v_proc_ss_0_1/bd_0/ip/ip_1/hdl/verilog/bd_41e7_vsc_0_mac_muladd_16s_10ns_12ns_26_4_1.v:49]
INFO: [Synth 8-6157] synthesizing module 'bd_41e7_vsc_0_mac_muladd_16s_10ns_26s_27_4_1' [/home/alen/repo/zynq-7020-video-pipe-3/hw/video-pipe-hw-v5/hw_011223.gen/sources_1/bd/broncho_video/ip/broncho_video_v_proc_ss_0_1/bd_0/ip/ip_1/hdl/verilog/bd_41e7_vsc_0_mac_muladd_16s_10ns_26s_27_4_1.v:49]
INFO: [Synth 8-6157] synthesizing module 'bd_41e7_vsc_0_mac_muladd_16s_10ns_26s_27_4_1_DSP48_1' [/home/alen/repo/zynq-7020-video-pipe-3/hw/video-pipe-hw-v5/hw_011223.gen/sources_1/bd/broncho_video/ip/broncho_video_v_proc_ss_0_1/bd_0/ip/ip_1/hdl/verilog/bd_41e7_vsc_0_mac_muladd_16s_10ns_26s_27_4_1.v:10]
INFO: [Synth 8-6155] done synthesizing module 'bd_41e7_vsc_0_mac_muladd_16s_10ns_26s_27_4_1_DSP48_1' (0#1) [/home/alen/repo/zynq-7020-video-pipe-3/hw/video-pipe-hw-v5/hw_011223.gen/sources_1/bd/broncho_video/ip/broncho_video_v_proc_ss_0_1/bd_0/ip/ip_1/hdl/verilog/bd_41e7_vsc_0_mac_muladd_16s_10ns_26s_27_4_1.v:10]
INFO: [Synth 8-6155] done synthesizing module 'bd_41e7_vsc_0_mac_muladd_16s_10ns_26s_27_4_1' (0#1) [/home/alen/repo/zynq-7020-video-pipe-3/hw/video-pipe-hw-v5/hw_011223.gen/sources_1/bd/broncho_video/ip/broncho_video_v_proc_ss_0_1/bd_0/ip/ip_1/hdl/verilog/bd_41e7_vsc_0_mac_muladd_16s_10ns_26s_27_4_1.v:49]
INFO: [Synth 8-6157] synthesizing module 'bd_41e7_vsc_0_mac_muladd_16s_10ns_27s_28_4_1' [/home/alen/repo/zynq-7020-video-pipe-3/hw/video-pipe-hw-v5/hw_011223.gen/sources_1/bd/broncho_video/ip/broncho_video_v_proc_ss_0_1/bd_0/ip/ip_1/hdl/verilog/bd_41e7_vsc_0_mac_muladd_16s_10ns_27s_28_4_1.v:49]
INFO: [Synth 8-6157] synthesizing module 'bd_41e7_vsc_0_mac_muladd_16s_10ns_27s_28_4_1_DSP48_2' [/home/alen/repo/zynq-7020-video-pipe-3/hw/video-pipe-hw-v5/hw_011223.gen/sources_1/bd/broncho_video/ip/broncho_video_v_proc_ss_0_1/bd_0/ip/ip_1/hdl/verilog/bd_41e7_vsc_0_mac_muladd_16s_10ns_27s_28_4_1.v:10]
INFO: [Synth 8-6155] done synthesizing module 'bd_41e7_vsc_0_mac_muladd_16s_10ns_27s_28_4_1_DSP48_2' (0#1) [/home/alen/repo/zynq-7020-video-pipe-3/hw/video-pipe-hw-v5/hw_011223.gen/sources_1/bd/broncho_video/ip/broncho_video_v_proc_ss_0_1/bd_0/ip/ip_1/hdl/verilog/bd_41e7_vsc_0_mac_muladd_16s_10ns_27s_28_4_1.v:10]
INFO: [Synth 8-6155] done synthesizing module 'bd_41e7_vsc_0_mac_muladd_16s_10ns_27s_28_4_1' (0#1) [/home/alen/repo/zynq-7020-video-pipe-3/hw/video-pipe-hw-v5/hw_011223.gen/sources_1/bd/broncho_video/ip/broncho_video_v_proc_ss_0_1/bd_0/ip/ip_1/hdl/verilog/bd_41e7_vsc_0_mac_muladd_16s_10ns_27s_28_4_1.v:49]
INFO: [Synth 8-6157] synthesizing module 'bd_41e7_vsc_0_mac_muladd_16s_10ns_28s_28_4_1' [/home/alen/repo/zynq-7020-video-pipe-3/hw/video-pipe-hw-v5/hw_011223.gen/sources_1/bd/broncho_video/ip/broncho_video_v_proc_ss_0_1/bd_0/ip/ip_1/hdl/verilog/bd_41e7_vsc_0_mac_muladd_16s_10ns_28s_28_4_1.v:49]
INFO: [Synth 8-6157] synthesizing module 'bd_41e7_vsc_0_mac_muladd_16s_10ns_28s_28_4_1_DSP48_3' [/home/alen/repo/zynq-7020-video-pipe-3/hw/video-pipe-hw-v5/hw_011223.gen/sources_1/bd/broncho_video/ip/broncho_video_v_proc_ss_0_1/bd_0/ip/ip_1/hdl/verilog/bd_41e7_vsc_0_mac_muladd_16s_10ns_28s_28_4_1.v:10]
INFO: [Synth 8-6155] done synthesizing module 'bd_41e7_vsc_0_mac_muladd_16s_10ns_28s_28_4_1_DSP48_3' (0#1) [/home/alen/repo/zynq-7020-video-pipe-3/hw/video-pipe-hw-v5/hw_011223.gen/sources_1/bd/broncho_video/ip/broncho_video_v_proc_ss_0_1/bd_0/ip/ip_1/hdl/verilog/bd_41e7_vsc_0_mac_muladd_16s_10ns_28s_28_4_1.v:10]
INFO: [Synth 8-6155] done synthesizing module 'bd_41e7_vsc_0_mac_muladd_16s_10ns_28s_28_4_1' (0#1) [/home/alen/repo/zynq-7020-video-pipe-3/hw/video-pipe-hw-v5/hw_011223.gen/sources_1/bd/broncho_video/ip/broncho_video_v_proc_ss_0_1/bd_0/ip/ip_1/hdl/verilog/bd_41e7_vsc_0_mac_muladd_16s_10ns_28s_28_4_1.v:49]
INFO: [Synth 8-6157] synthesizing module 'bd_41e7_vsc_0_mac_muladd_16s_10ns_28s_29_4_1' [/home/alen/repo/zynq-7020-video-pipe-3/hw/video-pipe-hw-v5/hw_011223.gen/sources_1/bd/broncho_video/ip/broncho_video_v_proc_ss_0_1/bd_0/ip/ip_1/hdl/verilog/bd_41e7_vsc_0_mac_muladd_16s_10ns_28s_29_4_1.v:49]
INFO: [Synth 8-6157] synthesizing module 'bd_41e7_vsc_0_mac_muladd_16s_10ns_28s_29_4_1_DSP48_4' [/home/alen/repo/zynq-7020-video-pipe-3/hw/video-pipe-hw-v5/hw_011223.gen/sources_1/bd/broncho_video/ip/broncho_video_v_proc_ss_0_1/bd_0/ip/ip_1/hdl/verilog/bd_41e7_vsc_0_mac_muladd_16s_10ns_28s_29_4_1.v:10]
INFO: [Synth 8-6155] done synthesizing module 'bd_41e7_vsc_0_mac_muladd_16s_10ns_28s_29_4_1_DSP48_4' (0#1) [/home/alen/repo/zynq-7020-video-pipe-3/hw/video-pipe-hw-v5/hw_011223.gen/sources_1/bd/broncho_video/ip/broncho_video_v_proc_ss_0_1/bd_0/ip/ip_1/hdl/verilog/bd_41e7_vsc_0_mac_muladd_16s_10ns_28s_29_4_1.v:10]
INFO: [Synth 8-6155] done synthesizing module 'bd_41e7_vsc_0_mac_muladd_16s_10ns_28s_29_4_1' (0#1) [/home/alen/repo/zynq-7020-video-pipe-3/hw/video-pipe-hw-v5/hw_011223.gen/sources_1/bd/broncho_video/ip/broncho_video_v_proc_ss_0_1/bd_0/ip/ip_1/hdl/verilog/bd_41e7_vsc_0_mac_muladd_16s_10ns_28s_29_4_1.v:49]
INFO: [Synth 8-6157] synthesizing module 'bd_41e7_vsc_0_mac_muladd_16s_10ns_29s_29_4_1' [/home/alen/repo/zynq-7020-video-pipe-3/hw/video-pipe-hw-v5/hw_011223.gen/sources_1/bd/broncho_video/ip/broncho_video_v_proc_ss_0_1/bd_0/ip/ip_1/hdl/verilog/bd_41e7_vsc_0_mac_muladd_16s_10ns_29s_29_4_1.v:49]
INFO: [Synth 8-6157] synthesizing module 'bd_41e7_vsc_0_mac_muladd_16s_10ns_29s_29_4_1_DSP48_5' [/home/alen/repo/zynq-7020-video-pipe-3/hw/video-pipe-hw-v5/hw_011223.gen/sources_1/bd/broncho_video/ip/broncho_video_v_proc_ss_0_1/bd_0/ip/ip_1/hdl/verilog/bd_41e7_vsc_0_mac_muladd_16s_10ns_29s_29_4_1.v:10]
INFO: [Synth 8-6155] done synthesizing module 'bd_41e7_vsc_0_mac_muladd_16s_10ns_29s_29_4_1_DSP48_5' (0#1) [/home/alen/repo/zynq-7020-video-pipe-3/hw/video-pipe-hw-v5/hw_011223.gen/sources_1/bd/broncho_video/ip/broncho_video_v_proc_ss_0_1/bd_0/ip/ip_1/hdl/verilog/bd_41e7_vsc_0_mac_muladd_16s_10ns_29s_29_4_1.v:10]
INFO: [Synth 8-6155] done synthesizing module 'bd_41e7_vsc_0_mac_muladd_16s_10ns_29s_29_4_1' (0#1) [/home/alen/repo/zynq-7020-video-pipe-3/hw/video-pipe-hw-v5/hw_011223.gen/sources_1/bd/broncho_video/ip/broncho_video_v_proc_ss_0_1/bd_0/ip/ip_1/hdl/verilog/bd_41e7_vsc_0_mac_muladd_16s_10ns_29s_29_4_1.v:49]
INFO: [Synth 8-6155] done synthesizing module 'bd_41e7_vsc_0_vscale_core_polyphase_Pipeline_loop_width_for_procpix' (0#1) [/home/alen/repo/zynq-7020-video-pipe-3/hw/video-pipe-hw-v5/hw_011223.gen/sources_1/bd/broncho_video/ip/broncho_video_v_proc_ss_0_1/bd_0/ip/ip_1/hdl/verilog/bd_41e7_vsc_0_vscale_core_polyphase_Pipeline_loop_width_for_procpix.v:9]
INFO: [Synth 8-6155] done synthesizing module 'bd_41e7_vsc_0_vscale_core_polyphase' (0#1) [/home/alen/repo/zynq-7020-video-pipe-3/hw/video-pipe-hw-v5/hw_011223.gen/sources_1/bd/broncho_video/ip/broncho_video_v_proc_ss_0_1/bd_0/ip/ip_1/hdl/verilog/bd_41e7_vsc_0_vscale_core_polyphase.v:9]
INFO: [Synth 8-6157] synthesizing module 'bd_41e7_vsc_0_MultiPixStream2AXIvideo' [/home/alen/repo/zynq-7020-video-pipe-3/hw/video-pipe-hw-v5/hw_011223.gen/sources_1/bd/broncho_video/ip/broncho_video_v_proc_ss_0_1/bd_0/ip/ip_1/hdl/verilog/bd_41e7_vsc_0_MultiPixStream2AXIvideo.v:9]
INFO: [Synth 8-6157] synthesizing module 'bd_41e7_vsc_0_MultiPixStream2AXIvideo_Pipeline_VITIS_LOOP_940_2' [/home/alen/repo/zynq-7020-video-pipe-3/hw/video-pipe-hw-v5/hw_011223.gen/sources_1/bd/broncho_video/ip/broncho_video_v_proc_ss_0_1/bd_0/ip/ip_1/hdl/verilog/bd_41e7_vsc_0_MultiPixStream2AXIvideo_Pipeline_VITIS_LOOP_940_2.v:9]
INFO: [Synth 8-6155] done synthesizing module 'bd_41e7_vsc_0_MultiPixStream2AXIvideo_Pipeline_VITIS_LOOP_940_2' (0#1) [/home/alen/repo/zynq-7020-video-pipe-3/hw/video-pipe-hw-v5/hw_011223.gen/sources_1/bd/broncho_video/ip/broncho_video_v_proc_ss_0_1/bd_0/ip/ip_1/hdl/verilog/bd_41e7_vsc_0_MultiPixStream2AXIvideo_Pipeline_VITIS_LOOP_940_2.v:9]
INFO: [Synth 8-6155] done synthesizing module 'bd_41e7_vsc_0_MultiPixStream2AXIvideo' (0#1) [/home/alen/repo/zynq-7020-video-pipe-3/hw/video-pipe-hw-v5/hw_011223.gen/sources_1/bd/broncho_video/ip/broncho_video_v_proc_ss_0_1/bd_0/ip/ip_1/hdl/verilog/bd_41e7_vsc_0_MultiPixStream2AXIvideo.v:9]
INFO: [Synth 8-6157] synthesizing module 'bd_41e7_vsc_0_fifo_w32_d2_S' [/home/alen/repo/zynq-7020-video-pipe-3/hw/video-pipe-hw-v5/hw_011223.gen/sources_1/bd/broncho_video/ip/broncho_video_v_proc_ss_0_1/bd_0/ip/ip_1/hdl/verilog/bd_41e7_vsc_0_fifo_w32_d2_S.v:11]
INFO: [Synth 8-6157] synthesizing module 'bd_41e7_vsc_0_fifo_w32_d2_S_ShiftReg' [/home/alen/repo/zynq-7020-video-pipe-3/hw/video-pipe-hw-v5/hw_011223.gen/sources_1/bd/broncho_video/ip/broncho_video_v_proc_ss_0_1/bd_0/ip/ip_1/hdl/verilog/bd_41e7_vsc_0_fifo_w32_d2_S.v:130]
INFO: [Synth 8-6155] done synthesizing module 'bd_41e7_vsc_0_fifo_w32_d2_S_ShiftReg' (0#1) [/home/alen/repo/zynq-7020-video-pipe-3/hw/video-pipe-hw-v5/hw_011223.gen/sources_1/bd/broncho_video/ip/broncho_video_v_proc_ss_0_1/bd_0/ip/ip_1/hdl/verilog/bd_41e7_vsc_0_fifo_w32_d2_S.v:130]
WARNING: [Synth 8-7071] port 'reset' of module 'bd_41e7_vsc_0_fifo_w32_d2_S_ShiftReg' is unconnected for instance 'U_bd_41e7_vsc_0_fifo_w32_d2_S_ShiftReg' [/home/alen/repo/zynq-7020-video-pipe-3/hw/video-pipe-hw-v5/hw_011223.gen/sources_1/bd/broncho_video/ip/broncho_video_v_proc_ss_0_1/bd_0/ip/ip_1/hdl/verilog/bd_41e7_vsc_0_fifo_w32_d2_S.v:53]
WARNING: [Synth 8-7023] instance 'U_bd_41e7_vsc_0_fifo_w32_d2_S_ShiftReg' of module 'bd_41e7_vsc_0_fifo_w32_d2_S_ShiftReg' has 6 connections declared, but only 5 given [/home/alen/repo/zynq-7020-video-pipe-3/hw/video-pipe-hw-v5/hw_011223.gen/sources_1/bd/broncho_video/ip/broncho_video_v_proc_ss_0_1/bd_0/ip/ip_1/hdl/verilog/bd_41e7_vsc_0_fifo_w32_d2_S.v:53]
INFO: [Synth 8-6155] done synthesizing module 'bd_41e7_vsc_0_fifo_w32_d2_S' (0#1) [/home/alen/repo/zynq-7020-video-pipe-3/hw/video-pipe-hw-v5/hw_011223.gen/sources_1/bd/broncho_video/ip/broncho_video_v_proc_ss_0_1/bd_0/ip/ip_1/hdl/verilog/bd_41e7_vsc_0_fifo_w32_d2_S.v:11]
INFO: [Synth 8-6157] synthesizing module 'bd_41e7_vsc_0_fifo_w11_d2_S' [/home/alen/repo/zynq-7020-video-pipe-3/hw/video-pipe-hw-v5/hw_011223.gen/sources_1/bd/broncho_video/ip/broncho_video_v_proc_ss_0_1/bd_0/ip/ip_1/hdl/verilog/bd_41e7_vsc_0_fifo_w11_d2_S.v:11]
INFO: [Synth 8-6157] synthesizing module 'bd_41e7_vsc_0_fifo_w11_d2_S_ShiftReg' [/home/alen/repo/zynq-7020-video-pipe-3/hw/video-pipe-hw-v5/hw_011223.gen/sources_1/bd/broncho_video/ip/broncho_video_v_proc_ss_0_1/bd_0/ip/ip_1/hdl/verilog/bd_41e7_vsc_0_fifo_w11_d2_S.v:130]
INFO: [Synth 8-6155] done synthesizing module 'bd_41e7_vsc_0_fifo_w11_d2_S_ShiftReg' (0#1) [/home/alen/repo/zynq-7020-video-pipe-3/hw/video-pipe-hw-v5/hw_011223.gen/sources_1/bd/broncho_video/ip/broncho_video_v_proc_ss_0_1/bd_0/ip/ip_1/hdl/verilog/bd_41e7_vsc_0_fifo_w11_d2_S.v:130]
WARNING: [Synth 8-7071] port 'reset' of module 'bd_41e7_vsc_0_fifo_w11_d2_S_ShiftReg' is unconnected for instance 'U_bd_41e7_vsc_0_fifo_w11_d2_S_ShiftReg' [/home/alen/repo/zynq-7020-video-pipe-3/hw/video-pipe-hw-v5/hw_011223.gen/sources_1/bd/broncho_video/ip/broncho_video_v_proc_ss_0_1/bd_0/ip/ip_1/hdl/verilog/bd_41e7_vsc_0_fifo_w11_d2_S.v:53]
WARNING: [Synth 8-7023] instance 'U_bd_41e7_vsc_0_fifo_w11_d2_S_ShiftReg' of module 'bd_41e7_vsc_0_fifo_w11_d2_S_ShiftReg' has 6 connections declared, but only 5 given [/home/alen/repo/zynq-7020-video-pipe-3/hw/video-pipe-hw-v5/hw_011223.gen/sources_1/bd/broncho_video/ip/broncho_video_v_proc_ss_0_1/bd_0/ip/ip_1/hdl/verilog/bd_41e7_vsc_0_fifo_w11_d2_S.v:53]
INFO: [Synth 8-6155] done synthesizing module 'bd_41e7_vsc_0_fifo_w11_d2_S' (0#1) [/home/alen/repo/zynq-7020-video-pipe-3/hw/video-pipe-hw-v5/hw_011223.gen/sources_1/bd/broncho_video/ip/broncho_video_v_proc_ss_0_1/bd_0/ip/ip_1/hdl/verilog/bd_41e7_vsc_0_fifo_w11_d2_S.v:11]
INFO: [Synth 8-6157] synthesizing module 'bd_41e7_vsc_0_fifo_w8_d2_S' [/home/alen/repo/zynq-7020-video-pipe-3/hw/video-pipe-hw-v5/hw_011223.gen/sources_1/bd/broncho_video/ip/broncho_video_v_proc_ss_0_1/bd_0/ip/ip_1/hdl/verilog/bd_41e7_vsc_0_fifo_w8_d2_S.v:11]
INFO: [Synth 8-6157] synthesizing module 'bd_41e7_vsc_0_fifo_w8_d2_S_ShiftReg' [/home/alen/repo/zynq-7020-video-pipe-3/hw/video-pipe-hw-v5/hw_011223.gen/sources_1/bd/broncho_video/ip/broncho_video_v_proc_ss_0_1/bd_0/ip/ip_1/hdl/verilog/bd_41e7_vsc_0_fifo_w8_d2_S.v:130]
INFO: [Synth 8-6155] done synthesizing module 'bd_41e7_vsc_0_fifo_w8_d2_S_ShiftReg' (0#1) [/home/alen/repo/zynq-7020-video-pipe-3/hw/video-pipe-hw-v5/hw_011223.gen/sources_1/bd/broncho_video/ip/broncho_video_v_proc_ss_0_1/bd_0/ip/ip_1/hdl/verilog/bd_41e7_vsc_0_fifo_w8_d2_S.v:130]
WARNING: [Synth 8-7071] port 'reset' of module 'bd_41e7_vsc_0_fifo_w8_d2_S_ShiftReg' is unconnected for instance 'U_bd_41e7_vsc_0_fifo_w8_d2_S_ShiftReg' [/home/alen/repo/zynq-7020-video-pipe-3/hw/video-pipe-hw-v5/hw_011223.gen/sources_1/bd/broncho_video/ip/broncho_video_v_proc_ss_0_1/bd_0/ip/ip_1/hdl/verilog/bd_41e7_vsc_0_fifo_w8_d2_S.v:53]
WARNING: [Synth 8-7023] instance 'U_bd_41e7_vsc_0_fifo_w8_d2_S_ShiftReg' of module 'bd_41e7_vsc_0_fifo_w8_d2_S_ShiftReg' has 6 connections declared, but only 5 given [/home/alen/repo/zynq-7020-video-pipe-3/hw/video-pipe-hw-v5/hw_011223.gen/sources_1/bd/broncho_video/ip/broncho_video_v_proc_ss_0_1/bd_0/ip/ip_1/hdl/verilog/bd_41e7_vsc_0_fifo_w8_d2_S.v:53]
INFO: [Synth 8-6155] done synthesizing module 'bd_41e7_vsc_0_fifo_w8_d2_S' (0#1) [/home/alen/repo/zynq-7020-video-pipe-3/hw/video-pipe-hw-v5/hw_011223.gen/sources_1/bd/broncho_video/ip/broncho_video_v_proc_ss_0_1/bd_0/ip/ip_1/hdl/verilog/bd_41e7_vsc_0_fifo_w8_d2_S.v:11]
INFO: [Synth 8-6157] synthesizing module 'bd_41e7_vsc_0_fifo_w30_d16_S' [/home/alen/repo/zynq-7020-video-pipe-3/hw/video-pipe-hw-v5/hw_011223.gen/sources_1/bd/broncho_video/ip/broncho_video_v_proc_ss_0_1/bd_0/ip/ip_1/hdl/verilog/bd_41e7_vsc_0_fifo_w30_d16_S.v:11]
INFO: [Synth 8-6157] synthesizing module 'bd_41e7_vsc_0_fifo_w30_d16_S_ShiftReg' [/home/alen/repo/zynq-7020-video-pipe-3/hw/video-pipe-hw-v5/hw_011223.gen/sources_1/bd/broncho_video/ip/broncho_video_v_proc_ss_0_1/bd_0/ip/ip_1/hdl/verilog/bd_41e7_vsc_0_fifo_w30_d16_S.v:130]
INFO: [Synth 8-6155] done synthesizing module 'bd_41e7_vsc_0_fifo_w30_d16_S_ShiftReg' (0#1) [/home/alen/repo/zynq-7020-video-pipe-3/hw/video-pipe-hw-v5/hw_011223.gen/sources_1/bd/broncho_video/ip/broncho_video_v_proc_ss_0_1/bd_0/ip/ip_1/hdl/verilog/bd_41e7_vsc_0_fifo_w30_d16_S.v:130]
WARNING: [Synth 8-7071] port 'reset' of module 'bd_41e7_vsc_0_fifo_w30_d16_S_ShiftReg' is unconnected for instance 'U_bd_41e7_vsc_0_fifo_w30_d16_S_ShiftReg' [/home/alen/repo/zynq-7020-video-pipe-3/hw/video-pipe-hw-v5/hw_011223.gen/sources_1/bd/broncho_video/ip/broncho_video_v_proc_ss_0_1/bd_0/ip/ip_1/hdl/verilog/bd_41e7_vsc_0_fifo_w30_d16_S.v:53]
WARNING: [Synth 8-7023] instance 'U_bd_41e7_vsc_0_fifo_w30_d16_S_ShiftReg' of module 'bd_41e7_vsc_0_fifo_w30_d16_S_ShiftReg' has 6 connections declared, but only 5 given [/home/alen/repo/zynq-7020-video-pipe-3/hw/video-pipe-hw-v5/hw_011223.gen/sources_1/bd/broncho_video/ip/broncho_video_v_proc_ss_0_1/bd_0/ip/ip_1/hdl/verilog/bd_41e7_vsc_0_fifo_w30_d16_S.v:53]
INFO: [Synth 8-6155] done synthesizing module 'bd_41e7_vsc_0_fifo_w30_d16_S' (0#1) [/home/alen/repo/zynq-7020-video-pipe-3/hw/video-pipe-hw-v5/hw_011223.gen/sources_1/bd/broncho_video/ip/broncho_video_v_proc_ss_0_1/bd_0/ip/ip_1/hdl/verilog/bd_41e7_vsc_0_fifo_w30_d16_S.v:11]
INFO: [Synth 8-6157] synthesizing module 'bd_41e7_vsc_0_fifo_w8_d3_S' [/home/alen/repo/zynq-7020-video-pipe-3/hw/video-pipe-hw-v5/hw_011223.gen/sources_1/bd/broncho_video/ip/broncho_video_v_proc_ss_0_1/bd_0/ip/ip_1/hdl/verilog/bd_41e7_vsc_0_fifo_w8_d3_S.v:11]
INFO: [Synth 8-6157] synthesizing module 'bd_41e7_vsc_0_fifo_w8_d3_S_ShiftReg' [/home/alen/repo/zynq-7020-video-pipe-3/hw/video-pipe-hw-v5/hw_011223.gen/sources_1/bd/broncho_video/ip/broncho_video_v_proc_ss_0_1/bd_0/ip/ip_1/hdl/verilog/bd_41e7_vsc_0_fifo_w8_d3_S.v:130]
INFO: [Synth 8-6155] done synthesizing module 'bd_41e7_vsc_0_fifo_w8_d3_S_ShiftReg' (0#1) [/home/alen/repo/zynq-7020-video-pipe-3/hw/video-pipe-hw-v5/hw_011223.gen/sources_1/bd/broncho_video/ip/broncho_video_v_proc_ss_0_1/bd_0/ip/ip_1/hdl/verilog/bd_41e7_vsc_0_fifo_w8_d3_S.v:130]
WARNING: [Synth 8-7071] port 'reset' of module 'bd_41e7_vsc_0_fifo_w8_d3_S_ShiftReg' is unconnected for instance 'U_bd_41e7_vsc_0_fifo_w8_d3_S_ShiftReg' [/home/alen/repo/zynq-7020-video-pipe-3/hw/video-pipe-hw-v5/hw_011223.gen/sources_1/bd/broncho_video/ip/broncho_video_v_proc_ss_0_1/bd_0/ip/ip_1/hdl/verilog/bd_41e7_vsc_0_fifo_w8_d3_S.v:53]
WARNING: [Synth 8-7023] instance 'U_bd_41e7_vsc_0_fifo_w8_d3_S_ShiftReg' of module 'bd_41e7_vsc_0_fifo_w8_d3_S_ShiftReg' has 6 connections declared, but only 5 given [/home/alen/repo/zynq-7020-video-pipe-3/hw/video-pipe-hw-v5/hw_011223.gen/sources_1/bd/broncho_video/ip/broncho_video_v_proc_ss_0_1/bd_0/ip/ip_1/hdl/verilog/bd_41e7_vsc_0_fifo_w8_d3_S.v:53]
INFO: [Synth 8-6155] done synthesizing module 'bd_41e7_vsc_0_fifo_w8_d3_S' (0#1) [/home/alen/repo/zynq-7020-video-pipe-3/hw/video-pipe-hw-v5/hw_011223.gen/sources_1/bd/broncho_video/ip/broncho_video_v_proc_ss_0_1/bd_0/ip/ip_1/hdl/verilog/bd_41e7_vsc_0_fifo_w8_d3_S.v:11]
INFO: [Synth 8-6157] synthesizing module 'bd_41e7_vsc_0_start_for_AXIvideo2MultiPixStream_U0' [/home/alen/repo/zynq-7020-video-pipe-3/hw/video-pipe-hw-v5/hw_011223.gen/sources_1/bd/broncho_video/ip/broncho_video_v_proc_ss_0_1/bd_0/ip/ip_1/hdl/verilog/bd_41e7_vsc_0_start_for_AXIvideo2MultiPixStream_U0.v:11]
INFO: [Synth 8-6157] synthesizing module 'bd_41e7_vsc_0_start_for_AXIvideo2MultiPixStream_U0_ShiftReg' [/home/alen/repo/zynq-7020-video-pipe-3/hw/video-pipe-hw-v5/hw_011223.gen/sources_1/bd/broncho_video/ip/broncho_video_v_proc_ss_0_1/bd_0/ip/ip_1/hdl/verilog/bd_41e7_vsc_0_start_for_AXIvideo2MultiPixStream_U0.v:117]
INFO: [Synth 8-6155] done synthesizing module 'bd_41e7_vsc_0_start_for_AXIvideo2MultiPixStream_U0_ShiftReg' (0#1) [/home/alen/repo/zynq-7020-video-pipe-3/hw/video-pipe-hw-v5/hw_011223.gen/sources_1/bd/broncho_video/ip/broncho_video_v_proc_ss_0_1/bd_0/ip/ip_1/hdl/verilog/bd_41e7_vsc_0_start_for_AXIvideo2MultiPixStream_U0.v:117]
WARNING: [Synth 8-7071] port 'reset' of module 'bd_41e7_vsc_0_start_for_AXIvideo2MultiPixStream_U0_ShiftReg' is unconnected for instance 'U_bd_41e7_vsc_0_start_for_AXIvideo2MultiPixStream_U0_ShiftReg' [/home/alen/repo/zynq-7020-video-pipe-3/hw/video-pipe-hw-v5/hw_011223.gen/sources_1/bd/broncho_video/ip/broncho_video_v_proc_ss_0_1/bd_0/ip/ip_1/hdl/verilog/bd_41e7_vsc_0_start_for_AXIvideo2MultiPixStream_U0.v:50]
WARNING: [Synth 8-7023] instance 'U_bd_41e7_vsc_0_start_for_AXIvideo2MultiPixStream_U0_ShiftReg' of module 'bd_41e7_vsc_0_start_for_AXIvideo2MultiPixStream_U0_ShiftReg' has 6 connections declared, but only 5 given [/home/alen/repo/zynq-7020-video-pipe-3/hw/video-pipe-hw-v5/hw_011223.gen/sources_1/bd/broncho_video/ip/broncho_video_v_proc_ss_0_1/bd_0/ip/ip_1/hdl/verilog/bd_41e7_vsc_0_start_for_AXIvideo2MultiPixStream_U0.v:50]
INFO: [Synth 8-6155] done synthesizing module 'bd_41e7_vsc_0_start_for_AXIvideo2MultiPixStream_U0' (0#1) [/home/alen/repo/zynq-7020-video-pipe-3/hw/video-pipe-hw-v5/hw_011223.gen/sources_1/bd/broncho_video/ip/broncho_video_v_proc_ss_0_1/bd_0/ip/ip_1/hdl/verilog/bd_41e7_vsc_0_start_for_AXIvideo2MultiPixStream_U0.v:11]
INFO: [Synth 8-6157] synthesizing module 'bd_41e7_vsc_0_start_for_v_vcresampler_core_U0' [/home/alen/repo/zynq-7020-video-pipe-3/hw/video-pipe-hw-v5/hw_011223.gen/sources_1/bd/broncho_video/ip/broncho_video_v_proc_ss_0_1/bd_0/ip/ip_1/hdl/verilog/bd_41e7_vsc_0_start_for_v_vcresampler_core_U0.v:11]
INFO: [Synth 8-6157] synthesizing module 'bd_41e7_vsc_0_start_for_v_vcresampler_core_U0_ShiftReg' [/home/alen/repo/zynq-7020-video-pipe-3/hw/video-pipe-hw-v5/hw_011223.gen/sources_1/bd/broncho_video/ip/broncho_video_v_proc_ss_0_1/bd_0/ip/ip_1/hdl/verilog/bd_41e7_vsc_0_start_for_v_vcresampler_core_U0.v:117]
INFO: [Synth 8-6155] done synthesizing module 'bd_41e7_vsc_0_start_for_v_vcresampler_core_U0_ShiftReg' (0#1) [/home/alen/repo/zynq-7020-video-pipe-3/hw/video-pipe-hw-v5/hw_011223.gen/sources_1/bd/broncho_video/ip/broncho_video_v_proc_ss_0_1/bd_0/ip/ip_1/hdl/verilog/bd_41e7_vsc_0_start_for_v_vcresampler_core_U0.v:117]
WARNING: [Synth 8-7071] port 'reset' of module 'bd_41e7_vsc_0_start_for_v_vcresampler_core_U0_ShiftReg' is unconnected for instance 'U_bd_41e7_vsc_0_start_for_v_vcresampler_core_U0_ShiftReg' [/home/alen/repo/zynq-7020-video-pipe-3/hw/video-pipe-hw-v5/hw_011223.gen/sources_1/bd/broncho_video/ip/broncho_video_v_proc_ss_0_1/bd_0/ip/ip_1/hdl/verilog/bd_41e7_vsc_0_start_for_v_vcresampler_core_U0.v:50]
WARNING: [Synth 8-7023] instance 'U_bd_41e7_vsc_0_start_for_v_vcresampler_core_U0_ShiftReg' of module 'bd_41e7_vsc_0_start_for_v_vcresampler_core_U0_ShiftReg' has 6 connections declared, but only 5 given [/home/alen/repo/zynq-7020-video-pipe-3/hw/video-pipe-hw-v5/hw_011223.gen/sources_1/bd/broncho_video/ip/broncho_video_v_proc_ss_0_1/bd_0/ip/ip_1/hdl/verilog/bd_41e7_vsc_0_start_for_v_vcresampler_core_U0.v:50]
INFO: [Synth 8-6155] done synthesizing module 'bd_41e7_vsc_0_start_for_v_vcresampler_core_U0' (0#1) [/home/alen/repo/zynq-7020-video-pipe-3/hw/video-pipe-hw-v5/hw_011223.gen/sources_1/bd/broncho_video/ip/broncho_video_v_proc_ss_0_1/bd_0/ip/ip_1/hdl/verilog/bd_41e7_vsc_0_start_for_v_vcresampler_core_U0.v:11]
INFO: [Synth 8-6157] synthesizing module 'bd_41e7_vsc_0_start_for_MultiPixStream2AXIvideo_U0' [/home/alen/repo/zynq-7020-video-pipe-3/hw/video-pipe-hw-v5/hw_011223.gen/sources_1/bd/broncho_video/ip/broncho_video_v_proc_ss_0_1/bd_0/ip/ip_1/hdl/verilog/bd_41e7_vsc_0_start_for_MultiPixStream2AXIvideo_U0.v:11]
INFO: [Synth 8-6157] synthesizing module 'bd_41e7_vsc_0_start_for_MultiPixStream2AXIvideo_U0_ShiftReg' [/home/alen/repo/zynq-7020-video-pipe-3/hw/video-pipe-hw-v5/hw_011223.gen/sources_1/bd/broncho_video/ip/broncho_video_v_proc_ss_0_1/bd_0/ip/ip_1/hdl/verilog/bd_41e7_vsc_0_start_for_MultiPixStream2AXIvideo_U0.v:117]
INFO: [Synth 8-6155] done synthesizing module 'bd_41e7_vsc_0_start_for_MultiPixStream2AXIvideo_U0_ShiftReg' (0#1) [/home/alen/repo/zynq-7020-video-pipe-3/hw/video-pipe-hw-v5/hw_011223.gen/sources_1/bd/broncho_video/ip/broncho_video_v_proc_ss_0_1/bd_0/ip/ip_1/hdl/verilog/bd_41e7_vsc_0_start_for_MultiPixStream2AXIvideo_U0.v:117]
WARNING: [Synth 8-7071] port 'reset' of module 'bd_41e7_vsc_0_start_for_MultiPixStream2AXIvideo_U0_ShiftReg' is unconnected for instance 'U_bd_41e7_vsc_0_start_for_MultiPixStream2AXIvideo_U0_ShiftReg' [/home/alen/repo/zynq-7020-video-pipe-3/hw/video-pipe-hw-v5/hw_011223.gen/sources_1/bd/broncho_video/ip/broncho_video_v_proc_ss_0_1/bd_0/ip/ip_1/hdl/verilog/bd_41e7_vsc_0_start_for_MultiPixStream2AXIvideo_U0.v:50]
WARNING: [Synth 8-7023] instance 'U_bd_41e7_vsc_0_start_for_MultiPixStream2AXIvideo_U0_ShiftReg' of module 'bd_41e7_vsc_0_start_for_MultiPixStream2AXIvideo_U0_ShiftReg' has 6 connections declared, but only 5 given [/home/alen/repo/zynq-7020-video-pipe-3/hw/video-pipe-hw-v5/hw_011223.gen/sources_1/bd/broncho_video/ip/broncho_video_v_proc_ss_0_1/bd_0/ip/ip_1/hdl/verilog/bd_41e7_vsc_0_start_for_MultiPixStream2AXIvideo_U0.v:50]
INFO: [Synth 8-6155] done synthesizing module 'bd_41e7_vsc_0_start_for_MultiPixStream2AXIvideo_U0' (0#1) [/home/alen/repo/zynq-7020-video-pipe-3/hw/video-pipe-hw-v5/hw_011223.gen/sources_1/bd/broncho_video/ip/broncho_video_v_proc_ss_0_1/bd_0/ip/ip_1/hdl/verilog/bd_41e7_vsc_0_start_for_MultiPixStream2AXIvideo_U0.v:11]
INFO: [Synth 8-6155] done synthesizing module 'bd_41e7_vsc_0_v_vscaler' (0#1) [/home/alen/repo/zynq-7020-video-pipe-3/hw/video-pipe-hw-v5/hw_011223.gen/sources_1/bd/broncho_video/ip/broncho_video_v_proc_ss_0_1/bd_0/ip/ip_1/hdl/verilog/bd_41e7_vsc_0_v_vscaler.v:9]
INFO: [Synth 8-6155] done synthesizing module 'bd_41e7_vsc_0' (0#1) [/home/alen/repo/zynq-7020-video-pipe-3/hw/video-pipe-hw-v5/hw_011223.gen/sources_1/bd/broncho_video/ip/broncho_video_v_proc_ss_0_1/bd_0/ip/ip_1/synth/bd_41e7_vsc_0.v:53]
WARNING: [Synth 8-6014] Unused sequential element int_ap_done_reg was removed.  [/home/alen/repo/zynq-7020-video-pipe-3/hw/video-pipe-hw-v5/hw_011223.gen/sources_1/bd/broncho_video/ip/broncho_video_v_proc_ss_0_1/bd_0/ip/ip_1/hdl/verilog/bd_41e7_vsc_0_CTRL_s_axi.v:358]
WARNING: [Synth 8-3936] Found unconnected internal register 'select_ln249_1_reg_345_pp0_iter3_reg_reg' and it is trimmed from '7' to '6' bits. [/home/alen/repo/zynq-7020-video-pipe-3/hw/video-pipe-hw-v5/hw_011223.gen/sources_1/bd/broncho_video/ip/broncho_video_v_proc_ss_0_1/bd_0/ip/ip_1/hdl/verilog/bd_41e7_vsc_0_vscale_core_polyphase_Pipeline_loop_init_coeff_phase_loop_init_coeff_tap.v:294]
WARNING: [Synth 8-3936] Found unconnected internal register 'select_ln249_1_reg_345_pp0_iter2_reg_reg' and it is trimmed from '7' to '6' bits. [/home/alen/repo/zynq-7020-video-pipe-3/hw/video-pipe-hw-v5/hw_011223.gen/sources_1/bd/broncho_video/ip/broncho_video_v_proc_ss_0_1/bd_0/ip/ip_1/hdl/verilog/bd_41e7_vsc_0_vscale_core_polyphase_Pipeline_loop_init_coeff_phase_loop_init_coeff_tap.v:293]
WARNING: [Synth 8-7129] Port reset in module bd_41e7_vsc_0_start_for_MultiPixStream2AXIvideo_U0_ShiftReg is either unconnected or has no load
WARNING: [Synth 8-7129] Port reset in module bd_41e7_vsc_0_start_for_v_vcresampler_core_U0_ShiftReg is either unconnected or has no load
WARNING: [Synth 8-7129] Port reset in module bd_41e7_vsc_0_start_for_AXIvideo2MultiPixStream_U0_ShiftReg is either unconnected or has no load
WARNING: [Synth 8-7129] Port reset in module bd_41e7_vsc_0_fifo_w11_d2_S_ShiftReg is either unconnected or has no load
WARNING: [Synth 8-7129] Port addr[1] in module bd_41e7_vsc_0_fifo_w11_d2_S_ShiftReg is either unconnected or has no load
WARNING: [Synth 8-7129] Port reset in module bd_41e7_vsc_0_fifo_w30_d16_S_ShiftReg is either unconnected or has no load
WARNING: [Synth 8-7129] Port reset in module bd_41e7_vsc_0_fifo_w8_d3_S_ShiftReg is either unconnected or has no load
WARNING: [Synth 8-7129] Port reset in module bd_41e7_vsc_0_fifo_w8_d2_S_ShiftReg is either unconnected or has no load
WARNING: [Synth 8-7129] Port addr[1] in module bd_41e7_vsc_0_fifo_w8_d2_S_ShiftReg is either unconnected or has no load
WARNING: [Synth 8-7129] Port reset in module bd_41e7_vsc_0_fifo_w32_d2_S_ShiftReg is either unconnected or has no load
WARNING: [Synth 8-7129] Port addr[1] in module bd_41e7_vsc_0_fifo_w32_d2_S_ShiftReg is either unconnected or has no load
WARNING: [Synth 8-7129] Port ap_rst in module bd_41e7_vsc_0_reg_unsigned_short_s is either unconnected or has no load
WARNING: [Synth 8-7129] Port OutYUV_num_data_valid[4] in module bd_41e7_vsc_0_MultiPixStream2AXIvideo_Pipeline_VITIS_LOOP_940_2 is either unconnected or has no load
WARNING: [Synth 8-7129] Port OutYUV_num_data_valid[3] in module bd_41e7_vsc_0_MultiPixStream2AXIvideo_Pipeline_VITIS_LOOP_940_2 is either unconnected or has no load
WARNING: [Synth 8-7129] Port OutYUV_num_data_valid[2] in module bd_41e7_vsc_0_MultiPixStream2AXIvideo_Pipeline_VITIS_LOOP_940_2 is either unconnected or has no load
WARNING: [Synth 8-7129] Port OutYUV_num_data_valid[1] in module bd_41e7_vsc_0_MultiPixStream2AXIvideo_Pipeline_VITIS_LOOP_940_2 is either unconnected or has no load
WARNING: [Synth 8-7129] Port OutYUV_num_data_valid[0] in module bd_41e7_vsc_0_MultiPixStream2AXIvideo_Pipeline_VITIS_LOOP_940_2 is either unconnected or has no load
WARNING: [Synth 8-7129] Port OutYUV_fifo_cap[4] in module bd_41e7_vsc_0_MultiPixStream2AXIvideo_Pipeline_VITIS_LOOP_940_2 is either unconnected or has no load
WARNING: [Synth 8-7129] Port OutYUV_fifo_cap[3] in module bd_41e7_vsc_0_MultiPixStream2AXIvideo_Pipeline_VITIS_LOOP_940_2 is either unconnected or has no load
WARNING: [Synth 8-7129] Port OutYUV_fifo_cap[2] in module bd_41e7_vsc_0_MultiPixStream2AXIvideo_Pipeline_VITIS_LOOP_940_2 is either unconnected or has no load
WARNING: [Synth 8-7129] Port OutYUV_fifo_cap[1] in module bd_41e7_vsc_0_MultiPixStream2AXIvideo_Pipeline_VITIS_LOOP_940_2 is either unconnected or has no load
WARNING: [Synth 8-7129] Port OutYUV_fifo_cap[0] in module bd_41e7_vsc_0_MultiPixStream2AXIvideo_Pipeline_VITIS_LOOP_940_2 is either unconnected or has no load
WARNING: [Synth 8-7129] Port OutYUV_num_data_valid[4] in module bd_41e7_vsc_0_MultiPixStream2AXIvideo is either unconnected or has no load
WARNING: [Synth 8-7129] Port OutYUV_num_data_valid[3] in module bd_41e7_vsc_0_MultiPixStream2AXIvideo is either unconnected or has no load
WARNING: [Synth 8-7129] Port OutYUV_num_data_valid[2] in module bd_41e7_vsc_0_MultiPixStream2AXIvideo is either unconnected or has no load
WARNING: [Synth 8-7129] Port OutYUV_num_data_valid[1] in module bd_41e7_vsc_0_MultiPixStream2AXIvideo is either unconnected or has no load
WARNING: [Synth 8-7129] Port OutYUV_num_data_valid[0] in module bd_41e7_vsc_0_MultiPixStream2AXIvideo is either unconnected or has no load
WARNING: [Synth 8-7129] Port OutYUV_fifo_cap[4] in module bd_41e7_vsc_0_MultiPixStream2AXIvideo is either unconnected or has no load
WARNING: [Synth 8-7129] Port OutYUV_fifo_cap[3] in module bd_41e7_vsc_0_MultiPixStream2AXIvideo is either unconnected or has no load
WARNING: [Synth 8-7129] Port OutYUV_fifo_cap[2] in module bd_41e7_vsc_0_MultiPixStream2AXIvideo is either unconnected or has no load
WARNING: [Synth 8-7129] Port OutYUV_fifo_cap[1] in module bd_41e7_vsc_0_MultiPixStream2AXIvideo is either unconnected or has no load
WARNING: [Synth 8-7129] Port OutYUV_fifo_cap[0] in module bd_41e7_vsc_0_MultiPixStream2AXIvideo is either unconnected or has no load
WARNING: [Synth 8-7129] Port Height_num_data_valid[2] in module bd_41e7_vsc_0_MultiPixStream2AXIvideo is either unconnected or has no load
WARNING: [Synth 8-7129] Port Height_num_data_valid[1] in module bd_41e7_vsc_0_MultiPixStream2AXIvideo is either unconnected or has no load
WARNING: [Synth 8-7129] Port Height_num_data_valid[0] in module bd_41e7_vsc_0_MultiPixStream2AXIvideo is either unconnected or has no load
WARNING: [Synth 8-7129] Port Height_fifo_cap[2] in module bd_41e7_vsc_0_MultiPixStream2AXIvideo is either unconnected or has no load
WARNING: [Synth 8-7129] Port Height_fifo_cap[1] in module bd_41e7_vsc_0_MultiPixStream2AXIvideo is either unconnected or has no load
WARNING: [Synth 8-7129] Port Height_fifo_cap[0] in module bd_41e7_vsc_0_MultiPixStream2AXIvideo is either unconnected or has no load
WARNING: [Synth 8-7129] Port Width_num_data_valid[2] in module bd_41e7_vsc_0_MultiPixStream2AXIvideo is either unconnected or has no load
WARNING: [Synth 8-7129] Port Width_num_data_valid[1] in module bd_41e7_vsc_0_MultiPixStream2AXIvideo is either unconnected or has no load
WARNING: [Synth 8-7129] Port Width_num_data_valid[0] in module bd_41e7_vsc_0_MultiPixStream2AXIvideo is either unconnected or has no load
WARNING: [Synth 8-7129] Port Width_fifo_cap[2] in module bd_41e7_vsc_0_MultiPixStream2AXIvideo is either unconnected or has no load
WARNING: [Synth 8-7129] Port Width_fifo_cap[1] in module bd_41e7_vsc_0_MultiPixStream2AXIvideo is either unconnected or has no load
WARNING: [Synth 8-7129] Port Width_fifo_cap[0] in module bd_41e7_vsc_0_MultiPixStream2AXIvideo is either unconnected or has no load
WARNING: [Synth 8-7129] Port ColorMode_num_data_valid[2] in module bd_41e7_vsc_0_MultiPixStream2AXIvideo is either unconnected or has no load
WARNING: [Synth 8-7129] Port ColorMode_num_data_valid[1] in module bd_41e7_vsc_0_MultiPixStream2AXIvideo is either unconnected or has no load
WARNING: [Synth 8-7129] Port ColorMode_num_data_valid[0] in module bd_41e7_vsc_0_MultiPixStream2AXIvideo is either unconnected or has no load
WARNING: [Synth 8-7129] Port ColorMode_fifo_cap[2] in module bd_41e7_vsc_0_MultiPixStream2AXIvideo is either unconnected or has no load
WARNING: [Synth 8-7129] Port ColorMode_fifo_cap[1] in module bd_41e7_vsc_0_MultiPixStream2AXIvideo is either unconnected or has no load
WARNING: [Synth 8-7129] Port ColorMode_fifo_cap[0] in module bd_41e7_vsc_0_MultiPixStream2AXIvideo is either unconnected or has no load
WARNING: [Synth 8-7129] Port rst in module bd_41e7_vsc_0_mac_muladd_16s_10ns_29s_29_4_1_DSP48_5 is either unconnected or has no load
WARNING: [Synth 8-7129] Port rst in module bd_41e7_vsc_0_mac_muladd_16s_10ns_28s_29_4_1_DSP48_4 is either unconnected or has no load
WARNING: [Synth 8-7129] Port rst in module bd_41e7_vsc_0_mac_muladd_16s_10ns_28s_28_4_1_DSP48_3 is either unconnected or has no load
WARNING: [Synth 8-7129] Port rst in module bd_41e7_vsc_0_mac_muladd_16s_10ns_27s_28_4_1_DSP48_2 is either unconnected or has no load
WARNING: [Synth 8-7129] Port rst in module bd_41e7_vsc_0_mac_muladd_16s_10ns_26s_27_4_1_DSP48_1 is either unconnected or has no load
WARNING: [Synth 8-7129] Port rst in module bd_41e7_vsc_0_mac_muladd_16s_10ns_12ns_26_4_1_DSP48_0 is either unconnected or has no load
WARNING: [Synth 8-7129] Port SrcYUV422_num_data_valid[4] in module bd_41e7_vsc_0_vscale_core_polyphase_Pipeline_loop_width_for_procpix is either unconnected or has no load
WARNING: [Synth 8-7129] Port SrcYUV422_num_data_valid[3] in module bd_41e7_vsc_0_vscale_core_polyphase_Pipeline_loop_width_for_procpix is either unconnected or has no load
WARNING: [Synth 8-7129] Port SrcYUV422_num_data_valid[2] in module bd_41e7_vsc_0_vscale_core_polyphase_Pipeline_loop_width_for_procpix is either unconnected or has no load
WARNING: [Synth 8-7129] Port SrcYUV422_num_data_valid[1] in module bd_41e7_vsc_0_vscale_core_polyphase_Pipeline_loop_width_for_procpix is either unconnected or has no load
WARNING: [Synth 8-7129] Port SrcYUV422_num_data_valid[0] in module bd_41e7_vsc_0_vscale_core_polyphase_Pipeline_loop_width_for_procpix is either unconnected or has no load
WARNING: [Synth 8-7129] Port SrcYUV422_fifo_cap[4] in module bd_41e7_vsc_0_vscale_core_polyphase_Pipeline_loop_width_for_procpix is either unconnected or has no load
WARNING: [Synth 8-7129] Port SrcYUV422_fifo_cap[3] in module bd_41e7_vsc_0_vscale_core_polyphase_Pipeline_loop_width_for_procpix is either unconnected or has no load
WARNING: [Synth 8-7129] Port SrcYUV422_fifo_cap[2] in module bd_41e7_vsc_0_vscale_core_polyphase_Pipeline_loop_width_for_procpix is either unconnected or has no load
WARNING: [Synth 8-7129] Port SrcYUV422_fifo_cap[1] in module bd_41e7_vsc_0_vscale_core_polyphase_Pipeline_loop_width_for_procpix is either unconnected or has no load
WARNING: [Synth 8-7129] Port SrcYUV422_fifo_cap[0] in module bd_41e7_vsc_0_vscale_core_polyphase_Pipeline_loop_width_for_procpix is either unconnected or has no load
WARNING: [Synth 8-7129] Port OutYUV_num_data_valid[4] in module bd_41e7_vsc_0_vscale_core_polyphase_Pipeline_loop_width_for_procpix is either unconnected or has no load
WARNING: [Synth 8-7129] Port OutYUV_num_data_valid[3] in module bd_41e7_vsc_0_vscale_core_polyphase_Pipeline_loop_width_for_procpix is either unconnected or has no load
WARNING: [Synth 8-7129] Port OutYUV_num_data_valid[2] in module bd_41e7_vsc_0_vscale_core_polyphase_Pipeline_loop_width_for_procpix is either unconnected or has no load
WARNING: [Synth 8-7129] Port OutYUV_num_data_valid[1] in module bd_41e7_vsc_0_vscale_core_polyphase_Pipeline_loop_width_for_procpix is either unconnected or has no load
WARNING: [Synth 8-7129] Port OutYUV_num_data_valid[0] in module bd_41e7_vsc_0_vscale_core_polyphase_Pipeline_loop_width_for_procpix is either unconnected or has no load
WARNING: [Synth 8-7129] Port OutYUV_fifo_cap[4] in module bd_41e7_vsc_0_vscale_core_polyphase_Pipeline_loop_width_for_procpix is either unconnected or has no load
WARNING: [Synth 8-7129] Port OutYUV_fifo_cap[3] in module bd_41e7_vsc_0_vscale_core_polyphase_Pipeline_loop_width_for_procpix is either unconnected or has no load
WARNING: [Synth 8-7129] Port OutYUV_fifo_cap[2] in module bd_41e7_vsc_0_vscale_core_polyphase_Pipeline_loop_width_for_procpix is either unconnected or has no load
WARNING: [Synth 8-7129] Port OutYUV_fifo_cap[1] in module bd_41e7_vsc_0_vscale_core_polyphase_Pipeline_loop_width_for_procpix is either unconnected or has no load
WARNING: [Synth 8-7129] Port OutYUV_fifo_cap[0] in module bd_41e7_vsc_0_vscale_core_polyphase_Pipeline_loop_width_for_procpix is either unconnected or has no load
WARNING: [Synth 8-7129] Port reset in module bd_41e7_vsc_0_vscale_core_polyphase_LineBuf_RAM_AUTO_1R1W is either unconnected or has no load
WARNING: [Synth 8-7129] Port reset in module bd_41e7_vsc_0_vscale_core_polyphase_FiltCoeff_RAM_1P_LUTRAM_1R1W is either unconnected or has no load
WARNING: [Synth 8-7129] Port SrcYUV422_num_data_valid[4] in module bd_41e7_vsc_0_vscale_core_polyphase is either unconnected or has no load
WARNING: [Synth 8-7129] Port SrcYUV422_num_data_valid[3] in module bd_41e7_vsc_0_vscale_core_polyphase is either unconnected or has no load
WARNING: [Synth 8-7129] Port SrcYUV422_num_data_valid[2] in module bd_41e7_vsc_0_vscale_core_polyphase is either unconnected or has no load
WARNING: [Synth 8-7129] Port SrcYUV422_num_data_valid[1] in module bd_41e7_vsc_0_vscale_core_polyphase is either unconnected or has no load
WARNING: [Synth 8-7129] Port SrcYUV422_num_data_valid[0] in module bd_41e7_vsc_0_vscale_core_polyphase is either unconnected or has no load
WARNING: [Synth 8-7129] Port SrcYUV422_fifo_cap[4] in module bd_41e7_vsc_0_vscale_core_polyphase is either unconnected or has no load
WARNING: [Synth 8-7129] Port SrcYUV422_fifo_cap[3] in module bd_41e7_vsc_0_vscale_core_polyphase is either unconnected or has no load
WARNING: [Synth 8-7129] Port SrcYUV422_fifo_cap[2] in module bd_41e7_vsc_0_vscale_core_polyphase is either unconnected or has no load
WARNING: [Synth 8-7129] Port SrcYUV422_fifo_cap[1] in module bd_41e7_vsc_0_vscale_core_polyphase is either unconnected or has no load
WARNING: [Synth 8-7129] Port SrcYUV422_fifo_cap[0] in module bd_41e7_vsc_0_vscale_core_polyphase is either unconnected or has no load
WARNING: [Synth 8-7129] Port HeightIn_num_data_valid[2] in module bd_41e7_vsc_0_vscale_core_polyphase is either unconnected or has no load
WARNING: [Synth 8-7129] Port HeightIn_num_data_valid[1] in module bd_41e7_vsc_0_vscale_core_polyphase is either unconnected or has no load
WARNING: [Synth 8-7129] Port HeightIn_num_data_valid[0] in module bd_41e7_vsc_0_vscale_core_polyphase is either unconnected or has no load
WARNING: [Synth 8-7129] Port HeightIn_fifo_cap[2] in module bd_41e7_vsc_0_vscale_core_polyphase is either unconnected or has no load
WARNING: [Synth 8-7129] Port HeightIn_fifo_cap[1] in module bd_41e7_vsc_0_vscale_core_polyphase is either unconnected or has no load
WARNING: [Synth 8-7129] Port HeightIn_fifo_cap[0] in module bd_41e7_vsc_0_vscale_core_polyphase is either unconnected or has no load
WARNING: [Synth 8-7129] Port Width_num_data_valid[2] in module bd_41e7_vsc_0_vscale_core_polyphase is either unconnected or has no load
WARNING: [Synth 8-7129] Port Width_num_data_valid[1] in module bd_41e7_vsc_0_vscale_core_polyphase is either unconnected or has no load
WARNING: [Synth 8-7129] Port Width_num_data_valid[0] in module bd_41e7_vsc_0_vscale_core_polyphase is either unconnected or has no load
WARNING: [Synth 8-7129] Port Width_fifo_cap[2] in module bd_41e7_vsc_0_vscale_core_polyphase is either unconnected or has no load
WARNING: [Synth 8-7129] Port Width_fifo_cap[1] in module bd_41e7_vsc_0_vscale_core_polyphase is either unconnected or has no load
WARNING: [Synth 8-7129] Port Width_fifo_cap[0] in module bd_41e7_vsc_0_vscale_core_polyphase is either unconnected or has no load
INFO: [Common 17-14] Message 'Synth 8-7129' appears 100 times and further instances of the messages will be disabled. Use the Tcl command set_msg_config to change the current settings.
---------------------------------------------------------------------------------
Finished RTL Elaboration : Time (s): cpu = 00:00:06 ; elapsed = 00:00:06 . Memory (MB): peak = 2153.172 ; gain = 517.652 ; free physical = 1123 ; free virtual = 3812
---------------------------------------------------------------------------------
---------------------------------------------------------------------------------
Start Handling Custom Attributes
---------------------------------------------------------------------------------
---------------------------------------------------------------------------------
Finished Handling Custom Attributes : Time (s): cpu = 00:00:06 ; elapsed = 00:00:06 . Memory (MB): peak = 2170.984 ; gain = 535.465 ; free physical = 1120 ; free virtual = 3810
---------------------------------------------------------------------------------
---------------------------------------------------------------------------------
Finished RTL Optimization Phase 1 : Time (s): cpu = 00:00:06 ; elapsed = 00:00:06 . Memory (MB): peak = 2170.984 ; gain = 535.465 ; free physical = 1120 ; free virtual = 3810
---------------------------------------------------------------------------------
Netlist sorting complete. Time (s): cpu = 00:00:00.09 ; elapsed = 00:00:00.08 . Memory (MB): peak = 2170.984 ; gain = 0.000 ; free physical = 1118 ; free virtual = 3809
INFO: [Project 1-570] Preparing netlist for logic optimization

Processing XDC Constraints
Initializing timing engine
Parsing XDC File [/home/alen/repo/zynq-7020-video-pipe-3/hw/video-pipe-hw-v5/hw_011223.gen/sources_1/bd/broncho_video/ip/broncho_video_v_proc_ss_0_1/bd_0/ip/ip_1/bd_41e7_vsc_0_ooc.xdc] for cell 'inst'
Finished Parsing XDC File [/home/alen/repo/zynq-7020-video-pipe-3/hw/video-pipe-hw-v5/hw_011223.gen/sources_1/bd/broncho_video/ip/broncho_video_v_proc_ss_0_1/bd_0/ip/ip_1/bd_41e7_vsc_0_ooc.xdc] for cell 'inst'
Parsing XDC File [/home/alen/repo/zynq-7020-video-pipe-3/hw/video-pipe-hw-v5/hw_011223.runs/bd_41e7_vsc_0_synth_1/dont_touch.xdc]
Finished Parsing XDC File [/home/alen/repo/zynq-7020-video-pipe-3/hw/video-pipe-hw-v5/hw_011223.runs/bd_41e7_vsc_0_synth_1/dont_touch.xdc]
Parsing XDC File [/home/alen/repo/zynq-7020-video-pipe-3/hw/video-pipe-hw-v5/hw_011223.gen/sources_1/bd/broncho_video/ip/broncho_video_v_proc_ss_0_1/bd_0/ip/ip_1/bd_41e7_vsc_0.xdc] for cell 'inst'
Finished Parsing XDC File [/home/alen/repo/zynq-7020-video-pipe-3/hw/video-pipe-hw-v5/hw_011223.gen/sources_1/bd/broncho_video/ip/broncho_video_v_proc_ss_0_1/bd_0/ip/ip_1/bd_41e7_vsc_0.xdc] for cell 'inst'
Completed Processing XDC Constraints

Netlist sorting complete. Time (s): cpu = 00:00:00 ; elapsed = 00:00:00 . Memory (MB): peak = 2312.766 ; gain = 0.000 ; free physical = 1094 ; free virtual = 3786
INFO: [Project 1-111] Unisim Transformation Summary:
No Unisim elements were transformed.

Constraint Validation Runtime : Time (s): cpu = 00:00:00.3 ; elapsed = 00:00:00.09 . Memory (MB): peak = 2312.801 ; gain = 0.000 ; free physical = 1092 ; free virtual = 3784
INFO: [Designutils 20-5008] Incremental synthesis strategy off
---------------------------------------------------------------------------------
Finished Constraint Validation : Time (s): cpu = 00:00:13 ; elapsed = 00:00:13 . Memory (MB): peak = 2312.801 ; gain = 677.281 ; free physical = 1017 ; free virtual = 3728
---------------------------------------------------------------------------------
---------------------------------------------------------------------------------
Start Loading Part and Timing Information
---------------------------------------------------------------------------------
Loading part: xc7z020clg484-1
---------------------------------------------------------------------------------
Finished Loading Part and Timing Information : Time (s): cpu = 00:00:13 ; elapsed = 00:00:13 . Memory (MB): peak = 2312.801 ; gain = 677.281 ; free physical = 1017 ; free virtual = 3728
---------------------------------------------------------------------------------
---------------------------------------------------------------------------------
Start Applying 'set_property' XDC Constraints
---------------------------------------------------------------------------------
Applied set_property KEEP_HIERARCHY = SOFT for inst. (constraint file  /home/alen/repo/zynq-7020-video-pipe-3/hw/video-pipe-hw-v5/hw_011223.runs/bd_41e7_vsc_0_synth_1/dont_touch.xdc, line 6).
---------------------------------------------------------------------------------
Finished applying 'set_property' XDC Constraints : Time (s): cpu = 00:00:13 ; elapsed = 00:00:13 . Memory (MB): peak = 2312.801 ; gain = 677.281 ; free physical = 1017 ; free virtual = 3728
---------------------------------------------------------------------------------
INFO: [Synth 8-4490] FSM extraction disabled for register 'ap_CS_fsm_reg' through user attribute
INFO: [Synth 8-4490] FSM extraction disabled for register 'ap_CS_fsm_reg' through user attribute
INFO: [Synth 8-4490] FSM extraction disabled for register 'ap_CS_fsm_reg' through user attribute
WARNING: [Synth 8-3936] Found unconnected internal register 'select_ln249_1_reg_345_pp0_iter1_reg_reg' and it is trimmed from '7' to '6' bits. [/home/alen/repo/zynq-7020-video-pipe-3/hw/video-pipe-hw-v5/hw_011223.gen/sources_1/bd/broncho_video/ip/broncho_video_v_proc_ss_0_1/bd_0/ip/ip_1/hdl/verilog/bd_41e7_vsc_0_vscale_core_polyphase_Pipeline_loop_init_coeff_phase_loop_init_coeff_tap.v:283]
INFO: [Synth 8-4490] FSM extraction disabled for register 'ap_CS_fsm_reg' through user attribute
INFO: [Synth 8-4490] FSM extraction disabled for register 'ap_CS_fsm_reg' through user attribute
INFO: [Synth 8-4490] FSM extraction disabled for register 'ap_CS_fsm_reg' through user attribute
---------------------------------------------------------------------------------
Finished RTL Optimization Phase 2 : Time (s): cpu = 00:00:15 ; elapsed = 00:00:15 . Memory (MB): peak = 2312.801 ; gain = 677.281 ; free physical = 1010 ; free virtual = 3723
---------------------------------------------------------------------------------
---------------------------------------------------------------------------------
Start RTL Component Statistics 
---------------------------------------------------------------------------------
Detailed RTL Component Info : 
+---Adders : 
	   2 Input   32 Bit       Adders := 2     
	   3 Input   18 Bit       Adders := 1     
	   2 Input   16 Bit       Adders := 1     
	   3 Input   13 Bit       Adders := 1     
	   3 Input   12 Bit       Adders := 1     
	   2 Input   12 Bit       Adders := 2     
	   2 Input   11 Bit       Adders := 9     
	   3 Input   11 Bit       Adders := 1     
	   2 Input    9 Bit       Adders := 1     
	   4 Input    9 Bit       Adders := 1     
	   2 Input    7 Bit       Adders := 1     
	   2 Input    5 Bit       Adders := 6     
	   2 Input    3 Bit       Adders := 30    
	   2 Input    2 Bit       Adders := 2     
+---XORs : 
	   2 Input      1 Bit         XORs := 10    
+---Registers : 
	               32 Bit    Registers := 16    
	               30 Bit    Registers := 9     
	               29 Bit    Registers := 3     
	               21 Bit    Registers := 1     
	               18 Bit    Registers := 18    
	               16 Bit    Registers := 11    
	               12 Bit    Registers := 4     
	               11 Bit    Registers := 58    
	               10 Bit    Registers := 109   
	                9 Bit    Registers := 2     
	                8 Bit    Registers := 10    
	                7 Bit    Registers := 2     
	                6 Bit    Registers := 9     
	                5 Bit    Registers := 7     
	                4 Bit    Registers := 9     
	                3 Bit    Registers := 35    
	                2 Bit    Registers := 21    
	                1 Bit    Registers := 242   
+---RAMs : 
	              56K Bit	(1920 X 30 bit)          RAMs := 6     
	              18K Bit	(1920 X 10 bit)          RAMs := 4     
	               6K Bit	(192 X 32 bit)          RAMs := 1     
+---ROMs : 
	                    ROMs := 1     
+---Muxes : 
	   2 Input   32 Bit        Muxes := 13    
	  10 Input   32 Bit        Muxes := 1     
	   2 Input   30 Bit        Muxes := 5     
	   2 Input   20 Bit        Muxes := 1     
	   2 Input   11 Bit        Muxes := 18    
	  12 Input   11 Bit        Muxes := 1     
	   2 Input   10 Bit        Muxes := 85    
	   2 Input    8 Bit        Muxes := 9     
	   2 Input    7 Bit        Muxes := 1     
	   2 Input    6 Bit        Muxes := 8     
	   2 Input    5 Bit        Muxes := 2     
	   2 Input    4 Bit        Muxes := 13    
	   2 Input    3 Bit        Muxes := 10    
	   6 Input    2 Bit        Muxes := 1     
	   4 Input    2 Bit        Muxes := 15    
	   2 Input    2 Bit        Muxes := 71    
	   3 Input    2 Bit        Muxes := 1     
	   2 Input    1 Bit        Muxes := 189   
---------------------------------------------------------------------------------
Finished RTL Component Statistics 
---------------------------------------------------------------------------------
---------------------------------------------------------------------------------
Start Part Resource Summary
---------------------------------------------------------------------------------
Part Resources:
DSPs: 220 (col length:60)
BRAMs: 280 (col length: RAMB18 60 RAMB36 30)
---------------------------------------------------------------------------------
Finished Part Resource Summary
---------------------------------------------------------------------------------
---------------------------------------------------------------------------------
Start Cross Boundary and Area Optimization
---------------------------------------------------------------------------------
WARNING: [Synth 8-7080] Parallel synthesis criteria is not met
WARNING: [Synth 8-3936] Found unconnected internal register 'regslice_both_s_axis_video_V_data_V_U/B_V_data_1_payload_A_reg' and it is trimmed from '32' to '30' bits. [/home/alen/repo/zynq-7020-video-pipe-3/hw/video-pipe-hw-v5/hw_011223.gen/sources_1/bd/broncho_video/ip/broncho_video_v_proc_ss_0_1/bd_0/ip/ip_1/hdl/verilog/bd_41e7_vsc_0_regslice_both.v:87]
WARNING: [Synth 8-3936] Found unconnected internal register 'regslice_both_s_axis_video_V_data_V_U/B_V_data_1_payload_B_reg' and it is trimmed from '32' to '30' bits. [/home/alen/repo/zynq-7020-video-pipe-3/hw/video-pipe-hw-v5/hw_011223.gen/sources_1/bd/broncho_video/ip/broncho_video_v_proc_ss_0_1/bd_0/ip/ip_1/hdl/verilog/bd_41e7_vsc_0_regslice_both.v:93]
WARNING: [Synth 8-3936] Found unconnected internal register 'grp_vscale_core_polyphase_Pipeline_loop_width_for_procpix_fu_247/sum_2_reg_1875_reg' and it is trimmed from '29' to '22' bits. [/home/alen/repo/zynq-7020-video-pipe-3/hw/video-pipe-hw-v5/hw_011223.gen/sources_1/bd/broncho_video/ip/broncho_video_v_proc_ss_0_1/bd_0/ip/ip_1/hdl/verilog/bd_41e7_vsc_0_vscale_core_polyphase_Pipeline_loop_width_for_procpix.v:1553]
WARNING: [Synth 8-3936] Found unconnected internal register 'grp_vscale_core_polyphase_Pipeline_loop_width_for_procpix_fu_247/mac_muladd_16s_10ns_29s_29_4_1_U127/bd_41e7_vsc_0_mac_muladd_16s_10ns_29s_29_4_1_DSP48_5_U/p_reg_reg' and it is trimmed from '44' to '29' bits. [/home/alen/repo/zynq-7020-video-pipe-3/hw/video-pipe-hw-v5/hw_011223.gen/sources_1/bd/broncho_video/ip/broncho_video_v_proc_ss_0_1/bd_0/ip/ip_1/hdl/verilog/bd_41e7_vsc_0_mac_muladd_16s_10ns_29s_29_4_1.v:41]
WARNING: [Synth 8-3936] Found unconnected internal register 'grp_vscale_core_polyphase_Pipeline_loop_width_for_procpix_fu_247/mac_muladd_16s_10ns_28s_29_4_1_U124/bd_41e7_vsc_0_mac_muladd_16s_10ns_28s_29_4_1_DSP48_4_U/p_reg_reg' and it is trimmed from '44' to '29' bits. [/home/alen/repo/zynq-7020-video-pipe-3/hw/video-pipe-hw-v5/hw_011223.gen/sources_1/bd/broncho_video/ip/broncho_video_v_proc_ss_0_1/bd_0/ip/ip_1/hdl/verilog/bd_41e7_vsc_0_mac_muladd_16s_10ns_28s_29_4_1.v:41]
WARNING: [Synth 8-3936] Found unconnected internal register 'grp_vscale_core_polyphase_Pipeline_loop_width_for_procpix_fu_247/mac_muladd_16s_10ns_28s_28_4_1_U121/bd_41e7_vsc_0_mac_muladd_16s_10ns_28s_28_4_1_DSP48_3_U/p_reg_reg' and it is trimmed from '44' to '28' bits. [/home/alen/repo/zynq-7020-video-pipe-3/hw/video-pipe-hw-v5/hw_011223.gen/sources_1/bd/broncho_video/ip/broncho_video_v_proc_ss_0_1/bd_0/ip/ip_1/hdl/verilog/bd_41e7_vsc_0_mac_muladd_16s_10ns_28s_28_4_1.v:41]
WARNING: [Synth 8-3936] Found unconnected internal register 'grp_vscale_core_polyphase_Pipeline_loop_width_for_procpix_fu_247/mac_muladd_16s_10ns_27s_28_4_1_U118/bd_41e7_vsc_0_mac_muladd_16s_10ns_27s_28_4_1_DSP48_2_U/p_reg_reg' and it is trimmed from '44' to '28' bits. [/home/alen/repo/zynq-7020-video-pipe-3/hw/video-pipe-hw-v5/hw_011223.gen/sources_1/bd/broncho_video/ip/broncho_video_v_proc_ss_0_1/bd_0/ip/ip_1/hdl/verilog/bd_41e7_vsc_0_mac_muladd_16s_10ns_27s_28_4_1.v:41]
WARNING: [Synth 8-3936] Found unconnected internal register 'grp_vscale_core_polyphase_Pipeline_loop_width_for_procpix_fu_247/mac_muladd_16s_10ns_26s_27_4_1_U115/bd_41e7_vsc_0_mac_muladd_16s_10ns_26s_27_4_1_DSP48_1_U/p_reg_reg' and it is trimmed from '44' to '27' bits. [/home/alen/repo/zynq-7020-video-pipe-3/hw/video-pipe-hw-v5/hw_011223.gen/sources_1/bd/broncho_video/ip/broncho_video_v_proc_ss_0_1/bd_0/ip/ip_1/hdl/verilog/bd_41e7_vsc_0_mac_muladd_16s_10ns_26s_27_4_1.v:41]
WARNING: [Synth 8-3936] Found unconnected internal register 'grp_vscale_core_polyphase_Pipeline_loop_width_for_procpix_fu_247/mac_muladd_16s_10ns_12ns_26_4_1_U112/bd_41e7_vsc_0_mac_muladd_16s_10ns_12ns_26_4_1_DSP48_0_U/p_reg_reg' and it is trimmed from '44' to '26' bits. [/home/alen/repo/zynq-7020-video-pipe-3/hw/video-pipe-hw-v5/hw_011223.gen/sources_1/bd/broncho_video/ip/broncho_video_v_proc_ss_0_1/bd_0/ip/ip_1/hdl/verilog/bd_41e7_vsc_0_mac_muladd_16s_10ns_12ns_26_4_1.v:41]
WARNING: [Synth 8-3936] Found unconnected internal register 'grp_vscale_core_polyphase_Pipeline_loop_width_for_procpix_fu_247/mac_muladd_16s_10ns_12ns_26_4_1_U112/bd_41e7_vsc_0_mac_muladd_16s_10ns_12ns_26_4_1_DSP48_0_U/m_reg_reg' and it is trimmed from '43' to '26' bits. [/home/alen/repo/zynq-7020-video-pipe-3/hw/video-pipe-hw-v5/hw_011223.gen/sources_1/bd/broncho_video/ip/broncho_video_v_proc_ss_0_1/bd_0/ip/ip_1/hdl/verilog/bd_41e7_vsc_0_mac_muladd_16s_10ns_12ns_26_4_1.v:34]
WARNING: [Synth 8-3936] Found unconnected internal register 'grp_vscale_core_polyphase_Pipeline_loop_width_for_procpix_fu_247/sum_1_reg_1859_reg' and it is trimmed from '29' to '22' bits. [/home/alen/repo/zynq-7020-video-pipe-3/hw/video-pipe-hw-v5/hw_011223.gen/sources_1/bd/broncho_video/ip/broncho_video_v_proc_ss_0_1/bd_0/ip/ip_1/hdl/verilog/bd_41e7_vsc_0_vscale_core_polyphase_Pipeline_loop_width_for_procpix.v:1552]
WARNING: [Synth 8-3936] Found unconnected internal register 'grp_vscale_core_polyphase_Pipeline_loop_width_for_procpix_fu_247/mac_muladd_16s_10ns_29s_29_4_1_U126/bd_41e7_vsc_0_mac_muladd_16s_10ns_29s_29_4_1_DSP48_5_U/p_reg_reg' and it is trimmed from '44' to '29' bits. [/home/alen/repo/zynq-7020-video-pipe-3/hw/video-pipe-hw-v5/hw_011223.gen/sources_1/bd/broncho_video/ip/broncho_video_v_proc_ss_0_1/bd_0/ip/ip_1/hdl/verilog/bd_41e7_vsc_0_mac_muladd_16s_10ns_29s_29_4_1.v:41]
WARNING: [Synth 8-3936] Found unconnected internal register 'grp_vscale_core_polyphase_Pipeline_loop_width_for_procpix_fu_247/mac_muladd_16s_10ns_28s_29_4_1_U123/bd_41e7_vsc_0_mac_muladd_16s_10ns_28s_29_4_1_DSP48_4_U/p_reg_reg' and it is trimmed from '44' to '29' bits. [/home/alen/repo/zynq-7020-video-pipe-3/hw/video-pipe-hw-v5/hw_011223.gen/sources_1/bd/broncho_video/ip/broncho_video_v_proc_ss_0_1/bd_0/ip/ip_1/hdl/verilog/bd_41e7_vsc_0_mac_muladd_16s_10ns_28s_29_4_1.v:41]
WARNING: [Synth 8-3936] Found unconnected internal register 'grp_vscale_core_polyphase_Pipeline_loop_width_for_procpix_fu_247/mac_muladd_16s_10ns_28s_28_4_1_U120/bd_41e7_vsc_0_mac_muladd_16s_10ns_28s_28_4_1_DSP48_3_U/p_reg_reg' and it is trimmed from '44' to '28' bits. [/home/alen/repo/zynq-7020-video-pipe-3/hw/video-pipe-hw-v5/hw_011223.gen/sources_1/bd/broncho_video/ip/broncho_video_v_proc_ss_0_1/bd_0/ip/ip_1/hdl/verilog/bd_41e7_vsc_0_mac_muladd_16s_10ns_28s_28_4_1.v:41]
WARNING: [Synth 8-3936] Found unconnected internal register 'grp_vscale_core_polyphase_Pipeline_loop_width_for_procpix_fu_247/mac_muladd_16s_10ns_27s_28_4_1_U117/bd_41e7_vsc_0_mac_muladd_16s_10ns_27s_28_4_1_DSP48_2_U/p_reg_reg' and it is trimmed from '44' to '28' bits. [/home/alen/repo/zynq-7020-video-pipe-3/hw/video-pipe-hw-v5/hw_011223.gen/sources_1/bd/broncho_video/ip/broncho_video_v_proc_ss_0_1/bd_0/ip/ip_1/hdl/verilog/bd_41e7_vsc_0_mac_muladd_16s_10ns_27s_28_4_1.v:41]
WARNING: [Synth 8-3936] Found unconnected internal register 'grp_vscale_core_polyphase_Pipeline_loop_width_for_procpix_fu_247/mac_muladd_16s_10ns_26s_27_4_1_U114/bd_41e7_vsc_0_mac_muladd_16s_10ns_26s_27_4_1_DSP48_1_U/p_reg_reg' and it is trimmed from '44' to '27' bits. [/home/alen/repo/zynq-7020-video-pipe-3/hw/video-pipe-hw-v5/hw_011223.gen/sources_1/bd/broncho_video/ip/broncho_video_v_proc_ss_0_1/bd_0/ip/ip_1/hdl/verilog/bd_41e7_vsc_0_mac_muladd_16s_10ns_26s_27_4_1.v:41]
WARNING: [Synth 8-3936] Found unconnected internal register 'grp_vscale_core_polyphase_Pipeline_loop_width_for_procpix_fu_247/mac_muladd_16s_10ns_12ns_26_4_1_U111/bd_41e7_vsc_0_mac_muladd_16s_10ns_12ns_26_4_1_DSP48_0_U/p_reg_reg' and it is trimmed from '44' to '26' bits. [/home/alen/repo/zynq-7020-video-pipe-3/hw/video-pipe-hw-v5/hw_011223.gen/sources_1/bd/broncho_video/ip/broncho_video_v_proc_ss_0_1/bd_0/ip/ip_1/hdl/verilog/bd_41e7_vsc_0_mac_muladd_16s_10ns_12ns_26_4_1.v:41]
WARNING: [Synth 8-3936] Found unconnected internal register 'grp_vscale_core_polyphase_Pipeline_loop_width_for_procpix_fu_247/mac_muladd_16s_10ns_12ns_26_4_1_U111/bd_41e7_vsc_0_mac_muladd_16s_10ns_12ns_26_4_1_DSP48_0_U/m_reg_reg' and it is trimmed from '43' to '26' bits. [/home/alen/repo/zynq-7020-video-pipe-3/hw/video-pipe-hw-v5/hw_011223.gen/sources_1/bd/broncho_video/ip/broncho_video_v_proc_ss_0_1/bd_0/ip/ip_1/hdl/verilog/bd_41e7_vsc_0_mac_muladd_16s_10ns_12ns_26_4_1.v:34]
WARNING: [Synth 8-3936] Found unconnected internal register 'grp_vscale_core_polyphase_Pipeline_loop_width_for_procpix_fu_247/sum_reg_1843_reg' and it is trimmed from '29' to '22' bits. [/home/alen/repo/zynq-7020-video-pipe-3/hw/video-pipe-hw-v5/hw_011223.gen/sources_1/bd/broncho_video/ip/broncho_video_v_proc_ss_0_1/bd_0/ip/ip_1/hdl/verilog/bd_41e7_vsc_0_vscale_core_polyphase_Pipeline_loop_width_for_procpix.v:1554]
WARNING: [Synth 8-3936] Found unconnected internal register 'grp_vscale_core_polyphase_Pipeline_loop_width_for_procpix_fu_247/mac_muladd_16s_10ns_29s_29_4_1_U125/bd_41e7_vsc_0_mac_muladd_16s_10ns_29s_29_4_1_DSP48_5_U/p_reg_reg' and it is trimmed from '44' to '29' bits. [/home/alen/repo/zynq-7020-video-pipe-3/hw/video-pipe-hw-v5/hw_011223.gen/sources_1/bd/broncho_video/ip/broncho_video_v_proc_ss_0_1/bd_0/ip/ip_1/hdl/verilog/bd_41e7_vsc_0_mac_muladd_16s_10ns_29s_29_4_1.v:41]
WARNING: [Synth 8-3936] Found unconnected internal register 'grp_vscale_core_polyphase_Pipeline_loop_width_for_procpix_fu_247/mac_muladd_16s_10ns_28s_29_4_1_U122/bd_41e7_vsc_0_mac_muladd_16s_10ns_28s_29_4_1_DSP48_4_U/p_reg_reg' and it is trimmed from '44' to '29' bits. [/home/alen/repo/zynq-7020-video-pipe-3/hw/video-pipe-hw-v5/hw_011223.gen/sources_1/bd/broncho_video/ip/broncho_video_v_proc_ss_0_1/bd_0/ip/ip_1/hdl/verilog/bd_41e7_vsc_0_mac_muladd_16s_10ns_28s_29_4_1.v:41]
WARNING: [Synth 8-3936] Found unconnected internal register 'grp_vscale_core_polyphase_Pipeline_loop_width_for_procpix_fu_247/mac_muladd_16s_10ns_28s_28_4_1_U119/bd_41e7_vsc_0_mac_muladd_16s_10ns_28s_28_4_1_DSP48_3_U/p_reg_reg' and it is trimmed from '44' to '28' bits. [/home/alen/repo/zynq-7020-video-pipe-3/hw/video-pipe-hw-v5/hw_011223.gen/sources_1/bd/broncho_video/ip/broncho_video_v_proc_ss_0_1/bd_0/ip/ip_1/hdl/verilog/bd_41e7_vsc_0_mac_muladd_16s_10ns_28s_28_4_1.v:41]
WARNING: [Synth 8-3936] Found unconnected internal register 'grp_vscale_core_polyphase_Pipeline_loop_width_for_procpix_fu_247/mac_muladd_16s_10ns_27s_28_4_1_U116/bd_41e7_vsc_0_mac_muladd_16s_10ns_27s_28_4_1_DSP48_2_U/p_reg_reg' and it is trimmed from '44' to '28' bits. [/home/alen/repo/zynq-7020-video-pipe-3/hw/video-pipe-hw-v5/hw_011223.gen/sources_1/bd/broncho_video/ip/broncho_video_v_proc_ss_0_1/bd_0/ip/ip_1/hdl/verilog/bd_41e7_vsc_0_mac_muladd_16s_10ns_27s_28_4_1.v:41]
WARNING: [Synth 8-3936] Found unconnected internal register 'grp_vscale_core_polyphase_Pipeline_loop_width_for_procpix_fu_247/mac_muladd_16s_10ns_26s_27_4_1_U113/bd_41e7_vsc_0_mac_muladd_16s_10ns_26s_27_4_1_DSP48_1_U/p_reg_reg' and it is trimmed from '44' to '27' bits. [/home/alen/repo/zynq-7020-video-pipe-3/hw/video-pipe-hw-v5/hw_011223.gen/sources_1/bd/broncho_video/ip/broncho_video_v_proc_ss_0_1/bd_0/ip/ip_1/hdl/verilog/bd_41e7_vsc_0_mac_muladd_16s_10ns_26s_27_4_1.v:41]
WARNING: [Synth 8-3936] Found unconnected internal register 'grp_vscale_core_polyphase_Pipeline_loop_width_for_procpix_fu_247/mac_muladd_16s_10ns_12ns_26_4_1_U110/bd_41e7_vsc_0_mac_muladd_16s_10ns_12ns_26_4_1_DSP48_0_U/p_reg_reg' and it is trimmed from '44' to '26' bits. [/home/alen/repo/zynq-7020-video-pipe-3/hw/video-pipe-hw-v5/hw_011223.gen/sources_1/bd/broncho_video/ip/broncho_video_v_proc_ss_0_1/bd_0/ip/ip_1/hdl/verilog/bd_41e7_vsc_0_mac_muladd_16s_10ns_12ns_26_4_1.v:41]
WARNING: [Synth 8-3936] Found unconnected internal register 'grp_vscale_core_polyphase_Pipeline_loop_width_for_procpix_fu_247/mac_muladd_16s_10ns_12ns_26_4_1_U110/bd_41e7_vsc_0_mac_muladd_16s_10ns_12ns_26_4_1_DSP48_0_U/m_reg_reg' and it is trimmed from '43' to '26' bits. [/home/alen/repo/zynq-7020-video-pipe-3/hw/video-pipe-hw-v5/hw_011223.gen/sources_1/bd/broncho_video/ip/broncho_video_v_proc_ss_0_1/bd_0/ip/ip_1/hdl/verilog/bd_41e7_vsc_0_mac_muladd_16s_10ns_12ns_26_4_1.v:34]
WARNING: [Synth 8-3936] Found unconnected internal register 'grp_vscale_core_polyphase_Pipeline_loop_width_for_procpix_fu_247/mac_muladd_16s_10ns_26s_27_4_1_U115/bd_41e7_vsc_0_mac_muladd_16s_10ns_26s_27_4_1_DSP48_1_U/m_reg_reg' and it is trimmed from '43' to '27' bits. [/home/alen/repo/zynq-7020-video-pipe-3/hw/video-pipe-hw-v5/hw_011223.gen/sources_1/bd/broncho_video/ip/broncho_video_v_proc_ss_0_1/bd_0/ip/ip_1/hdl/verilog/bd_41e7_vsc_0_mac_muladd_16s_10ns_26s_27_4_1.v:34]
WARNING: [Synth 8-3936] Found unconnected internal register 'grp_vscale_core_polyphase_Pipeline_loop_width_for_procpix_fu_247/mac_muladd_16s_10ns_26s_27_4_1_U114/bd_41e7_vsc_0_mac_muladd_16s_10ns_26s_27_4_1_DSP48_1_U/m_reg_reg' and it is trimmed from '43' to '27' bits. [/home/alen/repo/zynq-7020-video-pipe-3/hw/video-pipe-hw-v5/hw_011223.gen/sources_1/bd/broncho_video/ip/broncho_video_v_proc_ss_0_1/bd_0/ip/ip_1/hdl/verilog/bd_41e7_vsc_0_mac_muladd_16s_10ns_26s_27_4_1.v:34]
WARNING: [Synth 8-3936] Found unconnected internal register 'grp_vscale_core_polyphase_Pipeline_loop_width_for_procpix_fu_247/mac_muladd_16s_10ns_26s_27_4_1_U113/bd_41e7_vsc_0_mac_muladd_16s_10ns_26s_27_4_1_DSP48_1_U/m_reg_reg' and it is trimmed from '43' to '27' bits. [/home/alen/repo/zynq-7020-video-pipe-3/hw/video-pipe-hw-v5/hw_011223.gen/sources_1/bd/broncho_video/ip/broncho_video_v_proc_ss_0_1/bd_0/ip/ip_1/hdl/verilog/bd_41e7_vsc_0_mac_muladd_16s_10ns_26s_27_4_1.v:34]
WARNING: [Synth 8-3936] Found unconnected internal register 'grp_vscale_core_polyphase_Pipeline_loop_width_for_procpix_fu_247/mac_muladd_16s_10ns_27s_28_4_1_U118/bd_41e7_vsc_0_mac_muladd_16s_10ns_27s_28_4_1_DSP48_2_U/m_reg_reg' and it is trimmed from '43' to '28' bits. [/home/alen/repo/zynq-7020-video-pipe-3/hw/video-pipe-hw-v5/hw_011223.gen/sources_1/bd/broncho_video/ip/broncho_video_v_proc_ss_0_1/bd_0/ip/ip_1/hdl/verilog/bd_41e7_vsc_0_mac_muladd_16s_10ns_27s_28_4_1.v:34]
WARNING: [Synth 8-3936] Found unconnected internal register 'grp_vscale_core_polyphase_Pipeline_loop_width_for_procpix_fu_247/mac_muladd_16s_10ns_27s_28_4_1_U117/bd_41e7_vsc_0_mac_muladd_16s_10ns_27s_28_4_1_DSP48_2_U/m_reg_reg' and it is trimmed from '43' to '28' bits. [/home/alen/repo/zynq-7020-video-pipe-3/hw/video-pipe-hw-v5/hw_011223.gen/sources_1/bd/broncho_video/ip/broncho_video_v_proc_ss_0_1/bd_0/ip/ip_1/hdl/verilog/bd_41e7_vsc_0_mac_muladd_16s_10ns_27s_28_4_1.v:34]
WARNING: [Synth 8-3936] Found unconnected internal register 'grp_vscale_core_polyphase_Pipeline_loop_width_for_procpix_fu_247/mac_muladd_16s_10ns_27s_28_4_1_U116/bd_41e7_vsc_0_mac_muladd_16s_10ns_27s_28_4_1_DSP48_2_U/m_reg_reg' and it is trimmed from '43' to '28' bits. [/home/alen/repo/zynq-7020-video-pipe-3/hw/video-pipe-hw-v5/hw_011223.gen/sources_1/bd/broncho_video/ip/broncho_video_v_proc_ss_0_1/bd_0/ip/ip_1/hdl/verilog/bd_41e7_vsc_0_mac_muladd_16s_10ns_27s_28_4_1.v:34]
WARNING: [Synth 8-3936] Found unconnected internal register 'grp_vscale_core_polyphase_Pipeline_loop_width_for_procpix_fu_247/mac_muladd_16s_10ns_28s_28_4_1_U121/bd_41e7_vsc_0_mac_muladd_16s_10ns_28s_28_4_1_DSP48_3_U/m_reg_reg' and it is trimmed from '43' to '28' bits. [/home/alen/repo/zynq-7020-video-pipe-3/hw/video-pipe-hw-v5/hw_011223.gen/sources_1/bd/broncho_video/ip/broncho_video_v_proc_ss_0_1/bd_0/ip/ip_1/hdl/verilog/bd_41e7_vsc_0_mac_muladd_16s_10ns_28s_28_4_1.v:34]
WARNING: [Synth 8-3936] Found unconnected internal register 'grp_vscale_core_polyphase_Pipeline_loop_width_for_procpix_fu_247/mac_muladd_16s_10ns_28s_28_4_1_U120/bd_41e7_vsc_0_mac_muladd_16s_10ns_28s_28_4_1_DSP48_3_U/m_reg_reg' and it is trimmed from '43' to '28' bits. [/home/alen/repo/zynq-7020-video-pipe-3/hw/video-pipe-hw-v5/hw_011223.gen/sources_1/bd/broncho_video/ip/broncho_video_v_proc_ss_0_1/bd_0/ip/ip_1/hdl/verilog/bd_41e7_vsc_0_mac_muladd_16s_10ns_28s_28_4_1.v:34]
WARNING: [Synth 8-3936] Found unconnected internal register 'grp_vscale_core_polyphase_Pipeline_loop_width_for_procpix_fu_247/mac_muladd_16s_10ns_28s_28_4_1_U119/bd_41e7_vsc_0_mac_muladd_16s_10ns_28s_28_4_1_DSP48_3_U/m_reg_reg' and it is trimmed from '43' to '28' bits. [/home/alen/repo/zynq-7020-video-pipe-3/hw/video-pipe-hw-v5/hw_011223.gen/sources_1/bd/broncho_video/ip/broncho_video_v_proc_ss_0_1/bd_0/ip/ip_1/hdl/verilog/bd_41e7_vsc_0_mac_muladd_16s_10ns_28s_28_4_1.v:34]
WARNING: [Synth 8-3936] Found unconnected internal register 'grp_vscale_core_polyphase_Pipeline_loop_width_for_procpix_fu_247/mac_muladd_16s_10ns_28s_29_4_1_U124/bd_41e7_vsc_0_mac_muladd_16s_10ns_28s_29_4_1_DSP48_4_U/m_reg_reg' and it is trimmed from '43' to '29' bits. [/home/alen/repo/zynq-7020-video-pipe-3/hw/video-pipe-hw-v5/hw_011223.gen/sources_1/bd/broncho_video/ip/broncho_video_v_proc_ss_0_1/bd_0/ip/ip_1/hdl/verilog/bd_41e7_vsc_0_mac_muladd_16s_10ns_28s_29_4_1.v:34]
WARNING: [Synth 8-3936] Found unconnected internal register 'grp_vscale_core_polyphase_Pipeline_loop_width_for_procpix_fu_247/mac_muladd_16s_10ns_28s_29_4_1_U123/bd_41e7_vsc_0_mac_muladd_16s_10ns_28s_29_4_1_DSP48_4_U/m_reg_reg' and it is trimmed from '43' to '29' bits. [/home/alen/repo/zynq-7020-video-pipe-3/hw/video-pipe-hw-v5/hw_011223.gen/sources_1/bd/broncho_video/ip/broncho_video_v_proc_ss_0_1/bd_0/ip/ip_1/hdl/verilog/bd_41e7_vsc_0_mac_muladd_16s_10ns_28s_29_4_1.v:34]
WARNING: [Synth 8-3936] Found unconnected internal register 'grp_vscale_core_polyphase_Pipeline_loop_width_for_procpix_fu_247/mac_muladd_16s_10ns_28s_29_4_1_U122/bd_41e7_vsc_0_mac_muladd_16s_10ns_28s_29_4_1_DSP48_4_U/m_reg_reg' and it is trimmed from '43' to '29' bits. [/home/alen/repo/zynq-7020-video-pipe-3/hw/video-pipe-hw-v5/hw_011223.gen/sources_1/bd/broncho_video/ip/broncho_video_v_proc_ss_0_1/bd_0/ip/ip_1/hdl/verilog/bd_41e7_vsc_0_mac_muladd_16s_10ns_28s_29_4_1.v:34]
WARNING: [Synth 8-3936] Found unconnected internal register 'grp_vscale_core_polyphase_Pipeline_loop_width_for_procpix_fu_247/mac_muladd_16s_10ns_29s_29_4_1_U127/bd_41e7_vsc_0_mac_muladd_16s_10ns_29s_29_4_1_DSP48_5_U/m_reg_reg' and it is trimmed from '43' to '29' bits. [/home/alen/repo/zynq-7020-video-pipe-3/hw/video-pipe-hw-v5/hw_011223.gen/sources_1/bd/broncho_video/ip/broncho_video_v_proc_ss_0_1/bd_0/ip/ip_1/hdl/verilog/bd_41e7_vsc_0_mac_muladd_16s_10ns_29s_29_4_1.v:34]
WARNING: [Synth 8-3936] Found unconnected internal register 'grp_vscale_core_polyphase_Pipeline_loop_width_for_procpix_fu_247/mac_muladd_16s_10ns_29s_29_4_1_U126/bd_41e7_vsc_0_mac_muladd_16s_10ns_29s_29_4_1_DSP48_5_U/m_reg_reg' and it is trimmed from '43' to '29' bits. [/home/alen/repo/zynq-7020-video-pipe-3/hw/video-pipe-hw-v5/hw_011223.gen/sources_1/bd/broncho_video/ip/broncho_video_v_proc_ss_0_1/bd_0/ip/ip_1/hdl/verilog/bd_41e7_vsc_0_mac_muladd_16s_10ns_29s_29_4_1.v:34]
WARNING: [Synth 8-3936] Found unconnected internal register 'grp_vscale_core_polyphase_Pipeline_loop_width_for_procpix_fu_247/mac_muladd_16s_10ns_29s_29_4_1_U125/bd_41e7_vsc_0_mac_muladd_16s_10ns_29s_29_4_1_DSP48_5_U/m_reg_reg' and it is trimmed from '43' to '29' bits. [/home/alen/repo/zynq-7020-video-pipe-3/hw/video-pipe-hw-v5/hw_011223.gen/sources_1/bd/broncho_video/ip/broncho_video_v_proc_ss_0_1/bd_0/ip/ip_1/hdl/verilog/bd_41e7_vsc_0_mac_muladd_16s_10ns_29s_29_4_1.v:34]
DSP Report: Generating DSP grp_vscale_core_polyphase_Pipeline_loop_width_for_procpix_fu_247/mac_muladd_16s_10ns_12ns_26_4_1_U110/bd_41e7_vsc_0_mac_muladd_16s_10ns_12ns_26_4_1_DSP48_0_U/p_reg_reg, operation Mode is: (C:0x800)+(A2*B'')'.
DSP Report: register grp_vscale_core_polyphase_Pipeline_loop_width_for_procpix_fu_247/mac_muladd_16s_10ns_12ns_26_4_1_U110/bd_41e7_vsc_0_mac_muladd_16s_10ns_12ns_26_4_1_DSP48_0_U/p_reg_reg is absorbed into DSP grp_vscale_core_polyphase_Pipeline_loop_width_for_procpix_fu_247/mac_muladd_16s_10ns_12ns_26_4_1_U110/bd_41e7_vsc_0_mac_muladd_16s_10ns_12ns_26_4_1_DSP48_0_U/p_reg_reg.
DSP Report: register grp_vscale_core_polyphase_Pipeline_loop_width_for_procpix_fu_247/mac_muladd_16s_10ns_12ns_26_4_1_U110/bd_41e7_vsc_0_mac_muladd_16s_10ns_12ns_26_4_1_DSP48_0_U/p_reg_reg is absorbed into DSP grp_vscale_core_polyphase_Pipeline_loop_width_for_procpix_fu_247/mac_muladd_16s_10ns_12ns_26_4_1_U110/bd_41e7_vsc_0_mac_muladd_16s_10ns_12ns_26_4_1_DSP48_0_U/p_reg_reg.
DSP Report: register grp_vscale_core_polyphase_Pipeline_loop_width_for_procpix_fu_247/mac_muladd_16s_10ns_12ns_26_4_1_U110/bd_41e7_vsc_0_mac_muladd_16s_10ns_12ns_26_4_1_DSP48_0_U/p_reg_reg is absorbed into DSP grp_vscale_core_polyphase_Pipeline_loop_width_for_procpix_fu_247/mac_muladd_16s_10ns_12ns_26_4_1_U110/bd_41e7_vsc_0_mac_muladd_16s_10ns_12ns_26_4_1_DSP48_0_U/p_reg_reg.
DSP Report: register grp_vscale_core_polyphase_Pipeline_loop_width_for_procpix_fu_247/mac_muladd_16s_10ns_12ns_26_4_1_U110/bd_41e7_vsc_0_mac_muladd_16s_10ns_12ns_26_4_1_DSP48_0_U/p_reg_reg is absorbed into DSP grp_vscale_core_polyphase_Pipeline_loop_width_for_procpix_fu_247/mac_muladd_16s_10ns_12ns_26_4_1_U110/bd_41e7_vsc_0_mac_muladd_16s_10ns_12ns_26_4_1_DSP48_0_U/p_reg_reg.
DSP Report: register grp_vscale_core_polyphase_Pipeline_loop_width_for_procpix_fu_247/mac_muladd_16s_10ns_12ns_26_4_1_U110/bd_41e7_vsc_0_mac_muladd_16s_10ns_12ns_26_4_1_DSP48_0_U/m_reg_reg is absorbed into DSP grp_vscale_core_polyphase_Pipeline_loop_width_for_procpix_fu_247/mac_muladd_16s_10ns_12ns_26_4_1_U110/bd_41e7_vsc_0_mac_muladd_16s_10ns_12ns_26_4_1_DSP48_0_U/p_reg_reg.
DSP Report: operator grp_vscale_core_polyphase_Pipeline_loop_width_for_procpix_fu_247/mac_muladd_16s_10ns_12ns_26_4_1_U110/bd_41e7_vsc_0_mac_muladd_16s_10ns_12ns_26_4_1_DSP48_0_U/p is absorbed into DSP grp_vscale_core_polyphase_Pipeline_loop_width_for_procpix_fu_247/mac_muladd_16s_10ns_12ns_26_4_1_U110/bd_41e7_vsc_0_mac_muladd_16s_10ns_12ns_26_4_1_DSP48_0_U/p_reg_reg.
DSP Report: operator grp_vscale_core_polyphase_Pipeline_loop_width_for_procpix_fu_247/mac_muladd_16s_10ns_12ns_26_4_1_U110/bd_41e7_vsc_0_mac_muladd_16s_10ns_12ns_26_4_1_DSP48_0_U/m is absorbed into DSP grp_vscale_core_polyphase_Pipeline_loop_width_for_procpix_fu_247/mac_muladd_16s_10ns_12ns_26_4_1_U110/bd_41e7_vsc_0_mac_muladd_16s_10ns_12ns_26_4_1_DSP48_0_U/p_reg_reg.
DSP Report: Generating DSP grp_vscale_core_polyphase_Pipeline_loop_width_for_procpix_fu_247/mac_muladd_16s_10ns_26s_27_4_1_U113/bd_41e7_vsc_0_mac_muladd_16s_10ns_26s_27_4_1_DSP48_1_U/p_reg_reg, operation Mode is: (C+(A''*B'')')'.
DSP Report: register grp_vscale_core_polyphase_Pipeline_loop_width_for_procpix_fu_247/mac_muladd_16s_10ns_26s_27_4_1_U113/bd_41e7_vsc_0_mac_muladd_16s_10ns_26s_27_4_1_DSP48_1_U/p_reg_reg is absorbed into DSP grp_vscale_core_polyphase_Pipeline_loop_width_for_procpix_fu_247/mac_muladd_16s_10ns_26s_27_4_1_U113/bd_41e7_vsc_0_mac_muladd_16s_10ns_26s_27_4_1_DSP48_1_U/p_reg_reg.
DSP Report: register grp_vscale_core_polyphase_Pipeline_loop_width_for_procpix_fu_247/mac_muladd_16s_10ns_26s_27_4_1_U113/bd_41e7_vsc_0_mac_muladd_16s_10ns_26s_27_4_1_DSP48_1_U/p_reg_reg is absorbed into DSP grp_vscale_core_polyphase_Pipeline_loop_width_for_procpix_fu_247/mac_muladd_16s_10ns_26s_27_4_1_U113/bd_41e7_vsc_0_mac_muladd_16s_10ns_26s_27_4_1_DSP48_1_U/p_reg_reg.
DSP Report: register grp_vscale_core_polyphase_Pipeline_loop_width_for_procpix_fu_247/mac_muladd_16s_10ns_26s_27_4_1_U113/bd_41e7_vsc_0_mac_muladd_16s_10ns_26s_27_4_1_DSP48_1_U/p_reg_reg is absorbed into DSP grp_vscale_core_polyphase_Pipeline_loop_width_for_procpix_fu_247/mac_muladd_16s_10ns_26s_27_4_1_U113/bd_41e7_vsc_0_mac_muladd_16s_10ns_26s_27_4_1_DSP48_1_U/p_reg_reg.
DSP Report: register grp_vscale_core_polyphase_Pipeline_loop_width_for_procpix_fu_247/mac_muladd_16s_10ns_26s_27_4_1_U113/bd_41e7_vsc_0_mac_muladd_16s_10ns_26s_27_4_1_DSP48_1_U/p_reg_reg is absorbed into DSP grp_vscale_core_polyphase_Pipeline_loop_width_for_procpix_fu_247/mac_muladd_16s_10ns_26s_27_4_1_U113/bd_41e7_vsc_0_mac_muladd_16s_10ns_26s_27_4_1_DSP48_1_U/p_reg_reg.
DSP Report: register grp_vscale_core_polyphase_Pipeline_loop_width_for_procpix_fu_247/mac_muladd_16s_10ns_26s_27_4_1_U113/bd_41e7_vsc_0_mac_muladd_16s_10ns_26s_27_4_1_DSP48_1_U/p_reg_reg is absorbed into DSP grp_vscale_core_polyphase_Pipeline_loop_width_for_procpix_fu_247/mac_muladd_16s_10ns_26s_27_4_1_U113/bd_41e7_vsc_0_mac_muladd_16s_10ns_26s_27_4_1_DSP48_1_U/p_reg_reg.
DSP Report: register grp_vscale_core_polyphase_Pipeline_loop_width_for_procpix_fu_247/mac_muladd_16s_10ns_26s_27_4_1_U113/bd_41e7_vsc_0_mac_muladd_16s_10ns_26s_27_4_1_DSP48_1_U/m_reg_reg is absorbed into DSP grp_vscale_core_polyphase_Pipeline_loop_width_for_procpix_fu_247/mac_muladd_16s_10ns_26s_27_4_1_U113/bd_41e7_vsc_0_mac_muladd_16s_10ns_26s_27_4_1_DSP48_1_U/p_reg_reg.
DSP Report: operator grp_vscale_core_polyphase_Pipeline_loop_width_for_procpix_fu_247/mac_muladd_16s_10ns_26s_27_4_1_U113/bd_41e7_vsc_0_mac_muladd_16s_10ns_26s_27_4_1_DSP48_1_U/p is absorbed into DSP grp_vscale_core_polyphase_Pipeline_loop_width_for_procpix_fu_247/mac_muladd_16s_10ns_26s_27_4_1_U113/bd_41e7_vsc_0_mac_muladd_16s_10ns_26s_27_4_1_DSP48_1_U/p_reg_reg.
DSP Report: operator grp_vscale_core_polyphase_Pipeline_loop_width_for_procpix_fu_247/mac_muladd_16s_10ns_26s_27_4_1_U113/bd_41e7_vsc_0_mac_muladd_16s_10ns_26s_27_4_1_DSP48_1_U/m is absorbed into DSP grp_vscale_core_polyphase_Pipeline_loop_width_for_procpix_fu_247/mac_muladd_16s_10ns_26s_27_4_1_U113/bd_41e7_vsc_0_mac_muladd_16s_10ns_26s_27_4_1_DSP48_1_U/p_reg_reg.
DSP Report: Generating DSP grp_vscale_core_polyphase_Pipeline_loop_width_for_procpix_fu_247/mac_muladd_16s_10ns_27s_28_4_1_U116/bd_41e7_vsc_0_mac_muladd_16s_10ns_27s_28_4_1_DSP48_2_U/p_reg_reg, operation Mode is: (C+(A''*B'')')'.
DSP Report: register grp_vscale_core_polyphase_Pipeline_loop_width_for_procpix_fu_247/mac_muladd_16s_10ns_27s_28_4_1_U116/bd_41e7_vsc_0_mac_muladd_16s_10ns_27s_28_4_1_DSP48_2_U/p_reg_reg is absorbed into DSP grp_vscale_core_polyphase_Pipeline_loop_width_for_procpix_fu_247/mac_muladd_16s_10ns_27s_28_4_1_U116/bd_41e7_vsc_0_mac_muladd_16s_10ns_27s_28_4_1_DSP48_2_U/p_reg_reg.
DSP Report: register grp_vscale_core_polyphase_Pipeline_loop_width_for_procpix_fu_247/mac_muladd_16s_10ns_27s_28_4_1_U116/bd_41e7_vsc_0_mac_muladd_16s_10ns_27s_28_4_1_DSP48_2_U/p_reg_reg is absorbed into DSP grp_vscale_core_polyphase_Pipeline_loop_width_for_procpix_fu_247/mac_muladd_16s_10ns_27s_28_4_1_U116/bd_41e7_vsc_0_mac_muladd_16s_10ns_27s_28_4_1_DSP48_2_U/p_reg_reg.
DSP Report: register grp_vscale_core_polyphase_Pipeline_loop_width_for_procpix_fu_247/mac_muladd_16s_10ns_27s_28_4_1_U116/bd_41e7_vsc_0_mac_muladd_16s_10ns_27s_28_4_1_DSP48_2_U/p_reg_reg is absorbed into DSP grp_vscale_core_polyphase_Pipeline_loop_width_for_procpix_fu_247/mac_muladd_16s_10ns_27s_28_4_1_U116/bd_41e7_vsc_0_mac_muladd_16s_10ns_27s_28_4_1_DSP48_2_U/p_reg_reg.
DSP Report: register grp_vscale_core_polyphase_Pipeline_loop_width_for_procpix_fu_247/mac_muladd_16s_10ns_27s_28_4_1_U116/bd_41e7_vsc_0_mac_muladd_16s_10ns_27s_28_4_1_DSP48_2_U/p_reg_reg is absorbed into DSP grp_vscale_core_polyphase_Pipeline_loop_width_for_procpix_fu_247/mac_muladd_16s_10ns_27s_28_4_1_U116/bd_41e7_vsc_0_mac_muladd_16s_10ns_27s_28_4_1_DSP48_2_U/p_reg_reg.
DSP Report: register grp_vscale_core_polyphase_Pipeline_loop_width_for_procpix_fu_247/mac_muladd_16s_10ns_27s_28_4_1_U116/bd_41e7_vsc_0_mac_muladd_16s_10ns_27s_28_4_1_DSP48_2_U/p_reg_reg is absorbed into DSP grp_vscale_core_polyphase_Pipeline_loop_width_for_procpix_fu_247/mac_muladd_16s_10ns_27s_28_4_1_U116/bd_41e7_vsc_0_mac_muladd_16s_10ns_27s_28_4_1_DSP48_2_U/p_reg_reg.
DSP Report: register grp_vscale_core_polyphase_Pipeline_loop_width_for_procpix_fu_247/mac_muladd_16s_10ns_27s_28_4_1_U116/bd_41e7_vsc_0_mac_muladd_16s_10ns_27s_28_4_1_DSP48_2_U/m_reg_reg is absorbed into DSP grp_vscale_core_polyphase_Pipeline_loop_width_for_procpix_fu_247/mac_muladd_16s_10ns_27s_28_4_1_U116/bd_41e7_vsc_0_mac_muladd_16s_10ns_27s_28_4_1_DSP48_2_U/p_reg_reg.
DSP Report: operator grp_vscale_core_polyphase_Pipeline_loop_width_for_procpix_fu_247/mac_muladd_16s_10ns_27s_28_4_1_U116/bd_41e7_vsc_0_mac_muladd_16s_10ns_27s_28_4_1_DSP48_2_U/p is absorbed into DSP grp_vscale_core_polyphase_Pipeline_loop_width_for_procpix_fu_247/mac_muladd_16s_10ns_27s_28_4_1_U116/bd_41e7_vsc_0_mac_muladd_16s_10ns_27s_28_4_1_DSP48_2_U/p_reg_reg.
DSP Report: operator grp_vscale_core_polyphase_Pipeline_loop_width_for_procpix_fu_247/mac_muladd_16s_10ns_27s_28_4_1_U116/bd_41e7_vsc_0_mac_muladd_16s_10ns_27s_28_4_1_DSP48_2_U/m is absorbed into DSP grp_vscale_core_polyphase_Pipeline_loop_width_for_procpix_fu_247/mac_muladd_16s_10ns_27s_28_4_1_U116/bd_41e7_vsc_0_mac_muladd_16s_10ns_27s_28_4_1_DSP48_2_U/p_reg_reg.
DSP Report: Generating DSP grp_vscale_core_polyphase_Pipeline_loop_width_for_procpix_fu_247/mac_muladd_16s_10ns_28s_28_4_1_U119/bd_41e7_vsc_0_mac_muladd_16s_10ns_28s_28_4_1_DSP48_3_U/p_reg_reg, operation Mode is: (PCIN+(A''*B'')')'.
DSP Report: register grp_vscale_core_polyphase_Pipeline_loop_width_for_procpix_fu_247/mac_muladd_16s_10ns_28s_28_4_1_U119/bd_41e7_vsc_0_mac_muladd_16s_10ns_28s_28_4_1_DSP48_3_U/p_reg_reg is absorbed into DSP grp_vscale_core_polyphase_Pipeline_loop_width_for_procpix_fu_247/mac_muladd_16s_10ns_28s_28_4_1_U119/bd_41e7_vsc_0_mac_muladd_16s_10ns_28s_28_4_1_DSP48_3_U/p_reg_reg.
DSP Report: register grp_vscale_core_polyphase_Pipeline_loop_width_for_procpix_fu_247/mac_muladd_16s_10ns_28s_28_4_1_U119/bd_41e7_vsc_0_mac_muladd_16s_10ns_28s_28_4_1_DSP48_3_U/p_reg_reg is absorbed into DSP grp_vscale_core_polyphase_Pipeline_loop_width_for_procpix_fu_247/mac_muladd_16s_10ns_28s_28_4_1_U119/bd_41e7_vsc_0_mac_muladd_16s_10ns_28s_28_4_1_DSP48_3_U/p_reg_reg.
DSP Report: register grp_vscale_core_polyphase_Pipeline_loop_width_for_procpix_fu_247/mac_muladd_16s_10ns_28s_28_4_1_U119/bd_41e7_vsc_0_mac_muladd_16s_10ns_28s_28_4_1_DSP48_3_U/p_reg_reg is absorbed into DSP grp_vscale_core_polyphase_Pipeline_loop_width_for_procpix_fu_247/mac_muladd_16s_10ns_28s_28_4_1_U119/bd_41e7_vsc_0_mac_muladd_16s_10ns_28s_28_4_1_DSP48_3_U/p_reg_reg.
DSP Report: register grp_vscale_core_polyphase_Pipeline_loop_width_for_procpix_fu_247/mac_muladd_16s_10ns_28s_28_4_1_U119/bd_41e7_vsc_0_mac_muladd_16s_10ns_28s_28_4_1_DSP48_3_U/p_reg_reg is absorbed into DSP grp_vscale_core_polyphase_Pipeline_loop_width_for_procpix_fu_247/mac_muladd_16s_10ns_28s_28_4_1_U119/bd_41e7_vsc_0_mac_muladd_16s_10ns_28s_28_4_1_DSP48_3_U/p_reg_reg.
DSP Report: register grp_vscale_core_polyphase_Pipeline_loop_width_for_procpix_fu_247/mac_muladd_16s_10ns_28s_28_4_1_U119/bd_41e7_vsc_0_mac_muladd_16s_10ns_28s_28_4_1_DSP48_3_U/p_reg_reg is absorbed into DSP grp_vscale_core_polyphase_Pipeline_loop_width_for_procpix_fu_247/mac_muladd_16s_10ns_28s_28_4_1_U119/bd_41e7_vsc_0_mac_muladd_16s_10ns_28s_28_4_1_DSP48_3_U/p_reg_reg.
DSP Report: register grp_vscale_core_polyphase_Pipeline_loop_width_for_procpix_fu_247/mac_muladd_16s_10ns_28s_28_4_1_U119/bd_41e7_vsc_0_mac_muladd_16s_10ns_28s_28_4_1_DSP48_3_U/m_reg_reg is absorbed into DSP grp_vscale_core_polyphase_Pipeline_loop_width_for_procpix_fu_247/mac_muladd_16s_10ns_28s_28_4_1_U119/bd_41e7_vsc_0_mac_muladd_16s_10ns_28s_28_4_1_DSP48_3_U/p_reg_reg.
DSP Report: operator grp_vscale_core_polyphase_Pipeline_loop_width_for_procpix_fu_247/mac_muladd_16s_10ns_28s_28_4_1_U119/bd_41e7_vsc_0_mac_muladd_16s_10ns_28s_28_4_1_DSP48_3_U/p is absorbed into DSP grp_vscale_core_polyphase_Pipeline_loop_width_for_procpix_fu_247/mac_muladd_16s_10ns_28s_28_4_1_U119/bd_41e7_vsc_0_mac_muladd_16s_10ns_28s_28_4_1_DSP48_3_U/p_reg_reg.
DSP Report: operator grp_vscale_core_polyphase_Pipeline_loop_width_for_procpix_fu_247/mac_muladd_16s_10ns_28s_28_4_1_U119/bd_41e7_vsc_0_mac_muladd_16s_10ns_28s_28_4_1_DSP48_3_U/m is absorbed into DSP grp_vscale_core_polyphase_Pipeline_loop_width_for_procpix_fu_247/mac_muladd_16s_10ns_28s_28_4_1_U119/bd_41e7_vsc_0_mac_muladd_16s_10ns_28s_28_4_1_DSP48_3_U/p_reg_reg.
DSP Report: Generating DSP grp_vscale_core_polyphase_Pipeline_loop_width_for_procpix_fu_247/mac_muladd_16s_10ns_28s_29_4_1_U122/bd_41e7_vsc_0_mac_muladd_16s_10ns_28s_29_4_1_DSP48_4_U/p_reg_reg, operation Mode is: (C+(A''*B'')')'.
DSP Report: register grp_vscale_core_polyphase_Pipeline_loop_width_for_procpix_fu_247/mac_muladd_16s_10ns_28s_29_4_1_U122/bd_41e7_vsc_0_mac_muladd_16s_10ns_28s_29_4_1_DSP48_4_U/p_reg_reg is absorbed into DSP grp_vscale_core_polyphase_Pipeline_loop_width_for_procpix_fu_247/mac_muladd_16s_10ns_28s_29_4_1_U122/bd_41e7_vsc_0_mac_muladd_16s_10ns_28s_29_4_1_DSP48_4_U/p_reg_reg.
DSP Report: register grp_vscale_core_polyphase_Pipeline_loop_width_for_procpix_fu_247/mac_muladd_16s_10ns_28s_29_4_1_U122/bd_41e7_vsc_0_mac_muladd_16s_10ns_28s_29_4_1_DSP48_4_U/p_reg_reg is absorbed into DSP grp_vscale_core_polyphase_Pipeline_loop_width_for_procpix_fu_247/mac_muladd_16s_10ns_28s_29_4_1_U122/bd_41e7_vsc_0_mac_muladd_16s_10ns_28s_29_4_1_DSP48_4_U/p_reg_reg.
DSP Report: register grp_vscale_core_polyphase_Pipeline_loop_width_for_procpix_fu_247/mac_muladd_16s_10ns_28s_29_4_1_U122/bd_41e7_vsc_0_mac_muladd_16s_10ns_28s_29_4_1_DSP48_4_U/p_reg_reg is absorbed into DSP grp_vscale_core_polyphase_Pipeline_loop_width_for_procpix_fu_247/mac_muladd_16s_10ns_28s_29_4_1_U122/bd_41e7_vsc_0_mac_muladd_16s_10ns_28s_29_4_1_DSP48_4_U/p_reg_reg.
DSP Report: register grp_vscale_core_polyphase_Pipeline_loop_width_for_procpix_fu_247/mac_muladd_16s_10ns_28s_29_4_1_U122/bd_41e7_vsc_0_mac_muladd_16s_10ns_28s_29_4_1_DSP48_4_U/p_reg_reg is absorbed into DSP grp_vscale_core_polyphase_Pipeline_loop_width_for_procpix_fu_247/mac_muladd_16s_10ns_28s_29_4_1_U122/bd_41e7_vsc_0_mac_muladd_16s_10ns_28s_29_4_1_DSP48_4_U/p_reg_reg.
DSP Report: register grp_vscale_core_polyphase_Pipeline_loop_width_for_procpix_fu_247/mac_muladd_16s_10ns_28s_29_4_1_U122/bd_41e7_vsc_0_mac_muladd_16s_10ns_28s_29_4_1_DSP48_4_U/p_reg_reg is absorbed into DSP grp_vscale_core_polyphase_Pipeline_loop_width_for_procpix_fu_247/mac_muladd_16s_10ns_28s_29_4_1_U122/bd_41e7_vsc_0_mac_muladd_16s_10ns_28s_29_4_1_DSP48_4_U/p_reg_reg.
DSP Report: register grp_vscale_core_polyphase_Pipeline_loop_width_for_procpix_fu_247/mac_muladd_16s_10ns_28s_29_4_1_U122/bd_41e7_vsc_0_mac_muladd_16s_10ns_28s_29_4_1_DSP48_4_U/m_reg_reg is absorbed into DSP grp_vscale_core_polyphase_Pipeline_loop_width_for_procpix_fu_247/mac_muladd_16s_10ns_28s_29_4_1_U122/bd_41e7_vsc_0_mac_muladd_16s_10ns_28s_29_4_1_DSP48_4_U/p_reg_reg.
DSP Report: operator grp_vscale_core_polyphase_Pipeline_loop_width_for_procpix_fu_247/mac_muladd_16s_10ns_28s_29_4_1_U122/bd_41e7_vsc_0_mac_muladd_16s_10ns_28s_29_4_1_DSP48_4_U/p is absorbed into DSP grp_vscale_core_polyphase_Pipeline_loop_width_for_procpix_fu_247/mac_muladd_16s_10ns_28s_29_4_1_U122/bd_41e7_vsc_0_mac_muladd_16s_10ns_28s_29_4_1_DSP48_4_U/p_reg_reg.
DSP Report: operator grp_vscale_core_polyphase_Pipeline_loop_width_for_procpix_fu_247/mac_muladd_16s_10ns_28s_29_4_1_U122/bd_41e7_vsc_0_mac_muladd_16s_10ns_28s_29_4_1_DSP48_4_U/m is absorbed into DSP grp_vscale_core_polyphase_Pipeline_loop_width_for_procpix_fu_247/mac_muladd_16s_10ns_28s_29_4_1_U122/bd_41e7_vsc_0_mac_muladd_16s_10ns_28s_29_4_1_DSP48_4_U/p_reg_reg.
DSP Report: Generating DSP grp_vscale_core_polyphase_Pipeline_loop_width_for_procpix_fu_247/mac_muladd_16s_10ns_29s_29_4_1_U125/bd_41e7_vsc_0_mac_muladd_16s_10ns_29s_29_4_1_DSP48_5_U/p_reg_reg, operation Mode is: (PCIN+(A''*B'')')'.
DSP Report: register grp_vscale_core_polyphase_Pipeline_loop_width_for_procpix_fu_247/mac_muladd_16s_10ns_29s_29_4_1_U125/bd_41e7_vsc_0_mac_muladd_16s_10ns_29s_29_4_1_DSP48_5_U/p_reg_reg is absorbed into DSP grp_vscale_core_polyphase_Pipeline_loop_width_for_procpix_fu_247/mac_muladd_16s_10ns_29s_29_4_1_U125/bd_41e7_vsc_0_mac_muladd_16s_10ns_29s_29_4_1_DSP48_5_U/p_reg_reg.
DSP Report: register grp_vscale_core_polyphase_Pipeline_loop_width_for_procpix_fu_247/mac_muladd_16s_10ns_29s_29_4_1_U125/bd_41e7_vsc_0_mac_muladd_16s_10ns_29s_29_4_1_DSP48_5_U/p_reg_reg is absorbed into DSP grp_vscale_core_polyphase_Pipeline_loop_width_for_procpix_fu_247/mac_muladd_16s_10ns_29s_29_4_1_U125/bd_41e7_vsc_0_mac_muladd_16s_10ns_29s_29_4_1_DSP48_5_U/p_reg_reg.
DSP Report: register grp_vscale_core_polyphase_Pipeline_loop_width_for_procpix_fu_247/mac_muladd_16s_10ns_29s_29_4_1_U125/bd_41e7_vsc_0_mac_muladd_16s_10ns_29s_29_4_1_DSP48_5_U/p_reg_reg is absorbed into DSP grp_vscale_core_polyphase_Pipeline_loop_width_for_procpix_fu_247/mac_muladd_16s_10ns_29s_29_4_1_U125/bd_41e7_vsc_0_mac_muladd_16s_10ns_29s_29_4_1_DSP48_5_U/p_reg_reg.
DSP Report: register grp_vscale_core_polyphase_Pipeline_loop_width_for_procpix_fu_247/mac_muladd_16s_10ns_29s_29_4_1_U125/bd_41e7_vsc_0_mac_muladd_16s_10ns_29s_29_4_1_DSP48_5_U/p_reg_reg is absorbed into DSP grp_vscale_core_polyphase_Pipeline_loop_width_for_procpix_fu_247/mac_muladd_16s_10ns_29s_29_4_1_U125/bd_41e7_vsc_0_mac_muladd_16s_10ns_29s_29_4_1_DSP48_5_U/p_reg_reg.
DSP Report: register grp_vscale_core_polyphase_Pipeline_loop_width_for_procpix_fu_247/mac_muladd_16s_10ns_29s_29_4_1_U125/bd_41e7_vsc_0_mac_muladd_16s_10ns_29s_29_4_1_DSP48_5_U/p_reg_reg is absorbed into DSP grp_vscale_core_polyphase_Pipeline_loop_width_for_procpix_fu_247/mac_muladd_16s_10ns_29s_29_4_1_U125/bd_41e7_vsc_0_mac_muladd_16s_10ns_29s_29_4_1_DSP48_5_U/p_reg_reg.
DSP Report: register grp_vscale_core_polyphase_Pipeline_loop_width_for_procpix_fu_247/mac_muladd_16s_10ns_29s_29_4_1_U125/bd_41e7_vsc_0_mac_muladd_16s_10ns_29s_29_4_1_DSP48_5_U/m_reg_reg is absorbed into DSP grp_vscale_core_polyphase_Pipeline_loop_width_for_procpix_fu_247/mac_muladd_16s_10ns_29s_29_4_1_U125/bd_41e7_vsc_0_mac_muladd_16s_10ns_29s_29_4_1_DSP48_5_U/p_reg_reg.
DSP Report: operator grp_vscale_core_polyphase_Pipeline_loop_width_for_procpix_fu_247/mac_muladd_16s_10ns_29s_29_4_1_U125/bd_41e7_vsc_0_mac_muladd_16s_10ns_29s_29_4_1_DSP48_5_U/p is absorbed into DSP grp_vscale_core_polyphase_Pipeline_loop_width_for_procpix_fu_247/mac_muladd_16s_10ns_29s_29_4_1_U125/bd_41e7_vsc_0_mac_muladd_16s_10ns_29s_29_4_1_DSP48_5_U/p_reg_reg.
DSP Report: operator grp_vscale_core_polyphase_Pipeline_loop_width_for_procpix_fu_247/mac_muladd_16s_10ns_29s_29_4_1_U125/bd_41e7_vsc_0_mac_muladd_16s_10ns_29s_29_4_1_DSP48_5_U/m is absorbed into DSP grp_vscale_core_polyphase_Pipeline_loop_width_for_procpix_fu_247/mac_muladd_16s_10ns_29s_29_4_1_U125/bd_41e7_vsc_0_mac_muladd_16s_10ns_29s_29_4_1_DSP48_5_U/p_reg_reg.
DSP Report: Generating DSP grp_vscale_core_polyphase_Pipeline_loop_width_for_procpix_fu_247/mac_muladd_16s_10ns_12ns_26_4_1_U111/bd_41e7_vsc_0_mac_muladd_16s_10ns_12ns_26_4_1_DSP48_0_U/p_reg_reg, operation Mode is: (C:0x800)+(A2*B'')'.
DSP Report: register grp_vscale_core_polyphase_Pipeline_loop_width_for_procpix_fu_247/mac_muladd_16s_10ns_12ns_26_4_1_U111/bd_41e7_vsc_0_mac_muladd_16s_10ns_12ns_26_4_1_DSP48_0_U/p_reg_reg is absorbed into DSP grp_vscale_core_polyphase_Pipeline_loop_width_for_procpix_fu_247/mac_muladd_16s_10ns_12ns_26_4_1_U111/bd_41e7_vsc_0_mac_muladd_16s_10ns_12ns_26_4_1_DSP48_0_U/p_reg_reg.
DSP Report: register grp_vscale_core_polyphase_Pipeline_loop_width_for_procpix_fu_247/mac_muladd_16s_10ns_12ns_26_4_1_U111/bd_41e7_vsc_0_mac_muladd_16s_10ns_12ns_26_4_1_DSP48_0_U/p_reg_reg is absorbed into DSP grp_vscale_core_polyphase_Pipeline_loop_width_for_procpix_fu_247/mac_muladd_16s_10ns_12ns_26_4_1_U111/bd_41e7_vsc_0_mac_muladd_16s_10ns_12ns_26_4_1_DSP48_0_U/p_reg_reg.
DSP Report: register grp_vscale_core_polyphase_Pipeline_loop_width_for_procpix_fu_247/mac_muladd_16s_10ns_12ns_26_4_1_U111/bd_41e7_vsc_0_mac_muladd_16s_10ns_12ns_26_4_1_DSP48_0_U/p_reg_reg is absorbed into DSP grp_vscale_core_polyphase_Pipeline_loop_width_for_procpix_fu_247/mac_muladd_16s_10ns_12ns_26_4_1_U111/bd_41e7_vsc_0_mac_muladd_16s_10ns_12ns_26_4_1_DSP48_0_U/p_reg_reg.
DSP Report: register grp_vscale_core_polyphase_Pipeline_loop_width_for_procpix_fu_247/mac_muladd_16s_10ns_12ns_26_4_1_U111/bd_41e7_vsc_0_mac_muladd_16s_10ns_12ns_26_4_1_DSP48_0_U/p_reg_reg is absorbed into DSP grp_vscale_core_polyphase_Pipeline_loop_width_for_procpix_fu_247/mac_muladd_16s_10ns_12ns_26_4_1_U111/bd_41e7_vsc_0_mac_muladd_16s_10ns_12ns_26_4_1_DSP48_0_U/p_reg_reg.
DSP Report: register grp_vscale_core_polyphase_Pipeline_loop_width_for_procpix_fu_247/mac_muladd_16s_10ns_12ns_26_4_1_U111/bd_41e7_vsc_0_mac_muladd_16s_10ns_12ns_26_4_1_DSP48_0_U/m_reg_reg is absorbed into DSP grp_vscale_core_polyphase_Pipeline_loop_width_for_procpix_fu_247/mac_muladd_16s_10ns_12ns_26_4_1_U111/bd_41e7_vsc_0_mac_muladd_16s_10ns_12ns_26_4_1_DSP48_0_U/p_reg_reg.
DSP Report: operator grp_vscale_core_polyphase_Pipeline_loop_width_for_procpix_fu_247/mac_muladd_16s_10ns_12ns_26_4_1_U111/bd_41e7_vsc_0_mac_muladd_16s_10ns_12ns_26_4_1_DSP48_0_U/p is absorbed into DSP grp_vscale_core_polyphase_Pipeline_loop_width_for_procpix_fu_247/mac_muladd_16s_10ns_12ns_26_4_1_U111/bd_41e7_vsc_0_mac_muladd_16s_10ns_12ns_26_4_1_DSP48_0_U/p_reg_reg.
DSP Report: operator grp_vscale_core_polyphase_Pipeline_loop_width_for_procpix_fu_247/mac_muladd_16s_10ns_12ns_26_4_1_U111/bd_41e7_vsc_0_mac_muladd_16s_10ns_12ns_26_4_1_DSP48_0_U/m is absorbed into DSP grp_vscale_core_polyphase_Pipeline_loop_width_for_procpix_fu_247/mac_muladd_16s_10ns_12ns_26_4_1_U111/bd_41e7_vsc_0_mac_muladd_16s_10ns_12ns_26_4_1_DSP48_0_U/p_reg_reg.
DSP Report: Generating DSP grp_vscale_core_polyphase_Pipeline_loop_width_for_procpix_fu_247/mac_muladd_16s_10ns_26s_27_4_1_U114/bd_41e7_vsc_0_mac_muladd_16s_10ns_26s_27_4_1_DSP48_1_U/p_reg_reg, operation Mode is: (C+(A''*B'')')'.
DSP Report: register grp_vscale_core_polyphase_Pipeline_loop_width_for_procpix_fu_247/mac_muladd_16s_10ns_26s_27_4_1_U114/bd_41e7_vsc_0_mac_muladd_16s_10ns_26s_27_4_1_DSP48_1_U/p_reg_reg is absorbed into DSP grp_vscale_core_polyphase_Pipeline_loop_width_for_procpix_fu_247/mac_muladd_16s_10ns_26s_27_4_1_U114/bd_41e7_vsc_0_mac_muladd_16s_10ns_26s_27_4_1_DSP48_1_U/p_reg_reg.
DSP Report: register grp_vscale_core_polyphase_Pipeline_loop_width_for_procpix_fu_247/mac_muladd_16s_10ns_26s_27_4_1_U114/bd_41e7_vsc_0_mac_muladd_16s_10ns_26s_27_4_1_DSP48_1_U/p_reg_reg is absorbed into DSP grp_vscale_core_polyphase_Pipeline_loop_width_for_procpix_fu_247/mac_muladd_16s_10ns_26s_27_4_1_U114/bd_41e7_vsc_0_mac_muladd_16s_10ns_26s_27_4_1_DSP48_1_U/p_reg_reg.
DSP Report: register grp_vscale_core_polyphase_Pipeline_loop_width_for_procpix_fu_247/mac_muladd_16s_10ns_26s_27_4_1_U114/bd_41e7_vsc_0_mac_muladd_16s_10ns_26s_27_4_1_DSP48_1_U/p_reg_reg is absorbed into DSP grp_vscale_core_polyphase_Pipeline_loop_width_for_procpix_fu_247/mac_muladd_16s_10ns_26s_27_4_1_U114/bd_41e7_vsc_0_mac_muladd_16s_10ns_26s_27_4_1_DSP48_1_U/p_reg_reg.
DSP Report: register grp_vscale_core_polyphase_Pipeline_loop_width_for_procpix_fu_247/mac_muladd_16s_10ns_26s_27_4_1_U114/bd_41e7_vsc_0_mac_muladd_16s_10ns_26s_27_4_1_DSP48_1_U/p_reg_reg is absorbed into DSP grp_vscale_core_polyphase_Pipeline_loop_width_for_procpix_fu_247/mac_muladd_16s_10ns_26s_27_4_1_U114/bd_41e7_vsc_0_mac_muladd_16s_10ns_26s_27_4_1_DSP48_1_U/p_reg_reg.
DSP Report: register grp_vscale_core_polyphase_Pipeline_loop_width_for_procpix_fu_247/mac_muladd_16s_10ns_26s_27_4_1_U114/bd_41e7_vsc_0_mac_muladd_16s_10ns_26s_27_4_1_DSP48_1_U/p_reg_reg is absorbed into DSP grp_vscale_core_polyphase_Pipeline_loop_width_for_procpix_fu_247/mac_muladd_16s_10ns_26s_27_4_1_U114/bd_41e7_vsc_0_mac_muladd_16s_10ns_26s_27_4_1_DSP48_1_U/p_reg_reg.
DSP Report: register grp_vscale_core_polyphase_Pipeline_loop_width_for_procpix_fu_247/mac_muladd_16s_10ns_26s_27_4_1_U114/bd_41e7_vsc_0_mac_muladd_16s_10ns_26s_27_4_1_DSP48_1_U/m_reg_reg is absorbed into DSP grp_vscale_core_polyphase_Pipeline_loop_width_for_procpix_fu_247/mac_muladd_16s_10ns_26s_27_4_1_U114/bd_41e7_vsc_0_mac_muladd_16s_10ns_26s_27_4_1_DSP48_1_U/p_reg_reg.
DSP Report: operator grp_vscale_core_polyphase_Pipeline_loop_width_for_procpix_fu_247/mac_muladd_16s_10ns_26s_27_4_1_U114/bd_41e7_vsc_0_mac_muladd_16s_10ns_26s_27_4_1_DSP48_1_U/p is absorbed into DSP grp_vscale_core_polyphase_Pipeline_loop_width_for_procpix_fu_247/mac_muladd_16s_10ns_26s_27_4_1_U114/bd_41e7_vsc_0_mac_muladd_16s_10ns_26s_27_4_1_DSP48_1_U/p_reg_reg.
DSP Report: operator grp_vscale_core_polyphase_Pipeline_loop_width_for_procpix_fu_247/mac_muladd_16s_10ns_26s_27_4_1_U114/bd_41e7_vsc_0_mac_muladd_16s_10ns_26s_27_4_1_DSP48_1_U/m is absorbed into DSP grp_vscale_core_polyphase_Pipeline_loop_width_for_procpix_fu_247/mac_muladd_16s_10ns_26s_27_4_1_U114/bd_41e7_vsc_0_mac_muladd_16s_10ns_26s_27_4_1_DSP48_1_U/p_reg_reg.
DSP Report: Generating DSP grp_vscale_core_polyphase_Pipeline_loop_width_for_procpix_fu_247/mac_muladd_16s_10ns_27s_28_4_1_U117/bd_41e7_vsc_0_mac_muladd_16s_10ns_27s_28_4_1_DSP48_2_U/p_reg_reg, operation Mode is: (C+(A''*B'')')'.
DSP Report: register grp_vscale_core_polyphase_Pipeline_loop_width_for_procpix_fu_247/mac_muladd_16s_10ns_27s_28_4_1_U117/bd_41e7_vsc_0_mac_muladd_16s_10ns_27s_28_4_1_DSP48_2_U/p_reg_reg is absorbed into DSP grp_vscale_core_polyphase_Pipeline_loop_width_for_procpix_fu_247/mac_muladd_16s_10ns_27s_28_4_1_U117/bd_41e7_vsc_0_mac_muladd_16s_10ns_27s_28_4_1_DSP48_2_U/p_reg_reg.
DSP Report: register grp_vscale_core_polyphase_Pipeline_loop_width_for_procpix_fu_247/mac_muladd_16s_10ns_27s_28_4_1_U117/bd_41e7_vsc_0_mac_muladd_16s_10ns_27s_28_4_1_DSP48_2_U/p_reg_reg is absorbed into DSP grp_vscale_core_polyphase_Pipeline_loop_width_for_procpix_fu_247/mac_muladd_16s_10ns_27s_28_4_1_U117/bd_41e7_vsc_0_mac_muladd_16s_10ns_27s_28_4_1_DSP48_2_U/p_reg_reg.
DSP Report: register grp_vscale_core_polyphase_Pipeline_loop_width_for_procpix_fu_247/mac_muladd_16s_10ns_27s_28_4_1_U117/bd_41e7_vsc_0_mac_muladd_16s_10ns_27s_28_4_1_DSP48_2_U/p_reg_reg is absorbed into DSP grp_vscale_core_polyphase_Pipeline_loop_width_for_procpix_fu_247/mac_muladd_16s_10ns_27s_28_4_1_U117/bd_41e7_vsc_0_mac_muladd_16s_10ns_27s_28_4_1_DSP48_2_U/p_reg_reg.
DSP Report: register grp_vscale_core_polyphase_Pipeline_loop_width_for_procpix_fu_247/mac_muladd_16s_10ns_27s_28_4_1_U117/bd_41e7_vsc_0_mac_muladd_16s_10ns_27s_28_4_1_DSP48_2_U/p_reg_reg is absorbed into DSP grp_vscale_core_polyphase_Pipeline_loop_width_for_procpix_fu_247/mac_muladd_16s_10ns_27s_28_4_1_U117/bd_41e7_vsc_0_mac_muladd_16s_10ns_27s_28_4_1_DSP48_2_U/p_reg_reg.
DSP Report: register grp_vscale_core_polyphase_Pipeline_loop_width_for_procpix_fu_247/mac_muladd_16s_10ns_27s_28_4_1_U117/bd_41e7_vsc_0_mac_muladd_16s_10ns_27s_28_4_1_DSP48_2_U/p_reg_reg is absorbed into DSP grp_vscale_core_polyphase_Pipeline_loop_width_for_procpix_fu_247/mac_muladd_16s_10ns_27s_28_4_1_U117/bd_41e7_vsc_0_mac_muladd_16s_10ns_27s_28_4_1_DSP48_2_U/p_reg_reg.
DSP Report: register grp_vscale_core_polyphase_Pipeline_loop_width_for_procpix_fu_247/mac_muladd_16s_10ns_27s_28_4_1_U117/bd_41e7_vsc_0_mac_muladd_16s_10ns_27s_28_4_1_DSP48_2_U/m_reg_reg is absorbed into DSP grp_vscale_core_polyphase_Pipeline_loop_width_for_procpix_fu_247/mac_muladd_16s_10ns_27s_28_4_1_U117/bd_41e7_vsc_0_mac_muladd_16s_10ns_27s_28_4_1_DSP48_2_U/p_reg_reg.
DSP Report: operator grp_vscale_core_polyphase_Pipeline_loop_width_for_procpix_fu_247/mac_muladd_16s_10ns_27s_28_4_1_U117/bd_41e7_vsc_0_mac_muladd_16s_10ns_27s_28_4_1_DSP48_2_U/p is absorbed into DSP grp_vscale_core_polyphase_Pipeline_loop_width_for_procpix_fu_247/mac_muladd_16s_10ns_27s_28_4_1_U117/bd_41e7_vsc_0_mac_muladd_16s_10ns_27s_28_4_1_DSP48_2_U/p_reg_reg.
DSP Report: operator grp_vscale_core_polyphase_Pipeline_loop_width_for_procpix_fu_247/mac_muladd_16s_10ns_27s_28_4_1_U117/bd_41e7_vsc_0_mac_muladd_16s_10ns_27s_28_4_1_DSP48_2_U/m is absorbed into DSP grp_vscale_core_polyphase_Pipeline_loop_width_for_procpix_fu_247/mac_muladd_16s_10ns_27s_28_4_1_U117/bd_41e7_vsc_0_mac_muladd_16s_10ns_27s_28_4_1_DSP48_2_U/p_reg_reg.
DSP Report: Generating DSP grp_vscale_core_polyphase_Pipeline_loop_width_for_procpix_fu_247/mac_muladd_16s_10ns_28s_28_4_1_U120/bd_41e7_vsc_0_mac_muladd_16s_10ns_28s_28_4_1_DSP48_3_U/p_reg_reg, operation Mode is: (PCIN+(A''*B'')')'.
DSP Report: register grp_vscale_core_polyphase_Pipeline_loop_width_for_procpix_fu_247/mac_muladd_16s_10ns_28s_28_4_1_U120/bd_41e7_vsc_0_mac_muladd_16s_10ns_28s_28_4_1_DSP48_3_U/p_reg_reg is absorbed into DSP grp_vscale_core_polyphase_Pipeline_loop_width_for_procpix_fu_247/mac_muladd_16s_10ns_28s_28_4_1_U120/bd_41e7_vsc_0_mac_muladd_16s_10ns_28s_28_4_1_DSP48_3_U/p_reg_reg.
DSP Report: register grp_vscale_core_polyphase_Pipeline_loop_width_for_procpix_fu_247/mac_muladd_16s_10ns_28s_28_4_1_U120/bd_41e7_vsc_0_mac_muladd_16s_10ns_28s_28_4_1_DSP48_3_U/p_reg_reg is absorbed into DSP grp_vscale_core_polyphase_Pipeline_loop_width_for_procpix_fu_247/mac_muladd_16s_10ns_28s_28_4_1_U120/bd_41e7_vsc_0_mac_muladd_16s_10ns_28s_28_4_1_DSP48_3_U/p_reg_reg.
DSP Report: register grp_vscale_core_polyphase_Pipeline_loop_width_for_procpix_fu_247/mac_muladd_16s_10ns_28s_28_4_1_U120/bd_41e7_vsc_0_mac_muladd_16s_10ns_28s_28_4_1_DSP48_3_U/p_reg_reg is absorbed into DSP grp_vscale_core_polyphase_Pipeline_loop_width_for_procpix_fu_247/mac_muladd_16s_10ns_28s_28_4_1_U120/bd_41e7_vsc_0_mac_muladd_16s_10ns_28s_28_4_1_DSP48_3_U/p_reg_reg.
DSP Report: register grp_vscale_core_polyphase_Pipeline_loop_width_for_procpix_fu_247/mac_muladd_16s_10ns_28s_28_4_1_U120/bd_41e7_vsc_0_mac_muladd_16s_10ns_28s_28_4_1_DSP48_3_U/p_reg_reg is absorbed into DSP grp_vscale_core_polyphase_Pipeline_loop_width_for_procpix_fu_247/mac_muladd_16s_10ns_28s_28_4_1_U120/bd_41e7_vsc_0_mac_muladd_16s_10ns_28s_28_4_1_DSP48_3_U/p_reg_reg.
DSP Report: register grp_vscale_core_polyphase_Pipeline_loop_width_for_procpix_fu_247/mac_muladd_16s_10ns_28s_28_4_1_U120/bd_41e7_vsc_0_mac_muladd_16s_10ns_28s_28_4_1_DSP48_3_U/p_reg_reg is absorbed into DSP grp_vscale_core_polyphase_Pipeline_loop_width_for_procpix_fu_247/mac_muladd_16s_10ns_28s_28_4_1_U120/bd_41e7_vsc_0_mac_muladd_16s_10ns_28s_28_4_1_DSP48_3_U/p_reg_reg.
DSP Report: register grp_vscale_core_polyphase_Pipeline_loop_width_for_procpix_fu_247/mac_muladd_16s_10ns_28s_28_4_1_U120/bd_41e7_vsc_0_mac_muladd_16s_10ns_28s_28_4_1_DSP48_3_U/m_reg_reg is absorbed into DSP grp_vscale_core_polyphase_Pipeline_loop_width_for_procpix_fu_247/mac_muladd_16s_10ns_28s_28_4_1_U120/bd_41e7_vsc_0_mac_muladd_16s_10ns_28s_28_4_1_DSP48_3_U/p_reg_reg.
DSP Report: operator grp_vscale_core_polyphase_Pipeline_loop_width_for_procpix_fu_247/mac_muladd_16s_10ns_28s_28_4_1_U120/bd_41e7_vsc_0_mac_muladd_16s_10ns_28s_28_4_1_DSP48_3_U/p is absorbed into DSP grp_vscale_core_polyphase_Pipeline_loop_width_for_procpix_fu_247/mac_muladd_16s_10ns_28s_28_4_1_U120/bd_41e7_vsc_0_mac_muladd_16s_10ns_28s_28_4_1_DSP48_3_U/p_reg_reg.
DSP Report: operator grp_vscale_core_polyphase_Pipeline_loop_width_for_procpix_fu_247/mac_muladd_16s_10ns_28s_28_4_1_U120/bd_41e7_vsc_0_mac_muladd_16s_10ns_28s_28_4_1_DSP48_3_U/m is absorbed into DSP grp_vscale_core_polyphase_Pipeline_loop_width_for_procpix_fu_247/mac_muladd_16s_10ns_28s_28_4_1_U120/bd_41e7_vsc_0_mac_muladd_16s_10ns_28s_28_4_1_DSP48_3_U/p_reg_reg.
DSP Report: Generating DSP grp_vscale_core_polyphase_Pipeline_loop_width_for_procpix_fu_247/mac_muladd_16s_10ns_28s_29_4_1_U123/bd_41e7_vsc_0_mac_muladd_16s_10ns_28s_29_4_1_DSP48_4_U/p_reg_reg, operation Mode is: (C+(A''*B'')')'.
DSP Report: register grp_vscale_core_polyphase_Pipeline_loop_width_for_procpix_fu_247/mac_muladd_16s_10ns_28s_29_4_1_U123/bd_41e7_vsc_0_mac_muladd_16s_10ns_28s_29_4_1_DSP48_4_U/p_reg_reg is absorbed into DSP grp_vscale_core_polyphase_Pipeline_loop_width_for_procpix_fu_247/mac_muladd_16s_10ns_28s_29_4_1_U123/bd_41e7_vsc_0_mac_muladd_16s_10ns_28s_29_4_1_DSP48_4_U/p_reg_reg.
DSP Report: register grp_vscale_core_polyphase_Pipeline_loop_width_for_procpix_fu_247/mac_muladd_16s_10ns_28s_29_4_1_U123/bd_41e7_vsc_0_mac_muladd_16s_10ns_28s_29_4_1_DSP48_4_U/p_reg_reg is absorbed into DSP grp_vscale_core_polyphase_Pipeline_loop_width_for_procpix_fu_247/mac_muladd_16s_10ns_28s_29_4_1_U123/bd_41e7_vsc_0_mac_muladd_16s_10ns_28s_29_4_1_DSP48_4_U/p_reg_reg.
DSP Report: register grp_vscale_core_polyphase_Pipeline_loop_width_for_procpix_fu_247/mac_muladd_16s_10ns_28s_29_4_1_U123/bd_41e7_vsc_0_mac_muladd_16s_10ns_28s_29_4_1_DSP48_4_U/p_reg_reg is absorbed into DSP grp_vscale_core_polyphase_Pipeline_loop_width_for_procpix_fu_247/mac_muladd_16s_10ns_28s_29_4_1_U123/bd_41e7_vsc_0_mac_muladd_16s_10ns_28s_29_4_1_DSP48_4_U/p_reg_reg.
DSP Report: register grp_vscale_core_polyphase_Pipeline_loop_width_for_procpix_fu_247/mac_muladd_16s_10ns_28s_29_4_1_U123/bd_41e7_vsc_0_mac_muladd_16s_10ns_28s_29_4_1_DSP48_4_U/p_reg_reg is absorbed into DSP grp_vscale_core_polyphase_Pipeline_loop_width_for_procpix_fu_247/mac_muladd_16s_10ns_28s_29_4_1_U123/bd_41e7_vsc_0_mac_muladd_16s_10ns_28s_29_4_1_DSP48_4_U/p_reg_reg.
DSP Report: register grp_vscale_core_polyphase_Pipeline_loop_width_for_procpix_fu_247/mac_muladd_16s_10ns_28s_29_4_1_U123/bd_41e7_vsc_0_mac_muladd_16s_10ns_28s_29_4_1_DSP48_4_U/p_reg_reg is absorbed into DSP grp_vscale_core_polyphase_Pipeline_loop_width_for_procpix_fu_247/mac_muladd_16s_10ns_28s_29_4_1_U123/bd_41e7_vsc_0_mac_muladd_16s_10ns_28s_29_4_1_DSP48_4_U/p_reg_reg.
DSP Report: register grp_vscale_core_polyphase_Pipeline_loop_width_for_procpix_fu_247/mac_muladd_16s_10ns_28s_29_4_1_U123/bd_41e7_vsc_0_mac_muladd_16s_10ns_28s_29_4_1_DSP48_4_U/m_reg_reg is absorbed into DSP grp_vscale_core_polyphase_Pipeline_loop_width_for_procpix_fu_247/mac_muladd_16s_10ns_28s_29_4_1_U123/bd_41e7_vsc_0_mac_muladd_16s_10ns_28s_29_4_1_DSP48_4_U/p_reg_reg.
DSP Report: operator grp_vscale_core_polyphase_Pipeline_loop_width_for_procpix_fu_247/mac_muladd_16s_10ns_28s_29_4_1_U123/bd_41e7_vsc_0_mac_muladd_16s_10ns_28s_29_4_1_DSP48_4_U/p is absorbed into DSP grp_vscale_core_polyphase_Pipeline_loop_width_for_procpix_fu_247/mac_muladd_16s_10ns_28s_29_4_1_U123/bd_41e7_vsc_0_mac_muladd_16s_10ns_28s_29_4_1_DSP48_4_U/p_reg_reg.
DSP Report: operator grp_vscale_core_polyphase_Pipeline_loop_width_for_procpix_fu_247/mac_muladd_16s_10ns_28s_29_4_1_U123/bd_41e7_vsc_0_mac_muladd_16s_10ns_28s_29_4_1_DSP48_4_U/m is absorbed into DSP grp_vscale_core_polyphase_Pipeline_loop_width_for_procpix_fu_247/mac_muladd_16s_10ns_28s_29_4_1_U123/bd_41e7_vsc_0_mac_muladd_16s_10ns_28s_29_4_1_DSP48_4_U/p_reg_reg.
DSP Report: Generating DSP grp_vscale_core_polyphase_Pipeline_loop_width_for_procpix_fu_247/mac_muladd_16s_10ns_29s_29_4_1_U126/bd_41e7_vsc_0_mac_muladd_16s_10ns_29s_29_4_1_DSP48_5_U/p_reg_reg, operation Mode is: (PCIN+(A''*B'')')'.
DSP Report: register grp_vscale_core_polyphase_Pipeline_loop_width_for_procpix_fu_247/mac_muladd_16s_10ns_29s_29_4_1_U126/bd_41e7_vsc_0_mac_muladd_16s_10ns_29s_29_4_1_DSP48_5_U/p_reg_reg is absorbed into DSP grp_vscale_core_polyphase_Pipeline_loop_width_for_procpix_fu_247/mac_muladd_16s_10ns_29s_29_4_1_U126/bd_41e7_vsc_0_mac_muladd_16s_10ns_29s_29_4_1_DSP48_5_U/p_reg_reg.
DSP Report: register grp_vscale_core_polyphase_Pipeline_loop_width_for_procpix_fu_247/mac_muladd_16s_10ns_29s_29_4_1_U126/bd_41e7_vsc_0_mac_muladd_16s_10ns_29s_29_4_1_DSP48_5_U/p_reg_reg is absorbed into DSP grp_vscale_core_polyphase_Pipeline_loop_width_for_procpix_fu_247/mac_muladd_16s_10ns_29s_29_4_1_U126/bd_41e7_vsc_0_mac_muladd_16s_10ns_29s_29_4_1_DSP48_5_U/p_reg_reg.
DSP Report: register grp_vscale_core_polyphase_Pipeline_loop_width_for_procpix_fu_247/mac_muladd_16s_10ns_29s_29_4_1_U126/bd_41e7_vsc_0_mac_muladd_16s_10ns_29s_29_4_1_DSP48_5_U/p_reg_reg is absorbed into DSP grp_vscale_core_polyphase_Pipeline_loop_width_for_procpix_fu_247/mac_muladd_16s_10ns_29s_29_4_1_U126/bd_41e7_vsc_0_mac_muladd_16s_10ns_29s_29_4_1_DSP48_5_U/p_reg_reg.
DSP Report: register grp_vscale_core_polyphase_Pipeline_loop_width_for_procpix_fu_247/mac_muladd_16s_10ns_29s_29_4_1_U126/bd_41e7_vsc_0_mac_muladd_16s_10ns_29s_29_4_1_DSP48_5_U/p_reg_reg is absorbed into DSP grp_vscale_core_polyphase_Pipeline_loop_width_for_procpix_fu_247/mac_muladd_16s_10ns_29s_29_4_1_U126/bd_41e7_vsc_0_mac_muladd_16s_10ns_29s_29_4_1_DSP48_5_U/p_reg_reg.
DSP Report: register grp_vscale_core_polyphase_Pipeline_loop_width_for_procpix_fu_247/mac_muladd_16s_10ns_29s_29_4_1_U126/bd_41e7_vsc_0_mac_muladd_16s_10ns_29s_29_4_1_DSP48_5_U/p_reg_reg is absorbed into DSP grp_vscale_core_polyphase_Pipeline_loop_width_for_procpix_fu_247/mac_muladd_16s_10ns_29s_29_4_1_U126/bd_41e7_vsc_0_mac_muladd_16s_10ns_29s_29_4_1_DSP48_5_U/p_reg_reg.
DSP Report: register grp_vscale_core_polyphase_Pipeline_loop_width_for_procpix_fu_247/mac_muladd_16s_10ns_29s_29_4_1_U126/bd_41e7_vsc_0_mac_muladd_16s_10ns_29s_29_4_1_DSP48_5_U/m_reg_reg is absorbed into DSP grp_vscale_core_polyphase_Pipeline_loop_width_for_procpix_fu_247/mac_muladd_16s_10ns_29s_29_4_1_U126/bd_41e7_vsc_0_mac_muladd_16s_10ns_29s_29_4_1_DSP48_5_U/p_reg_reg.
DSP Report: operator grp_vscale_core_polyphase_Pipeline_loop_width_for_procpix_fu_247/mac_muladd_16s_10ns_29s_29_4_1_U126/bd_41e7_vsc_0_mac_muladd_16s_10ns_29s_29_4_1_DSP48_5_U/p is absorbed into DSP grp_vscale_core_polyphase_Pipeline_loop_width_for_procpix_fu_247/mac_muladd_16s_10ns_29s_29_4_1_U126/bd_41e7_vsc_0_mac_muladd_16s_10ns_29s_29_4_1_DSP48_5_U/p_reg_reg.
DSP Report: operator grp_vscale_core_polyphase_Pipeline_loop_width_for_procpix_fu_247/mac_muladd_16s_10ns_29s_29_4_1_U126/bd_41e7_vsc_0_mac_muladd_16s_10ns_29s_29_4_1_DSP48_5_U/m is absorbed into DSP grp_vscale_core_polyphase_Pipeline_loop_width_for_procpix_fu_247/mac_muladd_16s_10ns_29s_29_4_1_U126/bd_41e7_vsc_0_mac_muladd_16s_10ns_29s_29_4_1_DSP48_5_U/p_reg_reg.
DSP Report: Generating DSP grp_vscale_core_polyphase_Pipeline_loop_width_for_procpix_fu_247/mac_muladd_16s_10ns_12ns_26_4_1_U112/bd_41e7_vsc_0_mac_muladd_16s_10ns_12ns_26_4_1_DSP48_0_U/p_reg_reg, operation Mode is: (C:0x800)+(A2*B'')'.
DSP Report: register grp_vscale_core_polyphase_Pipeline_loop_width_for_procpix_fu_247/mac_muladd_16s_10ns_12ns_26_4_1_U112/bd_41e7_vsc_0_mac_muladd_16s_10ns_12ns_26_4_1_DSP48_0_U/p_reg_reg is absorbed into DSP grp_vscale_core_polyphase_Pipeline_loop_width_for_procpix_fu_247/mac_muladd_16s_10ns_12ns_26_4_1_U112/bd_41e7_vsc_0_mac_muladd_16s_10ns_12ns_26_4_1_DSP48_0_U/p_reg_reg.
DSP Report: register grp_vscale_core_polyphase_Pipeline_loop_width_for_procpix_fu_247/mac_muladd_16s_10ns_12ns_26_4_1_U112/bd_41e7_vsc_0_mac_muladd_16s_10ns_12ns_26_4_1_DSP48_0_U/p_reg_reg is absorbed into DSP grp_vscale_core_polyphase_Pipeline_loop_width_for_procpix_fu_247/mac_muladd_16s_10ns_12ns_26_4_1_U112/bd_41e7_vsc_0_mac_muladd_16s_10ns_12ns_26_4_1_DSP48_0_U/p_reg_reg.
DSP Report: register grp_vscale_core_polyphase_Pipeline_loop_width_for_procpix_fu_247/mac_muladd_16s_10ns_12ns_26_4_1_U112/bd_41e7_vsc_0_mac_muladd_16s_10ns_12ns_26_4_1_DSP48_0_U/p_reg_reg is absorbed into DSP grp_vscale_core_polyphase_Pipeline_loop_width_for_procpix_fu_247/mac_muladd_16s_10ns_12ns_26_4_1_U112/bd_41e7_vsc_0_mac_muladd_16s_10ns_12ns_26_4_1_DSP48_0_U/p_reg_reg.
DSP Report: register grp_vscale_core_polyphase_Pipeline_loop_width_for_procpix_fu_247/mac_muladd_16s_10ns_12ns_26_4_1_U112/bd_41e7_vsc_0_mac_muladd_16s_10ns_12ns_26_4_1_DSP48_0_U/p_reg_reg is absorbed into DSP grp_vscale_core_polyphase_Pipeline_loop_width_for_procpix_fu_247/mac_muladd_16s_10ns_12ns_26_4_1_U112/bd_41e7_vsc_0_mac_muladd_16s_10ns_12ns_26_4_1_DSP48_0_U/p_reg_reg.
DSP Report: register grp_vscale_core_polyphase_Pipeline_loop_width_for_procpix_fu_247/mac_muladd_16s_10ns_12ns_26_4_1_U112/bd_41e7_vsc_0_mac_muladd_16s_10ns_12ns_26_4_1_DSP48_0_U/m_reg_reg is absorbed into DSP grp_vscale_core_polyphase_Pipeline_loop_width_for_procpix_fu_247/mac_muladd_16s_10ns_12ns_26_4_1_U112/bd_41e7_vsc_0_mac_muladd_16s_10ns_12ns_26_4_1_DSP48_0_U/p_reg_reg.
DSP Report: operator grp_vscale_core_polyphase_Pipeline_loop_width_for_procpix_fu_247/mac_muladd_16s_10ns_12ns_26_4_1_U112/bd_41e7_vsc_0_mac_muladd_16s_10ns_12ns_26_4_1_DSP48_0_U/p is absorbed into DSP grp_vscale_core_polyphase_Pipeline_loop_width_for_procpix_fu_247/mac_muladd_16s_10ns_12ns_26_4_1_U112/bd_41e7_vsc_0_mac_muladd_16s_10ns_12ns_26_4_1_DSP48_0_U/p_reg_reg.
DSP Report: operator grp_vscale_core_polyphase_Pipeline_loop_width_for_procpix_fu_247/mac_muladd_16s_10ns_12ns_26_4_1_U112/bd_41e7_vsc_0_mac_muladd_16s_10ns_12ns_26_4_1_DSP48_0_U/m is absorbed into DSP grp_vscale_core_polyphase_Pipeline_loop_width_for_procpix_fu_247/mac_muladd_16s_10ns_12ns_26_4_1_U112/bd_41e7_vsc_0_mac_muladd_16s_10ns_12ns_26_4_1_DSP48_0_U/p_reg_reg.
DSP Report: Generating DSP grp_vscale_core_polyphase_Pipeline_loop_width_for_procpix_fu_247/mac_muladd_16s_10ns_26s_27_4_1_U115/bd_41e7_vsc_0_mac_muladd_16s_10ns_26s_27_4_1_DSP48_1_U/p_reg_reg, operation Mode is: (C+(A''*B'')')'.
DSP Report: register grp_vscale_core_polyphase_Pipeline_loop_width_for_procpix_fu_247/mac_muladd_16s_10ns_26s_27_4_1_U115/bd_41e7_vsc_0_mac_muladd_16s_10ns_26s_27_4_1_DSP48_1_U/p_reg_reg is absorbed into DSP grp_vscale_core_polyphase_Pipeline_loop_width_for_procpix_fu_247/mac_muladd_16s_10ns_26s_27_4_1_U115/bd_41e7_vsc_0_mac_muladd_16s_10ns_26s_27_4_1_DSP48_1_U/p_reg_reg.
DSP Report: register grp_vscale_core_polyphase_Pipeline_loop_width_for_procpix_fu_247/mac_muladd_16s_10ns_26s_27_4_1_U115/bd_41e7_vsc_0_mac_muladd_16s_10ns_26s_27_4_1_DSP48_1_U/p_reg_reg is absorbed into DSP grp_vscale_core_polyphase_Pipeline_loop_width_for_procpix_fu_247/mac_muladd_16s_10ns_26s_27_4_1_U115/bd_41e7_vsc_0_mac_muladd_16s_10ns_26s_27_4_1_DSP48_1_U/p_reg_reg.
DSP Report: register grp_vscale_core_polyphase_Pipeline_loop_width_for_procpix_fu_247/mac_muladd_16s_10ns_26s_27_4_1_U115/bd_41e7_vsc_0_mac_muladd_16s_10ns_26s_27_4_1_DSP48_1_U/p_reg_reg is absorbed into DSP grp_vscale_core_polyphase_Pipeline_loop_width_for_procpix_fu_247/mac_muladd_16s_10ns_26s_27_4_1_U115/bd_41e7_vsc_0_mac_muladd_16s_10ns_26s_27_4_1_DSP48_1_U/p_reg_reg.
DSP Report: register grp_vscale_core_polyphase_Pipeline_loop_width_for_procpix_fu_247/mac_muladd_16s_10ns_26s_27_4_1_U115/bd_41e7_vsc_0_mac_muladd_16s_10ns_26s_27_4_1_DSP48_1_U/p_reg_reg is absorbed into DSP grp_vscale_core_polyphase_Pipeline_loop_width_for_procpix_fu_247/mac_muladd_16s_10ns_26s_27_4_1_U115/bd_41e7_vsc_0_mac_muladd_16s_10ns_26s_27_4_1_DSP48_1_U/p_reg_reg.
DSP Report: register grp_vscale_core_polyphase_Pipeline_loop_width_for_procpix_fu_247/mac_muladd_16s_10ns_26s_27_4_1_U115/bd_41e7_vsc_0_mac_muladd_16s_10ns_26s_27_4_1_DSP48_1_U/p_reg_reg is absorbed into DSP grp_vscale_core_polyphase_Pipeline_loop_width_for_procpix_fu_247/mac_muladd_16s_10ns_26s_27_4_1_U115/bd_41e7_vsc_0_mac_muladd_16s_10ns_26s_27_4_1_DSP48_1_U/p_reg_reg.
DSP Report: register grp_vscale_core_polyphase_Pipeline_loop_width_for_procpix_fu_247/mac_muladd_16s_10ns_26s_27_4_1_U115/bd_41e7_vsc_0_mac_muladd_16s_10ns_26s_27_4_1_DSP48_1_U/m_reg_reg is absorbed into DSP grp_vscale_core_polyphase_Pipeline_loop_width_for_procpix_fu_247/mac_muladd_16s_10ns_26s_27_4_1_U115/bd_41e7_vsc_0_mac_muladd_16s_10ns_26s_27_4_1_DSP48_1_U/p_reg_reg.
DSP Report: operator grp_vscale_core_polyphase_Pipeline_loop_width_for_procpix_fu_247/mac_muladd_16s_10ns_26s_27_4_1_U115/bd_41e7_vsc_0_mac_muladd_16s_10ns_26s_27_4_1_DSP48_1_U/p is absorbed into DSP grp_vscale_core_polyphase_Pipeline_loop_width_for_procpix_fu_247/mac_muladd_16s_10ns_26s_27_4_1_U115/bd_41e7_vsc_0_mac_muladd_16s_10ns_26s_27_4_1_DSP48_1_U/p_reg_reg.
DSP Report: operator grp_vscale_core_polyphase_Pipeline_loop_width_for_procpix_fu_247/mac_muladd_16s_10ns_26s_27_4_1_U115/bd_41e7_vsc_0_mac_muladd_16s_10ns_26s_27_4_1_DSP48_1_U/m is absorbed into DSP grp_vscale_core_polyphase_Pipeline_loop_width_for_procpix_fu_247/mac_muladd_16s_10ns_26s_27_4_1_U115/bd_41e7_vsc_0_mac_muladd_16s_10ns_26s_27_4_1_DSP48_1_U/p_reg_reg.
DSP Report: Generating DSP grp_vscale_core_polyphase_Pipeline_loop_width_for_procpix_fu_247/mac_muladd_16s_10ns_27s_28_4_1_U118/bd_41e7_vsc_0_mac_muladd_16s_10ns_27s_28_4_1_DSP48_2_U/p_reg_reg, operation Mode is: (C+(A''*B'')')'.
DSP Report: register grp_vscale_core_polyphase_Pipeline_loop_width_for_procpix_fu_247/mac_muladd_16s_10ns_27s_28_4_1_U118/bd_41e7_vsc_0_mac_muladd_16s_10ns_27s_28_4_1_DSP48_2_U/p_reg_reg is absorbed into DSP grp_vscale_core_polyphase_Pipeline_loop_width_for_procpix_fu_247/mac_muladd_16s_10ns_27s_28_4_1_U118/bd_41e7_vsc_0_mac_muladd_16s_10ns_27s_28_4_1_DSP48_2_U/p_reg_reg.
DSP Report: register grp_vscale_core_polyphase_Pipeline_loop_width_for_procpix_fu_247/mac_muladd_16s_10ns_27s_28_4_1_U118/bd_41e7_vsc_0_mac_muladd_16s_10ns_27s_28_4_1_DSP48_2_U/p_reg_reg is absorbed into DSP grp_vscale_core_polyphase_Pipeline_loop_width_for_procpix_fu_247/mac_muladd_16s_10ns_27s_28_4_1_U118/bd_41e7_vsc_0_mac_muladd_16s_10ns_27s_28_4_1_DSP48_2_U/p_reg_reg.
DSP Report: register grp_vscale_core_polyphase_Pipeline_loop_width_for_procpix_fu_247/mac_muladd_16s_10ns_27s_28_4_1_U118/bd_41e7_vsc_0_mac_muladd_16s_10ns_27s_28_4_1_DSP48_2_U/p_reg_reg is absorbed into DSP grp_vscale_core_polyphase_Pipeline_loop_width_for_procpix_fu_247/mac_muladd_16s_10ns_27s_28_4_1_U118/bd_41e7_vsc_0_mac_muladd_16s_10ns_27s_28_4_1_DSP48_2_U/p_reg_reg.
DSP Report: register grp_vscale_core_polyphase_Pipeline_loop_width_for_procpix_fu_247/mac_muladd_16s_10ns_27s_28_4_1_U118/bd_41e7_vsc_0_mac_muladd_16s_10ns_27s_28_4_1_DSP48_2_U/p_reg_reg is absorbed into DSP grp_vscale_core_polyphase_Pipeline_loop_width_for_procpix_fu_247/mac_muladd_16s_10ns_27s_28_4_1_U118/bd_41e7_vsc_0_mac_muladd_16s_10ns_27s_28_4_1_DSP48_2_U/p_reg_reg.
DSP Report: register grp_vscale_core_polyphase_Pipeline_loop_width_for_procpix_fu_247/mac_muladd_16s_10ns_27s_28_4_1_U118/bd_41e7_vsc_0_mac_muladd_16s_10ns_27s_28_4_1_DSP48_2_U/p_reg_reg is absorbed into DSP grp_vscale_core_polyphase_Pipeline_loop_width_for_procpix_fu_247/mac_muladd_16s_10ns_27s_28_4_1_U118/bd_41e7_vsc_0_mac_muladd_16s_10ns_27s_28_4_1_DSP48_2_U/p_reg_reg.
DSP Report: register grp_vscale_core_polyphase_Pipeline_loop_width_for_procpix_fu_247/mac_muladd_16s_10ns_27s_28_4_1_U118/bd_41e7_vsc_0_mac_muladd_16s_10ns_27s_28_4_1_DSP48_2_U/m_reg_reg is absorbed into DSP grp_vscale_core_polyphase_Pipeline_loop_width_for_procpix_fu_247/mac_muladd_16s_10ns_27s_28_4_1_U118/bd_41e7_vsc_0_mac_muladd_16s_10ns_27s_28_4_1_DSP48_2_U/p_reg_reg.
DSP Report: operator grp_vscale_core_polyphase_Pipeline_loop_width_for_procpix_fu_247/mac_muladd_16s_10ns_27s_28_4_1_U118/bd_41e7_vsc_0_mac_muladd_16s_10ns_27s_28_4_1_DSP48_2_U/p is absorbed into DSP grp_vscale_core_polyphase_Pipeline_loop_width_for_procpix_fu_247/mac_muladd_16s_10ns_27s_28_4_1_U118/bd_41e7_vsc_0_mac_muladd_16s_10ns_27s_28_4_1_DSP48_2_U/p_reg_reg.
DSP Report: operator grp_vscale_core_polyphase_Pipeline_loop_width_for_procpix_fu_247/mac_muladd_16s_10ns_27s_28_4_1_U118/bd_41e7_vsc_0_mac_muladd_16s_10ns_27s_28_4_1_DSP48_2_U/m is absorbed into DSP grp_vscale_core_polyphase_Pipeline_loop_width_for_procpix_fu_247/mac_muladd_16s_10ns_27s_28_4_1_U118/bd_41e7_vsc_0_mac_muladd_16s_10ns_27s_28_4_1_DSP48_2_U/p_reg_reg.
DSP Report: Generating DSP grp_vscale_core_polyphase_Pipeline_loop_width_for_procpix_fu_247/mac_muladd_16s_10ns_28s_28_4_1_U121/bd_41e7_vsc_0_mac_muladd_16s_10ns_28s_28_4_1_DSP48_3_U/p_reg_reg, operation Mode is: (PCIN+(A''*B'')')'.
DSP Report: register grp_vscale_core_polyphase_Pipeline_loop_width_for_procpix_fu_247/mac_muladd_16s_10ns_28s_28_4_1_U121/bd_41e7_vsc_0_mac_muladd_16s_10ns_28s_28_4_1_DSP48_3_U/p_reg_reg is absorbed into DSP grp_vscale_core_polyphase_Pipeline_loop_width_for_procpix_fu_247/mac_muladd_16s_10ns_28s_28_4_1_U121/bd_41e7_vsc_0_mac_muladd_16s_10ns_28s_28_4_1_DSP48_3_U/p_reg_reg.
DSP Report: register grp_vscale_core_polyphase_Pipeline_loop_width_for_procpix_fu_247/mac_muladd_16s_10ns_28s_28_4_1_U121/bd_41e7_vsc_0_mac_muladd_16s_10ns_28s_28_4_1_DSP48_3_U/p_reg_reg is absorbed into DSP grp_vscale_core_polyphase_Pipeline_loop_width_for_procpix_fu_247/mac_muladd_16s_10ns_28s_28_4_1_U121/bd_41e7_vsc_0_mac_muladd_16s_10ns_28s_28_4_1_DSP48_3_U/p_reg_reg.
DSP Report: register grp_vscale_core_polyphase_Pipeline_loop_width_for_procpix_fu_247/mac_muladd_16s_10ns_28s_28_4_1_U121/bd_41e7_vsc_0_mac_muladd_16s_10ns_28s_28_4_1_DSP48_3_U/p_reg_reg is absorbed into DSP grp_vscale_core_polyphase_Pipeline_loop_width_for_procpix_fu_247/mac_muladd_16s_10ns_28s_28_4_1_U121/bd_41e7_vsc_0_mac_muladd_16s_10ns_28s_28_4_1_DSP48_3_U/p_reg_reg.
DSP Report: register grp_vscale_core_polyphase_Pipeline_loop_width_for_procpix_fu_247/mac_muladd_16s_10ns_28s_28_4_1_U121/bd_41e7_vsc_0_mac_muladd_16s_10ns_28s_28_4_1_DSP48_3_U/p_reg_reg is absorbed into DSP grp_vscale_core_polyphase_Pipeline_loop_width_for_procpix_fu_247/mac_muladd_16s_10ns_28s_28_4_1_U121/bd_41e7_vsc_0_mac_muladd_16s_10ns_28s_28_4_1_DSP48_3_U/p_reg_reg.
DSP Report: register grp_vscale_core_polyphase_Pipeline_loop_width_for_procpix_fu_247/mac_muladd_16s_10ns_28s_28_4_1_U121/bd_41e7_vsc_0_mac_muladd_16s_10ns_28s_28_4_1_DSP48_3_U/p_reg_reg is absorbed into DSP grp_vscale_core_polyphase_Pipeline_loop_width_for_procpix_fu_247/mac_muladd_16s_10ns_28s_28_4_1_U121/bd_41e7_vsc_0_mac_muladd_16s_10ns_28s_28_4_1_DSP48_3_U/p_reg_reg.
DSP Report: register grp_vscale_core_polyphase_Pipeline_loop_width_for_procpix_fu_247/mac_muladd_16s_10ns_28s_28_4_1_U121/bd_41e7_vsc_0_mac_muladd_16s_10ns_28s_28_4_1_DSP48_3_U/m_reg_reg is absorbed into DSP grp_vscale_core_polyphase_Pipeline_loop_width_for_procpix_fu_247/mac_muladd_16s_10ns_28s_28_4_1_U121/bd_41e7_vsc_0_mac_muladd_16s_10ns_28s_28_4_1_DSP48_3_U/p_reg_reg.
DSP Report: operator grp_vscale_core_polyphase_Pipeline_loop_width_for_procpix_fu_247/mac_muladd_16s_10ns_28s_28_4_1_U121/bd_41e7_vsc_0_mac_muladd_16s_10ns_28s_28_4_1_DSP48_3_U/p is absorbed into DSP grp_vscale_core_polyphase_Pipeline_loop_width_for_procpix_fu_247/mac_muladd_16s_10ns_28s_28_4_1_U121/bd_41e7_vsc_0_mac_muladd_16s_10ns_28s_28_4_1_DSP48_3_U/p_reg_reg.
DSP Report: operator grp_vscale_core_polyphase_Pipeline_loop_width_for_procpix_fu_247/mac_muladd_16s_10ns_28s_28_4_1_U121/bd_41e7_vsc_0_mac_muladd_16s_10ns_28s_28_4_1_DSP48_3_U/m is absorbed into DSP grp_vscale_core_polyphase_Pipeline_loop_width_for_procpix_fu_247/mac_muladd_16s_10ns_28s_28_4_1_U121/bd_41e7_vsc_0_mac_muladd_16s_10ns_28s_28_4_1_DSP48_3_U/p_reg_reg.
DSP Report: Generating DSP grp_vscale_core_polyphase_Pipeline_loop_width_for_procpix_fu_247/mac_muladd_16s_10ns_28s_29_4_1_U124/bd_41e7_vsc_0_mac_muladd_16s_10ns_28s_29_4_1_DSP48_4_U/p_reg_reg, operation Mode is: (C+(A''*B'')')'.
DSP Report: register grp_vscale_core_polyphase_Pipeline_loop_width_for_procpix_fu_247/mac_muladd_16s_10ns_28s_29_4_1_U124/bd_41e7_vsc_0_mac_muladd_16s_10ns_28s_29_4_1_DSP48_4_U/p_reg_reg is absorbed into DSP grp_vscale_core_polyphase_Pipeline_loop_width_for_procpix_fu_247/mac_muladd_16s_10ns_28s_29_4_1_U124/bd_41e7_vsc_0_mac_muladd_16s_10ns_28s_29_4_1_DSP48_4_U/p_reg_reg.
DSP Report: register grp_vscale_core_polyphase_Pipeline_loop_width_for_procpix_fu_247/mac_muladd_16s_10ns_28s_29_4_1_U124/bd_41e7_vsc_0_mac_muladd_16s_10ns_28s_29_4_1_DSP48_4_U/p_reg_reg is absorbed into DSP grp_vscale_core_polyphase_Pipeline_loop_width_for_procpix_fu_247/mac_muladd_16s_10ns_28s_29_4_1_U124/bd_41e7_vsc_0_mac_muladd_16s_10ns_28s_29_4_1_DSP48_4_U/p_reg_reg.
DSP Report: register grp_vscale_core_polyphase_Pipeline_loop_width_for_procpix_fu_247/mac_muladd_16s_10ns_28s_29_4_1_U124/bd_41e7_vsc_0_mac_muladd_16s_10ns_28s_29_4_1_DSP48_4_U/p_reg_reg is absorbed into DSP grp_vscale_core_polyphase_Pipeline_loop_width_for_procpix_fu_247/mac_muladd_16s_10ns_28s_29_4_1_U124/bd_41e7_vsc_0_mac_muladd_16s_10ns_28s_29_4_1_DSP48_4_U/p_reg_reg.
DSP Report: register grp_vscale_core_polyphase_Pipeline_loop_width_for_procpix_fu_247/mac_muladd_16s_10ns_28s_29_4_1_U124/bd_41e7_vsc_0_mac_muladd_16s_10ns_28s_29_4_1_DSP48_4_U/p_reg_reg is absorbed into DSP grp_vscale_core_polyphase_Pipeline_loop_width_for_procpix_fu_247/mac_muladd_16s_10ns_28s_29_4_1_U124/bd_41e7_vsc_0_mac_muladd_16s_10ns_28s_29_4_1_DSP48_4_U/p_reg_reg.
DSP Report: register grp_vscale_core_polyphase_Pipeline_loop_width_for_procpix_fu_247/mac_muladd_16s_10ns_28s_29_4_1_U124/bd_41e7_vsc_0_mac_muladd_16s_10ns_28s_29_4_1_DSP48_4_U/p_reg_reg is absorbed into DSP grp_vscale_core_polyphase_Pipeline_loop_width_for_procpix_fu_247/mac_muladd_16s_10ns_28s_29_4_1_U124/bd_41e7_vsc_0_mac_muladd_16s_10ns_28s_29_4_1_DSP48_4_U/p_reg_reg.
DSP Report: register grp_vscale_core_polyphase_Pipeline_loop_width_for_procpix_fu_247/mac_muladd_16s_10ns_28s_29_4_1_U124/bd_41e7_vsc_0_mac_muladd_16s_10ns_28s_29_4_1_DSP48_4_U/m_reg_reg is absorbed into DSP grp_vscale_core_polyphase_Pipeline_loop_width_for_procpix_fu_247/mac_muladd_16s_10ns_28s_29_4_1_U124/bd_41e7_vsc_0_mac_muladd_16s_10ns_28s_29_4_1_DSP48_4_U/p_reg_reg.
DSP Report: operator grp_vscale_core_polyphase_Pipeline_loop_width_for_procpix_fu_247/mac_muladd_16s_10ns_28s_29_4_1_U124/bd_41e7_vsc_0_mac_muladd_16s_10ns_28s_29_4_1_DSP48_4_U/p is absorbed into DSP grp_vscale_core_polyphase_Pipeline_loop_width_for_procpix_fu_247/mac_muladd_16s_10ns_28s_29_4_1_U124/bd_41e7_vsc_0_mac_muladd_16s_10ns_28s_29_4_1_DSP48_4_U/p_reg_reg.
DSP Report: operator grp_vscale_core_polyphase_Pipeline_loop_width_for_procpix_fu_247/mac_muladd_16s_10ns_28s_29_4_1_U124/bd_41e7_vsc_0_mac_muladd_16s_10ns_28s_29_4_1_DSP48_4_U/m is absorbed into DSP grp_vscale_core_polyphase_Pipeline_loop_width_for_procpix_fu_247/mac_muladd_16s_10ns_28s_29_4_1_U124/bd_41e7_vsc_0_mac_muladd_16s_10ns_28s_29_4_1_DSP48_4_U/p_reg_reg.
DSP Report: Generating DSP grp_vscale_core_polyphase_Pipeline_loop_width_for_procpix_fu_247/mac_muladd_16s_10ns_29s_29_4_1_U127/bd_41e7_vsc_0_mac_muladd_16s_10ns_29s_29_4_1_DSP48_5_U/p_reg_reg, operation Mode is: (PCIN+(A''*B'')')'.
DSP Report: register grp_vscale_core_polyphase_Pipeline_loop_width_for_procpix_fu_247/mac_muladd_16s_10ns_29s_29_4_1_U127/bd_41e7_vsc_0_mac_muladd_16s_10ns_29s_29_4_1_DSP48_5_U/p_reg_reg is absorbed into DSP grp_vscale_core_polyphase_Pipeline_loop_width_for_procpix_fu_247/mac_muladd_16s_10ns_29s_29_4_1_U127/bd_41e7_vsc_0_mac_muladd_16s_10ns_29s_29_4_1_DSP48_5_U/p_reg_reg.
DSP Report: register grp_vscale_core_polyphase_Pipeline_loop_width_for_procpix_fu_247/mac_muladd_16s_10ns_29s_29_4_1_U127/bd_41e7_vsc_0_mac_muladd_16s_10ns_29s_29_4_1_DSP48_5_U/p_reg_reg is absorbed into DSP grp_vscale_core_polyphase_Pipeline_loop_width_for_procpix_fu_247/mac_muladd_16s_10ns_29s_29_4_1_U127/bd_41e7_vsc_0_mac_muladd_16s_10ns_29s_29_4_1_DSP48_5_U/p_reg_reg.
DSP Report: register grp_vscale_core_polyphase_Pipeline_loop_width_for_procpix_fu_247/mac_muladd_16s_10ns_29s_29_4_1_U127/bd_41e7_vsc_0_mac_muladd_16s_10ns_29s_29_4_1_DSP48_5_U/p_reg_reg is absorbed into DSP grp_vscale_core_polyphase_Pipeline_loop_width_for_procpix_fu_247/mac_muladd_16s_10ns_29s_29_4_1_U127/bd_41e7_vsc_0_mac_muladd_16s_10ns_29s_29_4_1_DSP48_5_U/p_reg_reg.
DSP Report: register grp_vscale_core_polyphase_Pipeline_loop_width_for_procpix_fu_247/mac_muladd_16s_10ns_29s_29_4_1_U127/bd_41e7_vsc_0_mac_muladd_16s_10ns_29s_29_4_1_DSP48_5_U/p_reg_reg is absorbed into DSP grp_vscale_core_polyphase_Pipeline_loop_width_for_procpix_fu_247/mac_muladd_16s_10ns_29s_29_4_1_U127/bd_41e7_vsc_0_mac_muladd_16s_10ns_29s_29_4_1_DSP48_5_U/p_reg_reg.
DSP Report: register grp_vscale_core_polyphase_Pipeline_loop_width_for_procpix_fu_247/mac_muladd_16s_10ns_29s_29_4_1_U127/bd_41e7_vsc_0_mac_muladd_16s_10ns_29s_29_4_1_DSP48_5_U/p_reg_reg is absorbed into DSP grp_vscale_core_polyphase_Pipeline_loop_width_for_procpix_fu_247/mac_muladd_16s_10ns_29s_29_4_1_U127/bd_41e7_vsc_0_mac_muladd_16s_10ns_29s_29_4_1_DSP48_5_U/p_reg_reg.
DSP Report: register grp_vscale_core_polyphase_Pipeline_loop_width_for_procpix_fu_247/mac_muladd_16s_10ns_29s_29_4_1_U127/bd_41e7_vsc_0_mac_muladd_16s_10ns_29s_29_4_1_DSP48_5_U/m_reg_reg is absorbed into DSP grp_vscale_core_polyphase_Pipeline_loop_width_for_procpix_fu_247/mac_muladd_16s_10ns_29s_29_4_1_U127/bd_41e7_vsc_0_mac_muladd_16s_10ns_29s_29_4_1_DSP48_5_U/p_reg_reg.
DSP Report: operator grp_vscale_core_polyphase_Pipeline_loop_width_for_procpix_fu_247/mac_muladd_16s_10ns_29s_29_4_1_U127/bd_41e7_vsc_0_mac_muladd_16s_10ns_29s_29_4_1_DSP48_5_U/p is absorbed into DSP grp_vscale_core_polyphase_Pipeline_loop_width_for_procpix_fu_247/mac_muladd_16s_10ns_29s_29_4_1_U127/bd_41e7_vsc_0_mac_muladd_16s_10ns_29s_29_4_1_DSP48_5_U/p_reg_reg.
DSP Report: operator grp_vscale_core_polyphase_Pipeline_loop_width_for_procpix_fu_247/mac_muladd_16s_10ns_29s_29_4_1_U127/bd_41e7_vsc_0_mac_muladd_16s_10ns_29s_29_4_1_DSP48_5_U/m is absorbed into DSP grp_vscale_core_polyphase_Pipeline_loop_width_for_procpix_fu_247/mac_muladd_16s_10ns_29s_29_4_1_U127/bd_41e7_vsc_0_mac_muladd_16s_10ns_29s_29_4_1_DSP48_5_U/p_reg_reg.
WARNING: [Synth 8-3936] Found unconnected internal register 'grp_MultiPixStream2AXIvideo_Pipeline_VITIS_LOOP_940_2_fu_114/ap_phi_reg_pp0_iter2_axi_data_2_reg_175_reg' and it is trimmed from '11' to '10' bits. [/home/alen/repo/zynq-7020-video-pipe-3/hw/video-pipe-hw-v5/hw_011223.gen/sources_1/bd/broncho_video/ip/broncho_video_v_proc_ss_0_1/bd_0/ip/ip_1/hdl/verilog/bd_41e7_vsc_0_MultiPixStream2AXIvideo_Pipeline_VITIS_LOOP_940_2.v:207]
---------------------------------------------------------------------------------
Finished Cross Boundary and Area Optimization : Time (s): cpu = 00:00:24 ; elapsed = 00:00:23 . Memory (MB): peak = 2312.801 ; gain = 677.281 ; free physical = 533 ; free virtual = 3249
---------------------------------------------------------------------------------
 Sort Area is  grp_vscale_core_polyphase_Pipeline_loop_width_for_procpix_fu_247/mac_muladd_16s_10ns_28s_29_4_1_U122/bd_41e7_vsc_0_mac_muladd_16s_10ns_28s_29_4_1_DSP48_4_U/p_reg_reg_7 : 0 0 : 2583 5164 : Used 1 time 0
 Sort Area is  grp_vscale_core_polyphase_Pipeline_loop_width_for_procpix_fu_247/mac_muladd_16s_10ns_28s_29_4_1_U122/bd_41e7_vsc_0_mac_muladd_16s_10ns_28s_29_4_1_DSP48_4_U/p_reg_reg_7 : 0 1 : 2581 5164 : Used 1 time 0
 Sort Area is  grp_vscale_core_polyphase_Pipeline_loop_width_for_procpix_fu_247/mac_muladd_16s_10ns_28s_29_4_1_U123/bd_41e7_vsc_0_mac_muladd_16s_10ns_28s_29_4_1_DSP48_4_U/p_reg_reg_d : 0 0 : 2583 5164 : Used 1 time 0
 Sort Area is  grp_vscale_core_polyphase_Pipeline_loop_width_for_procpix_fu_247/mac_muladd_16s_10ns_28s_29_4_1_U123/bd_41e7_vsc_0_mac_muladd_16s_10ns_28s_29_4_1_DSP48_4_U/p_reg_reg_d : 0 1 : 2581 5164 : Used 1 time 0
 Sort Area is  grp_vscale_core_polyphase_Pipeline_loop_width_for_procpix_fu_247/mac_muladd_16s_10ns_28s_29_4_1_U124/bd_41e7_vsc_0_mac_muladd_16s_10ns_28s_29_4_1_DSP48_4_U/p_reg_reg_11 : 0 0 : 2583 5164 : Used 1 time 0
 Sort Area is  grp_vscale_core_polyphase_Pipeline_loop_width_for_procpix_fu_247/mac_muladd_16s_10ns_28s_29_4_1_U124/bd_41e7_vsc_0_mac_muladd_16s_10ns_28s_29_4_1_DSP48_4_U/p_reg_reg_11 : 0 1 : 2581 5164 : Used 1 time 0
 Sort Area is  grp_vscale_core_polyphase_Pipeline_loop_width_for_procpix_fu_247/mac_muladd_16s_10ns_27s_28_4_1_U116/bd_41e7_vsc_0_mac_muladd_16s_10ns_27s_28_4_1_DSP48_2_U/p_reg_reg_4 : 0 0 : 2578 5154 : Used 1 time 0
 Sort Area is  grp_vscale_core_polyphase_Pipeline_loop_width_for_procpix_fu_247/mac_muladd_16s_10ns_27s_28_4_1_U116/bd_41e7_vsc_0_mac_muladd_16s_10ns_27s_28_4_1_DSP48_2_U/p_reg_reg_4 : 0 1 : 2576 5154 : Used 1 time 0
 Sort Area is  grp_vscale_core_polyphase_Pipeline_loop_width_for_procpix_fu_247/mac_muladd_16s_10ns_27s_28_4_1_U117/bd_41e7_vsc_0_mac_muladd_16s_10ns_27s_28_4_1_DSP48_2_U/p_reg_reg_c : 0 0 : 2578 5154 : Used 1 time 0
 Sort Area is  grp_vscale_core_polyphase_Pipeline_loop_width_for_procpix_fu_247/mac_muladd_16s_10ns_27s_28_4_1_U117/bd_41e7_vsc_0_mac_muladd_16s_10ns_27s_28_4_1_DSP48_2_U/p_reg_reg_c : 0 1 : 2576 5154 : Used 1 time 0
 Sort Area is  grp_vscale_core_polyphase_Pipeline_loop_width_for_procpix_fu_247/mac_muladd_16s_10ns_27s_28_4_1_U118/bd_41e7_vsc_0_mac_muladd_16s_10ns_27s_28_4_1_DSP48_2_U/p_reg_reg_10 : 0 0 : 2578 5154 : Used 1 time 0
 Sort Area is  grp_vscale_core_polyphase_Pipeline_loop_width_for_procpix_fu_247/mac_muladd_16s_10ns_27s_28_4_1_U118/bd_41e7_vsc_0_mac_muladd_16s_10ns_27s_28_4_1_DSP48_2_U/p_reg_reg_10 : 0 1 : 2576 5154 : Used 1 time 0
 Sort Area is  grp_vscale_core_polyphase_Pipeline_loop_width_for_procpix_fu_247/mac_muladd_16s_10ns_26s_27_4_1_U113/bd_41e7_vsc_0_mac_muladd_16s_10ns_26s_27_4_1_DSP48_1_U/p_reg_reg_2 : 0 0 : 2573 2573 : Used 1 time 0
 Sort Area is  grp_vscale_core_polyphase_Pipeline_loop_width_for_procpix_fu_247/mac_muladd_16s_10ns_26s_27_4_1_U114/bd_41e7_vsc_0_mac_muladd_16s_10ns_26s_27_4_1_DSP48_1_U/p_reg_reg_b : 0 0 : 2573 2573 : Used 1 time 0
 Sort Area is  grp_vscale_core_polyphase_Pipeline_loop_width_for_procpix_fu_247/mac_muladd_16s_10ns_26s_27_4_1_U115/bd_41e7_vsc_0_mac_muladd_16s_10ns_26s_27_4_1_DSP48_1_U/p_reg_reg_f : 0 0 : 2573 2573 : Used 1 time 0
 Sort Area is  grp_vscale_core_polyphase_Pipeline_loop_width_for_procpix_fu_247/mac_muladd_16s_10ns_12ns_26_4_1_U110/bd_41e7_vsc_0_mac_muladd_16s_10ns_12ns_26_4_1_DSP48_0_U/p_reg_reg_0 : 0 0 : 2548 2548 : Used 1 time 0
 Sort Area is  grp_vscale_core_polyphase_Pipeline_loop_width_for_procpix_fu_247/mac_muladd_16s_10ns_12ns_26_4_1_U111/bd_41e7_vsc_0_mac_muladd_16s_10ns_12ns_26_4_1_DSP48_0_U/p_reg_reg_a : 0 0 : 2548 2548 : Used 1 time 0
 Sort Area is  grp_vscale_core_polyphase_Pipeline_loop_width_for_procpix_fu_247/mac_muladd_16s_10ns_12ns_26_4_1_U112/bd_41e7_vsc_0_mac_muladd_16s_10ns_12ns_26_4_1_DSP48_0_U/p_reg_reg_e : 0 0 : 2548 2548 : Used 1 time 0
---------------------------------------------------------------------------------
Start ROM, RAM, DSP, Shift Register and Retiming Reporting
---------------------------------------------------------------------------------

ROM: Preliminary Mapping Report
+---------------------------------+----------------------+---------------+----------------+
|Module Name                      | RTL Object           | Depth x Width | Implemented As | 
+---------------------------------+----------------------+---------------+----------------+
|bd_41e7_vsc_0_v_vcresampler_core | linebuf_c_2_U/q0_reg | 2048x1        | Block RAM      | 
+---------------------------------+----------------------+---------------+----------------+


Block RAM: Preliminary Mapping Report (see note below)
+------------------------------+-----------------------+------------------------+---+---+------------------------+---+---+------------------+--------+--------+
|Module Name                   | RTL Object            | PORT A (Depth x Width) | W | R | PORT B (Depth x Width) | W | R | Ports driving FF | RAMB18 | RAMB36 | 
+------------------------------+-----------------------+------------------------+---+---+------------------------+---+---+------------------+--------+--------+
|inst/CTRL_s_axi_U             | int_vfltCoeff/mem_reg | 192 x 32(READ_FIRST)   | W | R | 192 x 32(WRITE_FIRST)  |   | R | Port A and B     | 0      | 1      | 
|inst/v_vcresampler_core_U0    | linebuf_y_U/ram_reg   | 1 K x 10(READ_FIRST)   | W |   | 1 K x 10(WRITE_FIRST)  |   | R | Port A and B     | 0      | 1      | 
|inst/v_vcresampler_core_U0    | linebuf_y_1_U/ram_reg | 1 K x 10(READ_FIRST)   | W | R |                        |   |   | Port A           | 0      | 1      | 
|inst/v_vcresampler_core_U0    | linebuf_c_U/ram_reg   | 1 K x 10(READ_FIRST)   | W |   | 1 K x 10(WRITE_FIRST)  |   | R | Port A and B     | 0      | 1      | 
|inst/v_vcresampler_core_U0    | linebuf_c_1_U/ram_reg | 1 K x 10(READ_FIRST)   | W |   | 1 K x 10(WRITE_FIRST)  |   | R | Port A and B     | 0      | 1      | 
|inst/vscale_core_polyphase_U0 | LineBuf_U/ram_reg     | 1 K x 30(READ_FIRST)   | W |   | 1 K x 30(WRITE_FIRST)  |   | R | Port A and B     | 0      | 2      | 
|inst/vscale_core_polyphase_U0 | LineBuf_1_U/ram_reg   | 1 K x 30(READ_FIRST)   | W |   | 1 K x 30(WRITE_FIRST)  |   | R | Port A and B     | 0      | 2      | 
|inst/vscale_core_polyphase_U0 | LineBuf_2_U/ram_reg   | 1 K x 30(READ_FIRST)   | W |   | 1 K x 30(WRITE_FIRST)  |   | R | Port A and B     | 0      | 2      | 
|inst/vscale_core_polyphase_U0 | LineBuf_3_U/ram_reg   | 1 K x 30(READ_FIRST)   | W |   | 1 K x 30(WRITE_FIRST)  |   | R | Port A and B     | 0      | 2      | 
|inst/vscale_core_polyphase_U0 | LineBuf_4_U/ram_reg   | 1 K x 30(READ_FIRST)   | W |   | 1 K x 30(WRITE_FIRST)  |   | R | Port A and B     | 0      | 2      | 
|inst/vscale_core_polyphase_U0 | LineBuf_5_U/ram_reg   | 1 K x 30(READ_FIRST)   | W |   | 1 K x 30(WRITE_FIRST)  |   | R | Port A and B     | 0      | 2      | 
+------------------------------+-----------------------+------------------------+---+---+------------------------+---+---+------------------+--------+--------+

Note: The table above is a preliminary report that shows the Block RAMs at the current stage of the synthesis flow. Some Block RAMs may be reimplemented as non Block RAM primitives later in the synthesis flow. Multiple instantiated Block RAMs are reported only once. 

Distributed RAM: Preliminary Mapping Report (see note below)
+------------------------------+-----------------------+----------------+----------------------+----------------+
|Module Name                   | RTL Object            | Inference      | Size (Depth x Width) | Primitives     | 
+------------------------------+-----------------------+----------------+----------------------+----------------+
|inst/vscale_core_polyphase_U0 | FiltCoeff_U/ram_reg   | User Attribute | 64 x 16              | RAM64X1S x 16  | 
|inst/vscale_core_polyphase_U0 | FiltCoeff_1_U/ram_reg | User Attribute | 64 x 16              | RAM64X1S x 16  | 
|inst/vscale_core_polyphase_U0 | FiltCoeff_2_U/ram_reg | User Attribute | 64 x 16              | RAM64X1S x 16  | 
|inst/vscale_core_polyphase_U0 | FiltCoeff_3_U/ram_reg | User Attribute | 64 x 16              | RAM64X1S x 16  | 
|inst/vscale_core_polyphase_U0 | FiltCoeff_4_U/ram_reg | User Attribute | 64 x 16              | RAM64X1S x 16  | 
|inst/vscale_core_polyphase_U0 | FiltCoeff_5_U/ram_reg | User Attribute | 64 x 16              | RAM64X1S x 16  | 
+------------------------------+-----------------------+----------------+----------------------+----------------+

Note: The table above is a preliminary report that shows the Distributed RAMs at the current stage of the synthesis flow. Some Distributed RAMs may be reimplemented as non Distributed RAM primitives later in the synthesis flow. Multiple instantiated RAMs are reported only once.

DSP: Preliminary Mapping Report (see note below. The ' indicates corresponding REG is set)
+------------------------------------+---------------------+--------+--------+--------+--------+--------+------+------+------+------+-------+------+------+
|Module Name                         | DSP Mapping         | A Size | B Size | C Size | D Size | P Size | AREG | BREG | CREG | DREG | ADREG | MREG | PREG | 
+------------------------------------+---------------------+--------+--------+--------+--------+--------+------+------+------+------+-------+------+------+
|bd_41e7_vsc_0_vscale_core_polyphase | (C:0x800)+(A2*B'')' | 18     | 17     | 13     | -      | 26     | 1    | 2    | 0    | -    | -     | 1    | 1    | 
|bd_41e7_vsc_0_vscale_core_polyphase | (C+(A''*B'')')'     | 18     | 17     | 26     | -      | 27     | 2    | 2    | 0    | -    | -     | 1    | 1    | 
|bd_41e7_vsc_0_vscale_core_polyphase | (C+(A''*B'')')'     | 18     | 17     | 27     | -      | 28     | 2    | 2    | 0    | -    | -     | 1    | 1    | 
|bd_41e7_vsc_0_vscale_core_polyphase | (PCIN+(A''*B'')')'  | 18     | 17     | -      | -      | 28     | 2    | 2    | -    | -    | -     | 1    | 1    | 
|bd_41e7_vsc_0_vscale_core_polyphase | (C+(A''*B'')')'     | 18     | 17     | 28     | -      | 29     | 2    | 2    | 0    | -    | -     | 1    | 1    | 
|bd_41e7_vsc_0_vscale_core_polyphase | (PCIN+(A''*B'')')'  | 18     | 17     | -      | -      | 29     | 2    | 2    | -    | -    | -     | 1    | 1    | 
|bd_41e7_vsc_0_vscale_core_polyphase | (C:0x800)+(A2*B'')' | 18     | 17     | 13     | -      | 26     | 1    | 2    | 0    | -    | -     | 1    | 1    | 
|bd_41e7_vsc_0_vscale_core_polyphase | (C+(A''*B'')')'     | 18     | 17     | 26     | -      | 27     | 2    | 2    | 0    | -    | -     | 1    | 1    | 
|bd_41e7_vsc_0_vscale_core_polyphase | (C+(A''*B'')')'     | 18     | 17     | 27     | -      | 28     | 2    | 2    | 0    | -    | -     | 1    | 1    | 
|bd_41e7_vsc_0_vscale_core_polyphase | (PCIN+(A''*B'')')'  | 18     | 17     | -      | -      | 28     | 2    | 2    | -    | -    | -     | 1    | 1    | 
|bd_41e7_vsc_0_vscale_core_polyphase | (C+(A''*B'')')'     | 18     | 17     | 28     | -      | 29     | 2    | 2    | 0    | -    | -     | 1    | 1    | 
|bd_41e7_vsc_0_vscale_core_polyphase | (PCIN+(A''*B'')')'  | 18     | 17     | -      | -      | 29     | 2    | 2    | -    | -    | -     | 1    | 1    | 
|bd_41e7_vsc_0_vscale_core_polyphase | (C:0x800)+(A2*B'')' | 18     | 17     | 13     | -      | 26     | 1    | 2    | 0    | -    | -     | 1    | 1    | 
|bd_41e7_vsc_0_vscale_core_polyphase | (C+(A''*B'')')'     | 18     | 17     | 26     | -      | 27     | 2    | 2    | 0    | -    | -     | 1    | 1    | 
|bd_41e7_vsc_0_vscale_core_polyphase | (C+(A''*B'')')'     | 18     | 17     | 27     | -      | 28     | 2    | 2    | 0    | -    | -     | 1    | 1    | 
|bd_41e7_vsc_0_vscale_core_polyphase | (PCIN+(A''*B'')')'  | 18     | 17     | -      | -      | 28     | 2    | 2    | -    | -    | -     | 1    | 1    | 
|bd_41e7_vsc_0_vscale_core_polyphase | (C+(A''*B'')')'     | 18     | 17     | 28     | -      | 29     | 2    | 2    | 0    | -    | -     | 1    | 1    | 
|bd_41e7_vsc_0_vscale_core_polyphase | (PCIN+(A''*B'')')'  | 18     | 17     | -      | -      | 29     | 2    | 2    | -    | -    | -     | 1    | 1    | 
+------------------------------------+---------------------+--------+--------+--------+--------+--------+------+------+------+------+-------+------+------+

Note: The table above is a preliminary report that shows the DSPs inferred at the current stage of the synthesis flow. Some DSP may be reimplemented as non DSP primitives later in the synthesis flow. Multiple instantiated DSPs are reported only once.
---------------------------------------------------------------------------------
Finished ROM, RAM, DSP, Shift Register and Retiming Reporting
---------------------------------------------------------------------------------
---------------------------------------------------------------------------------
Start Applying XDC Timing Constraints
---------------------------------------------------------------------------------
---------------------------------------------------------------------------------
Finished Applying XDC Timing Constraints : Time (s): cpu = 00:00:29 ; elapsed = 00:00:29 . Memory (MB): peak = 2312.801 ; gain = 677.281 ; free physical = 581 ; free virtual = 3303
---------------------------------------------------------------------------------
---------------------------------------------------------------------------------
Start Timing Optimization
---------------------------------------------------------------------------------
---------------------------------------------------------------------------------
Finished Timing Optimization : Time (s): cpu = 00:00:30 ; elapsed = 00:00:30 . Memory (MB): peak = 2312.801 ; gain = 677.281 ; free physical = 574 ; free virtual = 3303
---------------------------------------------------------------------------------
---------------------------------------------------------------------------------
Start ROM, RAM, DSP, Shift Register and Retiming Reporting
---------------------------------------------------------------------------------

Block RAM: Final Mapping Report
+------------------------------+-----------------------+------------------------+---+---+------------------------+---+---+------------------+--------+--------+
|Module Name                   | RTL Object            | PORT A (Depth x Width) | W | R | PORT B (Depth x Width) | W | R | Ports driving FF | RAMB18 | RAMB36 | 
+------------------------------+-----------------------+------------------------+---+---+------------------------+---+---+------------------+--------+--------+
|inst/CTRL_s_axi_U             | int_vfltCoeff/mem_reg | 192 x 32(READ_FIRST)   | W | R | 192 x 32(WRITE_FIRST)  |   | R | Port A and B     | 0      | 1      | 
|inst/v_vcresampler_core_U0    | linebuf_y_U/ram_reg   | 1 K x 10(READ_FIRST)   | W |   | 1 K x 10(WRITE_FIRST)  |   | R | Port A and B     | 0      | 1      | 
|inst/v_vcresampler_core_U0    | linebuf_y_1_U/ram_reg | 1 K x 10(READ_FIRST)   | W | R |                        |   |   | Port A           | 0      | 1      | 
|inst/v_vcresampler_core_U0    | linebuf_c_U/ram_reg   | 1 K x 10(READ_FIRST)   | W |   | 1 K x 10(WRITE_FIRST)  |   | R | Port A and B     | 0      | 1      | 
|inst/v_vcresampler_core_U0    | linebuf_c_1_U/ram_reg | 1 K x 10(READ_FIRST)   | W |   | 1 K x 10(WRITE_FIRST)  |   | R | Port A and B     | 0      | 1      | 
|inst/vscale_core_polyphase_U0 | LineBuf_U/ram_reg     | 1 K x 30(READ_FIRST)   | W |   | 1 K x 30(WRITE_FIRST)  |   | R | Port A and B     | 0      | 2      | 
|inst/vscale_core_polyphase_U0 | LineBuf_1_U/ram_reg   | 1 K x 30(READ_FIRST)   | W |   | 1 K x 30(WRITE_FIRST)  |   | R | Port A and B     | 0      | 2      | 
|inst/vscale_core_polyphase_U0 | LineBuf_2_U/ram_reg   | 1 K x 30(READ_FIRST)   | W |   | 1 K x 30(WRITE_FIRST)  |   | R | Port A and B     | 0      | 2      | 
|inst/vscale_core_polyphase_U0 | LineBuf_3_U/ram_reg   | 1 K x 30(READ_FIRST)   | W |   | 1 K x 30(WRITE_FIRST)  |   | R | Port A and B     | 0      | 2      | 
|inst/vscale_core_polyphase_U0 | LineBuf_4_U/ram_reg   | 1 K x 30(READ_FIRST)   | W |   | 1 K x 30(WRITE_FIRST)  |   | R | Port A and B     | 0      | 2      | 
|inst/vscale_core_polyphase_U0 | LineBuf_5_U/ram_reg   | 1 K x 30(READ_FIRST)   | W |   | 1 K x 30(WRITE_FIRST)  |   | R | Port A and B     | 0      | 2      | 
+------------------------------+-----------------------+------------------------+---+---+------------------------+---+---+------------------+--------+--------+


Distributed RAM: Final Mapping Report
+------------------------------+-----------------------+----------------+----------------------+----------------+
|Module Name                   | RTL Object            | Inference      | Size (Depth x Width) | Primitives     | 
+------------------------------+-----------------------+----------------+----------------------+----------------+
|inst/vscale_core_polyphase_U0 | FiltCoeff_U/ram_reg   | User Attribute | 64 x 16              | RAM64X1S x 16  | 
|inst/vscale_core_polyphase_U0 | FiltCoeff_1_U/ram_reg | User Attribute | 64 x 16              | RAM64X1S x 16  | 
|inst/vscale_core_polyphase_U0 | FiltCoeff_2_U/ram_reg | User Attribute | 64 x 16              | RAM64X1S x 16  | 
|inst/vscale_core_polyphase_U0 | FiltCoeff_3_U/ram_reg | User Attribute | 64 x 16              | RAM64X1S x 16  | 
|inst/vscale_core_polyphase_U0 | FiltCoeff_4_U/ram_reg | User Attribute | 64 x 16              | RAM64X1S x 16  | 
|inst/vscale_core_polyphase_U0 | FiltCoeff_5_U/ram_reg | User Attribute | 64 x 16              | RAM64X1S x 16  | 
+------------------------------+-----------------------+----------------+----------------------+----------------+

---------------------------------------------------------------------------------
Finished ROM, RAM, DSP, Shift Register and Retiming Reporting
---------------------------------------------------------------------------------
---------------------------------------------------------------------------------
Start Technology Mapping
---------------------------------------------------------------------------------
INFO: [Synth 8-7052] The timing for the instance inst/CTRL_s_axi_U/int_vfltCoeff/mem_reg (implemented as a Block RAM) might be sub-optimal as no optional output register could be merged into the ram block. Providing additional output register may help in improving timing.
INFO: [Synth 8-7052] The timing for the instance inst/CTRL_s_axi_U/int_vfltCoeff/mem_reg (implemented as a Block RAM) might be sub-optimal as no optional output register could be merged into the ram block. Providing additional output register may help in improving timing.
INFO: [Synth 8-7052] The timing for the instance inst/v_vcresampler_core_U0/linebuf_y_1_U/ram_reg (implemented as a Block RAM) might be sub-optimal as no optional output register could be merged into the ram block. Providing additional output register may help in improving timing.
INFO: [Synth 8-7052] The timing for the instance inst/v_vcresampler_core_U0/linebuf_c_U/ram_reg (implemented as a Block RAM) might be sub-optimal as no optional output register could be merged into the ram block. Providing additional output register may help in improving timing.
INFO: [Synth 8-7052] The timing for the instance inst/vscale_core_polyphase_U0/LineBuf_U/ram_reg_0 (implemented as a Block RAM) might be sub-optimal as no optional output register could be merged into the ram block. Providing additional output register may help in improving timing.
INFO: [Synth 8-7052] The timing for the instance inst/vscale_core_polyphase_U0/LineBuf_U/ram_reg_1 (implemented as a Block RAM) might be sub-optimal as no optional output register could be merged into the ram block. Providing additional output register may help in improving timing.
INFO: [Synth 8-7052] The timing for the instance inst/vscale_core_polyphase_U0/LineBuf_1_U/ram_reg_0 (implemented as a Block RAM) might be sub-optimal as no optional output register could be merged into the ram block. Providing additional output register may help in improving timing.
INFO: [Synth 8-7052] The timing for the instance inst/vscale_core_polyphase_U0/LineBuf_1_U/ram_reg_1 (implemented as a Block RAM) might be sub-optimal as no optional output register could be merged into the ram block. Providing additional output register may help in improving timing.
INFO: [Synth 8-7052] The timing for the instance inst/vscale_core_polyphase_U0/LineBuf_2_U/ram_reg_0 (implemented as a Block RAM) might be sub-optimal as no optional output register could be merged into the ram block. Providing additional output register may help in improving timing.
INFO: [Synth 8-7052] The timing for the instance inst/vscale_core_polyphase_U0/LineBuf_2_U/ram_reg_1 (implemented as a Block RAM) might be sub-optimal as no optional output register could be merged into the ram block. Providing additional output register may help in improving timing.
INFO: [Synth 8-7052] The timing for the instance inst/vscale_core_polyphase_U0/LineBuf_3_U/ram_reg_0 (implemented as a Block RAM) might be sub-optimal as no optional output register could be merged into the ram block. Providing additional output register may help in improving timing.
INFO: [Synth 8-7052] The timing for the instance inst/vscale_core_polyphase_U0/LineBuf_3_U/ram_reg_1 (implemented as a Block RAM) might be sub-optimal as no optional output register could be merged into the ram block. Providing additional output register may help in improving timing.
INFO: [Synth 8-7052] The timing for the instance inst/vscale_core_polyphase_U0/LineBuf_4_U/ram_reg_0 (implemented as a Block RAM) might be sub-optimal as no optional output register could be merged into the ram block. Providing additional output register may help in improving timing.
INFO: [Synth 8-7052] The timing for the instance inst/vscale_core_polyphase_U0/LineBuf_4_U/ram_reg_1 (implemented as a Block RAM) might be sub-optimal as no optional output register could be merged into the ram block. Providing additional output register may help in improving timing.
---------------------------------------------------------------------------------
Finished Technology Mapping : Time (s): cpu = 00:00:32 ; elapsed = 00:00:31 . Memory (MB): peak = 2312.801 ; gain = 677.281 ; free physical = 573 ; free virtual = 3303
---------------------------------------------------------------------------------
---------------------------------------------------------------------------------
Start IO Insertion
---------------------------------------------------------------------------------
---------------------------------------------------------------------------------
Start Flattening Before IO Insertion
---------------------------------------------------------------------------------
---------------------------------------------------------------------------------
Finished Flattening Before IO Insertion
---------------------------------------------------------------------------------
---------------------------------------------------------------------------------
Start Final Netlist Cleanup
---------------------------------------------------------------------------------
---------------------------------------------------------------------------------
Finished Final Netlist Cleanup
---------------------------------------------------------------------------------
---------------------------------------------------------------------------------
Finished IO Insertion : Time (s): cpu = 00:00:35 ; elapsed = 00:00:35 . Memory (MB): peak = 2312.801 ; gain = 677.281 ; free physical = 1370 ; free virtual = 4110
---------------------------------------------------------------------------------
---------------------------------------------------------------------------------
Start Renaming Generated Instances
---------------------------------------------------------------------------------
---------------------------------------------------------------------------------
Finished Renaming Generated Instances : Time (s): cpu = 00:00:35 ; elapsed = 00:00:35 . Memory (MB): peak = 2312.801 ; gain = 677.281 ; free physical = 1370 ; free virtual = 4109
---------------------------------------------------------------------------------
---------------------------------------------------------------------------------
Start Rebuilding User Hierarchy
---------------------------------------------------------------------------------
---------------------------------------------------------------------------------
Finished Rebuilding User Hierarchy : Time (s): cpu = 00:00:36 ; elapsed = 00:00:36 . Memory (MB): peak = 2312.801 ; gain = 677.281 ; free physical = 1341 ; free virtual = 4081
---------------------------------------------------------------------------------
---------------------------------------------------------------------------------
Start Renaming Generated Ports
---------------------------------------------------------------------------------
---------------------------------------------------------------------------------
Finished Renaming Generated Ports : Time (s): cpu = 00:00:36 ; elapsed = 00:00:36 . Memory (MB): peak = 2312.801 ; gain = 677.281 ; free physical = 1341 ; free virtual = 4081
---------------------------------------------------------------------------------
---------------------------------------------------------------------------------
Start Handling Custom Attributes
---------------------------------------------------------------------------------
---------------------------------------------------------------------------------
Finished Handling Custom Attributes : Time (s): cpu = 00:00:36 ; elapsed = 00:00:36 . Memory (MB): peak = 2312.801 ; gain = 677.281 ; free physical = 1322 ; free virtual = 4062
---------------------------------------------------------------------------------
---------------------------------------------------------------------------------
Start Renaming Generated Nets
---------------------------------------------------------------------------------
---------------------------------------------------------------------------------
Finished Renaming Generated Nets : Time (s): cpu = 00:00:36 ; elapsed = 00:00:36 . Memory (MB): peak = 2312.801 ; gain = 677.281 ; free physical = 1317 ; free virtual = 4057
---------------------------------------------------------------------------------
---------------------------------------------------------------------------------
Start ROM, RAM, DSP, Shift Register and Retiming Reporting
---------------------------------------------------------------------------------

Static Shift Register Report:
+------------------------+----------------------------------------------------------------------------------------------------------------------------------------------------------+--------+-------+--------------+--------------------+-------------------+--------+---------+
|Module Name             | RTL Name                                                                                                                                                 | Length | Width | Reset Signal | Pull out first Reg | Pull out last Reg | SRL16E | SRLC32E | 
+------------------------+----------------------------------------------------------------------------------------------------------------------------------------------------------+--------+-------+--------------+--------------------+-------------------+--------+---------+
|bd_41e7_vsc_0_v_vscaler | v_vcresampler_core_U0/grp_v_vcresampler_core_Pipeline_VITIS_LOOP_1057_2_fu_178/ap_loop_exit_ready_pp0_iter3_reg_reg                                      | 3      | 1     | NO           | NO                 | YES               | 1      | 0       | 
|bd_41e7_vsc_0_v_vscaler | vscale_core_polyphase_U0/grp_vscale_core_polyphase_Pipeline_loop_init_coeff_phase_loop_init_coeff_tap_fu_229/select_ln249_1_reg_345_pp0_iter3_reg_reg[5] | 3      | 6     | NO           | NO                 | YES               | 6      | 0       | 
|bd_41e7_vsc_0_v_vscaler | vscale_core_polyphase_U0/grp_vscale_core_polyphase_Pipeline_loop_init_coeff_phase_loop_init_coeff_tap_fu_229/select_ln249_reg_340_pp0_iter3_reg_reg[2]   | 3      | 2     | NO           | NO                 | YES               | 2      | 0       | 
|bd_41e7_vsc_0_v_vscaler | vscale_core_polyphase_U0/grp_vscale_core_polyphase_Pipeline_loop_init_coeff_phase_loop_init_coeff_tap_fu_229/ap_loop_exit_ready_pp0_iter3_reg_reg        | 3      | 1     | NO           | NO                 | YES               | 1      | 0       | 
|bd_41e7_vsc_0_v_vscaler | vscale_core_polyphase_U0/grp_vscale_core_polyphase_Pipeline_loop_width_for_procpix_fu_247/ap_loop_exit_ready_pp0_iter10_reg_reg                          | 10     | 1     | NO           | NO                 | YES               | 1      | 0       | 
+------------------------+----------------------------------------------------------------------------------------------------------------------------------------------------------+--------+-------+--------------+--------------------+-------------------+--------+---------+


Dynamic Shift Register Report:
+------------+-----------------+--------+------------+--------+---------+--------+--------+--------+
|Module Name | RTL Name        | Length | Data Width | SRL16E | SRLC32E | Mux F7 | Mux F8 | Mux F9 | 
+------------+-----------------+--------+------------+--------+---------+--------+--------+--------+
|dsrl        | SRL_SIG_reg[15] | 30     | 30         | 30     | 0       | 0      | 0      | 0      | 
|dsrl__1     | SRL_SIG_reg[2]  | 8      | 8          | 8      | 0       | 0      | 0      | 0      | 
|dsrl__2     | SRL_SIG_reg[2]  | 1      | 1          | 1      | 0       | 0      | 0      | 0      | 
+------------+-----------------+--------+------------+--------+---------+--------+--------+--------+

---------------------------------------------------------------------------------
Finished ROM, RAM, DSP, Shift Register and Retiming Reporting
---------------------------------------------------------------------------------
---------------------------------------------------------------------------------
Start Writing Synthesis Report
---------------------------------------------------------------------------------

DSP Final Report (the ' indicates corresponding REG is set)
+------------------------------------+--------------------+--------+--------+--------+--------+--------+------+------+------+------+-------+------+------+
|Module Name                         | DSP Mapping        | A Size | B Size | C Size | D Size | P Size | AREG | BREG | CREG | DREG | ADREG | MREG | PREG | 
+------------------------------------+--------------------+--------+--------+--------+--------+--------+------+------+------+------+-------+------+------+
|bd_41e7_vsc_0_vscale_core_polyphase | (C+(A'*B'')')'     | 10     | 18     | 12     | -      | 26     | 1    | 2    | 2    | -    | -     | 1    | 1    | 
|bd_41e7_vsc_0_vscale_core_polyphase | (C+(A'*B'')')'     | 10     | 18     | 12     | -      | 26     | 1    | 2    | 2    | -    | -     | 1    | 1    | 
|bd_41e7_vsc_0_vscale_core_polyphase | (C+(A'*B'')')'     | 10     | 18     | 12     | -      | 26     | 1    | 2    | 2    | -    | -     | 1    | 1    | 
|bd_41e7_vsc_0_vscale_core_polyphase | (C+(A''*B'')')'    | 10     | 18     | 48     | -      | 27     | 2    | 2    | 2    | -    | -     | 1    | 1    | 
|bd_41e7_vsc_0_vscale_core_polyphase | (C+(A''*B'')')'    | 10     | 18     | 48     | -      | 27     | 2    | 2    | 2    | -    | -     | 1    | 1    | 
|bd_41e7_vsc_0_vscale_core_polyphase | (C+(A''*B'')')'    | 10     | 18     | 48     | -      | 27     | 2    | 2    | 2    | -    | -     | 1    | 1    | 
|bd_41e7_vsc_0_vscale_core_polyphase | (C+(A''*B'')')'    | 10     | 18     | 48     | -      | 0      | 2    | 2    | 2    | -    | -     | 1    | 1    | 
|bd_41e7_vsc_0_vscale_core_polyphase | (C+(A''*B'')')'    | 10     | 18     | 48     | -      | 0      | 2    | 2    | 2    | -    | -     | 1    | 1    | 
|bd_41e7_vsc_0_vscale_core_polyphase | (C+(A''*B'')')'    | 10     | 18     | 48     | -      | 0      | 2    | 2    | 2    | -    | -     | 1    | 1    | 
|bd_41e7_vsc_0_vscale_core_polyphase | (PCIN+(A''*B'')')' | 10     | 18     | -      | -      | 28     | 2    | 2    | -    | -    | -     | 1    | 1    | 
|bd_41e7_vsc_0_vscale_core_polyphase | (PCIN+(A''*B'')')' | 10     | 18     | -      | -      | 28     | 2    | 2    | -    | -    | -     | 1    | 1    | 
|bd_41e7_vsc_0_vscale_core_polyphase | (PCIN+(A''*B'')')' | 10     | 18     | -      | -      | 28     | 2    | 2    | -    | -    | -     | 1    | 1    | 
|bd_41e7_vsc_0_vscale_core_polyphase | (C+(A''*B'')')'    | 10     | 18     | 48     | -      | 0      | 2    | 2    | 2    | -    | -     | 1    | 1    | 
|bd_41e7_vsc_0_vscale_core_polyphase | (C+(A''*B'')')'    | 10     | 18     | 48     | -      | 0      | 2    | 2    | 2    | -    | -     | 1    | 1    | 
|bd_41e7_vsc_0_vscale_core_polyphase | (C+(A''*B'')')'    | 10     | 18     | 48     | -      | 0      | 2    | 2    | 2    | -    | -     | 1    | 1    | 
|bd_41e7_vsc_0_vscale_core_polyphase | (PCIN+(A''*B'')')' | 10     | 18     | -      | -      | 29     | 2    | 2    | -    | -    | -     | 1    | 1    | 
|bd_41e7_vsc_0_vscale_core_polyphase | (PCIN+(A''*B'')')' | 10     | 18     | -      | -      | 29     | 2    | 2    | -    | -    | -     | 1    | 1    | 
|bd_41e7_vsc_0_vscale_core_polyphase | (PCIN+(A''*B'')')' | 10     | 18     | -      | -      | 29     | 2    | 2    | -    | -    | -     | 1    | 1    | 
+------------------------------------+--------------------+--------+--------+--------+--------+--------+------+------+------+------+-------+------+------+


Report BlackBoxes: 
+-+--------------+----------+
| |BlackBox name |Instances |
+-+--------------+----------+
+-+--------------+----------+

Report Cell Usage: 
+------+---------+------+
|      |Cell     |Count |
+------+---------+------+
|1     |CARRY4   |    70|
|2     |DSP48E1  |    18|
|5     |LUT1     |    38|
|6     |LUT2     |   159|
|7     |LUT3     |   610|
|8     |LUT4     |   584|
|9     |LUT5     |   297|
|10    |LUT6     |   379|
|11    |RAM64X1S |    96|
|12    |RAMB18E1 |     1|
|13    |RAMB36E1 |    17|
|18    |SRL16E   |   109|
|19    |FDRE     |  2455|
|20    |FDSE     |    92|
+------+---------+------+
---------------------------------------------------------------------------------
Finished Writing Synthesis Report : Time (s): cpu = 00:00:36 ; elapsed = 00:00:36 . Memory (MB): peak = 2312.801 ; gain = 677.281 ; free physical = 1314 ; free virtual = 4054
---------------------------------------------------------------------------------
Synthesis finished with 0 errors, 0 critical warnings and 289 warnings.
Synthesis Optimization Runtime : Time (s): cpu = 00:00:33 ; elapsed = 00:00:33 . Memory (MB): peak = 2312.801 ; gain = 535.465 ; free physical = 1290 ; free virtual = 4030
Synthesis Optimization Complete : Time (s): cpu = 00:00:36 ; elapsed = 00:00:36 . Memory (MB): peak = 2312.801 ; gain = 677.281 ; free physical = 1290 ; free virtual = 4030
INFO: [Project 1-571] Translating synthesized netlist
Netlist sorting complete. Time (s): cpu = 00:00:00.05 ; elapsed = 00:00:00.05 . Memory (MB): peak = 2312.801 ; gain = 0.000 ; free physical = 1514 ; free virtual = 4253
INFO: [Netlist 29-17] Analyzing 202 Unisim elements for replacement
INFO: [Netlist 29-28] Unisim Transformation completed in 0 CPU seconds
INFO: [Project 1-570] Preparing netlist for logic optimization
INFO: [Opt 31-138] Pushed 0 inverter(s) to 0 load pin(s).
Netlist sorting complete. Time (s): cpu = 00:00:00 ; elapsed = 00:00:00 . Memory (MB): peak = 2320.766 ; gain = 0.000 ; free physical = 1403 ; free virtual = 4143
INFO: [Project 1-111] Unisim Transformation Summary:
  A total of 96 instances were transformed.
  RAM64X1S => RAM64X1S (RAMS64E): 96 instances

Synth Design complete | Checksum: f376d282
INFO: [Common 17-83] Releasing license: Synthesis
150 Infos, 250 Warnings, 0 Critical Warnings and 0 Errors encountered.
synth_design completed successfully
synth_design: Time (s): cpu = 00:00:43 ; elapsed = 00:00:40 . Memory (MB): peak = 2320.801 ; gain = 1005.844 ; free physical = 1382 ; free virtual = 4122
INFO: [Common 17-2834] synth_design peak Physical Memory [PSS] (MB): overall = 1812.146; main = 1512.163; forked = 370.132
INFO: [Common 17-2834] synth_design peak Virtual Memory [VSS] (MB): overall = 3310.059; main = 2320.770; forked = 1021.305
Write ShapeDB Complete: Time (s): cpu = 00:00:00.01 ; elapsed = 00:00:00 . Memory (MB): peak = 2344.777 ; gain = 0.000 ; free physical = 1366 ; free virtual = 4106
INFO: [Common 17-1381] The checkpoint '/home/alen/repo/zynq-7020-video-pipe-3/hw/video-pipe-hw-v5/hw_011223.runs/bd_41e7_vsc_0_synth_1/bd_41e7_vsc_0.dcp' has been generated.
INFO: [Coretcl 2-1648] Added synthesis output to IP cache for IP bd_41e7_vsc_0, cache-ID = eb7ed47cb5b9db22
Write ShapeDB Complete: Time (s): cpu = 00:00:00.01 ; elapsed = 00:00:00 . Memory (MB): peak = 2344.777 ; gain = 0.000 ; free physical = 1159 ; free virtual = 3905
INFO: [Common 17-1381] The checkpoint '/home/alen/repo/zynq-7020-video-pipe-3/hw/video-pipe-hw-v5/hw_011223.runs/bd_41e7_vsc_0_synth_1/bd_41e7_vsc_0.dcp' has been generated.
INFO: [runtcl-4] Executing : report_utilization -file bd_41e7_vsc_0_utilization_synth.rpt -pb bd_41e7_vsc_0_utilization_synth.pb
INFO: [Common 17-206] Exiting Vivado at Thu Dec 28 17:23:38 2023...
