Copyright 1986-2022 Xilinx, Inc. All Rights Reserved. Copyright 2022-2025 Advanced Micro Devices, Inc. All Rights Reserved.
-----------------------------------------------------------------------------------------------------------------------------------------------------------------------------------------------------
| Tool Version : Vivado v.2025.2 (lin64) Build 6299465 Fri Nov 14 12:34:56 MST 2025
| Date         : Sun Oct  4 19:48:42 2026
| Host         : alen-HP-Pavilion-Laptop-14-ec0xxx running 64-bit Ubuntu 24.04.5 LTS
| Command      : report_methodology -file video_pipe_hw_wrapper_methodology_drc_routed.rpt -pb video_pipe_hw_wrapper_methodology_drc_routed.pb -rpx video_pipe_hw_wrapper_methodology_drc_routed.rpx
| Design       : video_pipe_hw_wrapper
| Device       : xck26-sfvc784-2LV-c
| Speed File   : -2LV
| Design State : Fully Routed
-----------------------------------------------------------------------------------------------------------------------------------------------------------------------------------------------------

Report Methodology

Table of Contents
-----------------
1. REPORT SUMMARY
2. REPORT DETAILS

1. REPORT SUMMARY
-----------------
            Netlist: netlist
          Floorplan: design_1
      Design limits: <entire design considered>
             Max checks: <unlimited>
             Checks found: 199
+-----------+------------------+-----------------------------------------------------------+--------+
| Rule      | Severity         | Description                                               | Checks |
+-----------+------------------+-----------------------------------------------------------+--------+
| TIMING-4  | Critical Warning | Invalid primary clock redefinition on a clock tree        | 2      |
| TIMING-6  | Critical Warning | No common primary clock between related clocks            | 1      |
| TIMING-7  | Critical Warning | No common node between related clocks                     | 1      |
| TIMING-8  | Critical Warning | No common period between related clocks                   | 1      |
| TIMING-27 | Critical Warning | Invalid primary clock on hierarchical pin                 | 2      |
| TIMING-51 | Critical Warning | No common phase between related clocks from parallel CMBs | 1      |
| LUTAR-1   | Warning          | LUT drives async reset alert                              | 6      |
| TIMING-9  | Warning          | Unknown CDC Logic                                         | 1      |
| TIMING-16 | Warning          | Large setup violation                                     | 171    |
| TIMING-24 | Warning          | Overridden Max delay datapath only                        | 5      |
| TIMING-28 | Warning          | Auto-derived clock referenced by a timing constraint      | 1      |
| XDCB-5    | Warning          | Runtime inefficient way to find pin objects               | 4      |
| CLKC-56   | Advisory         | MMCME4 with global clock driver has no LOC                | 1      |
| CLKC-58   | Advisory         | PLLE4 with global clock driver has no LOC                 | 2      |
+-----------+------------------+-----------------------------------------------------------+--------+

2. REPORT DETAILS
-----------------
TIMING-4#1 Critical Warning
Invalid primary clock redefinition on a clock tree  
Invalid clock redefinition on a clock tree. The primary clock video_pipe_hw_i/clk_wiz_0/inst/clk_in1 is defined downstream of clock clk_pl_0 and overrides its insertion delay and/or waveform definition
Related violations: <none>

TIMING-4#2 Critical Warning
Invalid primary clock redefinition on a clock tree  
Invalid clock redefinition on a clock tree. The primary clock video_pipe_hw_i/clk_wiz_1/inst/clk_in1 is defined downstream of clock clk_pl_0 and overrides its insertion delay and/or waveform definition
Related violations: <none>

TIMING-6#1 Critical Warning
No common primary clock between related clocks  
The clocks clk_pl_0 and clk_out1_video_pipe_hw_clk_wiz_1_0_1 are related (timed together) but they have no common primary clock. The design could fail in hardware. To find a timing path between these clocks, run the following command: report_timing -from [get_clocks clk_pl_0] -to [get_clocks clk_out1_video_pipe_hw_clk_wiz_1_0_1]
Related violations: <none>

TIMING-7#1 Critical Warning
No common node between related clocks  
The clocks clk_pl_0 and clk_out1_video_pipe_hw_clk_wiz_1_0_1 are related (timed together) but they have no common node. The design could fail in hardware. To find a timing path between these clocks, run the following command: report_timing -from [get_clocks clk_pl_0] -to [get_clocks clk_out1_video_pipe_hw_clk_wiz_1_0_1]
Related violations: <none>

TIMING-8#1 Critical Warning
No common period between related clocks  
The clocks clk_pl_0 and clk_out1_video_pipe_hw_clk_wiz_1_0_1 are found related (timed together) but have no common (expandable) period
Related violations: <none>

TIMING-27#1 Critical Warning
Invalid primary clock on hierarchical pin  
A primary clock video_pipe_hw_i/clk_wiz_0/inst/clk_in1 is created on an inappropriate internal pin video_pipe_hw_i/clk_wiz_0/inst/clk_in1. It is not recommended to create a primary clock on a hierarchical pin when its driver pin has a fanout connected to multiple clock pins
Related violations: <none>

TIMING-27#2 Critical Warning
Invalid primary clock on hierarchical pin  
A primary clock video_pipe_hw_i/clk_wiz_1/inst/clk_in1 is created on an inappropriate internal pin video_pipe_hw_i/clk_wiz_1/inst/clk_in1. It is not recommended to create a primary clock on a hierarchical pin when its driver pin has a fanout connected to multiple clock pins
Related violations: <none>

TIMING-51#1 Critical Warning
No common phase between related clocks from parallel CMBs  
The clocks clk_pl_0 and clk_out1_video_pipe_hw_clk_wiz_1_0_1 are timed together but have no phase relationship. The design could fail in hardware. The clocks originate from two parallel Clock Modifying Blocks and at least one of the MMCM or PLLs clock dividers is not set to 1. To be safely timed, all MMCMs or PLLs involved in parallel clocking must have the clock divider set to 1.
Related violations: <none>

LUTAR-1#1 Warning
LUT drives async reset alert  
LUT cell dbg_hub/inst/BSCANID.u_xsdbm_id/CORE_XSDB.UUT_MASTER/U_ICON_INTERFACE/U_CMD6_RD/U_RD_FIFO/SUBCORE_FIFO.xsdbm_v3_0_5_rdfifo_inst/inst_fifo_gen/gconvfifo.rf/grf.rf/rstblk/ngwrdrst.grst.g7serrst.gwrrd_rst_sync_stage[2].rrst_inst/ngwrdrst.grst.g7serrst.rd_rst_reg[2]_i_1, with 2 or more inputs, drives asynchronous preset/clear pin(s) dbg_hub/inst/BSCANID.u_xsdbm_id/CORE_XSDB.UUT_MASTER/U_ICON_INTERFACE/U_CMD6_RD/U_RD_FIFO/SUBCORE_FIFO.xsdbm_v3_0_5_rdfifo_inst/inst_fifo_gen/gconvfifo.rf/grf.rf/rstblk/ngwrdrst.grst.g7serrst.rd_rst_reg_reg[0]/PRE,
dbg_hub/inst/BSCANID.u_xsdbm_id/CORE_XSDB.UUT_MASTER/U_ICON_INTERFACE/U_CMD6_RD/U_RD_FIFO/SUBCORE_FIFO.xsdbm_v3_0_5_rdfifo_inst/inst_fifo_gen/gconvfifo.rf/grf.rf/rstblk/ngwrdrst.grst.g7serrst.rd_rst_reg_reg[1]/PRE
dbg_hub/inst/BSCANID.u_xsdbm_id/CORE_XSDB.UUT_MASTER/U_ICON_INTERFACE/U_CMD6_RD/U_RD_FIFO/SUBCORE_FIFO.xsdbm_v3_0_5_rdfifo_inst/inst_fifo_gen/gconvfifo.rf/grf.rf/rstblk/ngwrdrst.grst.g7serrst.rd_rst_reg_reg[2]/PRE. The LUT may glitch and trigger an unexpected reset, even if it is a properly timed path.
Related violations: <none>

LUTAR-1#2 Warning
LUT drives async reset alert  
LUT cell dbg_hub/inst/BSCANID.u_xsdbm_id/CORE_XSDB.UUT_MASTER/U_ICON_INTERFACE/U_CMD6_RD/U_RD_FIFO/SUBCORE_FIFO.xsdbm_v3_0_5_rdfifo_inst/inst_fifo_gen/gconvfifo.rf/grf.rf/rstblk/ngwrdrst.grst.g7serrst.gwrrd_rst_sync_stage[2].wrst_inst/ngwrdrst.grst.g7serrst.wr_rst_reg[2]_i_1, with 2 or more inputs, drives asynchronous preset/clear pin(s) dbg_hub/inst/BSCANID.u_xsdbm_id/CORE_XSDB.UUT_MASTER/U_ICON_INTERFACE/U_CMD6_RD/U_RD_FIFO/SUBCORE_FIFO.xsdbm_v3_0_5_rdfifo_inst/inst_fifo_gen/gconvfifo.rf/grf.rf/rstblk/ngwrdrst.grst.g7serrst.wr_rst_reg_reg[0]/PRE,
dbg_hub/inst/BSCANID.u_xsdbm_id/CORE_XSDB.UUT_MASTER/U_ICON_INTERFACE/U_CMD6_RD/U_RD_FIFO/SUBCORE_FIFO.xsdbm_v3_0_5_rdfifo_inst/inst_fifo_gen/gconvfifo.rf/grf.rf/rstblk/ngwrdrst.grst.g7serrst.wr_rst_reg_reg[1]/PRE
dbg_hub/inst/BSCANID.u_xsdbm_id/CORE_XSDB.UUT_MASTER/U_ICON_INTERFACE/U_CMD6_RD/U_RD_FIFO/SUBCORE_FIFO.xsdbm_v3_0_5_rdfifo_inst/inst_fifo_gen/gconvfifo.rf/grf.rf/rstblk/ngwrdrst.grst.g7serrst.wr_rst_reg_reg[2]/PRE. The LUT may glitch and trigger an unexpected reset, even if it is a properly timed path.
Related violations: <none>

LUTAR-1#3 Warning
LUT drives async reset alert  
LUT cell dbg_hub/inst/BSCANID.u_xsdbm_id/CORE_XSDB.UUT_MASTER/U_ICON_INTERFACE/U_CMD6_WR/U_WR_FIFO/SUBCORE_FIFO.xsdbm_v3_0_5_wrfifo_inst/inst_fifo_gen/gconvfifo.rf/grf.rf/rstblk/ngwrdrst.grst.g7serrst.gwrrd_rst_sync_stage[2].rrst_inst/ngwrdrst.grst.g7serrst.rd_rst_reg[2]_i_1, with 2 or more inputs, drives asynchronous preset/clear pin(s) dbg_hub/inst/BSCANID.u_xsdbm_id/CORE_XSDB.UUT_MASTER/U_ICON_INTERFACE/U_CMD6_WR/U_WR_FIFO/SUBCORE_FIFO.xsdbm_v3_0_5_wrfifo_inst/inst_fifo_gen/gconvfifo.rf/grf.rf/rstblk/ngwrdrst.grst.g7serrst.rd_rst_reg_reg[0]/PRE,
dbg_hub/inst/BSCANID.u_xsdbm_id/CORE_XSDB.UUT_MASTER/U_ICON_INTERFACE/U_CMD6_WR/U_WR_FIFO/SUBCORE_FIFO.xsdbm_v3_0_5_wrfifo_inst/inst_fifo_gen/gconvfifo.rf/grf.rf/rstblk/ngwrdrst.grst.g7serrst.rd_rst_reg_reg[1]/PRE
dbg_hub/inst/BSCANID.u_xsdbm_id/CORE_XSDB.UUT_MASTER/U_ICON_INTERFACE/U_CMD6_WR/U_WR_FIFO/SUBCORE_FIFO.xsdbm_v3_0_5_wrfifo_inst/inst_fifo_gen/gconvfifo.rf/grf.rf/rstblk/ngwrdrst.grst.g7serrst.rd_rst_reg_reg[2]/PRE. The LUT may glitch and trigger an unexpected reset, even if it is a properly timed path.
Related violations: <none>

LUTAR-1#4 Warning
LUT drives async reset alert  
LUT cell dbg_hub/inst/BSCANID.u_xsdbm_id/CORE_XSDB.UUT_MASTER/U_ICON_INTERFACE/U_CMD6_WR/U_WR_FIFO/SUBCORE_FIFO.xsdbm_v3_0_5_wrfifo_inst/inst_fifo_gen/gconvfifo.rf/grf.rf/rstblk/ngwrdrst.grst.g7serrst.gwrrd_rst_sync_stage[2].wrst_inst/ngwrdrst.grst.g7serrst.wr_rst_reg[2]_i_1, with 2 or more inputs, drives asynchronous preset/clear pin(s) dbg_hub/inst/BSCANID.u_xsdbm_id/CORE_XSDB.UUT_MASTER/U_ICON_INTERFACE/U_CMD6_WR/U_WR_FIFO/SUBCORE_FIFO.xsdbm_v3_0_5_wrfifo_inst/inst_fifo_gen/gconvfifo.rf/grf.rf/rstblk/ngwrdrst.grst.g7serrst.wr_rst_reg_reg[0]/PRE,
dbg_hub/inst/BSCANID.u_xsdbm_id/CORE_XSDB.UUT_MASTER/U_ICON_INTERFACE/U_CMD6_WR/U_WR_FIFO/SUBCORE_FIFO.xsdbm_v3_0_5_wrfifo_inst/inst_fifo_gen/gconvfifo.rf/grf.rf/rstblk/ngwrdrst.grst.g7serrst.wr_rst_reg_reg[1]/PRE
dbg_hub/inst/BSCANID.u_xsdbm_id/CORE_XSDB.UUT_MASTER/U_ICON_INTERFACE/U_CMD6_WR/U_WR_FIFO/SUBCORE_FIFO.xsdbm_v3_0_5_wrfifo_inst/inst_fifo_gen/gconvfifo.rf/grf.rf/rstblk/ngwrdrst.grst.g7serrst.wr_rst_reg_reg[2]/PRE. The LUT may glitch and trigger an unexpected reset, even if it is a properly timed path.
Related violations: <none>

LUTAR-1#5 Warning
LUT drives async reset alert  
LUT cell dbg_hub/inst/BSCANID.u_xsdbm_id/SWITCH_N_EXT_BSCAN.bscan_switch/m_bscan_sel[0]_INST_0, with 2 or more inputs, drives asynchronous preset/clear pin(s) dbg_hub/inst/BSCANID.u_xsdbm_id/CORE_XSDB.U_ICON/U_CMD/iTARGET_reg[10]/CLR,
dbg_hub/inst/BSCANID.u_xsdbm_id/CORE_XSDB.U_ICON/U_CMD/iTARGET_reg[11]/CLR,
dbg_hub/inst/BSCANID.u_xsdbm_id/CORE_XSDB.U_ICON/U_CMD/iTARGET_reg[12]/CLR,
dbg_hub/inst/BSCANID.u_xsdbm_id/CORE_XSDB.U_ICON/U_CMD/iTARGET_reg[13]/CLR,
dbg_hub/inst/BSCANID.u_xsdbm_id/CORE_XSDB.U_ICON/U_CMD/iTARGET_reg[14]/CLR,
dbg_hub/inst/BSCANID.u_xsdbm_id/CORE_XSDB.U_ICON/U_CMD/iTARGET_reg[15]/CLR,
dbg_hub/inst/BSCANID.u_xsdbm_id/CORE_XSDB.U_ICON/U_CMD/iTARGET_reg[6]/CLR,
dbg_hub/inst/BSCANID.u_xsdbm_id/CORE_XSDB.U_ICON/U_CMD/iTARGET_reg[7]/CLR,
dbg_hub/inst/BSCANID.u_xsdbm_id/CORE_XSDB.U_ICON/U_CMD/iTARGET_reg[8]/CLR
dbg_hub/inst/BSCANID.u_xsdbm_id/CORE_XSDB.U_ICON/U_CMD/iTARGET_reg[9]/CLR. The LUT may glitch and trigger an unexpected reset, even if it is a properly timed path.
Related violations: <none>

LUTAR-1#6 Warning
LUT drives async reset alert  
LUT cell video_pipe_hw_i/mipi_csi2_rx_subsyst_0/inst/rx/mipi_csi2_rx_ctrl_v1_0_14_top_dut/AXI_LITE.reg_inf/gen_spkt_fifo/xpm_arst_03_i_1, with 2 or more inputs, drives asynchronous preset/clear pin(s) video_pipe_hw_i/mipi_csi2_rx_subsyst_0/inst/rx/mipi_csi2_rx_ctrl_v1_0_14_top_dut/AXI_LITE.reg_inf/gen_spkt_fifo/xpm_arst_03/arststages_ff_reg[0]/CLR,
video_pipe_hw_i/mipi_csi2_rx_subsyst_0/inst/rx/mipi_csi2_rx_ctrl_v1_0_14_top_dut/AXI_LITE.reg_inf/gen_spkt_fifo/xpm_arst_03/arststages_ff_reg[1]/CLR
video_pipe_hw_i/mipi_csi2_rx_subsyst_0/inst/rx/mipi_csi2_rx_ctrl_v1_0_14_top_dut/AXI_LITE.reg_inf/gen_spkt_fifo/xpm_arst_03/arststages_ff_reg[2]/CLR. The LUT may glitch and trigger an unexpected reset, even if it is a properly timed path.
Related violations: <none>

TIMING-9#1 Warning
Unknown CDC Logic  
One or more asynchronous Clock Domain Crossing has been detected between 2 clock domains through a set_false_path or a set_clock_groups or set_max_delay -datapath_only constraint but no double-registers logic synchronizer has been found on the side of the capture clock. It is recommended to run report_cdc for a complete and detailed CDC coverage. Please consider using XPM_CDC to avoid Critical severities
Related violations: <none>

TIMING-16#1 Warning
Large setup violation  
There is a large setup violation of -1.002 ns between video_pipe_hw_i/autowhitebalance_acc_0/inst/grp_AWBKernel_fu_167/AWBKernel_Block_entry_proc_U0/fmul_32ns_32ns_32_3_max_dsp_1_U1/din0_buf1_reg[10]/C (clocked by clk_pl_0) and video_pipe_hw_i/autowhitebalance_acc_0/inst/grp_AWBKernel_fu_167/AWBKernel_Block_entry_proc_U0/fmul_32ns_32ns_32_3_max_dsp_1_U1/autowhitebalance_accel_fmul_32ns_32ns_32_3_max_dsp_1_ip_u/U0/i_synth/MULT.OP/i_non_prim.OP/RESULT_REG.NORMAL.mant_op_reg[4]/D (clocked by clk_pl_0). Large setup violations at the end of those stages might be difficult to fix during the post-placement implementation flow and could be the result of non-optimal XDC constraints or non-optimal design architecture
Related violations: <none>

TIMING-16#2 Warning
Large setup violation  
There is a large setup violation of -1.008 ns between video_pipe_hw_i/autowhitebalance_acc_0/inst/grp_AWBKernel_fu_167/AWBKernel_Block_entry_proc_U0/fmul_32ns_32ns_32_3_max_dsp_1_U1/din0_buf1_reg[10]/C (clocked by clk_pl_0) and video_pipe_hw_i/autowhitebalance_acc_0/inst/grp_AWBKernel_fu_167/AWBKernel_Block_entry_proc_U0/fmul_32ns_32ns_32_3_max_dsp_1_U1/autowhitebalance_accel_fmul_32ns_32ns_32_3_max_dsp_1_ip_u/U0/i_synth/MULT.OP/i_non_prim.OP/RESULT_REG.NORMAL.exp_op_reg[0]/D (clocked by clk_pl_0). Large setup violations at the end of those stages might be difficult to fix during the post-placement implementation flow and could be the result of non-optimal XDC constraints or non-optimal design architecture
Related violations: <none>

TIMING-16#3 Warning
Large setup violation  
There is a large setup violation of -1.028 ns between video_pipe_hw_i/autowhitebalance_acc_0/inst/grp_AWBKernel_fu_167/AWBKernel_Block_entry_proc_U0/fmul_32ns_32ns_32_3_max_dsp_1_U1/din0_buf1_reg[10]/C (clocked by clk_pl_0) and video_pipe_hw_i/autowhitebalance_acc_0/inst/grp_AWBKernel_fu_167/AWBKernel_Block_entry_proc_U0/fmul_32ns_32ns_32_3_max_dsp_1_U1/autowhitebalance_accel_fmul_32ns_32ns_32_3_max_dsp_1_ip_u/U0/i_synth/MULT.OP/i_non_prim.OP/RESULT_REG.NORMAL.mant_op_reg[1]/D (clocked by clk_pl_0). Large setup violations at the end of those stages might be difficult to fix during the post-placement implementation flow and could be the result of non-optimal XDC constraints or non-optimal design architecture
Related violations: <none>

TIMING-16#4 Warning
Large setup violation  
There is a large setup violation of -1.037 ns between video_pipe_hw_i/autowhitebalance_acc_0/inst/grp_AWBKernel_fu_167/AWBKernel_Block_entry_proc_U0/fmul_32ns_32ns_32_3_max_dsp_1_U1/din0_buf1_reg[10]/C (clocked by clk_pl_0) and video_pipe_hw_i/autowhitebalance_acc_0/inst/grp_AWBKernel_fu_167/AWBKernel_Block_entry_proc_U0/fmul_32ns_32ns_32_3_max_dsp_1_U1/autowhitebalance_accel_fmul_32ns_32ns_32_3_max_dsp_1_ip_u/U0/i_synth/MULT.OP/i_non_prim.OP/RESULT_REG.NORMAL.mant_op_reg[7]/D (clocked by clk_pl_0). Large setup violations at the end of those stages might be difficult to fix during the post-placement implementation flow and could be the result of non-optimal XDC constraints or non-optimal design architecture
Related violations: <none>

TIMING-16#5 Warning
Large setup violation  
There is a large setup violation of -1.038 ns between video_pipe_hw_i/autowhitebalance_acc_0/inst/grp_AWBKernel_fu_167/AWBKernel_Block_entry_proc_U0/fmul_32ns_32ns_32_3_max_dsp_1_U1/din0_buf1_reg[10]/C (clocked by clk_pl_0) and video_pipe_hw_i/autowhitebalance_acc_0/inst/grp_AWBKernel_fu_167/AWBKernel_Block_entry_proc_U0/fmul_32ns_32ns_32_3_max_dsp_1_U1/autowhitebalance_accel_fmul_32ns_32ns_32_3_max_dsp_1_ip_u/U0/i_synth/MULT.OP/i_non_prim.OP/RESULT_REG.NORMAL.mant_op_reg[13]/D (clocked by clk_pl_0). Large setup violations at the end of those stages might be difficult to fix during the post-placement implementation flow and could be the result of non-optimal XDC constraints or non-optimal design architecture
Related violations: <none>

TIMING-16#6 Warning
Large setup violation  
There is a large setup violation of -1.043 ns between video_pipe_hw_i/autowhitebalance_acc_0/inst/grp_AWBKernel_fu_167/AWBKernel_Block_entry_proc_U0/fmul_32ns_32ns_32_3_max_dsp_1_U1/din0_buf1_reg[10]/C (clocked by clk_pl_0) and video_pipe_hw_i/autowhitebalance_acc_0/inst/grp_AWBKernel_fu_167/AWBKernel_Block_entry_proc_U0/fmul_32ns_32ns_32_3_max_dsp_1_U1/autowhitebalance_accel_fmul_32ns_32ns_32_3_max_dsp_1_ip_u/U0/i_synth/MULT.OP/i_non_prim.OP/RESULT_REG.NORMAL.mant_op_reg[19]/D (clocked by clk_pl_0). Large setup violations at the end of those stages might be difficult to fix during the post-placement implementation flow and could be the result of non-optimal XDC constraints or non-optimal design architecture
Related violations: <none>

TIMING-16#7 Warning
Large setup violation  
There is a large setup violation of -1.044 ns between video_pipe_hw_i/autowhitebalance_acc_0/inst/grp_AWBKernel_fu_167/AWBKernel_Block_entry_proc_U0/fmul_32ns_32ns_32_3_max_dsp_1_U1/din0_buf1_reg[10]/C (clocked by clk_pl_0) and video_pipe_hw_i/autowhitebalance_acc_0/inst/grp_AWBKernel_fu_167/AWBKernel_Block_entry_proc_U0/fmul_32ns_32ns_32_3_max_dsp_1_U1/autowhitebalance_accel_fmul_32ns_32ns_32_3_max_dsp_1_ip_u/U0/i_synth/MULT.OP/i_non_prim.OP/RESULT_REG.NORMAL.mant_op_reg[5]/D (clocked by clk_pl_0). Large setup violations at the end of those stages might be difficult to fix during the post-placement implementation flow and could be the result of non-optimal XDC constraints or non-optimal design architecture
Related violations: <none>

TIMING-16#8 Warning
Large setup violation  
There is a large setup violation of -1.047 ns between video_pipe_hw_i/autowhitebalance_acc_0/inst/grp_AWBKernel_fu_167/AWBKernel_Block_entry_proc_U0/fmul_32ns_32ns_32_3_max_dsp_1_U1/din0_buf1_reg[10]/C (clocked by clk_pl_0) and video_pipe_hw_i/autowhitebalance_acc_0/inst/grp_AWBKernel_fu_167/AWBKernel_Block_entry_proc_U0/fmul_32ns_32ns_32_3_max_dsp_1_U1/autowhitebalance_accel_fmul_32ns_32ns_32_3_max_dsp_1_ip_u/U0/i_synth/MULT.OP/i_non_prim.OP/RESULT_REG.NORMAL.mant_op_reg[8]/D (clocked by clk_pl_0). Large setup violations at the end of those stages might be difficult to fix during the post-placement implementation flow and could be the result of non-optimal XDC constraints or non-optimal design architecture
Related violations: <none>

TIMING-16#9 Warning
Large setup violation  
There is a large setup violation of -1.051 ns between video_pipe_hw_i/autowhitebalance_acc_0/inst/grp_AWBKernel_fu_167/AWBKernel_Block_entry_proc_U0/fmul_32ns_32ns_32_3_max_dsp_1_U1/din0_buf1_reg[10]/C (clocked by clk_pl_0) and video_pipe_hw_i/autowhitebalance_acc_0/inst/grp_AWBKernel_fu_167/AWBKernel_Block_entry_proc_U0/fmul_32ns_32ns_32_3_max_dsp_1_U1/autowhitebalance_accel_fmul_32ns_32ns_32_3_max_dsp_1_ip_u/U0/i_synth/MULT.OP/i_non_prim.OP/RESULT_REG.NORMAL.mant_op_reg[16]/D (clocked by clk_pl_0). Large setup violations at the end of those stages might be difficult to fix during the post-placement implementation flow and could be the result of non-optimal XDC constraints or non-optimal design architecture
Related violations: <none>

TIMING-16#10 Warning
Large setup violation  
There is a large setup violation of -1.061 ns between video_pipe_hw_i/autowhitebalance_acc_0/inst/grp_AWBKernel_fu_167/AWBKernel_Block_entry_proc_U0/fmul_32ns_32ns_32_3_max_dsp_1_U1/din0_buf1_reg[10]/C (clocked by clk_pl_0) and video_pipe_hw_i/autowhitebalance_acc_0/inst/grp_AWBKernel_fu_167/AWBKernel_Block_entry_proc_U0/fmul_32ns_32ns_32_3_max_dsp_1_U1/autowhitebalance_accel_fmul_32ns_32ns_32_3_max_dsp_1_ip_u/U0/i_synth/MULT.OP/i_non_prim.OP/RESULT_REG.NORMAL.mant_op_reg[22]/D (clocked by clk_pl_0). Large setup violations at the end of those stages might be difficult to fix during the post-placement implementation flow and could be the result of non-optimal XDC constraints or non-optimal design architecture
Related violations: <none>

TIMING-16#11 Warning
Large setup violation  
There is a large setup violation of -1.062 ns between video_pipe_hw_i/autowhitebalance_acc_0/inst/grp_AWBKernel_fu_167/AWBKernel_Block_entry_proc_U0/fmul_32ns_32ns_32_3_max_dsp_1_U1/din0_buf1_reg[10]/C (clocked by clk_pl_0) and video_pipe_hw_i/autowhitebalance_acc_0/inst/grp_AWBKernel_fu_167/AWBKernel_Block_entry_proc_U0/fmul_32ns_32ns_32_3_max_dsp_1_U1/autowhitebalance_accel_fmul_32ns_32ns_32_3_max_dsp_1_ip_u/U0/i_synth/MULT.OP/i_non_prim.OP/RESULT_REG.NORMAL.mant_op_reg[2]/D (clocked by clk_pl_0). Large setup violations at the end of those stages might be difficult to fix during the post-placement implementation flow and could be the result of non-optimal XDC constraints or non-optimal design architecture
Related violations: <none>

TIMING-16#12 Warning
Large setup violation  
There is a large setup violation of -1.091 ns between video_pipe_hw_i/autowhitebalance_acc_0/inst/grp_AWBKernel_fu_167/AWBKernel_Block_entry_proc_U0/fmul_32ns_32ns_32_3_max_dsp_1_U1/din0_buf1_reg[10]/C (clocked by clk_pl_0) and video_pipe_hw_i/autowhitebalance_acc_0/inst/grp_AWBKernel_fu_167/AWBKernel_Block_entry_proc_U0/fmul_32ns_32ns_32_3_max_dsp_1_U1/autowhitebalance_accel_fmul_32ns_32ns_32_3_max_dsp_1_ip_u/U0/i_synth/MULT.OP/i_non_prim.OP/RESULT_REG.NORMAL.exp_op_reg[4]/D (clocked by clk_pl_0). Large setup violations at the end of those stages might be difficult to fix during the post-placement implementation flow and could be the result of non-optimal XDC constraints or non-optimal design architecture
Related violations: <none>

TIMING-16#13 Warning
Large setup violation  
There is a large setup violation of -1.098 ns between video_pipe_hw_i/autowhitebalance_acc_0/inst/grp_AWBKernel_fu_167/AWBKernel_Block_entry_proc_U0/fmul_32ns_32ns_32_3_max_dsp_1_U1/din0_buf1_reg[10]/C (clocked by clk_pl_0) and video_pipe_hw_i/autowhitebalance_acc_0/inst/grp_AWBKernel_fu_167/AWBKernel_Block_entry_proc_U0/fmul_32ns_32ns_32_3_max_dsp_1_U1/autowhitebalance_accel_fmul_32ns_32ns_32_3_max_dsp_1_ip_u/U0/i_synth/MULT.OP/i_non_prim.OP/RESULT_REG.NORMAL.exp_op_reg[2]/D (clocked by clk_pl_0). Large setup violations at the end of those stages might be difficult to fix during the post-placement implementation flow and could be the result of non-optimal XDC constraints or non-optimal design architecture
Related violations: <none>

TIMING-16#14 Warning
Large setup violation  
There is a large setup violation of -1.099 ns between video_pipe_hw_i/autowhitebalance_acc_0/inst/grp_AWBKernel_fu_167/AWBKernel_Block_entry_proc_U0/fmul_32ns_32ns_32_3_max_dsp_1_U1/din0_buf1_reg[10]/C (clocked by clk_pl_0) and video_pipe_hw_i/autowhitebalance_acc_0/inst/grp_AWBKernel_fu_167/AWBKernel_Block_entry_proc_U0/fmul_32ns_32ns_32_3_max_dsp_1_U1/autowhitebalance_accel_fmul_32ns_32ns_32_3_max_dsp_1_ip_u/U0/i_synth/MULT.OP/i_non_prim.OP/RESULT_REG.NORMAL.mant_op_reg[9]/D (clocked by clk_pl_0). Large setup violations at the end of those stages might be difficult to fix during the post-placement implementation flow and could be the result of non-optimal XDC constraints or non-optimal design architecture
Related violations: <none>

TIMING-16#15 Warning
Large setup violation  
There is a large setup violation of -1.107 ns between video_pipe_hw_i/autowhitebalance_acc_0/inst/grp_AWBKernel_fu_167/AWBKernel_Block_entry_proc_U0/fmul_32ns_32ns_32_3_max_dsp_1_U1/din0_buf1_reg[10]/C (clocked by clk_pl_0) and video_pipe_hw_i/autowhitebalance_acc_0/inst/grp_AWBKernel_fu_167/AWBKernel_Block_entry_proc_U0/fmul_32ns_32ns_32_3_max_dsp_1_U1/autowhitebalance_accel_fmul_32ns_32ns_32_3_max_dsp_1_ip_u/U0/i_synth/MULT.OP/i_non_prim.OP/RESULT_REG.NORMAL.exp_op_reg[6]/D (clocked by clk_pl_0). Large setup violations at the end of those stages might be difficult to fix during the post-placement implementation flow and could be the result of non-optimal XDC constraints or non-optimal design architecture
Related violations: <none>

TIMING-16#16 Warning
Large setup violation  
There is a large setup violation of -1.120 ns between video_pipe_hw_i/autowhitebalance_acc_0/inst/grp_AWBKernel_fu_167/AWBKernel_Block_entry_proc_U0/fmul_32ns_32ns_32_3_max_dsp_1_U1/din0_buf1_reg[10]/C (clocked by clk_pl_0) and video_pipe_hw_i/autowhitebalance_acc_0/inst/grp_AWBKernel_fu_167/AWBKernel_Block_entry_proc_U0/fmul_32ns_32ns_32_3_max_dsp_1_U1/autowhitebalance_accel_fmul_32ns_32ns_32_3_max_dsp_1_ip_u/U0/i_synth/MULT.OP/i_non_prim.OP/RESULT_REG.NORMAL.exp_op_reg[5]/D (clocked by clk_pl_0). Large setup violations at the end of those stages might be difficult to fix during the post-placement implementation flow and could be the result of non-optimal XDC constraints or non-optimal design architecture
Related violations: <none>

TIMING-16#17 Warning
Large setup violation  
There is a large setup violation of -1.136 ns between video_pipe_hw_i/autowhitebalance_acc_0/inst/grp_AWBKernel_fu_167/AWBKernel_Block_entry_proc_U0/fmul_32ns_32ns_32_3_max_dsp_1_U1/din0_buf1_reg[10]/C (clocked by clk_pl_0) and video_pipe_hw_i/autowhitebalance_acc_0/inst/grp_AWBKernel_fu_167/AWBKernel_Block_entry_proc_U0/fmul_32ns_32ns_32_3_max_dsp_1_U1/autowhitebalance_accel_fmul_32ns_32ns_32_3_max_dsp_1_ip_u/U0/i_synth/MULT.OP/i_non_prim.OP/RESULT_REG.NORMAL.mant_op_reg[10]/D (clocked by clk_pl_0). Large setup violations at the end of those stages might be difficult to fix during the post-placement implementation flow and could be the result of non-optimal XDC constraints or non-optimal design architecture
Related violations: <none>

TIMING-16#18 Warning
Large setup violation  
There is a large setup violation of -1.144 ns between video_pipe_hw_i/autowhitebalance_acc_0/inst/grp_AWBKernel_fu_167/AWBKernel_Block_entry_proc_U0/fmul_32ns_32ns_32_3_max_dsp_1_U1/din0_buf1_reg[10]/C (clocked by clk_pl_0) and video_pipe_hw_i/autowhitebalance_acc_0/inst/grp_AWBKernel_fu_167/AWBKernel_Block_entry_proc_U0/fmul_32ns_32ns_32_3_max_dsp_1_U1/autowhitebalance_accel_fmul_32ns_32ns_32_3_max_dsp_1_ip_u/U0/i_synth/MULT.OP/i_non_prim.OP/RESULT_REG.NORMAL.exp_op_reg[7]/D (clocked by clk_pl_0). Large setup violations at the end of those stages might be difficult to fix during the post-placement implementation flow and could be the result of non-optimal XDC constraints or non-optimal design architecture
Related violations: <none>

TIMING-16#19 Warning
Large setup violation  
There is a large setup violation of -1.145 ns between video_pipe_hw_i/autowhitebalance_acc_0/inst/grp_AWBKernel_fu_167/AWBKernel_Block_entry_proc_U0/fmul_32ns_32ns_32_3_max_dsp_1_U1/din0_buf1_reg[10]/C (clocked by clk_pl_0) and video_pipe_hw_i/autowhitebalance_acc_0/inst/grp_AWBKernel_fu_167/AWBKernel_Block_entry_proc_U0/fmul_32ns_32ns_32_3_max_dsp_1_U1/autowhitebalance_accel_fmul_32ns_32ns_32_3_max_dsp_1_ip_u/U0/i_synth/MULT.OP/i_non_prim.OP/RESULT_REG.NORMAL.exp_op_reg[1]/D (clocked by clk_pl_0). Large setup violations at the end of those stages might be difficult to fix during the post-placement implementation flow and could be the result of non-optimal XDC constraints or non-optimal design architecture
Related violations: <none>

TIMING-16#20 Warning
Large setup violation  
There is a large setup violation of -1.198 ns between video_pipe_hw_i/autowhitebalance_acc_0/inst/grp_AWBKernel_fu_167/AWBKernel_Block_entry_proc_U0/fmul_32ns_32ns_32_3_max_dsp_1_U1/din0_buf1_reg[10]/C (clocked by clk_pl_0) and video_pipe_hw_i/autowhitebalance_acc_0/inst/grp_AWBKernel_fu_167/AWBKernel_Block_entry_proc_U0/fmul_32ns_32ns_32_3_max_dsp_1_U1/autowhitebalance_accel_fmul_32ns_32ns_32_3_max_dsp_1_ip_u/U0/i_synth/MULT.OP/i_non_prim.OP/RESULT_REG.NORMAL.exp_op_reg[3]/D (clocked by clk_pl_0). Large setup violations at the end of those stages might be difficult to fix during the post-placement implementation flow and could be the result of non-optimal XDC constraints or non-optimal design architecture
Related violations: <none>

TIMING-16#21 Warning
Large setup violation  
There is a large setup violation of -1.339 ns between video_pipe_hw_i/autowhitebalance_acc_0/inst/grp_AWBKernel_fu_167/AWBChannelGain_20_20_2160_3840_1_0_2_2_U0/grp_AWBChannelGainKernel_20_20_2160_3840_1_2_2_3_23_23_13_13_3840_s_fu_79/grp_AWBChannelGainKernel_Pipeline_Col_Loop_fu_258/val1_reg_347_reg[3]/C (clocked by clk_pl_0) and video_pipe_hw_i/autowhitebalance_acc_0/inst/grp_AWBKernel_fu_167/AWBChannelGain_20_20_2160_3840_1_0_2_2_U0/grp_AWBChannelGainKernel_20_20_2160_3840_1_2_2_3_23_23_13_13_3840_s_fu_79/tmpsum_vals_fu_158_reg[27]/D (clocked by clk_pl_0). Large setup violations at the end of those stages might be difficult to fix during the post-placement implementation flow and could be the result of non-optimal XDC constraints or non-optimal design architecture
Related violations: <none>

TIMING-16#22 Warning
Large setup violation  
There is a large setup violation of -1.344 ns between video_pipe_hw_i/autowhitebalance_acc_0/inst/grp_AWBKernel_fu_167/AWBChannelGain_20_20_2160_3840_1_0_2_2_U0/grp_AWBChannelGainKernel_20_20_2160_3840_1_2_2_3_23_23_13_13_3840_s_fu_79/grp_AWBChannelGainKernel_Pipeline_Col_Loop_fu_258/val1_reg_347_reg[3]/C (clocked by clk_pl_0) and video_pipe_hw_i/autowhitebalance_acc_0/inst/grp_AWBKernel_fu_167/AWBChannelGain_20_20_2160_3840_1_0_2_2_U0/grp_AWBChannelGainKernel_20_20_2160_3840_1_2_2_3_23_23_13_13_3840_s_fu_79/tmpsum_vals_fu_158_reg[15]/D (clocked by clk_pl_0). Large setup violations at the end of those stages might be difficult to fix during the post-placement implementation flow and could be the result of non-optimal XDC constraints or non-optimal design architecture
Related violations: <none>

TIMING-16#23 Warning
Large setup violation  
There is a large setup violation of -1.370 ns between video_pipe_hw_i/autowhitebalance_acc_0/inst/grp_AWBKernel_fu_167/AWBChannelGain_20_20_2160_3840_1_0_2_2_U0/grp_AWBChannelGainKernel_20_20_2160_3840_1_2_2_3_23_23_13_13_3840_s_fu_79/grp_AWBChannelGainKernel_Pipeline_Col_Loop_fu_258/val1_reg_347_reg[3]/C (clocked by clk_pl_0) and video_pipe_hw_i/autowhitebalance_acc_0/inst/grp_AWBKernel_fu_167/AWBChannelGain_20_20_2160_3840_1_0_2_2_U0/grp_AWBChannelGainKernel_20_20_2160_3840_1_2_2_3_23_23_13_13_3840_s_fu_79/tmpsum_vals_fu_158_reg[14]/D (clocked by clk_pl_0). Large setup violations at the end of those stages might be difficult to fix during the post-placement implementation flow and could be the result of non-optimal XDC constraints or non-optimal design architecture
Related violations: <none>

TIMING-16#24 Warning
Large setup violation  
There is a large setup violation of -1.371 ns between video_pipe_hw_i/autowhitebalance_acc_0/inst/grp_AWBKernel_fu_167/AWBChannelGain_20_20_2160_3840_1_0_2_2_U0/grp_AWBChannelGainKernel_20_20_2160_3840_1_2_2_3_23_23_13_13_3840_s_fu_79/grp_AWBChannelGainKernel_Pipeline_Col_Loop_fu_258/val1_reg_347_reg[3]/C (clocked by clk_pl_0) and video_pipe_hw_i/autowhitebalance_acc_0/inst/grp_AWBKernel_fu_167/AWBChannelGain_20_20_2160_3840_1_0_2_2_U0/grp_AWBChannelGainKernel_20_20_2160_3840_1_2_2_3_23_23_13_13_3840_s_fu_79/tmpsum_vals_fu_158_reg[26]/D (clocked by clk_pl_0). Large setup violations at the end of those stages might be difficult to fix during the post-placement implementation flow and could be the result of non-optimal XDC constraints or non-optimal design architecture
Related violations: <none>

TIMING-16#25 Warning
Large setup violation  
There is a large setup violation of -1.374 ns between video_pipe_hw_i/autowhitebalance_acc_0/inst/grp_AWBKernel_fu_167/AWBChannelGain_20_20_2160_3840_1_0_2_2_U0/grp_AWBChannelGainKernel_20_20_2160_3840_1_2_2_3_23_23_13_13_3840_s_fu_79/grp_AWBChannelGainKernel_Pipeline_Col_Loop_fu_258/val1_reg_347_reg[3]/C (clocked by clk_pl_0) and video_pipe_hw_i/autowhitebalance_acc_0/inst/grp_AWBKernel_fu_167/AWBChannelGain_20_20_2160_3840_1_0_2_2_U0/grp_AWBChannelGainKernel_20_20_2160_3840_1_2_2_3_23_23_13_13_3840_s_fu_79/tmpsum_vals_fu_158_reg[13]/D (clocked by clk_pl_0). Large setup violations at the end of those stages might be difficult to fix during the post-placement implementation flow and could be the result of non-optimal XDC constraints or non-optimal design architecture
Related violations: <none>

TIMING-16#26 Warning
Large setup violation  
There is a large setup violation of -1.380 ns between video_pipe_hw_i/autowhitebalance_acc_0/inst/grp_AWBKernel_fu_167/AWBChannelGain_20_20_2160_3840_1_0_2_2_U0/grp_AWBChannelGainKernel_20_20_2160_3840_1_2_2_3_23_23_13_13_3840_s_fu_79/grp_AWBChannelGainKernel_Pipeline_Col_Loop_fu_258/val1_reg_347_reg[3]/C (clocked by clk_pl_0) and video_pipe_hw_i/autowhitebalance_acc_0/inst/grp_AWBKernel_fu_167/AWBChannelGain_20_20_2160_3840_1_0_2_2_U0/grp_AWBChannelGainKernel_20_20_2160_3840_1_2_2_3_23_23_13_13_3840_s_fu_79/tmpsum_vals_1_fu_154_reg[23]/D (clocked by clk_pl_0). Large setup violations at the end of those stages might be difficult to fix during the post-placement implementation flow and could be the result of non-optimal XDC constraints or non-optimal design architecture
Related violations: <none>

TIMING-16#27 Warning
Large setup violation  
There is a large setup violation of -1.412 ns between video_pipe_hw_i/autowhitebalance_acc_0/inst/grp_AWBKernel_fu_167/AWBChannelGain_20_20_2160_3840_1_0_2_2_U0/grp_AWBChannelGainKernel_20_20_2160_3840_1_2_2_3_23_23_13_13_3840_s_fu_79/grp_AWBChannelGainKernel_Pipeline_Col_Loop_fu_258/val1_reg_347_reg[3]/C (clocked by clk_pl_0) and video_pipe_hw_i/autowhitebalance_acc_0/inst/grp_AWBKernel_fu_167/AWBChannelGain_20_20_2160_3840_1_0_2_2_U0/grp_AWBChannelGainKernel_20_20_2160_3840_1_2_2_3_23_23_13_13_3840_s_fu_79/tmpsum_vals_fu_158_reg[12]/D (clocked by clk_pl_0). Large setup violations at the end of those stages might be difficult to fix during the post-placement implementation flow and could be the result of non-optimal XDC constraints or non-optimal design architecture
Related violations: <none>

TIMING-16#28 Warning
Large setup violation  
There is a large setup violation of -1.416 ns between video_pipe_hw_i/autowhitebalance_acc_0/inst/grp_AWBKernel_fu_167/AWBChannelGain_20_20_2160_3840_1_0_2_2_U0/grp_AWBChannelGainKernel_20_20_2160_3840_1_2_2_3_23_23_13_13_3840_s_fu_79/grp_AWBChannelGainKernel_Pipeline_Col_Loop_fu_258/val1_reg_347_reg[3]/C (clocked by clk_pl_0) and video_pipe_hw_i/autowhitebalance_acc_0/inst/grp_AWBKernel_fu_167/AWBChannelGain_20_20_2160_3840_1_0_2_2_U0/grp_AWBChannelGainKernel_20_20_2160_3840_1_2_2_3_23_23_13_13_3840_s_fu_79/tmpsum_vals_1_fu_154_reg[22]/D (clocked by clk_pl_0). Large setup violations at the end of those stages might be difficult to fix during the post-placement implementation flow and could be the result of non-optimal XDC constraints or non-optimal design architecture
Related violations: <none>

TIMING-16#29 Warning
Large setup violation  
There is a large setup violation of -1.478 ns between video_pipe_hw_i/autowhitebalance_acc_0/inst/grp_AWBKernel_fu_167/AWBChannelGain_20_20_2160_3840_1_0_2_2_U0/grp_AWBChannelGainKernel_20_20_2160_3840_1_2_2_3_23_23_13_13_3840_s_fu_79/grp_AWBChannelGainKernel_Pipeline_Col_Loop_fu_258/val1_reg_347_reg[3]/C (clocked by clk_pl_0) and video_pipe_hw_i/autowhitebalance_acc_0/inst/grp_AWBKernel_fu_167/AWBChannelGain_20_20_2160_3840_1_0_2_2_U0/grp_AWBChannelGainKernel_20_20_2160_3840_1_2_2_3_23_23_13_13_3840_s_fu_79/tmpsum_vals_fu_158_reg[21]/D (clocked by clk_pl_0). Large setup violations at the end of those stages might be difficult to fix during the post-placement implementation flow and could be the result of non-optimal XDC constraints or non-optimal design architecture
Related violations: <none>

TIMING-16#30 Warning
Large setup violation  
There is a large setup violation of -1.480 ns between video_pipe_hw_i/autowhitebalance_acc_0/inst/grp_AWBKernel_fu_167/AWBChannelGain_20_20_2160_3840_1_0_2_2_U0/grp_AWBChannelGainKernel_20_20_2160_3840_1_2_2_3_23_23_13_13_3840_s_fu_79/grp_AWBChannelGainKernel_Pipeline_Col_Loop_fu_258/val1_reg_347_reg[3]/C (clocked by clk_pl_0) and video_pipe_hw_i/autowhitebalance_acc_0/inst/grp_AWBKernel_fu_167/AWBChannelGain_20_20_2160_3840_1_0_2_2_U0/grp_AWBChannelGainKernel_20_20_2160_3840_1_2_2_3_23_23_13_13_3840_s_fu_79/tmpsum_vals_1_fu_154_reg[27]/D (clocked by clk_pl_0). Large setup violations at the end of those stages might be difficult to fix during the post-placement implementation flow and could be the result of non-optimal XDC constraints or non-optimal design architecture
Related violations: <none>

TIMING-16#31 Warning
Large setup violation  
There is a large setup violation of -1.483 ns between video_pipe_hw_i/autowhitebalance_acc_0/inst/grp_AWBKernel_fu_167/AWBChannelGain_20_20_2160_3840_1_0_2_2_U0/grp_AWBChannelGainKernel_20_20_2160_3840_1_2_2_3_23_23_13_13_3840_s_fu_79/grp_AWBChannelGainKernel_Pipeline_Col_Loop_fu_258/val1_reg_347_reg[3]/C (clocked by clk_pl_0) and video_pipe_hw_i/autowhitebalance_acc_0/inst/grp_AWBKernel_fu_167/AWBChannelGain_20_20_2160_3840_1_0_2_2_U0/grp_AWBChannelGainKernel_20_20_2160_3840_1_2_2_3_23_23_13_13_3840_s_fu_79/tmpsum_vals_2_fu_150_reg[17]/D (clocked by clk_pl_0). Large setup violations at the end of those stages might be difficult to fix during the post-placement implementation flow and could be the result of non-optimal XDC constraints or non-optimal design architecture
Related violations: <none>

TIMING-16#32 Warning
Large setup violation  
There is a large setup violation of -1.483 ns between video_pipe_hw_i/autowhitebalance_acc_0/inst/grp_AWBKernel_fu_167/AWBChannelGain_20_20_2160_3840_1_0_2_2_U0/grp_AWBChannelGainKernel_20_20_2160_3840_1_2_2_3_23_23_13_13_3840_s_fu_79/grp_AWBChannelGainKernel_Pipeline_Col_Loop_fu_258/val1_reg_347_reg[3]/C (clocked by clk_pl_0) and video_pipe_hw_i/autowhitebalance_acc_0/inst/grp_AWBKernel_fu_167/AWBChannelGain_20_20_2160_3840_1_0_2_2_U0/grp_AWBChannelGainKernel_20_20_2160_3840_1_2_2_3_23_23_13_13_3840_s_fu_79/tmpsum_vals_2_fu_150_reg[37]/D (clocked by clk_pl_0). Large setup violations at the end of those stages might be difficult to fix during the post-placement implementation flow and could be the result of non-optimal XDC constraints or non-optimal design architecture
Related violations: <none>

TIMING-16#33 Warning
Large setup violation  
There is a large setup violation of -1.486 ns between video_pipe_hw_i/autowhitebalance_acc_0/inst/grp_AWBKernel_fu_167/AWBChannelGain_20_20_2160_3840_1_0_2_2_U0/grp_AWBChannelGainKernel_20_20_2160_3840_1_2_2_3_23_23_13_13_3840_s_fu_79/grp_AWBChannelGainKernel_Pipeline_Col_Loop_fu_258/val1_reg_347_reg[3]/C (clocked by clk_pl_0) and video_pipe_hw_i/autowhitebalance_acc_0/inst/grp_AWBKernel_fu_167/AWBChannelGain_20_20_2160_3840_1_0_2_2_U0/grp_AWBChannelGainKernel_20_20_2160_3840_1_2_2_3_23_23_13_13_3840_s_fu_79/tmpsum_vals_2_fu_150_reg[13]/D (clocked by clk_pl_0). Large setup violations at the end of those stages might be difficult to fix during the post-placement implementation flow and could be the result of non-optimal XDC constraints or non-optimal design architecture
Related violations: <none>

TIMING-16#34 Warning
Large setup violation  
There is a large setup violation of -1.493 ns between video_pipe_hw_i/autowhitebalance_acc_0/inst/grp_AWBKernel_fu_167/AWBChannelGain_20_20_2160_3840_1_0_2_2_U0/grp_AWBChannelGainKernel_20_20_2160_3840_1_2_2_3_23_23_13_13_3840_s_fu_79/grp_AWBChannelGainKernel_Pipeline_Col_Loop_fu_258/val1_reg_347_reg[3]/C (clocked by clk_pl_0) and video_pipe_hw_i/autowhitebalance_acc_0/inst/grp_AWBKernel_fu_167/AWBChannelGain_20_20_2160_3840_1_0_2_2_U0/grp_AWBChannelGainKernel_20_20_2160_3840_1_2_2_3_23_23_13_13_3840_s_fu_79/tmpsum_vals_1_fu_154_reg[25]/D (clocked by clk_pl_0). Large setup violations at the end of those stages might be difficult to fix during the post-placement implementation flow and could be the result of non-optimal XDC constraints or non-optimal design architecture
Related violations: <none>

TIMING-16#35 Warning
Large setup violation  
There is a large setup violation of -1.493 ns between video_pipe_hw_i/autowhitebalance_acc_0/inst/grp_AWBKernel_fu_167/AWBChannelGain_20_20_2160_3840_1_0_2_2_U0/grp_AWBChannelGainKernel_20_20_2160_3840_1_2_2_3_23_23_13_13_3840_s_fu_79/grp_AWBChannelGainKernel_Pipeline_Col_Loop_fu_258/val1_reg_347_reg[3]/C (clocked by clk_pl_0) and video_pipe_hw_i/autowhitebalance_acc_0/inst/grp_AWBKernel_fu_167/AWBChannelGain_20_20_2160_3840_1_0_2_2_U0/grp_AWBChannelGainKernel_20_20_2160_3840_1_2_2_3_23_23_13_13_3840_s_fu_79/tmpsum_vals_2_fu_150_reg[21]/D (clocked by clk_pl_0). Large setup violations at the end of those stages might be difficult to fix during the post-placement implementation flow and could be the result of non-optimal XDC constraints or non-optimal design architecture
Related violations: <none>

TIMING-16#36 Warning
Large setup violation  
There is a large setup violation of -1.494 ns between video_pipe_hw_i/autowhitebalance_acc_0/inst/grp_AWBKernel_fu_167/AWBChannelGain_20_20_2160_3840_1_0_2_2_U0/grp_AWBChannelGainKernel_20_20_2160_3840_1_2_2_3_23_23_13_13_3840_s_fu_79/grp_AWBChannelGainKernel_Pipeline_Col_Loop_fu_258/val1_reg_347_reg[3]/C (clocked by clk_pl_0) and video_pipe_hw_i/autowhitebalance_acc_0/inst/grp_AWBKernel_fu_167/AWBChannelGain_20_20_2160_3840_1_0_2_2_U0/grp_AWBChannelGainKernel_20_20_2160_3840_1_2_2_3_23_23_13_13_3840_s_fu_79/tmpsum_vals_1_fu_154_reg[29]/D (clocked by clk_pl_0). Large setup violations at the end of those stages might be difficult to fix during the post-placement implementation flow and could be the result of non-optimal XDC constraints or non-optimal design architecture
Related violations: <none>

TIMING-16#37 Warning
Large setup violation  
There is a large setup violation of -1.496 ns between video_pipe_hw_i/autowhitebalance_acc_0/inst/grp_AWBKernel_fu_167/AWBChannelGain_20_20_2160_3840_1_0_2_2_U0/grp_AWBChannelGainKernel_20_20_2160_3840_1_2_2_3_23_23_13_13_3840_s_fu_79/grp_AWBChannelGainKernel_Pipeline_Col_Loop_fu_258/val1_reg_347_reg[3]/C (clocked by clk_pl_0) and video_pipe_hw_i/autowhitebalance_acc_0/inst/grp_AWBKernel_fu_167/AWBChannelGain_20_20_2160_3840_1_0_2_2_U0/grp_AWBChannelGainKernel_20_20_2160_3840_1_2_2_3_23_23_13_13_3840_s_fu_79/tmpsum_vals_1_fu_154_reg[37]/D (clocked by clk_pl_0). Large setup violations at the end of those stages might be difficult to fix during the post-placement implementation flow and could be the result of non-optimal XDC constraints or non-optimal design architecture
Related violations: <none>

TIMING-16#38 Warning
Large setup violation  
There is a large setup violation of -1.496 ns between video_pipe_hw_i/autowhitebalance_acc_0/inst/grp_AWBKernel_fu_167/AWBChannelGain_20_20_2160_3840_1_0_2_2_U0/grp_AWBChannelGainKernel_20_20_2160_3840_1_2_2_3_23_23_13_13_3840_s_fu_79/grp_AWBChannelGainKernel_Pipeline_Col_Loop_fu_258/val1_reg_347_reg[3]/C (clocked by clk_pl_0) and video_pipe_hw_i/autowhitebalance_acc_0/inst/grp_AWBKernel_fu_167/AWBChannelGain_20_20_2160_3840_1_0_2_2_U0/grp_AWBChannelGainKernel_20_20_2160_3840_1_2_2_3_23_23_13_13_3840_s_fu_79/tmpsum_vals_1_fu_154_reg[9]/D (clocked by clk_pl_0). Large setup violations at the end of those stages might be difficult to fix during the post-placement implementation flow and could be the result of non-optimal XDC constraints or non-optimal design architecture
Related violations: <none>

TIMING-16#39 Warning
Large setup violation  
There is a large setup violation of -1.514 ns between video_pipe_hw_i/autowhitebalance_acc_0/inst/grp_AWBKernel_fu_167/AWBChannelGain_20_20_2160_3840_1_0_2_2_U0/grp_AWBChannelGainKernel_20_20_2160_3840_1_2_2_3_23_23_13_13_3840_s_fu_79/grp_AWBChannelGainKernel_Pipeline_Col_Loop_fu_258/val1_reg_347_reg[3]/C (clocked by clk_pl_0) and video_pipe_hw_i/autowhitebalance_acc_0/inst/grp_AWBKernel_fu_167/AWBChannelGain_20_20_2160_3840_1_0_2_2_U0/grp_AWBChannelGainKernel_20_20_2160_3840_1_2_2_3_23_23_13_13_3840_s_fu_79/tmpsum_vals_1_fu_154_reg[5]/D (clocked by clk_pl_0). Large setup violations at the end of those stages might be difficult to fix during the post-placement implementation flow and could be the result of non-optimal XDC constraints or non-optimal design architecture
Related violations: <none>

TIMING-16#40 Warning
Large setup violation  
There is a large setup violation of -1.518 ns between video_pipe_hw_i/autowhitebalance_acc_0/inst/grp_AWBKernel_fu_167/AWBChannelGain_20_20_2160_3840_1_0_2_2_U0/grp_AWBChannelGainKernel_20_20_2160_3840_1_2_2_3_23_23_13_13_3840_s_fu_79/grp_AWBChannelGainKernel_Pipeline_Col_Loop_fu_258/val1_reg_347_reg[3]/C (clocked by clk_pl_0) and video_pipe_hw_i/autowhitebalance_acc_0/inst/grp_AWBKernel_fu_167/AWBChannelGain_20_20_2160_3840_1_0_2_2_U0/grp_AWBChannelGainKernel_20_20_2160_3840_1_2_2_3_23_23_13_13_3840_s_fu_79/tmpsum_vals_fu_158_reg[20]/D (clocked by clk_pl_0). Large setup violations at the end of those stages might be difficult to fix during the post-placement implementation flow and could be the result of non-optimal XDC constraints or non-optimal design architecture
Related violations: <none>

TIMING-16#41 Warning
Large setup violation  
There is a large setup violation of -1.520 ns between video_pipe_hw_i/autowhitebalance_acc_0/inst/grp_AWBKernel_fu_167/AWBChannelGain_20_20_2160_3840_1_0_2_2_U0/grp_AWBChannelGainKernel_20_20_2160_3840_1_2_2_3_23_23_13_13_3840_s_fu_79/grp_AWBChannelGainKernel_Pipeline_Col_Loop_fu_258/val1_reg_347_reg[3]/C (clocked by clk_pl_0) and video_pipe_hw_i/autowhitebalance_acc_0/inst/grp_AWBKernel_fu_167/AWBChannelGain_20_20_2160_3840_1_0_2_2_U0/grp_AWBChannelGainKernel_20_20_2160_3840_1_2_2_3_23_23_13_13_3840_s_fu_79/tmpsum_vals_1_fu_154_reg[26]/D (clocked by clk_pl_0). Large setup violations at the end of those stages might be difficult to fix during the post-placement implementation flow and could be the result of non-optimal XDC constraints or non-optimal design architecture
Related violations: <none>

TIMING-16#42 Warning
Large setup violation  
There is a large setup violation of -1.521 ns between video_pipe_hw_i/autowhitebalance_acc_0/inst/grp_AWBKernel_fu_167/AWBChannelGain_20_20_2160_3840_1_0_2_2_U0/grp_AWBChannelGainKernel_20_20_2160_3840_1_2_2_3_23_23_13_13_3840_s_fu_79/grp_AWBChannelGainKernel_Pipeline_Col_Loop_fu_258/val1_reg_347_reg[3]/C (clocked by clk_pl_0) and video_pipe_hw_i/autowhitebalance_acc_0/inst/grp_AWBKernel_fu_167/AWBChannelGain_20_20_2160_3840_1_0_2_2_U0/grp_AWBChannelGainKernel_20_20_2160_3840_1_2_2_3_23_23_13_13_3840_s_fu_79/tmpsum_vals_2_fu_150_reg[16]/D (clocked by clk_pl_0). Large setup violations at the end of those stages might be difficult to fix during the post-placement implementation flow and could be the result of non-optimal XDC constraints or non-optimal design architecture
Related violations: <none>

TIMING-16#43 Warning
Large setup violation  
There is a large setup violation of -1.522 ns between video_pipe_hw_i/autowhitebalance_acc_0/inst/grp_AWBKernel_fu_167/impop_data_U/addr_reg[0]/C (clocked by clk_pl_0) and video_pipe_hw_i/autowhitebalance_acc_0/inst/grp_AWBKernel_fu_167/AWBGainUpdate_20_20_2160_3840_1_0_2_2_U0/grp_AWBGainUpdate_20_20_2160_3840_1_0_2_2_Pipeline_ColLoop1_fu_84/select_ln45_2_reg_343_reg[0]/S (clocked by clk_pl_0). Large setup violations at the end of those stages might be difficult to fix during the post-placement implementation flow and could be the result of non-optimal XDC constraints or non-optimal design architecture
Related violations: <none>

TIMING-16#44 Warning
Large setup violation  
There is a large setup violation of -1.522 ns between video_pipe_hw_i/autowhitebalance_acc_0/inst/grp_AWBKernel_fu_167/impop_data_U/addr_reg[0]/C (clocked by clk_pl_0) and video_pipe_hw_i/autowhitebalance_acc_0/inst/grp_AWBKernel_fu_167/AWBGainUpdate_20_20_2160_3840_1_0_2_2_U0/grp_AWBGainUpdate_20_20_2160_3840_1_0_2_2_Pipeline_ColLoop1_fu_84/select_ln45_2_reg_343_reg[1]/S (clocked by clk_pl_0). Large setup violations at the end of those stages might be difficult to fix during the post-placement implementation flow and could be the result of non-optimal XDC constraints or non-optimal design architecture
Related violations: <none>

TIMING-16#45 Warning
Large setup violation  
There is a large setup violation of -1.522 ns between video_pipe_hw_i/autowhitebalance_acc_0/inst/grp_AWBKernel_fu_167/impop_data_U/addr_reg[0]/C (clocked by clk_pl_0) and video_pipe_hw_i/autowhitebalance_acc_0/inst/grp_AWBKernel_fu_167/AWBGainUpdate_20_20_2160_3840_1_0_2_2_U0/grp_AWBGainUpdate_20_20_2160_3840_1_0_2_2_Pipeline_ColLoop1_fu_84/select_ln45_2_reg_343_reg[2]/S (clocked by clk_pl_0). Large setup violations at the end of those stages might be difficult to fix during the post-placement implementation flow and could be the result of non-optimal XDC constraints or non-optimal design architecture
Related violations: <none>

TIMING-16#46 Warning
Large setup violation  
There is a large setup violation of -1.522 ns between video_pipe_hw_i/autowhitebalance_acc_0/inst/grp_AWBKernel_fu_167/impop_data_U/addr_reg[0]/C (clocked by clk_pl_0) and video_pipe_hw_i/autowhitebalance_acc_0/inst/grp_AWBKernel_fu_167/AWBGainUpdate_20_20_2160_3840_1_0_2_2_U0/grp_AWBGainUpdate_20_20_2160_3840_1_0_2_2_Pipeline_ColLoop1_fu_84/select_ln45_2_reg_343_reg[3]/S (clocked by clk_pl_0). Large setup violations at the end of those stages might be difficult to fix during the post-placement implementation flow and could be the result of non-optimal XDC constraints or non-optimal design architecture
Related violations: <none>

TIMING-16#47 Warning
Large setup violation  
There is a large setup violation of -1.522 ns between video_pipe_hw_i/autowhitebalance_acc_0/inst/grp_AWBKernel_fu_167/impop_data_U/addr_reg[0]/C (clocked by clk_pl_0) and video_pipe_hw_i/autowhitebalance_acc_0/inst/grp_AWBKernel_fu_167/AWBGainUpdate_20_20_2160_3840_1_0_2_2_U0/grp_AWBGainUpdate_20_20_2160_3840_1_0_2_2_Pipeline_ColLoop1_fu_84/select_ln45_2_reg_343_reg[4]/S (clocked by clk_pl_0). Large setup violations at the end of those stages might be difficult to fix during the post-placement implementation flow and could be the result of non-optimal XDC constraints or non-optimal design architecture
Related violations: <none>

TIMING-16#48 Warning
Large setup violation  
There is a large setup violation of -1.522 ns between video_pipe_hw_i/autowhitebalance_acc_0/inst/grp_AWBKernel_fu_167/impop_data_U/addr_reg[0]/C (clocked by clk_pl_0) and video_pipe_hw_i/autowhitebalance_acc_0/inst/grp_AWBKernel_fu_167/AWBGainUpdate_20_20_2160_3840_1_0_2_2_U0/grp_AWBGainUpdate_20_20_2160_3840_1_0_2_2_Pipeline_ColLoop1_fu_84/select_ln45_2_reg_343_reg[5]/S (clocked by clk_pl_0). Large setup violations at the end of those stages might be difficult to fix during the post-placement implementation flow and could be the result of non-optimal XDC constraints or non-optimal design architecture
Related violations: <none>

TIMING-16#49 Warning
Large setup violation  
There is a large setup violation of -1.522 ns between video_pipe_hw_i/autowhitebalance_acc_0/inst/grp_AWBKernel_fu_167/impop_data_U/addr_reg[0]/C (clocked by clk_pl_0) and video_pipe_hw_i/autowhitebalance_acc_0/inst/grp_AWBKernel_fu_167/AWBGainUpdate_20_20_2160_3840_1_0_2_2_U0/grp_AWBGainUpdate_20_20_2160_3840_1_0_2_2_Pipeline_ColLoop1_fu_84/select_ln45_2_reg_343_reg[6]/S (clocked by clk_pl_0). Large setup violations at the end of those stages might be difficult to fix during the post-placement implementation flow and could be the result of non-optimal XDC constraints or non-optimal design architecture
Related violations: <none>

TIMING-16#50 Warning
Large setup violation  
There is a large setup violation of -1.522 ns between video_pipe_hw_i/autowhitebalance_acc_0/inst/grp_AWBKernel_fu_167/impop_data_U/addr_reg[0]/C (clocked by clk_pl_0) and video_pipe_hw_i/autowhitebalance_acc_0/inst/grp_AWBKernel_fu_167/AWBGainUpdate_20_20_2160_3840_1_0_2_2_U0/grp_AWBGainUpdate_20_20_2160_3840_1_0_2_2_Pipeline_ColLoop1_fu_84/select_ln45_2_reg_343_reg[7]/S (clocked by clk_pl_0). Large setup violations at the end of those stages might be difficult to fix during the post-placement implementation flow and could be the result of non-optimal XDC constraints or non-optimal design architecture
Related violations: <none>

TIMING-16#51 Warning
Large setup violation  
There is a large setup violation of -1.522 ns between video_pipe_hw_i/autowhitebalance_acc_0/inst/grp_AWBKernel_fu_167/impop_data_U/addr_reg[0]/C (clocked by clk_pl_0) and video_pipe_hw_i/autowhitebalance_acc_0/inst/grp_AWBKernel_fu_167/AWBGainUpdate_20_20_2160_3840_1_0_2_2_U0/grp_AWBGainUpdate_20_20_2160_3840_1_0_2_2_Pipeline_ColLoop1_fu_84/select_ln45_2_reg_343_reg[8]/S (clocked by clk_pl_0). Large setup violations at the end of those stages might be difficult to fix during the post-placement implementation flow and could be the result of non-optimal XDC constraints or non-optimal design architecture
Related violations: <none>

TIMING-16#52 Warning
Large setup violation  
There is a large setup violation of -1.522 ns between video_pipe_hw_i/autowhitebalance_acc_0/inst/grp_AWBKernel_fu_167/impop_data_U/addr_reg[0]/C (clocked by clk_pl_0) and video_pipe_hw_i/autowhitebalance_acc_0/inst/grp_AWBKernel_fu_167/AWBGainUpdate_20_20_2160_3840_1_0_2_2_U0/grp_AWBGainUpdate_20_20_2160_3840_1_0_2_2_Pipeline_ColLoop1_fu_84/select_ln45_2_reg_343_reg[9]/S (clocked by clk_pl_0). Large setup violations at the end of those stages might be difficult to fix during the post-placement implementation flow and could be the result of non-optimal XDC constraints or non-optimal design architecture
Related violations: <none>

TIMING-16#53 Warning
Large setup violation  
There is a large setup violation of -1.523 ns between video_pipe_hw_i/autowhitebalance_acc_0/inst/grp_AWBKernel_fu_167/AWBChannelGain_20_20_2160_3840_1_0_2_2_U0/grp_AWBChannelGainKernel_20_20_2160_3840_1_2_2_3_23_23_13_13_3840_s_fu_79/grp_AWBChannelGainKernel_Pipeline_Col_Loop_fu_258/val1_reg_347_reg[3]/C (clocked by clk_pl_0) and video_pipe_hw_i/autowhitebalance_acc_0/inst/grp_AWBKernel_fu_167/AWBChannelGain_20_20_2160_3840_1_0_2_2_U0/grp_AWBChannelGainKernel_20_20_2160_3840_1_2_2_3_23_23_13_13_3840_s_fu_79/tmpsum_vals_fu_158_reg[31]/D (clocked by clk_pl_0). Large setup violations at the end of those stages might be difficult to fix during the post-placement implementation flow and could be the result of non-optimal XDC constraints or non-optimal design architecture
Related violations: <none>

TIMING-16#54 Warning
Large setup violation  
There is a large setup violation of -1.523 ns between video_pipe_hw_i/autowhitebalance_acc_0/inst/grp_AWBKernel_fu_167/impop_data_U/U_autowhitebalance_accel_fifo_w30_d2_S_ShiftReg/SRL_SIG_reg[1][15]/C (clocked by clk_pl_0) and video_pipe_hw_i/autowhitebalance_acc_0/inst/grp_AWBKernel_fu_167/AWBGainUpdate_20_20_2160_3840_1_0_2_2_U0/grp_AWBGainUpdate_20_20_2160_3840_1_0_2_2_Pipeline_ColLoop1_fu_84/select_ln45_1_reg_338_reg[0]/S (clocked by clk_pl_0). Large setup violations at the end of those stages might be difficult to fix during the post-placement implementation flow and could be the result of non-optimal XDC constraints or non-optimal design architecture
Related violations: <none>

TIMING-16#55 Warning
Large setup violation  
There is a large setup violation of -1.523 ns between video_pipe_hw_i/autowhitebalance_acc_0/inst/grp_AWBKernel_fu_167/impop_data_U/U_autowhitebalance_accel_fifo_w30_d2_S_ShiftReg/SRL_SIG_reg[1][15]/C (clocked by clk_pl_0) and video_pipe_hw_i/autowhitebalance_acc_0/inst/grp_AWBKernel_fu_167/AWBGainUpdate_20_20_2160_3840_1_0_2_2_U0/grp_AWBGainUpdate_20_20_2160_3840_1_0_2_2_Pipeline_ColLoop1_fu_84/select_ln45_1_reg_338_reg[1]/S (clocked by clk_pl_0). Large setup violations at the end of those stages might be difficult to fix during the post-placement implementation flow and could be the result of non-optimal XDC constraints or non-optimal design architecture
Related violations: <none>

TIMING-16#56 Warning
Large setup violation  
There is a large setup violation of -1.523 ns between video_pipe_hw_i/autowhitebalance_acc_0/inst/grp_AWBKernel_fu_167/impop_data_U/U_autowhitebalance_accel_fifo_w30_d2_S_ShiftReg/SRL_SIG_reg[1][15]/C (clocked by clk_pl_0) and video_pipe_hw_i/autowhitebalance_acc_0/inst/grp_AWBKernel_fu_167/AWBGainUpdate_20_20_2160_3840_1_0_2_2_U0/grp_AWBGainUpdate_20_20_2160_3840_1_0_2_2_Pipeline_ColLoop1_fu_84/select_ln45_1_reg_338_reg[2]/S (clocked by clk_pl_0). Large setup violations at the end of those stages might be difficult to fix during the post-placement implementation flow and could be the result of non-optimal XDC constraints or non-optimal design architecture
Related violations: <none>

TIMING-16#57 Warning
Large setup violation  
There is a large setup violation of -1.523 ns between video_pipe_hw_i/autowhitebalance_acc_0/inst/grp_AWBKernel_fu_167/impop_data_U/U_autowhitebalance_accel_fifo_w30_d2_S_ShiftReg/SRL_SIG_reg[1][15]/C (clocked by clk_pl_0) and video_pipe_hw_i/autowhitebalance_acc_0/inst/grp_AWBKernel_fu_167/AWBGainUpdate_20_20_2160_3840_1_0_2_2_U0/grp_AWBGainUpdate_20_20_2160_3840_1_0_2_2_Pipeline_ColLoop1_fu_84/select_ln45_1_reg_338_reg[3]/S (clocked by clk_pl_0). Large setup violations at the end of those stages might be difficult to fix during the post-placement implementation flow and could be the result of non-optimal XDC constraints or non-optimal design architecture
Related violations: <none>

TIMING-16#58 Warning
Large setup violation  
There is a large setup violation of -1.523 ns between video_pipe_hw_i/autowhitebalance_acc_0/inst/grp_AWBKernel_fu_167/impop_data_U/U_autowhitebalance_accel_fifo_w30_d2_S_ShiftReg/SRL_SIG_reg[1][15]/C (clocked by clk_pl_0) and video_pipe_hw_i/autowhitebalance_acc_0/inst/grp_AWBKernel_fu_167/AWBGainUpdate_20_20_2160_3840_1_0_2_2_U0/grp_AWBGainUpdate_20_20_2160_3840_1_0_2_2_Pipeline_ColLoop1_fu_84/select_ln45_1_reg_338_reg[4]/S (clocked by clk_pl_0). Large setup violations at the end of those stages might be difficult to fix during the post-placement implementation flow and could be the result of non-optimal XDC constraints or non-optimal design architecture
Related violations: <none>

TIMING-16#59 Warning
Large setup violation  
There is a large setup violation of -1.523 ns between video_pipe_hw_i/autowhitebalance_acc_0/inst/grp_AWBKernel_fu_167/impop_data_U/U_autowhitebalance_accel_fifo_w30_d2_S_ShiftReg/SRL_SIG_reg[1][15]/C (clocked by clk_pl_0) and video_pipe_hw_i/autowhitebalance_acc_0/inst/grp_AWBKernel_fu_167/AWBGainUpdate_20_20_2160_3840_1_0_2_2_U0/grp_AWBGainUpdate_20_20_2160_3840_1_0_2_2_Pipeline_ColLoop1_fu_84/select_ln45_1_reg_338_reg[5]/S (clocked by clk_pl_0). Large setup violations at the end of those stages might be difficult to fix during the post-placement implementation flow and could be the result of non-optimal XDC constraints or non-optimal design architecture
Related violations: <none>

TIMING-16#60 Warning
Large setup violation  
There is a large setup violation of -1.523 ns between video_pipe_hw_i/autowhitebalance_acc_0/inst/grp_AWBKernel_fu_167/impop_data_U/U_autowhitebalance_accel_fifo_w30_d2_S_ShiftReg/SRL_SIG_reg[1][15]/C (clocked by clk_pl_0) and video_pipe_hw_i/autowhitebalance_acc_0/inst/grp_AWBKernel_fu_167/AWBGainUpdate_20_20_2160_3840_1_0_2_2_U0/grp_AWBGainUpdate_20_20_2160_3840_1_0_2_2_Pipeline_ColLoop1_fu_84/select_ln45_1_reg_338_reg[8]/S (clocked by clk_pl_0). Large setup violations at the end of those stages might be difficult to fix during the post-placement implementation flow and could be the result of non-optimal XDC constraints or non-optimal design architecture
Related violations: <none>

TIMING-16#61 Warning
Large setup violation  
There is a large setup violation of -1.523 ns between video_pipe_hw_i/autowhitebalance_acc_0/inst/grp_AWBKernel_fu_167/impop_data_U/U_autowhitebalance_accel_fifo_w30_d2_S_ShiftReg/SRL_SIG_reg[1][15]/C (clocked by clk_pl_0) and video_pipe_hw_i/autowhitebalance_acc_0/inst/grp_AWBKernel_fu_167/AWBGainUpdate_20_20_2160_3840_1_0_2_2_U0/grp_AWBGainUpdate_20_20_2160_3840_1_0_2_2_Pipeline_ColLoop1_fu_84/select_ln45_1_reg_338_reg[9]/S (clocked by clk_pl_0). Large setup violations at the end of those stages might be difficult to fix during the post-placement implementation flow and could be the result of non-optimal XDC constraints or non-optimal design architecture
Related violations: <none>

TIMING-16#62 Warning
Large setup violation  
There is a large setup violation of -1.524 ns between video_pipe_hw_i/autowhitebalance_acc_0/inst/grp_AWBKernel_fu_167/AWBChannelGain_20_20_2160_3840_1_0_2_2_U0/grp_AWBChannelGainKernel_20_20_2160_3840_1_2_2_3_23_23_13_13_3840_s_fu_79/grp_AWBChannelGainKernel_Pipeline_Col_Loop_fu_258/val1_reg_347_reg[3]/C (clocked by clk_pl_0) and video_pipe_hw_i/autowhitebalance_acc_0/inst/grp_AWBKernel_fu_167/AWBChannelGain_20_20_2160_3840_1_0_2_2_U0/grp_AWBChannelGainKernel_20_20_2160_3840_1_2_2_3_23_23_13_13_3840_s_fu_79/tmpsum_vals_2_fu_150_reg[36]/D (clocked by clk_pl_0). Large setup violations at the end of those stages might be difficult to fix during the post-placement implementation flow and could be the result of non-optimal XDC constraints or non-optimal design architecture
Related violations: <none>

TIMING-16#63 Warning
Large setup violation  
There is a large setup violation of -1.524 ns between video_pipe_hw_i/autowhitebalance_acc_0/inst/grp_AWBKernel_fu_167/impop_data_U/addr_reg[0]/C (clocked by clk_pl_0) and video_pipe_hw_i/autowhitebalance_acc_0/inst/grp_AWBKernel_fu_167/AWBGainUpdate_20_20_2160_3840_1_0_2_2_U0/grp_AWBGainUpdate_20_20_2160_3840_1_0_2_2_Pipeline_ColLoop1_fu_84/select_ln45_1_reg_338_reg[6]/S (clocked by clk_pl_0). Large setup violations at the end of those stages might be difficult to fix during the post-placement implementation flow and could be the result of non-optimal XDC constraints or non-optimal design architecture
Related violations: <none>

TIMING-16#64 Warning
Large setup violation  
There is a large setup violation of -1.524 ns between video_pipe_hw_i/autowhitebalance_acc_0/inst/grp_AWBKernel_fu_167/impop_data_U/addr_reg[0]/C (clocked by clk_pl_0) and video_pipe_hw_i/autowhitebalance_acc_0/inst/grp_AWBKernel_fu_167/AWBGainUpdate_20_20_2160_3840_1_0_2_2_U0/grp_AWBGainUpdate_20_20_2160_3840_1_0_2_2_Pipeline_ColLoop1_fu_84/select_ln45_1_reg_338_reg[7]/S (clocked by clk_pl_0). Large setup violations at the end of those stages might be difficult to fix during the post-placement implementation flow and could be the result of non-optimal XDC constraints or non-optimal design architecture
Related violations: <none>

TIMING-16#65 Warning
Large setup violation  
There is a large setup violation of -1.526 ns between video_pipe_hw_i/autowhitebalance_acc_0/inst/grp_AWBKernel_fu_167/AWBChannelGain_20_20_2160_3840_1_0_2_2_U0/grp_AWBChannelGainKernel_20_20_2160_3840_1_2_2_3_23_23_13_13_3840_s_fu_79/grp_AWBChannelGainKernel_Pipeline_Col_Loop_fu_258/val1_reg_347_reg[3]/C (clocked by clk_pl_0) and video_pipe_hw_i/autowhitebalance_acc_0/inst/grp_AWBKernel_fu_167/AWBChannelGain_20_20_2160_3840_1_0_2_2_U0/grp_AWBChannelGainKernel_20_20_2160_3840_1_2_2_3_23_23_13_13_3840_s_fu_79/tmpsum_vals_1_fu_154_reg[15]/D (clocked by clk_pl_0). Large setup violations at the end of those stages might be difficult to fix during the post-placement implementation flow and could be the result of non-optimal XDC constraints or non-optimal design architecture
Related violations: <none>

TIMING-16#66 Warning
Large setup violation  
There is a large setup violation of -1.527 ns between video_pipe_hw_i/autowhitebalance_acc_0/inst/grp_AWBKernel_fu_167/AWBChannelGain_20_20_2160_3840_1_0_2_2_U0/grp_AWBChannelGainKernel_20_20_2160_3840_1_2_2_3_23_23_13_13_3840_s_fu_79/grp_AWBChannelGainKernel_Pipeline_Col_Loop_fu_258/val1_reg_347_reg[3]/C (clocked by clk_pl_0) and video_pipe_hw_i/autowhitebalance_acc_0/inst/grp_AWBKernel_fu_167/AWBChannelGain_20_20_2160_3840_1_0_2_2_U0/grp_AWBChannelGainKernel_20_20_2160_3840_1_2_2_3_23_23_13_13_3840_s_fu_79/tmpsum_vals_2_fu_150_reg[12]/D (clocked by clk_pl_0). Large setup violations at the end of those stages might be difficult to fix during the post-placement implementation flow and could be the result of non-optimal XDC constraints or non-optimal design architecture
Related violations: <none>

TIMING-16#67 Warning
Large setup violation  
There is a large setup violation of -1.529 ns between video_pipe_hw_i/autowhitebalance_acc_0/inst/grp_AWBKernel_fu_167/AWBChannelGain_20_20_2160_3840_1_0_2_2_U0/grp_AWBChannelGainKernel_20_20_2160_3840_1_2_2_3_23_23_13_13_3840_s_fu_79/grp_AWBChannelGainKernel_Pipeline_Col_Loop_fu_258/val1_reg_347_reg[3]/C (clocked by clk_pl_0) and video_pipe_hw_i/autowhitebalance_acc_0/inst/grp_AWBKernel_fu_167/AWBChannelGain_20_20_2160_3840_1_0_2_2_U0/grp_AWBChannelGainKernel_20_20_2160_3840_1_2_2_3_23_23_13_13_3840_s_fu_79/tmpsum_vals_2_fu_150_reg[9]/D (clocked by clk_pl_0). Large setup violations at the end of those stages might be difficult to fix during the post-placement implementation flow and could be the result of non-optimal XDC constraints or non-optimal design architecture
Related violations: <none>

TIMING-16#68 Warning
Large setup violation  
There is a large setup violation of -1.531 ns between video_pipe_hw_i/autowhitebalance_acc_0/inst/grp_AWBKernel_fu_167/AWBChannelGain_20_20_2160_3840_1_0_2_2_U0/grp_AWBChannelGainKernel_20_20_2160_3840_1_2_2_3_23_23_13_13_3840_s_fu_79/grp_AWBChannelGainKernel_Pipeline_Col_Loop_fu_258/val1_reg_347_reg[3]/C (clocked by clk_pl_0) and video_pipe_hw_i/autowhitebalance_acc_0/inst/grp_AWBKernel_fu_167/AWBChannelGain_20_20_2160_3840_1_0_2_2_U0/grp_AWBChannelGainKernel_20_20_2160_3840_1_2_2_3_23_23_13_13_3840_s_fu_79/tmpsum_vals_fu_158_reg[39]/D (clocked by clk_pl_0). Large setup violations at the end of those stages might be difficult to fix during the post-placement implementation flow and could be the result of non-optimal XDC constraints or non-optimal design architecture
Related violations: <none>

TIMING-16#69 Warning
Large setup violation  
There is a large setup violation of -1.534 ns between video_pipe_hw_i/autowhitebalance_acc_0/inst/grp_AWBKernel_fu_167/AWBChannelGain_20_20_2160_3840_1_0_2_2_U0/grp_AWBChannelGainKernel_20_20_2160_3840_1_2_2_3_23_23_13_13_3840_s_fu_79/grp_AWBChannelGainKernel_Pipeline_Col_Loop_fu_258/val1_reg_347_reg[3]/C (clocked by clk_pl_0) and video_pipe_hw_i/autowhitebalance_acc_0/inst/grp_AWBKernel_fu_167/AWBChannelGain_20_20_2160_3840_1_0_2_2_U0/grp_AWBChannelGainKernel_20_20_2160_3840_1_2_2_3_23_23_13_13_3840_s_fu_79/tmpsum_vals_1_fu_154_reg[3]/D (clocked by clk_pl_0). Large setup violations at the end of those stages might be difficult to fix during the post-placement implementation flow and could be the result of non-optimal XDC constraints or non-optimal design architecture
Related violations: <none>

TIMING-16#70 Warning
Large setup violation  
There is a large setup violation of -1.536 ns between video_pipe_hw_i/autowhitebalance_acc_0/inst/grp_AWBKernel_fu_167/AWBChannelGain_20_20_2160_3840_1_0_2_2_U0/grp_AWBChannelGainKernel_20_20_2160_3840_1_2_2_3_23_23_13_13_3840_s_fu_79/grp_AWBChannelGainKernel_Pipeline_Col_Loop_fu_258/val1_reg_347_reg[3]/C (clocked by clk_pl_0) and video_pipe_hw_i/autowhitebalance_acc_0/inst/grp_AWBKernel_fu_167/AWBChannelGain_20_20_2160_3840_1_0_2_2_U0/grp_AWBChannelGainKernel_20_20_2160_3840_1_2_2_3_23_23_13_13_3840_s_fu_79/tmpsum_vals_1_fu_154_reg[36]/D (clocked by clk_pl_0). Large setup violations at the end of those stages might be difficult to fix during the post-placement implementation flow and could be the result of non-optimal XDC constraints or non-optimal design architecture
Related violations: <none>

TIMING-16#71 Warning
Large setup violation  
There is a large setup violation of -1.539 ns between video_pipe_hw_i/autowhitebalance_acc_0/inst/grp_AWBKernel_fu_167/AWBChannelGain_20_20_2160_3840_1_0_2_2_U0/grp_AWBChannelGainKernel_20_20_2160_3840_1_2_2_3_23_23_13_13_3840_s_fu_79/grp_AWBChannelGainKernel_Pipeline_Col_Loop_fu_258/val1_reg_347_reg[3]/C (clocked by clk_pl_0) and video_pipe_hw_i/autowhitebalance_acc_0/inst/grp_AWBKernel_fu_167/AWBChannelGain_20_20_2160_3840_1_0_2_2_U0/grp_AWBChannelGainKernel_20_20_2160_3840_1_2_2_3_23_23_13_13_3840_s_fu_79/tmpsum_vals_1_fu_154_reg[24]/D (clocked by clk_pl_0). Large setup violations at the end of those stages might be difficult to fix during the post-placement implementation flow and could be the result of non-optimal XDC constraints or non-optimal design architecture
Related violations: <none>

TIMING-16#72 Warning
Large setup violation  
There is a large setup violation of -1.539 ns between video_pipe_hw_i/autowhitebalance_acc_0/inst/grp_AWBKernel_fu_167/AWBChannelGain_20_20_2160_3840_1_0_2_2_U0/grp_AWBChannelGainKernel_20_20_2160_3840_1_2_2_3_23_23_13_13_3840_s_fu_79/grp_AWBChannelGainKernel_Pipeline_Col_Loop_fu_258/val1_reg_347_reg[3]/C (clocked by clk_pl_0) and video_pipe_hw_i/autowhitebalance_acc_0/inst/grp_AWBKernel_fu_167/AWBChannelGain_20_20_2160_3840_1_0_2_2_U0/grp_AWBChannelGainKernel_20_20_2160_3840_1_2_2_3_23_23_13_13_3840_s_fu_79/tmpsum_vals_1_fu_154_reg[28]/D (clocked by clk_pl_0). Large setup violations at the end of those stages might be difficult to fix during the post-placement implementation flow and could be the result of non-optimal XDC constraints or non-optimal design architecture
Related violations: <none>

TIMING-16#73 Warning
Large setup violation  
There is a large setup violation of -1.540 ns between video_pipe_hw_i/autowhitebalance_acc_0/inst/grp_AWBKernel_fu_167/AWBChannelGain_20_20_2160_3840_1_0_2_2_U0/grp_AWBChannelGainKernel_20_20_2160_3840_1_2_2_3_23_23_13_13_3840_s_fu_79/grp_AWBChannelGainKernel_Pipeline_Col_Loop_fu_258/val1_reg_347_reg[3]/C (clocked by clk_pl_0) and video_pipe_hw_i/autowhitebalance_acc_0/inst/grp_AWBKernel_fu_167/AWBChannelGain_20_20_2160_3840_1_0_2_2_U0/grp_AWBChannelGainKernel_20_20_2160_3840_1_2_2_3_23_23_13_13_3840_s_fu_79/tmpsum_vals_2_fu_150_reg[5]/D (clocked by clk_pl_0). Large setup violations at the end of those stages might be difficult to fix during the post-placement implementation flow and could be the result of non-optimal XDC constraints or non-optimal design architecture
Related violations: <none>

TIMING-16#74 Warning
Large setup violation  
There is a large setup violation of -1.543 ns between video_pipe_hw_i/autowhitebalance_acc_0/inst/grp_AWBKernel_fu_167/AWBChannelGain_20_20_2160_3840_1_0_2_2_U0/grp_AWBChannelGainKernel_20_20_2160_3840_1_2_2_3_23_23_13_13_3840_s_fu_79/grp_AWBChannelGainKernel_Pipeline_Col_Loop_fu_258/val1_reg_347_reg[3]/C (clocked by clk_pl_0) and video_pipe_hw_i/autowhitebalance_acc_0/inst/grp_AWBKernel_fu_167/AWBChannelGain_20_20_2160_3840_1_0_2_2_U0/grp_AWBChannelGainKernel_20_20_2160_3840_1_2_2_3_23_23_13_13_3840_s_fu_79/tmpsum_vals_fu_158_reg[3]/D (clocked by clk_pl_0). Large setup violations at the end of those stages might be difficult to fix during the post-placement implementation flow and could be the result of non-optimal XDC constraints or non-optimal design architecture
Related violations: <none>

TIMING-16#75 Warning
Large setup violation  
There is a large setup violation of -1.545 ns between video_pipe_hw_i/autowhitebalance_acc_0/inst/grp_AWBKernel_fu_167/AWBChannelGain_20_20_2160_3840_1_0_2_2_U0/grp_AWBChannelGainKernel_20_20_2160_3840_1_2_2_3_23_23_13_13_3840_s_fu_79/grp_AWBChannelGainKernel_Pipeline_Col_Loop_fu_258/val1_reg_347_reg[3]/C (clocked by clk_pl_0) and video_pipe_hw_i/autowhitebalance_acc_0/inst/grp_AWBKernel_fu_167/AWBChannelGain_20_20_2160_3840_1_0_2_2_U0/grp_AWBChannelGainKernel_20_20_2160_3840_1_2_2_3_23_23_13_13_3840_s_fu_79/tmpsum_vals_fu_158_reg[25]/D (clocked by clk_pl_0). Large setup violations at the end of those stages might be difficult to fix during the post-placement implementation flow and could be the result of non-optimal XDC constraints or non-optimal design architecture
Related violations: <none>

TIMING-16#76 Warning
Large setup violation  
There is a large setup violation of -1.546 ns between video_pipe_hw_i/autowhitebalance_acc_0/inst/grp_AWBKernel_fu_167/AWBChannelGain_20_20_2160_3840_1_0_2_2_U0/grp_AWBChannelGainKernel_20_20_2160_3840_1_2_2_3_23_23_13_13_3840_s_fu_79/grp_AWBChannelGainKernel_Pipeline_Col_Loop_fu_258/val1_reg_347_reg[3]/C (clocked by clk_pl_0) and video_pipe_hw_i/autowhitebalance_acc_0/inst/grp_AWBKernel_fu_167/AWBChannelGain_20_20_2160_3840_1_0_2_2_U0/grp_AWBChannelGainKernel_20_20_2160_3840_1_2_2_3_23_23_13_13_3840_s_fu_79/tmpsum_vals_2_fu_150_reg[20]/D (clocked by clk_pl_0). Large setup violations at the end of those stages might be difficult to fix during the post-placement implementation flow and could be the result of non-optimal XDC constraints or non-optimal design architecture
Related violations: <none>

TIMING-16#77 Warning
Large setup violation  
There is a large setup violation of -1.548 ns between video_pipe_hw_i/autowhitebalance_acc_0/inst/grp_AWBKernel_fu_167/AWBChannelGain_20_20_2160_3840_1_0_2_2_U0/grp_AWBChannelGainKernel_20_20_2160_3840_1_2_2_3_23_23_13_13_3840_s_fu_79/grp_AWBChannelGainKernel_Pipeline_Col_Loop_fu_258/val1_reg_347_reg[3]/C (clocked by clk_pl_0) and video_pipe_hw_i/autowhitebalance_acc_0/inst/grp_AWBKernel_fu_167/AWBChannelGain_20_20_2160_3840_1_0_2_2_U0/grp_AWBChannelGainKernel_20_20_2160_3840_1_2_2_3_23_23_13_13_3840_s_fu_79/tmpsum_vals_fu_158_reg[5]/D (clocked by clk_pl_0). Large setup violations at the end of those stages might be difficult to fix during the post-placement implementation flow and could be the result of non-optimal XDC constraints or non-optimal design architecture
Related violations: <none>

TIMING-16#78 Warning
Large setup violation  
There is a large setup violation of -1.548 ns between video_pipe_hw_i/autowhitebalance_acc_0/inst/grp_AWBKernel_fu_167/AWBChannelGain_20_20_2160_3840_1_0_2_2_U0/grp_AWBChannelGainKernel_20_20_2160_3840_1_2_2_3_23_23_13_13_3840_s_fu_79/grp_AWBChannelGainKernel_Pipeline_Col_Loop_fu_258/val1_reg_347_reg[3]/C (clocked by clk_pl_0) and video_pipe_hw_i/autowhitebalance_acc_0/inst/grp_AWBKernel_fu_167/AWBChannelGain_20_20_2160_3840_1_0_2_2_U0/grp_AWBChannelGainKernel_20_20_2160_3840_1_2_2_3_23_23_13_13_3840_s_fu_79/tmpsum_vals_fu_158_reg[7]/D (clocked by clk_pl_0). Large setup violations at the end of those stages might be difficult to fix during the post-placement implementation flow and could be the result of non-optimal XDC constraints or non-optimal design architecture
Related violations: <none>

TIMING-16#79 Warning
Large setup violation  
There is a large setup violation of -1.550 ns between video_pipe_hw_i/autowhitebalance_acc_0/inst/grp_AWBKernel_fu_167/AWBChannelGain_20_20_2160_3840_1_0_2_2_U0/grp_AWBChannelGainKernel_20_20_2160_3840_1_2_2_3_23_23_13_13_3840_s_fu_79/grp_AWBChannelGainKernel_Pipeline_Col_Loop_fu_258/val1_reg_347_reg[3]/C (clocked by clk_pl_0) and video_pipe_hw_i/autowhitebalance_acc_0/inst/grp_AWBKernel_fu_167/AWBChannelGain_20_20_2160_3840_1_0_2_2_U0/grp_AWBChannelGainKernel_20_20_2160_3840_1_2_2_3_23_23_13_13_3840_s_fu_79/tmpsum_vals_1_fu_154_reg[8]/D (clocked by clk_pl_0). Large setup violations at the end of those stages might be difficult to fix during the post-placement implementation flow and could be the result of non-optimal XDC constraints or non-optimal design architecture
Related violations: <none>

TIMING-16#80 Warning
Large setup violation  
There is a large setup violation of -1.550 ns between video_pipe_hw_i/autowhitebalance_acc_0/inst/grp_AWBKernel_fu_167/AWBChannelGain_20_20_2160_3840_1_0_2_2_U0/grp_AWBChannelGainKernel_20_20_2160_3840_1_2_2_3_23_23_13_13_3840_s_fu_79/grp_AWBChannelGainKernel_Pipeline_Col_Loop_fu_258/val1_reg_347_reg[3]/C (clocked by clk_pl_0) and video_pipe_hw_i/autowhitebalance_acc_0/inst/grp_AWBKernel_fu_167/AWBChannelGain_20_20_2160_3840_1_0_2_2_U0/grp_AWBChannelGainKernel_20_20_2160_3840_1_2_2_3_23_23_13_13_3840_s_fu_79/tmpsum_vals_fu_158_reg[23]/D (clocked by clk_pl_0). Large setup violations at the end of those stages might be difficult to fix during the post-placement implementation flow and could be the result of non-optimal XDC constraints or non-optimal design architecture
Related violations: <none>

TIMING-16#81 Warning
Large setup violation  
There is a large setup violation of -1.552 ns between video_pipe_hw_i/autowhitebalance_acc_0/inst/grp_AWBKernel_fu_167/AWBChannelGain_20_20_2160_3840_1_0_2_2_U0/grp_AWBChannelGainKernel_20_20_2160_3840_1_2_2_3_23_23_13_13_3840_s_fu_79/grp_AWBChannelGainKernel_Pipeline_Col_Loop_fu_258/val1_reg_347_reg[3]/C (clocked by clk_pl_0) and video_pipe_hw_i/autowhitebalance_acc_0/inst/grp_AWBKernel_fu_167/AWBChannelGain_20_20_2160_3840_1_0_2_2_U0/grp_AWBChannelGainKernel_20_20_2160_3840_1_2_2_3_23_23_13_13_3840_s_fu_79/tmpsum_vals_fu_158_reg[19]/D (clocked by clk_pl_0). Large setup violations at the end of those stages might be difficult to fix during the post-placement implementation flow and could be the result of non-optimal XDC constraints or non-optimal design architecture
Related violations: <none>

TIMING-16#82 Warning
Large setup violation  
There is a large setup violation of -1.554 ns between video_pipe_hw_i/autowhitebalance_acc_0/inst/grp_AWBKernel_fu_167/AWBChannelGain_20_20_2160_3840_1_0_2_2_U0/grp_AWBChannelGainKernel_20_20_2160_3840_1_2_2_3_23_23_13_13_3840_s_fu_79/grp_AWBChannelGainKernel_Pipeline_Col_Loop_fu_258/val1_reg_347_reg[3]/C (clocked by clk_pl_0) and video_pipe_hw_i/autowhitebalance_acc_0/inst/grp_AWBKernel_fu_167/AWBChannelGain_20_20_2160_3840_1_0_2_2_U0/grp_AWBChannelGainKernel_20_20_2160_3840_1_2_2_3_23_23_13_13_3840_s_fu_79/tmpsum_vals_2_fu_150_reg[35]/D (clocked by clk_pl_0). Large setup violations at the end of those stages might be difficult to fix during the post-placement implementation flow and could be the result of non-optimal XDC constraints or non-optimal design architecture
Related violations: <none>

TIMING-16#83 Warning
Large setup violation  
There is a large setup violation of -1.556 ns between video_pipe_hw_i/autowhitebalance_acc_0/inst/grp_AWBKernel_fu_167/AWBChannelGain_20_20_2160_3840_1_0_2_2_U0/grp_AWBChannelGainKernel_20_20_2160_3840_1_2_2_3_23_23_13_13_3840_s_fu_79/grp_AWBChannelGainKernel_Pipeline_Col_Loop_fu_258/val1_reg_347_reg[3]/C (clocked by clk_pl_0) and video_pipe_hw_i/autowhitebalance_acc_0/inst/grp_AWBKernel_fu_167/AWBChannelGain_20_20_2160_3840_1_0_2_2_U0/grp_AWBChannelGainKernel_20_20_2160_3840_1_2_2_3_23_23_13_13_3840_s_fu_79/tmpsum_vals_2_fu_150_reg[31]/D (clocked by clk_pl_0). Large setup violations at the end of those stages might be difficult to fix during the post-placement implementation flow and could be the result of non-optimal XDC constraints or non-optimal design architecture
Related violations: <none>

TIMING-16#84 Warning
Large setup violation  
There is a large setup violation of -1.558 ns between video_pipe_hw_i/autowhitebalance_acc_0/inst/grp_AWBKernel_fu_167/AWBChannelGain_20_20_2160_3840_1_0_2_2_U0/grp_AWBChannelGainKernel_20_20_2160_3840_1_2_2_3_23_23_13_13_3840_s_fu_79/grp_AWBChannelGainKernel_Pipeline_Col_Loop_fu_258/val1_reg_347_reg[3]/C (clocked by clk_pl_0) and video_pipe_hw_i/autowhitebalance_acc_0/inst/grp_AWBKernel_fu_167/AWBChannelGain_20_20_2160_3840_1_0_2_2_U0/grp_AWBChannelGainKernel_20_20_2160_3840_1_2_2_3_23_23_13_13_3840_s_fu_79/tmpsum_vals_fu_158_reg[37]/D (clocked by clk_pl_0). Large setup violations at the end of those stages might be difficult to fix during the post-placement implementation flow and could be the result of non-optimal XDC constraints or non-optimal design architecture
Related violations: <none>

TIMING-16#85 Warning
Large setup violation  
There is a large setup violation of -1.558 ns between video_pipe_hw_i/autowhitebalance_acc_0/inst/grp_AWBKernel_fu_167/AWBChannelGain_20_20_2160_3840_1_0_2_2_U0/grp_AWBChannelGainKernel_20_20_2160_3840_1_2_2_3_23_23_13_13_3840_s_fu_79/grp_AWBChannelGainKernel_Pipeline_Col_Loop_fu_258/val1_reg_347_reg[3]/C (clocked by clk_pl_0) and video_pipe_hw_i/autowhitebalance_acc_0/inst/grp_AWBKernel_fu_167/AWBChannelGain_20_20_2160_3840_1_0_2_2_U0/grp_AWBChannelGainKernel_20_20_2160_3840_1_2_2_3_23_23_13_13_3840_s_fu_79/tmpsum_vals_fu_158_reg[38]/D (clocked by clk_pl_0). Large setup violations at the end of those stages might be difficult to fix during the post-placement implementation flow and could be the result of non-optimal XDC constraints or non-optimal design architecture
Related violations: <none>

TIMING-16#86 Warning
Large setup violation  
There is a large setup violation of -1.560 ns between video_pipe_hw_i/autowhitebalance_acc_0/inst/grp_AWBKernel_fu_167/AWBChannelGain_20_20_2160_3840_1_0_2_2_U0/grp_AWBChannelGainKernel_20_20_2160_3840_1_2_2_3_23_23_13_13_3840_s_fu_79/grp_AWBChannelGainKernel_Pipeline_Col_Loop_fu_258/val1_reg_347_reg[3]/C (clocked by clk_pl_0) and video_pipe_hw_i/autowhitebalance_acc_0/inst/grp_AWBKernel_fu_167/AWBChannelGain_20_20_2160_3840_1_0_2_2_U0/grp_AWBChannelGainKernel_20_20_2160_3840_1_2_2_3_23_23_13_13_3840_s_fu_79/tmpsum_vals_1_fu_154_reg[4]/D (clocked by clk_pl_0). Large setup violations at the end of those stages might be difficult to fix during the post-placement implementation flow and could be the result of non-optimal XDC constraints or non-optimal design architecture
Related violations: <none>

TIMING-16#87 Warning
Large setup violation  
There is a large setup violation of -1.560 ns between video_pipe_hw_i/autowhitebalance_acc_0/inst/grp_AWBKernel_fu_167/AWBChannelGain_20_20_2160_3840_1_0_2_2_U0/grp_AWBChannelGainKernel_20_20_2160_3840_1_2_2_3_23_23_13_13_3840_s_fu_79/grp_AWBChannelGainKernel_Pipeline_Col_Loop_fu_258/val1_reg_347_reg[3]/C (clocked by clk_pl_0) and video_pipe_hw_i/autowhitebalance_acc_0/inst/grp_AWBKernel_fu_167/AWBChannelGain_20_20_2160_3840_1_0_2_2_U0/grp_AWBChannelGainKernel_20_20_2160_3840_1_2_2_3_23_23_13_13_3840_s_fu_79/tmpsum_vals_fu_158_reg[9]/D (clocked by clk_pl_0). Large setup violations at the end of those stages might be difficult to fix during the post-placement implementation flow and could be the result of non-optimal XDC constraints or non-optimal design architecture
Related violations: <none>

TIMING-16#88 Warning
Large setup violation  
There is a large setup violation of -1.562 ns between video_pipe_hw_i/autowhitebalance_acc_0/inst/grp_AWBKernel_fu_167/AWBChannelGain_20_20_2160_3840_1_0_2_2_U0/grp_AWBChannelGainKernel_20_20_2160_3840_1_2_2_3_23_23_13_13_3840_s_fu_79/grp_AWBChannelGainKernel_Pipeline_Col_Loop_fu_258/val1_reg_347_reg[3]/C (clocked by clk_pl_0) and video_pipe_hw_i/autowhitebalance_acc_0/inst/grp_AWBKernel_fu_167/AWBChannelGain_20_20_2160_3840_1_0_2_2_U0/grp_AWBChannelGainKernel_20_20_2160_3840_1_2_2_3_23_23_13_13_3840_s_fu_79/tmpsum_vals_2_fu_150_reg[39]/D (clocked by clk_pl_0). Large setup violations at the end of those stages might be difficult to fix during the post-placement implementation flow and could be the result of non-optimal XDC constraints or non-optimal design architecture
Related violations: <none>

TIMING-16#89 Warning
Large setup violation  
There is a large setup violation of -1.563 ns between video_pipe_hw_i/autowhitebalance_acc_0/inst/grp_AWBKernel_fu_167/AWBChannelGain_20_20_2160_3840_1_0_2_2_U0/grp_AWBChannelGainKernel_20_20_2160_3840_1_2_2_3_23_23_13_13_3840_s_fu_79/grp_AWBChannelGainKernel_Pipeline_Col_Loop_fu_258/val1_reg_347_reg[3]/C (clocked by clk_pl_0) and video_pipe_hw_i/autowhitebalance_acc_0/inst/grp_AWBKernel_fu_167/AWBChannelGain_20_20_2160_3840_1_0_2_2_U0/grp_AWBChannelGainKernel_20_20_2160_3840_1_2_2_3_23_23_13_13_3840_s_fu_79/tmpsum_vals_fu_158_reg[30]/D (clocked by clk_pl_0). Large setup violations at the end of those stages might be difficult to fix during the post-placement implementation flow and could be the result of non-optimal XDC constraints or non-optimal design architecture
Related violations: <none>

TIMING-16#90 Warning
Large setup violation  
There is a large setup violation of -1.566 ns between video_pipe_hw_i/autowhitebalance_acc_0/inst/grp_AWBKernel_fu_167/AWBChannelGain_20_20_2160_3840_1_0_2_2_U0/grp_AWBChannelGainKernel_20_20_2160_3840_1_2_2_3_23_23_13_13_3840_s_fu_79/grp_AWBChannelGainKernel_Pipeline_Col_Loop_fu_258/val1_reg_347_reg[3]/C (clocked by clk_pl_0) and video_pipe_hw_i/autowhitebalance_acc_0/inst/grp_AWBKernel_fu_167/AWBChannelGain_20_20_2160_3840_1_0_2_2_U0/grp_AWBChannelGainKernel_20_20_2160_3840_1_2_2_3_23_23_13_13_3840_s_fu_79/tmpsum_vals_1_fu_154_reg[19]/D (clocked by clk_pl_0). Large setup violations at the end of those stages might be difficult to fix during the post-placement implementation flow and could be the result of non-optimal XDC constraints or non-optimal design architecture
Related violations: <none>

TIMING-16#91 Warning
Large setup violation  
There is a large setup violation of -1.566 ns between video_pipe_hw_i/autowhitebalance_acc_0/inst/grp_AWBKernel_fu_167/AWBChannelGain_20_20_2160_3840_1_0_2_2_U0/grp_AWBChannelGainKernel_20_20_2160_3840_1_2_2_3_23_23_13_13_3840_s_fu_79/grp_AWBChannelGainKernel_Pipeline_Col_Loop_fu_258/val1_reg_347_reg[3]/C (clocked by clk_pl_0) and video_pipe_hw_i/autowhitebalance_acc_0/inst/grp_AWBKernel_fu_167/AWBChannelGain_20_20_2160_3840_1_0_2_2_U0/grp_AWBChannelGainKernel_20_20_2160_3840_1_2_2_3_23_23_13_13_3840_s_fu_79/tmpsum_vals_1_fu_154_reg[39]/D (clocked by clk_pl_0). Large setup violations at the end of those stages might be difficult to fix during the post-placement implementation flow and could be the result of non-optimal XDC constraints or non-optimal design architecture
Related violations: <none>

TIMING-16#92 Warning
Large setup violation  
There is a large setup violation of -1.567 ns between video_pipe_hw_i/autowhitebalance_acc_0/inst/grp_AWBKernel_fu_167/AWBChannelGain_20_20_2160_3840_1_0_2_2_U0/grp_AWBChannelGainKernel_20_20_2160_3840_1_2_2_3_23_23_13_13_3840_s_fu_79/grp_AWBChannelGainKernel_Pipeline_Col_Loop_fu_258/val1_reg_347_reg[3]/C (clocked by clk_pl_0) and video_pipe_hw_i/autowhitebalance_acc_0/inst/grp_AWBKernel_fu_167/AWBChannelGain_20_20_2160_3840_1_0_2_2_U0/grp_AWBChannelGainKernel_20_20_2160_3840_1_2_2_3_23_23_13_13_3840_s_fu_79/tmpsum_vals_2_fu_150_reg[3]/D (clocked by clk_pl_0). Large setup violations at the end of those stages might be difficult to fix during the post-placement implementation flow and could be the result of non-optimal XDC constraints or non-optimal design architecture
Related violations: <none>

TIMING-16#93 Warning
Large setup violation  
There is a large setup violation of -1.568 ns between video_pipe_hw_i/autowhitebalance_acc_0/inst/grp_AWBKernel_fu_167/AWBChannelGain_20_20_2160_3840_1_0_2_2_U0/grp_AWBChannelGainKernel_20_20_2160_3840_1_2_2_3_23_23_13_13_3840_s_fu_79/grp_AWBChannelGainKernel_Pipeline_Col_Loop_fu_258/val1_reg_347_reg[3]/C (clocked by clk_pl_0) and video_pipe_hw_i/autowhitebalance_acc_0/inst/grp_AWBKernel_fu_167/AWBChannelGain_20_20_2160_3840_1_0_2_2_U0/grp_AWBChannelGainKernel_20_20_2160_3840_1_2_2_3_23_23_13_13_3840_s_fu_79/tmpsum_vals_1_fu_154_reg[11]/D (clocked by clk_pl_0). Large setup violations at the end of those stages might be difficult to fix during the post-placement implementation flow and could be the result of non-optimal XDC constraints or non-optimal design architecture
Related violations: <none>

TIMING-16#94 Warning
Large setup violation  
There is a large setup violation of -1.569 ns between video_pipe_hw_i/autowhitebalance_acc_0/inst/grp_AWBKernel_fu_167/AWBChannelGain_20_20_2160_3840_1_0_2_2_U0/grp_AWBChannelGainKernel_20_20_2160_3840_1_2_2_3_23_23_13_13_3840_s_fu_79/grp_AWBChannelGainKernel_Pipeline_Col_Loop_fu_258/val1_reg_347_reg[3]/C (clocked by clk_pl_0) and video_pipe_hw_i/autowhitebalance_acc_0/inst/grp_AWBKernel_fu_167/AWBChannelGain_20_20_2160_3840_1_0_2_2_U0/grp_AWBChannelGainKernel_20_20_2160_3840_1_2_2_3_23_23_13_13_3840_s_fu_79/tmpsum_vals_1_fu_154_reg[17]/D (clocked by clk_pl_0). Large setup violations at the end of those stages might be difficult to fix during the post-placement implementation flow and could be the result of non-optimal XDC constraints or non-optimal design architecture
Related violations: <none>

TIMING-16#95 Warning
Large setup violation  
There is a large setup violation of -1.570 ns between video_pipe_hw_i/autowhitebalance_acc_0/inst/grp_AWBKernel_fu_167/AWBChannelGain_20_20_2160_3840_1_0_2_2_U0/grp_AWBChannelGainKernel_20_20_2160_3840_1_2_2_3_23_23_13_13_3840_s_fu_79/grp_AWBChannelGainKernel_Pipeline_Col_Loop_fu_258/val1_reg_347_reg[3]/C (clocked by clk_pl_0) and video_pipe_hw_i/autowhitebalance_acc_0/inst/grp_AWBKernel_fu_167/AWBChannelGain_20_20_2160_3840_1_0_2_2_U0/grp_AWBChannelGainKernel_20_20_2160_3840_1_2_2_3_23_23_13_13_3840_s_fu_79/tmpsum_vals_2_fu_150_reg[8]/D (clocked by clk_pl_0). Large setup violations at the end of those stages might be difficult to fix during the post-placement implementation flow and could be the result of non-optimal XDC constraints or non-optimal design architecture
Related violations: <none>

TIMING-16#96 Warning
Large setup violation  
There is a large setup violation of -1.570 ns between video_pipe_hw_i/autowhitebalance_acc_0/inst/grp_AWBKernel_fu_167/AWBChannelGain_20_20_2160_3840_1_0_2_2_U0/grp_AWBChannelGainKernel_20_20_2160_3840_1_2_2_3_23_23_13_13_3840_s_fu_79/grp_AWBChannelGainKernel_Pipeline_Col_Loop_fu_258/val1_reg_347_reg[3]/C (clocked by clk_pl_0) and video_pipe_hw_i/autowhitebalance_acc_0/inst/grp_AWBKernel_fu_167/AWBChannelGain_20_20_2160_3840_1_0_2_2_U0/grp_AWBChannelGainKernel_20_20_2160_3840_1_2_2_3_23_23_13_13_3840_s_fu_79/tmpsum_vals_fu_158_reg[4]/D (clocked by clk_pl_0). Large setup violations at the end of those stages might be difficult to fix during the post-placement implementation flow and could be the result of non-optimal XDC constraints or non-optimal design architecture
Related violations: <none>

TIMING-16#97 Warning
Large setup violation  
There is a large setup violation of -1.571 ns between video_pipe_hw_i/autowhitebalance_acc_0/inst/grp_AWBKernel_fu_167/AWBChannelGain_20_20_2160_3840_1_0_2_2_U0/grp_AWBChannelGainKernel_20_20_2160_3840_1_2_2_3_23_23_13_13_3840_s_fu_79/grp_AWBChannelGainKernel_Pipeline_Col_Loop_fu_258/val1_reg_347_reg[3]/C (clocked by clk_pl_0) and video_pipe_hw_i/autowhitebalance_acc_0/inst/grp_AWBKernel_fu_167/AWBChannelGain_20_20_2160_3840_1_0_2_2_U0/grp_AWBChannelGainKernel_20_20_2160_3840_1_2_2_3_23_23_13_13_3840_s_fu_79/tmpsum_vals_1_fu_154_reg[31]/D (clocked by clk_pl_0). Large setup violations at the end of those stages might be difficult to fix during the post-placement implementation flow and could be the result of non-optimal XDC constraints or non-optimal design architecture
Related violations: <none>

TIMING-16#98 Warning
Large setup violation  
There is a large setup violation of -1.571 ns between video_pipe_hw_i/autowhitebalance_acc_0/inst/grp_AWBKernel_fu_167/AWBChannelGain_20_20_2160_3840_1_0_2_2_U0/grp_AWBChannelGainKernel_20_20_2160_3840_1_2_2_3_23_23_13_13_3840_s_fu_79/grp_AWBChannelGainKernel_Pipeline_Col_Loop_fu_258/val1_reg_347_reg[3]/C (clocked by clk_pl_0) and video_pipe_hw_i/autowhitebalance_acc_0/inst/grp_AWBKernel_fu_167/AWBChannelGain_20_20_2160_3840_1_0_2_2_U0/grp_AWBChannelGainKernel_20_20_2160_3840_1_2_2_3_23_23_13_13_3840_s_fu_79/tmpsum_vals_fu_158_reg[2]/D (clocked by clk_pl_0). Large setup violations at the end of those stages might be difficult to fix during the post-placement implementation flow and could be the result of non-optimal XDC constraints or non-optimal design architecture
Related violations: <none>

TIMING-16#99 Warning
Large setup violation  
There is a large setup violation of -1.572 ns between video_pipe_hw_i/autowhitebalance_acc_0/inst/grp_AWBKernel_fu_167/AWBChannelGain_20_20_2160_3840_1_0_2_2_U0/grp_AWBChannelGainKernel_20_20_2160_3840_1_2_2_3_23_23_13_13_3840_s_fu_79/grp_AWBChannelGainKernel_Pipeline_Col_Loop_fu_258/val1_reg_347_reg[3]/C (clocked by clk_pl_0) and video_pipe_hw_i/autowhitebalance_acc_0/inst/grp_AWBKernel_fu_167/AWBChannelGain_20_20_2160_3840_1_0_2_2_U0/grp_AWBChannelGainKernel_20_20_2160_3840_1_2_2_3_23_23_13_13_3840_s_fu_79/tmpsum_vals_1_fu_154_reg[2]/D (clocked by clk_pl_0). Large setup violations at the end of those stages might be difficult to fix during the post-placement implementation flow and could be the result of non-optimal XDC constraints or non-optimal design architecture
Related violations: <none>

TIMING-16#100 Warning
Large setup violation  
There is a large setup violation of -1.572 ns between video_pipe_hw_i/autowhitebalance_acc_0/inst/grp_AWBKernel_fu_167/AWBChannelGain_20_20_2160_3840_1_0_2_2_U0/grp_AWBChannelGainKernel_20_20_2160_3840_1_2_2_3_23_23_13_13_3840_s_fu_79/grp_AWBChannelGainKernel_Pipeline_Col_Loop_fu_258/val1_reg_347_reg[3]/C (clocked by clk_pl_0) and video_pipe_hw_i/autowhitebalance_acc_0/inst/grp_AWBKernel_fu_167/AWBChannelGain_20_20_2160_3840_1_0_2_2_U0/grp_AWBChannelGainKernel_20_20_2160_3840_1_2_2_3_23_23_13_13_3840_s_fu_79/tmpsum_vals_2_fu_150_reg[27]/D (clocked by clk_pl_0). Large setup violations at the end of those stages might be difficult to fix during the post-placement implementation flow and could be the result of non-optimal XDC constraints or non-optimal design architecture
Related violations: <none>

TIMING-16#101 Warning
Large setup violation  
There is a large setup violation of -1.573 ns between video_pipe_hw_i/autowhitebalance_acc_0/inst/grp_AWBKernel_fu_167/AWBChannelGain_20_20_2160_3840_1_0_2_2_U0/grp_AWBChannelGainKernel_20_20_2160_3840_1_2_2_3_23_23_13_13_3840_s_fu_79/grp_AWBChannelGainKernel_Pipeline_Col_Loop_fu_258/val1_reg_347_reg[3]/C (clocked by clk_pl_0) and video_pipe_hw_i/autowhitebalance_acc_0/inst/grp_AWBKernel_fu_167/AWBChannelGain_20_20_2160_3840_1_0_2_2_U0/grp_AWBChannelGainKernel_20_20_2160_3840_1_2_2_3_23_23_13_13_3840_s_fu_79/tmpsum_vals_fu_158_reg[1]/D (clocked by clk_pl_0). Large setup violations at the end of those stages might be difficult to fix during the post-placement implementation flow and could be the result of non-optimal XDC constraints or non-optimal design architecture
Related violations: <none>

TIMING-16#102 Warning
Large setup violation  
There is a large setup violation of -1.574 ns between video_pipe_hw_i/autowhitebalance_acc_0/inst/grp_AWBKernel_fu_167/AWBChannelGain_20_20_2160_3840_1_0_2_2_U0/grp_AWBChannelGainKernel_20_20_2160_3840_1_2_2_3_23_23_13_13_3840_s_fu_79/grp_AWBChannelGainKernel_Pipeline_Col_Loop_fu_258/val1_reg_347_reg[3]/C (clocked by clk_pl_0) and video_pipe_hw_i/autowhitebalance_acc_0/inst/grp_AWBKernel_fu_167/AWBChannelGain_20_20_2160_3840_1_0_2_2_U0/grp_AWBChannelGainKernel_20_20_2160_3840_1_2_2_3_23_23_13_13_3840_s_fu_79/tmpsum_vals_fu_158_reg[24]/D (clocked by clk_pl_0). Large setup violations at the end of those stages might be difficult to fix during the post-placement implementation flow and could be the result of non-optimal XDC constraints or non-optimal design architecture
Related violations: <none>

TIMING-16#103 Warning
Large setup violation  
There is a large setup violation of -1.575 ns between video_pipe_hw_i/autowhitebalance_acc_0/inst/grp_AWBKernel_fu_167/AWBChannelGain_20_20_2160_3840_1_0_2_2_U0/grp_AWBChannelGainKernel_20_20_2160_3840_1_2_2_3_23_23_13_13_3840_s_fu_79/grp_AWBChannelGainKernel_Pipeline_Col_Loop_fu_258/val1_reg_347_reg[3]/C (clocked by clk_pl_0) and video_pipe_hw_i/autowhitebalance_acc_0/inst/grp_AWBKernel_fu_167/AWBChannelGain_20_20_2160_3840_1_0_2_2_U0/grp_AWBChannelGainKernel_20_20_2160_3840_1_2_2_3_23_23_13_13_3840_s_fu_79/tmpsum_vals_1_fu_154_reg[14]/D (clocked by clk_pl_0). Large setup violations at the end of those stages might be difficult to fix during the post-placement implementation flow and could be the result of non-optimal XDC constraints or non-optimal design architecture
Related violations: <none>

TIMING-16#104 Warning
Large setup violation  
There is a large setup violation of -1.575 ns between video_pipe_hw_i/autowhitebalance_acc_0/inst/grp_AWBKernel_fu_167/AWBChannelGain_20_20_2160_3840_1_0_2_2_U0/grp_AWBChannelGainKernel_20_20_2160_3840_1_2_2_3_23_23_13_13_3840_s_fu_79/grp_AWBChannelGainKernel_Pipeline_Col_Loop_fu_258/val1_reg_347_reg[3]/C (clocked by clk_pl_0) and video_pipe_hw_i/autowhitebalance_acc_0/inst/grp_AWBKernel_fu_167/AWBChannelGain_20_20_2160_3840_1_0_2_2_U0/grp_AWBChannelGainKernel_20_20_2160_3840_1_2_2_3_23_23_13_13_3840_s_fu_79/tmpsum_vals_fu_158_reg[33]/D (clocked by clk_pl_0). Large setup violations at the end of those stages might be difficult to fix during the post-placement implementation flow and could be the result of non-optimal XDC constraints or non-optimal design architecture
Related violations: <none>

TIMING-16#105 Warning
Large setup violation  
There is a large setup violation of -1.577 ns between video_pipe_hw_i/autowhitebalance_acc_0/inst/grp_AWBKernel_fu_167/AWBChannelGain_20_20_2160_3840_1_0_2_2_U0/grp_AWBChannelGainKernel_20_20_2160_3840_1_2_2_3_23_23_13_13_3840_s_fu_79/grp_AWBChannelGainKernel_Pipeline_Col_Loop_fu_258/val1_reg_347_reg[3]/C (clocked by clk_pl_0) and video_pipe_hw_i/autowhitebalance_acc_0/inst/grp_AWBKernel_fu_167/AWBChannelGain_20_20_2160_3840_1_0_2_2_U0/grp_AWBChannelGainKernel_20_20_2160_3840_1_2_2_3_23_23_13_13_3840_s_fu_79/tmpsum_vals_2_fu_150_reg[15]/D (clocked by clk_pl_0). Large setup violations at the end of those stages might be difficult to fix during the post-placement implementation flow and could be the result of non-optimal XDC constraints or non-optimal design architecture
Related violations: <none>

TIMING-16#106 Warning
Large setup violation  
There is a large setup violation of -1.577 ns between video_pipe_hw_i/autowhitebalance_acc_0/inst/grp_AWBKernel_fu_167/AWBChannelGain_20_20_2160_3840_1_0_2_2_U0/grp_AWBChannelGainKernel_20_20_2160_3840_1_2_2_3_23_23_13_13_3840_s_fu_79/grp_AWBChannelGainKernel_Pipeline_Col_Loop_fu_258/val1_reg_347_reg[3]/C (clocked by clk_pl_0) and video_pipe_hw_i/autowhitebalance_acc_0/inst/grp_AWBKernel_fu_167/AWBChannelGain_20_20_2160_3840_1_0_2_2_U0/grp_AWBChannelGainKernel_20_20_2160_3840_1_2_2_3_23_23_13_13_3840_s_fu_79/tmpsum_vals_fu_158_reg[29]/D (clocked by clk_pl_0). Large setup violations at the end of those stages might be difficult to fix during the post-placement implementation flow and could be the result of non-optimal XDC constraints or non-optimal design architecture
Related violations: <none>

TIMING-16#107 Warning
Large setup violation  
There is a large setup violation of -1.578 ns between video_pipe_hw_i/autowhitebalance_acc_0/inst/grp_AWBKernel_fu_167/AWBChannelGain_20_20_2160_3840_1_0_2_2_U0/grp_AWBChannelGainKernel_20_20_2160_3840_1_2_2_3_23_23_13_13_3840_s_fu_79/grp_AWBChannelGainKernel_Pipeline_Col_Loop_fu_258/val1_reg_347_reg[3]/C (clocked by clk_pl_0) and video_pipe_hw_i/autowhitebalance_acc_0/inst/grp_AWBKernel_fu_167/AWBChannelGain_20_20_2160_3840_1_0_2_2_U0/grp_AWBChannelGainKernel_20_20_2160_3840_1_2_2_3_23_23_13_13_3840_s_fu_79/tmpsum_vals_fu_158_reg[22]/D (clocked by clk_pl_0). Large setup violations at the end of those stages might be difficult to fix during the post-placement implementation flow and could be the result of non-optimal XDC constraints or non-optimal design architecture
Related violations: <none>

TIMING-16#108 Warning
Large setup violation  
There is a large setup violation of -1.579 ns between video_pipe_hw_i/autowhitebalance_acc_0/inst/grp_AWBKernel_fu_167/AWBChannelGain_20_20_2160_3840_1_0_2_2_U0/grp_AWBChannelGainKernel_20_20_2160_3840_1_2_2_3_23_23_13_13_3840_s_fu_79/grp_AWBChannelGainKernel_Pipeline_Col_Loop_fu_258/val1_reg_347_reg[3]/C (clocked by clk_pl_0) and video_pipe_hw_i/autowhitebalance_acc_0/inst/grp_AWBKernel_fu_167/AWBChannelGain_20_20_2160_3840_1_0_2_2_U0/grp_AWBChannelGainKernel_20_20_2160_3840_1_2_2_3_23_23_13_13_3840_s_fu_79/tmpsum_vals_1_fu_154_reg[35]/D (clocked by clk_pl_0). Large setup violations at the end of those stages might be difficult to fix during the post-placement implementation flow and could be the result of non-optimal XDC constraints or non-optimal design architecture
Related violations: <none>

TIMING-16#109 Warning
Large setup violation  
There is a large setup violation of -1.579 ns between video_pipe_hw_i/autowhitebalance_acc_0/inst/grp_AWBKernel_fu_167/AWBChannelGain_20_20_2160_3840_1_0_2_2_U0/grp_AWBChannelGainKernel_20_20_2160_3840_1_2_2_3_23_23_13_13_3840_s_fu_79/grp_AWBChannelGainKernel_Pipeline_Col_Loop_fu_258/val1_reg_347_reg[3]/C (clocked by clk_pl_0) and video_pipe_hw_i/autowhitebalance_acc_0/inst/grp_AWBKernel_fu_167/AWBChannelGain_20_20_2160_3840_1_0_2_2_U0/grp_AWBChannelGainKernel_20_20_2160_3840_1_2_2_3_23_23_13_13_3840_s_fu_79/tmpsum_vals_2_fu_150_reg[7]/D (clocked by clk_pl_0). Large setup violations at the end of those stages might be difficult to fix during the post-placement implementation flow and could be the result of non-optimal XDC constraints or non-optimal design architecture
Related violations: <none>

TIMING-16#110 Warning
Large setup violation  
There is a large setup violation of -1.580 ns between video_pipe_hw_i/autowhitebalance_acc_0/inst/grp_AWBKernel_fu_167/AWBChannelGain_20_20_2160_3840_1_0_2_2_U0/grp_AWBChannelGainKernel_20_20_2160_3840_1_2_2_3_23_23_13_13_3840_s_fu_79/grp_AWBChannelGainKernel_Pipeline_Col_Loop_fu_258/val1_reg_347_reg[3]/C (clocked by clk_pl_0) and video_pipe_hw_i/autowhitebalance_acc_0/inst/grp_AWBKernel_fu_167/AWBChannelGain_20_20_2160_3840_1_0_2_2_U0/grp_AWBChannelGainKernel_20_20_2160_3840_1_2_2_3_23_23_13_13_3840_s_fu_79/tmpsum_vals_1_fu_154_reg[13]/D (clocked by clk_pl_0). Large setup violations at the end of those stages might be difficult to fix during the post-placement implementation flow and could be the result of non-optimal XDC constraints or non-optimal design architecture
Related violations: <none>

TIMING-16#111 Warning
Large setup violation  
There is a large setup violation of -1.580 ns between video_pipe_hw_i/autowhitebalance_acc_0/inst/grp_AWBKernel_fu_167/AWBChannelGain_20_20_2160_3840_1_0_2_2_U0/grp_AWBChannelGainKernel_20_20_2160_3840_1_2_2_3_23_23_13_13_3840_s_fu_79/grp_AWBChannelGainKernel_Pipeline_Col_Loop_fu_258/val1_reg_347_reg[3]/C (clocked by clk_pl_0) and video_pipe_hw_i/autowhitebalance_acc_0/inst/grp_AWBKernel_fu_167/AWBChannelGain_20_20_2160_3840_1_0_2_2_U0/grp_AWBChannelGainKernel_20_20_2160_3840_1_2_2_3_23_23_13_13_3840_s_fu_79/tmpsum_vals_2_fu_150_reg[19]/D (clocked by clk_pl_0). Large setup violations at the end of those stages might be difficult to fix during the post-placement implementation flow and could be the result of non-optimal XDC constraints or non-optimal design architecture
Related violations: <none>

TIMING-16#112 Warning
Large setup violation  
There is a large setup violation of -1.581 ns between video_pipe_hw_i/autowhitebalance_acc_0/inst/grp_AWBKernel_fu_167/AWBChannelGain_20_20_2160_3840_1_0_2_2_U0/grp_AWBChannelGainKernel_20_20_2160_3840_1_2_2_3_23_23_13_13_3840_s_fu_79/grp_AWBChannelGainKernel_Pipeline_Col_Loop_fu_258/val1_reg_347_reg[3]/C (clocked by clk_pl_0) and video_pipe_hw_i/autowhitebalance_acc_0/inst/grp_AWBKernel_fu_167/AWBChannelGain_20_20_2160_3840_1_0_2_2_U0/grp_AWBChannelGainKernel_20_20_2160_3840_1_2_2_3_23_23_13_13_3840_s_fu_79/tmpsum_vals_2_fu_150_reg[33]/D (clocked by clk_pl_0). Large setup violations at the end of those stages might be difficult to fix during the post-placement implementation flow and could be the result of non-optimal XDC constraints or non-optimal design architecture
Related violations: <none>

TIMING-16#113 Warning
Large setup violation  
There is a large setup violation of -1.581 ns between video_pipe_hw_i/autowhitebalance_acc_0/inst/grp_AWBKernel_fu_167/AWBChannelGain_20_20_2160_3840_1_0_2_2_U0/grp_AWBChannelGainKernel_20_20_2160_3840_1_2_2_3_23_23_13_13_3840_s_fu_79/grp_AWBChannelGainKernel_Pipeline_Col_Loop_fu_258/val1_reg_347_reg[3]/C (clocked by clk_pl_0) and video_pipe_hw_i/autowhitebalance_acc_0/inst/grp_AWBKernel_fu_167/AWBChannelGain_20_20_2160_3840_1_0_2_2_U0/grp_AWBChannelGainKernel_20_20_2160_3840_1_2_2_3_23_23_13_13_3840_s_fu_79/tmpsum_vals_fu_158_reg[35]/D (clocked by clk_pl_0). Large setup violations at the end of those stages might be difficult to fix during the post-placement implementation flow and could be the result of non-optimal XDC constraints or non-optimal design architecture
Related violations: <none>

TIMING-16#114 Warning
Large setup violation  
There is a large setup violation of -1.582 ns between video_pipe_hw_i/autowhitebalance_acc_0/inst/grp_AWBKernel_fu_167/AWBChannelGain_20_20_2160_3840_1_0_2_2_U0/grp_AWBChannelGainKernel_20_20_2160_3840_1_2_2_3_23_23_13_13_3840_s_fu_79/grp_AWBChannelGainKernel_Pipeline_Col_Loop_fu_258/val1_reg_347_reg[3]/C (clocked by clk_pl_0) and video_pipe_hw_i/autowhitebalance_acc_0/inst/grp_AWBKernel_fu_167/AWBChannelGain_20_20_2160_3840_1_0_2_2_U0/grp_AWBChannelGainKernel_20_20_2160_3840_1_2_2_3_23_23_13_13_3840_s_fu_79/tmpsum_vals_fu_158_reg[18]/D (clocked by clk_pl_0). Large setup violations at the end of those stages might be difficult to fix during the post-placement implementation flow and could be the result of non-optimal XDC constraints or non-optimal design architecture
Related violations: <none>

TIMING-16#115 Warning
Large setup violation  
There is a large setup violation of -1.584 ns between video_pipe_hw_i/autowhitebalance_acc_0/inst/grp_AWBKernel_fu_167/AWBChannelGain_20_20_2160_3840_1_0_2_2_U0/grp_AWBChannelGainKernel_20_20_2160_3840_1_2_2_3_23_23_13_13_3840_s_fu_79/grp_AWBChannelGainKernel_Pipeline_Col_Loop_fu_258/val1_reg_347_reg[3]/C (clocked by clk_pl_0) and video_pipe_hw_i/autowhitebalance_acc_0/inst/grp_AWBKernel_fu_167/AWBChannelGain_20_20_2160_3840_1_0_2_2_U0/grp_AWBChannelGainKernel_20_20_2160_3840_1_2_2_3_23_23_13_13_3840_s_fu_79/tmpsum_vals_2_fu_150_reg[30]/D (clocked by clk_pl_0). Large setup violations at the end of those stages might be difficult to fix during the post-placement implementation flow and could be the result of non-optimal XDC constraints or non-optimal design architecture
Related violations: <none>

TIMING-16#116 Warning
Large setup violation  
There is a large setup violation of -1.585 ns between video_pipe_hw_i/autowhitebalance_acc_0/inst/grp_AWBKernel_fu_167/AWBChannelGain_20_20_2160_3840_1_0_2_2_U0/grp_AWBChannelGainKernel_20_20_2160_3840_1_2_2_3_23_23_13_13_3840_s_fu_79/grp_AWBChannelGainKernel_Pipeline_Col_Loop_fu_258/val1_reg_347_reg[3]/C (clocked by clk_pl_0) and video_pipe_hw_i/autowhitebalance_acc_0/inst/grp_AWBKernel_fu_167/AWBChannelGain_20_20_2160_3840_1_0_2_2_U0/grp_AWBChannelGainKernel_20_20_2160_3840_1_2_2_3_23_23_13_13_3840_s_fu_79/tmpsum_vals_1_fu_154_reg[7]/D (clocked by clk_pl_0). Large setup violations at the end of those stages might be difficult to fix during the post-placement implementation flow and could be the result of non-optimal XDC constraints or non-optimal design architecture
Related violations: <none>

TIMING-16#117 Warning
Large setup violation  
There is a large setup violation of -1.585 ns between video_pipe_hw_i/autowhitebalance_acc_0/inst/grp_AWBKernel_fu_167/AWBChannelGain_20_20_2160_3840_1_0_2_2_U0/grp_AWBChannelGainKernel_20_20_2160_3840_1_2_2_3_23_23_13_13_3840_s_fu_79/grp_AWBChannelGainKernel_Pipeline_Col_Loop_fu_258/val1_reg_347_reg[3]/C (clocked by clk_pl_0) and video_pipe_hw_i/autowhitebalance_acc_0/inst/grp_AWBKernel_fu_167/AWBChannelGain_20_20_2160_3840_1_0_2_2_U0/grp_AWBChannelGainKernel_20_20_2160_3840_1_2_2_3_23_23_13_13_3840_s_fu_79/tmpsum_vals_2_fu_150_reg[4]/D (clocked by clk_pl_0). Large setup violations at the end of those stages might be difficult to fix during the post-placement implementation flow and could be the result of non-optimal XDC constraints or non-optimal design architecture
Related violations: <none>

TIMING-16#118 Warning
Large setup violation  
There is a large setup violation of -1.586 ns between video_pipe_hw_i/autowhitebalance_acc_0/inst/grp_AWBKernel_fu_167/AWBChannelGain_20_20_2160_3840_1_0_2_2_U0/grp_AWBChannelGainKernel_20_20_2160_3840_1_2_2_3_23_23_13_13_3840_s_fu_79/grp_AWBChannelGainKernel_Pipeline_Col_Loop_fu_258/val1_reg_347_reg[3]/C (clocked by clk_pl_0) and video_pipe_hw_i/autowhitebalance_acc_0/inst/grp_AWBKernel_fu_167/AWBChannelGain_20_20_2160_3840_1_0_2_2_U0/grp_AWBChannelGainKernel_20_20_2160_3840_1_2_2_3_23_23_13_13_3840_s_fu_79/tmpsum_vals_2_fu_150_reg[29]/D (clocked by clk_pl_0). Large setup violations at the end of those stages might be difficult to fix during the post-placement implementation flow and could be the result of non-optimal XDC constraints or non-optimal design architecture
Related violations: <none>

TIMING-16#119 Warning
Large setup violation  
There is a large setup violation of -1.586 ns between video_pipe_hw_i/autowhitebalance_acc_0/inst/grp_AWBKernel_fu_167/AWBChannelGain_20_20_2160_3840_1_0_2_2_U0/grp_AWBChannelGainKernel_20_20_2160_3840_1_2_2_3_23_23_13_13_3840_s_fu_79/grp_AWBChannelGainKernel_Pipeline_Col_Loop_fu_258/val1_reg_347_reg[3]/C (clocked by clk_pl_0) and video_pipe_hw_i/autowhitebalance_acc_0/inst/grp_AWBKernel_fu_167/AWBChannelGain_20_20_2160_3840_1_0_2_2_U0/grp_AWBChannelGainKernel_20_20_2160_3840_1_2_2_3_23_23_13_13_3840_s_fu_79/tmpsum_vals_fu_158_reg[17]/D (clocked by clk_pl_0). Large setup violations at the end of those stages might be difficult to fix during the post-placement implementation flow and could be the result of non-optimal XDC constraints or non-optimal design architecture
Related violations: <none>

TIMING-16#120 Warning
Large setup violation  
There is a large setup violation of -1.586 ns between video_pipe_hw_i/autowhitebalance_acc_0/inst/grp_AWBKernel_fu_167/AWBChannelGain_20_20_2160_3840_1_0_2_2_U0/grp_AWBChannelGainKernel_20_20_2160_3840_1_2_2_3_23_23_13_13_3840_s_fu_79/grp_AWBChannelGainKernel_Pipeline_Col_Loop_fu_258/val1_reg_347_reg[3]/C (clocked by clk_pl_0) and video_pipe_hw_i/autowhitebalance_acc_0/inst/grp_AWBKernel_fu_167/AWBChannelGain_20_20_2160_3840_1_0_2_2_U0/grp_AWBChannelGainKernel_20_20_2160_3840_1_2_2_3_23_23_13_13_3840_s_fu_79/tmpsum_vals_fu_158_reg[6]/D (clocked by clk_pl_0). Large setup violations at the end of those stages might be difficult to fix during the post-placement implementation flow and could be the result of non-optimal XDC constraints or non-optimal design architecture
Related violations: <none>

TIMING-16#121 Warning
Large setup violation  
There is a large setup violation of -1.587 ns between video_pipe_hw_i/autowhitebalance_acc_0/inst/grp_AWBKernel_fu_167/AWBChannelGain_20_20_2160_3840_1_0_2_2_U0/grp_AWBChannelGainKernel_20_20_2160_3840_1_2_2_3_23_23_13_13_3840_s_fu_79/grp_AWBChannelGainKernel_Pipeline_Col_Loop_fu_258/val1_reg_347_reg[3]/C (clocked by clk_pl_0) and video_pipe_hw_i/autowhitebalance_acc_0/inst/grp_AWBKernel_fu_167/AWBChannelGain_20_20_2160_3840_1_0_2_2_U0/grp_AWBChannelGainKernel_20_20_2160_3840_1_2_2_3_23_23_13_13_3840_s_fu_79/tmpsum_vals_fu_158_reg[8]/D (clocked by clk_pl_0). Large setup violations at the end of those stages might be difficult to fix during the post-placement implementation flow and could be the result of non-optimal XDC constraints or non-optimal design architecture
Related violations: <none>

TIMING-16#122 Warning
Large setup violation  
There is a large setup violation of -1.588 ns between video_pipe_hw_i/autowhitebalance_acc_0/inst/grp_AWBKernel_fu_167/AWBChannelGain_20_20_2160_3840_1_0_2_2_U0/grp_AWBChannelGainKernel_20_20_2160_3840_1_2_2_3_23_23_13_13_3840_s_fu_79/grp_AWBChannelGainKernel_Pipeline_Col_Loop_fu_258/val1_reg_347_reg[3]/C (clocked by clk_pl_0) and video_pipe_hw_i/autowhitebalance_acc_0/inst/grp_AWBKernel_fu_167/AWBChannelGain_20_20_2160_3840_1_0_2_2_U0/grp_AWBChannelGainKernel_20_20_2160_3840_1_2_2_3_23_23_13_13_3840_s_fu_79/tmpsum_vals_2_fu_150_reg[25]/D (clocked by clk_pl_0). Large setup violations at the end of those stages might be difficult to fix during the post-placement implementation flow and could be the result of non-optimal XDC constraints or non-optimal design architecture
Related violations: <none>

TIMING-16#123 Warning
Large setup violation  
There is a large setup violation of -1.588 ns between video_pipe_hw_i/autowhitebalance_acc_0/inst/grp_AWBKernel_fu_167/AWBChannelGain_20_20_2160_3840_1_0_2_2_U0/grp_AWBChannelGainKernel_20_20_2160_3840_1_2_2_3_23_23_13_13_3840_s_fu_79/grp_AWBChannelGainKernel_Pipeline_Col_Loop_fu_258/val1_reg_347_reg[3]/C (clocked by clk_pl_0) and video_pipe_hw_i/autowhitebalance_acc_0/inst/grp_AWBKernel_fu_167/AWBChannelGain_20_20_2160_3840_1_0_2_2_U0/grp_AWBChannelGainKernel_20_20_2160_3840_1_2_2_3_23_23_13_13_3840_s_fu_79/tmpsum_vals_fu_158_reg[36]/D (clocked by clk_pl_0). Large setup violations at the end of those stages might be difficult to fix during the post-placement implementation flow and could be the result of non-optimal XDC constraints or non-optimal design architecture
Related violations: <none>

TIMING-16#124 Warning
Large setup violation  
There is a large setup violation of -1.592 ns between video_pipe_hw_i/autowhitebalance_acc_0/inst/grp_AWBKernel_fu_167/AWBChannelGain_20_20_2160_3840_1_0_2_2_U0/grp_AWBChannelGainKernel_20_20_2160_3840_1_2_2_3_23_23_13_13_3840_s_fu_79/grp_AWBChannelGainKernel_Pipeline_Col_Loop_fu_258/val1_reg_347_reg[3]/C (clocked by clk_pl_0) and video_pipe_hw_i/autowhitebalance_acc_0/inst/grp_AWBKernel_fu_167/AWBChannelGain_20_20_2160_3840_1_0_2_2_U0/grp_AWBChannelGainKernel_20_20_2160_3840_1_2_2_3_23_23_13_13_3840_s_fu_79/tmpsum_vals_2_fu_150_reg[23]/D (clocked by clk_pl_0). Large setup violations at the end of those stages might be difficult to fix during the post-placement implementation flow and could be the result of non-optimal XDC constraints or non-optimal design architecture
Related violations: <none>

TIMING-16#125 Warning
Large setup violation  
There is a large setup violation of -1.594 ns between video_pipe_hw_i/autowhitebalance_acc_0/inst/grp_AWBKernel_fu_167/AWBChannelGain_20_20_2160_3840_1_0_2_2_U0/grp_AWBChannelGainKernel_20_20_2160_3840_1_2_2_3_23_23_13_13_3840_s_fu_79/grp_AWBChannelGainKernel_Pipeline_Col_Loop_fu_258/val1_reg_347_reg[3]/C (clocked by clk_pl_0) and video_pipe_hw_i/autowhitebalance_acc_0/inst/grp_AWBKernel_fu_167/AWBChannelGain_20_20_2160_3840_1_0_2_2_U0/grp_AWBChannelGainKernel_20_20_2160_3840_1_2_2_3_23_23_13_13_3840_s_fu_79/tmpsum_vals_1_fu_154_reg[18]/D (clocked by clk_pl_0). Large setup violations at the end of those stages might be difficult to fix during the post-placement implementation flow and could be the result of non-optimal XDC constraints or non-optimal design architecture
Related violations: <none>

TIMING-16#126 Warning
Large setup violation  
There is a large setup violation of -1.595 ns between video_pipe_hw_i/autowhitebalance_acc_0/inst/grp_AWBKernel_fu_167/AWBChannelGain_20_20_2160_3840_1_0_2_2_U0/grp_AWBChannelGainKernel_20_20_2160_3840_1_2_2_3_23_23_13_13_3840_s_fu_79/grp_AWBChannelGainKernel_Pipeline_Col_Loop_fu_258/val1_reg_347_reg[3]/C (clocked by clk_pl_0) and video_pipe_hw_i/autowhitebalance_acc_0/inst/grp_AWBKernel_fu_167/AWBChannelGain_20_20_2160_3840_1_0_2_2_U0/grp_AWBChannelGainKernel_20_20_2160_3840_1_2_2_3_23_23_13_13_3840_s_fu_79/tmpsum_vals_2_fu_150_reg[2]/D (clocked by clk_pl_0). Large setup violations at the end of those stages might be difficult to fix during the post-placement implementation flow and could be the result of non-optimal XDC constraints or non-optimal design architecture
Related violations: <none>

TIMING-16#127 Warning
Large setup violation  
There is a large setup violation of -1.598 ns between video_pipe_hw_i/autowhitebalance_acc_0/inst/grp_AWBKernel_fu_167/AWBChannelGain_20_20_2160_3840_1_0_2_2_U0/grp_AWBChannelGainKernel_20_20_2160_3840_1_2_2_3_23_23_13_13_3840_s_fu_79/grp_AWBChannelGainKernel_Pipeline_Col_Loop_fu_258/val1_reg_347_reg[3]/C (clocked by clk_pl_0) and video_pipe_hw_i/autowhitebalance_acc_0/inst/grp_AWBKernel_fu_167/AWBChannelGain_20_20_2160_3840_1_0_2_2_U0/grp_AWBChannelGainKernel_20_20_2160_3840_1_2_2_3_23_23_13_13_3840_s_fu_79/tmpsum_vals_1_fu_154_reg[10]/D (clocked by clk_pl_0). Large setup violations at the end of those stages might be difficult to fix during the post-placement implementation flow and could be the result of non-optimal XDC constraints or non-optimal design architecture
Related violations: <none>

TIMING-16#128 Warning
Large setup violation  
There is a large setup violation of -1.599 ns between video_pipe_hw_i/autowhitebalance_acc_0/inst/grp_AWBKernel_fu_167/AWBChannelGain_20_20_2160_3840_1_0_2_2_U0/grp_AWBChannelGainKernel_20_20_2160_3840_1_2_2_3_23_23_13_13_3840_s_fu_79/grp_AWBChannelGainKernel_Pipeline_Col_Loop_fu_258/val1_reg_347_reg[3]/C (clocked by clk_pl_0) and video_pipe_hw_i/autowhitebalance_acc_0/inst/grp_AWBKernel_fu_167/AWBChannelGain_20_20_2160_3840_1_0_2_2_U0/grp_AWBChannelGainKernel_20_20_2160_3840_1_2_2_3_23_23_13_13_3840_s_fu_79/tmpsum_vals_1_fu_154_reg[16]/D (clocked by clk_pl_0). Large setup violations at the end of those stages might be difficult to fix during the post-placement implementation flow and could be the result of non-optimal XDC constraints or non-optimal design architecture
Related violations: <none>

TIMING-16#129 Warning
Large setup violation  
There is a large setup violation of -1.600 ns between video_pipe_hw_i/autowhitebalance_acc_0/inst/grp_AWBKernel_fu_167/AWBChannelGain_20_20_2160_3840_1_0_2_2_U0/grp_AWBChannelGainKernel_20_20_2160_3840_1_2_2_3_23_23_13_13_3840_s_fu_79/grp_AWBChannelGainKernel_Pipeline_Col_Loop_fu_258/val1_reg_347_reg[3]/C (clocked by clk_pl_0) and video_pipe_hw_i/autowhitebalance_acc_0/inst/grp_AWBKernel_fu_167/AWBChannelGain_20_20_2160_3840_1_0_2_2_U0/grp_AWBChannelGainKernel_20_20_2160_3840_1_2_2_3_23_23_13_13_3840_s_fu_79/tmpsum_vals_1_fu_154_reg[21]/D (clocked by clk_pl_0). Large setup violations at the end of those stages might be difficult to fix during the post-placement implementation flow and could be the result of non-optimal XDC constraints or non-optimal design architecture
Related violations: <none>

TIMING-16#130 Warning
Large setup violation  
There is a large setup violation of -1.600 ns between video_pipe_hw_i/autowhitebalance_acc_0/inst/grp_AWBKernel_fu_167/AWBChannelGain_20_20_2160_3840_1_0_2_2_U0/grp_AWBChannelGainKernel_20_20_2160_3840_1_2_2_3_23_23_13_13_3840_s_fu_79/grp_AWBChannelGainKernel_Pipeline_Col_Loop_fu_258/val1_reg_347_reg[3]/C (clocked by clk_pl_0) and video_pipe_hw_i/autowhitebalance_acc_0/inst/grp_AWBKernel_fu_167/AWBChannelGain_20_20_2160_3840_1_0_2_2_U0/grp_AWBChannelGainKernel_20_20_2160_3840_1_2_2_3_23_23_13_13_3840_s_fu_79/tmpsum_vals_2_fu_150_reg[38]/D (clocked by clk_pl_0). Large setup violations at the end of those stages might be difficult to fix during the post-placement implementation flow and could be the result of non-optimal XDC constraints or non-optimal design architecture
Related violations: <none>

TIMING-16#131 Warning
Large setup violation  
There is a large setup violation of -1.600 ns between video_pipe_hw_i/autowhitebalance_acc_0/inst/grp_AWBKernel_fu_167/AWBChannelGain_20_20_2160_3840_1_0_2_2_U0/grp_AWBChannelGainKernel_20_20_2160_3840_1_2_2_3_23_23_13_13_3840_s_fu_79/grp_AWBChannelGainKernel_Pipeline_Col_Loop_fu_258/val1_reg_347_reg[3]/C (clocked by clk_pl_0) and video_pipe_hw_i/autowhitebalance_acc_0/inst/grp_AWBKernel_fu_167/AWBChannelGain_20_20_2160_3840_1_0_2_2_U0/grp_AWBChannelGainKernel_20_20_2160_3840_1_2_2_3_23_23_13_13_3840_s_fu_79/tmpsum_vals_fu_158_reg[0]/D (clocked by clk_pl_0). Large setup violations at the end of those stages might be difficult to fix during the post-placement implementation flow and could be the result of non-optimal XDC constraints or non-optimal design architecture
Related violations: <none>

TIMING-16#132 Warning
Large setup violation  
There is a large setup violation of -1.603 ns between video_pipe_hw_i/autowhitebalance_acc_0/inst/grp_AWBKernel_fu_167/AWBChannelGain_20_20_2160_3840_1_0_2_2_U0/grp_AWBChannelGainKernel_20_20_2160_3840_1_2_2_3_23_23_13_13_3840_s_fu_79/grp_AWBChannelGainKernel_Pipeline_Col_Loop_fu_258/val1_reg_347_reg[3]/C (clocked by clk_pl_0) and video_pipe_hw_i/autowhitebalance_acc_0/inst/grp_AWBKernel_fu_167/AWBChannelGain_20_20_2160_3840_1_0_2_2_U0/grp_AWBChannelGainKernel_20_20_2160_3840_1_2_2_3_23_23_13_13_3840_s_fu_79/tmpsum_vals_2_fu_150_reg[14]/D (clocked by clk_pl_0). Large setup violations at the end of those stages might be difficult to fix during the post-placement implementation flow and could be the result of non-optimal XDC constraints or non-optimal design architecture
Related violations: <none>

TIMING-16#133 Warning
Large setup violation  
There is a large setup violation of -1.603 ns between video_pipe_hw_i/autowhitebalance_acc_0/inst/grp_AWBKernel_fu_167/AWBChannelGain_20_20_2160_3840_1_0_2_2_U0/grp_AWBChannelGainKernel_20_20_2160_3840_1_2_2_3_23_23_13_13_3840_s_fu_79/grp_AWBChannelGainKernel_Pipeline_Col_Loop_fu_258/val1_reg_347_reg[3]/C (clocked by clk_pl_0) and video_pipe_hw_i/autowhitebalance_acc_0/inst/grp_AWBKernel_fu_167/AWBChannelGain_20_20_2160_3840_1_0_2_2_U0/grp_AWBChannelGainKernel_20_20_2160_3840_1_2_2_3_23_23_13_13_3840_s_fu_79/tmpsum_vals_2_fu_150_reg[34]/D (clocked by clk_pl_0). Large setup violations at the end of those stages might be difficult to fix during the post-placement implementation flow and could be the result of non-optimal XDC constraints or non-optimal design architecture
Related violations: <none>

TIMING-16#134 Warning
Large setup violation  
There is a large setup violation of -1.604 ns between video_pipe_hw_i/autowhitebalance_acc_0/inst/grp_AWBKernel_fu_167/AWBChannelGain_20_20_2160_3840_1_0_2_2_U0/grp_AWBChannelGainKernel_20_20_2160_3840_1_2_2_3_23_23_13_13_3840_s_fu_79/grp_AWBChannelGainKernel_Pipeline_Col_Loop_fu_258/val1_reg_347_reg[3]/C (clocked by clk_pl_0) and video_pipe_hw_i/autowhitebalance_acc_0/inst/grp_AWBKernel_fu_167/AWBChannelGain_20_20_2160_3840_1_0_2_2_U0/grp_AWBChannelGainKernel_20_20_2160_3840_1_2_2_3_23_23_13_13_3840_s_fu_79/tmpsum_vals_1_fu_154_reg[1]/D (clocked by clk_pl_0). Large setup violations at the end of those stages might be difficult to fix during the post-placement implementation flow and could be the result of non-optimal XDC constraints or non-optimal design architecture
Related violations: <none>

TIMING-16#135 Warning
Large setup violation  
There is a large setup violation of -1.604 ns between video_pipe_hw_i/autowhitebalance_acc_0/inst/grp_AWBKernel_fu_167/AWBChannelGain_20_20_2160_3840_1_0_2_2_U0/grp_AWBChannelGainKernel_20_20_2160_3840_1_2_2_3_23_23_13_13_3840_s_fu_79/grp_AWBChannelGainKernel_Pipeline_Col_Loop_fu_258/val1_reg_347_reg[3]/C (clocked by clk_pl_0) and video_pipe_hw_i/autowhitebalance_acc_0/inst/grp_AWBKernel_fu_167/AWBChannelGain_20_20_2160_3840_1_0_2_2_U0/grp_AWBChannelGainKernel_20_20_2160_3840_1_2_2_3_23_23_13_13_3840_s_fu_79/tmpsum_vals_1_fu_154_reg[38]/D (clocked by clk_pl_0). Large setup violations at the end of those stages might be difficult to fix during the post-placement implementation flow and could be the result of non-optimal XDC constraints or non-optimal design architecture
Related violations: <none>

TIMING-16#136 Warning
Large setup violation  
There is a large setup violation of -1.604 ns between video_pipe_hw_i/autowhitebalance_acc_0/inst/grp_AWBKernel_fu_167/AWBChannelGain_20_20_2160_3840_1_0_2_2_U0/grp_AWBChannelGainKernel_20_20_2160_3840_1_2_2_3_23_23_13_13_3840_s_fu_79/grp_AWBChannelGainKernel_Pipeline_Col_Loop_fu_258/val1_reg_347_reg[3]/C (clocked by clk_pl_0) and video_pipe_hw_i/autowhitebalance_acc_0/inst/grp_AWBKernel_fu_167/AWBChannelGain_20_20_2160_3840_1_0_2_2_U0/grp_AWBChannelGainKernel_20_20_2160_3840_1_2_2_3_23_23_13_13_3840_s_fu_79/tmpsum_vals_2_fu_150_reg[26]/D (clocked by clk_pl_0). Large setup violations at the end of those stages might be difficult to fix during the post-placement implementation flow and could be the result of non-optimal XDC constraints or non-optimal design architecture
Related violations: <none>

TIMING-16#137 Warning
Large setup violation  
There is a large setup violation of -1.610 ns between video_pipe_hw_i/autowhitebalance_acc_0/inst/grp_AWBKernel_fu_167/AWBChannelGain_20_20_2160_3840_1_0_2_2_U0/grp_AWBChannelGainKernel_20_20_2160_3840_1_2_2_3_23_23_13_13_3840_s_fu_79/grp_AWBChannelGainKernel_Pipeline_Col_Loop_fu_258/val1_reg_347_reg[3]/C (clocked by clk_pl_0) and video_pipe_hw_i/autowhitebalance_acc_0/inst/grp_AWBKernel_fu_167/AWBChannelGain_20_20_2160_3840_1_0_2_2_U0/grp_AWBChannelGainKernel_20_20_2160_3840_1_2_2_3_23_23_13_13_3840_s_fu_79/tmpsum_vals_2_fu_150_reg[11]/D (clocked by clk_pl_0). Large setup violations at the end of those stages might be difficult to fix during the post-placement implementation flow and could be the result of non-optimal XDC constraints or non-optimal design architecture
Related violations: <none>

TIMING-16#138 Warning
Large setup violation  
There is a large setup violation of -1.615 ns between video_pipe_hw_i/autowhitebalance_acc_0/inst/grp_AWBKernel_fu_167/AWBChannelGain_20_20_2160_3840_1_0_2_2_U0/grp_AWBChannelGainKernel_20_20_2160_3840_1_2_2_3_23_23_13_13_3840_s_fu_79/grp_AWBChannelGainKernel_Pipeline_Col_Loop_fu_258/val1_reg_347_reg[3]/C (clocked by clk_pl_0) and video_pipe_hw_i/autowhitebalance_acc_0/inst/grp_AWBKernel_fu_167/AWBChannelGain_20_20_2160_3840_1_0_2_2_U0/grp_AWBChannelGainKernel_20_20_2160_3840_1_2_2_3_23_23_13_13_3840_s_fu_79/tmpsum_vals_fu_158_reg[16]/D (clocked by clk_pl_0). Large setup violations at the end of those stages might be difficult to fix during the post-placement implementation flow and could be the result of non-optimal XDC constraints or non-optimal design architecture
Related violations: <none>

TIMING-16#139 Warning
Large setup violation  
There is a large setup violation of -1.615 ns between video_pipe_hw_i/autowhitebalance_acc_0/inst/grp_AWBKernel_fu_167/AWBChannelGain_20_20_2160_3840_1_0_2_2_U0/grp_AWBChannelGainKernel_20_20_2160_3840_1_2_2_3_23_23_13_13_3840_s_fu_79/grp_AWBChannelGainKernel_Pipeline_Col_Loop_fu_258/val1_reg_347_reg[3]/C (clocked by clk_pl_0) and video_pipe_hw_i/autowhitebalance_acc_0/inst/grp_AWBKernel_fu_167/AWBChannelGain_20_20_2160_3840_1_0_2_2_U0/grp_AWBChannelGainKernel_20_20_2160_3840_1_2_2_3_23_23_13_13_3840_s_fu_79/tmpsum_vals_fu_158_reg[32]/D (clocked by clk_pl_0). Large setup violations at the end of those stages might be difficult to fix during the post-placement implementation flow and could be the result of non-optimal XDC constraints or non-optimal design architecture
Related violations: <none>

TIMING-16#140 Warning
Large setup violation  
There is a large setup violation of -1.615 ns between video_pipe_hw_i/autowhitebalance_acc_0/inst/grp_AWBKernel_fu_167/AWBChannelGain_20_20_2160_3840_1_0_2_2_U0/grp_AWBChannelGainKernel_20_20_2160_3840_1_2_2_3_23_23_13_13_3840_s_fu_79/grp_AWBChannelGainKernel_Pipeline_Col_Loop_fu_258/val1_reg_347_reg[3]/C (clocked by clk_pl_0) and video_pipe_hw_i/autowhitebalance_acc_0/inst/grp_AWBKernel_fu_167/AWBChannelGain_20_20_2160_3840_1_0_2_2_U0/grp_AWBChannelGainKernel_20_20_2160_3840_1_2_2_3_23_23_13_13_3840_s_fu_79/tmpsum_vals_fu_158_reg[34]/D (clocked by clk_pl_0). Large setup violations at the end of those stages might be difficult to fix during the post-placement implementation flow and could be the result of non-optimal XDC constraints or non-optimal design architecture
Related violations: <none>

TIMING-16#141 Warning
Large setup violation  
There is a large setup violation of -1.616 ns between video_pipe_hw_i/autowhitebalance_acc_0/inst/grp_AWBKernel_fu_167/AWBChannelGain_20_20_2160_3840_1_0_2_2_U0/grp_AWBChannelGainKernel_20_20_2160_3840_1_2_2_3_23_23_13_13_3840_s_fu_79/grp_AWBChannelGainKernel_Pipeline_Col_Loop_fu_258/val1_reg_347_reg[3]/C (clocked by clk_pl_0) and video_pipe_hw_i/autowhitebalance_acc_0/inst/grp_AWBKernel_fu_167/AWBChannelGain_20_20_2160_3840_1_0_2_2_U0/grp_AWBChannelGainKernel_20_20_2160_3840_1_2_2_3_23_23_13_13_3840_s_fu_79/tmpsum_vals_1_fu_154_reg[33]/D (clocked by clk_pl_0). Large setup violations at the end of those stages might be difficult to fix during the post-placement implementation flow and could be the result of non-optimal XDC constraints or non-optimal design architecture
Related violations: <none>

TIMING-16#142 Warning
Large setup violation  
There is a large setup violation of -1.616 ns between video_pipe_hw_i/autowhitebalance_acc_0/inst/grp_AWBKernel_fu_167/AWBChannelGain_20_20_2160_3840_1_0_2_2_U0/grp_AWBChannelGainKernel_20_20_2160_3840_1_2_2_3_23_23_13_13_3840_s_fu_79/grp_AWBChannelGainKernel_Pipeline_Col_Loop_fu_258/val1_reg_347_reg[3]/C (clocked by clk_pl_0) and video_pipe_hw_i/autowhitebalance_acc_0/inst/grp_AWBKernel_fu_167/AWBChannelGain_20_20_2160_3840_1_0_2_2_U0/grp_AWBChannelGainKernel_20_20_2160_3840_1_2_2_3_23_23_13_13_3840_s_fu_79/tmpsum_vals_2_fu_150_reg[1]/D (clocked by clk_pl_0). Large setup violations at the end of those stages might be difficult to fix during the post-placement implementation flow and could be the result of non-optimal XDC constraints or non-optimal design architecture
Related violations: <none>

TIMING-16#143 Warning
Large setup violation  
There is a large setup violation of -1.617 ns between video_pipe_hw_i/autowhitebalance_acc_0/inst/grp_AWBKernel_fu_167/AWBChannelGain_20_20_2160_3840_1_0_2_2_U0/grp_AWBChannelGainKernel_20_20_2160_3840_1_2_2_3_23_23_13_13_3840_s_fu_79/grp_AWBChannelGainKernel_Pipeline_Col_Loop_fu_258/val1_reg_347_reg[3]/C (clocked by clk_pl_0) and video_pipe_hw_i/autowhitebalance_acc_0/inst/grp_AWBKernel_fu_167/AWBChannelGain_20_20_2160_3840_1_0_2_2_U0/grp_AWBChannelGainKernel_20_20_2160_3840_1_2_2_3_23_23_13_13_3840_s_fu_79/tmpsum_vals_fu_158_reg[28]/D (clocked by clk_pl_0). Large setup violations at the end of those stages might be difficult to fix during the post-placement implementation flow and could be the result of non-optimal XDC constraints or non-optimal design architecture
Related violations: <none>

TIMING-16#144 Warning
Large setup violation  
There is a large setup violation of -1.619 ns between video_pipe_hw_i/autowhitebalance_acc_0/inst/grp_AWBKernel_fu_167/AWBChannelGain_20_20_2160_3840_1_0_2_2_U0/grp_AWBChannelGainKernel_20_20_2160_3840_1_2_2_3_23_23_13_13_3840_s_fu_79/grp_AWBChannelGainKernel_Pipeline_Col_Loop_fu_258/val1_reg_347_reg[3]/C (clocked by clk_pl_0) and video_pipe_hw_i/autowhitebalance_acc_0/inst/grp_AWBKernel_fu_167/AWBChannelGain_20_20_2160_3840_1_0_2_2_U0/grp_AWBChannelGainKernel_20_20_2160_3840_1_2_2_3_23_23_13_13_3840_s_fu_79/tmpsum_vals_2_fu_150_reg[6]/D (clocked by clk_pl_0). Large setup violations at the end of those stages might be difficult to fix during the post-placement implementation flow and could be the result of non-optimal XDC constraints or non-optimal design architecture
Related violations: <none>

TIMING-16#145 Warning
Large setup violation  
There is a large setup violation of -1.622 ns between video_pipe_hw_i/autowhitebalance_acc_0/inst/grp_AWBKernel_fu_167/AWBChannelGain_20_20_2160_3840_1_0_2_2_U0/grp_AWBChannelGainKernel_20_20_2160_3840_1_2_2_3_23_23_13_13_3840_s_fu_79/grp_AWBChannelGainKernel_Pipeline_Col_Loop_fu_258/val1_reg_347_reg[3]/C (clocked by clk_pl_0) and video_pipe_hw_i/autowhitebalance_acc_0/inst/grp_AWBKernel_fu_167/AWBChannelGain_20_20_2160_3840_1_0_2_2_U0/grp_AWBChannelGainKernel_20_20_2160_3840_1_2_2_3_23_23_13_13_3840_s_fu_79/tmpsum_vals_2_fu_150_reg[32]/D (clocked by clk_pl_0). Large setup violations at the end of those stages might be difficult to fix during the post-placement implementation flow and could be the result of non-optimal XDC constraints or non-optimal design architecture
Related violations: <none>

TIMING-16#146 Warning
Large setup violation  
There is a large setup violation of -1.624 ns between video_pipe_hw_i/autowhitebalance_acc_0/inst/grp_AWBKernel_fu_167/AWBChannelGain_20_20_2160_3840_1_0_2_2_U0/grp_AWBChannelGainKernel_20_20_2160_3840_1_2_2_3_23_23_13_13_3840_s_fu_79/grp_AWBChannelGainKernel_Pipeline_Col_Loop_fu_258/val1_reg_347_reg[3]/C (clocked by clk_pl_0) and video_pipe_hw_i/autowhitebalance_acc_0/inst/grp_AWBKernel_fu_167/AWBChannelGain_20_20_2160_3840_1_0_2_2_U0/grp_AWBChannelGainKernel_20_20_2160_3840_1_2_2_3_23_23_13_13_3840_s_fu_79/tmpsum_vals_fu_158_reg[11]/D (clocked by clk_pl_0). Large setup violations at the end of those stages might be difficult to fix during the post-placement implementation flow and could be the result of non-optimal XDC constraints or non-optimal design architecture
Related violations: <none>

TIMING-16#147 Warning
Large setup violation  
There is a large setup violation of -1.626 ns between video_pipe_hw_i/autowhitebalance_acc_0/inst/grp_AWBKernel_fu_167/AWBChannelGain_20_20_2160_3840_1_0_2_2_U0/grp_AWBChannelGainKernel_20_20_2160_3840_1_2_2_3_23_23_13_13_3840_s_fu_79/grp_AWBChannelGainKernel_Pipeline_Col_Loop_fu_258/val1_reg_347_reg[3]/C (clocked by clk_pl_0) and video_pipe_hw_i/autowhitebalance_acc_0/inst/grp_AWBKernel_fu_167/AWBChannelGain_20_20_2160_3840_1_0_2_2_U0/grp_AWBChannelGainKernel_20_20_2160_3840_1_2_2_3_23_23_13_13_3840_s_fu_79/tmpsum_vals_2_fu_150_reg[18]/D (clocked by clk_pl_0). Large setup violations at the end of those stages might be difficult to fix during the post-placement implementation flow and could be the result of non-optimal XDC constraints or non-optimal design architecture
Related violations: <none>

TIMING-16#148 Warning
Large setup violation  
There is a large setup violation of -1.626 ns between video_pipe_hw_i/autowhitebalance_acc_0/inst/grp_AWBKernel_fu_167/AWBChannelGain_20_20_2160_3840_1_0_2_2_U0/grp_AWBChannelGainKernel_20_20_2160_3840_1_2_2_3_23_23_13_13_3840_s_fu_79/grp_AWBChannelGainKernel_Pipeline_Col_Loop_fu_258/val1_reg_347_reg[3]/C (clocked by clk_pl_0) and video_pipe_hw_i/autowhitebalance_acc_0/inst/grp_AWBKernel_fu_167/AWBChannelGain_20_20_2160_3840_1_0_2_2_U0/grp_AWBChannelGainKernel_20_20_2160_3840_1_2_2_3_23_23_13_13_3840_s_fu_79/tmpsum_vals_2_fu_150_reg[24]/D (clocked by clk_pl_0). Large setup violations at the end of those stages might be difficult to fix during the post-placement implementation flow and could be the result of non-optimal XDC constraints or non-optimal design architecture
Related violations: <none>

TIMING-16#149 Warning
Large setup violation  
There is a large setup violation of -1.629 ns between video_pipe_hw_i/autowhitebalance_acc_0/inst/grp_AWBKernel_fu_167/AWBChannelGain_20_20_2160_3840_1_0_2_2_U0/grp_AWBChannelGainKernel_20_20_2160_3840_1_2_2_3_23_23_13_13_3840_s_fu_79/grp_AWBChannelGainKernel_Pipeline_Col_Loop_fu_258/val1_reg_347_reg[3]/C (clocked by clk_pl_0) and video_pipe_hw_i/autowhitebalance_acc_0/inst/grp_AWBKernel_fu_167/AWBChannelGain_20_20_2160_3840_1_0_2_2_U0/grp_AWBChannelGainKernel_20_20_2160_3840_1_2_2_3_23_23_13_13_3840_s_fu_79/tmpsum_vals_1_fu_154_reg[12]/D (clocked by clk_pl_0). Large setup violations at the end of those stages might be difficult to fix during the post-placement implementation flow and could be the result of non-optimal XDC constraints or non-optimal design architecture
Related violations: <none>

TIMING-16#150 Warning
Large setup violation  
There is a large setup violation of -1.629 ns between video_pipe_hw_i/autowhitebalance_acc_0/inst/grp_AWBKernel_fu_167/AWBChannelGain_20_20_2160_3840_1_0_2_2_U0/grp_AWBChannelGainKernel_20_20_2160_3840_1_2_2_3_23_23_13_13_3840_s_fu_79/grp_AWBChannelGainKernel_Pipeline_Col_Loop_fu_258/val1_reg_347_reg[3]/C (clocked by clk_pl_0) and video_pipe_hw_i/autowhitebalance_acc_0/inst/grp_AWBKernel_fu_167/AWBChannelGain_20_20_2160_3840_1_0_2_2_U0/grp_AWBChannelGainKernel_20_20_2160_3840_1_2_2_3_23_23_13_13_3840_s_fu_79/tmpsum_vals_1_fu_154_reg[34]/D (clocked by clk_pl_0). Large setup violations at the end of those stages might be difficult to fix during the post-placement implementation flow and could be the result of non-optimal XDC constraints or non-optimal design architecture
Related violations: <none>

TIMING-16#151 Warning
Large setup violation  
There is a large setup violation of -1.630 ns between video_pipe_hw_i/autowhitebalance_acc_0/inst/grp_AWBKernel_fu_167/impop_data_U/U_autowhitebalance_accel_fifo_w30_d2_S_ShiftReg/SRL_SIG_reg[1][2]/C (clocked by clk_pl_0) and video_pipe_hw_i/autowhitebalance_acc_0/inst/grp_AWBKernel_fu_167/AWBGainUpdate_20_20_2160_3840_1_0_2_2_U0/grp_AWBGainUpdate_20_20_2160_3840_1_0_2_2_Pipeline_ColLoop1_fu_84/select_ln45_reg_333_reg[0]/S (clocked by clk_pl_0). Large setup violations at the end of those stages might be difficult to fix during the post-placement implementation flow and could be the result of non-optimal XDC constraints or non-optimal design architecture
Related violations: <none>

TIMING-16#152 Warning
Large setup violation  
There is a large setup violation of -1.630 ns between video_pipe_hw_i/autowhitebalance_acc_0/inst/grp_AWBKernel_fu_167/impop_data_U/U_autowhitebalance_accel_fifo_w30_d2_S_ShiftReg/SRL_SIG_reg[1][2]/C (clocked by clk_pl_0) and video_pipe_hw_i/autowhitebalance_acc_0/inst/grp_AWBKernel_fu_167/AWBGainUpdate_20_20_2160_3840_1_0_2_2_U0/grp_AWBGainUpdate_20_20_2160_3840_1_0_2_2_Pipeline_ColLoop1_fu_84/select_ln45_reg_333_reg[8]/S (clocked by clk_pl_0). Large setup violations at the end of those stages might be difficult to fix during the post-placement implementation flow and could be the result of non-optimal XDC constraints or non-optimal design architecture
Related violations: <none>

TIMING-16#153 Warning
Large setup violation  
There is a large setup violation of -1.631 ns between video_pipe_hw_i/autowhitebalance_acc_0/inst/grp_AWBKernel_fu_167/AWBChannelGain_20_20_2160_3840_1_0_2_2_U0/grp_AWBChannelGainKernel_20_20_2160_3840_1_2_2_3_23_23_13_13_3840_s_fu_79/grp_AWBChannelGainKernel_Pipeline_Col_Loop_fu_258/val1_reg_347_reg[3]/C (clocked by clk_pl_0) and video_pipe_hw_i/autowhitebalance_acc_0/inst/grp_AWBKernel_fu_167/AWBChannelGain_20_20_2160_3840_1_0_2_2_U0/grp_AWBChannelGainKernel_20_20_2160_3840_1_2_2_3_23_23_13_13_3840_s_fu_79/tmpsum_vals_1_fu_154_reg[30]/D (clocked by clk_pl_0). Large setup violations at the end of those stages might be difficult to fix during the post-placement implementation flow and could be the result of non-optimal XDC constraints or non-optimal design architecture
Related violations: <none>

TIMING-16#154 Warning
Large setup violation  
There is a large setup violation of -1.631 ns between video_pipe_hw_i/autowhitebalance_acc_0/inst/grp_AWBKernel_fu_167/AWBChannelGain_20_20_2160_3840_1_0_2_2_U0/grp_AWBChannelGainKernel_20_20_2160_3840_1_2_2_3_23_23_13_13_3840_s_fu_79/grp_AWBChannelGainKernel_Pipeline_Col_Loop_fu_258/val1_reg_347_reg[3]/C (clocked by clk_pl_0) and video_pipe_hw_i/autowhitebalance_acc_0/inst/grp_AWBKernel_fu_167/AWBChannelGain_20_20_2160_3840_1_0_2_2_U0/grp_AWBChannelGainKernel_20_20_2160_3840_1_2_2_3_23_23_13_13_3840_s_fu_79/tmpsum_vals_1_fu_154_reg[6]/D (clocked by clk_pl_0). Large setup violations at the end of those stages might be difficult to fix during the post-placement implementation flow and could be the result of non-optimal XDC constraints or non-optimal design architecture
Related violations: <none>

TIMING-16#155 Warning
Large setup violation  
There is a large setup violation of -1.631 ns between video_pipe_hw_i/autowhitebalance_acc_0/inst/grp_AWBKernel_fu_167/AWBChannelGain_20_20_2160_3840_1_0_2_2_U0/grp_AWBChannelGainKernel_20_20_2160_3840_1_2_2_3_23_23_13_13_3840_s_fu_79/grp_AWBChannelGainKernel_Pipeline_Col_Loop_fu_258/val1_reg_347_reg[3]/C (clocked by clk_pl_0) and video_pipe_hw_i/autowhitebalance_acc_0/inst/grp_AWBKernel_fu_167/AWBChannelGain_20_20_2160_3840_1_0_2_2_U0/grp_AWBChannelGainKernel_20_20_2160_3840_1_2_2_3_23_23_13_13_3840_s_fu_79/tmpsum_vals_2_fu_150_reg[28]/D (clocked by clk_pl_0). Large setup violations at the end of those stages might be difficult to fix during the post-placement implementation flow and could be the result of non-optimal XDC constraints or non-optimal design architecture
Related violations: <none>

TIMING-16#156 Warning
Large setup violation  
There is a large setup violation of -1.632 ns between video_pipe_hw_i/autowhitebalance_acc_0/inst/grp_AWBKernel_fu_167/impop_data_U/U_autowhitebalance_accel_fifo_w30_d2_S_ShiftReg/SRL_SIG_reg[1][2]/C (clocked by clk_pl_0) and video_pipe_hw_i/autowhitebalance_acc_0/inst/grp_AWBKernel_fu_167/AWBGainUpdate_20_20_2160_3840_1_0_2_2_U0/grp_AWBGainUpdate_20_20_2160_3840_1_0_2_2_Pipeline_ColLoop1_fu_84/select_ln45_reg_333_reg[1]/S (clocked by clk_pl_0). Large setup violations at the end of those stages might be difficult to fix during the post-placement implementation flow and could be the result of non-optimal XDC constraints or non-optimal design architecture
Related violations: <none>

TIMING-16#157 Warning
Large setup violation  
There is a large setup violation of -1.632 ns between video_pipe_hw_i/autowhitebalance_acc_0/inst/grp_AWBKernel_fu_167/impop_data_U/U_autowhitebalance_accel_fifo_w30_d2_S_ShiftReg/SRL_SIG_reg[1][2]/C (clocked by clk_pl_0) and video_pipe_hw_i/autowhitebalance_acc_0/inst/grp_AWBKernel_fu_167/AWBGainUpdate_20_20_2160_3840_1_0_2_2_U0/grp_AWBGainUpdate_20_20_2160_3840_1_0_2_2_Pipeline_ColLoop1_fu_84/select_ln45_reg_333_reg[2]/S (clocked by clk_pl_0). Large setup violations at the end of those stages might be difficult to fix during the post-placement implementation flow and could be the result of non-optimal XDC constraints or non-optimal design architecture
Related violations: <none>

TIMING-16#158 Warning
Large setup violation  
There is a large setup violation of -1.632 ns between video_pipe_hw_i/autowhitebalance_acc_0/inst/grp_AWBKernel_fu_167/impop_data_U/U_autowhitebalance_accel_fifo_w30_d2_S_ShiftReg/SRL_SIG_reg[1][2]/C (clocked by clk_pl_0) and video_pipe_hw_i/autowhitebalance_acc_0/inst/grp_AWBKernel_fu_167/AWBGainUpdate_20_20_2160_3840_1_0_2_2_U0/grp_AWBGainUpdate_20_20_2160_3840_1_0_2_2_Pipeline_ColLoop1_fu_84/select_ln45_reg_333_reg[3]/S (clocked by clk_pl_0). Large setup violations at the end of those stages might be difficult to fix during the post-placement implementation flow and could be the result of non-optimal XDC constraints or non-optimal design architecture
Related violations: <none>

TIMING-16#159 Warning
Large setup violation  
There is a large setup violation of -1.632 ns between video_pipe_hw_i/autowhitebalance_acc_0/inst/grp_AWBKernel_fu_167/impop_data_U/U_autowhitebalance_accel_fifo_w30_d2_S_ShiftReg/SRL_SIG_reg[1][2]/C (clocked by clk_pl_0) and video_pipe_hw_i/autowhitebalance_acc_0/inst/grp_AWBKernel_fu_167/AWBGainUpdate_20_20_2160_3840_1_0_2_2_U0/grp_AWBGainUpdate_20_20_2160_3840_1_0_2_2_Pipeline_ColLoop1_fu_84/select_ln45_reg_333_reg[4]/S (clocked by clk_pl_0). Large setup violations at the end of those stages might be difficult to fix during the post-placement implementation flow and could be the result of non-optimal XDC constraints or non-optimal design architecture
Related violations: <none>

TIMING-16#160 Warning
Large setup violation  
There is a large setup violation of -1.632 ns between video_pipe_hw_i/autowhitebalance_acc_0/inst/grp_AWBKernel_fu_167/impop_data_U/U_autowhitebalance_accel_fifo_w30_d2_S_ShiftReg/SRL_SIG_reg[1][2]/C (clocked by clk_pl_0) and video_pipe_hw_i/autowhitebalance_acc_0/inst/grp_AWBKernel_fu_167/AWBGainUpdate_20_20_2160_3840_1_0_2_2_U0/grp_AWBGainUpdate_20_20_2160_3840_1_0_2_2_Pipeline_ColLoop1_fu_84/select_ln45_reg_333_reg[5]/S (clocked by clk_pl_0). Large setup violations at the end of those stages might be difficult to fix during the post-placement implementation flow and could be the result of non-optimal XDC constraints or non-optimal design architecture
Related violations: <none>

TIMING-16#161 Warning
Large setup violation  
There is a large setup violation of -1.632 ns between video_pipe_hw_i/autowhitebalance_acc_0/inst/grp_AWBKernel_fu_167/impop_data_U/U_autowhitebalance_accel_fifo_w30_d2_S_ShiftReg/SRL_SIG_reg[1][2]/C (clocked by clk_pl_0) and video_pipe_hw_i/autowhitebalance_acc_0/inst/grp_AWBKernel_fu_167/AWBGainUpdate_20_20_2160_3840_1_0_2_2_U0/grp_AWBGainUpdate_20_20_2160_3840_1_0_2_2_Pipeline_ColLoop1_fu_84/select_ln45_reg_333_reg[6]/S (clocked by clk_pl_0). Large setup violations at the end of those stages might be difficult to fix during the post-placement implementation flow and could be the result of non-optimal XDC constraints or non-optimal design architecture
Related violations: <none>

TIMING-16#162 Warning
Large setup violation  
There is a large setup violation of -1.632 ns between video_pipe_hw_i/autowhitebalance_acc_0/inst/grp_AWBKernel_fu_167/impop_data_U/U_autowhitebalance_accel_fifo_w30_d2_S_ShiftReg/SRL_SIG_reg[1][2]/C (clocked by clk_pl_0) and video_pipe_hw_i/autowhitebalance_acc_0/inst/grp_AWBKernel_fu_167/AWBGainUpdate_20_20_2160_3840_1_0_2_2_U0/grp_AWBGainUpdate_20_20_2160_3840_1_0_2_2_Pipeline_ColLoop1_fu_84/select_ln45_reg_333_reg[7]/S (clocked by clk_pl_0). Large setup violations at the end of those stages might be difficult to fix during the post-placement implementation flow and could be the result of non-optimal XDC constraints or non-optimal design architecture
Related violations: <none>

TIMING-16#163 Warning
Large setup violation  
There is a large setup violation of -1.632 ns between video_pipe_hw_i/autowhitebalance_acc_0/inst/grp_AWBKernel_fu_167/impop_data_U/U_autowhitebalance_accel_fifo_w30_d2_S_ShiftReg/SRL_SIG_reg[1][2]/C (clocked by clk_pl_0) and video_pipe_hw_i/autowhitebalance_acc_0/inst/grp_AWBKernel_fu_167/AWBGainUpdate_20_20_2160_3840_1_0_2_2_U0/grp_AWBGainUpdate_20_20_2160_3840_1_0_2_2_Pipeline_ColLoop1_fu_84/select_ln45_reg_333_reg[9]/S (clocked by clk_pl_0). Large setup violations at the end of those stages might be difficult to fix during the post-placement implementation flow and could be the result of non-optimal XDC constraints or non-optimal design architecture
Related violations: <none>

TIMING-16#164 Warning
Large setup violation  
There is a large setup violation of -1.639 ns between video_pipe_hw_i/autowhitebalance_acc_0/inst/grp_AWBKernel_fu_167/AWBChannelGain_20_20_2160_3840_1_0_2_2_U0/grp_AWBChannelGainKernel_20_20_2160_3840_1_2_2_3_23_23_13_13_3840_s_fu_79/grp_AWBChannelGainKernel_Pipeline_Col_Loop_fu_258/val1_reg_347_reg[3]/C (clocked by clk_pl_0) and video_pipe_hw_i/autowhitebalance_acc_0/inst/grp_AWBKernel_fu_167/AWBChannelGain_20_20_2160_3840_1_0_2_2_U0/grp_AWBChannelGainKernel_20_20_2160_3840_1_2_2_3_23_23_13_13_3840_s_fu_79/tmpsum_vals_1_fu_154_reg[0]/D (clocked by clk_pl_0). Large setup violations at the end of those stages might be difficult to fix during the post-placement implementation flow and could be the result of non-optimal XDC constraints or non-optimal design architecture
Related violations: <none>

TIMING-16#165 Warning
Large setup violation  
There is a large setup violation of -1.644 ns between video_pipe_hw_i/autowhitebalance_acc_0/inst/grp_AWBKernel_fu_167/AWBChannelGain_20_20_2160_3840_1_0_2_2_U0/grp_AWBChannelGainKernel_20_20_2160_3840_1_2_2_3_23_23_13_13_3840_s_fu_79/grp_AWBChannelGainKernel_Pipeline_Col_Loop_fu_258/val1_reg_347_reg[3]/C (clocked by clk_pl_0) and video_pipe_hw_i/autowhitebalance_acc_0/inst/grp_AWBKernel_fu_167/AWBChannelGain_20_20_2160_3840_1_0_2_2_U0/grp_AWBChannelGainKernel_20_20_2160_3840_1_2_2_3_23_23_13_13_3840_s_fu_79/tmpsum_vals_1_fu_154_reg[20]/D (clocked by clk_pl_0). Large setup violations at the end of those stages might be difficult to fix during the post-placement implementation flow and could be the result of non-optimal XDC constraints or non-optimal design architecture
Related violations: <none>

TIMING-16#166 Warning
Large setup violation  
There is a large setup violation of -1.648 ns between video_pipe_hw_i/autowhitebalance_acc_0/inst/grp_AWBKernel_fu_167/AWBChannelGain_20_20_2160_3840_1_0_2_2_U0/grp_AWBChannelGainKernel_20_20_2160_3840_1_2_2_3_23_23_13_13_3840_s_fu_79/grp_AWBChannelGainKernel_Pipeline_Col_Loop_fu_258/val1_reg_347_reg[3]/C (clocked by clk_pl_0) and video_pipe_hw_i/autowhitebalance_acc_0/inst/grp_AWBKernel_fu_167/AWBChannelGain_20_20_2160_3840_1_0_2_2_U0/grp_AWBChannelGainKernel_20_20_2160_3840_1_2_2_3_23_23_13_13_3840_s_fu_79/tmpsum_vals_2_fu_150_reg[10]/D (clocked by clk_pl_0). Large setup violations at the end of those stages might be difficult to fix during the post-placement implementation flow and could be the result of non-optimal XDC constraints or non-optimal design architecture
Related violations: <none>

TIMING-16#167 Warning
Large setup violation  
There is a large setup violation of -1.649 ns between video_pipe_hw_i/autowhitebalance_acc_0/inst/grp_AWBKernel_fu_167/AWBChannelGain_20_20_2160_3840_1_0_2_2_U0/grp_AWBChannelGainKernel_20_20_2160_3840_1_2_2_3_23_23_13_13_3840_s_fu_79/grp_AWBChannelGainKernel_Pipeline_Col_Loop_fu_258/val1_reg_347_reg[3]/C (clocked by clk_pl_0) and video_pipe_hw_i/autowhitebalance_acc_0/inst/grp_AWBKernel_fu_167/AWBChannelGain_20_20_2160_3840_1_0_2_2_U0/grp_AWBChannelGainKernel_20_20_2160_3840_1_2_2_3_23_23_13_13_3840_s_fu_79/tmpsum_vals_2_fu_150_reg[22]/D (clocked by clk_pl_0). Large setup violations at the end of those stages might be difficult to fix during the post-placement implementation flow and could be the result of non-optimal XDC constraints or non-optimal design architecture
Related violations: <none>

TIMING-16#168 Warning
Large setup violation  
There is a large setup violation of -1.652 ns between video_pipe_hw_i/autowhitebalance_acc_0/inst/grp_AWBKernel_fu_167/AWBChannelGain_20_20_2160_3840_1_0_2_2_U0/grp_AWBChannelGainKernel_20_20_2160_3840_1_2_2_3_23_23_13_13_3840_s_fu_79/grp_AWBChannelGainKernel_Pipeline_Col_Loop_fu_258/val1_reg_347_reg[3]/C (clocked by clk_pl_0) and video_pipe_hw_i/autowhitebalance_acc_0/inst/grp_AWBKernel_fu_167/AWBChannelGain_20_20_2160_3840_1_0_2_2_U0/grp_AWBChannelGainKernel_20_20_2160_3840_1_2_2_3_23_23_13_13_3840_s_fu_79/tmpsum_vals_1_fu_154_reg[32]/D (clocked by clk_pl_0). Large setup violations at the end of those stages might be difficult to fix during the post-placement implementation flow and could be the result of non-optimal XDC constraints or non-optimal design architecture
Related violations: <none>

TIMING-16#169 Warning
Large setup violation  
There is a large setup violation of -1.654 ns between video_pipe_hw_i/autowhitebalance_acc_0/inst/grp_AWBKernel_fu_167/AWBChannelGain_20_20_2160_3840_1_0_2_2_U0/grp_AWBChannelGainKernel_20_20_2160_3840_1_2_2_3_23_23_13_13_3840_s_fu_79/grp_AWBChannelGainKernel_Pipeline_Col_Loop_fu_258/val1_reg_347_reg[3]/C (clocked by clk_pl_0) and video_pipe_hw_i/autowhitebalance_acc_0/inst/grp_AWBKernel_fu_167/AWBChannelGain_20_20_2160_3840_1_0_2_2_U0/grp_AWBChannelGainKernel_20_20_2160_3840_1_2_2_3_23_23_13_13_3840_s_fu_79/tmpsum_vals_2_fu_150_reg[0]/D (clocked by clk_pl_0). Large setup violations at the end of those stages might be difficult to fix during the post-placement implementation flow and could be the result of non-optimal XDC constraints or non-optimal design architecture
Related violations: <none>

TIMING-16#170 Warning
Large setup violation  
There is a large setup violation of -1.656 ns between video_pipe_hw_i/autowhitebalance_acc_0/inst/grp_AWBKernel_fu_167/AWBChannelGain_20_20_2160_3840_1_0_2_2_U0/grp_AWBChannelGainKernel_20_20_2160_3840_1_2_2_3_23_23_13_13_3840_s_fu_79/grp_AWBChannelGainKernel_Pipeline_Col_Loop_fu_258/val1_reg_347_reg[3]/C (clocked by clk_pl_0) and video_pipe_hw_i/autowhitebalance_acc_0/inst/grp_AWBKernel_fu_167/AWBChannelGain_20_20_2160_3840_1_0_2_2_U0/grp_AWBChannelGainKernel_20_20_2160_3840_1_2_2_3_23_23_13_13_3840_s_fu_79/tmpsum_vals_fu_158_reg[10]/D (clocked by clk_pl_0). Large setup violations at the end of those stages might be difficult to fix during the post-placement implementation flow and could be the result of non-optimal XDC constraints or non-optimal design architecture
Related violations: <none>

TIMING-16#171 Warning
Large setup violation  
There is a large setup violation of -2.112 ns between video_pipe_hw_i/v_axi4s_vid_out_0/inst/COUPLER_INST/generate_async_fifo.FIFO_INST/XPM_FIFO_ASYNC_INST/gnuram_async_fifo.xpm_fifo_base_inst/gof.overflow_i_reg/C (clocked by clk_pl_0) and video_pipe_hw_i/vio_0/inst/PROBE_IN_INST/probe_in_reg_reg[1]/D (clocked by clk_out1_video_pipe_hw_clk_wiz_1_0_1). Large setup violations at the end of those stages might be difficult to fix during the post-placement implementation flow and could be the result of non-optimal XDC constraints or non-optimal design architecture
Related violations: <none>

TIMING-24#1 Warning
Overridden Max delay datapath only  
An asynchronous set_clock_groups or a set_false path (see constraint position 123 in the Timing Constraints window in Vivado IDE) between clocks clk_pl_0 and mipi_phy_if_0_clk_p_FIFO_WRCLK_OUT overrides a set_max_delay -datapath_only (position 290). It is not recommended to override a set_max_delay -datapath_only constraint. Replace the set_clock_groups or set_false_path between clocks with point-to-point set_false_path constraints
Related violations: <none>

TIMING-24#2 Warning
Overridden Max delay datapath only  
An asynchronous set_clock_groups or a set_false path (see constraint position 123 in the Timing Constraints window in Vivado IDE) between clocks clk_pl_0 and mipi_phy_if_0_clk_p_FIFO_WRCLK_OUT overrides a set_max_delay -datapath_only (position 294). It is not recommended to override a set_max_delay -datapath_only constraint. Replace the set_clock_groups or set_false_path between clocks with point-to-point set_false_path constraints
Related violations: <none>

TIMING-24#3 Warning
Overridden Max delay datapath only  
An asynchronous set_clock_groups or a set_false path (see constraint position 123 in the Timing Constraints window in Vivado IDE) between clocks mipi_phy_if_0_clk_p_FIFO_WRCLK_OUT and clk_pl_0 overrides a set_max_delay -datapath_only (position 292). It is not recommended to override a set_max_delay -datapath_only constraint. Replace the set_clock_groups or set_false_path between clocks with point-to-point set_false_path constraints
Related violations: <none>

TIMING-24#4 Warning
Overridden Max delay datapath only  
An asynchronous set_clock_groups or a set_false path (see constraint position 123 in the Timing Constraints window in Vivado IDE) between clocks mipi_phy_if_0_clk_p_FIFO_WRCLK_OUT and clk_pl_0 overrides a set_max_delay -datapath_only (position 296). It is not recommended to override a set_max_delay -datapath_only constraint. Replace the set_clock_groups or set_false_path between clocks with point-to-point set_false_path constraints
Related violations: <none>

TIMING-24#5 Warning
Overridden Max delay datapath only  
An asynchronous set_clock_groups or a set_false path (see constraint position 123 in the Timing Constraints window in Vivado IDE) between clocks mipi_phy_if_0_clk_p_FIFO_WRCLK_OUT and clk_pl_0 overrides a set_max_delay -datapath_only (position 477). It is not recommended to override a set_max_delay -datapath_only constraint. Replace the set_clock_groups or set_false_path between clocks with point-to-point set_false_path constraints
Related violations: <none>

TIMING-28#1 Warning
Auto-derived clock referenced by a timing constraint  
The auto-derived clock mipi_phy_if_0_clk_p_FIFO_WRCLK_OUT is referenced by name inside timing constraint (see constraint position 123 in the Timing Constraint window in Vivado IDE). It is recommended to reference an auto-derived clock by the pin name attached to the clock: get_clocks -of_objects [get_pins video_pipe_hw_i/mipi_csi2_rx_subsyst_0/inst/phy/inst/inst/bd_0c52_phy_0_rx_support_i/slave_rx.bd_0c52_phy_0_rx_hssio_i/inst/top_inst/bs_top_inst/u_rx_bs/RX_BS[0].rx_bitslice_if_bs/FIFO_WRCLK_OUT]
Related violations: <none>

XDCB-5#1 Warning
Runtime inefficient way to find pin objects  
The option '-from : [get_pins -hierarchical -filter {NAME =~ *ila_core_inst/u_trig/N_DDR_TC.N_DDR_TC_INST[*].U_TC/allx_typeA_match_detection.ltlib_v1_0_3_allx_typeA_inst/DUT/u_srl_drive/CLK}]' of constraint 'set_false_path' uses inefficient query to find pin objects (see constraint position '108' in the Timing Constraint window in Vivado IDE). To reduce runtime, it is recommended to get the pins through the cell objects. Please refer to Using Constraints Guide (Constraints Efficiency). An example of optimal query is: get_pins -filter {REF_PIN_NAME=~yy*} -of_objects [get_cells -hierarchical xx*].
Current XDC: /home/alen/git/AMD-FPGA-Practice/kv260-imx219-video/hw/video-pipe-hw-v4/video_pipe_hw.gen/sources_1/bd/video_pipe_hw/ip/video_pipe_hw_system_ila_0_1/bd_0/ip/ip_0/ila_v6_2/constraints/ila.xdc (Line: 72)
Related violations: <none>

XDCB-5#2 Warning
Runtime inefficient way to find pin objects  
The option '-from : [get_pins -hierarchical -filter {NAME =~ *ila_core_inst/u_trig/N_DDR_TC.N_DDR_TC_INST[*].U_TC/allx_typeA_match_detection.ltlib_v1_0_3_allx_typeA_inst/DUT/u_srl_drive/CLK}]' of constraint 'set_false_path' uses inefficient query to find pin objects (see constraint position '53' in the Timing Constraint window in Vivado IDE). To reduce runtime, it is recommended to get the pins through the cell objects. Please refer to Using Constraints Guide (Constraints Efficiency). An example of optimal query is: get_pins -filter {REF_PIN_NAME=~yy*} -of_objects [get_cells -hierarchical xx*].
Current XDC: /home/alen/git/AMD-FPGA-Practice/kv260-imx219-video/hw/video-pipe-hw-v4/video_pipe_hw.gen/sources_1/bd/video_pipe_hw/ip/video_pipe_hw_system_ila_0_0/bd_0/ip/ip_0/ila_v6_2/constraints/ila.xdc (Line: 72)
Related violations: <none>

XDCB-5#3 Warning
Runtime inefficient way to find pin objects  
The option '-to : [get_pins -hierarchical -filter {NAME =~ *ila_core_inst/u_trig/N_DDR_TC.N_DDR_TC_INST[*].U_TC/yes_output_reg.dout_reg_reg/D}]' of constraint 'set_false_path' uses inefficient query to find pin objects (see constraint position '108' in the Timing Constraint window in Vivado IDE). To reduce runtime, it is recommended to get the pins through the cell objects. Please refer to Using Constraints Guide (Constraints Efficiency). An example of optimal query is: get_pins -filter {REF_PIN_NAME=~yy*} -of_objects [get_cells -hierarchical xx*].
Current XDC: /home/alen/git/AMD-FPGA-Practice/kv260-imx219-video/hw/video-pipe-hw-v4/video_pipe_hw.gen/sources_1/bd/video_pipe_hw/ip/video_pipe_hw_system_ila_0_1/bd_0/ip/ip_0/ila_v6_2/constraints/ila.xdc (Line: 72)
Related violations: <none>

XDCB-5#4 Warning
Runtime inefficient way to find pin objects  
The option '-to : [get_pins -hierarchical -filter {NAME =~ *ila_core_inst/u_trig/N_DDR_TC.N_DDR_TC_INST[*].U_TC/yes_output_reg.dout_reg_reg/D}]' of constraint 'set_false_path' uses inefficient query to find pin objects (see constraint position '53' in the Timing Constraint window in Vivado IDE). To reduce runtime, it is recommended to get the pins through the cell objects. Please refer to Using Constraints Guide (Constraints Efficiency). An example of optimal query is: get_pins -filter {REF_PIN_NAME=~yy*} -of_objects [get_cells -hierarchical xx*].
Current XDC: /home/alen/git/AMD-FPGA-Practice/kv260-imx219-video/hw/video-pipe-hw-v4/video_pipe_hw.gen/sources_1/bd/video_pipe_hw/ip/video_pipe_hw_system_ila_0_0/bd_0/ip/ip_0/ila_v6_2/constraints/ila.xdc (Line: 72)
Related violations: <none>

CLKC-56#1 Advisory
MMCME4 with global clock driver has no LOC  
The MMCME4_ADV cell video_pipe_hw_i/clk_wiz_1/inst/mmcme4_adv_inst CLKIN1 or CLKIN2 pin is driven by global Clock buffer(s) video_pipe_hw_i/zynq_ultra_ps_e_0/inst/buffer_pl_clk_0.PL_CLK_0_BUFG and does not have a LOC constraint. It is recommended to LOC the MMCM and use the CLOCK_DEDICATED_ROUTE constraint on the net(s) driven by the global Clock buffer(s).
Related violations: <none>

CLKC-58#1 Advisory
PLLE4 with global clock driver has no LOC  
The PLLE4_ADV cell video_pipe_hw_i/clk_wiz_0/inst/plle4_adv_inst CLKIN pin is driven by global Clock buffer video_pipe_hw_i/zynq_ultra_ps_e_0/inst/buffer_pl_clk_0.PL_CLK_0_BUFG and does not have a LOC constraint. It is recommended to LOC the PLL and use the CLOCK_DEDICATED_ROUTE constraint on the net driven by the global Clock buffer.
Related violations: <none>

CLKC-58#2 Advisory
PLLE4 with global clock driver has no LOC  
The PLLE4_ADV cell video_pipe_hw_i/mipi_csi2_rx_subsyst_0/inst/phy/inst/inst/bd_0c52_phy_0_rx_support_i/slave_rx.bd_0c52_phy_0_rx_hssio_i/inst/top_inst/clk_rst_top_inst/clk_scheme_inst/GEN_PLL_IN_IP_USP.plle4_adv_pll0_inst CLKIN pin is driven by global Clock buffer video_pipe_hw_i/clk_wiz_0/inst/clkout1_buf and does not have a LOC constraint. It is recommended to LOC the PLL and use the CLOCK_DEDICATED_ROUTE constraint on the net driven by the global Clock buffer.
Related violations: <none>


