

================================================================
== Vitis HLS Report for 'AWBChannelGainKernel_20_20_2160_3840_1_2_2_3_23_23_13_13_3840_s'
================================================================
* Date:           Thu Oct  1 01:57:27 2026

* Version:        2025.2 (Build 6295257 on Nov 14 2025)
* Project:        autowhitebalance_accel
* Solution:       hls (Vivado IP Flow Target)
* Product family: zynquplus
* Target device:  xck26-sfvc784-2LV-c


================================================================
== Performance Estimates
================================================================
+ Timing: 
    * Summary: 
    +--------+----------+----------+------------+
    |  Clock |  Target  | Estimated| Uncertainty|
    +--------+----------+----------+------------+
    |ap_clk  |  10.00 ns|  7.158 ns|     2.70 ns|
    +--------+----------+----------+------------+

+ Latency: 
    * Summary: 
    +---------+---------+-----------+-----------+---------+---------+---------+
    |  Latency (cycles) |   Latency (absolute)  |      Interval     | Pipeline|
    |   min   |   max   |    min    |    max    |   min   |   max   |   Type  |
    +---------+---------+-----------+-----------+---------+---------+---------+
    |  8305218|  8305496|  83.052 ms|  83.055 ms|  8305218|  8305496|       no|
    +---------+---------+-----------+-----------+---------+---------+---------+

    + Detail: 
        * Instance: 
        +-----------------------------------------------------------+------------------------------------------------+---------+---------+-----------+-----------+-----+-----+-------------------+
        |                                                           |                                                |  Latency (cycles) |   Latency (absolute)  |  Interval |      Pipeline     |
        |                          Instance                         |                     Module                     |   min   |   max   |    min    |    max    | min | max |        Type       |
        +-----------------------------------------------------------+------------------------------------------------+---------+---------+-----------+-----------+-----+-----+-------------------+
        |grp_AWBChannelGainKernel_Pipeline_Col_Loop_fu_258          |AWBChannelGainKernel_Pipeline_Col_Loop          |     3843|     3843|  38.430 us|  38.430 us|    0|    0|  loop pipeline stp|
        |grp_AWBChannelGainKernel_Pipeline_VITIS_LOOP_216_3_fu_271  |AWBChannelGainKernel_Pipeline_VITIS_LOOP_216_3  |        5|        5|  50.000 ns|  50.000 ns|    0|    0|  loop pipeline stp|
        +-----------------------------------------------------------+------------------------------------------------+---------+---------+-----------+-----------+-----+-----+-------------------+

        * Loop: 
        +------------+---------+---------+----------+-----------+-----------+------+----------+
        |            |  Latency (cycles) | Iteration|  Initiation Interval  | Trip |          |
        |  Loop Name |   min   |   max   |  Latency |  achieved |   target  | Count| Pipelined|
        +------------+---------+---------+----------+-----------+-----------+------+----------+
        |- Row_Loop  |  8305200|  8305200|      3845|          -|          -|  2160|        no|
        +------------+---------+---------+----------+-----------+-----------+------+----------+

============================================================
+ Verbose Summary: Synthesis Manager
============================================================
InlineROM: 1
ExposeGlobal: 0
============================================================
+ Verbose Summary: CDFG Model
============================================================
IsTopModel: 0
ResetActiveHigh: 1
IsCombinational: 0
IsDatapathOnly: 0
HasWiredReturn: 1
HasMFsm: 0
HasVarLatency: 1
IsPipeline: 0
IsRtlPipelined: 0
IsInstanceOverlapped: 0
IsDontTouch: 0
HasImplIP: 0
IsGatedGlobalClock: 0


============================================================
+ Verbose Summary: Schedule
============================================================
* Number of FSM states : 293
* Pipeline : 0
* Dataflow Pipeline: 0

* FSM state transitions: 
1 --> 2 
2 --> 3 
3 --> 4 
4 --> 5 
5 --> 6 
6 --> 7 
7 --> 8 
8 --> 9 10 
9 --> 8 
10 --> 11 
11 --> 12 70 
12 --> 13 
13 --> 14 
14 --> 15 
15 --> 16 
16 --> 17 
17 --> 18 
18 --> 19 
19 --> 20 
20 --> 21 
21 --> 22 
22 --> 23 
23 --> 24 
24 --> 25 
25 --> 26 
26 --> 27 
27 --> 28 
28 --> 29 
29 --> 30 
30 --> 31 
31 --> 32 
32 --> 33 
33 --> 34 
34 --> 35 
35 --> 36 
36 --> 37 
37 --> 38 
38 --> 39 
39 --> 40 
40 --> 41 
41 --> 42 
42 --> 43 
43 --> 44 
44 --> 45 
45 --> 46 
46 --> 47 
47 --> 48 
48 --> 49 
49 --> 50 
50 --> 51 
51 --> 52 
52 --> 53 
53 --> 54 
54 --> 55 
55 --> 56 
56 --> 57 
57 --> 58 
58 --> 59 
59 --> 60 
60 --> 61 
61 --> 62 
62 --> 63 
63 --> 64 
64 --> 65 
65 --> 66 
66 --> 67 
67 --> 68 
68 --> 69 
69 --> 70 
70 --> 71 129 
71 --> 72 
72 --> 73 
73 --> 74 
74 --> 75 
75 --> 76 
76 --> 77 
77 --> 78 
78 --> 79 
79 --> 80 
80 --> 81 
81 --> 82 
82 --> 83 
83 --> 84 
84 --> 85 
85 --> 86 
86 --> 87 
87 --> 88 
88 --> 89 
89 --> 90 
90 --> 91 
91 --> 92 
92 --> 93 
93 --> 94 
94 --> 95 
95 --> 96 
96 --> 97 
97 --> 98 
98 --> 99 
99 --> 100 
100 --> 101 
101 --> 102 
102 --> 103 
103 --> 104 
104 --> 105 
105 --> 106 
106 --> 107 
107 --> 108 
108 --> 109 
109 --> 110 
110 --> 111 
111 --> 112 
112 --> 113 
113 --> 114 
114 --> 115 
115 --> 116 
116 --> 117 
117 --> 118 
118 --> 119 
119 --> 120 
120 --> 121 
121 --> 122 
122 --> 123 
123 --> 124 
124 --> 125 
125 --> 126 
126 --> 127 
127 --> 128 
128 --> 129 
129 --> 130 188 
130 --> 131 
131 --> 132 
132 --> 133 
133 --> 134 
134 --> 135 
135 --> 136 
136 --> 137 
137 --> 138 
138 --> 139 
139 --> 140 
140 --> 141 
141 --> 142 
142 --> 143 
143 --> 144 
144 --> 145 
145 --> 146 
146 --> 147 
147 --> 148 
148 --> 149 
149 --> 150 
150 --> 151 
151 --> 152 
152 --> 153 
153 --> 154 
154 --> 155 
155 --> 156 
156 --> 157 
157 --> 158 
158 --> 159 
159 --> 160 
160 --> 161 
161 --> 162 
162 --> 163 
163 --> 164 
164 --> 165 
165 --> 166 
166 --> 167 
167 --> 168 
168 --> 169 
169 --> 170 
170 --> 171 
171 --> 172 
172 --> 173 
173 --> 174 
174 --> 175 
175 --> 176 
176 --> 177 
177 --> 178 
178 --> 179 
179 --> 180 
180 --> 181 
181 --> 182 
182 --> 183 
183 --> 184 
184 --> 185 
185 --> 186 
186 --> 187 
187 --> 188 
188 --> 189 293 
189 --> 190 
190 --> 191 
191 --> 192 
192 --> 193 
193 --> 194 
194 --> 195 
195 --> 196 
196 --> 197 
197 --> 198 
198 --> 199 
199 --> 200 
200 --> 201 
201 --> 202 
202 --> 203 
203 --> 204 
204 --> 205 
205 --> 206 
206 --> 207 
207 --> 208 
208 --> 209 
209 --> 210 
210 --> 211 
211 --> 212 
212 --> 213 
213 --> 214 
214 --> 215 
215 --> 216 
216 --> 217 
217 --> 218 
218 --> 219 
219 --> 220 
220 --> 221 
221 --> 222 
222 --> 223 
223 --> 224 
224 --> 225 
225 --> 226 
226 --> 227 
227 --> 228 
228 --> 229 
229 --> 230 
230 --> 231 
231 --> 232 
232 --> 233 
233 --> 234 
234 --> 235 
235 --> 236 
236 --> 237 
237 --> 238 
238 --> 239 
239 --> 240 
240 --> 241 
241 --> 242 
242 --> 243 
243 --> 244 
244 --> 245 
245 --> 246 
246 --> 247 
247 --> 248 
248 --> 249 
249 --> 250 
250 --> 251 
251 --> 252 
252 --> 253 
253 --> 254 
254 --> 255 
255 --> 256 
256 --> 257 
257 --> 258 
258 --> 259 
259 --> 260 
260 --> 261 
261 --> 262 
262 --> 263 
263 --> 264 
264 --> 265 
265 --> 266 
266 --> 267 
267 --> 268 
268 --> 269 
269 --> 270 
270 --> 271 
271 --> 272 
272 --> 273 
273 --> 274 
274 --> 275 
275 --> 276 
276 --> 277 
277 --> 278 
278 --> 279 
279 --> 280 
280 --> 281 
281 --> 282 
282 --> 283 
283 --> 284 
284 --> 285 
285 --> 286 
286 --> 287 
287 --> 288 
288 --> 289 
289 --> 290 
290 --> 291 
291 --> 292 
292 --> 293 
293 --> 

* FSM state operations: 

State 1 <SV = 0> <Delay = 5.19>
ST_1 : Operation 294 [1/1] (0.00ns)   --->   "%i = alloca i32 1" [./xf_autowhitebalance.hpp:135]   --->   Operation 294 'alloca' 'i' <Predicate = true> <Delay = 0.00>
ST_1 : Operation 295 [1/1] (0.00ns)   --->   "%tmpsum_vals_2 = alloca i32 1" [./xf_autowhitebalance.hpp:152]   --->   Operation 295 'alloca' 'tmpsum_vals_2' <Predicate = true> <Delay = 0.00>
ST_1 : Operation 296 [1/1] (0.00ns)   --->   "%tmpsum_vals_1 = alloca i32 1" [./xf_autowhitebalance.hpp:152]   --->   Operation 296 'alloca' 'tmpsum_vals_1' <Predicate = true> <Delay = 0.00>
ST_1 : Operation 297 [1/1] (0.00ns)   --->   "%tmpsum_vals = alloca i32 1" [./xf_autowhitebalance.hpp:152]   --->   Operation 297 'alloca' 'tmpsum_vals' <Predicate = true> <Delay = 0.00>
ST_1 : Operation 298 [1/1] (0.00ns)   --->   "%thresh_read = read i32 @_ssdm_op_Read.ap_auto.i32, i32 %thresh"   --->   Operation 298 'read' 'thresh_read' <Predicate = true> <Delay = 0.00>
ST_1 : Operation 299 [1/1] (0.00ns)   --->   "%mux_case_02_loc = alloca i64 1"   --->   Operation 299 'alloca' 'mux_case_02_loc' <Predicate = true> <Delay = 0.00>
ST_1 : Operation 300 [1/1] (0.00ns)   --->   "%mux_case_14_loc = alloca i64 1"   --->   Operation 300 'alloca' 'mux_case_14_loc' <Predicate = true> <Delay = 0.00>
ST_1 : Operation 301 [1/1] (0.00ns)   --->   "%mux_case_26_loc = alloca i64 1"   --->   Operation 301 'alloca' 'mux_case_26_loc' <Predicate = true> <Delay = 0.00>
ST_1 : Operation 302 [4/4] (5.19ns)   --->   "%conv = sitofp i32 %thresh_read" [./xf_autowhitebalance.hpp:145]   --->   Operation 302 'sitofp' 'conv' <Predicate = true> <Delay = 5.19> <CoreInst = "Int2Float">   --->   Core 62 'Int2Float' <Latency = 3> <II = 1> <Delay = 5.19> <FuncUnit> <Opcode : 'uitofp' 'sitofp'> <InPorts = 1> <OutPorts = 1>
ST_1 : Operation 303 [1/1] (0.00ns)   --->   "%store_ln152 = store i40 0, i40 %tmpsum_vals" [./xf_autowhitebalance.hpp:152]   --->   Operation 303 'store' 'store_ln152' <Predicate = true> <Delay = 0.00>
ST_1 : Operation 304 [1/1] (0.00ns)   --->   "%store_ln152 = store i40 0, i40 %tmpsum_vals_1" [./xf_autowhitebalance.hpp:152]   --->   Operation 304 'store' 'store_ln152' <Predicate = true> <Delay = 0.00>
ST_1 : Operation 305 [1/1] (0.00ns)   --->   "%store_ln152 = store i40 0, i40 %tmpsum_vals_2" [./xf_autowhitebalance.hpp:152]   --->   Operation 305 'store' 'store_ln152' <Predicate = true> <Delay = 0.00>
ST_1 : Operation 306 [1/1] (0.42ns)   --->   "%store_ln135 = store i12 0, i12 %i" [./xf_autowhitebalance.hpp:135]   --->   Operation 306 'store' 'store_ln135' <Predicate = true> <Delay = 0.42>

State 2 <SV = 1> <Delay = 5.19>
ST_2 : Operation 307 [3/4] (5.19ns)   --->   "%conv = sitofp i32 %thresh_read" [./xf_autowhitebalance.hpp:145]   --->   Operation 307 'sitofp' 'conv' <Predicate = true> <Delay = 5.19> <CoreInst = "Int2Float">   --->   Core 62 'Int2Float' <Latency = 3> <II = 1> <Delay = 5.19> <FuncUnit> <Opcode : 'uitofp' 'sitofp'> <InPorts = 1> <OutPorts = 1>

State 3 <SV = 2> <Delay = 5.19>
ST_3 : Operation 308 [2/4] (5.19ns)   --->   "%conv = sitofp i32 %thresh_read" [./xf_autowhitebalance.hpp:145]   --->   Operation 308 'sitofp' 'conv' <Predicate = true> <Delay = 5.19> <CoreInst = "Int2Float">   --->   Core 62 'Int2Float' <Latency = 3> <II = 1> <Delay = 5.19> <FuncUnit> <Opcode : 'uitofp' 'sitofp'> <InPorts = 1> <OutPorts = 1>

State 4 <SV = 3> <Delay = 5.19>
ST_4 : Operation 309 [1/4] (5.19ns)   --->   "%conv = sitofp i32 %thresh_read" [./xf_autowhitebalance.hpp:145]   --->   Operation 309 'sitofp' 'conv' <Predicate = true> <Delay = 5.19> <CoreInst = "Int2Float">   --->   Core 62 'Int2Float' <Latency = 3> <II = 1> <Delay = 5.19> <FuncUnit> <Opcode : 'uitofp' 'sitofp'> <InPorts = 1> <OutPorts = 1>

State 5 <SV = 4> <Delay = 2.30>
ST_5 : Operation 310 [2/2] (2.30ns)   --->   "%pf = fpext i32 %conv" [./xf_autowhitebalance.hpp:145]   --->   Operation 310 'fpext' 'pf' <Predicate = true> <Delay = 2.30> <CoreInst = "Float2Double">   --->   Core 64 'Float2Double' <Latency = 1> <II = 1> <Delay = 2.30> <FuncUnit> <Opcode : 'fpext'> <InPorts = 1> <OutPorts = 1>

State 6 <SV = 5> <Delay = 6.74>
ST_6 : Operation 311 [1/2] (2.30ns)   --->   "%pf = fpext i32 %conv" [./xf_autowhitebalance.hpp:145]   --->   Operation 311 'fpext' 'pf' <Predicate = true> <Delay = 2.30> <CoreInst = "Float2Double">   --->   Core 64 'Float2Double' <Latency = 1> <II = 1> <Delay = 2.30> <FuncUnit> <Opcode : 'fpext'> <InPorts = 1> <OutPorts = 1>
ST_6 : Operation 312 [1/1] (0.00ns)   --->   "%bitcast_ln726 = bitcast i64 %pf" [./xf_autowhitebalance.hpp:145]   --->   Operation 312 'bitcast' 'bitcast_ln726' <Predicate = true> <Delay = 0.00>
ST_6 : Operation 313 [1/1] (0.00ns)   --->   "%trunc_ln145 = trunc i64 %bitcast_ln726" [./xf_autowhitebalance.hpp:145]   --->   Operation 313 'trunc' 'trunc_ln145' <Predicate = true> <Delay = 0.00>
ST_6 : Operation 314 [1/1] (0.00ns)   --->   "%tmp = bitselect i1 @_ssdm_op_BitSelect.i1.i64.i32, i64 %bitcast_ln726, i32 63" [./xf_autowhitebalance.hpp:145]   --->   Operation 314 'bitselect' 'tmp' <Predicate = true> <Delay = 0.00>
ST_6 : Operation 315 [1/1] (0.00ns)   --->   "%tmp_1 = partselect i11 @_ssdm_op_PartSelect.i11.i64.i32, i64 %bitcast_ln726, i32 52" [./xf_autowhitebalance.hpp:145]   --->   Operation 315 'partselect' 'tmp_1' <Predicate = true> <Delay = 0.00>
ST_6 : Operation 316 [1/1] (0.00ns)   --->   "%zext_ln145 = zext i11 %tmp_1" [./xf_autowhitebalance.hpp:145]   --->   Operation 316 'zext' 'zext_ln145' <Predicate = true> <Delay = 0.00>
ST_6 : Operation 317 [1/1] (0.00ns)   --->   "%trunc_ln145_1 = trunc i64 %bitcast_ln726" [./xf_autowhitebalance.hpp:145]   --->   Operation 317 'trunc' 'trunc_ln145_1' <Predicate = true> <Delay = 0.00>
ST_6 : Operation 318 [1/1] (0.00ns)   --->   "%zext_ln145_1_cast = bitconcatenate i53 @_ssdm_op_BitConcatenate.i53.i1.i52, i1 1, i52 %trunc_ln145_1" [./xf_autowhitebalance.hpp:145]   --->   Operation 318 'bitconcatenate' 'zext_ln145_1_cast' <Predicate = true> <Delay = 0.00>
ST_6 : Operation 319 [1/1] (0.00ns)   --->   "%zext_ln145_1 = zext i53 %zext_ln145_1_cast" [./xf_autowhitebalance.hpp:145]   --->   Operation 319 'zext' 'zext_ln145_1' <Predicate = true> <Delay = 0.00>
ST_6 : Operation 320 [1/1] (1.10ns)   --->   "%sub_ln145 = sub i54 0, i54 %zext_ln145_1" [./xf_autowhitebalance.hpp:145]   --->   Operation 320 'sub' 'sub_ln145' <Predicate = true> <Delay = 1.10> <CoreInst = "Adder">   --->   Core 1 'Adder' <Latency = 0> <II = 1> <Delay = 1.10> <FuncUnit> <Opcode : 'add' 'sub'> <InPorts = 2> <OutPorts = 1>
ST_6 : Operation 321 [1/1] (0.40ns)   --->   "%select_ln145 = select i1 %tmp, i54 %sub_ln145, i54 %zext_ln145_1" [./xf_autowhitebalance.hpp:145]   --->   Operation 321 'select' 'select_ln145' <Predicate = true> <Delay = 0.40> <CoreInst = "Sel">   --->   Core 73 'Sel' <Latency = 0> <II = 1> <Delay = 0.40> <FuncUnit> <Opcode : 'select'> <InPorts = 3> <OutPorts = 1>
ST_6 : Operation 322 [1/1] (1.08ns)   --->   "%icmp_ln145 = icmp_eq  i63 %trunc_ln145, i63 0" [./xf_autowhitebalance.hpp:145]   --->   Operation 322 'icmp' 'icmp_ln145' <Predicate = true> <Delay = 1.08> <CoreInst = "Cmp">   --->   Core 9 'Cmp' <Latency = 0> <II = 1> <Delay = 1.08> <FuncUnit> <Opcode : 'seteq' 'setne' 'setle' 'setge' 'setlt' 'setgt'> <InPorts = 2> <OutPorts = 1>
ST_6 : Operation 323 [1/1] (0.80ns)   --->   "%sub_ln145_1 = sub i12 1075, i12 %zext_ln145" [./xf_autowhitebalance.hpp:145]   --->   Operation 323 'sub' 'sub_ln145_1' <Predicate = true> <Delay = 0.80> <CoreInst = "Adder">   --->   Core 1 'Adder' <Latency = 0> <II = 1> <Delay = 0.80> <FuncUnit> <Opcode : 'add' 'sub'> <InPorts = 2> <OutPorts = 1>
ST_6 : Operation 324 [1/1] (0.00ns)   --->   "%trunc_ln145_2 = trunc i12 %sub_ln145_1" [./xf_autowhitebalance.hpp:145]   --->   Operation 324 'trunc' 'trunc_ln145_2' <Predicate = true> <Delay = 0.00>
ST_6 : Operation 325 [1/1] (0.80ns)   --->   "%icmp_ln145_1 = icmp_sgt  i12 %sub_ln145_1, i12 16" [./xf_autowhitebalance.hpp:145]   --->   Operation 325 'icmp' 'icmp_ln145_1' <Predicate = true> <Delay = 0.80> <CoreInst = "Cmp">   --->   Core 9 'Cmp' <Latency = 0> <II = 1> <Delay = 0.80> <FuncUnit> <Opcode : 'seteq' 'setne' 'setle' 'setge' 'setlt' 'setgt'> <InPorts = 2> <OutPorts = 1>
ST_6 : Operation 326 [1/1] (0.79ns)   --->   "%add_ln145 = add i11 %trunc_ln145_2, i11 2032" [./xf_autowhitebalance.hpp:145]   --->   Operation 326 'add' 'add_ln145' <Predicate = true> <Delay = 0.79> <CoreInst = "Adder">   --->   Core 1 'Adder' <Latency = 0> <II = 1> <Delay = 0.79> <FuncUnit> <Opcode : 'add' 'sub'> <InPorts = 2> <OutPorts = 1>
ST_6 : Operation 327 [1/1] (0.79ns)   --->   "%sub_ln145_2 = sub i11 16, i11 %trunc_ln145_2" [./xf_autowhitebalance.hpp:145]   --->   Operation 327 'sub' 'sub_ln145_2' <Predicate = true> <Delay = 0.79> <CoreInst = "Adder">   --->   Core 1 'Adder' <Latency = 0> <II = 1> <Delay = 0.79> <FuncUnit> <Opcode : 'add' 'sub'> <InPorts = 2> <OutPorts = 1>
ST_6 : Operation 328 [1/1] (0.38ns)   --->   "%select_ln145_1 = select i1 %icmp_ln145_1, i11 %add_ln145, i11 %sub_ln145_2" [./xf_autowhitebalance.hpp:145]   --->   Operation 328 'select' 'select_ln145_1' <Predicate = true> <Delay = 0.38> <CoreInst = "Sel">   --->   Core 73 'Sel' <Latency = 0> <II = 1> <Delay = 0.38> <FuncUnit> <Opcode : 'select'> <InPorts = 3> <OutPorts = 1>
ST_6 : Operation 329 [1/1] (0.00ns)   --->   "%zext_ln145_3 = zext i11 %select_ln145_1" [./xf_autowhitebalance.hpp:145]   --->   Operation 329 'zext' 'zext_ln145_3' <Predicate = true> <Delay = 0.00>
ST_6 : Operation 330 [1/1] (0.80ns)   --->   "%icmp_ln145_2 = icmp_eq  i12 %sub_ln145_1, i12 16" [./xf_autowhitebalance.hpp:145]   --->   Operation 330 'icmp' 'icmp_ln145_2' <Predicate = true> <Delay = 0.80> <CoreInst = "Cmp">   --->   Core 9 'Cmp' <Latency = 0> <II = 1> <Delay = 0.80> <FuncUnit> <Opcode : 'seteq' 'setne' 'setle' 'setge' 'setlt' 'setgt'> <InPorts = 2> <OutPorts = 1>
ST_6 : Operation 331 [1/1] (0.00ns)   --->   "%trunc_ln145_3 = trunc i54 %select_ln145" [./xf_autowhitebalance.hpp:145]   --->   Operation 331 'trunc' 'trunc_ln145_3' <Predicate = true> <Delay = 0.00>
ST_6 : Operation 332 [1/1] (0.79ns)   --->   "%icmp_ln145_3 = icmp_ult  i11 %select_ln145_1, i11 54" [./xf_autowhitebalance.hpp:145]   --->   Operation 332 'icmp' 'icmp_ln145_3' <Predicate = true> <Delay = 0.79> <CoreInst = "Cmp">   --->   Core 9 'Cmp' <Latency = 0> <II = 1> <Delay = 0.79> <FuncUnit> <Opcode : 'seteq' 'setne' 'setle' 'setge' 'setlt' 'setgt'> <InPorts = 2> <OutPorts = 1>
ST_6 : Operation 333 [1/1] (0.00ns) (grouped into LUT with out node select_ln145_2)   --->   "%select_ln145_4 = select i1 %tmp, i32 4294967295, i32 0" [./xf_autowhitebalance.hpp:145]   --->   Operation 333 'select' 'select_ln145_4' <Predicate = true> <Delay = 0.00> <CoreInst = "Sel">   --->   Core 73 'Sel' <Latency = 0> <II = 1> <Delay = 0.17> <FuncUnit> <Opcode : 'select'> <InPorts = 3> <OutPorts = 1>
ST_6 : Operation 334 [1/1] (0.00ns)   --->   "%zext_ln145_2 = zext i11 %select_ln145_1" [./xf_autowhitebalance.hpp:145]   --->   Operation 334 'zext' 'zext_ln145_2' <Predicate = true> <Delay = 0.00>
ST_6 : Operation 335 [1/1] (1.50ns)   --->   "%ashr_ln145 = ashr i54 %select_ln145, i54 %zext_ln145_2" [./xf_autowhitebalance.hpp:145]   --->   Operation 335 'ashr' 'ashr_ln145' <Predicate = true> <Delay = 1.50> <CoreInst = "Shifter">   --->   Core 75 'Shifter' <Latency = 0> <II = 1> <Delay = 1.50> <FuncUnit> <Opcode : 'shl' 'lshr' 'ashr'> <InPorts = 2> <OutPorts = 1>
ST_6 : Operation 336 [1/1] (0.00ns) (grouped into LUT with out node select_ln145_2)   --->   "%trunc_ln145_4 = trunc i54 %ashr_ln145" [./xf_autowhitebalance.hpp:145]   --->   Operation 336 'trunc' 'trunc_ln145_4' <Predicate = true> <Delay = 0.00>
ST_6 : Operation 337 [1/1] (0.44ns) (out node of the LUT)   --->   "%select_ln145_2 = select i1 %icmp_ln145_3, i32 %trunc_ln145_4, i32 %select_ln145_4" [./xf_autowhitebalance.hpp:145]   --->   Operation 337 'select' 'select_ln145_2' <Predicate = true> <Delay = 0.44> <CoreInst = "Sel">   --->   Core 73 'Sel' <Latency = 0> <II = 1> <Delay = 0.44> <FuncUnit> <Opcode : 'select'> <InPorts = 3> <OutPorts = 1>
ST_6 : Operation 338 [1/1] (0.00ns)   --->   "%tmp_3 = partselect i6 @_ssdm_op_PartSelect.i6.i11.i32.i32, i11 %select_ln145_1, i32 5, i32 10" [./xf_autowhitebalance.hpp:145]   --->   Operation 338 'partselect' 'tmp_3' <Predicate = true> <Delay = 0.00>
ST_6 : Operation 339 [1/1] (0.78ns)   --->   "%icmp_ln145_4 = icmp_eq  i6 %tmp_3, i6 0" [./xf_autowhitebalance.hpp:145]   --->   Operation 339 'icmp' 'icmp_ln145_4' <Predicate = true> <Delay = 0.78> <CoreInst = "Cmp">   --->   Core 9 'Cmp' <Latency = 0> <II = 1> <Delay = 0.78> <FuncUnit> <Opcode : 'seteq' 'setne' 'setle' 'setge' 'setlt' 'setgt'> <InPorts = 2> <OutPorts = 1>
ST_6 : Operation 340 [1/1] (1.38ns)   --->   "%shl_ln145 = shl i32 %trunc_ln145_3, i32 %zext_ln145_3" [./xf_autowhitebalance.hpp:145]   --->   Operation 340 'shl' 'shl_ln145' <Predicate = true> <Delay = 1.38> <CoreInst = "Shifter">   --->   Core 75 'Shifter' <Latency = 0> <II = 1> <Delay = 1.38> <FuncUnit> <Opcode : 'shl' 'lshr' 'ashr'> <InPorts = 2> <OutPorts = 1>
ST_6 : Operation 341 [1/1] (0.44ns)   --->   "%select_ln145_3 = select i1 %icmp_ln145_4, i32 %shl_ln145, i32 0" [./xf_autowhitebalance.hpp:145]   --->   Operation 341 'select' 'select_ln145_3' <Predicate = true> <Delay = 0.44> <CoreInst = "Sel">   --->   Core 73 'Sel' <Latency = 0> <II = 1> <Delay = 0.44> <FuncUnit> <Opcode : 'select'> <InPorts = 3> <OutPorts = 1>
ST_6 : Operation 342 [1/1] (0.00ns) (grouped into LUT with out node and_ln145)   --->   "%xor_ln145 = xor i1 %icmp_ln145, i1 1" [./xf_autowhitebalance.hpp:145]   --->   Operation 342 'xor' 'xor_ln145' <Predicate = true> <Delay = 0.00> <CoreInst = "LogicGate">   --->   Core 74 'LogicGate' <Latency = 0> <II = 1> <Delay = 0.28> <FuncUnit> <Opcode : 'and' 'or' 'xor'> <InPorts = 2> <OutPorts = 1>
ST_6 : Operation 343 [1/1] (0.28ns) (out node of the LUT)   --->   "%and_ln145 = and i1 %icmp_ln145_2, i1 %xor_ln145" [./xf_autowhitebalance.hpp:145]   --->   Operation 343 'and' 'and_ln145' <Predicate = true> <Delay = 0.28> <CoreInst = "LogicGate">   --->   Core 74 'LogicGate' <Latency = 0> <II = 1> <Delay = 0.28> <FuncUnit> <Opcode : 'and' 'or' 'xor'> <InPorts = 2> <OutPorts = 1>
ST_6 : Operation 344 [1/1] (0.00ns) (grouped into LUT with out node and_ln145_1)   --->   "%or_ln145 = or i1 %icmp_ln145, i1 %icmp_ln145_2" [./xf_autowhitebalance.hpp:145]   --->   Operation 344 'or' 'or_ln145' <Predicate = true> <Delay = 0.00> <CoreInst = "LogicGate">   --->   Core 74 'LogicGate' <Latency = 0> <II = 1> <Delay = 0.28> <FuncUnit> <Opcode : 'and' 'or' 'xor'> <InPorts = 2> <OutPorts = 1>
ST_6 : Operation 345 [1/1] (0.00ns) (grouped into LUT with out node and_ln145_1)   --->   "%xor_ln145_1 = xor i1 %or_ln145, i1 1" [./xf_autowhitebalance.hpp:145]   --->   Operation 345 'xor' 'xor_ln145_1' <Predicate = true> <Delay = 0.00> <CoreInst = "LogicGate">   --->   Core 74 'LogicGate' <Latency = 0> <II = 1> <Delay = 0.28> <FuncUnit> <Opcode : 'and' 'or' 'xor'> <InPorts = 2> <OutPorts = 1>
ST_6 : Operation 346 [1/1] (0.28ns) (out node of the LUT)   --->   "%and_ln145_1 = and i1 %icmp_ln145_1, i1 %xor_ln145_1" [./xf_autowhitebalance.hpp:145]   --->   Operation 346 'and' 'and_ln145_1' <Predicate = true> <Delay = 0.28> <CoreInst = "LogicGate">   --->   Core 74 'LogicGate' <Latency = 0> <II = 1> <Delay = 0.28> <FuncUnit> <Opcode : 'and' 'or' 'xor'> <InPorts = 2> <OutPorts = 1>
ST_6 : Operation 347 [1/1] (0.00ns)   --->   "%sel_tmp6 = bitconcatenate i3 @_ssdm_op_BitConcatenate.i3.i1.i1.i1, i1 %icmp_ln145, i1 %and_ln145, i1 %and_ln145_1" [./xf_autowhitebalance.hpp:145]   --->   Operation 347 'bitconcatenate' 'sel_tmp6' <Predicate = true> <Delay = 0.00>
ST_6 : Operation 348 [1/1] (0.47ns)   --->   "%thresh_float = sparsemux i32 @_ssdm_op_SparseMux.ap_auto.4i32.i32.i3, i3 4, i32 0, i3 2, i32 %trunc_ln145_3, i3 1, i32 %select_ln145_2, i3 0, i32 %select_ln145_3, i32 0, i3 %sel_tmp6" [./xf_autowhitebalance.hpp:145]   --->   Operation 348 'sparsemux' 'thresh_float' <Predicate = true> <Delay = 0.47> <CoreInst = "OneHotSparseMux_HasDef">   --->   Core 152 'OneHotSparseMux_HasDef' <Latency = 0> <II = 1> <Delay = 0.47> <FuncUnit> <Opcode : 'sparsemux'> <InPorts = 2> <OutPorts = 1>
ST_6 : Operation 349 [1/1] (0.00ns)   --->   "%trunc_ln1 = partselect i24 @_ssdm_op_PartSelect.i24.i32.i32.i32, i32 %thresh_float, i32 8, i32 31" [./xf_autowhitebalance.hpp:146]   --->   Operation 349 'partselect' 'trunc_ln1' <Predicate = true> <Delay = 0.00>

State 7 <SV = 6> <Delay = 1.02>
ST_7 : Operation 350 [1/1] (0.00ns)   --->   "%src1_cols_val_read = read i12 @_ssdm_op_Read.ap_auto.i12, i12 %src1_cols_val"   --->   Operation 350 'read' 'src1_cols_val_read' <Predicate = true> <Delay = 0.00>
ST_7 : Operation 351 [1/1] (0.00ns)   --->   "%src1_rows_val_read = read i12 @_ssdm_op_Read.ap_auto.i12, i12 %src1_rows_val"   --->   Operation 351 'read' 'src1_rows_val_read' <Predicate = true> <Delay = 0.00>
ST_7 : Operation 352 [1/1] (0.00ns)   --->   "%specstablecontent_ln0 = specstablecontent void @_ssdm_op_SpecStableContent, i12 %src1_cols_val, i1 1, void @p_str"   --->   Operation 352 'specstablecontent' 'specstablecontent_ln0' <Predicate = true> <Delay = 0.00>
ST_7 : Operation 353 [1/1] (0.00ns)   --->   "%specstablecontent_ln0 = specstablecontent void @_ssdm_op_SpecStableContent, i12 %src1_rows_val, i1 1, void @p_str"   --->   Operation 353 'specstablecontent' 'specstablecontent_ln0' <Predicate = true> <Delay = 0.00>
ST_7 : Operation 354 [1/1] (0.00ns)   --->   "%specinterface_ln0 = specinterface void @_ssdm_op_SpecInterface, i30 %in_mat_data, void @empty_13, i32 0, i32 0, void @empty_25, i32 0, i32 0, void @empty_25, void @empty_25, void @empty_25, i32 0, i32 0, i32 0, i32 0, void @empty_25, void @empty_25, i32 4294967295, i32 0, i32 0, i32 0"   --->   Operation 354 'specinterface' 'specinterface_ln0' <Predicate = true> <Delay = 0.00>
ST_7 : Operation 355 [1/1] (0.00ns)   --->   "%specinterface_ln0 = specinterface void @_ssdm_op_SpecInterface, i30 %impop_data, void @empty_13, i32 0, i32 0, void @empty_25, i32 0, i32 0, void @empty_25, void @empty_25, void @empty_25, i32 0, i32 0, i32 0, i32 0, void @empty_25, void @empty_25, i32 4294967295, i32 0, i32 0, i32 0"   --->   Operation 355 'specinterface' 'specinterface_ln0' <Predicate = true> <Delay = 0.00>
ST_7 : Operation 356 [1/1] (0.00ns)   --->   "%sext_ln148 = sext i24 %trunc_ln1" [./xf_autowhitebalance.hpp:148]   --->   Operation 356 'sext' 'sext_ln148' <Predicate = true> <Delay = 0.00>
ST_7 : Operation 357 [1/1] (0.00ns)   --->   "%tmp_4 = bitconcatenate i34 @_ssdm_op_BitConcatenate.i34.i24.i10, i24 %trunc_ln1, i10 0" [./xf_autowhitebalance.hpp:148]   --->   Operation 357 'bitconcatenate' 'tmp_4' <Predicate = true> <Delay = 0.00>
ST_7 : Operation 358 [1/1] (0.00ns)   --->   "%sext_ln148_1 = sext i34 %tmp_4" [./xf_autowhitebalance.hpp:148]   --->   Operation 358 'sext' 'sext_ln148_1' <Predicate = true> <Delay = 0.00>
ST_7 : Operation 359 [1/1] (1.02ns)   --->   "%sub_ln148 = sub i35 %sext_ln148_1, i35 %sext_ln148" [./xf_autowhitebalance.hpp:148]   --->   Operation 359 'sub' 'sub_ln148' <Predicate = true> <Delay = 1.02> <CoreInst = "Adder">   --->   Core 1 'Adder' <Latency = 0> <II = 1> <Delay = 1.02> <FuncUnit> <Opcode : 'add' 'sub'> <InPorts = 2> <OutPorts = 1>
ST_7 : Operation 360 [1/1] (0.00ns)   --->   "%trunc_ln2 = partselect i19 @_ssdm_op_PartSelect.i19.i35.i32.i32, i35 %sub_ln148, i32 16, i32 34" [./xf_autowhitebalance.hpp:148]   --->   Operation 360 'partselect' 'trunc_ln2' <Predicate = true> <Delay = 0.00>
ST_7 : Operation 361 [1/1] (0.00ns)   --->   "%br_ln176 = br void %Col_Loop" [./xf_autowhitebalance.hpp:176]   --->   Operation 361 'br' 'br_ln176' <Predicate = true> <Delay = 0.00>

State 8 <SV = 7> <Delay = 2.04>
ST_8 : Operation 362 [1/1] (0.00ns)   --->   "%i_7 = load i12 %i" [./xf_autowhitebalance.hpp:176]   --->   Operation 362 'load' 'i_7' <Predicate = true> <Delay = 0.00>
ST_8 : Operation 363 [1/1] (0.80ns)   --->   "%icmp_ln176 = icmp_eq  i12 %i_7, i12 %src1_rows_val_read" [./xf_autowhitebalance.hpp:176]   --->   Operation 363 'icmp' 'icmp_ln176' <Predicate = true> <Delay = 0.80> <CoreInst = "Cmp">   --->   Core 9 'Cmp' <Latency = 0> <II = 1> <Delay = 0.80> <FuncUnit> <Opcode : 'seteq' 'setne' 'setle' 'setge' 'setlt' 'setgt'> <InPorts = 2> <OutPorts = 1>
ST_8 : Operation 364 [1/1] (0.80ns)   --->   "%i_8 = add i12 %i_7, i12 1" [./xf_autowhitebalance.hpp:176]   --->   Operation 364 'add' 'i_8' <Predicate = true> <Delay = 0.80> <CoreInst = "Adder">   --->   Core 1 'Adder' <Latency = 0> <II = 1> <Delay = 0.80> <FuncUnit> <Opcode : 'add' 'sub'> <InPorts = 2> <OutPorts = 1>
ST_8 : Operation 365 [1/1] (0.00ns)   --->   "%br_ln176 = br i1 %icmp_ln176, void %PLANES_LOOP.lr.ph, void %VITIS_LOOP_217_4.preheader" [./xf_autowhitebalance.hpp:176]   --->   Operation 365 'br' 'br_ln176' <Predicate = true> <Delay = 0.00>
ST_8 : Operation 366 [2/2] (1.23ns)   --->   "%call_ln148 = call void @AWBChannelGainKernel_Pipeline_Col_Loop, i12 %src1_cols_val_read, i30 %in_mat_data, i30 %impop_data, i19 %trunc_ln2, i40 %tmpsum_vals, i40 %tmpsum_vals_1, i40 %tmpsum_vals_2" [./xf_autowhitebalance.hpp:148]   --->   Operation 366 'call' 'call_ln148' <Predicate = (!icmp_ln176)> <Delay = 1.23> <CoreType = "Generic">   --->   Generic Core
ST_8 : Operation 367 [1/1] (0.42ns)   --->   "%store_ln135 = store i12 %i_8, i12 %i" [./xf_autowhitebalance.hpp:135]   --->   Operation 367 'store' 'store_ln135' <Predicate = (!icmp_ln176)> <Delay = 0.42>
ST_8 : Operation 368 [1/1] (0.00ns)   --->   "%tmpsum_vals_2_load = load i40 %tmpsum_vals_2"   --->   Operation 368 'load' 'tmpsum_vals_2_load' <Predicate = (icmp_ln176)> <Delay = 0.00>
ST_8 : Operation 369 [1/1] (0.00ns)   --->   "%tmpsum_vals_1_load = load i40 %tmpsum_vals_1"   --->   Operation 369 'load' 'tmpsum_vals_1_load' <Predicate = (icmp_ln176)> <Delay = 0.00>
ST_8 : Operation 370 [1/1] (0.00ns)   --->   "%tmpsum_vals_load = load i40 %tmpsum_vals"   --->   Operation 370 'load' 'tmpsum_vals_load' <Predicate = (icmp_ln176)> <Delay = 0.00>
ST_8 : Operation 371 [2/2] (0.00ns)   --->   "%call_ln0 = call void @AWBChannelGainKernel_Pipeline_VITIS_LOOP_216_3, i40 %tmpsum_vals_2_load, i40 %tmpsum_vals_1_load, i40 %tmpsum_vals_load, i40 %mux_case_26_loc, i40 %mux_case_14_loc, i40 %mux_case_02_loc"   --->   Operation 371 'call' 'call_ln0' <Predicate = (icmp_ln176)> <Delay = 0.00> <CoreType = "Generic">   --->   Generic Core

State 9 <SV = 8> <Delay = 0.00>
ST_9 : Operation 372 [1/1] (0.00ns)   --->   "%speclooptripcount_ln178 = speclooptripcount void @_ssdm_op_SpecLoopTripCount, i64 2160, i64 2160, i64 2160" [./xf_autowhitebalance.hpp:178]   --->   Operation 372 'speclooptripcount' 'speclooptripcount_ln178' <Predicate = true> <Delay = 0.00>
ST_9 : Operation 373 [1/1] (0.00ns)   --->   "%specloopname_ln176 = specloopname void @_ssdm_op_SpecLoopName, void @empty_18" [./xf_autowhitebalance.hpp:176]   --->   Operation 373 'specloopname' 'specloopname_ln176' <Predicate = true> <Delay = 0.00>
ST_9 : Operation 374 [1/2] (0.00ns)   --->   "%call_ln148 = call void @AWBChannelGainKernel_Pipeline_Col_Loop, i12 %src1_cols_val_read, i30 %in_mat_data, i30 %impop_data, i19 %trunc_ln2, i40 %tmpsum_vals, i40 %tmpsum_vals_1, i40 %tmpsum_vals_2" [./xf_autowhitebalance.hpp:148]   --->   Operation 374 'call' 'call_ln148' <Predicate = true> <Delay = 0.00> <CoreType = "Generic">   --->   Generic Core
ST_9 : Operation 375 [1/1] (0.00ns)   --->   "%br_ln176 = br void %Col_Loop" [./xf_autowhitebalance.hpp:176]   --->   Operation 375 'br' 'br_ln176' <Predicate = true> <Delay = 0.00>

State 10 <SV = 8> <Delay = 0.97>
ST_10 : Operation 376 [1/2] (0.97ns)   --->   "%call_ln0 = call void @AWBChannelGainKernel_Pipeline_VITIS_LOOP_216_3, i40 %tmpsum_vals_2_load, i40 %tmpsum_vals_1_load, i40 %tmpsum_vals_load, i40 %mux_case_26_loc, i40 %mux_case_14_loc, i40 %mux_case_02_loc"   --->   Operation 376 'call' 'call_ln0' <Predicate = true> <Delay = 0.97> <CoreType = "Generic">   --->   Generic Core

State 11 <SV = 9> <Delay = 4.31>
ST_11 : Operation 377 [1/1] (0.00ns)   --->   "%mux_case_26_loc_load = load i40 %mux_case_26_loc"   --->   Operation 377 'load' 'mux_case_26_loc_load' <Predicate = true> <Delay = 0.00>
ST_11 : Operation 378 [1/1] (0.00ns)   --->   "%mux_case_14_loc_load = load i40 %mux_case_14_loc"   --->   Operation 378 'load' 'mux_case_14_loc_load' <Predicate = true> <Delay = 0.00>
ST_11 : Operation 379 [1/1] (0.00ns)   --->   "%mux_case_02_loc_load = load i40 %mux_case_02_loc"   --->   Operation 379 'load' 'mux_case_02_loc_load' <Predicate = true> <Delay = 0.00>
ST_11 : Operation 380 [1/1] (0.00ns)   --->   "%trunc_ln216 = trunc i40 %mux_case_26_loc_load" [./xf_autowhitebalance.hpp:216]   --->   Operation 380 'trunc' 'trunc_ln216' <Predicate = true> <Delay = 0.00>
ST_11 : Operation 381 [1/1] (0.00ns)   --->   "%trunc_ln216_1 = trunc i40 %mux_case_14_loc_load" [./xf_autowhitebalance.hpp:216]   --->   Operation 381 'trunc' 'trunc_ln216_1' <Predicate = true> <Delay = 0.00>
ST_11 : Operation 382 [1/1] (0.00ns)   --->   "%trunc_ln216_2 = trunc i40 %mux_case_02_loc_load" [./xf_autowhitebalance.hpp:216]   --->   Operation 382 'trunc' 'trunc_ln216_2' <Predicate = true> <Delay = 0.00>
ST_11 : Operation 383 [1/1] (1.03ns)   --->   "%icmp_ln225 = icmp_ugt  i40 %mux_case_14_loc_load, i40 %mux_case_26_loc_load" [./xf_autowhitebalance.hpp:225]   --->   Operation 383 'icmp' 'icmp_ln225' <Predicate = true> <Delay = 1.03> <CoreInst = "Cmp">   --->   Core 9 'Cmp' <Latency = 0> <II = 1> <Delay = 1.03> <FuncUnit> <Opcode : 'seteq' 'setne' 'setle' 'setge' 'setlt' 'setgt'> <InPorts = 2> <OutPorts = 1>
ST_11 : Operation 384 [1/1] (0.00ns) (grouped into LUT with out node icmp_ln225_1)   --->   "%select_ln225 = select i1 %icmp_ln225, i40 %mux_case_14_loc_load, i40 %mux_case_26_loc_load" [./xf_autowhitebalance.hpp:225]   --->   Operation 384 'select' 'select_ln225' <Predicate = true> <Delay = 0.00> <CoreInst = "Sel">   --->   Core 73 'Sel' <Latency = 0> <II = 1> <Delay = 0.31> <FuncUnit> <Opcode : 'select'> <InPorts = 3> <OutPorts = 1>
ST_11 : Operation 385 [1/1] (1.03ns) (out node of the LUT)   --->   "%icmp_ln225_1 = icmp_ugt  i40 %mux_case_02_loc_load, i40 %select_ln225" [./xf_autowhitebalance.hpp:225]   --->   Operation 385 'icmp' 'icmp_ln225_1' <Predicate = true> <Delay = 1.03> <CoreInst = "Cmp">   --->   Core 9 'Cmp' <Latency = 0> <II = 1> <Delay = 1.03> <FuncUnit> <Opcode : 'seteq' 'setne' 'setle' 'setge' 'setlt' 'setgt'> <InPorts = 2> <OutPorts = 1>
ST_11 : Operation 386 [1/1] (0.00ns) (grouped into LUT with out node select_ln225_1)   --->   "%xor_ln225 = xor i1 %icmp_ln225_1, i1 1" [./xf_autowhitebalance.hpp:225]   --->   Operation 386 'xor' 'xor_ln225' <Predicate = true> <Delay = 0.00> <CoreInst = "LogicGate">   --->   Core 74 'LogicGate' <Latency = 0> <II = 1> <Delay = 0.28> <FuncUnit> <Opcode : 'and' 'or' 'xor'> <InPorts = 2> <OutPorts = 1>
ST_11 : Operation 387 [1/1] (0.00ns) (grouped into LUT with out node select_ln225_1)   --->   "%zext_ln225 = zext i1 %xor_ln225" [./xf_autowhitebalance.hpp:225]   --->   Operation 387 'zext' 'zext_ln225' <Predicate = true> <Delay = 0.00>
ST_11 : Operation 388 [1/1] (0.00ns) (grouped into LUT with out node select_ln225_1)   --->   "%or_ln225 = or i1 %icmp_ln225_1, i1 %icmp_ln225" [./xf_autowhitebalance.hpp:225]   --->   Operation 388 'or' 'or_ln225' <Predicate = true> <Delay = 0.00> <CoreInst = "LogicGate">   --->   Core 74 'LogicGate' <Latency = 0> <II = 1> <Delay = 0.28> <FuncUnit> <Opcode : 'and' 'or' 'xor'> <InPorts = 2> <OutPorts = 1>
ST_11 : Operation 389 [1/1] (0.28ns) (out node of the LUT)   --->   "%select_ln225_1 = select i1 %or_ln225, i2 %zext_ln225, i2 2" [./xf_autowhitebalance.hpp:225]   --->   Operation 389 'select' 'select_ln225_1' <Predicate = true> <Delay = 0.28> <CoreInst = "Sel">   --->   Core 73 'Sel' <Latency = 0> <II = 1> <Delay = 0.17> <FuncUnit> <Opcode : 'select'> <InPorts = 3> <OutPorts = 1>
ST_11 : Operation 390 [1/1] (0.42ns)   --->   "%max_sum_fixed = sparsemux i10 @_ssdm_op_SparseMux.ap_auto.3i10.i10.i2, i2 0, i10 %trunc_ln216_2, i2 1, i10 %trunc_ln216_1, i2 2, i10 %trunc_ln216, i10 0, i2 %select_ln225_1" [./xf_autowhitebalance.hpp:225]   --->   Operation 390 'sparsemux' 'max_sum_fixed' <Predicate = true> <Delay = 0.42> <CoreInst = "OneHotSparseMux_HasDef">   --->   Core 152 'OneHotSparseMux_HasDef' <Latency = 0> <II = 1> <Delay = 0.42> <FuncUnit> <Opcode : 'sparsemux'> <InPorts = 2> <OutPorts = 1>
ST_11 : Operation 391 [1/1] (0.00ns)   --->   "%shl_ln = bitconcatenate i78 @_ssdm_op_BitConcatenate.i78.i40.i38, i40 %mux_case_02_loc_load, i38 0" [./xf_autowhitebalance.hpp:236]   --->   Operation 391 'bitconcatenate' 'shl_ln' <Predicate = true> <Delay = 0.00>
ST_11 : Operation 392 [1/1] (1.19ns)   --->   "%icmp_ln236 = icmp_ult  i78 %shl_ln, i78 27487791104" [./xf_autowhitebalance.hpp:236]   --->   Operation 392 'icmp' 'icmp_ln236' <Predicate = true> <Delay = 1.19> <CoreInst = "Cmp">   --->   Core 9 'Cmp' <Latency = 0> <II = 1> <Delay = 1.19> <FuncUnit> <Opcode : 'seteq' 'setne' 'setle' 'setge' 'setlt' 'setgt'> <InPorts = 2> <OutPorts = 1>
ST_11 : Operation 393 [1/1] (0.42ns)   --->   "%br_ln236 = br i1 %icmp_ln236, void %if.else, void %if.end180" [./xf_autowhitebalance.hpp:236]   --->   Operation 393 'br' 'br_ln236' <Predicate = true> <Delay = 0.42>
ST_11 : Operation 394 [1/1] (0.00ns)   --->   "%shl_ln1 = bitconcatenate i56 @_ssdm_op_BitConcatenate.i56.i10.i46, i10 %max_sum_fixed, i46 0" [./xf_autowhitebalance.hpp:239]   --->   Operation 394 'bitconcatenate' 'shl_ln1' <Predicate = (!icmp_ln236)> <Delay = 0.00>
ST_11 : Operation 395 [1/1] (0.00ns)   --->   "%zext_ln239 = zext i40 %mux_case_02_loc_load" [./xf_autowhitebalance.hpp:239]   --->   Operation 395 'zext' 'zext_ln239' <Predicate = (!icmp_ln236)> <Delay = 0.00>
ST_11 : Operation 396 [60/60] (1.53ns)   --->   "%udiv_ln239 = udiv i56 %shl_ln1, i56 %zext_ln239" [./xf_autowhitebalance.hpp:239]   --->   Operation 396 'udiv' 'udiv_ln239' <Predicate = (!icmp_ln236)> <Delay = 1.53> <CoreInst = "DivnS_SEQ">   --->   Core 7 'DivnS_SEQ' <Latency = 59> <II = 56> <Delay = 1.53> <FuncUnit> <Opcode : 'udiv' 'sdiv' 'urem' 'srem'> <InPorts = 2> <OutPorts = 1>

State 12 <SV = 10> <Delay = 1.53>
ST_12 : Operation 397 [59/60] (1.53ns)   --->   "%udiv_ln239 = udiv i56 %shl_ln1, i56 %zext_ln239" [./xf_autowhitebalance.hpp:239]   --->   Operation 397 'udiv' 'udiv_ln239' <Predicate = true> <Delay = 1.53> <CoreInst = "DivnS_SEQ">   --->   Core 7 'DivnS_SEQ' <Latency = 59> <II = 56> <Delay = 1.53> <FuncUnit> <Opcode : 'udiv' 'sdiv' 'urem' 'srem'> <InPorts = 2> <OutPorts = 1>

State 13 <SV = 11> <Delay = 1.53>
ST_13 : Operation 398 [58/60] (1.53ns)   --->   "%udiv_ln239 = udiv i56 %shl_ln1, i56 %zext_ln239" [./xf_autowhitebalance.hpp:239]   --->   Operation 398 'udiv' 'udiv_ln239' <Predicate = true> <Delay = 1.53> <CoreInst = "DivnS_SEQ">   --->   Core 7 'DivnS_SEQ' <Latency = 59> <II = 56> <Delay = 1.53> <FuncUnit> <Opcode : 'udiv' 'sdiv' 'urem' 'srem'> <InPorts = 2> <OutPorts = 1>

State 14 <SV = 12> <Delay = 1.53>
ST_14 : Operation 399 [57/60] (1.53ns)   --->   "%udiv_ln239 = udiv i56 %shl_ln1, i56 %zext_ln239" [./xf_autowhitebalance.hpp:239]   --->   Operation 399 'udiv' 'udiv_ln239' <Predicate = true> <Delay = 1.53> <CoreInst = "DivnS_SEQ">   --->   Core 7 'DivnS_SEQ' <Latency = 59> <II = 56> <Delay = 1.53> <FuncUnit> <Opcode : 'udiv' 'sdiv' 'urem' 'srem'> <InPorts = 2> <OutPorts = 1>

State 15 <SV = 13> <Delay = 1.53>
ST_15 : Operation 400 [56/60] (1.53ns)   --->   "%udiv_ln239 = udiv i56 %shl_ln1, i56 %zext_ln239" [./xf_autowhitebalance.hpp:239]   --->   Operation 400 'udiv' 'udiv_ln239' <Predicate = true> <Delay = 1.53> <CoreInst = "DivnS_SEQ">   --->   Core 7 'DivnS_SEQ' <Latency = 59> <II = 56> <Delay = 1.53> <FuncUnit> <Opcode : 'udiv' 'sdiv' 'urem' 'srem'> <InPorts = 2> <OutPorts = 1>

State 16 <SV = 14> <Delay = 1.53>
ST_16 : Operation 401 [55/60] (1.53ns)   --->   "%udiv_ln239 = udiv i56 %shl_ln1, i56 %zext_ln239" [./xf_autowhitebalance.hpp:239]   --->   Operation 401 'udiv' 'udiv_ln239' <Predicate = true> <Delay = 1.53> <CoreInst = "DivnS_SEQ">   --->   Core 7 'DivnS_SEQ' <Latency = 59> <II = 56> <Delay = 1.53> <FuncUnit> <Opcode : 'udiv' 'sdiv' 'urem' 'srem'> <InPorts = 2> <OutPorts = 1>

State 17 <SV = 15> <Delay = 1.53>
ST_17 : Operation 402 [54/60] (1.53ns)   --->   "%udiv_ln239 = udiv i56 %shl_ln1, i56 %zext_ln239" [./xf_autowhitebalance.hpp:239]   --->   Operation 402 'udiv' 'udiv_ln239' <Predicate = true> <Delay = 1.53> <CoreInst = "DivnS_SEQ">   --->   Core 7 'DivnS_SEQ' <Latency = 59> <II = 56> <Delay = 1.53> <FuncUnit> <Opcode : 'udiv' 'sdiv' 'urem' 'srem'> <InPorts = 2> <OutPorts = 1>

State 18 <SV = 16> <Delay = 1.53>
ST_18 : Operation 403 [53/60] (1.53ns)   --->   "%udiv_ln239 = udiv i56 %shl_ln1, i56 %zext_ln239" [./xf_autowhitebalance.hpp:239]   --->   Operation 403 'udiv' 'udiv_ln239' <Predicate = true> <Delay = 1.53> <CoreInst = "DivnS_SEQ">   --->   Core 7 'DivnS_SEQ' <Latency = 59> <II = 56> <Delay = 1.53> <FuncUnit> <Opcode : 'udiv' 'sdiv' 'urem' 'srem'> <InPorts = 2> <OutPorts = 1>

State 19 <SV = 17> <Delay = 1.53>
ST_19 : Operation 404 [52/60] (1.53ns)   --->   "%udiv_ln239 = udiv i56 %shl_ln1, i56 %zext_ln239" [./xf_autowhitebalance.hpp:239]   --->   Operation 404 'udiv' 'udiv_ln239' <Predicate = true> <Delay = 1.53> <CoreInst = "DivnS_SEQ">   --->   Core 7 'DivnS_SEQ' <Latency = 59> <II = 56> <Delay = 1.53> <FuncUnit> <Opcode : 'udiv' 'sdiv' 'urem' 'srem'> <InPorts = 2> <OutPorts = 1>

State 20 <SV = 18> <Delay = 1.53>
ST_20 : Operation 405 [51/60] (1.53ns)   --->   "%udiv_ln239 = udiv i56 %shl_ln1, i56 %zext_ln239" [./xf_autowhitebalance.hpp:239]   --->   Operation 405 'udiv' 'udiv_ln239' <Predicate = true> <Delay = 1.53> <CoreInst = "DivnS_SEQ">   --->   Core 7 'DivnS_SEQ' <Latency = 59> <II = 56> <Delay = 1.53> <FuncUnit> <Opcode : 'udiv' 'sdiv' 'urem' 'srem'> <InPorts = 2> <OutPorts = 1>

State 21 <SV = 19> <Delay = 1.53>
ST_21 : Operation 406 [50/60] (1.53ns)   --->   "%udiv_ln239 = udiv i56 %shl_ln1, i56 %zext_ln239" [./xf_autowhitebalance.hpp:239]   --->   Operation 406 'udiv' 'udiv_ln239' <Predicate = true> <Delay = 1.53> <CoreInst = "DivnS_SEQ">   --->   Core 7 'DivnS_SEQ' <Latency = 59> <II = 56> <Delay = 1.53> <FuncUnit> <Opcode : 'udiv' 'sdiv' 'urem' 'srem'> <InPorts = 2> <OutPorts = 1>

State 22 <SV = 20> <Delay = 1.53>
ST_22 : Operation 407 [49/60] (1.53ns)   --->   "%udiv_ln239 = udiv i56 %shl_ln1, i56 %zext_ln239" [./xf_autowhitebalance.hpp:239]   --->   Operation 407 'udiv' 'udiv_ln239' <Predicate = true> <Delay = 1.53> <CoreInst = "DivnS_SEQ">   --->   Core 7 'DivnS_SEQ' <Latency = 59> <II = 56> <Delay = 1.53> <FuncUnit> <Opcode : 'udiv' 'sdiv' 'urem' 'srem'> <InPorts = 2> <OutPorts = 1>

State 23 <SV = 21> <Delay = 1.53>
ST_23 : Operation 408 [48/60] (1.53ns)   --->   "%udiv_ln239 = udiv i56 %shl_ln1, i56 %zext_ln239" [./xf_autowhitebalance.hpp:239]   --->   Operation 408 'udiv' 'udiv_ln239' <Predicate = true> <Delay = 1.53> <CoreInst = "DivnS_SEQ">   --->   Core 7 'DivnS_SEQ' <Latency = 59> <II = 56> <Delay = 1.53> <FuncUnit> <Opcode : 'udiv' 'sdiv' 'urem' 'srem'> <InPorts = 2> <OutPorts = 1>

State 24 <SV = 22> <Delay = 1.53>
ST_24 : Operation 409 [47/60] (1.53ns)   --->   "%udiv_ln239 = udiv i56 %shl_ln1, i56 %zext_ln239" [./xf_autowhitebalance.hpp:239]   --->   Operation 409 'udiv' 'udiv_ln239' <Predicate = true> <Delay = 1.53> <CoreInst = "DivnS_SEQ">   --->   Core 7 'DivnS_SEQ' <Latency = 59> <II = 56> <Delay = 1.53> <FuncUnit> <Opcode : 'udiv' 'sdiv' 'urem' 'srem'> <InPorts = 2> <OutPorts = 1>

State 25 <SV = 23> <Delay = 1.53>
ST_25 : Operation 410 [46/60] (1.53ns)   --->   "%udiv_ln239 = udiv i56 %shl_ln1, i56 %zext_ln239" [./xf_autowhitebalance.hpp:239]   --->   Operation 410 'udiv' 'udiv_ln239' <Predicate = true> <Delay = 1.53> <CoreInst = "DivnS_SEQ">   --->   Core 7 'DivnS_SEQ' <Latency = 59> <II = 56> <Delay = 1.53> <FuncUnit> <Opcode : 'udiv' 'sdiv' 'urem' 'srem'> <InPorts = 2> <OutPorts = 1>

State 26 <SV = 24> <Delay = 1.53>
ST_26 : Operation 411 [45/60] (1.53ns)   --->   "%udiv_ln239 = udiv i56 %shl_ln1, i56 %zext_ln239" [./xf_autowhitebalance.hpp:239]   --->   Operation 411 'udiv' 'udiv_ln239' <Predicate = true> <Delay = 1.53> <CoreInst = "DivnS_SEQ">   --->   Core 7 'DivnS_SEQ' <Latency = 59> <II = 56> <Delay = 1.53> <FuncUnit> <Opcode : 'udiv' 'sdiv' 'urem' 'srem'> <InPorts = 2> <OutPorts = 1>

State 27 <SV = 25> <Delay = 1.53>
ST_27 : Operation 412 [44/60] (1.53ns)   --->   "%udiv_ln239 = udiv i56 %shl_ln1, i56 %zext_ln239" [./xf_autowhitebalance.hpp:239]   --->   Operation 412 'udiv' 'udiv_ln239' <Predicate = true> <Delay = 1.53> <CoreInst = "DivnS_SEQ">   --->   Core 7 'DivnS_SEQ' <Latency = 59> <II = 56> <Delay = 1.53> <FuncUnit> <Opcode : 'udiv' 'sdiv' 'urem' 'srem'> <InPorts = 2> <OutPorts = 1>

State 28 <SV = 26> <Delay = 1.53>
ST_28 : Operation 413 [43/60] (1.53ns)   --->   "%udiv_ln239 = udiv i56 %shl_ln1, i56 %zext_ln239" [./xf_autowhitebalance.hpp:239]   --->   Operation 413 'udiv' 'udiv_ln239' <Predicate = true> <Delay = 1.53> <CoreInst = "DivnS_SEQ">   --->   Core 7 'DivnS_SEQ' <Latency = 59> <II = 56> <Delay = 1.53> <FuncUnit> <Opcode : 'udiv' 'sdiv' 'urem' 'srem'> <InPorts = 2> <OutPorts = 1>

State 29 <SV = 27> <Delay = 1.53>
ST_29 : Operation 414 [42/60] (1.53ns)   --->   "%udiv_ln239 = udiv i56 %shl_ln1, i56 %zext_ln239" [./xf_autowhitebalance.hpp:239]   --->   Operation 414 'udiv' 'udiv_ln239' <Predicate = true> <Delay = 1.53> <CoreInst = "DivnS_SEQ">   --->   Core 7 'DivnS_SEQ' <Latency = 59> <II = 56> <Delay = 1.53> <FuncUnit> <Opcode : 'udiv' 'sdiv' 'urem' 'srem'> <InPorts = 2> <OutPorts = 1>

State 30 <SV = 28> <Delay = 1.53>
ST_30 : Operation 415 [41/60] (1.53ns)   --->   "%udiv_ln239 = udiv i56 %shl_ln1, i56 %zext_ln239" [./xf_autowhitebalance.hpp:239]   --->   Operation 415 'udiv' 'udiv_ln239' <Predicate = true> <Delay = 1.53> <CoreInst = "DivnS_SEQ">   --->   Core 7 'DivnS_SEQ' <Latency = 59> <II = 56> <Delay = 1.53> <FuncUnit> <Opcode : 'udiv' 'sdiv' 'urem' 'srem'> <InPorts = 2> <OutPorts = 1>

State 31 <SV = 29> <Delay = 1.53>
ST_31 : Operation 416 [40/60] (1.53ns)   --->   "%udiv_ln239 = udiv i56 %shl_ln1, i56 %zext_ln239" [./xf_autowhitebalance.hpp:239]   --->   Operation 416 'udiv' 'udiv_ln239' <Predicate = true> <Delay = 1.53> <CoreInst = "DivnS_SEQ">   --->   Core 7 'DivnS_SEQ' <Latency = 59> <II = 56> <Delay = 1.53> <FuncUnit> <Opcode : 'udiv' 'sdiv' 'urem' 'srem'> <InPorts = 2> <OutPorts = 1>

State 32 <SV = 30> <Delay = 1.53>
ST_32 : Operation 417 [39/60] (1.53ns)   --->   "%udiv_ln239 = udiv i56 %shl_ln1, i56 %zext_ln239" [./xf_autowhitebalance.hpp:239]   --->   Operation 417 'udiv' 'udiv_ln239' <Predicate = true> <Delay = 1.53> <CoreInst = "DivnS_SEQ">   --->   Core 7 'DivnS_SEQ' <Latency = 59> <II = 56> <Delay = 1.53> <FuncUnit> <Opcode : 'udiv' 'sdiv' 'urem' 'srem'> <InPorts = 2> <OutPorts = 1>

State 33 <SV = 31> <Delay = 1.53>
ST_33 : Operation 418 [38/60] (1.53ns)   --->   "%udiv_ln239 = udiv i56 %shl_ln1, i56 %zext_ln239" [./xf_autowhitebalance.hpp:239]   --->   Operation 418 'udiv' 'udiv_ln239' <Predicate = true> <Delay = 1.53> <CoreInst = "DivnS_SEQ">   --->   Core 7 'DivnS_SEQ' <Latency = 59> <II = 56> <Delay = 1.53> <FuncUnit> <Opcode : 'udiv' 'sdiv' 'urem' 'srem'> <InPorts = 2> <OutPorts = 1>

State 34 <SV = 32> <Delay = 1.53>
ST_34 : Operation 419 [37/60] (1.53ns)   --->   "%udiv_ln239 = udiv i56 %shl_ln1, i56 %zext_ln239" [./xf_autowhitebalance.hpp:239]   --->   Operation 419 'udiv' 'udiv_ln239' <Predicate = true> <Delay = 1.53> <CoreInst = "DivnS_SEQ">   --->   Core 7 'DivnS_SEQ' <Latency = 59> <II = 56> <Delay = 1.53> <FuncUnit> <Opcode : 'udiv' 'sdiv' 'urem' 'srem'> <InPorts = 2> <OutPorts = 1>

State 35 <SV = 33> <Delay = 1.53>
ST_35 : Operation 420 [36/60] (1.53ns)   --->   "%udiv_ln239 = udiv i56 %shl_ln1, i56 %zext_ln239" [./xf_autowhitebalance.hpp:239]   --->   Operation 420 'udiv' 'udiv_ln239' <Predicate = true> <Delay = 1.53> <CoreInst = "DivnS_SEQ">   --->   Core 7 'DivnS_SEQ' <Latency = 59> <II = 56> <Delay = 1.53> <FuncUnit> <Opcode : 'udiv' 'sdiv' 'urem' 'srem'> <InPorts = 2> <OutPorts = 1>

State 36 <SV = 34> <Delay = 1.53>
ST_36 : Operation 421 [35/60] (1.53ns)   --->   "%udiv_ln239 = udiv i56 %shl_ln1, i56 %zext_ln239" [./xf_autowhitebalance.hpp:239]   --->   Operation 421 'udiv' 'udiv_ln239' <Predicate = true> <Delay = 1.53> <CoreInst = "DivnS_SEQ">   --->   Core 7 'DivnS_SEQ' <Latency = 59> <II = 56> <Delay = 1.53> <FuncUnit> <Opcode : 'udiv' 'sdiv' 'urem' 'srem'> <InPorts = 2> <OutPorts = 1>

State 37 <SV = 35> <Delay = 1.53>
ST_37 : Operation 422 [34/60] (1.53ns)   --->   "%udiv_ln239 = udiv i56 %shl_ln1, i56 %zext_ln239" [./xf_autowhitebalance.hpp:239]   --->   Operation 422 'udiv' 'udiv_ln239' <Predicate = true> <Delay = 1.53> <CoreInst = "DivnS_SEQ">   --->   Core 7 'DivnS_SEQ' <Latency = 59> <II = 56> <Delay = 1.53> <FuncUnit> <Opcode : 'udiv' 'sdiv' 'urem' 'srem'> <InPorts = 2> <OutPorts = 1>

State 38 <SV = 36> <Delay = 1.53>
ST_38 : Operation 423 [33/60] (1.53ns)   --->   "%udiv_ln239 = udiv i56 %shl_ln1, i56 %zext_ln239" [./xf_autowhitebalance.hpp:239]   --->   Operation 423 'udiv' 'udiv_ln239' <Predicate = true> <Delay = 1.53> <CoreInst = "DivnS_SEQ">   --->   Core 7 'DivnS_SEQ' <Latency = 59> <II = 56> <Delay = 1.53> <FuncUnit> <Opcode : 'udiv' 'sdiv' 'urem' 'srem'> <InPorts = 2> <OutPorts = 1>

State 39 <SV = 37> <Delay = 1.53>
ST_39 : Operation 424 [32/60] (1.53ns)   --->   "%udiv_ln239 = udiv i56 %shl_ln1, i56 %zext_ln239" [./xf_autowhitebalance.hpp:239]   --->   Operation 424 'udiv' 'udiv_ln239' <Predicate = true> <Delay = 1.53> <CoreInst = "DivnS_SEQ">   --->   Core 7 'DivnS_SEQ' <Latency = 59> <II = 56> <Delay = 1.53> <FuncUnit> <Opcode : 'udiv' 'sdiv' 'urem' 'srem'> <InPorts = 2> <OutPorts = 1>

State 40 <SV = 38> <Delay = 1.53>
ST_40 : Operation 425 [31/60] (1.53ns)   --->   "%udiv_ln239 = udiv i56 %shl_ln1, i56 %zext_ln239" [./xf_autowhitebalance.hpp:239]   --->   Operation 425 'udiv' 'udiv_ln239' <Predicate = true> <Delay = 1.53> <CoreInst = "DivnS_SEQ">   --->   Core 7 'DivnS_SEQ' <Latency = 59> <II = 56> <Delay = 1.53> <FuncUnit> <Opcode : 'udiv' 'sdiv' 'urem' 'srem'> <InPorts = 2> <OutPorts = 1>

State 41 <SV = 39> <Delay = 1.53>
ST_41 : Operation 426 [30/60] (1.53ns)   --->   "%udiv_ln239 = udiv i56 %shl_ln1, i56 %zext_ln239" [./xf_autowhitebalance.hpp:239]   --->   Operation 426 'udiv' 'udiv_ln239' <Predicate = true> <Delay = 1.53> <CoreInst = "DivnS_SEQ">   --->   Core 7 'DivnS_SEQ' <Latency = 59> <II = 56> <Delay = 1.53> <FuncUnit> <Opcode : 'udiv' 'sdiv' 'urem' 'srem'> <InPorts = 2> <OutPorts = 1>

State 42 <SV = 40> <Delay = 1.53>
ST_42 : Operation 427 [29/60] (1.53ns)   --->   "%udiv_ln239 = udiv i56 %shl_ln1, i56 %zext_ln239" [./xf_autowhitebalance.hpp:239]   --->   Operation 427 'udiv' 'udiv_ln239' <Predicate = true> <Delay = 1.53> <CoreInst = "DivnS_SEQ">   --->   Core 7 'DivnS_SEQ' <Latency = 59> <II = 56> <Delay = 1.53> <FuncUnit> <Opcode : 'udiv' 'sdiv' 'urem' 'srem'> <InPorts = 2> <OutPorts = 1>

State 43 <SV = 41> <Delay = 1.53>
ST_43 : Operation 428 [28/60] (1.53ns)   --->   "%udiv_ln239 = udiv i56 %shl_ln1, i56 %zext_ln239" [./xf_autowhitebalance.hpp:239]   --->   Operation 428 'udiv' 'udiv_ln239' <Predicate = true> <Delay = 1.53> <CoreInst = "DivnS_SEQ">   --->   Core 7 'DivnS_SEQ' <Latency = 59> <II = 56> <Delay = 1.53> <FuncUnit> <Opcode : 'udiv' 'sdiv' 'urem' 'srem'> <InPorts = 2> <OutPorts = 1>

State 44 <SV = 42> <Delay = 1.53>
ST_44 : Operation 429 [27/60] (1.53ns)   --->   "%udiv_ln239 = udiv i56 %shl_ln1, i56 %zext_ln239" [./xf_autowhitebalance.hpp:239]   --->   Operation 429 'udiv' 'udiv_ln239' <Predicate = true> <Delay = 1.53> <CoreInst = "DivnS_SEQ">   --->   Core 7 'DivnS_SEQ' <Latency = 59> <II = 56> <Delay = 1.53> <FuncUnit> <Opcode : 'udiv' 'sdiv' 'urem' 'srem'> <InPorts = 2> <OutPorts = 1>

State 45 <SV = 43> <Delay = 1.53>
ST_45 : Operation 430 [26/60] (1.53ns)   --->   "%udiv_ln239 = udiv i56 %shl_ln1, i56 %zext_ln239" [./xf_autowhitebalance.hpp:239]   --->   Operation 430 'udiv' 'udiv_ln239' <Predicate = true> <Delay = 1.53> <CoreInst = "DivnS_SEQ">   --->   Core 7 'DivnS_SEQ' <Latency = 59> <II = 56> <Delay = 1.53> <FuncUnit> <Opcode : 'udiv' 'sdiv' 'urem' 'srem'> <InPorts = 2> <OutPorts = 1>

State 46 <SV = 44> <Delay = 1.53>
ST_46 : Operation 431 [25/60] (1.53ns)   --->   "%udiv_ln239 = udiv i56 %shl_ln1, i56 %zext_ln239" [./xf_autowhitebalance.hpp:239]   --->   Operation 431 'udiv' 'udiv_ln239' <Predicate = true> <Delay = 1.53> <CoreInst = "DivnS_SEQ">   --->   Core 7 'DivnS_SEQ' <Latency = 59> <II = 56> <Delay = 1.53> <FuncUnit> <Opcode : 'udiv' 'sdiv' 'urem' 'srem'> <InPorts = 2> <OutPorts = 1>

State 47 <SV = 45> <Delay = 1.53>
ST_47 : Operation 432 [24/60] (1.53ns)   --->   "%udiv_ln239 = udiv i56 %shl_ln1, i56 %zext_ln239" [./xf_autowhitebalance.hpp:239]   --->   Operation 432 'udiv' 'udiv_ln239' <Predicate = true> <Delay = 1.53> <CoreInst = "DivnS_SEQ">   --->   Core 7 'DivnS_SEQ' <Latency = 59> <II = 56> <Delay = 1.53> <FuncUnit> <Opcode : 'udiv' 'sdiv' 'urem' 'srem'> <InPorts = 2> <OutPorts = 1>

State 48 <SV = 46> <Delay = 1.53>
ST_48 : Operation 433 [23/60] (1.53ns)   --->   "%udiv_ln239 = udiv i56 %shl_ln1, i56 %zext_ln239" [./xf_autowhitebalance.hpp:239]   --->   Operation 433 'udiv' 'udiv_ln239' <Predicate = true> <Delay = 1.53> <CoreInst = "DivnS_SEQ">   --->   Core 7 'DivnS_SEQ' <Latency = 59> <II = 56> <Delay = 1.53> <FuncUnit> <Opcode : 'udiv' 'sdiv' 'urem' 'srem'> <InPorts = 2> <OutPorts = 1>

State 49 <SV = 47> <Delay = 1.53>
ST_49 : Operation 434 [22/60] (1.53ns)   --->   "%udiv_ln239 = udiv i56 %shl_ln1, i56 %zext_ln239" [./xf_autowhitebalance.hpp:239]   --->   Operation 434 'udiv' 'udiv_ln239' <Predicate = true> <Delay = 1.53> <CoreInst = "DivnS_SEQ">   --->   Core 7 'DivnS_SEQ' <Latency = 59> <II = 56> <Delay = 1.53> <FuncUnit> <Opcode : 'udiv' 'sdiv' 'urem' 'srem'> <InPorts = 2> <OutPorts = 1>

State 50 <SV = 48> <Delay = 1.53>
ST_50 : Operation 435 [21/60] (1.53ns)   --->   "%udiv_ln239 = udiv i56 %shl_ln1, i56 %zext_ln239" [./xf_autowhitebalance.hpp:239]   --->   Operation 435 'udiv' 'udiv_ln239' <Predicate = true> <Delay = 1.53> <CoreInst = "DivnS_SEQ">   --->   Core 7 'DivnS_SEQ' <Latency = 59> <II = 56> <Delay = 1.53> <FuncUnit> <Opcode : 'udiv' 'sdiv' 'urem' 'srem'> <InPorts = 2> <OutPorts = 1>

State 51 <SV = 49> <Delay = 1.53>
ST_51 : Operation 436 [20/60] (1.53ns)   --->   "%udiv_ln239 = udiv i56 %shl_ln1, i56 %zext_ln239" [./xf_autowhitebalance.hpp:239]   --->   Operation 436 'udiv' 'udiv_ln239' <Predicate = true> <Delay = 1.53> <CoreInst = "DivnS_SEQ">   --->   Core 7 'DivnS_SEQ' <Latency = 59> <II = 56> <Delay = 1.53> <FuncUnit> <Opcode : 'udiv' 'sdiv' 'urem' 'srem'> <InPorts = 2> <OutPorts = 1>

State 52 <SV = 50> <Delay = 1.53>
ST_52 : Operation 437 [19/60] (1.53ns)   --->   "%udiv_ln239 = udiv i56 %shl_ln1, i56 %zext_ln239" [./xf_autowhitebalance.hpp:239]   --->   Operation 437 'udiv' 'udiv_ln239' <Predicate = true> <Delay = 1.53> <CoreInst = "DivnS_SEQ">   --->   Core 7 'DivnS_SEQ' <Latency = 59> <II = 56> <Delay = 1.53> <FuncUnit> <Opcode : 'udiv' 'sdiv' 'urem' 'srem'> <InPorts = 2> <OutPorts = 1>

State 53 <SV = 51> <Delay = 1.53>
ST_53 : Operation 438 [18/60] (1.53ns)   --->   "%udiv_ln239 = udiv i56 %shl_ln1, i56 %zext_ln239" [./xf_autowhitebalance.hpp:239]   --->   Operation 438 'udiv' 'udiv_ln239' <Predicate = true> <Delay = 1.53> <CoreInst = "DivnS_SEQ">   --->   Core 7 'DivnS_SEQ' <Latency = 59> <II = 56> <Delay = 1.53> <FuncUnit> <Opcode : 'udiv' 'sdiv' 'urem' 'srem'> <InPorts = 2> <OutPorts = 1>

State 54 <SV = 52> <Delay = 1.53>
ST_54 : Operation 439 [17/60] (1.53ns)   --->   "%udiv_ln239 = udiv i56 %shl_ln1, i56 %zext_ln239" [./xf_autowhitebalance.hpp:239]   --->   Operation 439 'udiv' 'udiv_ln239' <Predicate = true> <Delay = 1.53> <CoreInst = "DivnS_SEQ">   --->   Core 7 'DivnS_SEQ' <Latency = 59> <II = 56> <Delay = 1.53> <FuncUnit> <Opcode : 'udiv' 'sdiv' 'urem' 'srem'> <InPorts = 2> <OutPorts = 1>

State 55 <SV = 53> <Delay = 1.53>
ST_55 : Operation 440 [16/60] (1.53ns)   --->   "%udiv_ln239 = udiv i56 %shl_ln1, i56 %zext_ln239" [./xf_autowhitebalance.hpp:239]   --->   Operation 440 'udiv' 'udiv_ln239' <Predicate = true> <Delay = 1.53> <CoreInst = "DivnS_SEQ">   --->   Core 7 'DivnS_SEQ' <Latency = 59> <II = 56> <Delay = 1.53> <FuncUnit> <Opcode : 'udiv' 'sdiv' 'urem' 'srem'> <InPorts = 2> <OutPorts = 1>

State 56 <SV = 54> <Delay = 1.53>
ST_56 : Operation 441 [15/60] (1.53ns)   --->   "%udiv_ln239 = udiv i56 %shl_ln1, i56 %zext_ln239" [./xf_autowhitebalance.hpp:239]   --->   Operation 441 'udiv' 'udiv_ln239' <Predicate = true> <Delay = 1.53> <CoreInst = "DivnS_SEQ">   --->   Core 7 'DivnS_SEQ' <Latency = 59> <II = 56> <Delay = 1.53> <FuncUnit> <Opcode : 'udiv' 'sdiv' 'urem' 'srem'> <InPorts = 2> <OutPorts = 1>

State 57 <SV = 55> <Delay = 1.53>
ST_57 : Operation 442 [14/60] (1.53ns)   --->   "%udiv_ln239 = udiv i56 %shl_ln1, i56 %zext_ln239" [./xf_autowhitebalance.hpp:239]   --->   Operation 442 'udiv' 'udiv_ln239' <Predicate = true> <Delay = 1.53> <CoreInst = "DivnS_SEQ">   --->   Core 7 'DivnS_SEQ' <Latency = 59> <II = 56> <Delay = 1.53> <FuncUnit> <Opcode : 'udiv' 'sdiv' 'urem' 'srem'> <InPorts = 2> <OutPorts = 1>

State 58 <SV = 56> <Delay = 1.53>
ST_58 : Operation 443 [13/60] (1.53ns)   --->   "%udiv_ln239 = udiv i56 %shl_ln1, i56 %zext_ln239" [./xf_autowhitebalance.hpp:239]   --->   Operation 443 'udiv' 'udiv_ln239' <Predicate = true> <Delay = 1.53> <CoreInst = "DivnS_SEQ">   --->   Core 7 'DivnS_SEQ' <Latency = 59> <II = 56> <Delay = 1.53> <FuncUnit> <Opcode : 'udiv' 'sdiv' 'urem' 'srem'> <InPorts = 2> <OutPorts = 1>

State 59 <SV = 57> <Delay = 1.53>
ST_59 : Operation 444 [12/60] (1.53ns)   --->   "%udiv_ln239 = udiv i56 %shl_ln1, i56 %zext_ln239" [./xf_autowhitebalance.hpp:239]   --->   Operation 444 'udiv' 'udiv_ln239' <Predicate = true> <Delay = 1.53> <CoreInst = "DivnS_SEQ">   --->   Core 7 'DivnS_SEQ' <Latency = 59> <II = 56> <Delay = 1.53> <FuncUnit> <Opcode : 'udiv' 'sdiv' 'urem' 'srem'> <InPorts = 2> <OutPorts = 1>

State 60 <SV = 58> <Delay = 1.53>
ST_60 : Operation 445 [11/60] (1.53ns)   --->   "%udiv_ln239 = udiv i56 %shl_ln1, i56 %zext_ln239" [./xf_autowhitebalance.hpp:239]   --->   Operation 445 'udiv' 'udiv_ln239' <Predicate = true> <Delay = 1.53> <CoreInst = "DivnS_SEQ">   --->   Core 7 'DivnS_SEQ' <Latency = 59> <II = 56> <Delay = 1.53> <FuncUnit> <Opcode : 'udiv' 'sdiv' 'urem' 'srem'> <InPorts = 2> <OutPorts = 1>

State 61 <SV = 59> <Delay = 1.53>
ST_61 : Operation 446 [10/60] (1.53ns)   --->   "%udiv_ln239 = udiv i56 %shl_ln1, i56 %zext_ln239" [./xf_autowhitebalance.hpp:239]   --->   Operation 446 'udiv' 'udiv_ln239' <Predicate = true> <Delay = 1.53> <CoreInst = "DivnS_SEQ">   --->   Core 7 'DivnS_SEQ' <Latency = 59> <II = 56> <Delay = 1.53> <FuncUnit> <Opcode : 'udiv' 'sdiv' 'urem' 'srem'> <InPorts = 2> <OutPorts = 1>

State 62 <SV = 60> <Delay = 1.53>
ST_62 : Operation 447 [9/60] (1.53ns)   --->   "%udiv_ln239 = udiv i56 %shl_ln1, i56 %zext_ln239" [./xf_autowhitebalance.hpp:239]   --->   Operation 447 'udiv' 'udiv_ln239' <Predicate = true> <Delay = 1.53> <CoreInst = "DivnS_SEQ">   --->   Core 7 'DivnS_SEQ' <Latency = 59> <II = 56> <Delay = 1.53> <FuncUnit> <Opcode : 'udiv' 'sdiv' 'urem' 'srem'> <InPorts = 2> <OutPorts = 1>

State 63 <SV = 61> <Delay = 1.53>
ST_63 : Operation 448 [8/60] (1.53ns)   --->   "%udiv_ln239 = udiv i56 %shl_ln1, i56 %zext_ln239" [./xf_autowhitebalance.hpp:239]   --->   Operation 448 'udiv' 'udiv_ln239' <Predicate = true> <Delay = 1.53> <CoreInst = "DivnS_SEQ">   --->   Core 7 'DivnS_SEQ' <Latency = 59> <II = 56> <Delay = 1.53> <FuncUnit> <Opcode : 'udiv' 'sdiv' 'urem' 'srem'> <InPorts = 2> <OutPorts = 1>

State 64 <SV = 62> <Delay = 1.53>
ST_64 : Operation 449 [7/60] (1.53ns)   --->   "%udiv_ln239 = udiv i56 %shl_ln1, i56 %zext_ln239" [./xf_autowhitebalance.hpp:239]   --->   Operation 449 'udiv' 'udiv_ln239' <Predicate = true> <Delay = 1.53> <CoreInst = "DivnS_SEQ">   --->   Core 7 'DivnS_SEQ' <Latency = 59> <II = 56> <Delay = 1.53> <FuncUnit> <Opcode : 'udiv' 'sdiv' 'urem' 'srem'> <InPorts = 2> <OutPorts = 1>

State 65 <SV = 63> <Delay = 1.53>
ST_65 : Operation 450 [6/60] (1.53ns)   --->   "%udiv_ln239 = udiv i56 %shl_ln1, i56 %zext_ln239" [./xf_autowhitebalance.hpp:239]   --->   Operation 450 'udiv' 'udiv_ln239' <Predicate = true> <Delay = 1.53> <CoreInst = "DivnS_SEQ">   --->   Core 7 'DivnS_SEQ' <Latency = 59> <II = 56> <Delay = 1.53> <FuncUnit> <Opcode : 'udiv' 'sdiv' 'urem' 'srem'> <InPorts = 2> <OutPorts = 1>

State 66 <SV = 64> <Delay = 1.53>
ST_66 : Operation 451 [5/60] (1.53ns)   --->   "%udiv_ln239 = udiv i56 %shl_ln1, i56 %zext_ln239" [./xf_autowhitebalance.hpp:239]   --->   Operation 451 'udiv' 'udiv_ln239' <Predicate = true> <Delay = 1.53> <CoreInst = "DivnS_SEQ">   --->   Core 7 'DivnS_SEQ' <Latency = 59> <II = 56> <Delay = 1.53> <FuncUnit> <Opcode : 'udiv' 'sdiv' 'urem' 'srem'> <InPorts = 2> <OutPorts = 1>

State 67 <SV = 65> <Delay = 1.53>
ST_67 : Operation 452 [4/60] (1.53ns)   --->   "%udiv_ln239 = udiv i56 %shl_ln1, i56 %zext_ln239" [./xf_autowhitebalance.hpp:239]   --->   Operation 452 'udiv' 'udiv_ln239' <Predicate = true> <Delay = 1.53> <CoreInst = "DivnS_SEQ">   --->   Core 7 'DivnS_SEQ' <Latency = 59> <II = 56> <Delay = 1.53> <FuncUnit> <Opcode : 'udiv' 'sdiv' 'urem' 'srem'> <InPorts = 2> <OutPorts = 1>

State 68 <SV = 66> <Delay = 1.53>
ST_68 : Operation 453 [3/60] (1.53ns)   --->   "%udiv_ln239 = udiv i56 %shl_ln1, i56 %zext_ln239" [./xf_autowhitebalance.hpp:239]   --->   Operation 453 'udiv' 'udiv_ln239' <Predicate = true> <Delay = 1.53> <CoreInst = "DivnS_SEQ">   --->   Core 7 'DivnS_SEQ' <Latency = 59> <II = 56> <Delay = 1.53> <FuncUnit> <Opcode : 'udiv' 'sdiv' 'urem' 'srem'> <InPorts = 2> <OutPorts = 1>

State 69 <SV = 67> <Delay = 1.53>
ST_69 : Operation 454 [2/60] (1.53ns)   --->   "%udiv_ln239 = udiv i56 %shl_ln1, i56 %zext_ln239" [./xf_autowhitebalance.hpp:239]   --->   Operation 454 'udiv' 'udiv_ln239' <Predicate = true> <Delay = 1.53> <CoreInst = "DivnS_SEQ">   --->   Core 7 'DivnS_SEQ' <Latency = 59> <II = 56> <Delay = 1.53> <FuncUnit> <Opcode : 'udiv' 'sdiv' 'urem' 'srem'> <InPorts = 2> <OutPorts = 1>

State 70 <SV = 68> <Delay = 1.96>
ST_70 : Operation 455 [1/60] (1.53ns)   --->   "%udiv_ln239 = udiv i56 %shl_ln1, i56 %zext_ln239" [./xf_autowhitebalance.hpp:239]   --->   Operation 455 'udiv' 'udiv_ln239' <Predicate = (!icmp_ln236)> <Delay = 1.53> <CoreInst = "DivnS_SEQ">   --->   Core 7 'DivnS_SEQ' <Latency = 59> <II = 56> <Delay = 1.53> <FuncUnit> <Opcode : 'udiv' 'sdiv' 'urem' 'srem'> <InPorts = 2> <OutPorts = 1>
ST_70 : Operation 456 [1/1] (0.42ns)   --->   "%br_ln0 = br void %if.end180"   --->   Operation 456 'br' 'br_ln0' <Predicate = (!icmp_ln236)> <Delay = 0.42>
ST_70 : Operation 457 [1/1] (0.00ns)   --->   "%dinB1 = phi i56 %udiv_ln239, void %if.else, i56 0, void %VITIS_LOOP_217_4.preheader" [./xf_autowhitebalance.hpp:239]   --->   Operation 457 'phi' 'dinB1' <Predicate = true> <Delay = 0.00>
ST_70 : Operation 458 [1/1] (0.00ns)   --->   "%shl_ln2 = bitconcatenate i78 @_ssdm_op_BitConcatenate.i78.i40.i38, i40 %mux_case_14_loc_load, i38 0" [./xf_autowhitebalance.hpp:242]   --->   Operation 458 'bitconcatenate' 'shl_ln2' <Predicate = true> <Delay = 0.00>
ST_70 : Operation 459 [1/1] (1.19ns)   --->   "%icmp_ln242 = icmp_ult  i78 %shl_ln2, i78 27487791104" [./xf_autowhitebalance.hpp:242]   --->   Operation 459 'icmp' 'icmp_ln242' <Predicate = true> <Delay = 1.19> <CoreInst = "Cmp">   --->   Core 9 'Cmp' <Latency = 0> <II = 1> <Delay = 1.19> <FuncUnit> <Opcode : 'seteq' 'setne' 'setle' 'setge' 'setlt' 'setgt'> <InPorts = 2> <OutPorts = 1>
ST_70 : Operation 460 [1/1] (0.42ns)   --->   "%br_ln242 = br i1 %icmp_ln242, void %if.else185, void %if.end189" [./xf_autowhitebalance.hpp:242]   --->   Operation 460 'br' 'br_ln242' <Predicate = true> <Delay = 0.42>
ST_70 : Operation 461 [1/1] (0.00ns)   --->   "%shl_ln3 = bitconcatenate i56 @_ssdm_op_BitConcatenate.i56.i10.i46, i10 %max_sum_fixed, i46 0" [./xf_autowhitebalance.hpp:245]   --->   Operation 461 'bitconcatenate' 'shl_ln3' <Predicate = (!icmp_ln242)> <Delay = 0.00>
ST_70 : Operation 462 [1/1] (0.00ns)   --->   "%zext_ln245 = zext i40 %mux_case_14_loc_load" [./xf_autowhitebalance.hpp:245]   --->   Operation 462 'zext' 'zext_ln245' <Predicate = (!icmp_ln242)> <Delay = 0.00>
ST_70 : Operation 463 [60/60] (1.53ns)   --->   "%udiv_ln245 = udiv i56 %shl_ln3, i56 %zext_ln245" [./xf_autowhitebalance.hpp:245]   --->   Operation 463 'udiv' 'udiv_ln245' <Predicate = (!icmp_ln242)> <Delay = 1.53> <CoreInst = "DivnS_SEQ">   --->   Core 7 'DivnS_SEQ' <Latency = 59> <II = 56> <Delay = 1.53> <FuncUnit> <Opcode : 'udiv' 'sdiv' 'urem' 'srem'> <InPorts = 2> <OutPorts = 1>

State 71 <SV = 69> <Delay = 1.53>
ST_71 : Operation 464 [59/60] (1.53ns)   --->   "%udiv_ln245 = udiv i56 %shl_ln3, i56 %zext_ln245" [./xf_autowhitebalance.hpp:245]   --->   Operation 464 'udiv' 'udiv_ln245' <Predicate = true> <Delay = 1.53> <CoreInst = "DivnS_SEQ">   --->   Core 7 'DivnS_SEQ' <Latency = 59> <II = 56> <Delay = 1.53> <FuncUnit> <Opcode : 'udiv' 'sdiv' 'urem' 'srem'> <InPorts = 2> <OutPorts = 1>

State 72 <SV = 70> <Delay = 1.53>
ST_72 : Operation 465 [58/60] (1.53ns)   --->   "%udiv_ln245 = udiv i56 %shl_ln3, i56 %zext_ln245" [./xf_autowhitebalance.hpp:245]   --->   Operation 465 'udiv' 'udiv_ln245' <Predicate = true> <Delay = 1.53> <CoreInst = "DivnS_SEQ">   --->   Core 7 'DivnS_SEQ' <Latency = 59> <II = 56> <Delay = 1.53> <FuncUnit> <Opcode : 'udiv' 'sdiv' 'urem' 'srem'> <InPorts = 2> <OutPorts = 1>

State 73 <SV = 71> <Delay = 1.53>
ST_73 : Operation 466 [57/60] (1.53ns)   --->   "%udiv_ln245 = udiv i56 %shl_ln3, i56 %zext_ln245" [./xf_autowhitebalance.hpp:245]   --->   Operation 466 'udiv' 'udiv_ln245' <Predicate = true> <Delay = 1.53> <CoreInst = "DivnS_SEQ">   --->   Core 7 'DivnS_SEQ' <Latency = 59> <II = 56> <Delay = 1.53> <FuncUnit> <Opcode : 'udiv' 'sdiv' 'urem' 'srem'> <InPorts = 2> <OutPorts = 1>

State 74 <SV = 72> <Delay = 1.53>
ST_74 : Operation 467 [56/60] (1.53ns)   --->   "%udiv_ln245 = udiv i56 %shl_ln3, i56 %zext_ln245" [./xf_autowhitebalance.hpp:245]   --->   Operation 467 'udiv' 'udiv_ln245' <Predicate = true> <Delay = 1.53> <CoreInst = "DivnS_SEQ">   --->   Core 7 'DivnS_SEQ' <Latency = 59> <II = 56> <Delay = 1.53> <FuncUnit> <Opcode : 'udiv' 'sdiv' 'urem' 'srem'> <InPorts = 2> <OutPorts = 1>

State 75 <SV = 73> <Delay = 1.53>
ST_75 : Operation 468 [55/60] (1.53ns)   --->   "%udiv_ln245 = udiv i56 %shl_ln3, i56 %zext_ln245" [./xf_autowhitebalance.hpp:245]   --->   Operation 468 'udiv' 'udiv_ln245' <Predicate = true> <Delay = 1.53> <CoreInst = "DivnS_SEQ">   --->   Core 7 'DivnS_SEQ' <Latency = 59> <II = 56> <Delay = 1.53> <FuncUnit> <Opcode : 'udiv' 'sdiv' 'urem' 'srem'> <InPorts = 2> <OutPorts = 1>

State 76 <SV = 74> <Delay = 1.53>
ST_76 : Operation 469 [54/60] (1.53ns)   --->   "%udiv_ln245 = udiv i56 %shl_ln3, i56 %zext_ln245" [./xf_autowhitebalance.hpp:245]   --->   Operation 469 'udiv' 'udiv_ln245' <Predicate = true> <Delay = 1.53> <CoreInst = "DivnS_SEQ">   --->   Core 7 'DivnS_SEQ' <Latency = 59> <II = 56> <Delay = 1.53> <FuncUnit> <Opcode : 'udiv' 'sdiv' 'urem' 'srem'> <InPorts = 2> <OutPorts = 1>

State 77 <SV = 75> <Delay = 1.53>
ST_77 : Operation 470 [53/60] (1.53ns)   --->   "%udiv_ln245 = udiv i56 %shl_ln3, i56 %zext_ln245" [./xf_autowhitebalance.hpp:245]   --->   Operation 470 'udiv' 'udiv_ln245' <Predicate = true> <Delay = 1.53> <CoreInst = "DivnS_SEQ">   --->   Core 7 'DivnS_SEQ' <Latency = 59> <II = 56> <Delay = 1.53> <FuncUnit> <Opcode : 'udiv' 'sdiv' 'urem' 'srem'> <InPorts = 2> <OutPorts = 1>

State 78 <SV = 76> <Delay = 1.53>
ST_78 : Operation 471 [52/60] (1.53ns)   --->   "%udiv_ln245 = udiv i56 %shl_ln3, i56 %zext_ln245" [./xf_autowhitebalance.hpp:245]   --->   Operation 471 'udiv' 'udiv_ln245' <Predicate = true> <Delay = 1.53> <CoreInst = "DivnS_SEQ">   --->   Core 7 'DivnS_SEQ' <Latency = 59> <II = 56> <Delay = 1.53> <FuncUnit> <Opcode : 'udiv' 'sdiv' 'urem' 'srem'> <InPorts = 2> <OutPorts = 1>

State 79 <SV = 77> <Delay = 1.53>
ST_79 : Operation 472 [51/60] (1.53ns)   --->   "%udiv_ln245 = udiv i56 %shl_ln3, i56 %zext_ln245" [./xf_autowhitebalance.hpp:245]   --->   Operation 472 'udiv' 'udiv_ln245' <Predicate = true> <Delay = 1.53> <CoreInst = "DivnS_SEQ">   --->   Core 7 'DivnS_SEQ' <Latency = 59> <II = 56> <Delay = 1.53> <FuncUnit> <Opcode : 'udiv' 'sdiv' 'urem' 'srem'> <InPorts = 2> <OutPorts = 1>

State 80 <SV = 78> <Delay = 1.53>
ST_80 : Operation 473 [50/60] (1.53ns)   --->   "%udiv_ln245 = udiv i56 %shl_ln3, i56 %zext_ln245" [./xf_autowhitebalance.hpp:245]   --->   Operation 473 'udiv' 'udiv_ln245' <Predicate = true> <Delay = 1.53> <CoreInst = "DivnS_SEQ">   --->   Core 7 'DivnS_SEQ' <Latency = 59> <II = 56> <Delay = 1.53> <FuncUnit> <Opcode : 'udiv' 'sdiv' 'urem' 'srem'> <InPorts = 2> <OutPorts = 1>

State 81 <SV = 79> <Delay = 1.53>
ST_81 : Operation 474 [49/60] (1.53ns)   --->   "%udiv_ln245 = udiv i56 %shl_ln3, i56 %zext_ln245" [./xf_autowhitebalance.hpp:245]   --->   Operation 474 'udiv' 'udiv_ln245' <Predicate = true> <Delay = 1.53> <CoreInst = "DivnS_SEQ">   --->   Core 7 'DivnS_SEQ' <Latency = 59> <II = 56> <Delay = 1.53> <FuncUnit> <Opcode : 'udiv' 'sdiv' 'urem' 'srem'> <InPorts = 2> <OutPorts = 1>

State 82 <SV = 80> <Delay = 1.53>
ST_82 : Operation 475 [48/60] (1.53ns)   --->   "%udiv_ln245 = udiv i56 %shl_ln3, i56 %zext_ln245" [./xf_autowhitebalance.hpp:245]   --->   Operation 475 'udiv' 'udiv_ln245' <Predicate = true> <Delay = 1.53> <CoreInst = "DivnS_SEQ">   --->   Core 7 'DivnS_SEQ' <Latency = 59> <II = 56> <Delay = 1.53> <FuncUnit> <Opcode : 'udiv' 'sdiv' 'urem' 'srem'> <InPorts = 2> <OutPorts = 1>

State 83 <SV = 81> <Delay = 1.53>
ST_83 : Operation 476 [47/60] (1.53ns)   --->   "%udiv_ln245 = udiv i56 %shl_ln3, i56 %zext_ln245" [./xf_autowhitebalance.hpp:245]   --->   Operation 476 'udiv' 'udiv_ln245' <Predicate = true> <Delay = 1.53> <CoreInst = "DivnS_SEQ">   --->   Core 7 'DivnS_SEQ' <Latency = 59> <II = 56> <Delay = 1.53> <FuncUnit> <Opcode : 'udiv' 'sdiv' 'urem' 'srem'> <InPorts = 2> <OutPorts = 1>

State 84 <SV = 82> <Delay = 1.53>
ST_84 : Operation 477 [46/60] (1.53ns)   --->   "%udiv_ln245 = udiv i56 %shl_ln3, i56 %zext_ln245" [./xf_autowhitebalance.hpp:245]   --->   Operation 477 'udiv' 'udiv_ln245' <Predicate = true> <Delay = 1.53> <CoreInst = "DivnS_SEQ">   --->   Core 7 'DivnS_SEQ' <Latency = 59> <II = 56> <Delay = 1.53> <FuncUnit> <Opcode : 'udiv' 'sdiv' 'urem' 'srem'> <InPorts = 2> <OutPorts = 1>

State 85 <SV = 83> <Delay = 1.53>
ST_85 : Operation 478 [45/60] (1.53ns)   --->   "%udiv_ln245 = udiv i56 %shl_ln3, i56 %zext_ln245" [./xf_autowhitebalance.hpp:245]   --->   Operation 478 'udiv' 'udiv_ln245' <Predicate = true> <Delay = 1.53> <CoreInst = "DivnS_SEQ">   --->   Core 7 'DivnS_SEQ' <Latency = 59> <II = 56> <Delay = 1.53> <FuncUnit> <Opcode : 'udiv' 'sdiv' 'urem' 'srem'> <InPorts = 2> <OutPorts = 1>

State 86 <SV = 84> <Delay = 1.53>
ST_86 : Operation 479 [44/60] (1.53ns)   --->   "%udiv_ln245 = udiv i56 %shl_ln3, i56 %zext_ln245" [./xf_autowhitebalance.hpp:245]   --->   Operation 479 'udiv' 'udiv_ln245' <Predicate = true> <Delay = 1.53> <CoreInst = "DivnS_SEQ">   --->   Core 7 'DivnS_SEQ' <Latency = 59> <II = 56> <Delay = 1.53> <FuncUnit> <Opcode : 'udiv' 'sdiv' 'urem' 'srem'> <InPorts = 2> <OutPorts = 1>

State 87 <SV = 85> <Delay = 1.53>
ST_87 : Operation 480 [43/60] (1.53ns)   --->   "%udiv_ln245 = udiv i56 %shl_ln3, i56 %zext_ln245" [./xf_autowhitebalance.hpp:245]   --->   Operation 480 'udiv' 'udiv_ln245' <Predicate = true> <Delay = 1.53> <CoreInst = "DivnS_SEQ">   --->   Core 7 'DivnS_SEQ' <Latency = 59> <II = 56> <Delay = 1.53> <FuncUnit> <Opcode : 'udiv' 'sdiv' 'urem' 'srem'> <InPorts = 2> <OutPorts = 1>

State 88 <SV = 86> <Delay = 1.53>
ST_88 : Operation 481 [42/60] (1.53ns)   --->   "%udiv_ln245 = udiv i56 %shl_ln3, i56 %zext_ln245" [./xf_autowhitebalance.hpp:245]   --->   Operation 481 'udiv' 'udiv_ln245' <Predicate = true> <Delay = 1.53> <CoreInst = "DivnS_SEQ">   --->   Core 7 'DivnS_SEQ' <Latency = 59> <II = 56> <Delay = 1.53> <FuncUnit> <Opcode : 'udiv' 'sdiv' 'urem' 'srem'> <InPorts = 2> <OutPorts = 1>

State 89 <SV = 87> <Delay = 1.53>
ST_89 : Operation 482 [41/60] (1.53ns)   --->   "%udiv_ln245 = udiv i56 %shl_ln3, i56 %zext_ln245" [./xf_autowhitebalance.hpp:245]   --->   Operation 482 'udiv' 'udiv_ln245' <Predicate = true> <Delay = 1.53> <CoreInst = "DivnS_SEQ">   --->   Core 7 'DivnS_SEQ' <Latency = 59> <II = 56> <Delay = 1.53> <FuncUnit> <Opcode : 'udiv' 'sdiv' 'urem' 'srem'> <InPorts = 2> <OutPorts = 1>

State 90 <SV = 88> <Delay = 1.53>
ST_90 : Operation 483 [40/60] (1.53ns)   --->   "%udiv_ln245 = udiv i56 %shl_ln3, i56 %zext_ln245" [./xf_autowhitebalance.hpp:245]   --->   Operation 483 'udiv' 'udiv_ln245' <Predicate = true> <Delay = 1.53> <CoreInst = "DivnS_SEQ">   --->   Core 7 'DivnS_SEQ' <Latency = 59> <II = 56> <Delay = 1.53> <FuncUnit> <Opcode : 'udiv' 'sdiv' 'urem' 'srem'> <InPorts = 2> <OutPorts = 1>

State 91 <SV = 89> <Delay = 1.53>
ST_91 : Operation 484 [39/60] (1.53ns)   --->   "%udiv_ln245 = udiv i56 %shl_ln3, i56 %zext_ln245" [./xf_autowhitebalance.hpp:245]   --->   Operation 484 'udiv' 'udiv_ln245' <Predicate = true> <Delay = 1.53> <CoreInst = "DivnS_SEQ">   --->   Core 7 'DivnS_SEQ' <Latency = 59> <II = 56> <Delay = 1.53> <FuncUnit> <Opcode : 'udiv' 'sdiv' 'urem' 'srem'> <InPorts = 2> <OutPorts = 1>

State 92 <SV = 90> <Delay = 1.53>
ST_92 : Operation 485 [38/60] (1.53ns)   --->   "%udiv_ln245 = udiv i56 %shl_ln3, i56 %zext_ln245" [./xf_autowhitebalance.hpp:245]   --->   Operation 485 'udiv' 'udiv_ln245' <Predicate = true> <Delay = 1.53> <CoreInst = "DivnS_SEQ">   --->   Core 7 'DivnS_SEQ' <Latency = 59> <II = 56> <Delay = 1.53> <FuncUnit> <Opcode : 'udiv' 'sdiv' 'urem' 'srem'> <InPorts = 2> <OutPorts = 1>

State 93 <SV = 91> <Delay = 1.53>
ST_93 : Operation 486 [37/60] (1.53ns)   --->   "%udiv_ln245 = udiv i56 %shl_ln3, i56 %zext_ln245" [./xf_autowhitebalance.hpp:245]   --->   Operation 486 'udiv' 'udiv_ln245' <Predicate = true> <Delay = 1.53> <CoreInst = "DivnS_SEQ">   --->   Core 7 'DivnS_SEQ' <Latency = 59> <II = 56> <Delay = 1.53> <FuncUnit> <Opcode : 'udiv' 'sdiv' 'urem' 'srem'> <InPorts = 2> <OutPorts = 1>

State 94 <SV = 92> <Delay = 1.53>
ST_94 : Operation 487 [36/60] (1.53ns)   --->   "%udiv_ln245 = udiv i56 %shl_ln3, i56 %zext_ln245" [./xf_autowhitebalance.hpp:245]   --->   Operation 487 'udiv' 'udiv_ln245' <Predicate = true> <Delay = 1.53> <CoreInst = "DivnS_SEQ">   --->   Core 7 'DivnS_SEQ' <Latency = 59> <II = 56> <Delay = 1.53> <FuncUnit> <Opcode : 'udiv' 'sdiv' 'urem' 'srem'> <InPorts = 2> <OutPorts = 1>

State 95 <SV = 93> <Delay = 1.53>
ST_95 : Operation 488 [35/60] (1.53ns)   --->   "%udiv_ln245 = udiv i56 %shl_ln3, i56 %zext_ln245" [./xf_autowhitebalance.hpp:245]   --->   Operation 488 'udiv' 'udiv_ln245' <Predicate = true> <Delay = 1.53> <CoreInst = "DivnS_SEQ">   --->   Core 7 'DivnS_SEQ' <Latency = 59> <II = 56> <Delay = 1.53> <FuncUnit> <Opcode : 'udiv' 'sdiv' 'urem' 'srem'> <InPorts = 2> <OutPorts = 1>

State 96 <SV = 94> <Delay = 1.53>
ST_96 : Operation 489 [34/60] (1.53ns)   --->   "%udiv_ln245 = udiv i56 %shl_ln3, i56 %zext_ln245" [./xf_autowhitebalance.hpp:245]   --->   Operation 489 'udiv' 'udiv_ln245' <Predicate = true> <Delay = 1.53> <CoreInst = "DivnS_SEQ">   --->   Core 7 'DivnS_SEQ' <Latency = 59> <II = 56> <Delay = 1.53> <FuncUnit> <Opcode : 'udiv' 'sdiv' 'urem' 'srem'> <InPorts = 2> <OutPorts = 1>

State 97 <SV = 95> <Delay = 1.53>
ST_97 : Operation 490 [33/60] (1.53ns)   --->   "%udiv_ln245 = udiv i56 %shl_ln3, i56 %zext_ln245" [./xf_autowhitebalance.hpp:245]   --->   Operation 490 'udiv' 'udiv_ln245' <Predicate = true> <Delay = 1.53> <CoreInst = "DivnS_SEQ">   --->   Core 7 'DivnS_SEQ' <Latency = 59> <II = 56> <Delay = 1.53> <FuncUnit> <Opcode : 'udiv' 'sdiv' 'urem' 'srem'> <InPorts = 2> <OutPorts = 1>

State 98 <SV = 96> <Delay = 1.53>
ST_98 : Operation 491 [32/60] (1.53ns)   --->   "%udiv_ln245 = udiv i56 %shl_ln3, i56 %zext_ln245" [./xf_autowhitebalance.hpp:245]   --->   Operation 491 'udiv' 'udiv_ln245' <Predicate = true> <Delay = 1.53> <CoreInst = "DivnS_SEQ">   --->   Core 7 'DivnS_SEQ' <Latency = 59> <II = 56> <Delay = 1.53> <FuncUnit> <Opcode : 'udiv' 'sdiv' 'urem' 'srem'> <InPorts = 2> <OutPorts = 1>

State 99 <SV = 97> <Delay = 1.53>
ST_99 : Operation 492 [31/60] (1.53ns)   --->   "%udiv_ln245 = udiv i56 %shl_ln3, i56 %zext_ln245" [./xf_autowhitebalance.hpp:245]   --->   Operation 492 'udiv' 'udiv_ln245' <Predicate = true> <Delay = 1.53> <CoreInst = "DivnS_SEQ">   --->   Core 7 'DivnS_SEQ' <Latency = 59> <II = 56> <Delay = 1.53> <FuncUnit> <Opcode : 'udiv' 'sdiv' 'urem' 'srem'> <InPorts = 2> <OutPorts = 1>

State 100 <SV = 98> <Delay = 1.53>
ST_100 : Operation 493 [30/60] (1.53ns)   --->   "%udiv_ln245 = udiv i56 %shl_ln3, i56 %zext_ln245" [./xf_autowhitebalance.hpp:245]   --->   Operation 493 'udiv' 'udiv_ln245' <Predicate = true> <Delay = 1.53> <CoreInst = "DivnS_SEQ">   --->   Core 7 'DivnS_SEQ' <Latency = 59> <II = 56> <Delay = 1.53> <FuncUnit> <Opcode : 'udiv' 'sdiv' 'urem' 'srem'> <InPorts = 2> <OutPorts = 1>

State 101 <SV = 99> <Delay = 1.53>
ST_101 : Operation 494 [29/60] (1.53ns)   --->   "%udiv_ln245 = udiv i56 %shl_ln3, i56 %zext_ln245" [./xf_autowhitebalance.hpp:245]   --->   Operation 494 'udiv' 'udiv_ln245' <Predicate = true> <Delay = 1.53> <CoreInst = "DivnS_SEQ">   --->   Core 7 'DivnS_SEQ' <Latency = 59> <II = 56> <Delay = 1.53> <FuncUnit> <Opcode : 'udiv' 'sdiv' 'urem' 'srem'> <InPorts = 2> <OutPorts = 1>

State 102 <SV = 100> <Delay = 1.53>
ST_102 : Operation 495 [28/60] (1.53ns)   --->   "%udiv_ln245 = udiv i56 %shl_ln3, i56 %zext_ln245" [./xf_autowhitebalance.hpp:245]   --->   Operation 495 'udiv' 'udiv_ln245' <Predicate = true> <Delay = 1.53> <CoreInst = "DivnS_SEQ">   --->   Core 7 'DivnS_SEQ' <Latency = 59> <II = 56> <Delay = 1.53> <FuncUnit> <Opcode : 'udiv' 'sdiv' 'urem' 'srem'> <InPorts = 2> <OutPorts = 1>

State 103 <SV = 101> <Delay = 1.53>
ST_103 : Operation 496 [27/60] (1.53ns)   --->   "%udiv_ln245 = udiv i56 %shl_ln3, i56 %zext_ln245" [./xf_autowhitebalance.hpp:245]   --->   Operation 496 'udiv' 'udiv_ln245' <Predicate = true> <Delay = 1.53> <CoreInst = "DivnS_SEQ">   --->   Core 7 'DivnS_SEQ' <Latency = 59> <II = 56> <Delay = 1.53> <FuncUnit> <Opcode : 'udiv' 'sdiv' 'urem' 'srem'> <InPorts = 2> <OutPorts = 1>

State 104 <SV = 102> <Delay = 1.53>
ST_104 : Operation 497 [26/60] (1.53ns)   --->   "%udiv_ln245 = udiv i56 %shl_ln3, i56 %zext_ln245" [./xf_autowhitebalance.hpp:245]   --->   Operation 497 'udiv' 'udiv_ln245' <Predicate = true> <Delay = 1.53> <CoreInst = "DivnS_SEQ">   --->   Core 7 'DivnS_SEQ' <Latency = 59> <II = 56> <Delay = 1.53> <FuncUnit> <Opcode : 'udiv' 'sdiv' 'urem' 'srem'> <InPorts = 2> <OutPorts = 1>

State 105 <SV = 103> <Delay = 1.53>
ST_105 : Operation 498 [25/60] (1.53ns)   --->   "%udiv_ln245 = udiv i56 %shl_ln3, i56 %zext_ln245" [./xf_autowhitebalance.hpp:245]   --->   Operation 498 'udiv' 'udiv_ln245' <Predicate = true> <Delay = 1.53> <CoreInst = "DivnS_SEQ">   --->   Core 7 'DivnS_SEQ' <Latency = 59> <II = 56> <Delay = 1.53> <FuncUnit> <Opcode : 'udiv' 'sdiv' 'urem' 'srem'> <InPorts = 2> <OutPorts = 1>

State 106 <SV = 104> <Delay = 1.53>
ST_106 : Operation 499 [24/60] (1.53ns)   --->   "%udiv_ln245 = udiv i56 %shl_ln3, i56 %zext_ln245" [./xf_autowhitebalance.hpp:245]   --->   Operation 499 'udiv' 'udiv_ln245' <Predicate = true> <Delay = 1.53> <CoreInst = "DivnS_SEQ">   --->   Core 7 'DivnS_SEQ' <Latency = 59> <II = 56> <Delay = 1.53> <FuncUnit> <Opcode : 'udiv' 'sdiv' 'urem' 'srem'> <InPorts = 2> <OutPorts = 1>

State 107 <SV = 105> <Delay = 1.53>
ST_107 : Operation 500 [23/60] (1.53ns)   --->   "%udiv_ln245 = udiv i56 %shl_ln3, i56 %zext_ln245" [./xf_autowhitebalance.hpp:245]   --->   Operation 500 'udiv' 'udiv_ln245' <Predicate = true> <Delay = 1.53> <CoreInst = "DivnS_SEQ">   --->   Core 7 'DivnS_SEQ' <Latency = 59> <II = 56> <Delay = 1.53> <FuncUnit> <Opcode : 'udiv' 'sdiv' 'urem' 'srem'> <InPorts = 2> <OutPorts = 1>

State 108 <SV = 106> <Delay = 1.53>
ST_108 : Operation 501 [22/60] (1.53ns)   --->   "%udiv_ln245 = udiv i56 %shl_ln3, i56 %zext_ln245" [./xf_autowhitebalance.hpp:245]   --->   Operation 501 'udiv' 'udiv_ln245' <Predicate = true> <Delay = 1.53> <CoreInst = "DivnS_SEQ">   --->   Core 7 'DivnS_SEQ' <Latency = 59> <II = 56> <Delay = 1.53> <FuncUnit> <Opcode : 'udiv' 'sdiv' 'urem' 'srem'> <InPorts = 2> <OutPorts = 1>

State 109 <SV = 107> <Delay = 1.53>
ST_109 : Operation 502 [21/60] (1.53ns)   --->   "%udiv_ln245 = udiv i56 %shl_ln3, i56 %zext_ln245" [./xf_autowhitebalance.hpp:245]   --->   Operation 502 'udiv' 'udiv_ln245' <Predicate = true> <Delay = 1.53> <CoreInst = "DivnS_SEQ">   --->   Core 7 'DivnS_SEQ' <Latency = 59> <II = 56> <Delay = 1.53> <FuncUnit> <Opcode : 'udiv' 'sdiv' 'urem' 'srem'> <InPorts = 2> <OutPorts = 1>

State 110 <SV = 108> <Delay = 1.53>
ST_110 : Operation 503 [20/60] (1.53ns)   --->   "%udiv_ln245 = udiv i56 %shl_ln3, i56 %zext_ln245" [./xf_autowhitebalance.hpp:245]   --->   Operation 503 'udiv' 'udiv_ln245' <Predicate = true> <Delay = 1.53> <CoreInst = "DivnS_SEQ">   --->   Core 7 'DivnS_SEQ' <Latency = 59> <II = 56> <Delay = 1.53> <FuncUnit> <Opcode : 'udiv' 'sdiv' 'urem' 'srem'> <InPorts = 2> <OutPorts = 1>

State 111 <SV = 109> <Delay = 1.53>
ST_111 : Operation 504 [19/60] (1.53ns)   --->   "%udiv_ln245 = udiv i56 %shl_ln3, i56 %zext_ln245" [./xf_autowhitebalance.hpp:245]   --->   Operation 504 'udiv' 'udiv_ln245' <Predicate = true> <Delay = 1.53> <CoreInst = "DivnS_SEQ">   --->   Core 7 'DivnS_SEQ' <Latency = 59> <II = 56> <Delay = 1.53> <FuncUnit> <Opcode : 'udiv' 'sdiv' 'urem' 'srem'> <InPorts = 2> <OutPorts = 1>

State 112 <SV = 110> <Delay = 1.53>
ST_112 : Operation 505 [18/60] (1.53ns)   --->   "%udiv_ln245 = udiv i56 %shl_ln3, i56 %zext_ln245" [./xf_autowhitebalance.hpp:245]   --->   Operation 505 'udiv' 'udiv_ln245' <Predicate = true> <Delay = 1.53> <CoreInst = "DivnS_SEQ">   --->   Core 7 'DivnS_SEQ' <Latency = 59> <II = 56> <Delay = 1.53> <FuncUnit> <Opcode : 'udiv' 'sdiv' 'urem' 'srem'> <InPorts = 2> <OutPorts = 1>

State 113 <SV = 111> <Delay = 1.53>
ST_113 : Operation 506 [17/60] (1.53ns)   --->   "%udiv_ln245 = udiv i56 %shl_ln3, i56 %zext_ln245" [./xf_autowhitebalance.hpp:245]   --->   Operation 506 'udiv' 'udiv_ln245' <Predicate = true> <Delay = 1.53> <CoreInst = "DivnS_SEQ">   --->   Core 7 'DivnS_SEQ' <Latency = 59> <II = 56> <Delay = 1.53> <FuncUnit> <Opcode : 'udiv' 'sdiv' 'urem' 'srem'> <InPorts = 2> <OutPorts = 1>

State 114 <SV = 112> <Delay = 1.53>
ST_114 : Operation 507 [16/60] (1.53ns)   --->   "%udiv_ln245 = udiv i56 %shl_ln3, i56 %zext_ln245" [./xf_autowhitebalance.hpp:245]   --->   Operation 507 'udiv' 'udiv_ln245' <Predicate = true> <Delay = 1.53> <CoreInst = "DivnS_SEQ">   --->   Core 7 'DivnS_SEQ' <Latency = 59> <II = 56> <Delay = 1.53> <FuncUnit> <Opcode : 'udiv' 'sdiv' 'urem' 'srem'> <InPorts = 2> <OutPorts = 1>

State 115 <SV = 113> <Delay = 1.53>
ST_115 : Operation 508 [15/60] (1.53ns)   --->   "%udiv_ln245 = udiv i56 %shl_ln3, i56 %zext_ln245" [./xf_autowhitebalance.hpp:245]   --->   Operation 508 'udiv' 'udiv_ln245' <Predicate = true> <Delay = 1.53> <CoreInst = "DivnS_SEQ">   --->   Core 7 'DivnS_SEQ' <Latency = 59> <II = 56> <Delay = 1.53> <FuncUnit> <Opcode : 'udiv' 'sdiv' 'urem' 'srem'> <InPorts = 2> <OutPorts = 1>

State 116 <SV = 114> <Delay = 1.53>
ST_116 : Operation 509 [14/60] (1.53ns)   --->   "%udiv_ln245 = udiv i56 %shl_ln3, i56 %zext_ln245" [./xf_autowhitebalance.hpp:245]   --->   Operation 509 'udiv' 'udiv_ln245' <Predicate = true> <Delay = 1.53> <CoreInst = "DivnS_SEQ">   --->   Core 7 'DivnS_SEQ' <Latency = 59> <II = 56> <Delay = 1.53> <FuncUnit> <Opcode : 'udiv' 'sdiv' 'urem' 'srem'> <InPorts = 2> <OutPorts = 1>

State 117 <SV = 115> <Delay = 1.53>
ST_117 : Operation 510 [13/60] (1.53ns)   --->   "%udiv_ln245 = udiv i56 %shl_ln3, i56 %zext_ln245" [./xf_autowhitebalance.hpp:245]   --->   Operation 510 'udiv' 'udiv_ln245' <Predicate = true> <Delay = 1.53> <CoreInst = "DivnS_SEQ">   --->   Core 7 'DivnS_SEQ' <Latency = 59> <II = 56> <Delay = 1.53> <FuncUnit> <Opcode : 'udiv' 'sdiv' 'urem' 'srem'> <InPorts = 2> <OutPorts = 1>

State 118 <SV = 116> <Delay = 1.53>
ST_118 : Operation 511 [12/60] (1.53ns)   --->   "%udiv_ln245 = udiv i56 %shl_ln3, i56 %zext_ln245" [./xf_autowhitebalance.hpp:245]   --->   Operation 511 'udiv' 'udiv_ln245' <Predicate = true> <Delay = 1.53> <CoreInst = "DivnS_SEQ">   --->   Core 7 'DivnS_SEQ' <Latency = 59> <II = 56> <Delay = 1.53> <FuncUnit> <Opcode : 'udiv' 'sdiv' 'urem' 'srem'> <InPorts = 2> <OutPorts = 1>

State 119 <SV = 117> <Delay = 1.53>
ST_119 : Operation 512 [11/60] (1.53ns)   --->   "%udiv_ln245 = udiv i56 %shl_ln3, i56 %zext_ln245" [./xf_autowhitebalance.hpp:245]   --->   Operation 512 'udiv' 'udiv_ln245' <Predicate = true> <Delay = 1.53> <CoreInst = "DivnS_SEQ">   --->   Core 7 'DivnS_SEQ' <Latency = 59> <II = 56> <Delay = 1.53> <FuncUnit> <Opcode : 'udiv' 'sdiv' 'urem' 'srem'> <InPorts = 2> <OutPorts = 1>

State 120 <SV = 118> <Delay = 1.53>
ST_120 : Operation 513 [10/60] (1.53ns)   --->   "%udiv_ln245 = udiv i56 %shl_ln3, i56 %zext_ln245" [./xf_autowhitebalance.hpp:245]   --->   Operation 513 'udiv' 'udiv_ln245' <Predicate = true> <Delay = 1.53> <CoreInst = "DivnS_SEQ">   --->   Core 7 'DivnS_SEQ' <Latency = 59> <II = 56> <Delay = 1.53> <FuncUnit> <Opcode : 'udiv' 'sdiv' 'urem' 'srem'> <InPorts = 2> <OutPorts = 1>

State 121 <SV = 119> <Delay = 1.53>
ST_121 : Operation 514 [9/60] (1.53ns)   --->   "%udiv_ln245 = udiv i56 %shl_ln3, i56 %zext_ln245" [./xf_autowhitebalance.hpp:245]   --->   Operation 514 'udiv' 'udiv_ln245' <Predicate = true> <Delay = 1.53> <CoreInst = "DivnS_SEQ">   --->   Core 7 'DivnS_SEQ' <Latency = 59> <II = 56> <Delay = 1.53> <FuncUnit> <Opcode : 'udiv' 'sdiv' 'urem' 'srem'> <InPorts = 2> <OutPorts = 1>

State 122 <SV = 120> <Delay = 1.53>
ST_122 : Operation 515 [8/60] (1.53ns)   --->   "%udiv_ln245 = udiv i56 %shl_ln3, i56 %zext_ln245" [./xf_autowhitebalance.hpp:245]   --->   Operation 515 'udiv' 'udiv_ln245' <Predicate = true> <Delay = 1.53> <CoreInst = "DivnS_SEQ">   --->   Core 7 'DivnS_SEQ' <Latency = 59> <II = 56> <Delay = 1.53> <FuncUnit> <Opcode : 'udiv' 'sdiv' 'urem' 'srem'> <InPorts = 2> <OutPorts = 1>

State 123 <SV = 121> <Delay = 1.53>
ST_123 : Operation 516 [7/60] (1.53ns)   --->   "%udiv_ln245 = udiv i56 %shl_ln3, i56 %zext_ln245" [./xf_autowhitebalance.hpp:245]   --->   Operation 516 'udiv' 'udiv_ln245' <Predicate = true> <Delay = 1.53> <CoreInst = "DivnS_SEQ">   --->   Core 7 'DivnS_SEQ' <Latency = 59> <II = 56> <Delay = 1.53> <FuncUnit> <Opcode : 'udiv' 'sdiv' 'urem' 'srem'> <InPorts = 2> <OutPorts = 1>

State 124 <SV = 122> <Delay = 1.53>
ST_124 : Operation 517 [6/60] (1.53ns)   --->   "%udiv_ln245 = udiv i56 %shl_ln3, i56 %zext_ln245" [./xf_autowhitebalance.hpp:245]   --->   Operation 517 'udiv' 'udiv_ln245' <Predicate = true> <Delay = 1.53> <CoreInst = "DivnS_SEQ">   --->   Core 7 'DivnS_SEQ' <Latency = 59> <II = 56> <Delay = 1.53> <FuncUnit> <Opcode : 'udiv' 'sdiv' 'urem' 'srem'> <InPorts = 2> <OutPorts = 1>

State 125 <SV = 123> <Delay = 1.53>
ST_125 : Operation 518 [5/60] (1.53ns)   --->   "%udiv_ln245 = udiv i56 %shl_ln3, i56 %zext_ln245" [./xf_autowhitebalance.hpp:245]   --->   Operation 518 'udiv' 'udiv_ln245' <Predicate = true> <Delay = 1.53> <CoreInst = "DivnS_SEQ">   --->   Core 7 'DivnS_SEQ' <Latency = 59> <II = 56> <Delay = 1.53> <FuncUnit> <Opcode : 'udiv' 'sdiv' 'urem' 'srem'> <InPorts = 2> <OutPorts = 1>

State 126 <SV = 124> <Delay = 1.53>
ST_126 : Operation 519 [4/60] (1.53ns)   --->   "%udiv_ln245 = udiv i56 %shl_ln3, i56 %zext_ln245" [./xf_autowhitebalance.hpp:245]   --->   Operation 519 'udiv' 'udiv_ln245' <Predicate = true> <Delay = 1.53> <CoreInst = "DivnS_SEQ">   --->   Core 7 'DivnS_SEQ' <Latency = 59> <II = 56> <Delay = 1.53> <FuncUnit> <Opcode : 'udiv' 'sdiv' 'urem' 'srem'> <InPorts = 2> <OutPorts = 1>

State 127 <SV = 125> <Delay = 1.53>
ST_127 : Operation 520 [3/60] (1.53ns)   --->   "%udiv_ln245 = udiv i56 %shl_ln3, i56 %zext_ln245" [./xf_autowhitebalance.hpp:245]   --->   Operation 520 'udiv' 'udiv_ln245' <Predicate = true> <Delay = 1.53> <CoreInst = "DivnS_SEQ">   --->   Core 7 'DivnS_SEQ' <Latency = 59> <II = 56> <Delay = 1.53> <FuncUnit> <Opcode : 'udiv' 'sdiv' 'urem' 'srem'> <InPorts = 2> <OutPorts = 1>

State 128 <SV = 126> <Delay = 1.53>
ST_128 : Operation 521 [2/60] (1.53ns)   --->   "%udiv_ln245 = udiv i56 %shl_ln3, i56 %zext_ln245" [./xf_autowhitebalance.hpp:245]   --->   Operation 521 'udiv' 'udiv_ln245' <Predicate = true> <Delay = 1.53> <CoreInst = "DivnS_SEQ">   --->   Core 7 'DivnS_SEQ' <Latency = 59> <II = 56> <Delay = 1.53> <FuncUnit> <Opcode : 'udiv' 'sdiv' 'urem' 'srem'> <InPorts = 2> <OutPorts = 1>

State 129 <SV = 127> <Delay = 1.96>
ST_129 : Operation 522 [1/60] (1.53ns)   --->   "%udiv_ln245 = udiv i56 %shl_ln3, i56 %zext_ln245" [./xf_autowhitebalance.hpp:245]   --->   Operation 522 'udiv' 'udiv_ln245' <Predicate = (!icmp_ln242)> <Delay = 1.53> <CoreInst = "DivnS_SEQ">   --->   Core 7 'DivnS_SEQ' <Latency = 59> <II = 56> <Delay = 1.53> <FuncUnit> <Opcode : 'udiv' 'sdiv' 'urem' 'srem'> <InPorts = 2> <OutPorts = 1>
ST_129 : Operation 523 [1/1] (0.42ns)   --->   "%br_ln0 = br void %if.end189"   --->   Operation 523 'br' 'br_ln0' <Predicate = (!icmp_ln242)> <Delay = 0.42>
ST_129 : Operation 524 [1/1] (0.00ns)   --->   "%dinG1 = phi i56 %udiv_ln245, void %if.else185, i56 0, void %if.end180" [./xf_autowhitebalance.hpp:245]   --->   Operation 524 'phi' 'dinG1' <Predicate = true> <Delay = 0.00>
ST_129 : Operation 525 [1/1] (0.00ns)   --->   "%shl_ln4 = bitconcatenate i78 @_ssdm_op_BitConcatenate.i78.i40.i38, i40 %mux_case_26_loc_load, i38 0" [./xf_autowhitebalance.hpp:247]   --->   Operation 525 'bitconcatenate' 'shl_ln4' <Predicate = true> <Delay = 0.00>
ST_129 : Operation 526 [1/1] (1.19ns)   --->   "%icmp_ln247 = icmp_ult  i78 %shl_ln4, i78 27487791104" [./xf_autowhitebalance.hpp:247]   --->   Operation 526 'icmp' 'icmp_ln247' <Predicate = true> <Delay = 1.19> <CoreInst = "Cmp">   --->   Core 9 'Cmp' <Latency = 0> <II = 1> <Delay = 1.19> <FuncUnit> <Opcode : 'seteq' 'setne' 'setle' 'setge' 'setlt' 'setgt'> <InPorts = 2> <OutPorts = 1>
ST_129 : Operation 527 [1/1] (0.42ns)   --->   "%br_ln247 = br i1 %icmp_ln247, void %if.else194, void %if.end198" [./xf_autowhitebalance.hpp:247]   --->   Operation 527 'br' 'br_ln247' <Predicate = true> <Delay = 0.42>
ST_129 : Operation 528 [1/1] (0.00ns)   --->   "%shl_ln5 = bitconcatenate i56 @_ssdm_op_BitConcatenate.i56.i10.i46, i10 %max_sum_fixed, i46 0" [./xf_autowhitebalance.hpp:250]   --->   Operation 528 'bitconcatenate' 'shl_ln5' <Predicate = (!icmp_ln247)> <Delay = 0.00>
ST_129 : Operation 529 [1/1] (0.00ns)   --->   "%zext_ln250 = zext i40 %mux_case_26_loc_load" [./xf_autowhitebalance.hpp:250]   --->   Operation 529 'zext' 'zext_ln250' <Predicate = (!icmp_ln247)> <Delay = 0.00>
ST_129 : Operation 530 [60/60] (1.53ns)   --->   "%udiv_ln250 = udiv i56 %shl_ln5, i56 %zext_ln250" [./xf_autowhitebalance.hpp:250]   --->   Operation 530 'udiv' 'udiv_ln250' <Predicate = (!icmp_ln247)> <Delay = 1.53> <CoreInst = "DivnS_SEQ">   --->   Core 7 'DivnS_SEQ' <Latency = 59> <II = 56> <Delay = 1.53> <FuncUnit> <Opcode : 'udiv' 'sdiv' 'urem' 'srem'> <InPorts = 2> <OutPorts = 1>

State 130 <SV = 128> <Delay = 1.53>
ST_130 : Operation 531 [59/60] (1.53ns)   --->   "%udiv_ln250 = udiv i56 %shl_ln5, i56 %zext_ln250" [./xf_autowhitebalance.hpp:250]   --->   Operation 531 'udiv' 'udiv_ln250' <Predicate = true> <Delay = 1.53> <CoreInst = "DivnS_SEQ">   --->   Core 7 'DivnS_SEQ' <Latency = 59> <II = 56> <Delay = 1.53> <FuncUnit> <Opcode : 'udiv' 'sdiv' 'urem' 'srem'> <InPorts = 2> <OutPorts = 1>

State 131 <SV = 129> <Delay = 1.53>
ST_131 : Operation 532 [58/60] (1.53ns)   --->   "%udiv_ln250 = udiv i56 %shl_ln5, i56 %zext_ln250" [./xf_autowhitebalance.hpp:250]   --->   Operation 532 'udiv' 'udiv_ln250' <Predicate = true> <Delay = 1.53> <CoreInst = "DivnS_SEQ">   --->   Core 7 'DivnS_SEQ' <Latency = 59> <II = 56> <Delay = 1.53> <FuncUnit> <Opcode : 'udiv' 'sdiv' 'urem' 'srem'> <InPorts = 2> <OutPorts = 1>

State 132 <SV = 130> <Delay = 1.53>
ST_132 : Operation 533 [57/60] (1.53ns)   --->   "%udiv_ln250 = udiv i56 %shl_ln5, i56 %zext_ln250" [./xf_autowhitebalance.hpp:250]   --->   Operation 533 'udiv' 'udiv_ln250' <Predicate = true> <Delay = 1.53> <CoreInst = "DivnS_SEQ">   --->   Core 7 'DivnS_SEQ' <Latency = 59> <II = 56> <Delay = 1.53> <FuncUnit> <Opcode : 'udiv' 'sdiv' 'urem' 'srem'> <InPorts = 2> <OutPorts = 1>

State 133 <SV = 131> <Delay = 1.53>
ST_133 : Operation 534 [56/60] (1.53ns)   --->   "%udiv_ln250 = udiv i56 %shl_ln5, i56 %zext_ln250" [./xf_autowhitebalance.hpp:250]   --->   Operation 534 'udiv' 'udiv_ln250' <Predicate = true> <Delay = 1.53> <CoreInst = "DivnS_SEQ">   --->   Core 7 'DivnS_SEQ' <Latency = 59> <II = 56> <Delay = 1.53> <FuncUnit> <Opcode : 'udiv' 'sdiv' 'urem' 'srem'> <InPorts = 2> <OutPorts = 1>

State 134 <SV = 132> <Delay = 1.53>
ST_134 : Operation 535 [55/60] (1.53ns)   --->   "%udiv_ln250 = udiv i56 %shl_ln5, i56 %zext_ln250" [./xf_autowhitebalance.hpp:250]   --->   Operation 535 'udiv' 'udiv_ln250' <Predicate = true> <Delay = 1.53> <CoreInst = "DivnS_SEQ">   --->   Core 7 'DivnS_SEQ' <Latency = 59> <II = 56> <Delay = 1.53> <FuncUnit> <Opcode : 'udiv' 'sdiv' 'urem' 'srem'> <InPorts = 2> <OutPorts = 1>

State 135 <SV = 133> <Delay = 1.53>
ST_135 : Operation 536 [54/60] (1.53ns)   --->   "%udiv_ln250 = udiv i56 %shl_ln5, i56 %zext_ln250" [./xf_autowhitebalance.hpp:250]   --->   Operation 536 'udiv' 'udiv_ln250' <Predicate = true> <Delay = 1.53> <CoreInst = "DivnS_SEQ">   --->   Core 7 'DivnS_SEQ' <Latency = 59> <II = 56> <Delay = 1.53> <FuncUnit> <Opcode : 'udiv' 'sdiv' 'urem' 'srem'> <InPorts = 2> <OutPorts = 1>

State 136 <SV = 134> <Delay = 1.53>
ST_136 : Operation 537 [53/60] (1.53ns)   --->   "%udiv_ln250 = udiv i56 %shl_ln5, i56 %zext_ln250" [./xf_autowhitebalance.hpp:250]   --->   Operation 537 'udiv' 'udiv_ln250' <Predicate = true> <Delay = 1.53> <CoreInst = "DivnS_SEQ">   --->   Core 7 'DivnS_SEQ' <Latency = 59> <II = 56> <Delay = 1.53> <FuncUnit> <Opcode : 'udiv' 'sdiv' 'urem' 'srem'> <InPorts = 2> <OutPorts = 1>

State 137 <SV = 135> <Delay = 1.53>
ST_137 : Operation 538 [52/60] (1.53ns)   --->   "%udiv_ln250 = udiv i56 %shl_ln5, i56 %zext_ln250" [./xf_autowhitebalance.hpp:250]   --->   Operation 538 'udiv' 'udiv_ln250' <Predicate = true> <Delay = 1.53> <CoreInst = "DivnS_SEQ">   --->   Core 7 'DivnS_SEQ' <Latency = 59> <II = 56> <Delay = 1.53> <FuncUnit> <Opcode : 'udiv' 'sdiv' 'urem' 'srem'> <InPorts = 2> <OutPorts = 1>

State 138 <SV = 136> <Delay = 1.53>
ST_138 : Operation 539 [51/60] (1.53ns)   --->   "%udiv_ln250 = udiv i56 %shl_ln5, i56 %zext_ln250" [./xf_autowhitebalance.hpp:250]   --->   Operation 539 'udiv' 'udiv_ln250' <Predicate = true> <Delay = 1.53> <CoreInst = "DivnS_SEQ">   --->   Core 7 'DivnS_SEQ' <Latency = 59> <II = 56> <Delay = 1.53> <FuncUnit> <Opcode : 'udiv' 'sdiv' 'urem' 'srem'> <InPorts = 2> <OutPorts = 1>

State 139 <SV = 137> <Delay = 1.53>
ST_139 : Operation 540 [50/60] (1.53ns)   --->   "%udiv_ln250 = udiv i56 %shl_ln5, i56 %zext_ln250" [./xf_autowhitebalance.hpp:250]   --->   Operation 540 'udiv' 'udiv_ln250' <Predicate = true> <Delay = 1.53> <CoreInst = "DivnS_SEQ">   --->   Core 7 'DivnS_SEQ' <Latency = 59> <II = 56> <Delay = 1.53> <FuncUnit> <Opcode : 'udiv' 'sdiv' 'urem' 'srem'> <InPorts = 2> <OutPorts = 1>

State 140 <SV = 138> <Delay = 1.53>
ST_140 : Operation 541 [49/60] (1.53ns)   --->   "%udiv_ln250 = udiv i56 %shl_ln5, i56 %zext_ln250" [./xf_autowhitebalance.hpp:250]   --->   Operation 541 'udiv' 'udiv_ln250' <Predicate = true> <Delay = 1.53> <CoreInst = "DivnS_SEQ">   --->   Core 7 'DivnS_SEQ' <Latency = 59> <II = 56> <Delay = 1.53> <FuncUnit> <Opcode : 'udiv' 'sdiv' 'urem' 'srem'> <InPorts = 2> <OutPorts = 1>

State 141 <SV = 139> <Delay = 1.53>
ST_141 : Operation 542 [48/60] (1.53ns)   --->   "%udiv_ln250 = udiv i56 %shl_ln5, i56 %zext_ln250" [./xf_autowhitebalance.hpp:250]   --->   Operation 542 'udiv' 'udiv_ln250' <Predicate = true> <Delay = 1.53> <CoreInst = "DivnS_SEQ">   --->   Core 7 'DivnS_SEQ' <Latency = 59> <II = 56> <Delay = 1.53> <FuncUnit> <Opcode : 'udiv' 'sdiv' 'urem' 'srem'> <InPorts = 2> <OutPorts = 1>

State 142 <SV = 140> <Delay = 1.53>
ST_142 : Operation 543 [47/60] (1.53ns)   --->   "%udiv_ln250 = udiv i56 %shl_ln5, i56 %zext_ln250" [./xf_autowhitebalance.hpp:250]   --->   Operation 543 'udiv' 'udiv_ln250' <Predicate = true> <Delay = 1.53> <CoreInst = "DivnS_SEQ">   --->   Core 7 'DivnS_SEQ' <Latency = 59> <II = 56> <Delay = 1.53> <FuncUnit> <Opcode : 'udiv' 'sdiv' 'urem' 'srem'> <InPorts = 2> <OutPorts = 1>

State 143 <SV = 141> <Delay = 1.53>
ST_143 : Operation 544 [46/60] (1.53ns)   --->   "%udiv_ln250 = udiv i56 %shl_ln5, i56 %zext_ln250" [./xf_autowhitebalance.hpp:250]   --->   Operation 544 'udiv' 'udiv_ln250' <Predicate = true> <Delay = 1.53> <CoreInst = "DivnS_SEQ">   --->   Core 7 'DivnS_SEQ' <Latency = 59> <II = 56> <Delay = 1.53> <FuncUnit> <Opcode : 'udiv' 'sdiv' 'urem' 'srem'> <InPorts = 2> <OutPorts = 1>

State 144 <SV = 142> <Delay = 1.53>
ST_144 : Operation 545 [45/60] (1.53ns)   --->   "%udiv_ln250 = udiv i56 %shl_ln5, i56 %zext_ln250" [./xf_autowhitebalance.hpp:250]   --->   Operation 545 'udiv' 'udiv_ln250' <Predicate = true> <Delay = 1.53> <CoreInst = "DivnS_SEQ">   --->   Core 7 'DivnS_SEQ' <Latency = 59> <II = 56> <Delay = 1.53> <FuncUnit> <Opcode : 'udiv' 'sdiv' 'urem' 'srem'> <InPorts = 2> <OutPorts = 1>

State 145 <SV = 143> <Delay = 1.53>
ST_145 : Operation 546 [44/60] (1.53ns)   --->   "%udiv_ln250 = udiv i56 %shl_ln5, i56 %zext_ln250" [./xf_autowhitebalance.hpp:250]   --->   Operation 546 'udiv' 'udiv_ln250' <Predicate = true> <Delay = 1.53> <CoreInst = "DivnS_SEQ">   --->   Core 7 'DivnS_SEQ' <Latency = 59> <II = 56> <Delay = 1.53> <FuncUnit> <Opcode : 'udiv' 'sdiv' 'urem' 'srem'> <InPorts = 2> <OutPorts = 1>

State 146 <SV = 144> <Delay = 1.53>
ST_146 : Operation 547 [43/60] (1.53ns)   --->   "%udiv_ln250 = udiv i56 %shl_ln5, i56 %zext_ln250" [./xf_autowhitebalance.hpp:250]   --->   Operation 547 'udiv' 'udiv_ln250' <Predicate = true> <Delay = 1.53> <CoreInst = "DivnS_SEQ">   --->   Core 7 'DivnS_SEQ' <Latency = 59> <II = 56> <Delay = 1.53> <FuncUnit> <Opcode : 'udiv' 'sdiv' 'urem' 'srem'> <InPorts = 2> <OutPorts = 1>

State 147 <SV = 145> <Delay = 1.53>
ST_147 : Operation 548 [42/60] (1.53ns)   --->   "%udiv_ln250 = udiv i56 %shl_ln5, i56 %zext_ln250" [./xf_autowhitebalance.hpp:250]   --->   Operation 548 'udiv' 'udiv_ln250' <Predicate = true> <Delay = 1.53> <CoreInst = "DivnS_SEQ">   --->   Core 7 'DivnS_SEQ' <Latency = 59> <II = 56> <Delay = 1.53> <FuncUnit> <Opcode : 'udiv' 'sdiv' 'urem' 'srem'> <InPorts = 2> <OutPorts = 1>

State 148 <SV = 146> <Delay = 1.53>
ST_148 : Operation 549 [41/60] (1.53ns)   --->   "%udiv_ln250 = udiv i56 %shl_ln5, i56 %zext_ln250" [./xf_autowhitebalance.hpp:250]   --->   Operation 549 'udiv' 'udiv_ln250' <Predicate = true> <Delay = 1.53> <CoreInst = "DivnS_SEQ">   --->   Core 7 'DivnS_SEQ' <Latency = 59> <II = 56> <Delay = 1.53> <FuncUnit> <Opcode : 'udiv' 'sdiv' 'urem' 'srem'> <InPorts = 2> <OutPorts = 1>

State 149 <SV = 147> <Delay = 1.53>
ST_149 : Operation 550 [40/60] (1.53ns)   --->   "%udiv_ln250 = udiv i56 %shl_ln5, i56 %zext_ln250" [./xf_autowhitebalance.hpp:250]   --->   Operation 550 'udiv' 'udiv_ln250' <Predicate = true> <Delay = 1.53> <CoreInst = "DivnS_SEQ">   --->   Core 7 'DivnS_SEQ' <Latency = 59> <II = 56> <Delay = 1.53> <FuncUnit> <Opcode : 'udiv' 'sdiv' 'urem' 'srem'> <InPorts = 2> <OutPorts = 1>

State 150 <SV = 148> <Delay = 1.53>
ST_150 : Operation 551 [39/60] (1.53ns)   --->   "%udiv_ln250 = udiv i56 %shl_ln5, i56 %zext_ln250" [./xf_autowhitebalance.hpp:250]   --->   Operation 551 'udiv' 'udiv_ln250' <Predicate = true> <Delay = 1.53> <CoreInst = "DivnS_SEQ">   --->   Core 7 'DivnS_SEQ' <Latency = 59> <II = 56> <Delay = 1.53> <FuncUnit> <Opcode : 'udiv' 'sdiv' 'urem' 'srem'> <InPorts = 2> <OutPorts = 1>

State 151 <SV = 149> <Delay = 1.53>
ST_151 : Operation 552 [38/60] (1.53ns)   --->   "%udiv_ln250 = udiv i56 %shl_ln5, i56 %zext_ln250" [./xf_autowhitebalance.hpp:250]   --->   Operation 552 'udiv' 'udiv_ln250' <Predicate = true> <Delay = 1.53> <CoreInst = "DivnS_SEQ">   --->   Core 7 'DivnS_SEQ' <Latency = 59> <II = 56> <Delay = 1.53> <FuncUnit> <Opcode : 'udiv' 'sdiv' 'urem' 'srem'> <InPorts = 2> <OutPorts = 1>

State 152 <SV = 150> <Delay = 1.53>
ST_152 : Operation 553 [37/60] (1.53ns)   --->   "%udiv_ln250 = udiv i56 %shl_ln5, i56 %zext_ln250" [./xf_autowhitebalance.hpp:250]   --->   Operation 553 'udiv' 'udiv_ln250' <Predicate = true> <Delay = 1.53> <CoreInst = "DivnS_SEQ">   --->   Core 7 'DivnS_SEQ' <Latency = 59> <II = 56> <Delay = 1.53> <FuncUnit> <Opcode : 'udiv' 'sdiv' 'urem' 'srem'> <InPorts = 2> <OutPorts = 1>

State 153 <SV = 151> <Delay = 1.53>
ST_153 : Operation 554 [36/60] (1.53ns)   --->   "%udiv_ln250 = udiv i56 %shl_ln5, i56 %zext_ln250" [./xf_autowhitebalance.hpp:250]   --->   Operation 554 'udiv' 'udiv_ln250' <Predicate = true> <Delay = 1.53> <CoreInst = "DivnS_SEQ">   --->   Core 7 'DivnS_SEQ' <Latency = 59> <II = 56> <Delay = 1.53> <FuncUnit> <Opcode : 'udiv' 'sdiv' 'urem' 'srem'> <InPorts = 2> <OutPorts = 1>

State 154 <SV = 152> <Delay = 1.53>
ST_154 : Operation 555 [35/60] (1.53ns)   --->   "%udiv_ln250 = udiv i56 %shl_ln5, i56 %zext_ln250" [./xf_autowhitebalance.hpp:250]   --->   Operation 555 'udiv' 'udiv_ln250' <Predicate = true> <Delay = 1.53> <CoreInst = "DivnS_SEQ">   --->   Core 7 'DivnS_SEQ' <Latency = 59> <II = 56> <Delay = 1.53> <FuncUnit> <Opcode : 'udiv' 'sdiv' 'urem' 'srem'> <InPorts = 2> <OutPorts = 1>

State 155 <SV = 153> <Delay = 1.53>
ST_155 : Operation 556 [34/60] (1.53ns)   --->   "%udiv_ln250 = udiv i56 %shl_ln5, i56 %zext_ln250" [./xf_autowhitebalance.hpp:250]   --->   Operation 556 'udiv' 'udiv_ln250' <Predicate = true> <Delay = 1.53> <CoreInst = "DivnS_SEQ">   --->   Core 7 'DivnS_SEQ' <Latency = 59> <II = 56> <Delay = 1.53> <FuncUnit> <Opcode : 'udiv' 'sdiv' 'urem' 'srem'> <InPorts = 2> <OutPorts = 1>

State 156 <SV = 154> <Delay = 1.53>
ST_156 : Operation 557 [33/60] (1.53ns)   --->   "%udiv_ln250 = udiv i56 %shl_ln5, i56 %zext_ln250" [./xf_autowhitebalance.hpp:250]   --->   Operation 557 'udiv' 'udiv_ln250' <Predicate = true> <Delay = 1.53> <CoreInst = "DivnS_SEQ">   --->   Core 7 'DivnS_SEQ' <Latency = 59> <II = 56> <Delay = 1.53> <FuncUnit> <Opcode : 'udiv' 'sdiv' 'urem' 'srem'> <InPorts = 2> <OutPorts = 1>

State 157 <SV = 155> <Delay = 1.53>
ST_157 : Operation 558 [32/60] (1.53ns)   --->   "%udiv_ln250 = udiv i56 %shl_ln5, i56 %zext_ln250" [./xf_autowhitebalance.hpp:250]   --->   Operation 558 'udiv' 'udiv_ln250' <Predicate = true> <Delay = 1.53> <CoreInst = "DivnS_SEQ">   --->   Core 7 'DivnS_SEQ' <Latency = 59> <II = 56> <Delay = 1.53> <FuncUnit> <Opcode : 'udiv' 'sdiv' 'urem' 'srem'> <InPorts = 2> <OutPorts = 1>

State 158 <SV = 156> <Delay = 1.53>
ST_158 : Operation 559 [31/60] (1.53ns)   --->   "%udiv_ln250 = udiv i56 %shl_ln5, i56 %zext_ln250" [./xf_autowhitebalance.hpp:250]   --->   Operation 559 'udiv' 'udiv_ln250' <Predicate = true> <Delay = 1.53> <CoreInst = "DivnS_SEQ">   --->   Core 7 'DivnS_SEQ' <Latency = 59> <II = 56> <Delay = 1.53> <FuncUnit> <Opcode : 'udiv' 'sdiv' 'urem' 'srem'> <InPorts = 2> <OutPorts = 1>

State 159 <SV = 157> <Delay = 1.53>
ST_159 : Operation 560 [30/60] (1.53ns)   --->   "%udiv_ln250 = udiv i56 %shl_ln5, i56 %zext_ln250" [./xf_autowhitebalance.hpp:250]   --->   Operation 560 'udiv' 'udiv_ln250' <Predicate = true> <Delay = 1.53> <CoreInst = "DivnS_SEQ">   --->   Core 7 'DivnS_SEQ' <Latency = 59> <II = 56> <Delay = 1.53> <FuncUnit> <Opcode : 'udiv' 'sdiv' 'urem' 'srem'> <InPorts = 2> <OutPorts = 1>

State 160 <SV = 158> <Delay = 1.53>
ST_160 : Operation 561 [29/60] (1.53ns)   --->   "%udiv_ln250 = udiv i56 %shl_ln5, i56 %zext_ln250" [./xf_autowhitebalance.hpp:250]   --->   Operation 561 'udiv' 'udiv_ln250' <Predicate = true> <Delay = 1.53> <CoreInst = "DivnS_SEQ">   --->   Core 7 'DivnS_SEQ' <Latency = 59> <II = 56> <Delay = 1.53> <FuncUnit> <Opcode : 'udiv' 'sdiv' 'urem' 'srem'> <InPorts = 2> <OutPorts = 1>

State 161 <SV = 159> <Delay = 1.53>
ST_161 : Operation 562 [28/60] (1.53ns)   --->   "%udiv_ln250 = udiv i56 %shl_ln5, i56 %zext_ln250" [./xf_autowhitebalance.hpp:250]   --->   Operation 562 'udiv' 'udiv_ln250' <Predicate = true> <Delay = 1.53> <CoreInst = "DivnS_SEQ">   --->   Core 7 'DivnS_SEQ' <Latency = 59> <II = 56> <Delay = 1.53> <FuncUnit> <Opcode : 'udiv' 'sdiv' 'urem' 'srem'> <InPorts = 2> <OutPorts = 1>

State 162 <SV = 160> <Delay = 1.53>
ST_162 : Operation 563 [27/60] (1.53ns)   --->   "%udiv_ln250 = udiv i56 %shl_ln5, i56 %zext_ln250" [./xf_autowhitebalance.hpp:250]   --->   Operation 563 'udiv' 'udiv_ln250' <Predicate = true> <Delay = 1.53> <CoreInst = "DivnS_SEQ">   --->   Core 7 'DivnS_SEQ' <Latency = 59> <II = 56> <Delay = 1.53> <FuncUnit> <Opcode : 'udiv' 'sdiv' 'urem' 'srem'> <InPorts = 2> <OutPorts = 1>

State 163 <SV = 161> <Delay = 1.53>
ST_163 : Operation 564 [26/60] (1.53ns)   --->   "%udiv_ln250 = udiv i56 %shl_ln5, i56 %zext_ln250" [./xf_autowhitebalance.hpp:250]   --->   Operation 564 'udiv' 'udiv_ln250' <Predicate = true> <Delay = 1.53> <CoreInst = "DivnS_SEQ">   --->   Core 7 'DivnS_SEQ' <Latency = 59> <II = 56> <Delay = 1.53> <FuncUnit> <Opcode : 'udiv' 'sdiv' 'urem' 'srem'> <InPorts = 2> <OutPorts = 1>

State 164 <SV = 162> <Delay = 1.53>
ST_164 : Operation 565 [25/60] (1.53ns)   --->   "%udiv_ln250 = udiv i56 %shl_ln5, i56 %zext_ln250" [./xf_autowhitebalance.hpp:250]   --->   Operation 565 'udiv' 'udiv_ln250' <Predicate = true> <Delay = 1.53> <CoreInst = "DivnS_SEQ">   --->   Core 7 'DivnS_SEQ' <Latency = 59> <II = 56> <Delay = 1.53> <FuncUnit> <Opcode : 'udiv' 'sdiv' 'urem' 'srem'> <InPorts = 2> <OutPorts = 1>

State 165 <SV = 163> <Delay = 1.53>
ST_165 : Operation 566 [24/60] (1.53ns)   --->   "%udiv_ln250 = udiv i56 %shl_ln5, i56 %zext_ln250" [./xf_autowhitebalance.hpp:250]   --->   Operation 566 'udiv' 'udiv_ln250' <Predicate = true> <Delay = 1.53> <CoreInst = "DivnS_SEQ">   --->   Core 7 'DivnS_SEQ' <Latency = 59> <II = 56> <Delay = 1.53> <FuncUnit> <Opcode : 'udiv' 'sdiv' 'urem' 'srem'> <InPorts = 2> <OutPorts = 1>

State 166 <SV = 164> <Delay = 1.53>
ST_166 : Operation 567 [23/60] (1.53ns)   --->   "%udiv_ln250 = udiv i56 %shl_ln5, i56 %zext_ln250" [./xf_autowhitebalance.hpp:250]   --->   Operation 567 'udiv' 'udiv_ln250' <Predicate = true> <Delay = 1.53> <CoreInst = "DivnS_SEQ">   --->   Core 7 'DivnS_SEQ' <Latency = 59> <II = 56> <Delay = 1.53> <FuncUnit> <Opcode : 'udiv' 'sdiv' 'urem' 'srem'> <InPorts = 2> <OutPorts = 1>

State 167 <SV = 165> <Delay = 1.53>
ST_167 : Operation 568 [22/60] (1.53ns)   --->   "%udiv_ln250 = udiv i56 %shl_ln5, i56 %zext_ln250" [./xf_autowhitebalance.hpp:250]   --->   Operation 568 'udiv' 'udiv_ln250' <Predicate = true> <Delay = 1.53> <CoreInst = "DivnS_SEQ">   --->   Core 7 'DivnS_SEQ' <Latency = 59> <II = 56> <Delay = 1.53> <FuncUnit> <Opcode : 'udiv' 'sdiv' 'urem' 'srem'> <InPorts = 2> <OutPorts = 1>

State 168 <SV = 166> <Delay = 1.53>
ST_168 : Operation 569 [21/60] (1.53ns)   --->   "%udiv_ln250 = udiv i56 %shl_ln5, i56 %zext_ln250" [./xf_autowhitebalance.hpp:250]   --->   Operation 569 'udiv' 'udiv_ln250' <Predicate = true> <Delay = 1.53> <CoreInst = "DivnS_SEQ">   --->   Core 7 'DivnS_SEQ' <Latency = 59> <II = 56> <Delay = 1.53> <FuncUnit> <Opcode : 'udiv' 'sdiv' 'urem' 'srem'> <InPorts = 2> <OutPorts = 1>

State 169 <SV = 167> <Delay = 1.53>
ST_169 : Operation 570 [20/60] (1.53ns)   --->   "%udiv_ln250 = udiv i56 %shl_ln5, i56 %zext_ln250" [./xf_autowhitebalance.hpp:250]   --->   Operation 570 'udiv' 'udiv_ln250' <Predicate = true> <Delay = 1.53> <CoreInst = "DivnS_SEQ">   --->   Core 7 'DivnS_SEQ' <Latency = 59> <II = 56> <Delay = 1.53> <FuncUnit> <Opcode : 'udiv' 'sdiv' 'urem' 'srem'> <InPorts = 2> <OutPorts = 1>

State 170 <SV = 168> <Delay = 1.53>
ST_170 : Operation 571 [19/60] (1.53ns)   --->   "%udiv_ln250 = udiv i56 %shl_ln5, i56 %zext_ln250" [./xf_autowhitebalance.hpp:250]   --->   Operation 571 'udiv' 'udiv_ln250' <Predicate = true> <Delay = 1.53> <CoreInst = "DivnS_SEQ">   --->   Core 7 'DivnS_SEQ' <Latency = 59> <II = 56> <Delay = 1.53> <FuncUnit> <Opcode : 'udiv' 'sdiv' 'urem' 'srem'> <InPorts = 2> <OutPorts = 1>

State 171 <SV = 169> <Delay = 1.53>
ST_171 : Operation 572 [18/60] (1.53ns)   --->   "%udiv_ln250 = udiv i56 %shl_ln5, i56 %zext_ln250" [./xf_autowhitebalance.hpp:250]   --->   Operation 572 'udiv' 'udiv_ln250' <Predicate = true> <Delay = 1.53> <CoreInst = "DivnS_SEQ">   --->   Core 7 'DivnS_SEQ' <Latency = 59> <II = 56> <Delay = 1.53> <FuncUnit> <Opcode : 'udiv' 'sdiv' 'urem' 'srem'> <InPorts = 2> <OutPorts = 1>

State 172 <SV = 170> <Delay = 1.53>
ST_172 : Operation 573 [17/60] (1.53ns)   --->   "%udiv_ln250 = udiv i56 %shl_ln5, i56 %zext_ln250" [./xf_autowhitebalance.hpp:250]   --->   Operation 573 'udiv' 'udiv_ln250' <Predicate = true> <Delay = 1.53> <CoreInst = "DivnS_SEQ">   --->   Core 7 'DivnS_SEQ' <Latency = 59> <II = 56> <Delay = 1.53> <FuncUnit> <Opcode : 'udiv' 'sdiv' 'urem' 'srem'> <InPorts = 2> <OutPorts = 1>

State 173 <SV = 171> <Delay = 1.53>
ST_173 : Operation 574 [16/60] (1.53ns)   --->   "%udiv_ln250 = udiv i56 %shl_ln5, i56 %zext_ln250" [./xf_autowhitebalance.hpp:250]   --->   Operation 574 'udiv' 'udiv_ln250' <Predicate = true> <Delay = 1.53> <CoreInst = "DivnS_SEQ">   --->   Core 7 'DivnS_SEQ' <Latency = 59> <II = 56> <Delay = 1.53> <FuncUnit> <Opcode : 'udiv' 'sdiv' 'urem' 'srem'> <InPorts = 2> <OutPorts = 1>

State 174 <SV = 172> <Delay = 1.53>
ST_174 : Operation 575 [15/60] (1.53ns)   --->   "%udiv_ln250 = udiv i56 %shl_ln5, i56 %zext_ln250" [./xf_autowhitebalance.hpp:250]   --->   Operation 575 'udiv' 'udiv_ln250' <Predicate = true> <Delay = 1.53> <CoreInst = "DivnS_SEQ">   --->   Core 7 'DivnS_SEQ' <Latency = 59> <II = 56> <Delay = 1.53> <FuncUnit> <Opcode : 'udiv' 'sdiv' 'urem' 'srem'> <InPorts = 2> <OutPorts = 1>

State 175 <SV = 173> <Delay = 1.53>
ST_175 : Operation 576 [14/60] (1.53ns)   --->   "%udiv_ln250 = udiv i56 %shl_ln5, i56 %zext_ln250" [./xf_autowhitebalance.hpp:250]   --->   Operation 576 'udiv' 'udiv_ln250' <Predicate = true> <Delay = 1.53> <CoreInst = "DivnS_SEQ">   --->   Core 7 'DivnS_SEQ' <Latency = 59> <II = 56> <Delay = 1.53> <FuncUnit> <Opcode : 'udiv' 'sdiv' 'urem' 'srem'> <InPorts = 2> <OutPorts = 1>

State 176 <SV = 174> <Delay = 1.53>
ST_176 : Operation 577 [13/60] (1.53ns)   --->   "%udiv_ln250 = udiv i56 %shl_ln5, i56 %zext_ln250" [./xf_autowhitebalance.hpp:250]   --->   Operation 577 'udiv' 'udiv_ln250' <Predicate = true> <Delay = 1.53> <CoreInst = "DivnS_SEQ">   --->   Core 7 'DivnS_SEQ' <Latency = 59> <II = 56> <Delay = 1.53> <FuncUnit> <Opcode : 'udiv' 'sdiv' 'urem' 'srem'> <InPorts = 2> <OutPorts = 1>

State 177 <SV = 175> <Delay = 1.53>
ST_177 : Operation 578 [12/60] (1.53ns)   --->   "%udiv_ln250 = udiv i56 %shl_ln5, i56 %zext_ln250" [./xf_autowhitebalance.hpp:250]   --->   Operation 578 'udiv' 'udiv_ln250' <Predicate = true> <Delay = 1.53> <CoreInst = "DivnS_SEQ">   --->   Core 7 'DivnS_SEQ' <Latency = 59> <II = 56> <Delay = 1.53> <FuncUnit> <Opcode : 'udiv' 'sdiv' 'urem' 'srem'> <InPorts = 2> <OutPorts = 1>

State 178 <SV = 176> <Delay = 1.53>
ST_178 : Operation 579 [11/60] (1.53ns)   --->   "%udiv_ln250 = udiv i56 %shl_ln5, i56 %zext_ln250" [./xf_autowhitebalance.hpp:250]   --->   Operation 579 'udiv' 'udiv_ln250' <Predicate = true> <Delay = 1.53> <CoreInst = "DivnS_SEQ">   --->   Core 7 'DivnS_SEQ' <Latency = 59> <II = 56> <Delay = 1.53> <FuncUnit> <Opcode : 'udiv' 'sdiv' 'urem' 'srem'> <InPorts = 2> <OutPorts = 1>

State 179 <SV = 177> <Delay = 1.53>
ST_179 : Operation 580 [10/60] (1.53ns)   --->   "%udiv_ln250 = udiv i56 %shl_ln5, i56 %zext_ln250" [./xf_autowhitebalance.hpp:250]   --->   Operation 580 'udiv' 'udiv_ln250' <Predicate = true> <Delay = 1.53> <CoreInst = "DivnS_SEQ">   --->   Core 7 'DivnS_SEQ' <Latency = 59> <II = 56> <Delay = 1.53> <FuncUnit> <Opcode : 'udiv' 'sdiv' 'urem' 'srem'> <InPorts = 2> <OutPorts = 1>

State 180 <SV = 178> <Delay = 1.53>
ST_180 : Operation 581 [9/60] (1.53ns)   --->   "%udiv_ln250 = udiv i56 %shl_ln5, i56 %zext_ln250" [./xf_autowhitebalance.hpp:250]   --->   Operation 581 'udiv' 'udiv_ln250' <Predicate = true> <Delay = 1.53> <CoreInst = "DivnS_SEQ">   --->   Core 7 'DivnS_SEQ' <Latency = 59> <II = 56> <Delay = 1.53> <FuncUnit> <Opcode : 'udiv' 'sdiv' 'urem' 'srem'> <InPorts = 2> <OutPorts = 1>

State 181 <SV = 179> <Delay = 1.53>
ST_181 : Operation 582 [8/60] (1.53ns)   --->   "%udiv_ln250 = udiv i56 %shl_ln5, i56 %zext_ln250" [./xf_autowhitebalance.hpp:250]   --->   Operation 582 'udiv' 'udiv_ln250' <Predicate = true> <Delay = 1.53> <CoreInst = "DivnS_SEQ">   --->   Core 7 'DivnS_SEQ' <Latency = 59> <II = 56> <Delay = 1.53> <FuncUnit> <Opcode : 'udiv' 'sdiv' 'urem' 'srem'> <InPorts = 2> <OutPorts = 1>

State 182 <SV = 180> <Delay = 1.53>
ST_182 : Operation 583 [7/60] (1.53ns)   --->   "%udiv_ln250 = udiv i56 %shl_ln5, i56 %zext_ln250" [./xf_autowhitebalance.hpp:250]   --->   Operation 583 'udiv' 'udiv_ln250' <Predicate = true> <Delay = 1.53> <CoreInst = "DivnS_SEQ">   --->   Core 7 'DivnS_SEQ' <Latency = 59> <II = 56> <Delay = 1.53> <FuncUnit> <Opcode : 'udiv' 'sdiv' 'urem' 'srem'> <InPorts = 2> <OutPorts = 1>

State 183 <SV = 181> <Delay = 1.53>
ST_183 : Operation 584 [6/60] (1.53ns)   --->   "%udiv_ln250 = udiv i56 %shl_ln5, i56 %zext_ln250" [./xf_autowhitebalance.hpp:250]   --->   Operation 584 'udiv' 'udiv_ln250' <Predicate = true> <Delay = 1.53> <CoreInst = "DivnS_SEQ">   --->   Core 7 'DivnS_SEQ' <Latency = 59> <II = 56> <Delay = 1.53> <FuncUnit> <Opcode : 'udiv' 'sdiv' 'urem' 'srem'> <InPorts = 2> <OutPorts = 1>

State 184 <SV = 182> <Delay = 1.53>
ST_184 : Operation 585 [5/60] (1.53ns)   --->   "%udiv_ln250 = udiv i56 %shl_ln5, i56 %zext_ln250" [./xf_autowhitebalance.hpp:250]   --->   Operation 585 'udiv' 'udiv_ln250' <Predicate = true> <Delay = 1.53> <CoreInst = "DivnS_SEQ">   --->   Core 7 'DivnS_SEQ' <Latency = 59> <II = 56> <Delay = 1.53> <FuncUnit> <Opcode : 'udiv' 'sdiv' 'urem' 'srem'> <InPorts = 2> <OutPorts = 1>

State 185 <SV = 183> <Delay = 1.53>
ST_185 : Operation 586 [4/60] (1.53ns)   --->   "%udiv_ln250 = udiv i56 %shl_ln5, i56 %zext_ln250" [./xf_autowhitebalance.hpp:250]   --->   Operation 586 'udiv' 'udiv_ln250' <Predicate = true> <Delay = 1.53> <CoreInst = "DivnS_SEQ">   --->   Core 7 'DivnS_SEQ' <Latency = 59> <II = 56> <Delay = 1.53> <FuncUnit> <Opcode : 'udiv' 'sdiv' 'urem' 'srem'> <InPorts = 2> <OutPorts = 1>

State 186 <SV = 184> <Delay = 1.53>
ST_186 : Operation 587 [3/60] (1.53ns)   --->   "%udiv_ln250 = udiv i56 %shl_ln5, i56 %zext_ln250" [./xf_autowhitebalance.hpp:250]   --->   Operation 587 'udiv' 'udiv_ln250' <Predicate = true> <Delay = 1.53> <CoreInst = "DivnS_SEQ">   --->   Core 7 'DivnS_SEQ' <Latency = 59> <II = 56> <Delay = 1.53> <FuncUnit> <Opcode : 'udiv' 'sdiv' 'urem' 'srem'> <InPorts = 2> <OutPorts = 1>

State 187 <SV = 185> <Delay = 1.53>
ST_187 : Operation 588 [2/60] (1.53ns)   --->   "%udiv_ln250 = udiv i56 %shl_ln5, i56 %zext_ln250" [./xf_autowhitebalance.hpp:250]   --->   Operation 588 'udiv' 'udiv_ln250' <Predicate = true> <Delay = 1.53> <CoreInst = "DivnS_SEQ">   --->   Core 7 'DivnS_SEQ' <Latency = 59> <II = 56> <Delay = 1.53> <FuncUnit> <Opcode : 'udiv' 'sdiv' 'urem' 'srem'> <InPorts = 2> <OutPorts = 1>

State 188 <SV = 186> <Delay = 6.45>
ST_188 : Operation 589 [1/60] (1.53ns)   --->   "%udiv_ln250 = udiv i56 %shl_ln5, i56 %zext_ln250" [./xf_autowhitebalance.hpp:250]   --->   Operation 589 'udiv' 'udiv_ln250' <Predicate = (!icmp_ln247)> <Delay = 1.53> <CoreInst = "DivnS_SEQ">   --->   Core 7 'DivnS_SEQ' <Latency = 59> <II = 56> <Delay = 1.53> <FuncUnit> <Opcode : 'udiv' 'sdiv' 'urem' 'srem'> <InPorts = 2> <OutPorts = 1>
ST_188 : Operation 590 [1/1] (0.42ns)   --->   "%br_ln0 = br void %if.end198"   --->   Operation 590 'br' 'br_ln0' <Predicate = (!icmp_ln247)> <Delay = 0.42>
ST_188 : Operation 591 [1/1] (0.00ns)   --->   "%dinR1 = phi i56 %udiv_ln250, void %if.else194, i56 0, void %if.end189" [./xf_autowhitebalance.hpp:250]   --->   Operation 591 'phi' 'dinR1' <Predicate = true> <Delay = 0.00>
ST_188 : Operation 592 [1/1] (1.09ns)   --->   "%icmp_ln253 = icmp_ugt  i56 %dinG1, i56 %dinR1" [./xf_autowhitebalance.hpp:253]   --->   Operation 592 'icmp' 'icmp_ln253' <Predicate = true> <Delay = 1.09> <CoreInst = "Cmp">   --->   Core 9 'Cmp' <Latency = 0> <II = 1> <Delay = 1.09> <FuncUnit> <Opcode : 'seteq' 'setne' 'setle' 'setge' 'setlt' 'setgt'> <InPorts = 2> <OutPorts = 1>
ST_188 : Operation 593 [1/1] (0.36ns)   --->   "%select_ln253 = select i1 %icmp_ln253, i56 %dinG1, i56 %dinR1" [./xf_autowhitebalance.hpp:253]   --->   Operation 593 'select' 'select_ln253' <Predicate = true> <Delay = 0.36> <CoreInst = "Sel">   --->   Core 73 'Sel' <Latency = 0> <II = 1> <Delay = 0.36> <FuncUnit> <Opcode : 'select'> <InPorts = 3> <OutPorts = 1>
ST_188 : Operation 594 [1/1] (1.09ns)   --->   "%icmp_ln253_1 = icmp_ugt  i56 %dinB1, i56 %select_ln253" [./xf_autowhitebalance.hpp:253]   --->   Operation 594 'icmp' 'icmp_ln253_1' <Predicate = true> <Delay = 1.09> <CoreInst = "Cmp">   --->   Core 9 'Cmp' <Latency = 0> <II = 1> <Delay = 1.09> <FuncUnit> <Opcode : 'seteq' 'setne' 'setle' 'setge' 'setlt' 'setgt'> <InPorts = 2> <OutPorts = 1>
ST_188 : Operation 595 [1/1] (0.36ns)   --->   "%gain_max1 = select i1 %icmp_ln253_1, i56 %dinB1, i56 %select_ln253" [./xf_autowhitebalance.hpp:253]   --->   Operation 595 'select' 'gain_max1' <Predicate = true> <Delay = 0.36> <CoreInst = "Sel">   --->   Core 73 'Sel' <Latency = 0> <II = 1> <Delay = 0.36> <FuncUnit> <Opcode : 'select'> <InPorts = 3> <OutPorts = 1>
ST_188 : Operation 596 [1/1] (1.09ns)   --->   "%icmp_ln255 = icmp_eq  i56 %gain_max1, i56 0" [./xf_autowhitebalance.hpp:255]   --->   Operation 596 'icmp' 'icmp_ln255' <Predicate = true> <Delay = 1.09> <CoreInst = "Cmp">   --->   Core 9 'Cmp' <Latency = 0> <II = 1> <Delay = 1.09> <FuncUnit> <Opcode : 'seteq' 'setne' 'setle' 'setge' 'setlt' 'setgt'> <InPorts = 2> <OutPorts = 1>
ST_188 : Operation 597 [1/1] (0.42ns)   --->   "%br_ln255 = br i1 %icmp_ln255, void %if.then215, void %_ZmlILi56ELi10ELb0EL9ap_q_mode5EL9ap_o_mode3ELi0EEN13ap_fixed_baseIXT_EXT0_EXT1_ELS0_5ELS1_3ELi0EE5RTypeIL3$_032ELS5_32ELb1EE4multERKS2_IXT_EXT0_EXT1_EXT2_EXT3_EXT4_EEi.exit170" [./xf_autowhitebalance.hpp:255]   --->   Operation 597 'br' 'br_ln255' <Predicate = true> <Delay = 0.42>
ST_188 : Operation 598 [1/1] (0.00ns)   --->   "%shl_ln6 = bitconcatenate i102 @_ssdm_op_BitConcatenate.i102.i56.i46, i56 %dinB1, i46 0" [./xf_autowhitebalance.hpp:256]   --->   Operation 598 'bitconcatenate' 'shl_ln6' <Predicate = (!icmp_ln255)> <Delay = 0.00>
ST_188 : Operation 599 [1/1] (0.00ns)   --->   "%zext_ln256 = zext i56 %gain_max1" [./xf_autowhitebalance.hpp:256]   --->   Operation 599 'zext' 'zext_ln256' <Predicate = (!icmp_ln255)> <Delay = 0.00>
ST_188 : Operation 600 [106/106] (1.56ns)   --->   "%udiv_ln256 = udiv i102 %shl_ln6, i102 %zext_ln256" [./xf_autowhitebalance.hpp:256]   --->   Operation 600 'udiv' 'udiv_ln256' <Predicate = (!icmp_ln255)> <Delay = 1.56> <CoreInst = "DivnS_SEQ">   --->   Core 7 'DivnS_SEQ' <Latency = 105> <II = 56> <Delay = 1.56> <FuncUnit> <Opcode : 'udiv' 'sdiv' 'urem' 'srem'> <InPorts = 2> <OutPorts = 1>
ST_188 : Operation 601 [1/1] (0.00ns)   --->   "%shl_ln7 = bitconcatenate i102 @_ssdm_op_BitConcatenate.i102.i56.i46, i56 %dinG1, i46 0" [./xf_autowhitebalance.hpp:257]   --->   Operation 601 'bitconcatenate' 'shl_ln7' <Predicate = (!icmp_ln255)> <Delay = 0.00>
ST_188 : Operation 602 [106/106] (1.56ns)   --->   "%udiv_ln257 = udiv i102 %shl_ln7, i102 %zext_ln256" [./xf_autowhitebalance.hpp:257]   --->   Operation 602 'udiv' 'udiv_ln257' <Predicate = (!icmp_ln255)> <Delay = 1.56> <CoreInst = "DivnS_SEQ">   --->   Core 7 'DivnS_SEQ' <Latency = 105> <II = 56> <Delay = 1.56> <FuncUnit> <Opcode : 'udiv' 'sdiv' 'urem' 'srem'> <InPorts = 2> <OutPorts = 1>
ST_188 : Operation 603 [1/1] (0.00ns)   --->   "%shl_ln8 = bitconcatenate i102 @_ssdm_op_BitConcatenate.i102.i56.i46, i56 %dinR1, i46 0" [./xf_autowhitebalance.hpp:258]   --->   Operation 603 'bitconcatenate' 'shl_ln8' <Predicate = (!icmp_ln255)> <Delay = 0.00>
ST_188 : Operation 604 [106/106] (1.56ns)   --->   "%udiv_ln258 = udiv i102 %shl_ln8, i102 %zext_ln256" [./xf_autowhitebalance.hpp:258]   --->   Operation 604 'udiv' 'udiv_ln258' <Predicate = (!icmp_ln255)> <Delay = 1.56> <CoreInst = "DivnS_SEQ">   --->   Core 7 'DivnS_SEQ' <Latency = 105> <II = 56> <Delay = 1.56> <FuncUnit> <Opcode : 'udiv' 'sdiv' 'urem' 'srem'> <InPorts = 2> <OutPorts = 1>

State 189 <SV = 187> <Delay = 1.56>
ST_189 : Operation 605 [105/106] (1.56ns)   --->   "%udiv_ln256 = udiv i102 %shl_ln6, i102 %zext_ln256" [./xf_autowhitebalance.hpp:256]   --->   Operation 605 'udiv' 'udiv_ln256' <Predicate = true> <Delay = 1.56> <CoreInst = "DivnS_SEQ">   --->   Core 7 'DivnS_SEQ' <Latency = 105> <II = 56> <Delay = 1.56> <FuncUnit> <Opcode : 'udiv' 'sdiv' 'urem' 'srem'> <InPorts = 2> <OutPorts = 1>
ST_189 : Operation 606 [105/106] (1.56ns)   --->   "%udiv_ln257 = udiv i102 %shl_ln7, i102 %zext_ln256" [./xf_autowhitebalance.hpp:257]   --->   Operation 606 'udiv' 'udiv_ln257' <Predicate = true> <Delay = 1.56> <CoreInst = "DivnS_SEQ">   --->   Core 7 'DivnS_SEQ' <Latency = 105> <II = 56> <Delay = 1.56> <FuncUnit> <Opcode : 'udiv' 'sdiv' 'urem' 'srem'> <InPorts = 2> <OutPorts = 1>
ST_189 : Operation 607 [105/106] (1.56ns)   --->   "%udiv_ln258 = udiv i102 %shl_ln8, i102 %zext_ln256" [./xf_autowhitebalance.hpp:258]   --->   Operation 607 'udiv' 'udiv_ln258' <Predicate = true> <Delay = 1.56> <CoreInst = "DivnS_SEQ">   --->   Core 7 'DivnS_SEQ' <Latency = 105> <II = 56> <Delay = 1.56> <FuncUnit> <Opcode : 'udiv' 'sdiv' 'urem' 'srem'> <InPorts = 2> <OutPorts = 1>

State 190 <SV = 188> <Delay = 1.56>
ST_190 : Operation 608 [104/106] (1.56ns)   --->   "%udiv_ln256 = udiv i102 %shl_ln6, i102 %zext_ln256" [./xf_autowhitebalance.hpp:256]   --->   Operation 608 'udiv' 'udiv_ln256' <Predicate = true> <Delay = 1.56> <CoreInst = "DivnS_SEQ">   --->   Core 7 'DivnS_SEQ' <Latency = 105> <II = 56> <Delay = 1.56> <FuncUnit> <Opcode : 'udiv' 'sdiv' 'urem' 'srem'> <InPorts = 2> <OutPorts = 1>
ST_190 : Operation 609 [104/106] (1.56ns)   --->   "%udiv_ln257 = udiv i102 %shl_ln7, i102 %zext_ln256" [./xf_autowhitebalance.hpp:257]   --->   Operation 609 'udiv' 'udiv_ln257' <Predicate = true> <Delay = 1.56> <CoreInst = "DivnS_SEQ">   --->   Core 7 'DivnS_SEQ' <Latency = 105> <II = 56> <Delay = 1.56> <FuncUnit> <Opcode : 'udiv' 'sdiv' 'urem' 'srem'> <InPorts = 2> <OutPorts = 1>
ST_190 : Operation 610 [104/106] (1.56ns)   --->   "%udiv_ln258 = udiv i102 %shl_ln8, i102 %zext_ln256" [./xf_autowhitebalance.hpp:258]   --->   Operation 610 'udiv' 'udiv_ln258' <Predicate = true> <Delay = 1.56> <CoreInst = "DivnS_SEQ">   --->   Core 7 'DivnS_SEQ' <Latency = 105> <II = 56> <Delay = 1.56> <FuncUnit> <Opcode : 'udiv' 'sdiv' 'urem' 'srem'> <InPorts = 2> <OutPorts = 1>

State 191 <SV = 189> <Delay = 1.56>
ST_191 : Operation 611 [103/106] (1.56ns)   --->   "%udiv_ln256 = udiv i102 %shl_ln6, i102 %zext_ln256" [./xf_autowhitebalance.hpp:256]   --->   Operation 611 'udiv' 'udiv_ln256' <Predicate = true> <Delay = 1.56> <CoreInst = "DivnS_SEQ">   --->   Core 7 'DivnS_SEQ' <Latency = 105> <II = 56> <Delay = 1.56> <FuncUnit> <Opcode : 'udiv' 'sdiv' 'urem' 'srem'> <InPorts = 2> <OutPorts = 1>
ST_191 : Operation 612 [103/106] (1.56ns)   --->   "%udiv_ln257 = udiv i102 %shl_ln7, i102 %zext_ln256" [./xf_autowhitebalance.hpp:257]   --->   Operation 612 'udiv' 'udiv_ln257' <Predicate = true> <Delay = 1.56> <CoreInst = "DivnS_SEQ">   --->   Core 7 'DivnS_SEQ' <Latency = 105> <II = 56> <Delay = 1.56> <FuncUnit> <Opcode : 'udiv' 'sdiv' 'urem' 'srem'> <InPorts = 2> <OutPorts = 1>
ST_191 : Operation 613 [103/106] (1.56ns)   --->   "%udiv_ln258 = udiv i102 %shl_ln8, i102 %zext_ln256" [./xf_autowhitebalance.hpp:258]   --->   Operation 613 'udiv' 'udiv_ln258' <Predicate = true> <Delay = 1.56> <CoreInst = "DivnS_SEQ">   --->   Core 7 'DivnS_SEQ' <Latency = 105> <II = 56> <Delay = 1.56> <FuncUnit> <Opcode : 'udiv' 'sdiv' 'urem' 'srem'> <InPorts = 2> <OutPorts = 1>

State 192 <SV = 190> <Delay = 1.56>
ST_192 : Operation 614 [102/106] (1.56ns)   --->   "%udiv_ln256 = udiv i102 %shl_ln6, i102 %zext_ln256" [./xf_autowhitebalance.hpp:256]   --->   Operation 614 'udiv' 'udiv_ln256' <Predicate = true> <Delay = 1.56> <CoreInst = "DivnS_SEQ">   --->   Core 7 'DivnS_SEQ' <Latency = 105> <II = 56> <Delay = 1.56> <FuncUnit> <Opcode : 'udiv' 'sdiv' 'urem' 'srem'> <InPorts = 2> <OutPorts = 1>
ST_192 : Operation 615 [102/106] (1.56ns)   --->   "%udiv_ln257 = udiv i102 %shl_ln7, i102 %zext_ln256" [./xf_autowhitebalance.hpp:257]   --->   Operation 615 'udiv' 'udiv_ln257' <Predicate = true> <Delay = 1.56> <CoreInst = "DivnS_SEQ">   --->   Core 7 'DivnS_SEQ' <Latency = 105> <II = 56> <Delay = 1.56> <FuncUnit> <Opcode : 'udiv' 'sdiv' 'urem' 'srem'> <InPorts = 2> <OutPorts = 1>
ST_192 : Operation 616 [102/106] (1.56ns)   --->   "%udiv_ln258 = udiv i102 %shl_ln8, i102 %zext_ln256" [./xf_autowhitebalance.hpp:258]   --->   Operation 616 'udiv' 'udiv_ln258' <Predicate = true> <Delay = 1.56> <CoreInst = "DivnS_SEQ">   --->   Core 7 'DivnS_SEQ' <Latency = 105> <II = 56> <Delay = 1.56> <FuncUnit> <Opcode : 'udiv' 'sdiv' 'urem' 'srem'> <InPorts = 2> <OutPorts = 1>

State 193 <SV = 191> <Delay = 1.56>
ST_193 : Operation 617 [101/106] (1.56ns)   --->   "%udiv_ln256 = udiv i102 %shl_ln6, i102 %zext_ln256" [./xf_autowhitebalance.hpp:256]   --->   Operation 617 'udiv' 'udiv_ln256' <Predicate = true> <Delay = 1.56> <CoreInst = "DivnS_SEQ">   --->   Core 7 'DivnS_SEQ' <Latency = 105> <II = 56> <Delay = 1.56> <FuncUnit> <Opcode : 'udiv' 'sdiv' 'urem' 'srem'> <InPorts = 2> <OutPorts = 1>
ST_193 : Operation 618 [101/106] (1.56ns)   --->   "%udiv_ln257 = udiv i102 %shl_ln7, i102 %zext_ln256" [./xf_autowhitebalance.hpp:257]   --->   Operation 618 'udiv' 'udiv_ln257' <Predicate = true> <Delay = 1.56> <CoreInst = "DivnS_SEQ">   --->   Core 7 'DivnS_SEQ' <Latency = 105> <II = 56> <Delay = 1.56> <FuncUnit> <Opcode : 'udiv' 'sdiv' 'urem' 'srem'> <InPorts = 2> <OutPorts = 1>
ST_193 : Operation 619 [101/106] (1.56ns)   --->   "%udiv_ln258 = udiv i102 %shl_ln8, i102 %zext_ln256" [./xf_autowhitebalance.hpp:258]   --->   Operation 619 'udiv' 'udiv_ln258' <Predicate = true> <Delay = 1.56> <CoreInst = "DivnS_SEQ">   --->   Core 7 'DivnS_SEQ' <Latency = 105> <II = 56> <Delay = 1.56> <FuncUnit> <Opcode : 'udiv' 'sdiv' 'urem' 'srem'> <InPorts = 2> <OutPorts = 1>

State 194 <SV = 192> <Delay = 1.56>
ST_194 : Operation 620 [100/106] (1.56ns)   --->   "%udiv_ln256 = udiv i102 %shl_ln6, i102 %zext_ln256" [./xf_autowhitebalance.hpp:256]   --->   Operation 620 'udiv' 'udiv_ln256' <Predicate = true> <Delay = 1.56> <CoreInst = "DivnS_SEQ">   --->   Core 7 'DivnS_SEQ' <Latency = 105> <II = 56> <Delay = 1.56> <FuncUnit> <Opcode : 'udiv' 'sdiv' 'urem' 'srem'> <InPorts = 2> <OutPorts = 1>
ST_194 : Operation 621 [100/106] (1.56ns)   --->   "%udiv_ln257 = udiv i102 %shl_ln7, i102 %zext_ln256" [./xf_autowhitebalance.hpp:257]   --->   Operation 621 'udiv' 'udiv_ln257' <Predicate = true> <Delay = 1.56> <CoreInst = "DivnS_SEQ">   --->   Core 7 'DivnS_SEQ' <Latency = 105> <II = 56> <Delay = 1.56> <FuncUnit> <Opcode : 'udiv' 'sdiv' 'urem' 'srem'> <InPorts = 2> <OutPorts = 1>
ST_194 : Operation 622 [100/106] (1.56ns)   --->   "%udiv_ln258 = udiv i102 %shl_ln8, i102 %zext_ln256" [./xf_autowhitebalance.hpp:258]   --->   Operation 622 'udiv' 'udiv_ln258' <Predicate = true> <Delay = 1.56> <CoreInst = "DivnS_SEQ">   --->   Core 7 'DivnS_SEQ' <Latency = 105> <II = 56> <Delay = 1.56> <FuncUnit> <Opcode : 'udiv' 'sdiv' 'urem' 'srem'> <InPorts = 2> <OutPorts = 1>

State 195 <SV = 193> <Delay = 1.56>
ST_195 : Operation 623 [99/106] (1.56ns)   --->   "%udiv_ln256 = udiv i102 %shl_ln6, i102 %zext_ln256" [./xf_autowhitebalance.hpp:256]   --->   Operation 623 'udiv' 'udiv_ln256' <Predicate = true> <Delay = 1.56> <CoreInst = "DivnS_SEQ">   --->   Core 7 'DivnS_SEQ' <Latency = 105> <II = 56> <Delay = 1.56> <FuncUnit> <Opcode : 'udiv' 'sdiv' 'urem' 'srem'> <InPorts = 2> <OutPorts = 1>
ST_195 : Operation 624 [99/106] (1.56ns)   --->   "%udiv_ln257 = udiv i102 %shl_ln7, i102 %zext_ln256" [./xf_autowhitebalance.hpp:257]   --->   Operation 624 'udiv' 'udiv_ln257' <Predicate = true> <Delay = 1.56> <CoreInst = "DivnS_SEQ">   --->   Core 7 'DivnS_SEQ' <Latency = 105> <II = 56> <Delay = 1.56> <FuncUnit> <Opcode : 'udiv' 'sdiv' 'urem' 'srem'> <InPorts = 2> <OutPorts = 1>
ST_195 : Operation 625 [99/106] (1.56ns)   --->   "%udiv_ln258 = udiv i102 %shl_ln8, i102 %zext_ln256" [./xf_autowhitebalance.hpp:258]   --->   Operation 625 'udiv' 'udiv_ln258' <Predicate = true> <Delay = 1.56> <CoreInst = "DivnS_SEQ">   --->   Core 7 'DivnS_SEQ' <Latency = 105> <II = 56> <Delay = 1.56> <FuncUnit> <Opcode : 'udiv' 'sdiv' 'urem' 'srem'> <InPorts = 2> <OutPorts = 1>

State 196 <SV = 194> <Delay = 1.56>
ST_196 : Operation 626 [98/106] (1.56ns)   --->   "%udiv_ln256 = udiv i102 %shl_ln6, i102 %zext_ln256" [./xf_autowhitebalance.hpp:256]   --->   Operation 626 'udiv' 'udiv_ln256' <Predicate = true> <Delay = 1.56> <CoreInst = "DivnS_SEQ">   --->   Core 7 'DivnS_SEQ' <Latency = 105> <II = 56> <Delay = 1.56> <FuncUnit> <Opcode : 'udiv' 'sdiv' 'urem' 'srem'> <InPorts = 2> <OutPorts = 1>
ST_196 : Operation 627 [98/106] (1.56ns)   --->   "%udiv_ln257 = udiv i102 %shl_ln7, i102 %zext_ln256" [./xf_autowhitebalance.hpp:257]   --->   Operation 627 'udiv' 'udiv_ln257' <Predicate = true> <Delay = 1.56> <CoreInst = "DivnS_SEQ">   --->   Core 7 'DivnS_SEQ' <Latency = 105> <II = 56> <Delay = 1.56> <FuncUnit> <Opcode : 'udiv' 'sdiv' 'urem' 'srem'> <InPorts = 2> <OutPorts = 1>
ST_196 : Operation 628 [98/106] (1.56ns)   --->   "%udiv_ln258 = udiv i102 %shl_ln8, i102 %zext_ln256" [./xf_autowhitebalance.hpp:258]   --->   Operation 628 'udiv' 'udiv_ln258' <Predicate = true> <Delay = 1.56> <CoreInst = "DivnS_SEQ">   --->   Core 7 'DivnS_SEQ' <Latency = 105> <II = 56> <Delay = 1.56> <FuncUnit> <Opcode : 'udiv' 'sdiv' 'urem' 'srem'> <InPorts = 2> <OutPorts = 1>

State 197 <SV = 195> <Delay = 1.56>
ST_197 : Operation 629 [97/106] (1.56ns)   --->   "%udiv_ln256 = udiv i102 %shl_ln6, i102 %zext_ln256" [./xf_autowhitebalance.hpp:256]   --->   Operation 629 'udiv' 'udiv_ln256' <Predicate = true> <Delay = 1.56> <CoreInst = "DivnS_SEQ">   --->   Core 7 'DivnS_SEQ' <Latency = 105> <II = 56> <Delay = 1.56> <FuncUnit> <Opcode : 'udiv' 'sdiv' 'urem' 'srem'> <InPorts = 2> <OutPorts = 1>
ST_197 : Operation 630 [97/106] (1.56ns)   --->   "%udiv_ln257 = udiv i102 %shl_ln7, i102 %zext_ln256" [./xf_autowhitebalance.hpp:257]   --->   Operation 630 'udiv' 'udiv_ln257' <Predicate = true> <Delay = 1.56> <CoreInst = "DivnS_SEQ">   --->   Core 7 'DivnS_SEQ' <Latency = 105> <II = 56> <Delay = 1.56> <FuncUnit> <Opcode : 'udiv' 'sdiv' 'urem' 'srem'> <InPorts = 2> <OutPorts = 1>
ST_197 : Operation 631 [97/106] (1.56ns)   --->   "%udiv_ln258 = udiv i102 %shl_ln8, i102 %zext_ln256" [./xf_autowhitebalance.hpp:258]   --->   Operation 631 'udiv' 'udiv_ln258' <Predicate = true> <Delay = 1.56> <CoreInst = "DivnS_SEQ">   --->   Core 7 'DivnS_SEQ' <Latency = 105> <II = 56> <Delay = 1.56> <FuncUnit> <Opcode : 'udiv' 'sdiv' 'urem' 'srem'> <InPorts = 2> <OutPorts = 1>

State 198 <SV = 196> <Delay = 1.56>
ST_198 : Operation 632 [96/106] (1.56ns)   --->   "%udiv_ln256 = udiv i102 %shl_ln6, i102 %zext_ln256" [./xf_autowhitebalance.hpp:256]   --->   Operation 632 'udiv' 'udiv_ln256' <Predicate = true> <Delay = 1.56> <CoreInst = "DivnS_SEQ">   --->   Core 7 'DivnS_SEQ' <Latency = 105> <II = 56> <Delay = 1.56> <FuncUnit> <Opcode : 'udiv' 'sdiv' 'urem' 'srem'> <InPorts = 2> <OutPorts = 1>
ST_198 : Operation 633 [96/106] (1.56ns)   --->   "%udiv_ln257 = udiv i102 %shl_ln7, i102 %zext_ln256" [./xf_autowhitebalance.hpp:257]   --->   Operation 633 'udiv' 'udiv_ln257' <Predicate = true> <Delay = 1.56> <CoreInst = "DivnS_SEQ">   --->   Core 7 'DivnS_SEQ' <Latency = 105> <II = 56> <Delay = 1.56> <FuncUnit> <Opcode : 'udiv' 'sdiv' 'urem' 'srem'> <InPorts = 2> <OutPorts = 1>
ST_198 : Operation 634 [96/106] (1.56ns)   --->   "%udiv_ln258 = udiv i102 %shl_ln8, i102 %zext_ln256" [./xf_autowhitebalance.hpp:258]   --->   Operation 634 'udiv' 'udiv_ln258' <Predicate = true> <Delay = 1.56> <CoreInst = "DivnS_SEQ">   --->   Core 7 'DivnS_SEQ' <Latency = 105> <II = 56> <Delay = 1.56> <FuncUnit> <Opcode : 'udiv' 'sdiv' 'urem' 'srem'> <InPorts = 2> <OutPorts = 1>

State 199 <SV = 197> <Delay = 1.56>
ST_199 : Operation 635 [95/106] (1.56ns)   --->   "%udiv_ln256 = udiv i102 %shl_ln6, i102 %zext_ln256" [./xf_autowhitebalance.hpp:256]   --->   Operation 635 'udiv' 'udiv_ln256' <Predicate = true> <Delay = 1.56> <CoreInst = "DivnS_SEQ">   --->   Core 7 'DivnS_SEQ' <Latency = 105> <II = 56> <Delay = 1.56> <FuncUnit> <Opcode : 'udiv' 'sdiv' 'urem' 'srem'> <InPorts = 2> <OutPorts = 1>
ST_199 : Operation 636 [95/106] (1.56ns)   --->   "%udiv_ln257 = udiv i102 %shl_ln7, i102 %zext_ln256" [./xf_autowhitebalance.hpp:257]   --->   Operation 636 'udiv' 'udiv_ln257' <Predicate = true> <Delay = 1.56> <CoreInst = "DivnS_SEQ">   --->   Core 7 'DivnS_SEQ' <Latency = 105> <II = 56> <Delay = 1.56> <FuncUnit> <Opcode : 'udiv' 'sdiv' 'urem' 'srem'> <InPorts = 2> <OutPorts = 1>
ST_199 : Operation 637 [95/106] (1.56ns)   --->   "%udiv_ln258 = udiv i102 %shl_ln8, i102 %zext_ln256" [./xf_autowhitebalance.hpp:258]   --->   Operation 637 'udiv' 'udiv_ln258' <Predicate = true> <Delay = 1.56> <CoreInst = "DivnS_SEQ">   --->   Core 7 'DivnS_SEQ' <Latency = 105> <II = 56> <Delay = 1.56> <FuncUnit> <Opcode : 'udiv' 'sdiv' 'urem' 'srem'> <InPorts = 2> <OutPorts = 1>

State 200 <SV = 198> <Delay = 1.56>
ST_200 : Operation 638 [94/106] (1.56ns)   --->   "%udiv_ln256 = udiv i102 %shl_ln6, i102 %zext_ln256" [./xf_autowhitebalance.hpp:256]   --->   Operation 638 'udiv' 'udiv_ln256' <Predicate = true> <Delay = 1.56> <CoreInst = "DivnS_SEQ">   --->   Core 7 'DivnS_SEQ' <Latency = 105> <II = 56> <Delay = 1.56> <FuncUnit> <Opcode : 'udiv' 'sdiv' 'urem' 'srem'> <InPorts = 2> <OutPorts = 1>
ST_200 : Operation 639 [94/106] (1.56ns)   --->   "%udiv_ln257 = udiv i102 %shl_ln7, i102 %zext_ln256" [./xf_autowhitebalance.hpp:257]   --->   Operation 639 'udiv' 'udiv_ln257' <Predicate = true> <Delay = 1.56> <CoreInst = "DivnS_SEQ">   --->   Core 7 'DivnS_SEQ' <Latency = 105> <II = 56> <Delay = 1.56> <FuncUnit> <Opcode : 'udiv' 'sdiv' 'urem' 'srem'> <InPorts = 2> <OutPorts = 1>
ST_200 : Operation 640 [94/106] (1.56ns)   --->   "%udiv_ln258 = udiv i102 %shl_ln8, i102 %zext_ln256" [./xf_autowhitebalance.hpp:258]   --->   Operation 640 'udiv' 'udiv_ln258' <Predicate = true> <Delay = 1.56> <CoreInst = "DivnS_SEQ">   --->   Core 7 'DivnS_SEQ' <Latency = 105> <II = 56> <Delay = 1.56> <FuncUnit> <Opcode : 'udiv' 'sdiv' 'urem' 'srem'> <InPorts = 2> <OutPorts = 1>

State 201 <SV = 199> <Delay = 1.56>
ST_201 : Operation 641 [93/106] (1.56ns)   --->   "%udiv_ln256 = udiv i102 %shl_ln6, i102 %zext_ln256" [./xf_autowhitebalance.hpp:256]   --->   Operation 641 'udiv' 'udiv_ln256' <Predicate = true> <Delay = 1.56> <CoreInst = "DivnS_SEQ">   --->   Core 7 'DivnS_SEQ' <Latency = 105> <II = 56> <Delay = 1.56> <FuncUnit> <Opcode : 'udiv' 'sdiv' 'urem' 'srem'> <InPorts = 2> <OutPorts = 1>
ST_201 : Operation 642 [93/106] (1.56ns)   --->   "%udiv_ln257 = udiv i102 %shl_ln7, i102 %zext_ln256" [./xf_autowhitebalance.hpp:257]   --->   Operation 642 'udiv' 'udiv_ln257' <Predicate = true> <Delay = 1.56> <CoreInst = "DivnS_SEQ">   --->   Core 7 'DivnS_SEQ' <Latency = 105> <II = 56> <Delay = 1.56> <FuncUnit> <Opcode : 'udiv' 'sdiv' 'urem' 'srem'> <InPorts = 2> <OutPorts = 1>
ST_201 : Operation 643 [93/106] (1.56ns)   --->   "%udiv_ln258 = udiv i102 %shl_ln8, i102 %zext_ln256" [./xf_autowhitebalance.hpp:258]   --->   Operation 643 'udiv' 'udiv_ln258' <Predicate = true> <Delay = 1.56> <CoreInst = "DivnS_SEQ">   --->   Core 7 'DivnS_SEQ' <Latency = 105> <II = 56> <Delay = 1.56> <FuncUnit> <Opcode : 'udiv' 'sdiv' 'urem' 'srem'> <InPorts = 2> <OutPorts = 1>

State 202 <SV = 200> <Delay = 1.56>
ST_202 : Operation 644 [92/106] (1.56ns)   --->   "%udiv_ln256 = udiv i102 %shl_ln6, i102 %zext_ln256" [./xf_autowhitebalance.hpp:256]   --->   Operation 644 'udiv' 'udiv_ln256' <Predicate = true> <Delay = 1.56> <CoreInst = "DivnS_SEQ">   --->   Core 7 'DivnS_SEQ' <Latency = 105> <II = 56> <Delay = 1.56> <FuncUnit> <Opcode : 'udiv' 'sdiv' 'urem' 'srem'> <InPorts = 2> <OutPorts = 1>
ST_202 : Operation 645 [92/106] (1.56ns)   --->   "%udiv_ln257 = udiv i102 %shl_ln7, i102 %zext_ln256" [./xf_autowhitebalance.hpp:257]   --->   Operation 645 'udiv' 'udiv_ln257' <Predicate = true> <Delay = 1.56> <CoreInst = "DivnS_SEQ">   --->   Core 7 'DivnS_SEQ' <Latency = 105> <II = 56> <Delay = 1.56> <FuncUnit> <Opcode : 'udiv' 'sdiv' 'urem' 'srem'> <InPorts = 2> <OutPorts = 1>
ST_202 : Operation 646 [92/106] (1.56ns)   --->   "%udiv_ln258 = udiv i102 %shl_ln8, i102 %zext_ln256" [./xf_autowhitebalance.hpp:258]   --->   Operation 646 'udiv' 'udiv_ln258' <Predicate = true> <Delay = 1.56> <CoreInst = "DivnS_SEQ">   --->   Core 7 'DivnS_SEQ' <Latency = 105> <II = 56> <Delay = 1.56> <FuncUnit> <Opcode : 'udiv' 'sdiv' 'urem' 'srem'> <InPorts = 2> <OutPorts = 1>

State 203 <SV = 201> <Delay = 1.56>
ST_203 : Operation 647 [91/106] (1.56ns)   --->   "%udiv_ln256 = udiv i102 %shl_ln6, i102 %zext_ln256" [./xf_autowhitebalance.hpp:256]   --->   Operation 647 'udiv' 'udiv_ln256' <Predicate = true> <Delay = 1.56> <CoreInst = "DivnS_SEQ">   --->   Core 7 'DivnS_SEQ' <Latency = 105> <II = 56> <Delay = 1.56> <FuncUnit> <Opcode : 'udiv' 'sdiv' 'urem' 'srem'> <InPorts = 2> <OutPorts = 1>
ST_203 : Operation 648 [91/106] (1.56ns)   --->   "%udiv_ln257 = udiv i102 %shl_ln7, i102 %zext_ln256" [./xf_autowhitebalance.hpp:257]   --->   Operation 648 'udiv' 'udiv_ln257' <Predicate = true> <Delay = 1.56> <CoreInst = "DivnS_SEQ">   --->   Core 7 'DivnS_SEQ' <Latency = 105> <II = 56> <Delay = 1.56> <FuncUnit> <Opcode : 'udiv' 'sdiv' 'urem' 'srem'> <InPorts = 2> <OutPorts = 1>
ST_203 : Operation 649 [91/106] (1.56ns)   --->   "%udiv_ln258 = udiv i102 %shl_ln8, i102 %zext_ln256" [./xf_autowhitebalance.hpp:258]   --->   Operation 649 'udiv' 'udiv_ln258' <Predicate = true> <Delay = 1.56> <CoreInst = "DivnS_SEQ">   --->   Core 7 'DivnS_SEQ' <Latency = 105> <II = 56> <Delay = 1.56> <FuncUnit> <Opcode : 'udiv' 'sdiv' 'urem' 'srem'> <InPorts = 2> <OutPorts = 1>

State 204 <SV = 202> <Delay = 1.56>
ST_204 : Operation 650 [90/106] (1.56ns)   --->   "%udiv_ln256 = udiv i102 %shl_ln6, i102 %zext_ln256" [./xf_autowhitebalance.hpp:256]   --->   Operation 650 'udiv' 'udiv_ln256' <Predicate = true> <Delay = 1.56> <CoreInst = "DivnS_SEQ">   --->   Core 7 'DivnS_SEQ' <Latency = 105> <II = 56> <Delay = 1.56> <FuncUnit> <Opcode : 'udiv' 'sdiv' 'urem' 'srem'> <InPorts = 2> <OutPorts = 1>
ST_204 : Operation 651 [90/106] (1.56ns)   --->   "%udiv_ln257 = udiv i102 %shl_ln7, i102 %zext_ln256" [./xf_autowhitebalance.hpp:257]   --->   Operation 651 'udiv' 'udiv_ln257' <Predicate = true> <Delay = 1.56> <CoreInst = "DivnS_SEQ">   --->   Core 7 'DivnS_SEQ' <Latency = 105> <II = 56> <Delay = 1.56> <FuncUnit> <Opcode : 'udiv' 'sdiv' 'urem' 'srem'> <InPorts = 2> <OutPorts = 1>
ST_204 : Operation 652 [90/106] (1.56ns)   --->   "%udiv_ln258 = udiv i102 %shl_ln8, i102 %zext_ln256" [./xf_autowhitebalance.hpp:258]   --->   Operation 652 'udiv' 'udiv_ln258' <Predicate = true> <Delay = 1.56> <CoreInst = "DivnS_SEQ">   --->   Core 7 'DivnS_SEQ' <Latency = 105> <II = 56> <Delay = 1.56> <FuncUnit> <Opcode : 'udiv' 'sdiv' 'urem' 'srem'> <InPorts = 2> <OutPorts = 1>

State 205 <SV = 203> <Delay = 1.56>
ST_205 : Operation 653 [89/106] (1.56ns)   --->   "%udiv_ln256 = udiv i102 %shl_ln6, i102 %zext_ln256" [./xf_autowhitebalance.hpp:256]   --->   Operation 653 'udiv' 'udiv_ln256' <Predicate = true> <Delay = 1.56> <CoreInst = "DivnS_SEQ">   --->   Core 7 'DivnS_SEQ' <Latency = 105> <II = 56> <Delay = 1.56> <FuncUnit> <Opcode : 'udiv' 'sdiv' 'urem' 'srem'> <InPorts = 2> <OutPorts = 1>
ST_205 : Operation 654 [89/106] (1.56ns)   --->   "%udiv_ln257 = udiv i102 %shl_ln7, i102 %zext_ln256" [./xf_autowhitebalance.hpp:257]   --->   Operation 654 'udiv' 'udiv_ln257' <Predicate = true> <Delay = 1.56> <CoreInst = "DivnS_SEQ">   --->   Core 7 'DivnS_SEQ' <Latency = 105> <II = 56> <Delay = 1.56> <FuncUnit> <Opcode : 'udiv' 'sdiv' 'urem' 'srem'> <InPorts = 2> <OutPorts = 1>
ST_205 : Operation 655 [89/106] (1.56ns)   --->   "%udiv_ln258 = udiv i102 %shl_ln8, i102 %zext_ln256" [./xf_autowhitebalance.hpp:258]   --->   Operation 655 'udiv' 'udiv_ln258' <Predicate = true> <Delay = 1.56> <CoreInst = "DivnS_SEQ">   --->   Core 7 'DivnS_SEQ' <Latency = 105> <II = 56> <Delay = 1.56> <FuncUnit> <Opcode : 'udiv' 'sdiv' 'urem' 'srem'> <InPorts = 2> <OutPorts = 1>

State 206 <SV = 204> <Delay = 1.56>
ST_206 : Operation 656 [88/106] (1.56ns)   --->   "%udiv_ln256 = udiv i102 %shl_ln6, i102 %zext_ln256" [./xf_autowhitebalance.hpp:256]   --->   Operation 656 'udiv' 'udiv_ln256' <Predicate = true> <Delay = 1.56> <CoreInst = "DivnS_SEQ">   --->   Core 7 'DivnS_SEQ' <Latency = 105> <II = 56> <Delay = 1.56> <FuncUnit> <Opcode : 'udiv' 'sdiv' 'urem' 'srem'> <InPorts = 2> <OutPorts = 1>
ST_206 : Operation 657 [88/106] (1.56ns)   --->   "%udiv_ln257 = udiv i102 %shl_ln7, i102 %zext_ln256" [./xf_autowhitebalance.hpp:257]   --->   Operation 657 'udiv' 'udiv_ln257' <Predicate = true> <Delay = 1.56> <CoreInst = "DivnS_SEQ">   --->   Core 7 'DivnS_SEQ' <Latency = 105> <II = 56> <Delay = 1.56> <FuncUnit> <Opcode : 'udiv' 'sdiv' 'urem' 'srem'> <InPorts = 2> <OutPorts = 1>
ST_206 : Operation 658 [88/106] (1.56ns)   --->   "%udiv_ln258 = udiv i102 %shl_ln8, i102 %zext_ln256" [./xf_autowhitebalance.hpp:258]   --->   Operation 658 'udiv' 'udiv_ln258' <Predicate = true> <Delay = 1.56> <CoreInst = "DivnS_SEQ">   --->   Core 7 'DivnS_SEQ' <Latency = 105> <II = 56> <Delay = 1.56> <FuncUnit> <Opcode : 'udiv' 'sdiv' 'urem' 'srem'> <InPorts = 2> <OutPorts = 1>

State 207 <SV = 205> <Delay = 1.56>
ST_207 : Operation 659 [87/106] (1.56ns)   --->   "%udiv_ln256 = udiv i102 %shl_ln6, i102 %zext_ln256" [./xf_autowhitebalance.hpp:256]   --->   Operation 659 'udiv' 'udiv_ln256' <Predicate = true> <Delay = 1.56> <CoreInst = "DivnS_SEQ">   --->   Core 7 'DivnS_SEQ' <Latency = 105> <II = 56> <Delay = 1.56> <FuncUnit> <Opcode : 'udiv' 'sdiv' 'urem' 'srem'> <InPorts = 2> <OutPorts = 1>
ST_207 : Operation 660 [87/106] (1.56ns)   --->   "%udiv_ln257 = udiv i102 %shl_ln7, i102 %zext_ln256" [./xf_autowhitebalance.hpp:257]   --->   Operation 660 'udiv' 'udiv_ln257' <Predicate = true> <Delay = 1.56> <CoreInst = "DivnS_SEQ">   --->   Core 7 'DivnS_SEQ' <Latency = 105> <II = 56> <Delay = 1.56> <FuncUnit> <Opcode : 'udiv' 'sdiv' 'urem' 'srem'> <InPorts = 2> <OutPorts = 1>
ST_207 : Operation 661 [87/106] (1.56ns)   --->   "%udiv_ln258 = udiv i102 %shl_ln8, i102 %zext_ln256" [./xf_autowhitebalance.hpp:258]   --->   Operation 661 'udiv' 'udiv_ln258' <Predicate = true> <Delay = 1.56> <CoreInst = "DivnS_SEQ">   --->   Core 7 'DivnS_SEQ' <Latency = 105> <II = 56> <Delay = 1.56> <FuncUnit> <Opcode : 'udiv' 'sdiv' 'urem' 'srem'> <InPorts = 2> <OutPorts = 1>

State 208 <SV = 206> <Delay = 1.56>
ST_208 : Operation 662 [86/106] (1.56ns)   --->   "%udiv_ln256 = udiv i102 %shl_ln6, i102 %zext_ln256" [./xf_autowhitebalance.hpp:256]   --->   Operation 662 'udiv' 'udiv_ln256' <Predicate = true> <Delay = 1.56> <CoreInst = "DivnS_SEQ">   --->   Core 7 'DivnS_SEQ' <Latency = 105> <II = 56> <Delay = 1.56> <FuncUnit> <Opcode : 'udiv' 'sdiv' 'urem' 'srem'> <InPorts = 2> <OutPorts = 1>
ST_208 : Operation 663 [86/106] (1.56ns)   --->   "%udiv_ln257 = udiv i102 %shl_ln7, i102 %zext_ln256" [./xf_autowhitebalance.hpp:257]   --->   Operation 663 'udiv' 'udiv_ln257' <Predicate = true> <Delay = 1.56> <CoreInst = "DivnS_SEQ">   --->   Core 7 'DivnS_SEQ' <Latency = 105> <II = 56> <Delay = 1.56> <FuncUnit> <Opcode : 'udiv' 'sdiv' 'urem' 'srem'> <InPorts = 2> <OutPorts = 1>
ST_208 : Operation 664 [86/106] (1.56ns)   --->   "%udiv_ln258 = udiv i102 %shl_ln8, i102 %zext_ln256" [./xf_autowhitebalance.hpp:258]   --->   Operation 664 'udiv' 'udiv_ln258' <Predicate = true> <Delay = 1.56> <CoreInst = "DivnS_SEQ">   --->   Core 7 'DivnS_SEQ' <Latency = 105> <II = 56> <Delay = 1.56> <FuncUnit> <Opcode : 'udiv' 'sdiv' 'urem' 'srem'> <InPorts = 2> <OutPorts = 1>

State 209 <SV = 207> <Delay = 1.56>
ST_209 : Operation 665 [85/106] (1.56ns)   --->   "%udiv_ln256 = udiv i102 %shl_ln6, i102 %zext_ln256" [./xf_autowhitebalance.hpp:256]   --->   Operation 665 'udiv' 'udiv_ln256' <Predicate = true> <Delay = 1.56> <CoreInst = "DivnS_SEQ">   --->   Core 7 'DivnS_SEQ' <Latency = 105> <II = 56> <Delay = 1.56> <FuncUnit> <Opcode : 'udiv' 'sdiv' 'urem' 'srem'> <InPorts = 2> <OutPorts = 1>
ST_209 : Operation 666 [85/106] (1.56ns)   --->   "%udiv_ln257 = udiv i102 %shl_ln7, i102 %zext_ln256" [./xf_autowhitebalance.hpp:257]   --->   Operation 666 'udiv' 'udiv_ln257' <Predicate = true> <Delay = 1.56> <CoreInst = "DivnS_SEQ">   --->   Core 7 'DivnS_SEQ' <Latency = 105> <II = 56> <Delay = 1.56> <FuncUnit> <Opcode : 'udiv' 'sdiv' 'urem' 'srem'> <InPorts = 2> <OutPorts = 1>
ST_209 : Operation 667 [85/106] (1.56ns)   --->   "%udiv_ln258 = udiv i102 %shl_ln8, i102 %zext_ln256" [./xf_autowhitebalance.hpp:258]   --->   Operation 667 'udiv' 'udiv_ln258' <Predicate = true> <Delay = 1.56> <CoreInst = "DivnS_SEQ">   --->   Core 7 'DivnS_SEQ' <Latency = 105> <II = 56> <Delay = 1.56> <FuncUnit> <Opcode : 'udiv' 'sdiv' 'urem' 'srem'> <InPorts = 2> <OutPorts = 1>

State 210 <SV = 208> <Delay = 1.56>
ST_210 : Operation 668 [84/106] (1.56ns)   --->   "%udiv_ln256 = udiv i102 %shl_ln6, i102 %zext_ln256" [./xf_autowhitebalance.hpp:256]   --->   Operation 668 'udiv' 'udiv_ln256' <Predicate = true> <Delay = 1.56> <CoreInst = "DivnS_SEQ">   --->   Core 7 'DivnS_SEQ' <Latency = 105> <II = 56> <Delay = 1.56> <FuncUnit> <Opcode : 'udiv' 'sdiv' 'urem' 'srem'> <InPorts = 2> <OutPorts = 1>
ST_210 : Operation 669 [84/106] (1.56ns)   --->   "%udiv_ln257 = udiv i102 %shl_ln7, i102 %zext_ln256" [./xf_autowhitebalance.hpp:257]   --->   Operation 669 'udiv' 'udiv_ln257' <Predicate = true> <Delay = 1.56> <CoreInst = "DivnS_SEQ">   --->   Core 7 'DivnS_SEQ' <Latency = 105> <II = 56> <Delay = 1.56> <FuncUnit> <Opcode : 'udiv' 'sdiv' 'urem' 'srem'> <InPorts = 2> <OutPorts = 1>
ST_210 : Operation 670 [84/106] (1.56ns)   --->   "%udiv_ln258 = udiv i102 %shl_ln8, i102 %zext_ln256" [./xf_autowhitebalance.hpp:258]   --->   Operation 670 'udiv' 'udiv_ln258' <Predicate = true> <Delay = 1.56> <CoreInst = "DivnS_SEQ">   --->   Core 7 'DivnS_SEQ' <Latency = 105> <II = 56> <Delay = 1.56> <FuncUnit> <Opcode : 'udiv' 'sdiv' 'urem' 'srem'> <InPorts = 2> <OutPorts = 1>

State 211 <SV = 209> <Delay = 1.56>
ST_211 : Operation 671 [83/106] (1.56ns)   --->   "%udiv_ln256 = udiv i102 %shl_ln6, i102 %zext_ln256" [./xf_autowhitebalance.hpp:256]   --->   Operation 671 'udiv' 'udiv_ln256' <Predicate = true> <Delay = 1.56> <CoreInst = "DivnS_SEQ">   --->   Core 7 'DivnS_SEQ' <Latency = 105> <II = 56> <Delay = 1.56> <FuncUnit> <Opcode : 'udiv' 'sdiv' 'urem' 'srem'> <InPorts = 2> <OutPorts = 1>
ST_211 : Operation 672 [83/106] (1.56ns)   --->   "%udiv_ln257 = udiv i102 %shl_ln7, i102 %zext_ln256" [./xf_autowhitebalance.hpp:257]   --->   Operation 672 'udiv' 'udiv_ln257' <Predicate = true> <Delay = 1.56> <CoreInst = "DivnS_SEQ">   --->   Core 7 'DivnS_SEQ' <Latency = 105> <II = 56> <Delay = 1.56> <FuncUnit> <Opcode : 'udiv' 'sdiv' 'urem' 'srem'> <InPorts = 2> <OutPorts = 1>
ST_211 : Operation 673 [83/106] (1.56ns)   --->   "%udiv_ln258 = udiv i102 %shl_ln8, i102 %zext_ln256" [./xf_autowhitebalance.hpp:258]   --->   Operation 673 'udiv' 'udiv_ln258' <Predicate = true> <Delay = 1.56> <CoreInst = "DivnS_SEQ">   --->   Core 7 'DivnS_SEQ' <Latency = 105> <II = 56> <Delay = 1.56> <FuncUnit> <Opcode : 'udiv' 'sdiv' 'urem' 'srem'> <InPorts = 2> <OutPorts = 1>

State 212 <SV = 210> <Delay = 1.56>
ST_212 : Operation 674 [82/106] (1.56ns)   --->   "%udiv_ln256 = udiv i102 %shl_ln6, i102 %zext_ln256" [./xf_autowhitebalance.hpp:256]   --->   Operation 674 'udiv' 'udiv_ln256' <Predicate = true> <Delay = 1.56> <CoreInst = "DivnS_SEQ">   --->   Core 7 'DivnS_SEQ' <Latency = 105> <II = 56> <Delay = 1.56> <FuncUnit> <Opcode : 'udiv' 'sdiv' 'urem' 'srem'> <InPorts = 2> <OutPorts = 1>
ST_212 : Operation 675 [82/106] (1.56ns)   --->   "%udiv_ln257 = udiv i102 %shl_ln7, i102 %zext_ln256" [./xf_autowhitebalance.hpp:257]   --->   Operation 675 'udiv' 'udiv_ln257' <Predicate = true> <Delay = 1.56> <CoreInst = "DivnS_SEQ">   --->   Core 7 'DivnS_SEQ' <Latency = 105> <II = 56> <Delay = 1.56> <FuncUnit> <Opcode : 'udiv' 'sdiv' 'urem' 'srem'> <InPorts = 2> <OutPorts = 1>
ST_212 : Operation 676 [82/106] (1.56ns)   --->   "%udiv_ln258 = udiv i102 %shl_ln8, i102 %zext_ln256" [./xf_autowhitebalance.hpp:258]   --->   Operation 676 'udiv' 'udiv_ln258' <Predicate = true> <Delay = 1.56> <CoreInst = "DivnS_SEQ">   --->   Core 7 'DivnS_SEQ' <Latency = 105> <II = 56> <Delay = 1.56> <FuncUnit> <Opcode : 'udiv' 'sdiv' 'urem' 'srem'> <InPorts = 2> <OutPorts = 1>

State 213 <SV = 211> <Delay = 1.56>
ST_213 : Operation 677 [81/106] (1.56ns)   --->   "%udiv_ln256 = udiv i102 %shl_ln6, i102 %zext_ln256" [./xf_autowhitebalance.hpp:256]   --->   Operation 677 'udiv' 'udiv_ln256' <Predicate = true> <Delay = 1.56> <CoreInst = "DivnS_SEQ">   --->   Core 7 'DivnS_SEQ' <Latency = 105> <II = 56> <Delay = 1.56> <FuncUnit> <Opcode : 'udiv' 'sdiv' 'urem' 'srem'> <InPorts = 2> <OutPorts = 1>
ST_213 : Operation 678 [81/106] (1.56ns)   --->   "%udiv_ln257 = udiv i102 %shl_ln7, i102 %zext_ln256" [./xf_autowhitebalance.hpp:257]   --->   Operation 678 'udiv' 'udiv_ln257' <Predicate = true> <Delay = 1.56> <CoreInst = "DivnS_SEQ">   --->   Core 7 'DivnS_SEQ' <Latency = 105> <II = 56> <Delay = 1.56> <FuncUnit> <Opcode : 'udiv' 'sdiv' 'urem' 'srem'> <InPorts = 2> <OutPorts = 1>
ST_213 : Operation 679 [81/106] (1.56ns)   --->   "%udiv_ln258 = udiv i102 %shl_ln8, i102 %zext_ln256" [./xf_autowhitebalance.hpp:258]   --->   Operation 679 'udiv' 'udiv_ln258' <Predicate = true> <Delay = 1.56> <CoreInst = "DivnS_SEQ">   --->   Core 7 'DivnS_SEQ' <Latency = 105> <II = 56> <Delay = 1.56> <FuncUnit> <Opcode : 'udiv' 'sdiv' 'urem' 'srem'> <InPorts = 2> <OutPorts = 1>

State 214 <SV = 212> <Delay = 1.56>
ST_214 : Operation 680 [80/106] (1.56ns)   --->   "%udiv_ln256 = udiv i102 %shl_ln6, i102 %zext_ln256" [./xf_autowhitebalance.hpp:256]   --->   Operation 680 'udiv' 'udiv_ln256' <Predicate = true> <Delay = 1.56> <CoreInst = "DivnS_SEQ">   --->   Core 7 'DivnS_SEQ' <Latency = 105> <II = 56> <Delay = 1.56> <FuncUnit> <Opcode : 'udiv' 'sdiv' 'urem' 'srem'> <InPorts = 2> <OutPorts = 1>
ST_214 : Operation 681 [80/106] (1.56ns)   --->   "%udiv_ln257 = udiv i102 %shl_ln7, i102 %zext_ln256" [./xf_autowhitebalance.hpp:257]   --->   Operation 681 'udiv' 'udiv_ln257' <Predicate = true> <Delay = 1.56> <CoreInst = "DivnS_SEQ">   --->   Core 7 'DivnS_SEQ' <Latency = 105> <II = 56> <Delay = 1.56> <FuncUnit> <Opcode : 'udiv' 'sdiv' 'urem' 'srem'> <InPorts = 2> <OutPorts = 1>
ST_214 : Operation 682 [80/106] (1.56ns)   --->   "%udiv_ln258 = udiv i102 %shl_ln8, i102 %zext_ln256" [./xf_autowhitebalance.hpp:258]   --->   Operation 682 'udiv' 'udiv_ln258' <Predicate = true> <Delay = 1.56> <CoreInst = "DivnS_SEQ">   --->   Core 7 'DivnS_SEQ' <Latency = 105> <II = 56> <Delay = 1.56> <FuncUnit> <Opcode : 'udiv' 'sdiv' 'urem' 'srem'> <InPorts = 2> <OutPorts = 1>

State 215 <SV = 213> <Delay = 1.56>
ST_215 : Operation 683 [79/106] (1.56ns)   --->   "%udiv_ln256 = udiv i102 %shl_ln6, i102 %zext_ln256" [./xf_autowhitebalance.hpp:256]   --->   Operation 683 'udiv' 'udiv_ln256' <Predicate = true> <Delay = 1.56> <CoreInst = "DivnS_SEQ">   --->   Core 7 'DivnS_SEQ' <Latency = 105> <II = 56> <Delay = 1.56> <FuncUnit> <Opcode : 'udiv' 'sdiv' 'urem' 'srem'> <InPorts = 2> <OutPorts = 1>
ST_215 : Operation 684 [79/106] (1.56ns)   --->   "%udiv_ln257 = udiv i102 %shl_ln7, i102 %zext_ln256" [./xf_autowhitebalance.hpp:257]   --->   Operation 684 'udiv' 'udiv_ln257' <Predicate = true> <Delay = 1.56> <CoreInst = "DivnS_SEQ">   --->   Core 7 'DivnS_SEQ' <Latency = 105> <II = 56> <Delay = 1.56> <FuncUnit> <Opcode : 'udiv' 'sdiv' 'urem' 'srem'> <InPorts = 2> <OutPorts = 1>
ST_215 : Operation 685 [79/106] (1.56ns)   --->   "%udiv_ln258 = udiv i102 %shl_ln8, i102 %zext_ln256" [./xf_autowhitebalance.hpp:258]   --->   Operation 685 'udiv' 'udiv_ln258' <Predicate = true> <Delay = 1.56> <CoreInst = "DivnS_SEQ">   --->   Core 7 'DivnS_SEQ' <Latency = 105> <II = 56> <Delay = 1.56> <FuncUnit> <Opcode : 'udiv' 'sdiv' 'urem' 'srem'> <InPorts = 2> <OutPorts = 1>

State 216 <SV = 214> <Delay = 1.56>
ST_216 : Operation 686 [78/106] (1.56ns)   --->   "%udiv_ln256 = udiv i102 %shl_ln6, i102 %zext_ln256" [./xf_autowhitebalance.hpp:256]   --->   Operation 686 'udiv' 'udiv_ln256' <Predicate = true> <Delay = 1.56> <CoreInst = "DivnS_SEQ">   --->   Core 7 'DivnS_SEQ' <Latency = 105> <II = 56> <Delay = 1.56> <FuncUnit> <Opcode : 'udiv' 'sdiv' 'urem' 'srem'> <InPorts = 2> <OutPorts = 1>
ST_216 : Operation 687 [78/106] (1.56ns)   --->   "%udiv_ln257 = udiv i102 %shl_ln7, i102 %zext_ln256" [./xf_autowhitebalance.hpp:257]   --->   Operation 687 'udiv' 'udiv_ln257' <Predicate = true> <Delay = 1.56> <CoreInst = "DivnS_SEQ">   --->   Core 7 'DivnS_SEQ' <Latency = 105> <II = 56> <Delay = 1.56> <FuncUnit> <Opcode : 'udiv' 'sdiv' 'urem' 'srem'> <InPorts = 2> <OutPorts = 1>
ST_216 : Operation 688 [78/106] (1.56ns)   --->   "%udiv_ln258 = udiv i102 %shl_ln8, i102 %zext_ln256" [./xf_autowhitebalance.hpp:258]   --->   Operation 688 'udiv' 'udiv_ln258' <Predicate = true> <Delay = 1.56> <CoreInst = "DivnS_SEQ">   --->   Core 7 'DivnS_SEQ' <Latency = 105> <II = 56> <Delay = 1.56> <FuncUnit> <Opcode : 'udiv' 'sdiv' 'urem' 'srem'> <InPorts = 2> <OutPorts = 1>

State 217 <SV = 215> <Delay = 1.56>
ST_217 : Operation 689 [77/106] (1.56ns)   --->   "%udiv_ln256 = udiv i102 %shl_ln6, i102 %zext_ln256" [./xf_autowhitebalance.hpp:256]   --->   Operation 689 'udiv' 'udiv_ln256' <Predicate = true> <Delay = 1.56> <CoreInst = "DivnS_SEQ">   --->   Core 7 'DivnS_SEQ' <Latency = 105> <II = 56> <Delay = 1.56> <FuncUnit> <Opcode : 'udiv' 'sdiv' 'urem' 'srem'> <InPorts = 2> <OutPorts = 1>
ST_217 : Operation 690 [77/106] (1.56ns)   --->   "%udiv_ln257 = udiv i102 %shl_ln7, i102 %zext_ln256" [./xf_autowhitebalance.hpp:257]   --->   Operation 690 'udiv' 'udiv_ln257' <Predicate = true> <Delay = 1.56> <CoreInst = "DivnS_SEQ">   --->   Core 7 'DivnS_SEQ' <Latency = 105> <II = 56> <Delay = 1.56> <FuncUnit> <Opcode : 'udiv' 'sdiv' 'urem' 'srem'> <InPorts = 2> <OutPorts = 1>
ST_217 : Operation 691 [77/106] (1.56ns)   --->   "%udiv_ln258 = udiv i102 %shl_ln8, i102 %zext_ln256" [./xf_autowhitebalance.hpp:258]   --->   Operation 691 'udiv' 'udiv_ln258' <Predicate = true> <Delay = 1.56> <CoreInst = "DivnS_SEQ">   --->   Core 7 'DivnS_SEQ' <Latency = 105> <II = 56> <Delay = 1.56> <FuncUnit> <Opcode : 'udiv' 'sdiv' 'urem' 'srem'> <InPorts = 2> <OutPorts = 1>

State 218 <SV = 216> <Delay = 1.56>
ST_218 : Operation 692 [76/106] (1.56ns)   --->   "%udiv_ln256 = udiv i102 %shl_ln6, i102 %zext_ln256" [./xf_autowhitebalance.hpp:256]   --->   Operation 692 'udiv' 'udiv_ln256' <Predicate = true> <Delay = 1.56> <CoreInst = "DivnS_SEQ">   --->   Core 7 'DivnS_SEQ' <Latency = 105> <II = 56> <Delay = 1.56> <FuncUnit> <Opcode : 'udiv' 'sdiv' 'urem' 'srem'> <InPorts = 2> <OutPorts = 1>
ST_218 : Operation 693 [76/106] (1.56ns)   --->   "%udiv_ln257 = udiv i102 %shl_ln7, i102 %zext_ln256" [./xf_autowhitebalance.hpp:257]   --->   Operation 693 'udiv' 'udiv_ln257' <Predicate = true> <Delay = 1.56> <CoreInst = "DivnS_SEQ">   --->   Core 7 'DivnS_SEQ' <Latency = 105> <II = 56> <Delay = 1.56> <FuncUnit> <Opcode : 'udiv' 'sdiv' 'urem' 'srem'> <InPorts = 2> <OutPorts = 1>
ST_218 : Operation 694 [76/106] (1.56ns)   --->   "%udiv_ln258 = udiv i102 %shl_ln8, i102 %zext_ln256" [./xf_autowhitebalance.hpp:258]   --->   Operation 694 'udiv' 'udiv_ln258' <Predicate = true> <Delay = 1.56> <CoreInst = "DivnS_SEQ">   --->   Core 7 'DivnS_SEQ' <Latency = 105> <II = 56> <Delay = 1.56> <FuncUnit> <Opcode : 'udiv' 'sdiv' 'urem' 'srem'> <InPorts = 2> <OutPorts = 1>

State 219 <SV = 217> <Delay = 1.56>
ST_219 : Operation 695 [75/106] (1.56ns)   --->   "%udiv_ln256 = udiv i102 %shl_ln6, i102 %zext_ln256" [./xf_autowhitebalance.hpp:256]   --->   Operation 695 'udiv' 'udiv_ln256' <Predicate = true> <Delay = 1.56> <CoreInst = "DivnS_SEQ">   --->   Core 7 'DivnS_SEQ' <Latency = 105> <II = 56> <Delay = 1.56> <FuncUnit> <Opcode : 'udiv' 'sdiv' 'urem' 'srem'> <InPorts = 2> <OutPorts = 1>
ST_219 : Operation 696 [75/106] (1.56ns)   --->   "%udiv_ln257 = udiv i102 %shl_ln7, i102 %zext_ln256" [./xf_autowhitebalance.hpp:257]   --->   Operation 696 'udiv' 'udiv_ln257' <Predicate = true> <Delay = 1.56> <CoreInst = "DivnS_SEQ">   --->   Core 7 'DivnS_SEQ' <Latency = 105> <II = 56> <Delay = 1.56> <FuncUnit> <Opcode : 'udiv' 'sdiv' 'urem' 'srem'> <InPorts = 2> <OutPorts = 1>
ST_219 : Operation 697 [75/106] (1.56ns)   --->   "%udiv_ln258 = udiv i102 %shl_ln8, i102 %zext_ln256" [./xf_autowhitebalance.hpp:258]   --->   Operation 697 'udiv' 'udiv_ln258' <Predicate = true> <Delay = 1.56> <CoreInst = "DivnS_SEQ">   --->   Core 7 'DivnS_SEQ' <Latency = 105> <II = 56> <Delay = 1.56> <FuncUnit> <Opcode : 'udiv' 'sdiv' 'urem' 'srem'> <InPorts = 2> <OutPorts = 1>

State 220 <SV = 218> <Delay = 1.56>
ST_220 : Operation 698 [74/106] (1.56ns)   --->   "%udiv_ln256 = udiv i102 %shl_ln6, i102 %zext_ln256" [./xf_autowhitebalance.hpp:256]   --->   Operation 698 'udiv' 'udiv_ln256' <Predicate = true> <Delay = 1.56> <CoreInst = "DivnS_SEQ">   --->   Core 7 'DivnS_SEQ' <Latency = 105> <II = 56> <Delay = 1.56> <FuncUnit> <Opcode : 'udiv' 'sdiv' 'urem' 'srem'> <InPorts = 2> <OutPorts = 1>
ST_220 : Operation 699 [74/106] (1.56ns)   --->   "%udiv_ln257 = udiv i102 %shl_ln7, i102 %zext_ln256" [./xf_autowhitebalance.hpp:257]   --->   Operation 699 'udiv' 'udiv_ln257' <Predicate = true> <Delay = 1.56> <CoreInst = "DivnS_SEQ">   --->   Core 7 'DivnS_SEQ' <Latency = 105> <II = 56> <Delay = 1.56> <FuncUnit> <Opcode : 'udiv' 'sdiv' 'urem' 'srem'> <InPorts = 2> <OutPorts = 1>
ST_220 : Operation 700 [74/106] (1.56ns)   --->   "%udiv_ln258 = udiv i102 %shl_ln8, i102 %zext_ln256" [./xf_autowhitebalance.hpp:258]   --->   Operation 700 'udiv' 'udiv_ln258' <Predicate = true> <Delay = 1.56> <CoreInst = "DivnS_SEQ">   --->   Core 7 'DivnS_SEQ' <Latency = 105> <II = 56> <Delay = 1.56> <FuncUnit> <Opcode : 'udiv' 'sdiv' 'urem' 'srem'> <InPorts = 2> <OutPorts = 1>

State 221 <SV = 219> <Delay = 1.56>
ST_221 : Operation 701 [73/106] (1.56ns)   --->   "%udiv_ln256 = udiv i102 %shl_ln6, i102 %zext_ln256" [./xf_autowhitebalance.hpp:256]   --->   Operation 701 'udiv' 'udiv_ln256' <Predicate = true> <Delay = 1.56> <CoreInst = "DivnS_SEQ">   --->   Core 7 'DivnS_SEQ' <Latency = 105> <II = 56> <Delay = 1.56> <FuncUnit> <Opcode : 'udiv' 'sdiv' 'urem' 'srem'> <InPorts = 2> <OutPorts = 1>
ST_221 : Operation 702 [73/106] (1.56ns)   --->   "%udiv_ln257 = udiv i102 %shl_ln7, i102 %zext_ln256" [./xf_autowhitebalance.hpp:257]   --->   Operation 702 'udiv' 'udiv_ln257' <Predicate = true> <Delay = 1.56> <CoreInst = "DivnS_SEQ">   --->   Core 7 'DivnS_SEQ' <Latency = 105> <II = 56> <Delay = 1.56> <FuncUnit> <Opcode : 'udiv' 'sdiv' 'urem' 'srem'> <InPorts = 2> <OutPorts = 1>
ST_221 : Operation 703 [73/106] (1.56ns)   --->   "%udiv_ln258 = udiv i102 %shl_ln8, i102 %zext_ln256" [./xf_autowhitebalance.hpp:258]   --->   Operation 703 'udiv' 'udiv_ln258' <Predicate = true> <Delay = 1.56> <CoreInst = "DivnS_SEQ">   --->   Core 7 'DivnS_SEQ' <Latency = 105> <II = 56> <Delay = 1.56> <FuncUnit> <Opcode : 'udiv' 'sdiv' 'urem' 'srem'> <InPorts = 2> <OutPorts = 1>

State 222 <SV = 220> <Delay = 1.56>
ST_222 : Operation 704 [72/106] (1.56ns)   --->   "%udiv_ln256 = udiv i102 %shl_ln6, i102 %zext_ln256" [./xf_autowhitebalance.hpp:256]   --->   Operation 704 'udiv' 'udiv_ln256' <Predicate = true> <Delay = 1.56> <CoreInst = "DivnS_SEQ">   --->   Core 7 'DivnS_SEQ' <Latency = 105> <II = 56> <Delay = 1.56> <FuncUnit> <Opcode : 'udiv' 'sdiv' 'urem' 'srem'> <InPorts = 2> <OutPorts = 1>
ST_222 : Operation 705 [72/106] (1.56ns)   --->   "%udiv_ln257 = udiv i102 %shl_ln7, i102 %zext_ln256" [./xf_autowhitebalance.hpp:257]   --->   Operation 705 'udiv' 'udiv_ln257' <Predicate = true> <Delay = 1.56> <CoreInst = "DivnS_SEQ">   --->   Core 7 'DivnS_SEQ' <Latency = 105> <II = 56> <Delay = 1.56> <FuncUnit> <Opcode : 'udiv' 'sdiv' 'urem' 'srem'> <InPorts = 2> <OutPorts = 1>
ST_222 : Operation 706 [72/106] (1.56ns)   --->   "%udiv_ln258 = udiv i102 %shl_ln8, i102 %zext_ln256" [./xf_autowhitebalance.hpp:258]   --->   Operation 706 'udiv' 'udiv_ln258' <Predicate = true> <Delay = 1.56> <CoreInst = "DivnS_SEQ">   --->   Core 7 'DivnS_SEQ' <Latency = 105> <II = 56> <Delay = 1.56> <FuncUnit> <Opcode : 'udiv' 'sdiv' 'urem' 'srem'> <InPorts = 2> <OutPorts = 1>

State 223 <SV = 221> <Delay = 1.56>
ST_223 : Operation 707 [71/106] (1.56ns)   --->   "%udiv_ln256 = udiv i102 %shl_ln6, i102 %zext_ln256" [./xf_autowhitebalance.hpp:256]   --->   Operation 707 'udiv' 'udiv_ln256' <Predicate = true> <Delay = 1.56> <CoreInst = "DivnS_SEQ">   --->   Core 7 'DivnS_SEQ' <Latency = 105> <II = 56> <Delay = 1.56> <FuncUnit> <Opcode : 'udiv' 'sdiv' 'urem' 'srem'> <InPorts = 2> <OutPorts = 1>
ST_223 : Operation 708 [71/106] (1.56ns)   --->   "%udiv_ln257 = udiv i102 %shl_ln7, i102 %zext_ln256" [./xf_autowhitebalance.hpp:257]   --->   Operation 708 'udiv' 'udiv_ln257' <Predicate = true> <Delay = 1.56> <CoreInst = "DivnS_SEQ">   --->   Core 7 'DivnS_SEQ' <Latency = 105> <II = 56> <Delay = 1.56> <FuncUnit> <Opcode : 'udiv' 'sdiv' 'urem' 'srem'> <InPorts = 2> <OutPorts = 1>
ST_223 : Operation 709 [71/106] (1.56ns)   --->   "%udiv_ln258 = udiv i102 %shl_ln8, i102 %zext_ln256" [./xf_autowhitebalance.hpp:258]   --->   Operation 709 'udiv' 'udiv_ln258' <Predicate = true> <Delay = 1.56> <CoreInst = "DivnS_SEQ">   --->   Core 7 'DivnS_SEQ' <Latency = 105> <II = 56> <Delay = 1.56> <FuncUnit> <Opcode : 'udiv' 'sdiv' 'urem' 'srem'> <InPorts = 2> <OutPorts = 1>

State 224 <SV = 222> <Delay = 1.56>
ST_224 : Operation 710 [70/106] (1.56ns)   --->   "%udiv_ln256 = udiv i102 %shl_ln6, i102 %zext_ln256" [./xf_autowhitebalance.hpp:256]   --->   Operation 710 'udiv' 'udiv_ln256' <Predicate = true> <Delay = 1.56> <CoreInst = "DivnS_SEQ">   --->   Core 7 'DivnS_SEQ' <Latency = 105> <II = 56> <Delay = 1.56> <FuncUnit> <Opcode : 'udiv' 'sdiv' 'urem' 'srem'> <InPorts = 2> <OutPorts = 1>
ST_224 : Operation 711 [70/106] (1.56ns)   --->   "%udiv_ln257 = udiv i102 %shl_ln7, i102 %zext_ln256" [./xf_autowhitebalance.hpp:257]   --->   Operation 711 'udiv' 'udiv_ln257' <Predicate = true> <Delay = 1.56> <CoreInst = "DivnS_SEQ">   --->   Core 7 'DivnS_SEQ' <Latency = 105> <II = 56> <Delay = 1.56> <FuncUnit> <Opcode : 'udiv' 'sdiv' 'urem' 'srem'> <InPorts = 2> <OutPorts = 1>
ST_224 : Operation 712 [70/106] (1.56ns)   --->   "%udiv_ln258 = udiv i102 %shl_ln8, i102 %zext_ln256" [./xf_autowhitebalance.hpp:258]   --->   Operation 712 'udiv' 'udiv_ln258' <Predicate = true> <Delay = 1.56> <CoreInst = "DivnS_SEQ">   --->   Core 7 'DivnS_SEQ' <Latency = 105> <II = 56> <Delay = 1.56> <FuncUnit> <Opcode : 'udiv' 'sdiv' 'urem' 'srem'> <InPorts = 2> <OutPorts = 1>

State 225 <SV = 223> <Delay = 1.56>
ST_225 : Operation 713 [69/106] (1.56ns)   --->   "%udiv_ln256 = udiv i102 %shl_ln6, i102 %zext_ln256" [./xf_autowhitebalance.hpp:256]   --->   Operation 713 'udiv' 'udiv_ln256' <Predicate = true> <Delay = 1.56> <CoreInst = "DivnS_SEQ">   --->   Core 7 'DivnS_SEQ' <Latency = 105> <II = 56> <Delay = 1.56> <FuncUnit> <Opcode : 'udiv' 'sdiv' 'urem' 'srem'> <InPorts = 2> <OutPorts = 1>
ST_225 : Operation 714 [69/106] (1.56ns)   --->   "%udiv_ln257 = udiv i102 %shl_ln7, i102 %zext_ln256" [./xf_autowhitebalance.hpp:257]   --->   Operation 714 'udiv' 'udiv_ln257' <Predicate = true> <Delay = 1.56> <CoreInst = "DivnS_SEQ">   --->   Core 7 'DivnS_SEQ' <Latency = 105> <II = 56> <Delay = 1.56> <FuncUnit> <Opcode : 'udiv' 'sdiv' 'urem' 'srem'> <InPorts = 2> <OutPorts = 1>
ST_225 : Operation 715 [69/106] (1.56ns)   --->   "%udiv_ln258 = udiv i102 %shl_ln8, i102 %zext_ln256" [./xf_autowhitebalance.hpp:258]   --->   Operation 715 'udiv' 'udiv_ln258' <Predicate = true> <Delay = 1.56> <CoreInst = "DivnS_SEQ">   --->   Core 7 'DivnS_SEQ' <Latency = 105> <II = 56> <Delay = 1.56> <FuncUnit> <Opcode : 'udiv' 'sdiv' 'urem' 'srem'> <InPorts = 2> <OutPorts = 1>

State 226 <SV = 224> <Delay = 1.56>
ST_226 : Operation 716 [68/106] (1.56ns)   --->   "%udiv_ln256 = udiv i102 %shl_ln6, i102 %zext_ln256" [./xf_autowhitebalance.hpp:256]   --->   Operation 716 'udiv' 'udiv_ln256' <Predicate = true> <Delay = 1.56> <CoreInst = "DivnS_SEQ">   --->   Core 7 'DivnS_SEQ' <Latency = 105> <II = 56> <Delay = 1.56> <FuncUnit> <Opcode : 'udiv' 'sdiv' 'urem' 'srem'> <InPorts = 2> <OutPorts = 1>
ST_226 : Operation 717 [68/106] (1.56ns)   --->   "%udiv_ln257 = udiv i102 %shl_ln7, i102 %zext_ln256" [./xf_autowhitebalance.hpp:257]   --->   Operation 717 'udiv' 'udiv_ln257' <Predicate = true> <Delay = 1.56> <CoreInst = "DivnS_SEQ">   --->   Core 7 'DivnS_SEQ' <Latency = 105> <II = 56> <Delay = 1.56> <FuncUnit> <Opcode : 'udiv' 'sdiv' 'urem' 'srem'> <InPorts = 2> <OutPorts = 1>
ST_226 : Operation 718 [68/106] (1.56ns)   --->   "%udiv_ln258 = udiv i102 %shl_ln8, i102 %zext_ln256" [./xf_autowhitebalance.hpp:258]   --->   Operation 718 'udiv' 'udiv_ln258' <Predicate = true> <Delay = 1.56> <CoreInst = "DivnS_SEQ">   --->   Core 7 'DivnS_SEQ' <Latency = 105> <II = 56> <Delay = 1.56> <FuncUnit> <Opcode : 'udiv' 'sdiv' 'urem' 'srem'> <InPorts = 2> <OutPorts = 1>

State 227 <SV = 225> <Delay = 1.56>
ST_227 : Operation 719 [67/106] (1.56ns)   --->   "%udiv_ln256 = udiv i102 %shl_ln6, i102 %zext_ln256" [./xf_autowhitebalance.hpp:256]   --->   Operation 719 'udiv' 'udiv_ln256' <Predicate = true> <Delay = 1.56> <CoreInst = "DivnS_SEQ">   --->   Core 7 'DivnS_SEQ' <Latency = 105> <II = 56> <Delay = 1.56> <FuncUnit> <Opcode : 'udiv' 'sdiv' 'urem' 'srem'> <InPorts = 2> <OutPorts = 1>
ST_227 : Operation 720 [67/106] (1.56ns)   --->   "%udiv_ln257 = udiv i102 %shl_ln7, i102 %zext_ln256" [./xf_autowhitebalance.hpp:257]   --->   Operation 720 'udiv' 'udiv_ln257' <Predicate = true> <Delay = 1.56> <CoreInst = "DivnS_SEQ">   --->   Core 7 'DivnS_SEQ' <Latency = 105> <II = 56> <Delay = 1.56> <FuncUnit> <Opcode : 'udiv' 'sdiv' 'urem' 'srem'> <InPorts = 2> <OutPorts = 1>
ST_227 : Operation 721 [67/106] (1.56ns)   --->   "%udiv_ln258 = udiv i102 %shl_ln8, i102 %zext_ln256" [./xf_autowhitebalance.hpp:258]   --->   Operation 721 'udiv' 'udiv_ln258' <Predicate = true> <Delay = 1.56> <CoreInst = "DivnS_SEQ">   --->   Core 7 'DivnS_SEQ' <Latency = 105> <II = 56> <Delay = 1.56> <FuncUnit> <Opcode : 'udiv' 'sdiv' 'urem' 'srem'> <InPorts = 2> <OutPorts = 1>

State 228 <SV = 226> <Delay = 1.56>
ST_228 : Operation 722 [66/106] (1.56ns)   --->   "%udiv_ln256 = udiv i102 %shl_ln6, i102 %zext_ln256" [./xf_autowhitebalance.hpp:256]   --->   Operation 722 'udiv' 'udiv_ln256' <Predicate = true> <Delay = 1.56> <CoreInst = "DivnS_SEQ">   --->   Core 7 'DivnS_SEQ' <Latency = 105> <II = 56> <Delay = 1.56> <FuncUnit> <Opcode : 'udiv' 'sdiv' 'urem' 'srem'> <InPorts = 2> <OutPorts = 1>
ST_228 : Operation 723 [66/106] (1.56ns)   --->   "%udiv_ln257 = udiv i102 %shl_ln7, i102 %zext_ln256" [./xf_autowhitebalance.hpp:257]   --->   Operation 723 'udiv' 'udiv_ln257' <Predicate = true> <Delay = 1.56> <CoreInst = "DivnS_SEQ">   --->   Core 7 'DivnS_SEQ' <Latency = 105> <II = 56> <Delay = 1.56> <FuncUnit> <Opcode : 'udiv' 'sdiv' 'urem' 'srem'> <InPorts = 2> <OutPorts = 1>
ST_228 : Operation 724 [66/106] (1.56ns)   --->   "%udiv_ln258 = udiv i102 %shl_ln8, i102 %zext_ln256" [./xf_autowhitebalance.hpp:258]   --->   Operation 724 'udiv' 'udiv_ln258' <Predicate = true> <Delay = 1.56> <CoreInst = "DivnS_SEQ">   --->   Core 7 'DivnS_SEQ' <Latency = 105> <II = 56> <Delay = 1.56> <FuncUnit> <Opcode : 'udiv' 'sdiv' 'urem' 'srem'> <InPorts = 2> <OutPorts = 1>

State 229 <SV = 227> <Delay = 1.56>
ST_229 : Operation 725 [65/106] (1.56ns)   --->   "%udiv_ln256 = udiv i102 %shl_ln6, i102 %zext_ln256" [./xf_autowhitebalance.hpp:256]   --->   Operation 725 'udiv' 'udiv_ln256' <Predicate = true> <Delay = 1.56> <CoreInst = "DivnS_SEQ">   --->   Core 7 'DivnS_SEQ' <Latency = 105> <II = 56> <Delay = 1.56> <FuncUnit> <Opcode : 'udiv' 'sdiv' 'urem' 'srem'> <InPorts = 2> <OutPorts = 1>
ST_229 : Operation 726 [65/106] (1.56ns)   --->   "%udiv_ln257 = udiv i102 %shl_ln7, i102 %zext_ln256" [./xf_autowhitebalance.hpp:257]   --->   Operation 726 'udiv' 'udiv_ln257' <Predicate = true> <Delay = 1.56> <CoreInst = "DivnS_SEQ">   --->   Core 7 'DivnS_SEQ' <Latency = 105> <II = 56> <Delay = 1.56> <FuncUnit> <Opcode : 'udiv' 'sdiv' 'urem' 'srem'> <InPorts = 2> <OutPorts = 1>
ST_229 : Operation 727 [65/106] (1.56ns)   --->   "%udiv_ln258 = udiv i102 %shl_ln8, i102 %zext_ln256" [./xf_autowhitebalance.hpp:258]   --->   Operation 727 'udiv' 'udiv_ln258' <Predicate = true> <Delay = 1.56> <CoreInst = "DivnS_SEQ">   --->   Core 7 'DivnS_SEQ' <Latency = 105> <II = 56> <Delay = 1.56> <FuncUnit> <Opcode : 'udiv' 'sdiv' 'urem' 'srem'> <InPorts = 2> <OutPorts = 1>

State 230 <SV = 228> <Delay = 1.56>
ST_230 : Operation 728 [64/106] (1.56ns)   --->   "%udiv_ln256 = udiv i102 %shl_ln6, i102 %zext_ln256" [./xf_autowhitebalance.hpp:256]   --->   Operation 728 'udiv' 'udiv_ln256' <Predicate = true> <Delay = 1.56> <CoreInst = "DivnS_SEQ">   --->   Core 7 'DivnS_SEQ' <Latency = 105> <II = 56> <Delay = 1.56> <FuncUnit> <Opcode : 'udiv' 'sdiv' 'urem' 'srem'> <InPorts = 2> <OutPorts = 1>
ST_230 : Operation 729 [64/106] (1.56ns)   --->   "%udiv_ln257 = udiv i102 %shl_ln7, i102 %zext_ln256" [./xf_autowhitebalance.hpp:257]   --->   Operation 729 'udiv' 'udiv_ln257' <Predicate = true> <Delay = 1.56> <CoreInst = "DivnS_SEQ">   --->   Core 7 'DivnS_SEQ' <Latency = 105> <II = 56> <Delay = 1.56> <FuncUnit> <Opcode : 'udiv' 'sdiv' 'urem' 'srem'> <InPorts = 2> <OutPorts = 1>
ST_230 : Operation 730 [64/106] (1.56ns)   --->   "%udiv_ln258 = udiv i102 %shl_ln8, i102 %zext_ln256" [./xf_autowhitebalance.hpp:258]   --->   Operation 730 'udiv' 'udiv_ln258' <Predicate = true> <Delay = 1.56> <CoreInst = "DivnS_SEQ">   --->   Core 7 'DivnS_SEQ' <Latency = 105> <II = 56> <Delay = 1.56> <FuncUnit> <Opcode : 'udiv' 'sdiv' 'urem' 'srem'> <InPorts = 2> <OutPorts = 1>

State 231 <SV = 229> <Delay = 1.56>
ST_231 : Operation 731 [63/106] (1.56ns)   --->   "%udiv_ln256 = udiv i102 %shl_ln6, i102 %zext_ln256" [./xf_autowhitebalance.hpp:256]   --->   Operation 731 'udiv' 'udiv_ln256' <Predicate = true> <Delay = 1.56> <CoreInst = "DivnS_SEQ">   --->   Core 7 'DivnS_SEQ' <Latency = 105> <II = 56> <Delay = 1.56> <FuncUnit> <Opcode : 'udiv' 'sdiv' 'urem' 'srem'> <InPorts = 2> <OutPorts = 1>
ST_231 : Operation 732 [63/106] (1.56ns)   --->   "%udiv_ln257 = udiv i102 %shl_ln7, i102 %zext_ln256" [./xf_autowhitebalance.hpp:257]   --->   Operation 732 'udiv' 'udiv_ln257' <Predicate = true> <Delay = 1.56> <CoreInst = "DivnS_SEQ">   --->   Core 7 'DivnS_SEQ' <Latency = 105> <II = 56> <Delay = 1.56> <FuncUnit> <Opcode : 'udiv' 'sdiv' 'urem' 'srem'> <InPorts = 2> <OutPorts = 1>
ST_231 : Operation 733 [63/106] (1.56ns)   --->   "%udiv_ln258 = udiv i102 %shl_ln8, i102 %zext_ln256" [./xf_autowhitebalance.hpp:258]   --->   Operation 733 'udiv' 'udiv_ln258' <Predicate = true> <Delay = 1.56> <CoreInst = "DivnS_SEQ">   --->   Core 7 'DivnS_SEQ' <Latency = 105> <II = 56> <Delay = 1.56> <FuncUnit> <Opcode : 'udiv' 'sdiv' 'urem' 'srem'> <InPorts = 2> <OutPorts = 1>

State 232 <SV = 230> <Delay = 1.56>
ST_232 : Operation 734 [62/106] (1.56ns)   --->   "%udiv_ln256 = udiv i102 %shl_ln6, i102 %zext_ln256" [./xf_autowhitebalance.hpp:256]   --->   Operation 734 'udiv' 'udiv_ln256' <Predicate = true> <Delay = 1.56> <CoreInst = "DivnS_SEQ">   --->   Core 7 'DivnS_SEQ' <Latency = 105> <II = 56> <Delay = 1.56> <FuncUnit> <Opcode : 'udiv' 'sdiv' 'urem' 'srem'> <InPorts = 2> <OutPorts = 1>
ST_232 : Operation 735 [62/106] (1.56ns)   --->   "%udiv_ln257 = udiv i102 %shl_ln7, i102 %zext_ln256" [./xf_autowhitebalance.hpp:257]   --->   Operation 735 'udiv' 'udiv_ln257' <Predicate = true> <Delay = 1.56> <CoreInst = "DivnS_SEQ">   --->   Core 7 'DivnS_SEQ' <Latency = 105> <II = 56> <Delay = 1.56> <FuncUnit> <Opcode : 'udiv' 'sdiv' 'urem' 'srem'> <InPorts = 2> <OutPorts = 1>
ST_232 : Operation 736 [62/106] (1.56ns)   --->   "%udiv_ln258 = udiv i102 %shl_ln8, i102 %zext_ln256" [./xf_autowhitebalance.hpp:258]   --->   Operation 736 'udiv' 'udiv_ln258' <Predicate = true> <Delay = 1.56> <CoreInst = "DivnS_SEQ">   --->   Core 7 'DivnS_SEQ' <Latency = 105> <II = 56> <Delay = 1.56> <FuncUnit> <Opcode : 'udiv' 'sdiv' 'urem' 'srem'> <InPorts = 2> <OutPorts = 1>

State 233 <SV = 231> <Delay = 1.56>
ST_233 : Operation 737 [61/106] (1.56ns)   --->   "%udiv_ln256 = udiv i102 %shl_ln6, i102 %zext_ln256" [./xf_autowhitebalance.hpp:256]   --->   Operation 737 'udiv' 'udiv_ln256' <Predicate = true> <Delay = 1.56> <CoreInst = "DivnS_SEQ">   --->   Core 7 'DivnS_SEQ' <Latency = 105> <II = 56> <Delay = 1.56> <FuncUnit> <Opcode : 'udiv' 'sdiv' 'urem' 'srem'> <InPorts = 2> <OutPorts = 1>
ST_233 : Operation 738 [61/106] (1.56ns)   --->   "%udiv_ln257 = udiv i102 %shl_ln7, i102 %zext_ln256" [./xf_autowhitebalance.hpp:257]   --->   Operation 738 'udiv' 'udiv_ln257' <Predicate = true> <Delay = 1.56> <CoreInst = "DivnS_SEQ">   --->   Core 7 'DivnS_SEQ' <Latency = 105> <II = 56> <Delay = 1.56> <FuncUnit> <Opcode : 'udiv' 'sdiv' 'urem' 'srem'> <InPorts = 2> <OutPorts = 1>
ST_233 : Operation 739 [61/106] (1.56ns)   --->   "%udiv_ln258 = udiv i102 %shl_ln8, i102 %zext_ln256" [./xf_autowhitebalance.hpp:258]   --->   Operation 739 'udiv' 'udiv_ln258' <Predicate = true> <Delay = 1.56> <CoreInst = "DivnS_SEQ">   --->   Core 7 'DivnS_SEQ' <Latency = 105> <II = 56> <Delay = 1.56> <FuncUnit> <Opcode : 'udiv' 'sdiv' 'urem' 'srem'> <InPorts = 2> <OutPorts = 1>

State 234 <SV = 232> <Delay = 1.56>
ST_234 : Operation 740 [60/106] (1.56ns)   --->   "%udiv_ln256 = udiv i102 %shl_ln6, i102 %zext_ln256" [./xf_autowhitebalance.hpp:256]   --->   Operation 740 'udiv' 'udiv_ln256' <Predicate = true> <Delay = 1.56> <CoreInst = "DivnS_SEQ">   --->   Core 7 'DivnS_SEQ' <Latency = 105> <II = 56> <Delay = 1.56> <FuncUnit> <Opcode : 'udiv' 'sdiv' 'urem' 'srem'> <InPorts = 2> <OutPorts = 1>
ST_234 : Operation 741 [60/106] (1.56ns)   --->   "%udiv_ln257 = udiv i102 %shl_ln7, i102 %zext_ln256" [./xf_autowhitebalance.hpp:257]   --->   Operation 741 'udiv' 'udiv_ln257' <Predicate = true> <Delay = 1.56> <CoreInst = "DivnS_SEQ">   --->   Core 7 'DivnS_SEQ' <Latency = 105> <II = 56> <Delay = 1.56> <FuncUnit> <Opcode : 'udiv' 'sdiv' 'urem' 'srem'> <InPorts = 2> <OutPorts = 1>
ST_234 : Operation 742 [60/106] (1.56ns)   --->   "%udiv_ln258 = udiv i102 %shl_ln8, i102 %zext_ln256" [./xf_autowhitebalance.hpp:258]   --->   Operation 742 'udiv' 'udiv_ln258' <Predicate = true> <Delay = 1.56> <CoreInst = "DivnS_SEQ">   --->   Core 7 'DivnS_SEQ' <Latency = 105> <II = 56> <Delay = 1.56> <FuncUnit> <Opcode : 'udiv' 'sdiv' 'urem' 'srem'> <InPorts = 2> <OutPorts = 1>

State 235 <SV = 233> <Delay = 1.56>
ST_235 : Operation 743 [59/106] (1.56ns)   --->   "%udiv_ln256 = udiv i102 %shl_ln6, i102 %zext_ln256" [./xf_autowhitebalance.hpp:256]   --->   Operation 743 'udiv' 'udiv_ln256' <Predicate = true> <Delay = 1.56> <CoreInst = "DivnS_SEQ">   --->   Core 7 'DivnS_SEQ' <Latency = 105> <II = 56> <Delay = 1.56> <FuncUnit> <Opcode : 'udiv' 'sdiv' 'urem' 'srem'> <InPorts = 2> <OutPorts = 1>
ST_235 : Operation 744 [59/106] (1.56ns)   --->   "%udiv_ln257 = udiv i102 %shl_ln7, i102 %zext_ln256" [./xf_autowhitebalance.hpp:257]   --->   Operation 744 'udiv' 'udiv_ln257' <Predicate = true> <Delay = 1.56> <CoreInst = "DivnS_SEQ">   --->   Core 7 'DivnS_SEQ' <Latency = 105> <II = 56> <Delay = 1.56> <FuncUnit> <Opcode : 'udiv' 'sdiv' 'urem' 'srem'> <InPorts = 2> <OutPorts = 1>
ST_235 : Operation 745 [59/106] (1.56ns)   --->   "%udiv_ln258 = udiv i102 %shl_ln8, i102 %zext_ln256" [./xf_autowhitebalance.hpp:258]   --->   Operation 745 'udiv' 'udiv_ln258' <Predicate = true> <Delay = 1.56> <CoreInst = "DivnS_SEQ">   --->   Core 7 'DivnS_SEQ' <Latency = 105> <II = 56> <Delay = 1.56> <FuncUnit> <Opcode : 'udiv' 'sdiv' 'urem' 'srem'> <InPorts = 2> <OutPorts = 1>

State 236 <SV = 234> <Delay = 1.56>
ST_236 : Operation 746 [58/106] (1.56ns)   --->   "%udiv_ln256 = udiv i102 %shl_ln6, i102 %zext_ln256" [./xf_autowhitebalance.hpp:256]   --->   Operation 746 'udiv' 'udiv_ln256' <Predicate = true> <Delay = 1.56> <CoreInst = "DivnS_SEQ">   --->   Core 7 'DivnS_SEQ' <Latency = 105> <II = 56> <Delay = 1.56> <FuncUnit> <Opcode : 'udiv' 'sdiv' 'urem' 'srem'> <InPorts = 2> <OutPorts = 1>
ST_236 : Operation 747 [58/106] (1.56ns)   --->   "%udiv_ln257 = udiv i102 %shl_ln7, i102 %zext_ln256" [./xf_autowhitebalance.hpp:257]   --->   Operation 747 'udiv' 'udiv_ln257' <Predicate = true> <Delay = 1.56> <CoreInst = "DivnS_SEQ">   --->   Core 7 'DivnS_SEQ' <Latency = 105> <II = 56> <Delay = 1.56> <FuncUnit> <Opcode : 'udiv' 'sdiv' 'urem' 'srem'> <InPorts = 2> <OutPorts = 1>
ST_236 : Operation 748 [58/106] (1.56ns)   --->   "%udiv_ln258 = udiv i102 %shl_ln8, i102 %zext_ln256" [./xf_autowhitebalance.hpp:258]   --->   Operation 748 'udiv' 'udiv_ln258' <Predicate = true> <Delay = 1.56> <CoreInst = "DivnS_SEQ">   --->   Core 7 'DivnS_SEQ' <Latency = 105> <II = 56> <Delay = 1.56> <FuncUnit> <Opcode : 'udiv' 'sdiv' 'urem' 'srem'> <InPorts = 2> <OutPorts = 1>

State 237 <SV = 235> <Delay = 1.56>
ST_237 : Operation 749 [57/106] (1.56ns)   --->   "%udiv_ln256 = udiv i102 %shl_ln6, i102 %zext_ln256" [./xf_autowhitebalance.hpp:256]   --->   Operation 749 'udiv' 'udiv_ln256' <Predicate = true> <Delay = 1.56> <CoreInst = "DivnS_SEQ">   --->   Core 7 'DivnS_SEQ' <Latency = 105> <II = 56> <Delay = 1.56> <FuncUnit> <Opcode : 'udiv' 'sdiv' 'urem' 'srem'> <InPorts = 2> <OutPorts = 1>
ST_237 : Operation 750 [57/106] (1.56ns)   --->   "%udiv_ln257 = udiv i102 %shl_ln7, i102 %zext_ln256" [./xf_autowhitebalance.hpp:257]   --->   Operation 750 'udiv' 'udiv_ln257' <Predicate = true> <Delay = 1.56> <CoreInst = "DivnS_SEQ">   --->   Core 7 'DivnS_SEQ' <Latency = 105> <II = 56> <Delay = 1.56> <FuncUnit> <Opcode : 'udiv' 'sdiv' 'urem' 'srem'> <InPorts = 2> <OutPorts = 1>
ST_237 : Operation 751 [57/106] (1.56ns)   --->   "%udiv_ln258 = udiv i102 %shl_ln8, i102 %zext_ln256" [./xf_autowhitebalance.hpp:258]   --->   Operation 751 'udiv' 'udiv_ln258' <Predicate = true> <Delay = 1.56> <CoreInst = "DivnS_SEQ">   --->   Core 7 'DivnS_SEQ' <Latency = 105> <II = 56> <Delay = 1.56> <FuncUnit> <Opcode : 'udiv' 'sdiv' 'urem' 'srem'> <InPorts = 2> <OutPorts = 1>

State 238 <SV = 236> <Delay = 1.56>
ST_238 : Operation 752 [56/106] (1.56ns)   --->   "%udiv_ln256 = udiv i102 %shl_ln6, i102 %zext_ln256" [./xf_autowhitebalance.hpp:256]   --->   Operation 752 'udiv' 'udiv_ln256' <Predicate = true> <Delay = 1.56> <CoreInst = "DivnS_SEQ">   --->   Core 7 'DivnS_SEQ' <Latency = 105> <II = 56> <Delay = 1.56> <FuncUnit> <Opcode : 'udiv' 'sdiv' 'urem' 'srem'> <InPorts = 2> <OutPorts = 1>
ST_238 : Operation 753 [56/106] (1.56ns)   --->   "%udiv_ln257 = udiv i102 %shl_ln7, i102 %zext_ln256" [./xf_autowhitebalance.hpp:257]   --->   Operation 753 'udiv' 'udiv_ln257' <Predicate = true> <Delay = 1.56> <CoreInst = "DivnS_SEQ">   --->   Core 7 'DivnS_SEQ' <Latency = 105> <II = 56> <Delay = 1.56> <FuncUnit> <Opcode : 'udiv' 'sdiv' 'urem' 'srem'> <InPorts = 2> <OutPorts = 1>
ST_238 : Operation 754 [56/106] (1.56ns)   --->   "%udiv_ln258 = udiv i102 %shl_ln8, i102 %zext_ln256" [./xf_autowhitebalance.hpp:258]   --->   Operation 754 'udiv' 'udiv_ln258' <Predicate = true> <Delay = 1.56> <CoreInst = "DivnS_SEQ">   --->   Core 7 'DivnS_SEQ' <Latency = 105> <II = 56> <Delay = 1.56> <FuncUnit> <Opcode : 'udiv' 'sdiv' 'urem' 'srem'> <InPorts = 2> <OutPorts = 1>

State 239 <SV = 237> <Delay = 1.56>
ST_239 : Operation 755 [55/106] (1.56ns)   --->   "%udiv_ln256 = udiv i102 %shl_ln6, i102 %zext_ln256" [./xf_autowhitebalance.hpp:256]   --->   Operation 755 'udiv' 'udiv_ln256' <Predicate = true> <Delay = 1.56> <CoreInst = "DivnS_SEQ">   --->   Core 7 'DivnS_SEQ' <Latency = 105> <II = 56> <Delay = 1.56> <FuncUnit> <Opcode : 'udiv' 'sdiv' 'urem' 'srem'> <InPorts = 2> <OutPorts = 1>
ST_239 : Operation 756 [55/106] (1.56ns)   --->   "%udiv_ln257 = udiv i102 %shl_ln7, i102 %zext_ln256" [./xf_autowhitebalance.hpp:257]   --->   Operation 756 'udiv' 'udiv_ln257' <Predicate = true> <Delay = 1.56> <CoreInst = "DivnS_SEQ">   --->   Core 7 'DivnS_SEQ' <Latency = 105> <II = 56> <Delay = 1.56> <FuncUnit> <Opcode : 'udiv' 'sdiv' 'urem' 'srem'> <InPorts = 2> <OutPorts = 1>
ST_239 : Operation 757 [55/106] (1.56ns)   --->   "%udiv_ln258 = udiv i102 %shl_ln8, i102 %zext_ln256" [./xf_autowhitebalance.hpp:258]   --->   Operation 757 'udiv' 'udiv_ln258' <Predicate = true> <Delay = 1.56> <CoreInst = "DivnS_SEQ">   --->   Core 7 'DivnS_SEQ' <Latency = 105> <II = 56> <Delay = 1.56> <FuncUnit> <Opcode : 'udiv' 'sdiv' 'urem' 'srem'> <InPorts = 2> <OutPorts = 1>

State 240 <SV = 238> <Delay = 1.56>
ST_240 : Operation 758 [54/106] (1.56ns)   --->   "%udiv_ln256 = udiv i102 %shl_ln6, i102 %zext_ln256" [./xf_autowhitebalance.hpp:256]   --->   Operation 758 'udiv' 'udiv_ln256' <Predicate = true> <Delay = 1.56> <CoreInst = "DivnS_SEQ">   --->   Core 7 'DivnS_SEQ' <Latency = 105> <II = 56> <Delay = 1.56> <FuncUnit> <Opcode : 'udiv' 'sdiv' 'urem' 'srem'> <InPorts = 2> <OutPorts = 1>
ST_240 : Operation 759 [54/106] (1.56ns)   --->   "%udiv_ln257 = udiv i102 %shl_ln7, i102 %zext_ln256" [./xf_autowhitebalance.hpp:257]   --->   Operation 759 'udiv' 'udiv_ln257' <Predicate = true> <Delay = 1.56> <CoreInst = "DivnS_SEQ">   --->   Core 7 'DivnS_SEQ' <Latency = 105> <II = 56> <Delay = 1.56> <FuncUnit> <Opcode : 'udiv' 'sdiv' 'urem' 'srem'> <InPorts = 2> <OutPorts = 1>
ST_240 : Operation 760 [54/106] (1.56ns)   --->   "%udiv_ln258 = udiv i102 %shl_ln8, i102 %zext_ln256" [./xf_autowhitebalance.hpp:258]   --->   Operation 760 'udiv' 'udiv_ln258' <Predicate = true> <Delay = 1.56> <CoreInst = "DivnS_SEQ">   --->   Core 7 'DivnS_SEQ' <Latency = 105> <II = 56> <Delay = 1.56> <FuncUnit> <Opcode : 'udiv' 'sdiv' 'urem' 'srem'> <InPorts = 2> <OutPorts = 1>

State 241 <SV = 239> <Delay = 1.56>
ST_241 : Operation 761 [53/106] (1.56ns)   --->   "%udiv_ln256 = udiv i102 %shl_ln6, i102 %zext_ln256" [./xf_autowhitebalance.hpp:256]   --->   Operation 761 'udiv' 'udiv_ln256' <Predicate = true> <Delay = 1.56> <CoreInst = "DivnS_SEQ">   --->   Core 7 'DivnS_SEQ' <Latency = 105> <II = 56> <Delay = 1.56> <FuncUnit> <Opcode : 'udiv' 'sdiv' 'urem' 'srem'> <InPorts = 2> <OutPorts = 1>
ST_241 : Operation 762 [53/106] (1.56ns)   --->   "%udiv_ln257 = udiv i102 %shl_ln7, i102 %zext_ln256" [./xf_autowhitebalance.hpp:257]   --->   Operation 762 'udiv' 'udiv_ln257' <Predicate = true> <Delay = 1.56> <CoreInst = "DivnS_SEQ">   --->   Core 7 'DivnS_SEQ' <Latency = 105> <II = 56> <Delay = 1.56> <FuncUnit> <Opcode : 'udiv' 'sdiv' 'urem' 'srem'> <InPorts = 2> <OutPorts = 1>
ST_241 : Operation 763 [53/106] (1.56ns)   --->   "%udiv_ln258 = udiv i102 %shl_ln8, i102 %zext_ln256" [./xf_autowhitebalance.hpp:258]   --->   Operation 763 'udiv' 'udiv_ln258' <Predicate = true> <Delay = 1.56> <CoreInst = "DivnS_SEQ">   --->   Core 7 'DivnS_SEQ' <Latency = 105> <II = 56> <Delay = 1.56> <FuncUnit> <Opcode : 'udiv' 'sdiv' 'urem' 'srem'> <InPorts = 2> <OutPorts = 1>

State 242 <SV = 240> <Delay = 1.56>
ST_242 : Operation 764 [52/106] (1.56ns)   --->   "%udiv_ln256 = udiv i102 %shl_ln6, i102 %zext_ln256" [./xf_autowhitebalance.hpp:256]   --->   Operation 764 'udiv' 'udiv_ln256' <Predicate = true> <Delay = 1.56> <CoreInst = "DivnS_SEQ">   --->   Core 7 'DivnS_SEQ' <Latency = 105> <II = 56> <Delay = 1.56> <FuncUnit> <Opcode : 'udiv' 'sdiv' 'urem' 'srem'> <InPorts = 2> <OutPorts = 1>
ST_242 : Operation 765 [52/106] (1.56ns)   --->   "%udiv_ln257 = udiv i102 %shl_ln7, i102 %zext_ln256" [./xf_autowhitebalance.hpp:257]   --->   Operation 765 'udiv' 'udiv_ln257' <Predicate = true> <Delay = 1.56> <CoreInst = "DivnS_SEQ">   --->   Core 7 'DivnS_SEQ' <Latency = 105> <II = 56> <Delay = 1.56> <FuncUnit> <Opcode : 'udiv' 'sdiv' 'urem' 'srem'> <InPorts = 2> <OutPorts = 1>
ST_242 : Operation 766 [52/106] (1.56ns)   --->   "%udiv_ln258 = udiv i102 %shl_ln8, i102 %zext_ln256" [./xf_autowhitebalance.hpp:258]   --->   Operation 766 'udiv' 'udiv_ln258' <Predicate = true> <Delay = 1.56> <CoreInst = "DivnS_SEQ">   --->   Core 7 'DivnS_SEQ' <Latency = 105> <II = 56> <Delay = 1.56> <FuncUnit> <Opcode : 'udiv' 'sdiv' 'urem' 'srem'> <InPorts = 2> <OutPorts = 1>

State 243 <SV = 241> <Delay = 1.56>
ST_243 : Operation 767 [51/106] (1.56ns)   --->   "%udiv_ln256 = udiv i102 %shl_ln6, i102 %zext_ln256" [./xf_autowhitebalance.hpp:256]   --->   Operation 767 'udiv' 'udiv_ln256' <Predicate = true> <Delay = 1.56> <CoreInst = "DivnS_SEQ">   --->   Core 7 'DivnS_SEQ' <Latency = 105> <II = 56> <Delay = 1.56> <FuncUnit> <Opcode : 'udiv' 'sdiv' 'urem' 'srem'> <InPorts = 2> <OutPorts = 1>
ST_243 : Operation 768 [51/106] (1.56ns)   --->   "%udiv_ln257 = udiv i102 %shl_ln7, i102 %zext_ln256" [./xf_autowhitebalance.hpp:257]   --->   Operation 768 'udiv' 'udiv_ln257' <Predicate = true> <Delay = 1.56> <CoreInst = "DivnS_SEQ">   --->   Core 7 'DivnS_SEQ' <Latency = 105> <II = 56> <Delay = 1.56> <FuncUnit> <Opcode : 'udiv' 'sdiv' 'urem' 'srem'> <InPorts = 2> <OutPorts = 1>
ST_243 : Operation 769 [51/106] (1.56ns)   --->   "%udiv_ln258 = udiv i102 %shl_ln8, i102 %zext_ln256" [./xf_autowhitebalance.hpp:258]   --->   Operation 769 'udiv' 'udiv_ln258' <Predicate = true> <Delay = 1.56> <CoreInst = "DivnS_SEQ">   --->   Core 7 'DivnS_SEQ' <Latency = 105> <II = 56> <Delay = 1.56> <FuncUnit> <Opcode : 'udiv' 'sdiv' 'urem' 'srem'> <InPorts = 2> <OutPorts = 1>

State 244 <SV = 242> <Delay = 1.56>
ST_244 : Operation 770 [50/106] (1.56ns)   --->   "%udiv_ln256 = udiv i102 %shl_ln6, i102 %zext_ln256" [./xf_autowhitebalance.hpp:256]   --->   Operation 770 'udiv' 'udiv_ln256' <Predicate = true> <Delay = 1.56> <CoreInst = "DivnS_SEQ">   --->   Core 7 'DivnS_SEQ' <Latency = 105> <II = 56> <Delay = 1.56> <FuncUnit> <Opcode : 'udiv' 'sdiv' 'urem' 'srem'> <InPorts = 2> <OutPorts = 1>
ST_244 : Operation 771 [50/106] (1.56ns)   --->   "%udiv_ln257 = udiv i102 %shl_ln7, i102 %zext_ln256" [./xf_autowhitebalance.hpp:257]   --->   Operation 771 'udiv' 'udiv_ln257' <Predicate = true> <Delay = 1.56> <CoreInst = "DivnS_SEQ">   --->   Core 7 'DivnS_SEQ' <Latency = 105> <II = 56> <Delay = 1.56> <FuncUnit> <Opcode : 'udiv' 'sdiv' 'urem' 'srem'> <InPorts = 2> <OutPorts = 1>
ST_244 : Operation 772 [50/106] (1.56ns)   --->   "%udiv_ln258 = udiv i102 %shl_ln8, i102 %zext_ln256" [./xf_autowhitebalance.hpp:258]   --->   Operation 772 'udiv' 'udiv_ln258' <Predicate = true> <Delay = 1.56> <CoreInst = "DivnS_SEQ">   --->   Core 7 'DivnS_SEQ' <Latency = 105> <II = 56> <Delay = 1.56> <FuncUnit> <Opcode : 'udiv' 'sdiv' 'urem' 'srem'> <InPorts = 2> <OutPorts = 1>

State 245 <SV = 243> <Delay = 1.56>
ST_245 : Operation 773 [49/106] (1.56ns)   --->   "%udiv_ln256 = udiv i102 %shl_ln6, i102 %zext_ln256" [./xf_autowhitebalance.hpp:256]   --->   Operation 773 'udiv' 'udiv_ln256' <Predicate = true> <Delay = 1.56> <CoreInst = "DivnS_SEQ">   --->   Core 7 'DivnS_SEQ' <Latency = 105> <II = 56> <Delay = 1.56> <FuncUnit> <Opcode : 'udiv' 'sdiv' 'urem' 'srem'> <InPorts = 2> <OutPorts = 1>
ST_245 : Operation 774 [49/106] (1.56ns)   --->   "%udiv_ln257 = udiv i102 %shl_ln7, i102 %zext_ln256" [./xf_autowhitebalance.hpp:257]   --->   Operation 774 'udiv' 'udiv_ln257' <Predicate = true> <Delay = 1.56> <CoreInst = "DivnS_SEQ">   --->   Core 7 'DivnS_SEQ' <Latency = 105> <II = 56> <Delay = 1.56> <FuncUnit> <Opcode : 'udiv' 'sdiv' 'urem' 'srem'> <InPorts = 2> <OutPorts = 1>
ST_245 : Operation 775 [49/106] (1.56ns)   --->   "%udiv_ln258 = udiv i102 %shl_ln8, i102 %zext_ln256" [./xf_autowhitebalance.hpp:258]   --->   Operation 775 'udiv' 'udiv_ln258' <Predicate = true> <Delay = 1.56> <CoreInst = "DivnS_SEQ">   --->   Core 7 'DivnS_SEQ' <Latency = 105> <II = 56> <Delay = 1.56> <FuncUnit> <Opcode : 'udiv' 'sdiv' 'urem' 'srem'> <InPorts = 2> <OutPorts = 1>

State 246 <SV = 244> <Delay = 1.56>
ST_246 : Operation 776 [48/106] (1.56ns)   --->   "%udiv_ln256 = udiv i102 %shl_ln6, i102 %zext_ln256" [./xf_autowhitebalance.hpp:256]   --->   Operation 776 'udiv' 'udiv_ln256' <Predicate = true> <Delay = 1.56> <CoreInst = "DivnS_SEQ">   --->   Core 7 'DivnS_SEQ' <Latency = 105> <II = 56> <Delay = 1.56> <FuncUnit> <Opcode : 'udiv' 'sdiv' 'urem' 'srem'> <InPorts = 2> <OutPorts = 1>
ST_246 : Operation 777 [48/106] (1.56ns)   --->   "%udiv_ln257 = udiv i102 %shl_ln7, i102 %zext_ln256" [./xf_autowhitebalance.hpp:257]   --->   Operation 777 'udiv' 'udiv_ln257' <Predicate = true> <Delay = 1.56> <CoreInst = "DivnS_SEQ">   --->   Core 7 'DivnS_SEQ' <Latency = 105> <II = 56> <Delay = 1.56> <FuncUnit> <Opcode : 'udiv' 'sdiv' 'urem' 'srem'> <InPorts = 2> <OutPorts = 1>
ST_246 : Operation 778 [48/106] (1.56ns)   --->   "%udiv_ln258 = udiv i102 %shl_ln8, i102 %zext_ln256" [./xf_autowhitebalance.hpp:258]   --->   Operation 778 'udiv' 'udiv_ln258' <Predicate = true> <Delay = 1.56> <CoreInst = "DivnS_SEQ">   --->   Core 7 'DivnS_SEQ' <Latency = 105> <II = 56> <Delay = 1.56> <FuncUnit> <Opcode : 'udiv' 'sdiv' 'urem' 'srem'> <InPorts = 2> <OutPorts = 1>

State 247 <SV = 245> <Delay = 1.56>
ST_247 : Operation 779 [47/106] (1.56ns)   --->   "%udiv_ln256 = udiv i102 %shl_ln6, i102 %zext_ln256" [./xf_autowhitebalance.hpp:256]   --->   Operation 779 'udiv' 'udiv_ln256' <Predicate = true> <Delay = 1.56> <CoreInst = "DivnS_SEQ">   --->   Core 7 'DivnS_SEQ' <Latency = 105> <II = 56> <Delay = 1.56> <FuncUnit> <Opcode : 'udiv' 'sdiv' 'urem' 'srem'> <InPorts = 2> <OutPorts = 1>
ST_247 : Operation 780 [47/106] (1.56ns)   --->   "%udiv_ln257 = udiv i102 %shl_ln7, i102 %zext_ln256" [./xf_autowhitebalance.hpp:257]   --->   Operation 780 'udiv' 'udiv_ln257' <Predicate = true> <Delay = 1.56> <CoreInst = "DivnS_SEQ">   --->   Core 7 'DivnS_SEQ' <Latency = 105> <II = 56> <Delay = 1.56> <FuncUnit> <Opcode : 'udiv' 'sdiv' 'urem' 'srem'> <InPorts = 2> <OutPorts = 1>
ST_247 : Operation 781 [47/106] (1.56ns)   --->   "%udiv_ln258 = udiv i102 %shl_ln8, i102 %zext_ln256" [./xf_autowhitebalance.hpp:258]   --->   Operation 781 'udiv' 'udiv_ln258' <Predicate = true> <Delay = 1.56> <CoreInst = "DivnS_SEQ">   --->   Core 7 'DivnS_SEQ' <Latency = 105> <II = 56> <Delay = 1.56> <FuncUnit> <Opcode : 'udiv' 'sdiv' 'urem' 'srem'> <InPorts = 2> <OutPorts = 1>

State 248 <SV = 246> <Delay = 1.56>
ST_248 : Operation 782 [46/106] (1.56ns)   --->   "%udiv_ln256 = udiv i102 %shl_ln6, i102 %zext_ln256" [./xf_autowhitebalance.hpp:256]   --->   Operation 782 'udiv' 'udiv_ln256' <Predicate = true> <Delay = 1.56> <CoreInst = "DivnS_SEQ">   --->   Core 7 'DivnS_SEQ' <Latency = 105> <II = 56> <Delay = 1.56> <FuncUnit> <Opcode : 'udiv' 'sdiv' 'urem' 'srem'> <InPorts = 2> <OutPorts = 1>
ST_248 : Operation 783 [46/106] (1.56ns)   --->   "%udiv_ln257 = udiv i102 %shl_ln7, i102 %zext_ln256" [./xf_autowhitebalance.hpp:257]   --->   Operation 783 'udiv' 'udiv_ln257' <Predicate = true> <Delay = 1.56> <CoreInst = "DivnS_SEQ">   --->   Core 7 'DivnS_SEQ' <Latency = 105> <II = 56> <Delay = 1.56> <FuncUnit> <Opcode : 'udiv' 'sdiv' 'urem' 'srem'> <InPorts = 2> <OutPorts = 1>
ST_248 : Operation 784 [46/106] (1.56ns)   --->   "%udiv_ln258 = udiv i102 %shl_ln8, i102 %zext_ln256" [./xf_autowhitebalance.hpp:258]   --->   Operation 784 'udiv' 'udiv_ln258' <Predicate = true> <Delay = 1.56> <CoreInst = "DivnS_SEQ">   --->   Core 7 'DivnS_SEQ' <Latency = 105> <II = 56> <Delay = 1.56> <FuncUnit> <Opcode : 'udiv' 'sdiv' 'urem' 'srem'> <InPorts = 2> <OutPorts = 1>

State 249 <SV = 247> <Delay = 1.56>
ST_249 : Operation 785 [45/106] (1.56ns)   --->   "%udiv_ln256 = udiv i102 %shl_ln6, i102 %zext_ln256" [./xf_autowhitebalance.hpp:256]   --->   Operation 785 'udiv' 'udiv_ln256' <Predicate = true> <Delay = 1.56> <CoreInst = "DivnS_SEQ">   --->   Core 7 'DivnS_SEQ' <Latency = 105> <II = 56> <Delay = 1.56> <FuncUnit> <Opcode : 'udiv' 'sdiv' 'urem' 'srem'> <InPorts = 2> <OutPorts = 1>
ST_249 : Operation 786 [45/106] (1.56ns)   --->   "%udiv_ln257 = udiv i102 %shl_ln7, i102 %zext_ln256" [./xf_autowhitebalance.hpp:257]   --->   Operation 786 'udiv' 'udiv_ln257' <Predicate = true> <Delay = 1.56> <CoreInst = "DivnS_SEQ">   --->   Core 7 'DivnS_SEQ' <Latency = 105> <II = 56> <Delay = 1.56> <FuncUnit> <Opcode : 'udiv' 'sdiv' 'urem' 'srem'> <InPorts = 2> <OutPorts = 1>
ST_249 : Operation 787 [45/106] (1.56ns)   --->   "%udiv_ln258 = udiv i102 %shl_ln8, i102 %zext_ln256" [./xf_autowhitebalance.hpp:258]   --->   Operation 787 'udiv' 'udiv_ln258' <Predicate = true> <Delay = 1.56> <CoreInst = "DivnS_SEQ">   --->   Core 7 'DivnS_SEQ' <Latency = 105> <II = 56> <Delay = 1.56> <FuncUnit> <Opcode : 'udiv' 'sdiv' 'urem' 'srem'> <InPorts = 2> <OutPorts = 1>

State 250 <SV = 248> <Delay = 1.56>
ST_250 : Operation 788 [44/106] (1.56ns)   --->   "%udiv_ln256 = udiv i102 %shl_ln6, i102 %zext_ln256" [./xf_autowhitebalance.hpp:256]   --->   Operation 788 'udiv' 'udiv_ln256' <Predicate = true> <Delay = 1.56> <CoreInst = "DivnS_SEQ">   --->   Core 7 'DivnS_SEQ' <Latency = 105> <II = 56> <Delay = 1.56> <FuncUnit> <Opcode : 'udiv' 'sdiv' 'urem' 'srem'> <InPorts = 2> <OutPorts = 1>
ST_250 : Operation 789 [44/106] (1.56ns)   --->   "%udiv_ln257 = udiv i102 %shl_ln7, i102 %zext_ln256" [./xf_autowhitebalance.hpp:257]   --->   Operation 789 'udiv' 'udiv_ln257' <Predicate = true> <Delay = 1.56> <CoreInst = "DivnS_SEQ">   --->   Core 7 'DivnS_SEQ' <Latency = 105> <II = 56> <Delay = 1.56> <FuncUnit> <Opcode : 'udiv' 'sdiv' 'urem' 'srem'> <InPorts = 2> <OutPorts = 1>
ST_250 : Operation 790 [44/106] (1.56ns)   --->   "%udiv_ln258 = udiv i102 %shl_ln8, i102 %zext_ln256" [./xf_autowhitebalance.hpp:258]   --->   Operation 790 'udiv' 'udiv_ln258' <Predicate = true> <Delay = 1.56> <CoreInst = "DivnS_SEQ">   --->   Core 7 'DivnS_SEQ' <Latency = 105> <II = 56> <Delay = 1.56> <FuncUnit> <Opcode : 'udiv' 'sdiv' 'urem' 'srem'> <InPorts = 2> <OutPorts = 1>

State 251 <SV = 249> <Delay = 1.56>
ST_251 : Operation 791 [43/106] (1.56ns)   --->   "%udiv_ln256 = udiv i102 %shl_ln6, i102 %zext_ln256" [./xf_autowhitebalance.hpp:256]   --->   Operation 791 'udiv' 'udiv_ln256' <Predicate = true> <Delay = 1.56> <CoreInst = "DivnS_SEQ">   --->   Core 7 'DivnS_SEQ' <Latency = 105> <II = 56> <Delay = 1.56> <FuncUnit> <Opcode : 'udiv' 'sdiv' 'urem' 'srem'> <InPorts = 2> <OutPorts = 1>
ST_251 : Operation 792 [43/106] (1.56ns)   --->   "%udiv_ln257 = udiv i102 %shl_ln7, i102 %zext_ln256" [./xf_autowhitebalance.hpp:257]   --->   Operation 792 'udiv' 'udiv_ln257' <Predicate = true> <Delay = 1.56> <CoreInst = "DivnS_SEQ">   --->   Core 7 'DivnS_SEQ' <Latency = 105> <II = 56> <Delay = 1.56> <FuncUnit> <Opcode : 'udiv' 'sdiv' 'urem' 'srem'> <InPorts = 2> <OutPorts = 1>
ST_251 : Operation 793 [43/106] (1.56ns)   --->   "%udiv_ln258 = udiv i102 %shl_ln8, i102 %zext_ln256" [./xf_autowhitebalance.hpp:258]   --->   Operation 793 'udiv' 'udiv_ln258' <Predicate = true> <Delay = 1.56> <CoreInst = "DivnS_SEQ">   --->   Core 7 'DivnS_SEQ' <Latency = 105> <II = 56> <Delay = 1.56> <FuncUnit> <Opcode : 'udiv' 'sdiv' 'urem' 'srem'> <InPorts = 2> <OutPorts = 1>

State 252 <SV = 250> <Delay = 1.56>
ST_252 : Operation 794 [42/106] (1.56ns)   --->   "%udiv_ln256 = udiv i102 %shl_ln6, i102 %zext_ln256" [./xf_autowhitebalance.hpp:256]   --->   Operation 794 'udiv' 'udiv_ln256' <Predicate = true> <Delay = 1.56> <CoreInst = "DivnS_SEQ">   --->   Core 7 'DivnS_SEQ' <Latency = 105> <II = 56> <Delay = 1.56> <FuncUnit> <Opcode : 'udiv' 'sdiv' 'urem' 'srem'> <InPorts = 2> <OutPorts = 1>
ST_252 : Operation 795 [42/106] (1.56ns)   --->   "%udiv_ln257 = udiv i102 %shl_ln7, i102 %zext_ln256" [./xf_autowhitebalance.hpp:257]   --->   Operation 795 'udiv' 'udiv_ln257' <Predicate = true> <Delay = 1.56> <CoreInst = "DivnS_SEQ">   --->   Core 7 'DivnS_SEQ' <Latency = 105> <II = 56> <Delay = 1.56> <FuncUnit> <Opcode : 'udiv' 'sdiv' 'urem' 'srem'> <InPorts = 2> <OutPorts = 1>
ST_252 : Operation 796 [42/106] (1.56ns)   --->   "%udiv_ln258 = udiv i102 %shl_ln8, i102 %zext_ln256" [./xf_autowhitebalance.hpp:258]   --->   Operation 796 'udiv' 'udiv_ln258' <Predicate = true> <Delay = 1.56> <CoreInst = "DivnS_SEQ">   --->   Core 7 'DivnS_SEQ' <Latency = 105> <II = 56> <Delay = 1.56> <FuncUnit> <Opcode : 'udiv' 'sdiv' 'urem' 'srem'> <InPorts = 2> <OutPorts = 1>

State 253 <SV = 251> <Delay = 1.56>
ST_253 : Operation 797 [41/106] (1.56ns)   --->   "%udiv_ln256 = udiv i102 %shl_ln6, i102 %zext_ln256" [./xf_autowhitebalance.hpp:256]   --->   Operation 797 'udiv' 'udiv_ln256' <Predicate = true> <Delay = 1.56> <CoreInst = "DivnS_SEQ">   --->   Core 7 'DivnS_SEQ' <Latency = 105> <II = 56> <Delay = 1.56> <FuncUnit> <Opcode : 'udiv' 'sdiv' 'urem' 'srem'> <InPorts = 2> <OutPorts = 1>
ST_253 : Operation 798 [41/106] (1.56ns)   --->   "%udiv_ln257 = udiv i102 %shl_ln7, i102 %zext_ln256" [./xf_autowhitebalance.hpp:257]   --->   Operation 798 'udiv' 'udiv_ln257' <Predicate = true> <Delay = 1.56> <CoreInst = "DivnS_SEQ">   --->   Core 7 'DivnS_SEQ' <Latency = 105> <II = 56> <Delay = 1.56> <FuncUnit> <Opcode : 'udiv' 'sdiv' 'urem' 'srem'> <InPorts = 2> <OutPorts = 1>
ST_253 : Operation 799 [41/106] (1.56ns)   --->   "%udiv_ln258 = udiv i102 %shl_ln8, i102 %zext_ln256" [./xf_autowhitebalance.hpp:258]   --->   Operation 799 'udiv' 'udiv_ln258' <Predicate = true> <Delay = 1.56> <CoreInst = "DivnS_SEQ">   --->   Core 7 'DivnS_SEQ' <Latency = 105> <II = 56> <Delay = 1.56> <FuncUnit> <Opcode : 'udiv' 'sdiv' 'urem' 'srem'> <InPorts = 2> <OutPorts = 1>

State 254 <SV = 252> <Delay = 1.56>
ST_254 : Operation 800 [40/106] (1.56ns)   --->   "%udiv_ln256 = udiv i102 %shl_ln6, i102 %zext_ln256" [./xf_autowhitebalance.hpp:256]   --->   Operation 800 'udiv' 'udiv_ln256' <Predicate = true> <Delay = 1.56> <CoreInst = "DivnS_SEQ">   --->   Core 7 'DivnS_SEQ' <Latency = 105> <II = 56> <Delay = 1.56> <FuncUnit> <Opcode : 'udiv' 'sdiv' 'urem' 'srem'> <InPorts = 2> <OutPorts = 1>
ST_254 : Operation 801 [40/106] (1.56ns)   --->   "%udiv_ln257 = udiv i102 %shl_ln7, i102 %zext_ln256" [./xf_autowhitebalance.hpp:257]   --->   Operation 801 'udiv' 'udiv_ln257' <Predicate = true> <Delay = 1.56> <CoreInst = "DivnS_SEQ">   --->   Core 7 'DivnS_SEQ' <Latency = 105> <II = 56> <Delay = 1.56> <FuncUnit> <Opcode : 'udiv' 'sdiv' 'urem' 'srem'> <InPorts = 2> <OutPorts = 1>
ST_254 : Operation 802 [40/106] (1.56ns)   --->   "%udiv_ln258 = udiv i102 %shl_ln8, i102 %zext_ln256" [./xf_autowhitebalance.hpp:258]   --->   Operation 802 'udiv' 'udiv_ln258' <Predicate = true> <Delay = 1.56> <CoreInst = "DivnS_SEQ">   --->   Core 7 'DivnS_SEQ' <Latency = 105> <II = 56> <Delay = 1.56> <FuncUnit> <Opcode : 'udiv' 'sdiv' 'urem' 'srem'> <InPorts = 2> <OutPorts = 1>

State 255 <SV = 253> <Delay = 1.56>
ST_255 : Operation 803 [39/106] (1.56ns)   --->   "%udiv_ln256 = udiv i102 %shl_ln6, i102 %zext_ln256" [./xf_autowhitebalance.hpp:256]   --->   Operation 803 'udiv' 'udiv_ln256' <Predicate = true> <Delay = 1.56> <CoreInst = "DivnS_SEQ">   --->   Core 7 'DivnS_SEQ' <Latency = 105> <II = 56> <Delay = 1.56> <FuncUnit> <Opcode : 'udiv' 'sdiv' 'urem' 'srem'> <InPorts = 2> <OutPorts = 1>
ST_255 : Operation 804 [39/106] (1.56ns)   --->   "%udiv_ln257 = udiv i102 %shl_ln7, i102 %zext_ln256" [./xf_autowhitebalance.hpp:257]   --->   Operation 804 'udiv' 'udiv_ln257' <Predicate = true> <Delay = 1.56> <CoreInst = "DivnS_SEQ">   --->   Core 7 'DivnS_SEQ' <Latency = 105> <II = 56> <Delay = 1.56> <FuncUnit> <Opcode : 'udiv' 'sdiv' 'urem' 'srem'> <InPorts = 2> <OutPorts = 1>
ST_255 : Operation 805 [39/106] (1.56ns)   --->   "%udiv_ln258 = udiv i102 %shl_ln8, i102 %zext_ln256" [./xf_autowhitebalance.hpp:258]   --->   Operation 805 'udiv' 'udiv_ln258' <Predicate = true> <Delay = 1.56> <CoreInst = "DivnS_SEQ">   --->   Core 7 'DivnS_SEQ' <Latency = 105> <II = 56> <Delay = 1.56> <FuncUnit> <Opcode : 'udiv' 'sdiv' 'urem' 'srem'> <InPorts = 2> <OutPorts = 1>

State 256 <SV = 254> <Delay = 1.56>
ST_256 : Operation 806 [38/106] (1.56ns)   --->   "%udiv_ln256 = udiv i102 %shl_ln6, i102 %zext_ln256" [./xf_autowhitebalance.hpp:256]   --->   Operation 806 'udiv' 'udiv_ln256' <Predicate = true> <Delay = 1.56> <CoreInst = "DivnS_SEQ">   --->   Core 7 'DivnS_SEQ' <Latency = 105> <II = 56> <Delay = 1.56> <FuncUnit> <Opcode : 'udiv' 'sdiv' 'urem' 'srem'> <InPorts = 2> <OutPorts = 1>
ST_256 : Operation 807 [38/106] (1.56ns)   --->   "%udiv_ln257 = udiv i102 %shl_ln7, i102 %zext_ln256" [./xf_autowhitebalance.hpp:257]   --->   Operation 807 'udiv' 'udiv_ln257' <Predicate = true> <Delay = 1.56> <CoreInst = "DivnS_SEQ">   --->   Core 7 'DivnS_SEQ' <Latency = 105> <II = 56> <Delay = 1.56> <FuncUnit> <Opcode : 'udiv' 'sdiv' 'urem' 'srem'> <InPorts = 2> <OutPorts = 1>
ST_256 : Operation 808 [38/106] (1.56ns)   --->   "%udiv_ln258 = udiv i102 %shl_ln8, i102 %zext_ln256" [./xf_autowhitebalance.hpp:258]   --->   Operation 808 'udiv' 'udiv_ln258' <Predicate = true> <Delay = 1.56> <CoreInst = "DivnS_SEQ">   --->   Core 7 'DivnS_SEQ' <Latency = 105> <II = 56> <Delay = 1.56> <FuncUnit> <Opcode : 'udiv' 'sdiv' 'urem' 'srem'> <InPorts = 2> <OutPorts = 1>

State 257 <SV = 255> <Delay = 1.56>
ST_257 : Operation 809 [37/106] (1.56ns)   --->   "%udiv_ln256 = udiv i102 %shl_ln6, i102 %zext_ln256" [./xf_autowhitebalance.hpp:256]   --->   Operation 809 'udiv' 'udiv_ln256' <Predicate = true> <Delay = 1.56> <CoreInst = "DivnS_SEQ">   --->   Core 7 'DivnS_SEQ' <Latency = 105> <II = 56> <Delay = 1.56> <FuncUnit> <Opcode : 'udiv' 'sdiv' 'urem' 'srem'> <InPorts = 2> <OutPorts = 1>
ST_257 : Operation 810 [37/106] (1.56ns)   --->   "%udiv_ln257 = udiv i102 %shl_ln7, i102 %zext_ln256" [./xf_autowhitebalance.hpp:257]   --->   Operation 810 'udiv' 'udiv_ln257' <Predicate = true> <Delay = 1.56> <CoreInst = "DivnS_SEQ">   --->   Core 7 'DivnS_SEQ' <Latency = 105> <II = 56> <Delay = 1.56> <FuncUnit> <Opcode : 'udiv' 'sdiv' 'urem' 'srem'> <InPorts = 2> <OutPorts = 1>
ST_257 : Operation 811 [37/106] (1.56ns)   --->   "%udiv_ln258 = udiv i102 %shl_ln8, i102 %zext_ln256" [./xf_autowhitebalance.hpp:258]   --->   Operation 811 'udiv' 'udiv_ln258' <Predicate = true> <Delay = 1.56> <CoreInst = "DivnS_SEQ">   --->   Core 7 'DivnS_SEQ' <Latency = 105> <II = 56> <Delay = 1.56> <FuncUnit> <Opcode : 'udiv' 'sdiv' 'urem' 'srem'> <InPorts = 2> <OutPorts = 1>

State 258 <SV = 256> <Delay = 1.56>
ST_258 : Operation 812 [36/106] (1.56ns)   --->   "%udiv_ln256 = udiv i102 %shl_ln6, i102 %zext_ln256" [./xf_autowhitebalance.hpp:256]   --->   Operation 812 'udiv' 'udiv_ln256' <Predicate = true> <Delay = 1.56> <CoreInst = "DivnS_SEQ">   --->   Core 7 'DivnS_SEQ' <Latency = 105> <II = 56> <Delay = 1.56> <FuncUnit> <Opcode : 'udiv' 'sdiv' 'urem' 'srem'> <InPorts = 2> <OutPorts = 1>
ST_258 : Operation 813 [36/106] (1.56ns)   --->   "%udiv_ln257 = udiv i102 %shl_ln7, i102 %zext_ln256" [./xf_autowhitebalance.hpp:257]   --->   Operation 813 'udiv' 'udiv_ln257' <Predicate = true> <Delay = 1.56> <CoreInst = "DivnS_SEQ">   --->   Core 7 'DivnS_SEQ' <Latency = 105> <II = 56> <Delay = 1.56> <FuncUnit> <Opcode : 'udiv' 'sdiv' 'urem' 'srem'> <InPorts = 2> <OutPorts = 1>
ST_258 : Operation 814 [36/106] (1.56ns)   --->   "%udiv_ln258 = udiv i102 %shl_ln8, i102 %zext_ln256" [./xf_autowhitebalance.hpp:258]   --->   Operation 814 'udiv' 'udiv_ln258' <Predicate = true> <Delay = 1.56> <CoreInst = "DivnS_SEQ">   --->   Core 7 'DivnS_SEQ' <Latency = 105> <II = 56> <Delay = 1.56> <FuncUnit> <Opcode : 'udiv' 'sdiv' 'urem' 'srem'> <InPorts = 2> <OutPorts = 1>

State 259 <SV = 257> <Delay = 1.56>
ST_259 : Operation 815 [35/106] (1.56ns)   --->   "%udiv_ln256 = udiv i102 %shl_ln6, i102 %zext_ln256" [./xf_autowhitebalance.hpp:256]   --->   Operation 815 'udiv' 'udiv_ln256' <Predicate = true> <Delay = 1.56> <CoreInst = "DivnS_SEQ">   --->   Core 7 'DivnS_SEQ' <Latency = 105> <II = 56> <Delay = 1.56> <FuncUnit> <Opcode : 'udiv' 'sdiv' 'urem' 'srem'> <InPorts = 2> <OutPorts = 1>
ST_259 : Operation 816 [35/106] (1.56ns)   --->   "%udiv_ln257 = udiv i102 %shl_ln7, i102 %zext_ln256" [./xf_autowhitebalance.hpp:257]   --->   Operation 816 'udiv' 'udiv_ln257' <Predicate = true> <Delay = 1.56> <CoreInst = "DivnS_SEQ">   --->   Core 7 'DivnS_SEQ' <Latency = 105> <II = 56> <Delay = 1.56> <FuncUnit> <Opcode : 'udiv' 'sdiv' 'urem' 'srem'> <InPorts = 2> <OutPorts = 1>
ST_259 : Operation 817 [35/106] (1.56ns)   --->   "%udiv_ln258 = udiv i102 %shl_ln8, i102 %zext_ln256" [./xf_autowhitebalance.hpp:258]   --->   Operation 817 'udiv' 'udiv_ln258' <Predicate = true> <Delay = 1.56> <CoreInst = "DivnS_SEQ">   --->   Core 7 'DivnS_SEQ' <Latency = 105> <II = 56> <Delay = 1.56> <FuncUnit> <Opcode : 'udiv' 'sdiv' 'urem' 'srem'> <InPorts = 2> <OutPorts = 1>

State 260 <SV = 258> <Delay = 1.56>
ST_260 : Operation 818 [34/106] (1.56ns)   --->   "%udiv_ln256 = udiv i102 %shl_ln6, i102 %zext_ln256" [./xf_autowhitebalance.hpp:256]   --->   Operation 818 'udiv' 'udiv_ln256' <Predicate = true> <Delay = 1.56> <CoreInst = "DivnS_SEQ">   --->   Core 7 'DivnS_SEQ' <Latency = 105> <II = 56> <Delay = 1.56> <FuncUnit> <Opcode : 'udiv' 'sdiv' 'urem' 'srem'> <InPorts = 2> <OutPorts = 1>
ST_260 : Operation 819 [34/106] (1.56ns)   --->   "%udiv_ln257 = udiv i102 %shl_ln7, i102 %zext_ln256" [./xf_autowhitebalance.hpp:257]   --->   Operation 819 'udiv' 'udiv_ln257' <Predicate = true> <Delay = 1.56> <CoreInst = "DivnS_SEQ">   --->   Core 7 'DivnS_SEQ' <Latency = 105> <II = 56> <Delay = 1.56> <FuncUnit> <Opcode : 'udiv' 'sdiv' 'urem' 'srem'> <InPorts = 2> <OutPorts = 1>
ST_260 : Operation 820 [34/106] (1.56ns)   --->   "%udiv_ln258 = udiv i102 %shl_ln8, i102 %zext_ln256" [./xf_autowhitebalance.hpp:258]   --->   Operation 820 'udiv' 'udiv_ln258' <Predicate = true> <Delay = 1.56> <CoreInst = "DivnS_SEQ">   --->   Core 7 'DivnS_SEQ' <Latency = 105> <II = 56> <Delay = 1.56> <FuncUnit> <Opcode : 'udiv' 'sdiv' 'urem' 'srem'> <InPorts = 2> <OutPorts = 1>

State 261 <SV = 259> <Delay = 1.56>
ST_261 : Operation 821 [33/106] (1.56ns)   --->   "%udiv_ln256 = udiv i102 %shl_ln6, i102 %zext_ln256" [./xf_autowhitebalance.hpp:256]   --->   Operation 821 'udiv' 'udiv_ln256' <Predicate = true> <Delay = 1.56> <CoreInst = "DivnS_SEQ">   --->   Core 7 'DivnS_SEQ' <Latency = 105> <II = 56> <Delay = 1.56> <FuncUnit> <Opcode : 'udiv' 'sdiv' 'urem' 'srem'> <InPorts = 2> <OutPorts = 1>
ST_261 : Operation 822 [33/106] (1.56ns)   --->   "%udiv_ln257 = udiv i102 %shl_ln7, i102 %zext_ln256" [./xf_autowhitebalance.hpp:257]   --->   Operation 822 'udiv' 'udiv_ln257' <Predicate = true> <Delay = 1.56> <CoreInst = "DivnS_SEQ">   --->   Core 7 'DivnS_SEQ' <Latency = 105> <II = 56> <Delay = 1.56> <FuncUnit> <Opcode : 'udiv' 'sdiv' 'urem' 'srem'> <InPorts = 2> <OutPorts = 1>
ST_261 : Operation 823 [33/106] (1.56ns)   --->   "%udiv_ln258 = udiv i102 %shl_ln8, i102 %zext_ln256" [./xf_autowhitebalance.hpp:258]   --->   Operation 823 'udiv' 'udiv_ln258' <Predicate = true> <Delay = 1.56> <CoreInst = "DivnS_SEQ">   --->   Core 7 'DivnS_SEQ' <Latency = 105> <II = 56> <Delay = 1.56> <FuncUnit> <Opcode : 'udiv' 'sdiv' 'urem' 'srem'> <InPorts = 2> <OutPorts = 1>

State 262 <SV = 260> <Delay = 1.56>
ST_262 : Operation 824 [32/106] (1.56ns)   --->   "%udiv_ln256 = udiv i102 %shl_ln6, i102 %zext_ln256" [./xf_autowhitebalance.hpp:256]   --->   Operation 824 'udiv' 'udiv_ln256' <Predicate = true> <Delay = 1.56> <CoreInst = "DivnS_SEQ">   --->   Core 7 'DivnS_SEQ' <Latency = 105> <II = 56> <Delay = 1.56> <FuncUnit> <Opcode : 'udiv' 'sdiv' 'urem' 'srem'> <InPorts = 2> <OutPorts = 1>
ST_262 : Operation 825 [32/106] (1.56ns)   --->   "%udiv_ln257 = udiv i102 %shl_ln7, i102 %zext_ln256" [./xf_autowhitebalance.hpp:257]   --->   Operation 825 'udiv' 'udiv_ln257' <Predicate = true> <Delay = 1.56> <CoreInst = "DivnS_SEQ">   --->   Core 7 'DivnS_SEQ' <Latency = 105> <II = 56> <Delay = 1.56> <FuncUnit> <Opcode : 'udiv' 'sdiv' 'urem' 'srem'> <InPorts = 2> <OutPorts = 1>
ST_262 : Operation 826 [32/106] (1.56ns)   --->   "%udiv_ln258 = udiv i102 %shl_ln8, i102 %zext_ln256" [./xf_autowhitebalance.hpp:258]   --->   Operation 826 'udiv' 'udiv_ln258' <Predicate = true> <Delay = 1.56> <CoreInst = "DivnS_SEQ">   --->   Core 7 'DivnS_SEQ' <Latency = 105> <II = 56> <Delay = 1.56> <FuncUnit> <Opcode : 'udiv' 'sdiv' 'urem' 'srem'> <InPorts = 2> <OutPorts = 1>

State 263 <SV = 261> <Delay = 1.56>
ST_263 : Operation 827 [31/106] (1.56ns)   --->   "%udiv_ln256 = udiv i102 %shl_ln6, i102 %zext_ln256" [./xf_autowhitebalance.hpp:256]   --->   Operation 827 'udiv' 'udiv_ln256' <Predicate = true> <Delay = 1.56> <CoreInst = "DivnS_SEQ">   --->   Core 7 'DivnS_SEQ' <Latency = 105> <II = 56> <Delay = 1.56> <FuncUnit> <Opcode : 'udiv' 'sdiv' 'urem' 'srem'> <InPorts = 2> <OutPorts = 1>
ST_263 : Operation 828 [31/106] (1.56ns)   --->   "%udiv_ln257 = udiv i102 %shl_ln7, i102 %zext_ln256" [./xf_autowhitebalance.hpp:257]   --->   Operation 828 'udiv' 'udiv_ln257' <Predicate = true> <Delay = 1.56> <CoreInst = "DivnS_SEQ">   --->   Core 7 'DivnS_SEQ' <Latency = 105> <II = 56> <Delay = 1.56> <FuncUnit> <Opcode : 'udiv' 'sdiv' 'urem' 'srem'> <InPorts = 2> <OutPorts = 1>
ST_263 : Operation 829 [31/106] (1.56ns)   --->   "%udiv_ln258 = udiv i102 %shl_ln8, i102 %zext_ln256" [./xf_autowhitebalance.hpp:258]   --->   Operation 829 'udiv' 'udiv_ln258' <Predicate = true> <Delay = 1.56> <CoreInst = "DivnS_SEQ">   --->   Core 7 'DivnS_SEQ' <Latency = 105> <II = 56> <Delay = 1.56> <FuncUnit> <Opcode : 'udiv' 'sdiv' 'urem' 'srem'> <InPorts = 2> <OutPorts = 1>

State 264 <SV = 262> <Delay = 1.56>
ST_264 : Operation 830 [30/106] (1.56ns)   --->   "%udiv_ln256 = udiv i102 %shl_ln6, i102 %zext_ln256" [./xf_autowhitebalance.hpp:256]   --->   Operation 830 'udiv' 'udiv_ln256' <Predicate = true> <Delay = 1.56> <CoreInst = "DivnS_SEQ">   --->   Core 7 'DivnS_SEQ' <Latency = 105> <II = 56> <Delay = 1.56> <FuncUnit> <Opcode : 'udiv' 'sdiv' 'urem' 'srem'> <InPorts = 2> <OutPorts = 1>
ST_264 : Operation 831 [30/106] (1.56ns)   --->   "%udiv_ln257 = udiv i102 %shl_ln7, i102 %zext_ln256" [./xf_autowhitebalance.hpp:257]   --->   Operation 831 'udiv' 'udiv_ln257' <Predicate = true> <Delay = 1.56> <CoreInst = "DivnS_SEQ">   --->   Core 7 'DivnS_SEQ' <Latency = 105> <II = 56> <Delay = 1.56> <FuncUnit> <Opcode : 'udiv' 'sdiv' 'urem' 'srem'> <InPorts = 2> <OutPorts = 1>
ST_264 : Operation 832 [30/106] (1.56ns)   --->   "%udiv_ln258 = udiv i102 %shl_ln8, i102 %zext_ln256" [./xf_autowhitebalance.hpp:258]   --->   Operation 832 'udiv' 'udiv_ln258' <Predicate = true> <Delay = 1.56> <CoreInst = "DivnS_SEQ">   --->   Core 7 'DivnS_SEQ' <Latency = 105> <II = 56> <Delay = 1.56> <FuncUnit> <Opcode : 'udiv' 'sdiv' 'urem' 'srem'> <InPorts = 2> <OutPorts = 1>

State 265 <SV = 263> <Delay = 1.56>
ST_265 : Operation 833 [29/106] (1.56ns)   --->   "%udiv_ln256 = udiv i102 %shl_ln6, i102 %zext_ln256" [./xf_autowhitebalance.hpp:256]   --->   Operation 833 'udiv' 'udiv_ln256' <Predicate = true> <Delay = 1.56> <CoreInst = "DivnS_SEQ">   --->   Core 7 'DivnS_SEQ' <Latency = 105> <II = 56> <Delay = 1.56> <FuncUnit> <Opcode : 'udiv' 'sdiv' 'urem' 'srem'> <InPorts = 2> <OutPorts = 1>
ST_265 : Operation 834 [29/106] (1.56ns)   --->   "%udiv_ln257 = udiv i102 %shl_ln7, i102 %zext_ln256" [./xf_autowhitebalance.hpp:257]   --->   Operation 834 'udiv' 'udiv_ln257' <Predicate = true> <Delay = 1.56> <CoreInst = "DivnS_SEQ">   --->   Core 7 'DivnS_SEQ' <Latency = 105> <II = 56> <Delay = 1.56> <FuncUnit> <Opcode : 'udiv' 'sdiv' 'urem' 'srem'> <InPorts = 2> <OutPorts = 1>
ST_265 : Operation 835 [29/106] (1.56ns)   --->   "%udiv_ln258 = udiv i102 %shl_ln8, i102 %zext_ln256" [./xf_autowhitebalance.hpp:258]   --->   Operation 835 'udiv' 'udiv_ln258' <Predicate = true> <Delay = 1.56> <CoreInst = "DivnS_SEQ">   --->   Core 7 'DivnS_SEQ' <Latency = 105> <II = 56> <Delay = 1.56> <FuncUnit> <Opcode : 'udiv' 'sdiv' 'urem' 'srem'> <InPorts = 2> <OutPorts = 1>

State 266 <SV = 264> <Delay = 1.56>
ST_266 : Operation 836 [28/106] (1.56ns)   --->   "%udiv_ln256 = udiv i102 %shl_ln6, i102 %zext_ln256" [./xf_autowhitebalance.hpp:256]   --->   Operation 836 'udiv' 'udiv_ln256' <Predicate = true> <Delay = 1.56> <CoreInst = "DivnS_SEQ">   --->   Core 7 'DivnS_SEQ' <Latency = 105> <II = 56> <Delay = 1.56> <FuncUnit> <Opcode : 'udiv' 'sdiv' 'urem' 'srem'> <InPorts = 2> <OutPorts = 1>
ST_266 : Operation 837 [28/106] (1.56ns)   --->   "%udiv_ln257 = udiv i102 %shl_ln7, i102 %zext_ln256" [./xf_autowhitebalance.hpp:257]   --->   Operation 837 'udiv' 'udiv_ln257' <Predicate = true> <Delay = 1.56> <CoreInst = "DivnS_SEQ">   --->   Core 7 'DivnS_SEQ' <Latency = 105> <II = 56> <Delay = 1.56> <FuncUnit> <Opcode : 'udiv' 'sdiv' 'urem' 'srem'> <InPorts = 2> <OutPorts = 1>
ST_266 : Operation 838 [28/106] (1.56ns)   --->   "%udiv_ln258 = udiv i102 %shl_ln8, i102 %zext_ln256" [./xf_autowhitebalance.hpp:258]   --->   Operation 838 'udiv' 'udiv_ln258' <Predicate = true> <Delay = 1.56> <CoreInst = "DivnS_SEQ">   --->   Core 7 'DivnS_SEQ' <Latency = 105> <II = 56> <Delay = 1.56> <FuncUnit> <Opcode : 'udiv' 'sdiv' 'urem' 'srem'> <InPorts = 2> <OutPorts = 1>

State 267 <SV = 265> <Delay = 1.56>
ST_267 : Operation 839 [27/106] (1.56ns)   --->   "%udiv_ln256 = udiv i102 %shl_ln6, i102 %zext_ln256" [./xf_autowhitebalance.hpp:256]   --->   Operation 839 'udiv' 'udiv_ln256' <Predicate = true> <Delay = 1.56> <CoreInst = "DivnS_SEQ">   --->   Core 7 'DivnS_SEQ' <Latency = 105> <II = 56> <Delay = 1.56> <FuncUnit> <Opcode : 'udiv' 'sdiv' 'urem' 'srem'> <InPorts = 2> <OutPorts = 1>
ST_267 : Operation 840 [27/106] (1.56ns)   --->   "%udiv_ln257 = udiv i102 %shl_ln7, i102 %zext_ln256" [./xf_autowhitebalance.hpp:257]   --->   Operation 840 'udiv' 'udiv_ln257' <Predicate = true> <Delay = 1.56> <CoreInst = "DivnS_SEQ">   --->   Core 7 'DivnS_SEQ' <Latency = 105> <II = 56> <Delay = 1.56> <FuncUnit> <Opcode : 'udiv' 'sdiv' 'urem' 'srem'> <InPorts = 2> <OutPorts = 1>
ST_267 : Operation 841 [27/106] (1.56ns)   --->   "%udiv_ln258 = udiv i102 %shl_ln8, i102 %zext_ln256" [./xf_autowhitebalance.hpp:258]   --->   Operation 841 'udiv' 'udiv_ln258' <Predicate = true> <Delay = 1.56> <CoreInst = "DivnS_SEQ">   --->   Core 7 'DivnS_SEQ' <Latency = 105> <II = 56> <Delay = 1.56> <FuncUnit> <Opcode : 'udiv' 'sdiv' 'urem' 'srem'> <InPorts = 2> <OutPorts = 1>

State 268 <SV = 266> <Delay = 1.56>
ST_268 : Operation 842 [26/106] (1.56ns)   --->   "%udiv_ln256 = udiv i102 %shl_ln6, i102 %zext_ln256" [./xf_autowhitebalance.hpp:256]   --->   Operation 842 'udiv' 'udiv_ln256' <Predicate = true> <Delay = 1.56> <CoreInst = "DivnS_SEQ">   --->   Core 7 'DivnS_SEQ' <Latency = 105> <II = 56> <Delay = 1.56> <FuncUnit> <Opcode : 'udiv' 'sdiv' 'urem' 'srem'> <InPorts = 2> <OutPorts = 1>
ST_268 : Operation 843 [26/106] (1.56ns)   --->   "%udiv_ln257 = udiv i102 %shl_ln7, i102 %zext_ln256" [./xf_autowhitebalance.hpp:257]   --->   Operation 843 'udiv' 'udiv_ln257' <Predicate = true> <Delay = 1.56> <CoreInst = "DivnS_SEQ">   --->   Core 7 'DivnS_SEQ' <Latency = 105> <II = 56> <Delay = 1.56> <FuncUnit> <Opcode : 'udiv' 'sdiv' 'urem' 'srem'> <InPorts = 2> <OutPorts = 1>
ST_268 : Operation 844 [26/106] (1.56ns)   --->   "%udiv_ln258 = udiv i102 %shl_ln8, i102 %zext_ln256" [./xf_autowhitebalance.hpp:258]   --->   Operation 844 'udiv' 'udiv_ln258' <Predicate = true> <Delay = 1.56> <CoreInst = "DivnS_SEQ">   --->   Core 7 'DivnS_SEQ' <Latency = 105> <II = 56> <Delay = 1.56> <FuncUnit> <Opcode : 'udiv' 'sdiv' 'urem' 'srem'> <InPorts = 2> <OutPorts = 1>

State 269 <SV = 267> <Delay = 1.56>
ST_269 : Operation 845 [25/106] (1.56ns)   --->   "%udiv_ln256 = udiv i102 %shl_ln6, i102 %zext_ln256" [./xf_autowhitebalance.hpp:256]   --->   Operation 845 'udiv' 'udiv_ln256' <Predicate = true> <Delay = 1.56> <CoreInst = "DivnS_SEQ">   --->   Core 7 'DivnS_SEQ' <Latency = 105> <II = 56> <Delay = 1.56> <FuncUnit> <Opcode : 'udiv' 'sdiv' 'urem' 'srem'> <InPorts = 2> <OutPorts = 1>
ST_269 : Operation 846 [25/106] (1.56ns)   --->   "%udiv_ln257 = udiv i102 %shl_ln7, i102 %zext_ln256" [./xf_autowhitebalance.hpp:257]   --->   Operation 846 'udiv' 'udiv_ln257' <Predicate = true> <Delay = 1.56> <CoreInst = "DivnS_SEQ">   --->   Core 7 'DivnS_SEQ' <Latency = 105> <II = 56> <Delay = 1.56> <FuncUnit> <Opcode : 'udiv' 'sdiv' 'urem' 'srem'> <InPorts = 2> <OutPorts = 1>
ST_269 : Operation 847 [25/106] (1.56ns)   --->   "%udiv_ln258 = udiv i102 %shl_ln8, i102 %zext_ln256" [./xf_autowhitebalance.hpp:258]   --->   Operation 847 'udiv' 'udiv_ln258' <Predicate = true> <Delay = 1.56> <CoreInst = "DivnS_SEQ">   --->   Core 7 'DivnS_SEQ' <Latency = 105> <II = 56> <Delay = 1.56> <FuncUnit> <Opcode : 'udiv' 'sdiv' 'urem' 'srem'> <InPorts = 2> <OutPorts = 1>

State 270 <SV = 268> <Delay = 1.56>
ST_270 : Operation 848 [24/106] (1.56ns)   --->   "%udiv_ln256 = udiv i102 %shl_ln6, i102 %zext_ln256" [./xf_autowhitebalance.hpp:256]   --->   Operation 848 'udiv' 'udiv_ln256' <Predicate = true> <Delay = 1.56> <CoreInst = "DivnS_SEQ">   --->   Core 7 'DivnS_SEQ' <Latency = 105> <II = 56> <Delay = 1.56> <FuncUnit> <Opcode : 'udiv' 'sdiv' 'urem' 'srem'> <InPorts = 2> <OutPorts = 1>
ST_270 : Operation 849 [24/106] (1.56ns)   --->   "%udiv_ln257 = udiv i102 %shl_ln7, i102 %zext_ln256" [./xf_autowhitebalance.hpp:257]   --->   Operation 849 'udiv' 'udiv_ln257' <Predicate = true> <Delay = 1.56> <CoreInst = "DivnS_SEQ">   --->   Core 7 'DivnS_SEQ' <Latency = 105> <II = 56> <Delay = 1.56> <FuncUnit> <Opcode : 'udiv' 'sdiv' 'urem' 'srem'> <InPorts = 2> <OutPorts = 1>
ST_270 : Operation 850 [24/106] (1.56ns)   --->   "%udiv_ln258 = udiv i102 %shl_ln8, i102 %zext_ln256" [./xf_autowhitebalance.hpp:258]   --->   Operation 850 'udiv' 'udiv_ln258' <Predicate = true> <Delay = 1.56> <CoreInst = "DivnS_SEQ">   --->   Core 7 'DivnS_SEQ' <Latency = 105> <II = 56> <Delay = 1.56> <FuncUnit> <Opcode : 'udiv' 'sdiv' 'urem' 'srem'> <InPorts = 2> <OutPorts = 1>

State 271 <SV = 269> <Delay = 1.56>
ST_271 : Operation 851 [23/106] (1.56ns)   --->   "%udiv_ln256 = udiv i102 %shl_ln6, i102 %zext_ln256" [./xf_autowhitebalance.hpp:256]   --->   Operation 851 'udiv' 'udiv_ln256' <Predicate = true> <Delay = 1.56> <CoreInst = "DivnS_SEQ">   --->   Core 7 'DivnS_SEQ' <Latency = 105> <II = 56> <Delay = 1.56> <FuncUnit> <Opcode : 'udiv' 'sdiv' 'urem' 'srem'> <InPorts = 2> <OutPorts = 1>
ST_271 : Operation 852 [23/106] (1.56ns)   --->   "%udiv_ln257 = udiv i102 %shl_ln7, i102 %zext_ln256" [./xf_autowhitebalance.hpp:257]   --->   Operation 852 'udiv' 'udiv_ln257' <Predicate = true> <Delay = 1.56> <CoreInst = "DivnS_SEQ">   --->   Core 7 'DivnS_SEQ' <Latency = 105> <II = 56> <Delay = 1.56> <FuncUnit> <Opcode : 'udiv' 'sdiv' 'urem' 'srem'> <InPorts = 2> <OutPorts = 1>
ST_271 : Operation 853 [23/106] (1.56ns)   --->   "%udiv_ln258 = udiv i102 %shl_ln8, i102 %zext_ln256" [./xf_autowhitebalance.hpp:258]   --->   Operation 853 'udiv' 'udiv_ln258' <Predicate = true> <Delay = 1.56> <CoreInst = "DivnS_SEQ">   --->   Core 7 'DivnS_SEQ' <Latency = 105> <II = 56> <Delay = 1.56> <FuncUnit> <Opcode : 'udiv' 'sdiv' 'urem' 'srem'> <InPorts = 2> <OutPorts = 1>

State 272 <SV = 270> <Delay = 1.56>
ST_272 : Operation 854 [22/106] (1.56ns)   --->   "%udiv_ln256 = udiv i102 %shl_ln6, i102 %zext_ln256" [./xf_autowhitebalance.hpp:256]   --->   Operation 854 'udiv' 'udiv_ln256' <Predicate = true> <Delay = 1.56> <CoreInst = "DivnS_SEQ">   --->   Core 7 'DivnS_SEQ' <Latency = 105> <II = 56> <Delay = 1.56> <FuncUnit> <Opcode : 'udiv' 'sdiv' 'urem' 'srem'> <InPorts = 2> <OutPorts = 1>
ST_272 : Operation 855 [22/106] (1.56ns)   --->   "%udiv_ln257 = udiv i102 %shl_ln7, i102 %zext_ln256" [./xf_autowhitebalance.hpp:257]   --->   Operation 855 'udiv' 'udiv_ln257' <Predicate = true> <Delay = 1.56> <CoreInst = "DivnS_SEQ">   --->   Core 7 'DivnS_SEQ' <Latency = 105> <II = 56> <Delay = 1.56> <FuncUnit> <Opcode : 'udiv' 'sdiv' 'urem' 'srem'> <InPorts = 2> <OutPorts = 1>
ST_272 : Operation 856 [22/106] (1.56ns)   --->   "%udiv_ln258 = udiv i102 %shl_ln8, i102 %zext_ln256" [./xf_autowhitebalance.hpp:258]   --->   Operation 856 'udiv' 'udiv_ln258' <Predicate = true> <Delay = 1.56> <CoreInst = "DivnS_SEQ">   --->   Core 7 'DivnS_SEQ' <Latency = 105> <II = 56> <Delay = 1.56> <FuncUnit> <Opcode : 'udiv' 'sdiv' 'urem' 'srem'> <InPorts = 2> <OutPorts = 1>

State 273 <SV = 271> <Delay = 1.56>
ST_273 : Operation 857 [21/106] (1.56ns)   --->   "%udiv_ln256 = udiv i102 %shl_ln6, i102 %zext_ln256" [./xf_autowhitebalance.hpp:256]   --->   Operation 857 'udiv' 'udiv_ln256' <Predicate = true> <Delay = 1.56> <CoreInst = "DivnS_SEQ">   --->   Core 7 'DivnS_SEQ' <Latency = 105> <II = 56> <Delay = 1.56> <FuncUnit> <Opcode : 'udiv' 'sdiv' 'urem' 'srem'> <InPorts = 2> <OutPorts = 1>
ST_273 : Operation 858 [21/106] (1.56ns)   --->   "%udiv_ln257 = udiv i102 %shl_ln7, i102 %zext_ln256" [./xf_autowhitebalance.hpp:257]   --->   Operation 858 'udiv' 'udiv_ln257' <Predicate = true> <Delay = 1.56> <CoreInst = "DivnS_SEQ">   --->   Core 7 'DivnS_SEQ' <Latency = 105> <II = 56> <Delay = 1.56> <FuncUnit> <Opcode : 'udiv' 'sdiv' 'urem' 'srem'> <InPorts = 2> <OutPorts = 1>
ST_273 : Operation 859 [21/106] (1.56ns)   --->   "%udiv_ln258 = udiv i102 %shl_ln8, i102 %zext_ln256" [./xf_autowhitebalance.hpp:258]   --->   Operation 859 'udiv' 'udiv_ln258' <Predicate = true> <Delay = 1.56> <CoreInst = "DivnS_SEQ">   --->   Core 7 'DivnS_SEQ' <Latency = 105> <II = 56> <Delay = 1.56> <FuncUnit> <Opcode : 'udiv' 'sdiv' 'urem' 'srem'> <InPorts = 2> <OutPorts = 1>

State 274 <SV = 272> <Delay = 1.56>
ST_274 : Operation 860 [20/106] (1.56ns)   --->   "%udiv_ln256 = udiv i102 %shl_ln6, i102 %zext_ln256" [./xf_autowhitebalance.hpp:256]   --->   Operation 860 'udiv' 'udiv_ln256' <Predicate = true> <Delay = 1.56> <CoreInst = "DivnS_SEQ">   --->   Core 7 'DivnS_SEQ' <Latency = 105> <II = 56> <Delay = 1.56> <FuncUnit> <Opcode : 'udiv' 'sdiv' 'urem' 'srem'> <InPorts = 2> <OutPorts = 1>
ST_274 : Operation 861 [20/106] (1.56ns)   --->   "%udiv_ln257 = udiv i102 %shl_ln7, i102 %zext_ln256" [./xf_autowhitebalance.hpp:257]   --->   Operation 861 'udiv' 'udiv_ln257' <Predicate = true> <Delay = 1.56> <CoreInst = "DivnS_SEQ">   --->   Core 7 'DivnS_SEQ' <Latency = 105> <II = 56> <Delay = 1.56> <FuncUnit> <Opcode : 'udiv' 'sdiv' 'urem' 'srem'> <InPorts = 2> <OutPorts = 1>
ST_274 : Operation 862 [20/106] (1.56ns)   --->   "%udiv_ln258 = udiv i102 %shl_ln8, i102 %zext_ln256" [./xf_autowhitebalance.hpp:258]   --->   Operation 862 'udiv' 'udiv_ln258' <Predicate = true> <Delay = 1.56> <CoreInst = "DivnS_SEQ">   --->   Core 7 'DivnS_SEQ' <Latency = 105> <II = 56> <Delay = 1.56> <FuncUnit> <Opcode : 'udiv' 'sdiv' 'urem' 'srem'> <InPorts = 2> <OutPorts = 1>

State 275 <SV = 273> <Delay = 1.56>
ST_275 : Operation 863 [19/106] (1.56ns)   --->   "%udiv_ln256 = udiv i102 %shl_ln6, i102 %zext_ln256" [./xf_autowhitebalance.hpp:256]   --->   Operation 863 'udiv' 'udiv_ln256' <Predicate = true> <Delay = 1.56> <CoreInst = "DivnS_SEQ">   --->   Core 7 'DivnS_SEQ' <Latency = 105> <II = 56> <Delay = 1.56> <FuncUnit> <Opcode : 'udiv' 'sdiv' 'urem' 'srem'> <InPorts = 2> <OutPorts = 1>
ST_275 : Operation 864 [19/106] (1.56ns)   --->   "%udiv_ln257 = udiv i102 %shl_ln7, i102 %zext_ln256" [./xf_autowhitebalance.hpp:257]   --->   Operation 864 'udiv' 'udiv_ln257' <Predicate = true> <Delay = 1.56> <CoreInst = "DivnS_SEQ">   --->   Core 7 'DivnS_SEQ' <Latency = 105> <II = 56> <Delay = 1.56> <FuncUnit> <Opcode : 'udiv' 'sdiv' 'urem' 'srem'> <InPorts = 2> <OutPorts = 1>
ST_275 : Operation 865 [19/106] (1.56ns)   --->   "%udiv_ln258 = udiv i102 %shl_ln8, i102 %zext_ln256" [./xf_autowhitebalance.hpp:258]   --->   Operation 865 'udiv' 'udiv_ln258' <Predicate = true> <Delay = 1.56> <CoreInst = "DivnS_SEQ">   --->   Core 7 'DivnS_SEQ' <Latency = 105> <II = 56> <Delay = 1.56> <FuncUnit> <Opcode : 'udiv' 'sdiv' 'urem' 'srem'> <InPorts = 2> <OutPorts = 1>

State 276 <SV = 274> <Delay = 1.56>
ST_276 : Operation 866 [18/106] (1.56ns)   --->   "%udiv_ln256 = udiv i102 %shl_ln6, i102 %zext_ln256" [./xf_autowhitebalance.hpp:256]   --->   Operation 866 'udiv' 'udiv_ln256' <Predicate = true> <Delay = 1.56> <CoreInst = "DivnS_SEQ">   --->   Core 7 'DivnS_SEQ' <Latency = 105> <II = 56> <Delay = 1.56> <FuncUnit> <Opcode : 'udiv' 'sdiv' 'urem' 'srem'> <InPorts = 2> <OutPorts = 1>
ST_276 : Operation 867 [18/106] (1.56ns)   --->   "%udiv_ln257 = udiv i102 %shl_ln7, i102 %zext_ln256" [./xf_autowhitebalance.hpp:257]   --->   Operation 867 'udiv' 'udiv_ln257' <Predicate = true> <Delay = 1.56> <CoreInst = "DivnS_SEQ">   --->   Core 7 'DivnS_SEQ' <Latency = 105> <II = 56> <Delay = 1.56> <FuncUnit> <Opcode : 'udiv' 'sdiv' 'urem' 'srem'> <InPorts = 2> <OutPorts = 1>
ST_276 : Operation 868 [18/106] (1.56ns)   --->   "%udiv_ln258 = udiv i102 %shl_ln8, i102 %zext_ln256" [./xf_autowhitebalance.hpp:258]   --->   Operation 868 'udiv' 'udiv_ln258' <Predicate = true> <Delay = 1.56> <CoreInst = "DivnS_SEQ">   --->   Core 7 'DivnS_SEQ' <Latency = 105> <II = 56> <Delay = 1.56> <FuncUnit> <Opcode : 'udiv' 'sdiv' 'urem' 'srem'> <InPorts = 2> <OutPorts = 1>

State 277 <SV = 275> <Delay = 1.56>
ST_277 : Operation 869 [17/106] (1.56ns)   --->   "%udiv_ln256 = udiv i102 %shl_ln6, i102 %zext_ln256" [./xf_autowhitebalance.hpp:256]   --->   Operation 869 'udiv' 'udiv_ln256' <Predicate = true> <Delay = 1.56> <CoreInst = "DivnS_SEQ">   --->   Core 7 'DivnS_SEQ' <Latency = 105> <II = 56> <Delay = 1.56> <FuncUnit> <Opcode : 'udiv' 'sdiv' 'urem' 'srem'> <InPorts = 2> <OutPorts = 1>
ST_277 : Operation 870 [17/106] (1.56ns)   --->   "%udiv_ln257 = udiv i102 %shl_ln7, i102 %zext_ln256" [./xf_autowhitebalance.hpp:257]   --->   Operation 870 'udiv' 'udiv_ln257' <Predicate = true> <Delay = 1.56> <CoreInst = "DivnS_SEQ">   --->   Core 7 'DivnS_SEQ' <Latency = 105> <II = 56> <Delay = 1.56> <FuncUnit> <Opcode : 'udiv' 'sdiv' 'urem' 'srem'> <InPorts = 2> <OutPorts = 1>
ST_277 : Operation 871 [17/106] (1.56ns)   --->   "%udiv_ln258 = udiv i102 %shl_ln8, i102 %zext_ln256" [./xf_autowhitebalance.hpp:258]   --->   Operation 871 'udiv' 'udiv_ln258' <Predicate = true> <Delay = 1.56> <CoreInst = "DivnS_SEQ">   --->   Core 7 'DivnS_SEQ' <Latency = 105> <II = 56> <Delay = 1.56> <FuncUnit> <Opcode : 'udiv' 'sdiv' 'urem' 'srem'> <InPorts = 2> <OutPorts = 1>

State 278 <SV = 276> <Delay = 1.56>
ST_278 : Operation 872 [16/106] (1.56ns)   --->   "%udiv_ln256 = udiv i102 %shl_ln6, i102 %zext_ln256" [./xf_autowhitebalance.hpp:256]   --->   Operation 872 'udiv' 'udiv_ln256' <Predicate = true> <Delay = 1.56> <CoreInst = "DivnS_SEQ">   --->   Core 7 'DivnS_SEQ' <Latency = 105> <II = 56> <Delay = 1.56> <FuncUnit> <Opcode : 'udiv' 'sdiv' 'urem' 'srem'> <InPorts = 2> <OutPorts = 1>
ST_278 : Operation 873 [16/106] (1.56ns)   --->   "%udiv_ln257 = udiv i102 %shl_ln7, i102 %zext_ln256" [./xf_autowhitebalance.hpp:257]   --->   Operation 873 'udiv' 'udiv_ln257' <Predicate = true> <Delay = 1.56> <CoreInst = "DivnS_SEQ">   --->   Core 7 'DivnS_SEQ' <Latency = 105> <II = 56> <Delay = 1.56> <FuncUnit> <Opcode : 'udiv' 'sdiv' 'urem' 'srem'> <InPorts = 2> <OutPorts = 1>
ST_278 : Operation 874 [16/106] (1.56ns)   --->   "%udiv_ln258 = udiv i102 %shl_ln8, i102 %zext_ln256" [./xf_autowhitebalance.hpp:258]   --->   Operation 874 'udiv' 'udiv_ln258' <Predicate = true> <Delay = 1.56> <CoreInst = "DivnS_SEQ">   --->   Core 7 'DivnS_SEQ' <Latency = 105> <II = 56> <Delay = 1.56> <FuncUnit> <Opcode : 'udiv' 'sdiv' 'urem' 'srem'> <InPorts = 2> <OutPorts = 1>

State 279 <SV = 277> <Delay = 1.56>
ST_279 : Operation 875 [15/106] (1.56ns)   --->   "%udiv_ln256 = udiv i102 %shl_ln6, i102 %zext_ln256" [./xf_autowhitebalance.hpp:256]   --->   Operation 875 'udiv' 'udiv_ln256' <Predicate = true> <Delay = 1.56> <CoreInst = "DivnS_SEQ">   --->   Core 7 'DivnS_SEQ' <Latency = 105> <II = 56> <Delay = 1.56> <FuncUnit> <Opcode : 'udiv' 'sdiv' 'urem' 'srem'> <InPorts = 2> <OutPorts = 1>
ST_279 : Operation 876 [15/106] (1.56ns)   --->   "%udiv_ln257 = udiv i102 %shl_ln7, i102 %zext_ln256" [./xf_autowhitebalance.hpp:257]   --->   Operation 876 'udiv' 'udiv_ln257' <Predicate = true> <Delay = 1.56> <CoreInst = "DivnS_SEQ">   --->   Core 7 'DivnS_SEQ' <Latency = 105> <II = 56> <Delay = 1.56> <FuncUnit> <Opcode : 'udiv' 'sdiv' 'urem' 'srem'> <InPorts = 2> <OutPorts = 1>
ST_279 : Operation 877 [15/106] (1.56ns)   --->   "%udiv_ln258 = udiv i102 %shl_ln8, i102 %zext_ln256" [./xf_autowhitebalance.hpp:258]   --->   Operation 877 'udiv' 'udiv_ln258' <Predicate = true> <Delay = 1.56> <CoreInst = "DivnS_SEQ">   --->   Core 7 'DivnS_SEQ' <Latency = 105> <II = 56> <Delay = 1.56> <FuncUnit> <Opcode : 'udiv' 'sdiv' 'urem' 'srem'> <InPorts = 2> <OutPorts = 1>

State 280 <SV = 278> <Delay = 1.56>
ST_280 : Operation 878 [14/106] (1.56ns)   --->   "%udiv_ln256 = udiv i102 %shl_ln6, i102 %zext_ln256" [./xf_autowhitebalance.hpp:256]   --->   Operation 878 'udiv' 'udiv_ln256' <Predicate = true> <Delay = 1.56> <CoreInst = "DivnS_SEQ">   --->   Core 7 'DivnS_SEQ' <Latency = 105> <II = 56> <Delay = 1.56> <FuncUnit> <Opcode : 'udiv' 'sdiv' 'urem' 'srem'> <InPorts = 2> <OutPorts = 1>
ST_280 : Operation 879 [14/106] (1.56ns)   --->   "%udiv_ln257 = udiv i102 %shl_ln7, i102 %zext_ln256" [./xf_autowhitebalance.hpp:257]   --->   Operation 879 'udiv' 'udiv_ln257' <Predicate = true> <Delay = 1.56> <CoreInst = "DivnS_SEQ">   --->   Core 7 'DivnS_SEQ' <Latency = 105> <II = 56> <Delay = 1.56> <FuncUnit> <Opcode : 'udiv' 'sdiv' 'urem' 'srem'> <InPorts = 2> <OutPorts = 1>
ST_280 : Operation 880 [14/106] (1.56ns)   --->   "%udiv_ln258 = udiv i102 %shl_ln8, i102 %zext_ln256" [./xf_autowhitebalance.hpp:258]   --->   Operation 880 'udiv' 'udiv_ln258' <Predicate = true> <Delay = 1.56> <CoreInst = "DivnS_SEQ">   --->   Core 7 'DivnS_SEQ' <Latency = 105> <II = 56> <Delay = 1.56> <FuncUnit> <Opcode : 'udiv' 'sdiv' 'urem' 'srem'> <InPorts = 2> <OutPorts = 1>

State 281 <SV = 279> <Delay = 1.56>
ST_281 : Operation 881 [13/106] (1.56ns)   --->   "%udiv_ln256 = udiv i102 %shl_ln6, i102 %zext_ln256" [./xf_autowhitebalance.hpp:256]   --->   Operation 881 'udiv' 'udiv_ln256' <Predicate = true> <Delay = 1.56> <CoreInst = "DivnS_SEQ">   --->   Core 7 'DivnS_SEQ' <Latency = 105> <II = 56> <Delay = 1.56> <FuncUnit> <Opcode : 'udiv' 'sdiv' 'urem' 'srem'> <InPorts = 2> <OutPorts = 1>
ST_281 : Operation 882 [13/106] (1.56ns)   --->   "%udiv_ln257 = udiv i102 %shl_ln7, i102 %zext_ln256" [./xf_autowhitebalance.hpp:257]   --->   Operation 882 'udiv' 'udiv_ln257' <Predicate = true> <Delay = 1.56> <CoreInst = "DivnS_SEQ">   --->   Core 7 'DivnS_SEQ' <Latency = 105> <II = 56> <Delay = 1.56> <FuncUnit> <Opcode : 'udiv' 'sdiv' 'urem' 'srem'> <InPorts = 2> <OutPorts = 1>
ST_281 : Operation 883 [13/106] (1.56ns)   --->   "%udiv_ln258 = udiv i102 %shl_ln8, i102 %zext_ln256" [./xf_autowhitebalance.hpp:258]   --->   Operation 883 'udiv' 'udiv_ln258' <Predicate = true> <Delay = 1.56> <CoreInst = "DivnS_SEQ">   --->   Core 7 'DivnS_SEQ' <Latency = 105> <II = 56> <Delay = 1.56> <FuncUnit> <Opcode : 'udiv' 'sdiv' 'urem' 'srem'> <InPorts = 2> <OutPorts = 1>

State 282 <SV = 280> <Delay = 1.56>
ST_282 : Operation 884 [12/106] (1.56ns)   --->   "%udiv_ln256 = udiv i102 %shl_ln6, i102 %zext_ln256" [./xf_autowhitebalance.hpp:256]   --->   Operation 884 'udiv' 'udiv_ln256' <Predicate = true> <Delay = 1.56> <CoreInst = "DivnS_SEQ">   --->   Core 7 'DivnS_SEQ' <Latency = 105> <II = 56> <Delay = 1.56> <FuncUnit> <Opcode : 'udiv' 'sdiv' 'urem' 'srem'> <InPorts = 2> <OutPorts = 1>
ST_282 : Operation 885 [12/106] (1.56ns)   --->   "%udiv_ln257 = udiv i102 %shl_ln7, i102 %zext_ln256" [./xf_autowhitebalance.hpp:257]   --->   Operation 885 'udiv' 'udiv_ln257' <Predicate = true> <Delay = 1.56> <CoreInst = "DivnS_SEQ">   --->   Core 7 'DivnS_SEQ' <Latency = 105> <II = 56> <Delay = 1.56> <FuncUnit> <Opcode : 'udiv' 'sdiv' 'urem' 'srem'> <InPorts = 2> <OutPorts = 1>
ST_282 : Operation 886 [12/106] (1.56ns)   --->   "%udiv_ln258 = udiv i102 %shl_ln8, i102 %zext_ln256" [./xf_autowhitebalance.hpp:258]   --->   Operation 886 'udiv' 'udiv_ln258' <Predicate = true> <Delay = 1.56> <CoreInst = "DivnS_SEQ">   --->   Core 7 'DivnS_SEQ' <Latency = 105> <II = 56> <Delay = 1.56> <FuncUnit> <Opcode : 'udiv' 'sdiv' 'urem' 'srem'> <InPorts = 2> <OutPorts = 1>

State 283 <SV = 281> <Delay = 1.56>
ST_283 : Operation 887 [11/106] (1.56ns)   --->   "%udiv_ln256 = udiv i102 %shl_ln6, i102 %zext_ln256" [./xf_autowhitebalance.hpp:256]   --->   Operation 887 'udiv' 'udiv_ln256' <Predicate = true> <Delay = 1.56> <CoreInst = "DivnS_SEQ">   --->   Core 7 'DivnS_SEQ' <Latency = 105> <II = 56> <Delay = 1.56> <FuncUnit> <Opcode : 'udiv' 'sdiv' 'urem' 'srem'> <InPorts = 2> <OutPorts = 1>
ST_283 : Operation 888 [11/106] (1.56ns)   --->   "%udiv_ln257 = udiv i102 %shl_ln7, i102 %zext_ln256" [./xf_autowhitebalance.hpp:257]   --->   Operation 888 'udiv' 'udiv_ln257' <Predicate = true> <Delay = 1.56> <CoreInst = "DivnS_SEQ">   --->   Core 7 'DivnS_SEQ' <Latency = 105> <II = 56> <Delay = 1.56> <FuncUnit> <Opcode : 'udiv' 'sdiv' 'urem' 'srem'> <InPorts = 2> <OutPorts = 1>
ST_283 : Operation 889 [11/106] (1.56ns)   --->   "%udiv_ln258 = udiv i102 %shl_ln8, i102 %zext_ln256" [./xf_autowhitebalance.hpp:258]   --->   Operation 889 'udiv' 'udiv_ln258' <Predicate = true> <Delay = 1.56> <CoreInst = "DivnS_SEQ">   --->   Core 7 'DivnS_SEQ' <Latency = 105> <II = 56> <Delay = 1.56> <FuncUnit> <Opcode : 'udiv' 'sdiv' 'urem' 'srem'> <InPorts = 2> <OutPorts = 1>

State 284 <SV = 282> <Delay = 1.56>
ST_284 : Operation 890 [10/106] (1.56ns)   --->   "%udiv_ln256 = udiv i102 %shl_ln6, i102 %zext_ln256" [./xf_autowhitebalance.hpp:256]   --->   Operation 890 'udiv' 'udiv_ln256' <Predicate = true> <Delay = 1.56> <CoreInst = "DivnS_SEQ">   --->   Core 7 'DivnS_SEQ' <Latency = 105> <II = 56> <Delay = 1.56> <FuncUnit> <Opcode : 'udiv' 'sdiv' 'urem' 'srem'> <InPorts = 2> <OutPorts = 1>
ST_284 : Operation 891 [10/106] (1.56ns)   --->   "%udiv_ln257 = udiv i102 %shl_ln7, i102 %zext_ln256" [./xf_autowhitebalance.hpp:257]   --->   Operation 891 'udiv' 'udiv_ln257' <Predicate = true> <Delay = 1.56> <CoreInst = "DivnS_SEQ">   --->   Core 7 'DivnS_SEQ' <Latency = 105> <II = 56> <Delay = 1.56> <FuncUnit> <Opcode : 'udiv' 'sdiv' 'urem' 'srem'> <InPorts = 2> <OutPorts = 1>
ST_284 : Operation 892 [10/106] (1.56ns)   --->   "%udiv_ln258 = udiv i102 %shl_ln8, i102 %zext_ln256" [./xf_autowhitebalance.hpp:258]   --->   Operation 892 'udiv' 'udiv_ln258' <Predicate = true> <Delay = 1.56> <CoreInst = "DivnS_SEQ">   --->   Core 7 'DivnS_SEQ' <Latency = 105> <II = 56> <Delay = 1.56> <FuncUnit> <Opcode : 'udiv' 'sdiv' 'urem' 'srem'> <InPorts = 2> <OutPorts = 1>

State 285 <SV = 283> <Delay = 1.56>
ST_285 : Operation 893 [9/106] (1.56ns)   --->   "%udiv_ln256 = udiv i102 %shl_ln6, i102 %zext_ln256" [./xf_autowhitebalance.hpp:256]   --->   Operation 893 'udiv' 'udiv_ln256' <Predicate = true> <Delay = 1.56> <CoreInst = "DivnS_SEQ">   --->   Core 7 'DivnS_SEQ' <Latency = 105> <II = 56> <Delay = 1.56> <FuncUnit> <Opcode : 'udiv' 'sdiv' 'urem' 'srem'> <InPorts = 2> <OutPorts = 1>
ST_285 : Operation 894 [9/106] (1.56ns)   --->   "%udiv_ln257 = udiv i102 %shl_ln7, i102 %zext_ln256" [./xf_autowhitebalance.hpp:257]   --->   Operation 894 'udiv' 'udiv_ln257' <Predicate = true> <Delay = 1.56> <CoreInst = "DivnS_SEQ">   --->   Core 7 'DivnS_SEQ' <Latency = 105> <II = 56> <Delay = 1.56> <FuncUnit> <Opcode : 'udiv' 'sdiv' 'urem' 'srem'> <InPorts = 2> <OutPorts = 1>
ST_285 : Operation 895 [9/106] (1.56ns)   --->   "%udiv_ln258 = udiv i102 %shl_ln8, i102 %zext_ln256" [./xf_autowhitebalance.hpp:258]   --->   Operation 895 'udiv' 'udiv_ln258' <Predicate = true> <Delay = 1.56> <CoreInst = "DivnS_SEQ">   --->   Core 7 'DivnS_SEQ' <Latency = 105> <II = 56> <Delay = 1.56> <FuncUnit> <Opcode : 'udiv' 'sdiv' 'urem' 'srem'> <InPorts = 2> <OutPorts = 1>

State 286 <SV = 284> <Delay = 1.56>
ST_286 : Operation 896 [8/106] (1.56ns)   --->   "%udiv_ln256 = udiv i102 %shl_ln6, i102 %zext_ln256" [./xf_autowhitebalance.hpp:256]   --->   Operation 896 'udiv' 'udiv_ln256' <Predicate = true> <Delay = 1.56> <CoreInst = "DivnS_SEQ">   --->   Core 7 'DivnS_SEQ' <Latency = 105> <II = 56> <Delay = 1.56> <FuncUnit> <Opcode : 'udiv' 'sdiv' 'urem' 'srem'> <InPorts = 2> <OutPorts = 1>
ST_286 : Operation 897 [8/106] (1.56ns)   --->   "%udiv_ln257 = udiv i102 %shl_ln7, i102 %zext_ln256" [./xf_autowhitebalance.hpp:257]   --->   Operation 897 'udiv' 'udiv_ln257' <Predicate = true> <Delay = 1.56> <CoreInst = "DivnS_SEQ">   --->   Core 7 'DivnS_SEQ' <Latency = 105> <II = 56> <Delay = 1.56> <FuncUnit> <Opcode : 'udiv' 'sdiv' 'urem' 'srem'> <InPorts = 2> <OutPorts = 1>
ST_286 : Operation 898 [8/106] (1.56ns)   --->   "%udiv_ln258 = udiv i102 %shl_ln8, i102 %zext_ln256" [./xf_autowhitebalance.hpp:258]   --->   Operation 898 'udiv' 'udiv_ln258' <Predicate = true> <Delay = 1.56> <CoreInst = "DivnS_SEQ">   --->   Core 7 'DivnS_SEQ' <Latency = 105> <II = 56> <Delay = 1.56> <FuncUnit> <Opcode : 'udiv' 'sdiv' 'urem' 'srem'> <InPorts = 2> <OutPorts = 1>

State 287 <SV = 285> <Delay = 1.56>
ST_287 : Operation 899 [7/106] (1.56ns)   --->   "%udiv_ln256 = udiv i102 %shl_ln6, i102 %zext_ln256" [./xf_autowhitebalance.hpp:256]   --->   Operation 899 'udiv' 'udiv_ln256' <Predicate = true> <Delay = 1.56> <CoreInst = "DivnS_SEQ">   --->   Core 7 'DivnS_SEQ' <Latency = 105> <II = 56> <Delay = 1.56> <FuncUnit> <Opcode : 'udiv' 'sdiv' 'urem' 'srem'> <InPorts = 2> <OutPorts = 1>
ST_287 : Operation 900 [7/106] (1.56ns)   --->   "%udiv_ln257 = udiv i102 %shl_ln7, i102 %zext_ln256" [./xf_autowhitebalance.hpp:257]   --->   Operation 900 'udiv' 'udiv_ln257' <Predicate = true> <Delay = 1.56> <CoreInst = "DivnS_SEQ">   --->   Core 7 'DivnS_SEQ' <Latency = 105> <II = 56> <Delay = 1.56> <FuncUnit> <Opcode : 'udiv' 'sdiv' 'urem' 'srem'> <InPorts = 2> <OutPorts = 1>
ST_287 : Operation 901 [7/106] (1.56ns)   --->   "%udiv_ln258 = udiv i102 %shl_ln8, i102 %zext_ln256" [./xf_autowhitebalance.hpp:258]   --->   Operation 901 'udiv' 'udiv_ln258' <Predicate = true> <Delay = 1.56> <CoreInst = "DivnS_SEQ">   --->   Core 7 'DivnS_SEQ' <Latency = 105> <II = 56> <Delay = 1.56> <FuncUnit> <Opcode : 'udiv' 'sdiv' 'urem' 'srem'> <InPorts = 2> <OutPorts = 1>

State 288 <SV = 286> <Delay = 1.56>
ST_288 : Operation 902 [6/106] (1.56ns)   --->   "%udiv_ln256 = udiv i102 %shl_ln6, i102 %zext_ln256" [./xf_autowhitebalance.hpp:256]   --->   Operation 902 'udiv' 'udiv_ln256' <Predicate = true> <Delay = 1.56> <CoreInst = "DivnS_SEQ">   --->   Core 7 'DivnS_SEQ' <Latency = 105> <II = 56> <Delay = 1.56> <FuncUnit> <Opcode : 'udiv' 'sdiv' 'urem' 'srem'> <InPorts = 2> <OutPorts = 1>
ST_288 : Operation 903 [6/106] (1.56ns)   --->   "%udiv_ln257 = udiv i102 %shl_ln7, i102 %zext_ln256" [./xf_autowhitebalance.hpp:257]   --->   Operation 903 'udiv' 'udiv_ln257' <Predicate = true> <Delay = 1.56> <CoreInst = "DivnS_SEQ">   --->   Core 7 'DivnS_SEQ' <Latency = 105> <II = 56> <Delay = 1.56> <FuncUnit> <Opcode : 'udiv' 'sdiv' 'urem' 'srem'> <InPorts = 2> <OutPorts = 1>
ST_288 : Operation 904 [6/106] (1.56ns)   --->   "%udiv_ln258 = udiv i102 %shl_ln8, i102 %zext_ln256" [./xf_autowhitebalance.hpp:258]   --->   Operation 904 'udiv' 'udiv_ln258' <Predicate = true> <Delay = 1.56> <CoreInst = "DivnS_SEQ">   --->   Core 7 'DivnS_SEQ' <Latency = 105> <II = 56> <Delay = 1.56> <FuncUnit> <Opcode : 'udiv' 'sdiv' 'urem' 'srem'> <InPorts = 2> <OutPorts = 1>

State 289 <SV = 287> <Delay = 1.56>
ST_289 : Operation 905 [5/106] (1.56ns)   --->   "%udiv_ln256 = udiv i102 %shl_ln6, i102 %zext_ln256" [./xf_autowhitebalance.hpp:256]   --->   Operation 905 'udiv' 'udiv_ln256' <Predicate = true> <Delay = 1.56> <CoreInst = "DivnS_SEQ">   --->   Core 7 'DivnS_SEQ' <Latency = 105> <II = 56> <Delay = 1.56> <FuncUnit> <Opcode : 'udiv' 'sdiv' 'urem' 'srem'> <InPorts = 2> <OutPorts = 1>
ST_289 : Operation 906 [5/106] (1.56ns)   --->   "%udiv_ln257 = udiv i102 %shl_ln7, i102 %zext_ln256" [./xf_autowhitebalance.hpp:257]   --->   Operation 906 'udiv' 'udiv_ln257' <Predicate = true> <Delay = 1.56> <CoreInst = "DivnS_SEQ">   --->   Core 7 'DivnS_SEQ' <Latency = 105> <II = 56> <Delay = 1.56> <FuncUnit> <Opcode : 'udiv' 'sdiv' 'urem' 'srem'> <InPorts = 2> <OutPorts = 1>
ST_289 : Operation 907 [5/106] (1.56ns)   --->   "%udiv_ln258 = udiv i102 %shl_ln8, i102 %zext_ln256" [./xf_autowhitebalance.hpp:258]   --->   Operation 907 'udiv' 'udiv_ln258' <Predicate = true> <Delay = 1.56> <CoreInst = "DivnS_SEQ">   --->   Core 7 'DivnS_SEQ' <Latency = 105> <II = 56> <Delay = 1.56> <FuncUnit> <Opcode : 'udiv' 'sdiv' 'urem' 'srem'> <InPorts = 2> <OutPorts = 1>

State 290 <SV = 288> <Delay = 1.56>
ST_290 : Operation 908 [4/106] (1.56ns)   --->   "%udiv_ln256 = udiv i102 %shl_ln6, i102 %zext_ln256" [./xf_autowhitebalance.hpp:256]   --->   Operation 908 'udiv' 'udiv_ln256' <Predicate = true> <Delay = 1.56> <CoreInst = "DivnS_SEQ">   --->   Core 7 'DivnS_SEQ' <Latency = 105> <II = 56> <Delay = 1.56> <FuncUnit> <Opcode : 'udiv' 'sdiv' 'urem' 'srem'> <InPorts = 2> <OutPorts = 1>
ST_290 : Operation 909 [4/106] (1.56ns)   --->   "%udiv_ln257 = udiv i102 %shl_ln7, i102 %zext_ln256" [./xf_autowhitebalance.hpp:257]   --->   Operation 909 'udiv' 'udiv_ln257' <Predicate = true> <Delay = 1.56> <CoreInst = "DivnS_SEQ">   --->   Core 7 'DivnS_SEQ' <Latency = 105> <II = 56> <Delay = 1.56> <FuncUnit> <Opcode : 'udiv' 'sdiv' 'urem' 'srem'> <InPorts = 2> <OutPorts = 1>
ST_290 : Operation 910 [4/106] (1.56ns)   --->   "%udiv_ln258 = udiv i102 %shl_ln8, i102 %zext_ln256" [./xf_autowhitebalance.hpp:258]   --->   Operation 910 'udiv' 'udiv_ln258' <Predicate = true> <Delay = 1.56> <CoreInst = "DivnS_SEQ">   --->   Core 7 'DivnS_SEQ' <Latency = 105> <II = 56> <Delay = 1.56> <FuncUnit> <Opcode : 'udiv' 'sdiv' 'urem' 'srem'> <InPorts = 2> <OutPorts = 1>

State 291 <SV = 289> <Delay = 1.56>
ST_291 : Operation 911 [3/106] (1.56ns)   --->   "%udiv_ln256 = udiv i102 %shl_ln6, i102 %zext_ln256" [./xf_autowhitebalance.hpp:256]   --->   Operation 911 'udiv' 'udiv_ln256' <Predicate = true> <Delay = 1.56> <CoreInst = "DivnS_SEQ">   --->   Core 7 'DivnS_SEQ' <Latency = 105> <II = 56> <Delay = 1.56> <FuncUnit> <Opcode : 'udiv' 'sdiv' 'urem' 'srem'> <InPorts = 2> <OutPorts = 1>
ST_291 : Operation 912 [3/106] (1.56ns)   --->   "%udiv_ln257 = udiv i102 %shl_ln7, i102 %zext_ln256" [./xf_autowhitebalance.hpp:257]   --->   Operation 912 'udiv' 'udiv_ln257' <Predicate = true> <Delay = 1.56> <CoreInst = "DivnS_SEQ">   --->   Core 7 'DivnS_SEQ' <Latency = 105> <II = 56> <Delay = 1.56> <FuncUnit> <Opcode : 'udiv' 'sdiv' 'urem' 'srem'> <InPorts = 2> <OutPorts = 1>
ST_291 : Operation 913 [3/106] (1.56ns)   --->   "%udiv_ln258 = udiv i102 %shl_ln8, i102 %zext_ln256" [./xf_autowhitebalance.hpp:258]   --->   Operation 913 'udiv' 'udiv_ln258' <Predicate = true> <Delay = 1.56> <CoreInst = "DivnS_SEQ">   --->   Core 7 'DivnS_SEQ' <Latency = 105> <II = 56> <Delay = 1.56> <FuncUnit> <Opcode : 'udiv' 'sdiv' 'urem' 'srem'> <InPorts = 2> <OutPorts = 1>

State 292 <SV = 290> <Delay = 1.56>
ST_292 : Operation 914 [2/106] (1.56ns)   --->   "%udiv_ln256 = udiv i102 %shl_ln6, i102 %zext_ln256" [./xf_autowhitebalance.hpp:256]   --->   Operation 914 'udiv' 'udiv_ln256' <Predicate = true> <Delay = 1.56> <CoreInst = "DivnS_SEQ">   --->   Core 7 'DivnS_SEQ' <Latency = 105> <II = 56> <Delay = 1.56> <FuncUnit> <Opcode : 'udiv' 'sdiv' 'urem' 'srem'> <InPorts = 2> <OutPorts = 1>
ST_292 : Operation 915 [2/106] (1.56ns)   --->   "%udiv_ln257 = udiv i102 %shl_ln7, i102 %zext_ln256" [./xf_autowhitebalance.hpp:257]   --->   Operation 915 'udiv' 'udiv_ln257' <Predicate = true> <Delay = 1.56> <CoreInst = "DivnS_SEQ">   --->   Core 7 'DivnS_SEQ' <Latency = 105> <II = 56> <Delay = 1.56> <FuncUnit> <Opcode : 'udiv' 'sdiv' 'urem' 'srem'> <InPorts = 2> <OutPorts = 1>
ST_292 : Operation 916 [2/106] (1.56ns)   --->   "%udiv_ln258 = udiv i102 %shl_ln8, i102 %zext_ln256" [./xf_autowhitebalance.hpp:258]   --->   Operation 916 'udiv' 'udiv_ln258' <Predicate = true> <Delay = 1.56> <CoreInst = "DivnS_SEQ">   --->   Core 7 'DivnS_SEQ' <Latency = 105> <II = 56> <Delay = 1.56> <FuncUnit> <Opcode : 'udiv' 'sdiv' 'urem' 'srem'> <InPorts = 2> <OutPorts = 1>

State 293 <SV = 291> <Delay = 1.99>
ST_293 : Operation 917 [1/106] (1.56ns)   --->   "%udiv_ln256 = udiv i102 %shl_ln6, i102 %zext_ln256" [./xf_autowhitebalance.hpp:256]   --->   Operation 917 'udiv' 'udiv_ln256' <Predicate = (!icmp_ln255)> <Delay = 1.56> <CoreInst = "DivnS_SEQ">   --->   Core 7 'DivnS_SEQ' <Latency = 105> <II = 56> <Delay = 1.56> <FuncUnit> <Opcode : 'udiv' 'sdiv' 'urem' 'srem'> <InPorts = 2> <OutPorts = 1>
ST_293 : Operation 918 [1/1] (0.00ns)   --->   "%dinB1_1 = trunc i56 %udiv_ln256" [./xf_autowhitebalance.hpp:256]   --->   Operation 918 'trunc' 'dinB1_1' <Predicate = (!icmp_ln255)> <Delay = 0.00>
ST_293 : Operation 919 [1/106] (1.56ns)   --->   "%udiv_ln257 = udiv i102 %shl_ln7, i102 %zext_ln256" [./xf_autowhitebalance.hpp:257]   --->   Operation 919 'udiv' 'udiv_ln257' <Predicate = (!icmp_ln255)> <Delay = 1.56> <CoreInst = "DivnS_SEQ">   --->   Core 7 'DivnS_SEQ' <Latency = 105> <II = 56> <Delay = 1.56> <FuncUnit> <Opcode : 'udiv' 'sdiv' 'urem' 'srem'> <InPorts = 2> <OutPorts = 1>
ST_293 : Operation 920 [1/1] (0.00ns)   --->   "%dinG1_1 = trunc i56 %udiv_ln257" [./xf_autowhitebalance.hpp:257]   --->   Operation 920 'trunc' 'dinG1_1' <Predicate = (!icmp_ln255)> <Delay = 0.00>
ST_293 : Operation 921 [1/106] (1.56ns)   --->   "%udiv_ln258 = udiv i102 %shl_ln8, i102 %zext_ln256" [./xf_autowhitebalance.hpp:258]   --->   Operation 921 'udiv' 'udiv_ln258' <Predicate = (!icmp_ln255)> <Delay = 1.56> <CoreInst = "DivnS_SEQ">   --->   Core 7 'DivnS_SEQ' <Latency = 105> <II = 56> <Delay = 1.56> <FuncUnit> <Opcode : 'udiv' 'sdiv' 'urem' 'srem'> <InPorts = 2> <OutPorts = 1>
ST_293 : Operation 922 [1/1] (0.00ns)   --->   "%dinR1_1 = trunc i56 %udiv_ln258" [./xf_autowhitebalance.hpp:258]   --->   Operation 922 'trunc' 'dinR1_1' <Predicate = (!icmp_ln255)> <Delay = 0.00>
ST_293 : Operation 923 [1/1] (0.42ns)   --->   "%br_ln259 = br void %_ZmlILi56ELi10ELb0EL9ap_q_mode5EL9ap_o_mode3ELi0EEN13ap_fixed_baseIXT_EXT0_EXT1_ELS0_5ELS1_3ELi0EE5RTypeIL3$_032ELS5_32ELb1EE4multERKS2_IXT_EXT0_EXT1_EXT2_EXT3_EXT4_EEi.exit170" [./xf_autowhitebalance.hpp:259]   --->   Operation 923 'br' 'br_ln259' <Predicate = (!icmp_ln255)> <Delay = 0.42>
ST_293 : Operation 924 [1/1] (0.00ns)   --->   "%empty = phi i56 %dinR1_1, void %if.then215, i56 %dinR1, void %if.end198"   --->   Operation 924 'phi' 'empty' <Predicate = true> <Delay = 0.00>
ST_293 : Operation 925 [1/1] (0.00ns)   --->   "%empty_120 = phi i56 %dinG1_1, void %if.then215, i56 %dinG1, void %if.end198"   --->   Operation 925 'phi' 'empty_120' <Predicate = true> <Delay = 0.00>
ST_293 : Operation 926 [1/1] (0.00ns)   --->   "%empty_121 = phi i56 %dinB1_1, void %if.then215, i56 %dinB1, void %if.end198"   --->   Operation 926 'phi' 'empty_121' <Predicate = true> <Delay = 0.00>
ST_293 : Operation 927 [1/1] (0.00ns)   --->   "%i_gain_write_assign = partselect i20 @_ssdm_op_PartSelect.i20.i56.i32.i32, i56 %empty_121, i32 36, i32 55" [./xf_autowhitebalance.hpp:268]   --->   Operation 927 'partselect' 'i_gain_write_assign' <Predicate = true> <Delay = 0.00>
ST_293 : Operation 928 [1/1] (0.00ns)   --->   "%zext_ln268 = zext i20 %i_gain_write_assign" [./xf_autowhitebalance.hpp:268]   --->   Operation 928 'zext' 'zext_ln268' <Predicate = true> <Delay = 0.00>
ST_293 : Operation 929 [1/1] (0.00ns)   --->   "%i_gain_write_assign_1 = partselect i20 @_ssdm_op_PartSelect.i20.i56.i32.i32, i56 %empty_120, i32 36, i32 55" [./xf_autowhitebalance.hpp:269]   --->   Operation 929 'partselect' 'i_gain_write_assign_1' <Predicate = true> <Delay = 0.00>
ST_293 : Operation 930 [1/1] (0.00ns)   --->   "%zext_ln269 = zext i20 %i_gain_write_assign_1" [./xf_autowhitebalance.hpp:269]   --->   Operation 930 'zext' 'zext_ln269' <Predicate = true> <Delay = 0.00>
ST_293 : Operation 931 [1/1] (0.00ns)   --->   "%i_gain_write_assign_2 = partselect i20 @_ssdm_op_PartSelect.i20.i56.i32.i32, i56 %empty, i32 36, i32 55" [./xf_autowhitebalance.hpp:270]   --->   Operation 931 'partselect' 'i_gain_write_assign_2' <Predicate = true> <Delay = 0.00>
ST_293 : Operation 932 [1/1] (0.00ns)   --->   "%zext_ln270 = zext i20 %i_gain_write_assign_2" [./xf_autowhitebalance.hpp:270]   --->   Operation 932 'zext' 'zext_ln270' <Predicate = true> <Delay = 0.00>
ST_293 : Operation 933 [1/1] (0.00ns)   --->   "%mrv = insertvalue i96 <undef>, i32 %zext_ln268" [./xf_autowhitebalance.hpp:271]   --->   Operation 933 'insertvalue' 'mrv' <Predicate = true> <Delay = 0.00>
ST_293 : Operation 934 [1/1] (0.00ns)   --->   "%mrv_1 = insertvalue i96 %mrv, i32 %zext_ln269" [./xf_autowhitebalance.hpp:271]   --->   Operation 934 'insertvalue' 'mrv_1' <Predicate = true> <Delay = 0.00>
ST_293 : Operation 935 [1/1] (0.00ns)   --->   "%mrv_2 = insertvalue i96 %mrv_1, i32 %zext_ln270" [./xf_autowhitebalance.hpp:271]   --->   Operation 935 'insertvalue' 'mrv_2' <Predicate = true> <Delay = 0.00>
ST_293 : Operation 936 [1/1] (0.00ns)   --->   "%ret_ln271 = ret i96 %mrv_2" [./xf_autowhitebalance.hpp:271]   --->   Operation 936 'ret' 'ret_ln271' <Predicate = true> <Delay = 0.00>


============================================================
+ Verbose Summary: Binding
============================================================
STG Binding: 
---------------- STG Properties BEGIN ----------------
- Is combinational: 0
- Is one-state seq: 0
- Is datapath-only: 0
- Is pipelined: 0
- Is top level: 0
Port [ Return ] is wired: 1; IO mode=ap_ctrl_hs:ce=0
Port [ src1_rows_val]:  wired=1; compound=0; hidden=0; nouse=0; global=0; static=0; extern=0; dir=0; type=0; pingpong=0; private_global=0; IO mode=ap_stable:ce=0
Port [ src1_cols_val]:  wired=1; compound=0; hidden=0; nouse=0; global=0; static=0; extern=0; dir=0; type=0; pingpong=0; private_global=0; IO mode=ap_stable:ce=0
Port [ in_mat_data]:  wired=1; compound=1; hidden=0; nouse=0; global=0; static=0; extern=0; dir=0; type=3; pingpong=0; private_global=0; IO mode=ap_fifo:ce=0
Port [ impop_data]:  wired=1; compound=1; hidden=0; nouse=0; global=0; static=0; extern=0; dir=1; type=3; pingpong=0; private_global=0; IO mode=ap_fifo:ce=0
Port [ thresh]:  wired=1; compound=0; hidden=0; nouse=0; global=0; static=0; extern=0; dir=0; type=0; pingpong=0; private_global=0; IO mode=ap_none:ce=0
---------------- STG Properties END ------------------

---------------- Datapath Model BEGIN ----------------

<LifeTime>
<method=bitvector/>
i                       (alloca           ) [ 011111111100000000000000000000000000000000000000000000000000000000000000000000000000000000000000000000000000000000000000000000000000000000000000000000000000000000000000000000000000000000000000000000000000000000000000000000000000000000000000000000000000000000000000000000000000000000000000000000]
tmpsum_vals_2           (alloca           ) [ 011111111100000000000000000000000000000000000000000000000000000000000000000000000000000000000000000000000000000000000000000000000000000000000000000000000000000000000000000000000000000000000000000000000000000000000000000000000000000000000000000000000000000000000000000000000000000000000000000000]
tmpsum_vals_1           (alloca           ) [ 011111111100000000000000000000000000000000000000000000000000000000000000000000000000000000000000000000000000000000000000000000000000000000000000000000000000000000000000000000000000000000000000000000000000000000000000000000000000000000000000000000000000000000000000000000000000000000000000000000]
tmpsum_vals             (alloca           ) [ 011111111100000000000000000000000000000000000000000000000000000000000000000000000000000000000000000000000000000000000000000000000000000000000000000000000000000000000000000000000000000000000000000000000000000000000000000000000000000000000000000000000000000000000000000000000000000000000000000000]
thresh_read             (read             ) [ 001110000000000000000000000000000000000000000000000000000000000000000000000000000000000000000000000000000000000000000000000000000000000000000000000000000000000000000000000000000000000000000000000000000000000000000000000000000000000000000000000000000000000000000000000000000000000000000000000000]
mux_case_02_loc         (alloca           ) [ 001111111111000000000000000000000000000000000000000000000000000000000000000000000000000000000000000000000000000000000000000000000000000000000000000000000000000000000000000000000000000000000000000000000000000000000000000000000000000000000000000000000000000000000000000000000000000000000000000000]
mux_case_14_loc         (alloca           ) [ 001111111111000000000000000000000000000000000000000000000000000000000000000000000000000000000000000000000000000000000000000000000000000000000000000000000000000000000000000000000000000000000000000000000000000000000000000000000000000000000000000000000000000000000000000000000000000000000000000000]
mux_case_26_loc         (alloca           ) [ 001111111111000000000000000000000000000000000000000000000000000000000000000000000000000000000000000000000000000000000000000000000000000000000000000000000000000000000000000000000000000000000000000000000000000000000000000000000000000000000000000000000000000000000000000000000000000000000000000000]
store_ln152             (store            ) [ 000000000000000000000000000000000000000000000000000000000000000000000000000000000000000000000000000000000000000000000000000000000000000000000000000000000000000000000000000000000000000000000000000000000000000000000000000000000000000000000000000000000000000000000000000000000000000000000000000000]
store_ln152             (store            ) [ 000000000000000000000000000000000000000000000000000000000000000000000000000000000000000000000000000000000000000000000000000000000000000000000000000000000000000000000000000000000000000000000000000000000000000000000000000000000000000000000000000000000000000000000000000000000000000000000000000000]
store_ln152             (store            ) [ 000000000000000000000000000000000000000000000000000000000000000000000000000000000000000000000000000000000000000000000000000000000000000000000000000000000000000000000000000000000000000000000000000000000000000000000000000000000000000000000000000000000000000000000000000000000000000000000000000000]
store_ln135             (store            ) [ 000000000000000000000000000000000000000000000000000000000000000000000000000000000000000000000000000000000000000000000000000000000000000000000000000000000000000000000000000000000000000000000000000000000000000000000000000000000000000000000000000000000000000000000000000000000000000000000000000000]
conv                    (sitofp           ) [ 000001100000000000000000000000000000000000000000000000000000000000000000000000000000000000000000000000000000000000000000000000000000000000000000000000000000000000000000000000000000000000000000000000000000000000000000000000000000000000000000000000000000000000000000000000000000000000000000000000]
pf                      (fpext            ) [ 000000000000000000000000000000000000000000000000000000000000000000000000000000000000000000000000000000000000000000000000000000000000000000000000000000000000000000000000000000000000000000000000000000000000000000000000000000000000000000000000000000000000000000000000000000000000000000000000000000]
bitcast_ln726           (bitcast          ) [ 000000000000000000000000000000000000000000000000000000000000000000000000000000000000000000000000000000000000000000000000000000000000000000000000000000000000000000000000000000000000000000000000000000000000000000000000000000000000000000000000000000000000000000000000000000000000000000000000000000]
trunc_ln145             (trunc            ) [ 000000000000000000000000000000000000000000000000000000000000000000000000000000000000000000000000000000000000000000000000000000000000000000000000000000000000000000000000000000000000000000000000000000000000000000000000000000000000000000000000000000000000000000000000000000000000000000000000000000]
tmp                     (bitselect        ) [ 000000000000000000000000000000000000000000000000000000000000000000000000000000000000000000000000000000000000000000000000000000000000000000000000000000000000000000000000000000000000000000000000000000000000000000000000000000000000000000000000000000000000000000000000000000000000000000000000000000]
tmp_1                   (partselect       ) [ 000000000000000000000000000000000000000000000000000000000000000000000000000000000000000000000000000000000000000000000000000000000000000000000000000000000000000000000000000000000000000000000000000000000000000000000000000000000000000000000000000000000000000000000000000000000000000000000000000000]
zext_ln145              (zext             ) [ 000000000000000000000000000000000000000000000000000000000000000000000000000000000000000000000000000000000000000000000000000000000000000000000000000000000000000000000000000000000000000000000000000000000000000000000000000000000000000000000000000000000000000000000000000000000000000000000000000000]
trunc_ln145_1           (trunc            ) [ 000000000000000000000000000000000000000000000000000000000000000000000000000000000000000000000000000000000000000000000000000000000000000000000000000000000000000000000000000000000000000000000000000000000000000000000000000000000000000000000000000000000000000000000000000000000000000000000000000000]
zext_ln145_1_cast       (bitconcatenate   ) [ 000000000000000000000000000000000000000000000000000000000000000000000000000000000000000000000000000000000000000000000000000000000000000000000000000000000000000000000000000000000000000000000000000000000000000000000000000000000000000000000000000000000000000000000000000000000000000000000000000000]
zext_ln145_1            (zext             ) [ 000000000000000000000000000000000000000000000000000000000000000000000000000000000000000000000000000000000000000000000000000000000000000000000000000000000000000000000000000000000000000000000000000000000000000000000000000000000000000000000000000000000000000000000000000000000000000000000000000000]
sub_ln145               (sub              ) [ 000000000000000000000000000000000000000000000000000000000000000000000000000000000000000000000000000000000000000000000000000000000000000000000000000000000000000000000000000000000000000000000000000000000000000000000000000000000000000000000000000000000000000000000000000000000000000000000000000000]
select_ln145            (select           ) [ 000000000000000000000000000000000000000000000000000000000000000000000000000000000000000000000000000000000000000000000000000000000000000000000000000000000000000000000000000000000000000000000000000000000000000000000000000000000000000000000000000000000000000000000000000000000000000000000000000000]
icmp_ln145              (icmp             ) [ 000000000000000000000000000000000000000000000000000000000000000000000000000000000000000000000000000000000000000000000000000000000000000000000000000000000000000000000000000000000000000000000000000000000000000000000000000000000000000000000000000000000000000000000000000000000000000000000000000000]
sub_ln145_1             (sub              ) [ 000000000000000000000000000000000000000000000000000000000000000000000000000000000000000000000000000000000000000000000000000000000000000000000000000000000000000000000000000000000000000000000000000000000000000000000000000000000000000000000000000000000000000000000000000000000000000000000000000000]
trunc_ln145_2           (trunc            ) [ 000000000000000000000000000000000000000000000000000000000000000000000000000000000000000000000000000000000000000000000000000000000000000000000000000000000000000000000000000000000000000000000000000000000000000000000000000000000000000000000000000000000000000000000000000000000000000000000000000000]
icmp_ln145_1            (icmp             ) [ 000000000000000000000000000000000000000000000000000000000000000000000000000000000000000000000000000000000000000000000000000000000000000000000000000000000000000000000000000000000000000000000000000000000000000000000000000000000000000000000000000000000000000000000000000000000000000000000000000000]
add_ln145               (add              ) [ 000000000000000000000000000000000000000000000000000000000000000000000000000000000000000000000000000000000000000000000000000000000000000000000000000000000000000000000000000000000000000000000000000000000000000000000000000000000000000000000000000000000000000000000000000000000000000000000000000000]
sub_ln145_2             (sub              ) [ 000000000000000000000000000000000000000000000000000000000000000000000000000000000000000000000000000000000000000000000000000000000000000000000000000000000000000000000000000000000000000000000000000000000000000000000000000000000000000000000000000000000000000000000000000000000000000000000000000000]
select_ln145_1          (select           ) [ 000000000000000000000000000000000000000000000000000000000000000000000000000000000000000000000000000000000000000000000000000000000000000000000000000000000000000000000000000000000000000000000000000000000000000000000000000000000000000000000000000000000000000000000000000000000000000000000000000000]
zext_ln145_3            (zext             ) [ 000000000000000000000000000000000000000000000000000000000000000000000000000000000000000000000000000000000000000000000000000000000000000000000000000000000000000000000000000000000000000000000000000000000000000000000000000000000000000000000000000000000000000000000000000000000000000000000000000000]
icmp_ln145_2            (icmp             ) [ 000000000000000000000000000000000000000000000000000000000000000000000000000000000000000000000000000000000000000000000000000000000000000000000000000000000000000000000000000000000000000000000000000000000000000000000000000000000000000000000000000000000000000000000000000000000000000000000000000000]
trunc_ln145_3           (trunc            ) [ 000000000000000000000000000000000000000000000000000000000000000000000000000000000000000000000000000000000000000000000000000000000000000000000000000000000000000000000000000000000000000000000000000000000000000000000000000000000000000000000000000000000000000000000000000000000000000000000000000000]
icmp_ln145_3            (icmp             ) [ 000000000000000000000000000000000000000000000000000000000000000000000000000000000000000000000000000000000000000000000000000000000000000000000000000000000000000000000000000000000000000000000000000000000000000000000000000000000000000000000000000000000000000000000000000000000000000000000000000000]
select_ln145_4          (select           ) [ 000000000000000000000000000000000000000000000000000000000000000000000000000000000000000000000000000000000000000000000000000000000000000000000000000000000000000000000000000000000000000000000000000000000000000000000000000000000000000000000000000000000000000000000000000000000000000000000000000000]
zext_ln145_2            (zext             ) [ 000000000000000000000000000000000000000000000000000000000000000000000000000000000000000000000000000000000000000000000000000000000000000000000000000000000000000000000000000000000000000000000000000000000000000000000000000000000000000000000000000000000000000000000000000000000000000000000000000000]
ashr_ln145              (ashr             ) [ 000000000000000000000000000000000000000000000000000000000000000000000000000000000000000000000000000000000000000000000000000000000000000000000000000000000000000000000000000000000000000000000000000000000000000000000000000000000000000000000000000000000000000000000000000000000000000000000000000000]
trunc_ln145_4           (trunc            ) [ 000000000000000000000000000000000000000000000000000000000000000000000000000000000000000000000000000000000000000000000000000000000000000000000000000000000000000000000000000000000000000000000000000000000000000000000000000000000000000000000000000000000000000000000000000000000000000000000000000000]
select_ln145_2          (select           ) [ 000000000000000000000000000000000000000000000000000000000000000000000000000000000000000000000000000000000000000000000000000000000000000000000000000000000000000000000000000000000000000000000000000000000000000000000000000000000000000000000000000000000000000000000000000000000000000000000000000000]
tmp_3                   (partselect       ) [ 000000000000000000000000000000000000000000000000000000000000000000000000000000000000000000000000000000000000000000000000000000000000000000000000000000000000000000000000000000000000000000000000000000000000000000000000000000000000000000000000000000000000000000000000000000000000000000000000000000]
icmp_ln145_4            (icmp             ) [ 000000000000000000000000000000000000000000000000000000000000000000000000000000000000000000000000000000000000000000000000000000000000000000000000000000000000000000000000000000000000000000000000000000000000000000000000000000000000000000000000000000000000000000000000000000000000000000000000000000]
shl_ln145               (shl              ) [ 000000000000000000000000000000000000000000000000000000000000000000000000000000000000000000000000000000000000000000000000000000000000000000000000000000000000000000000000000000000000000000000000000000000000000000000000000000000000000000000000000000000000000000000000000000000000000000000000000000]
select_ln145_3          (select           ) [ 000000000000000000000000000000000000000000000000000000000000000000000000000000000000000000000000000000000000000000000000000000000000000000000000000000000000000000000000000000000000000000000000000000000000000000000000000000000000000000000000000000000000000000000000000000000000000000000000000000]
xor_ln145               (xor              ) [ 000000000000000000000000000000000000000000000000000000000000000000000000000000000000000000000000000000000000000000000000000000000000000000000000000000000000000000000000000000000000000000000000000000000000000000000000000000000000000000000000000000000000000000000000000000000000000000000000000000]
and_ln145               (and              ) [ 000000000000000000000000000000000000000000000000000000000000000000000000000000000000000000000000000000000000000000000000000000000000000000000000000000000000000000000000000000000000000000000000000000000000000000000000000000000000000000000000000000000000000000000000000000000000000000000000000000]
or_ln145                (or               ) [ 000000000000000000000000000000000000000000000000000000000000000000000000000000000000000000000000000000000000000000000000000000000000000000000000000000000000000000000000000000000000000000000000000000000000000000000000000000000000000000000000000000000000000000000000000000000000000000000000000000]
xor_ln145_1             (xor              ) [ 000000000000000000000000000000000000000000000000000000000000000000000000000000000000000000000000000000000000000000000000000000000000000000000000000000000000000000000000000000000000000000000000000000000000000000000000000000000000000000000000000000000000000000000000000000000000000000000000000000]
and_ln145_1             (and              ) [ 000000000000000000000000000000000000000000000000000000000000000000000000000000000000000000000000000000000000000000000000000000000000000000000000000000000000000000000000000000000000000000000000000000000000000000000000000000000000000000000000000000000000000000000000000000000000000000000000000000]
sel_tmp6                (bitconcatenate   ) [ 000000000000000000000000000000000000000000000000000000000000000000000000000000000000000000000000000000000000000000000000000000000000000000000000000000000000000000000000000000000000000000000000000000000000000000000000000000000000000000000000000000000000000000000000000000000000000000000000000000]
thresh_float            (sparsemux        ) [ 000000000000000000000000000000000000000000000000000000000000000000000000000000000000000000000000000000000000000000000000000000000000000000000000000000000000000000000000000000000000000000000000000000000000000000000000000000000000000000000000000000000000000000000000000000000000000000000000000000]
trunc_ln1               (partselect       ) [ 000000010000000000000000000000000000000000000000000000000000000000000000000000000000000000000000000000000000000000000000000000000000000000000000000000000000000000000000000000000000000000000000000000000000000000000000000000000000000000000000000000000000000000000000000000000000000000000000000000]
src1_cols_val_read      (read             ) [ 000000001100000000000000000000000000000000000000000000000000000000000000000000000000000000000000000000000000000000000000000000000000000000000000000000000000000000000000000000000000000000000000000000000000000000000000000000000000000000000000000000000000000000000000000000000000000000000000000000]
src1_rows_val_read      (read             ) [ 000000001100000000000000000000000000000000000000000000000000000000000000000000000000000000000000000000000000000000000000000000000000000000000000000000000000000000000000000000000000000000000000000000000000000000000000000000000000000000000000000000000000000000000000000000000000000000000000000000]
specstablecontent_ln0   (specstablecontent) [ 000000000000000000000000000000000000000000000000000000000000000000000000000000000000000000000000000000000000000000000000000000000000000000000000000000000000000000000000000000000000000000000000000000000000000000000000000000000000000000000000000000000000000000000000000000000000000000000000000000]
specstablecontent_ln0   (specstablecontent) [ 000000000000000000000000000000000000000000000000000000000000000000000000000000000000000000000000000000000000000000000000000000000000000000000000000000000000000000000000000000000000000000000000000000000000000000000000000000000000000000000000000000000000000000000000000000000000000000000000000000]
specinterface_ln0       (specinterface    ) [ 000000000000000000000000000000000000000000000000000000000000000000000000000000000000000000000000000000000000000000000000000000000000000000000000000000000000000000000000000000000000000000000000000000000000000000000000000000000000000000000000000000000000000000000000000000000000000000000000000000]
specinterface_ln0       (specinterface    ) [ 000000000000000000000000000000000000000000000000000000000000000000000000000000000000000000000000000000000000000000000000000000000000000000000000000000000000000000000000000000000000000000000000000000000000000000000000000000000000000000000000000000000000000000000000000000000000000000000000000000]
sext_ln148              (sext             ) [ 000000000000000000000000000000000000000000000000000000000000000000000000000000000000000000000000000000000000000000000000000000000000000000000000000000000000000000000000000000000000000000000000000000000000000000000000000000000000000000000000000000000000000000000000000000000000000000000000000000]
tmp_4                   (bitconcatenate   ) [ 000000000000000000000000000000000000000000000000000000000000000000000000000000000000000000000000000000000000000000000000000000000000000000000000000000000000000000000000000000000000000000000000000000000000000000000000000000000000000000000000000000000000000000000000000000000000000000000000000000]
sext_ln148_1            (sext             ) [ 000000000000000000000000000000000000000000000000000000000000000000000000000000000000000000000000000000000000000000000000000000000000000000000000000000000000000000000000000000000000000000000000000000000000000000000000000000000000000000000000000000000000000000000000000000000000000000000000000000]
sub_ln148               (sub              ) [ 000000000000000000000000000000000000000000000000000000000000000000000000000000000000000000000000000000000000000000000000000000000000000000000000000000000000000000000000000000000000000000000000000000000000000000000000000000000000000000000000000000000000000000000000000000000000000000000000000000]
trunc_ln2               (partselect       ) [ 000000001100000000000000000000000000000000000000000000000000000000000000000000000000000000000000000000000000000000000000000000000000000000000000000000000000000000000000000000000000000000000000000000000000000000000000000000000000000000000000000000000000000000000000000000000000000000000000000000]
br_ln176                (br               ) [ 000000000000000000000000000000000000000000000000000000000000000000000000000000000000000000000000000000000000000000000000000000000000000000000000000000000000000000000000000000000000000000000000000000000000000000000000000000000000000000000000000000000000000000000000000000000000000000000000000000]
i_7                     (load             ) [ 000000000000000000000000000000000000000000000000000000000000000000000000000000000000000000000000000000000000000000000000000000000000000000000000000000000000000000000000000000000000000000000000000000000000000000000000000000000000000000000000000000000000000000000000000000000000000000000000000000]
icmp_ln176              (icmp             ) [ 000000001100000000000000000000000000000000000000000000000000000000000000000000000000000000000000000000000000000000000000000000000000000000000000000000000000000000000000000000000000000000000000000000000000000000000000000000000000000000000000000000000000000000000000000000000000000000000000000000]
i_8                     (add              ) [ 000000000000000000000000000000000000000000000000000000000000000000000000000000000000000000000000000000000000000000000000000000000000000000000000000000000000000000000000000000000000000000000000000000000000000000000000000000000000000000000000000000000000000000000000000000000000000000000000000000]
br_ln176                (br               ) [ 000000000000000000000000000000000000000000000000000000000000000000000000000000000000000000000000000000000000000000000000000000000000000000000000000000000000000000000000000000000000000000000000000000000000000000000000000000000000000000000000000000000000000000000000000000000000000000000000000000]
store_ln135             (store            ) [ 000000000000000000000000000000000000000000000000000000000000000000000000000000000000000000000000000000000000000000000000000000000000000000000000000000000000000000000000000000000000000000000000000000000000000000000000000000000000000000000000000000000000000000000000000000000000000000000000000000]
tmpsum_vals_2_load      (load             ) [ 000000000010000000000000000000000000000000000000000000000000000000000000000000000000000000000000000000000000000000000000000000000000000000000000000000000000000000000000000000000000000000000000000000000000000000000000000000000000000000000000000000000000000000000000000000000000000000000000000000]
tmpsum_vals_1_load      (load             ) [ 000000000010000000000000000000000000000000000000000000000000000000000000000000000000000000000000000000000000000000000000000000000000000000000000000000000000000000000000000000000000000000000000000000000000000000000000000000000000000000000000000000000000000000000000000000000000000000000000000000]
tmpsum_vals_load        (load             ) [ 000000000010000000000000000000000000000000000000000000000000000000000000000000000000000000000000000000000000000000000000000000000000000000000000000000000000000000000000000000000000000000000000000000000000000000000000000000000000000000000000000000000000000000000000000000000000000000000000000000]
speclooptripcount_ln178 (speclooptripcount) [ 000000000000000000000000000000000000000000000000000000000000000000000000000000000000000000000000000000000000000000000000000000000000000000000000000000000000000000000000000000000000000000000000000000000000000000000000000000000000000000000000000000000000000000000000000000000000000000000000000000]
specloopname_ln176      (specloopname     ) [ 000000000000000000000000000000000000000000000000000000000000000000000000000000000000000000000000000000000000000000000000000000000000000000000000000000000000000000000000000000000000000000000000000000000000000000000000000000000000000000000000000000000000000000000000000000000000000000000000000000]
call_ln148              (call             ) [ 000000000000000000000000000000000000000000000000000000000000000000000000000000000000000000000000000000000000000000000000000000000000000000000000000000000000000000000000000000000000000000000000000000000000000000000000000000000000000000000000000000000000000000000000000000000000000000000000000000]
br_ln176                (br               ) [ 000000000000000000000000000000000000000000000000000000000000000000000000000000000000000000000000000000000000000000000000000000000000000000000000000000000000000000000000000000000000000000000000000000000000000000000000000000000000000000000000000000000000000000000000000000000000000000000000000000]
call_ln0                (call             ) [ 000000000000000000000000000000000000000000000000000000000000000000000000000000000000000000000000000000000000000000000000000000000000000000000000000000000000000000000000000000000000000000000000000000000000000000000000000000000000000000000000000000000000000000000000000000000000000000000000000000]
mux_case_26_loc_load    (load             ) [ 000000000000111111111111111111111111111111111111111111111111111111111111111111111111111111111111111111111111111111111111111111111100000000000000000000000000000000000000000000000000000000000000000000000000000000000000000000000000000000000000000000000000000000000000000000000000000000000000000000]
mux_case_14_loc_load    (load             ) [ 000000000000111111111111111111111111111111111111111111111111111111111110000000000000000000000000000000000000000000000000000000000000000000000000000000000000000000000000000000000000000000000000000000000000000000000000000000000000000000000000000000000000000000000000000000000000000000000000000000]
mux_case_02_loc_load    (load             ) [ 000000000000000000000000000000000000000000000000000000000000000000000000000000000000000000000000000000000000000000000000000000000000000000000000000000000000000000000000000000000000000000000000000000000000000000000000000000000000000000000000000000000000000000000000000000000000000000000000000000]
trunc_ln216             (trunc            ) [ 000000000000000000000000000000000000000000000000000000000000000000000000000000000000000000000000000000000000000000000000000000000000000000000000000000000000000000000000000000000000000000000000000000000000000000000000000000000000000000000000000000000000000000000000000000000000000000000000000000]
trunc_ln216_1           (trunc            ) [ 000000000000000000000000000000000000000000000000000000000000000000000000000000000000000000000000000000000000000000000000000000000000000000000000000000000000000000000000000000000000000000000000000000000000000000000000000000000000000000000000000000000000000000000000000000000000000000000000000000]
trunc_ln216_2           (trunc            ) [ 000000000000000000000000000000000000000000000000000000000000000000000000000000000000000000000000000000000000000000000000000000000000000000000000000000000000000000000000000000000000000000000000000000000000000000000000000000000000000000000000000000000000000000000000000000000000000000000000000000]
icmp_ln225              (icmp             ) [ 000000000000000000000000000000000000000000000000000000000000000000000000000000000000000000000000000000000000000000000000000000000000000000000000000000000000000000000000000000000000000000000000000000000000000000000000000000000000000000000000000000000000000000000000000000000000000000000000000000]
select_ln225            (select           ) [ 000000000000000000000000000000000000000000000000000000000000000000000000000000000000000000000000000000000000000000000000000000000000000000000000000000000000000000000000000000000000000000000000000000000000000000000000000000000000000000000000000000000000000000000000000000000000000000000000000000]
icmp_ln225_1            (icmp             ) [ 000000000000000000000000000000000000000000000000000000000000000000000000000000000000000000000000000000000000000000000000000000000000000000000000000000000000000000000000000000000000000000000000000000000000000000000000000000000000000000000000000000000000000000000000000000000000000000000000000000]
xor_ln225               (xor              ) [ 000000000000000000000000000000000000000000000000000000000000000000000000000000000000000000000000000000000000000000000000000000000000000000000000000000000000000000000000000000000000000000000000000000000000000000000000000000000000000000000000000000000000000000000000000000000000000000000000000000]
zext_ln225              (zext             ) [ 000000000000000000000000000000000000000000000000000000000000000000000000000000000000000000000000000000000000000000000000000000000000000000000000000000000000000000000000000000000000000000000000000000000000000000000000000000000000000000000000000000000000000000000000000000000000000000000000000000]
or_ln225                (or               ) [ 000000000000000000000000000000000000000000000000000000000000000000000000000000000000000000000000000000000000000000000000000000000000000000000000000000000000000000000000000000000000000000000000000000000000000000000000000000000000000000000000000000000000000000000000000000000000000000000000000000]
select_ln225_1          (select           ) [ 000000000000000000000000000000000000000000000000000000000000000000000000000000000000000000000000000000000000000000000000000000000000000000000000000000000000000000000000000000000000000000000000000000000000000000000000000000000000000000000000000000000000000000000000000000000000000000000000000000]
max_sum_fixed           (sparsemux        ) [ 000000000000111111111111111111111111111111111111111111111111111111111111111111111111111111111111111111111111111111111111111111111100000000000000000000000000000000000000000000000000000000000000000000000000000000000000000000000000000000000000000000000000000000000000000000000000000000000000000000]
shl_ln                  (bitconcatenate   ) [ 000000000000000000000000000000000000000000000000000000000000000000000000000000000000000000000000000000000000000000000000000000000000000000000000000000000000000000000000000000000000000000000000000000000000000000000000000000000000000000000000000000000000000000000000000000000000000000000000000000]
icmp_ln236              (icmp             ) [ 000000000001111111111111111111111111111111111111111111111111111111111110000000000000000000000000000000000000000000000000000000000000000000000000000000000000000000000000000000000000000000000000000000000000000000000000000000000000000000000000000000000000000000000000000000000000000000000000000000]
br_ln236                (br               ) [ 000000000001111111111111111111111111111111111111111111111111111111111110000000000000000000000000000000000000000000000000000000000000000000000000000000000000000000000000000000000000000000000000000000000000000000000000000000000000000000000000000000000000000000000000000000000000000000000000000000]
shl_ln1                 (bitconcatenate   ) [ 000000000000111111111111111111111111111111111111111111111111111111111110000000000000000000000000000000000000000000000000000000000000000000000000000000000000000000000000000000000000000000000000000000000000000000000000000000000000000000000000000000000000000000000000000000000000000000000000000000]
zext_ln239              (zext             ) [ 000000000000111111111111111111111111111111111111111111111111111111111110000000000000000000000000000000000000000000000000000000000000000000000000000000000000000000000000000000000000000000000000000000000000000000000000000000000000000000000000000000000000000000000000000000000000000000000000000000]
udiv_ln239              (udiv             ) [ 000000000000000000000000000000000000000000000000000000000000000000000000000000000000000000000000000000000000000000000000000000000000000000000000000000000000000000000000000000000000000000000000000000000000000000000000000000000000000000000000000000000000000000000000000000000000000000000000000000]
br_ln0                  (br               ) [ 000000000000000000000000000000000000000000000000000000000000000000000000000000000000000000000000000000000000000000000000000000000000000000000000000000000000000000000000000000000000000000000000000000000000000000000000000000000000000000000000000000000000000000000000000000000000000000000000000000]
dinB1                   (phi              ) [ 000000000000111111111111111111111111111111111111111111111111111111111111111111111111111111111111111111111111111111111111111111111111111111111111111111111111111111111111111111111111111111111111111111111111111111111111111111111111111111111111111111111111111111111111111111111111111111111111111111]
shl_ln2                 (bitconcatenate   ) [ 000000000000000000000000000000000000000000000000000000000000000000000000000000000000000000000000000000000000000000000000000000000000000000000000000000000000000000000000000000000000000000000000000000000000000000000000000000000000000000000000000000000000000000000000000000000000000000000000000000]
icmp_ln242              (icmp             ) [ 000000000000000000000000000000000000000000000000000000000000000000000011111111111111111111111111111111111111111111111111111111111100000000000000000000000000000000000000000000000000000000000000000000000000000000000000000000000000000000000000000000000000000000000000000000000000000000000000000000]
br_ln242                (br               ) [ 000000000000000000000000000000000000000000000000000000000000000000000011111111111111111111111111111111111111111111111111111111111100000000000000000000000000000000000000000000000000000000000000000000000000000000000000000000000000000000000000000000000000000000000000000000000000000000000000000000]
shl_ln3                 (bitconcatenate   ) [ 000000000000000000000000000000000000000000000000000000000000000000000001111111111111111111111111111111111111111111111111111111111100000000000000000000000000000000000000000000000000000000000000000000000000000000000000000000000000000000000000000000000000000000000000000000000000000000000000000000]
zext_ln245              (zext             ) [ 000000000000000000000000000000000000000000000000000000000000000000000001111111111111111111111111111111111111111111111111111111111100000000000000000000000000000000000000000000000000000000000000000000000000000000000000000000000000000000000000000000000000000000000000000000000000000000000000000000]
udiv_ln245              (udiv             ) [ 000000000000000000000000000000000000000000000000000000000000000000000000000000000000000000000000000000000000000000000000000000000000000000000000000000000000000000000000000000000000000000000000000000000000000000000000000000000000000000000000000000000000000000000000000000000000000000000000000000]
br_ln0                  (br               ) [ 000000000000000000000000000000000000000000000000000000000000000000000000000000000000000000000000000000000000000000000000000000000000000000000000000000000000000000000000000000000000000000000000000000000000000000000000000000000000000000000000000000000000000000000000000000000000000000000000000000]
dinG1                   (phi              ) [ 000000000000000000000000000000000000000000000000000000000000000000000001111111111111111111111111111111111111111111111111111111111111111111111111111111111111111111111111111111111111111111111111111111111111111111111111111111111111111111111111111111111111111111111111111111111111111111111111111111]
shl_ln4                 (bitconcatenate   ) [ 000000000000000000000000000000000000000000000000000000000000000000000000000000000000000000000000000000000000000000000000000000000000000000000000000000000000000000000000000000000000000000000000000000000000000000000000000000000000000000000000000000000000000000000000000000000000000000000000000000]
icmp_ln247              (icmp             ) [ 000000000000000000000000000000000000000000000000000000000000000000000000000000000000000000000000000000000000000000000000000000000111111111111111111111111111111111111111111111111111111111111000000000000000000000000000000000000000000000000000000000000000000000000000000000000000000000000000000000]
br_ln247                (br               ) [ 000000000000000000000000000000000000000000000000000000000000000000000000000000000000000000000000000000000000000000000000000000000111111111111111111111111111111111111111111111111111111111111000000000000000000000000000000000000000000000000000000000000000000000000000000000000000000000000000000000]
shl_ln5                 (bitconcatenate   ) [ 000000000000000000000000000000000000000000000000000000000000000000000000000000000000000000000000000000000000000000000000000000000011111111111111111111111111111111111111111111111111111111111000000000000000000000000000000000000000000000000000000000000000000000000000000000000000000000000000000000]
zext_ln250              (zext             ) [ 000000000000000000000000000000000000000000000000000000000000000000000000000000000000000000000000000000000000000000000000000000000011111111111111111111111111111111111111111111111111111111111000000000000000000000000000000000000000000000000000000000000000000000000000000000000000000000000000000000]
udiv_ln250              (udiv             ) [ 000000000000000000000000000000000000000000000000000000000000000000000000000000000000000000000000000000000000000000000000000000000000000000000000000000000000000000000000000000000000000000000000000000000000000000000000000000000000000000000000000000000000000000000000000000000000000000000000000000]
br_ln0                  (br               ) [ 000000000000000000000000000000000000000000000000000000000000000000000000000000000000000000000000000000000000000000000000000000000000000000000000000000000000000000000000000000000000000000000000000000000000000000000000000000000000000000000000000000000000000000000000000000000000000000000000000000]
dinR1                   (phi              ) [ 000000000000000000000000000000000000000000000000000000000000000000000000000000000000000000000000000000000000000000000000000000000011111111111111111111111111111111111111111111111111111111111111111111111111111111111111111111111111111111111111111111111111111111111111111111111111111111111111111111]
icmp_ln253              (icmp             ) [ 000000000000000000000000000000000000000000000000000000000000000000000000000000000000000000000000000000000000000000000000000000000000000000000000000000000000000000000000000000000000000000000000000000000000000000000000000000000000000000000000000000000000000000000000000000000000000000000000000000]
select_ln253            (select           ) [ 000000000000000000000000000000000000000000000000000000000000000000000000000000000000000000000000000000000000000000000000000000000000000000000000000000000000000000000000000000000000000000000000000000000000000000000000000000000000000000000000000000000000000000000000000000000000000000000000000000]
icmp_ln253_1            (icmp             ) [ 000000000000000000000000000000000000000000000000000000000000000000000000000000000000000000000000000000000000000000000000000000000000000000000000000000000000000000000000000000000000000000000000000000000000000000000000000000000000000000000000000000000000000000000000000000000000000000000000000000]
gain_max1               (select           ) [ 000000000000000000000000000000000000000000000000000000000000000000000000000000000000000000000000000000000000000000000000000000000000000000000000000000000000000000000000000000000000000000000000000000000000000000000000000000000000000000000000000000000000000000000000000000000000000000000000000000]
icmp_ln255              (icmp             ) [ 000000000000000000000000000000000000000000000000000000000000000000000000000000000000000000000000000000000000000000000000000000000000000000000000000000000000000000000000000000000000000000001111111111111111111111111111111111111111111111111111111111111111111111111111111111111111111111111111111111]
br_ln255                (br               ) [ 000000000000000000000000000000000000000000000000000000000000000000000000000000000000000000000000000000000000000000000000000000000000000000000000000000000000000000000000000000000000000000001111111111111111111111111111111111111111111111111111111111111111111111111111111111111111111111111111111111]
shl_ln6                 (bitconcatenate   ) [ 000000000000000000000000000000000000000000000000000000000000000000000000000000000000000000000000000000000000000000000000000000000000000000000000000000000000000000000000000000000000000000000111111111111111111111111111111111111111111111111111111111111111111111111111111111111111111111111111111111]
zext_ln256              (zext             ) [ 000000000000000000000000000000000000000000000000000000000000000000000000000000000000000000000000000000000000000000000000000000000000000000000000000000000000000000000000000000000000000000000111111111111111111111111111111111111111111111111111111111111111111111111111111111111111111111111111111111]
shl_ln7                 (bitconcatenate   ) [ 000000000000000000000000000000000000000000000000000000000000000000000000000000000000000000000000000000000000000000000000000000000000000000000000000000000000000000000000000000000000000000000111111111111111111111111111111111111111111111111111111111111111111111111111111111111111111111111111111111]
shl_ln8                 (bitconcatenate   ) [ 000000000000000000000000000000000000000000000000000000000000000000000000000000000000000000000000000000000000000000000000000000000000000000000000000000000000000000000000000000000000000000000111111111111111111111111111111111111111111111111111111111111111111111111111111111111111111111111111111111]
udiv_ln256              (udiv             ) [ 000000000000000000000000000000000000000000000000000000000000000000000000000000000000000000000000000000000000000000000000000000000000000000000000000000000000000000000000000000000000000000000000000000000000000000000000000000000000000000000000000000000000000000000000000000000000000000000000000000]
dinB1_1                 (trunc            ) [ 000000000000000000000000000000000000000000000000000000000000000000000000000000000000000000000000000000000000000000000000000000000000000000000000000000000000000000000000000000000000000000000000000000000000000000000000000000000000000000000000000000000000000000000000000000000000000000000000000000]
udiv_ln257              (udiv             ) [ 000000000000000000000000000000000000000000000000000000000000000000000000000000000000000000000000000000000000000000000000000000000000000000000000000000000000000000000000000000000000000000000000000000000000000000000000000000000000000000000000000000000000000000000000000000000000000000000000000000]
dinG1_1                 (trunc            ) [ 000000000000000000000000000000000000000000000000000000000000000000000000000000000000000000000000000000000000000000000000000000000000000000000000000000000000000000000000000000000000000000000000000000000000000000000000000000000000000000000000000000000000000000000000000000000000000000000000000000]
udiv_ln258              (udiv             ) [ 000000000000000000000000000000000000000000000000000000000000000000000000000000000000000000000000000000000000000000000000000000000000000000000000000000000000000000000000000000000000000000000000000000000000000000000000000000000000000000000000000000000000000000000000000000000000000000000000000000]
dinR1_1                 (trunc            ) [ 000000000000000000000000000000000000000000000000000000000000000000000000000000000000000000000000000000000000000000000000000000000000000000000000000000000000000000000000000000000000000000000000000000000000000000000000000000000000000000000000000000000000000000000000000000000000000000000000000000]
br_ln259                (br               ) [ 000000000000000000000000000000000000000000000000000000000000000000000000000000000000000000000000000000000000000000000000000000000000000000000000000000000000000000000000000000000000000000000000000000000000000000000000000000000000000000000000000000000000000000000000000000000000000000000000000000]
empty                   (phi              ) [ 000000000000000000000000000000000000000000000000000000000000000000000000000000000000000000000000000000000000000000000000000000000000000000000000000000000000000000000000000000000000000000000000000000000000000000000000000000000000000000000000000000000000000000000000000000000000000000000000000001]
empty_120               (phi              ) [ 000000000000000000000000000000000000000000000000000000000000000000000000000000000000000000000000000000000000000000000000000000000000000000000000000000000000000000000000000000000000000000000000000000000000000000000000000000000000000000000000000000000000000000000000000000000000000000000000000001]
empty_121               (phi              ) [ 000000000000000000000000000000000000000000000000000000000000000000000000000000000000000000000000000000000000000000000000000000000000000000000000000000000000000000000000000000000000000000000000000000000000000000000000000000000000000000000000000000000000000000000000000000000000000000000000000001]
i_gain_write_assign     (partselect       ) [ 000000000000000000000000000000000000000000000000000000000000000000000000000000000000000000000000000000000000000000000000000000000000000000000000000000000000000000000000000000000000000000000000000000000000000000000000000000000000000000000000000000000000000000000000000000000000000000000000000000]
zext_ln268              (zext             ) [ 000000000000000000000000000000000000000000000000000000000000000000000000000000000000000000000000000000000000000000000000000000000000000000000000000000000000000000000000000000000000000000000000000000000000000000000000000000000000000000000000000000000000000000000000000000000000000000000000000000]
i_gain_write_assign_1   (partselect       ) [ 000000000000000000000000000000000000000000000000000000000000000000000000000000000000000000000000000000000000000000000000000000000000000000000000000000000000000000000000000000000000000000000000000000000000000000000000000000000000000000000000000000000000000000000000000000000000000000000000000000]
zext_ln269              (zext             ) [ 000000000000000000000000000000000000000000000000000000000000000000000000000000000000000000000000000000000000000000000000000000000000000000000000000000000000000000000000000000000000000000000000000000000000000000000000000000000000000000000000000000000000000000000000000000000000000000000000000000]
i_gain_write_assign_2   (partselect       ) [ 000000000000000000000000000000000000000000000000000000000000000000000000000000000000000000000000000000000000000000000000000000000000000000000000000000000000000000000000000000000000000000000000000000000000000000000000000000000000000000000000000000000000000000000000000000000000000000000000000000]
zext_ln270              (zext             ) [ 000000000000000000000000000000000000000000000000000000000000000000000000000000000000000000000000000000000000000000000000000000000000000000000000000000000000000000000000000000000000000000000000000000000000000000000000000000000000000000000000000000000000000000000000000000000000000000000000000000]
mrv                     (insertvalue      ) [ 000000000000000000000000000000000000000000000000000000000000000000000000000000000000000000000000000000000000000000000000000000000000000000000000000000000000000000000000000000000000000000000000000000000000000000000000000000000000000000000000000000000000000000000000000000000000000000000000000000]
mrv_1                   (insertvalue      ) [ 000000000000000000000000000000000000000000000000000000000000000000000000000000000000000000000000000000000000000000000000000000000000000000000000000000000000000000000000000000000000000000000000000000000000000000000000000000000000000000000000000000000000000000000000000000000000000000000000000000]
mrv_2                   (insertvalue      ) [ 000000000000000000000000000000000000000000000000000000000000000000000000000000000000000000000000000000000000000000000000000000000000000000000000000000000000000000000000000000000000000000000000000000000000000000000000000000000000000000000000000000000000000000000000000000000000000000000000000000]
ret_ln271               (ret              ) [ 000000000000000000000000000000000000000000000000000000000000000000000000000000000000000000000000000000000000000000000000000000000000000000000000000000000000000000000000000000000000000000000000000000000000000000000000000000000000000000000000000000000000000000000000000000000000000000000000000000]
</LifeTime>

<model>

<comp_list>
<comp id="0" class="1000" name="src1_rows_val">
<pin_list>
<pin id="1" dir="1" index="0" bw="1" slack="0"/>
</pin_list>
<bind>
<StgValue><ssdm name="src1_rows_val"/></StgValue>
</bind>
</comp>

<comp id="2" class="1000" name="src1_cols_val">
<pin_list>
<pin id="3" dir="1" index="0" bw="1" slack="0"/>
</pin_list>
<bind>
<StgValue><ssdm name="src1_cols_val"/></StgValue>
</bind>
</comp>

<comp id="4" class="1000" name="in_mat_data">
<pin_list>
<pin id="5" dir="1" index="0" bw="1" slack="0"/>
</pin_list>
<bind>
<StgValue><ssdm name="in_mat_data"/></StgValue>
</bind>
</comp>

<comp id="6" class="1000" name="impop_data">
<pin_list>
<pin id="7" dir="1" index="0" bw="1" slack="0"/>
</pin_list>
<bind>
<StgValue><ssdm name="impop_data"/></StgValue>
</bind>
</comp>

<comp id="8" class="1000" name="thresh">
<pin_list>
<pin id="9" dir="1" index="0" bw="1" slack="0"/>
</pin_list>
<bind>
<StgValue><ssdm name="thresh"/></StgValue>
</bind>
</comp>

<comp id="10" class="1001" name="const_10">
<pin_list>
<pin id="11" dir="1" index="0" bw="1" slack="0"/>
</pin_list>
<bind>
<StgValue><ssdm name=""/></StgValue>
</bind>
</comp>

<comp id="12" class="1001" name="const_12">
<pin_list>
<pin id="13" dir="1" index="0" bw="1" slack="0"/>
</pin_list>
<bind>
<StgValue><ssdm name="_ssdm_op_Read.ap_auto.i32"/></StgValue>
</bind>
</comp>

<comp id="14" class="1001" name="const_14">
<pin_list>
<pin id="15" dir="1" index="0" bw="1" slack="0"/>
</pin_list>
<bind>
<StgValue><ssdm name=""/></StgValue>
</bind>
</comp>

<comp id="16" class="1001" name="const_16">
<pin_list>
<pin id="17" dir="1" index="0" bw="1" slack="0"/>
</pin_list>
<bind>
<StgValue><ssdm name=""/></StgValue>
</bind>
</comp>

<comp id="18" class="1001" name="const_18">
<pin_list>
<pin id="19" dir="1" index="0" bw="1" slack="0"/>
</pin_list>
<bind>
<StgValue><ssdm name=""/></StgValue>
</bind>
</comp>

<comp id="20" class="1001" name="const_20">
<pin_list>
<pin id="21" dir="1" index="0" bw="1" slack="0"/>
</pin_list>
<bind>
<StgValue><ssdm name="_ssdm_op_BitSelect.i1.i64.i32"/></StgValue>
</bind>
</comp>

<comp id="22" class="1001" name="const_22">
<pin_list>
<pin id="23" dir="1" index="0" bw="1" slack="0"/>
</pin_list>
<bind>
<StgValue><ssdm name=""/></StgValue>
</bind>
</comp>

<comp id="24" class="1001" name="const_24">
<pin_list>
<pin id="25" dir="1" index="0" bw="1" slack="0"/>
</pin_list>
<bind>
<StgValue><ssdm name="_ssdm_op_PartSelect.i11.i64.i32"/></StgValue>
</bind>
</comp>

<comp id="26" class="1001" name="const_26">
<pin_list>
<pin id="27" dir="1" index="0" bw="1" slack="0"/>
</pin_list>
<bind>
<StgValue><ssdm name=""/></StgValue>
</bind>
</comp>

<comp id="28" class="1001" name="const_28">
<pin_list>
<pin id="29" dir="1" index="0" bw="1" slack="0"/>
</pin_list>
<bind>
<StgValue><ssdm name="_ssdm_op_BitConcatenate.i53.i1.i52"/></StgValue>
</bind>
</comp>

<comp id="30" class="1001" name="const_30">
<pin_list>
<pin id="31" dir="1" index="0" bw="1" slack="0"/>
</pin_list>
<bind>
<StgValue><ssdm name=""/></StgValue>
</bind>
</comp>

<comp id="32" class="1001" name="const_32">
<pin_list>
<pin id="33" dir="1" index="0" bw="1" slack="0"/>
</pin_list>
<bind>
<StgValue><ssdm name=""/></StgValue>
</bind>
</comp>

<comp id="34" class="1001" name="const_34">
<pin_list>
<pin id="35" dir="1" index="0" bw="1" slack="0"/>
</pin_list>
<bind>
<StgValue><ssdm name=""/></StgValue>
</bind>
</comp>

<comp id="36" class="1001" name="const_36">
<pin_list>
<pin id="37" dir="1" index="0" bw="1" slack="0"/>
</pin_list>
<bind>
<StgValue><ssdm name=""/></StgValue>
</bind>
</comp>

<comp id="38" class="1001" name="const_38">
<pin_list>
<pin id="39" dir="1" index="0" bw="1" slack="0"/>
</pin_list>
<bind>
<StgValue><ssdm name=""/></StgValue>
</bind>
</comp>

<comp id="40" class="1001" name="const_40">
<pin_list>
<pin id="41" dir="1" index="0" bw="1" slack="0"/>
</pin_list>
<bind>
<StgValue><ssdm name=""/></StgValue>
</bind>
</comp>

<comp id="42" class="1001" name="const_42">
<pin_list>
<pin id="43" dir="1" index="0" bw="1" slack="0"/>
</pin_list>
<bind>
<StgValue><ssdm name=""/></StgValue>
</bind>
</comp>

<comp id="44" class="1001" name="const_44">
<pin_list>
<pin id="45" dir="1" index="0" bw="1" slack="0"/>
</pin_list>
<bind>
<StgValue><ssdm name=""/></StgValue>
</bind>
</comp>

<comp id="46" class="1001" name="const_46">
<pin_list>
<pin id="47" dir="1" index="0" bw="1" slack="0"/>
</pin_list>
<bind>
<StgValue><ssdm name=""/></StgValue>
</bind>
</comp>

<comp id="48" class="1001" name="const_48">
<pin_list>
<pin id="49" dir="1" index="0" bw="1" slack="0"/>
</pin_list>
<bind>
<StgValue><ssdm name=""/></StgValue>
</bind>
</comp>

<comp id="50" class="1001" name="const_50">
<pin_list>
<pin id="51" dir="1" index="0" bw="1" slack="0"/>
</pin_list>
<bind>
<StgValue><ssdm name="_ssdm_op_PartSelect.i6.i11.i32.i32"/></StgValue>
</bind>
</comp>

<comp id="52" class="1001" name="const_52">
<pin_list>
<pin id="53" dir="1" index="0" bw="1" slack="0"/>
</pin_list>
<bind>
<StgValue><ssdm name=""/></StgValue>
</bind>
</comp>

<comp id="54" class="1001" name="const_54">
<pin_list>
<pin id="55" dir="1" index="0" bw="1" slack="0"/>
</pin_list>
<bind>
<StgValue><ssdm name=""/></StgValue>
</bind>
</comp>

<comp id="56" class="1001" name="const_56">
<pin_list>
<pin id="57" dir="1" index="0" bw="1" slack="0"/>
</pin_list>
<bind>
<StgValue><ssdm name=""/></StgValue>
</bind>
</comp>

<comp id="58" class="1001" name="const_58">
<pin_list>
<pin id="59" dir="1" index="0" bw="1" slack="0"/>
</pin_list>
<bind>
<StgValue><ssdm name="_ssdm_op_BitConcatenate.i3.i1.i1.i1"/></StgValue>
</bind>
</comp>

<comp id="60" class="1001" name="const_60">
<pin_list>
<pin id="61" dir="1" index="0" bw="1" slack="0"/>
</pin_list>
<bind>
<StgValue><ssdm name="_ssdm_op_SparseMux.ap_auto.4i32.i32.i3"/></StgValue>
</bind>
</comp>

<comp id="62" class="1001" name="const_62">
<pin_list>
<pin id="63" dir="1" index="0" bw="1" slack="0"/>
</pin_list>
<bind>
<StgValue><ssdm name=""/></StgValue>
</bind>
</comp>

<comp id="64" class="1001" name="const_64">
<pin_list>
<pin id="65" dir="1" index="0" bw="1" slack="0"/>
</pin_list>
<bind>
<StgValue><ssdm name=""/></StgValue>
</bind>
</comp>

<comp id="66" class="1001" name="const_66">
<pin_list>
<pin id="67" dir="1" index="0" bw="1" slack="0"/>
</pin_list>
<bind>
<StgValue><ssdm name=""/></StgValue>
</bind>
</comp>

<comp id="68" class="1001" name="const_68">
<pin_list>
<pin id="69" dir="1" index="0" bw="1" slack="0"/>
</pin_list>
<bind>
<StgValue><ssdm name=""/></StgValue>
</bind>
</comp>

<comp id="70" class="1001" name="const_70">
<pin_list>
<pin id="71" dir="1" index="0" bw="1" slack="0"/>
</pin_list>
<bind>
<StgValue><ssdm name=""/></StgValue>
</bind>
</comp>

<comp id="72" class="1001" name="const_72">
<pin_list>
<pin id="73" dir="1" index="0" bw="1" slack="0"/>
</pin_list>
<bind>
<StgValue><ssdm name="_ssdm_op_PartSelect.i24.i32.i32.i32"/></StgValue>
</bind>
</comp>

<comp id="74" class="1001" name="const_74">
<pin_list>
<pin id="75" dir="1" index="0" bw="1" slack="0"/>
</pin_list>
<bind>
<StgValue><ssdm name=""/></StgValue>
</bind>
</comp>

<comp id="76" class="1001" name="const_76">
<pin_list>
<pin id="77" dir="1" index="0" bw="1" slack="0"/>
</pin_list>
<bind>
<StgValue><ssdm name=""/></StgValue>
</bind>
</comp>

<comp id="78" class="1001" name="const_78">
<pin_list>
<pin id="79" dir="1" index="0" bw="1" slack="0"/>
</pin_list>
<bind>
<StgValue><ssdm name="_ssdm_op_Read.ap_auto.i12"/></StgValue>
</bind>
</comp>

<comp id="80" class="1001" name="const_80">
<pin_list>
<pin id="81" dir="1" index="0" bw="1" slack="2147483647"/>
</pin_list>
<bind>
<StgValue><ssdm name="_ssdm_op_SpecStableContent"/></StgValue>
</bind>
</comp>

<comp id="82" class="1001" name="const_82">
<pin_list>
<pin id="83" dir="1" index="0" bw="1" slack="2147483647"/>
</pin_list>
<bind>
<StgValue><ssdm name="p_str"/></StgValue>
</bind>
</comp>

<comp id="84" class="1001" name="const_84">
<pin_list>
<pin id="85" dir="1" index="0" bw="1" slack="2147483647"/>
</pin_list>
<bind>
<StgValue><ssdm name="_ssdm_op_SpecInterface"/></StgValue>
</bind>
</comp>

<comp id="86" class="1001" name="const_86">
<pin_list>
<pin id="87" dir="1" index="0" bw="1" slack="2147483647"/>
</pin_list>
<bind>
<StgValue><ssdm name="empty_13"/></StgValue>
</bind>
</comp>

<comp id="88" class="1001" name="const_88">
<pin_list>
<pin id="89" dir="1" index="0" bw="1" slack="2147483647"/>
</pin_list>
<bind>
<StgValue><ssdm name="empty_25"/></StgValue>
</bind>
</comp>

<comp id="90" class="1001" name="const_90">
<pin_list>
<pin id="91" dir="1" index="0" bw="1" slack="0"/>
</pin_list>
<bind>
<StgValue><ssdm name="_ssdm_op_BitConcatenate.i34.i24.i10"/></StgValue>
</bind>
</comp>

<comp id="92" class="1001" name="const_92">
<pin_list>
<pin id="93" dir="1" index="0" bw="1" slack="0"/>
</pin_list>
<bind>
<StgValue><ssdm name=""/></StgValue>
</bind>
</comp>

<comp id="94" class="1001" name="const_94">
<pin_list>
<pin id="95" dir="1" index="0" bw="1" slack="0"/>
</pin_list>
<bind>
<StgValue><ssdm name="_ssdm_op_PartSelect.i19.i35.i32.i32"/></StgValue>
</bind>
</comp>

<comp id="96" class="1001" name="const_96">
<pin_list>
<pin id="97" dir="1" index="0" bw="1" slack="0"/>
</pin_list>
<bind>
<StgValue><ssdm name=""/></StgValue>
</bind>
</comp>

<comp id="98" class="1001" name="const_98">
<pin_list>
<pin id="99" dir="1" index="0" bw="1" slack="0"/>
</pin_list>
<bind>
<StgValue><ssdm name=""/></StgValue>
</bind>
</comp>

<comp id="100" class="1001" name="const_100">
<pin_list>
<pin id="101" dir="1" index="0" bw="1" slack="0"/>
</pin_list>
<bind>
<StgValue><ssdm name=""/></StgValue>
</bind>
</comp>

<comp id="102" class="1001" name="const_102">
<pin_list>
<pin id="103" dir="1" index="0" bw="1" slack="0"/>
</pin_list>
<bind>
<StgValue><ssdm name="AWBChannelGainKernel_Pipeline_Col_Loop"/></StgValue>
</bind>
</comp>

<comp id="104" class="1001" name="const_104">
<pin_list>
<pin id="105" dir="1" index="0" bw="1" slack="0"/>
</pin_list>
<bind>
<StgValue><ssdm name="AWBChannelGainKernel_Pipeline_VITIS_LOOP_216_3"/></StgValue>
</bind>
</comp>

<comp id="106" class="1001" name="const_106">
<pin_list>
<pin id="107" dir="1" index="0" bw="1" slack="2147483647"/>
</pin_list>
<bind>
<StgValue><ssdm name="_ssdm_op_SpecLoopTripCount"/></StgValue>
</bind>
</comp>

<comp id="108" class="1001" name="const_108">
<pin_list>
<pin id="109" dir="1" index="0" bw="1" slack="2147483647"/>
</pin_list>
<bind>
<StgValue><ssdm name=""/></StgValue>
</bind>
</comp>

<comp id="110" class="1001" name="const_110">
<pin_list>
<pin id="111" dir="1" index="0" bw="1" slack="2147483647"/>
</pin_list>
<bind>
<StgValue><ssdm name="_ssdm_op_SpecLoopName"/></StgValue>
</bind>
</comp>

<comp id="112" class="1001" name="const_112">
<pin_list>
<pin id="113" dir="1" index="0" bw="1" slack="2147483647"/>
</pin_list>
<bind>
<StgValue><ssdm name="empty_18"/></StgValue>
</bind>
</comp>

<comp id="114" class="1001" name="const_114">
<pin_list>
<pin id="115" dir="1" index="0" bw="1" slack="0"/>
</pin_list>
<bind>
<StgValue><ssdm name=""/></StgValue>
</bind>
</comp>

<comp id="116" class="1001" name="const_116">
<pin_list>
<pin id="117" dir="1" index="0" bw="1" slack="0"/>
</pin_list>
<bind>
<StgValue><ssdm name="_ssdm_op_SparseMux.ap_auto.3i10.i10.i2"/></StgValue>
</bind>
</comp>

<comp id="118" class="1001" name="const_118">
<pin_list>
<pin id="119" dir="1" index="0" bw="1" slack="0"/>
</pin_list>
<bind>
<StgValue><ssdm name=""/></StgValue>
</bind>
</comp>

<comp id="120" class="1001" name="const_120">
<pin_list>
<pin id="121" dir="1" index="0" bw="1" slack="0"/>
</pin_list>
<bind>
<StgValue><ssdm name=""/></StgValue>
</bind>
</comp>

<comp id="122" class="1001" name="const_122">
<pin_list>
<pin id="123" dir="1" index="0" bw="1" slack="0"/>
</pin_list>
<bind>
<StgValue><ssdm name=""/></StgValue>
</bind>
</comp>

<comp id="124" class="1001" name="const_124">
<pin_list>
<pin id="125" dir="1" index="0" bw="1" slack="0"/>
</pin_list>
<bind>
<StgValue><ssdm name="_ssdm_op_BitConcatenate.i78.i40.i38"/></StgValue>
</bind>
</comp>

<comp id="126" class="1001" name="const_126">
<pin_list>
<pin id="127" dir="1" index="0" bw="1" slack="0"/>
</pin_list>
<bind>
<StgValue><ssdm name=""/></StgValue>
</bind>
</comp>

<comp id="128" class="1001" name="const_128">
<pin_list>
<pin id="129" dir="1" index="0" bw="1" slack="0"/>
</pin_list>
<bind>
<StgValue><ssdm name=""/></StgValue>
</bind>
</comp>

<comp id="130" class="1001" name="const_130">
<pin_list>
<pin id="131" dir="1" index="0" bw="1" slack="0"/>
</pin_list>
<bind>
<StgValue><ssdm name="_ssdm_op_BitConcatenate.i56.i10.i46"/></StgValue>
</bind>
</comp>

<comp id="132" class="1001" name="const_132">
<pin_list>
<pin id="133" dir="1" index="0" bw="1" slack="0"/>
</pin_list>
<bind>
<StgValue><ssdm name=""/></StgValue>
</bind>
</comp>

<comp id="134" class="1001" name="const_134">
<pin_list>
<pin id="135" dir="1" index="0" bw="1" slack="0"/>
</pin_list>
<bind>
<StgValue><ssdm name=""/></StgValue>
</bind>
</comp>

<comp id="136" class="1001" name="const_136">
<pin_list>
<pin id="137" dir="1" index="0" bw="1" slack="0"/>
</pin_list>
<bind>
<StgValue><ssdm name="_ssdm_op_BitConcatenate.i102.i56.i46"/></StgValue>
</bind>
</comp>

<comp id="138" class="1001" name="const_138">
<pin_list>
<pin id="139" dir="1" index="0" bw="1" slack="0"/>
</pin_list>
<bind>
<StgValue><ssdm name="_ssdm_op_PartSelect.i20.i56.i32.i32"/></StgValue>
</bind>
</comp>

<comp id="140" class="1001" name="const_140">
<pin_list>
<pin id="141" dir="1" index="0" bw="1" slack="0"/>
</pin_list>
<bind>
<StgValue><ssdm name=""/></StgValue>
</bind>
</comp>

<comp id="142" class="1001" name="const_142">
<pin_list>
<pin id="143" dir="1" index="0" bw="1" slack="0"/>
</pin_list>
<bind>
<StgValue><ssdm name=""/></StgValue>
</bind>
</comp>

<comp id="144" class="1001" name="const_144">
<pin_list>
<pin id="145" dir="1" index="0" bw="1" slack="0"/>
</pin_list>
<bind>
<StgValue><ssdm name=""/></StgValue>
</bind>
</comp>

<comp id="146" class="1004" name="i_fu_146">
<pin_list>
<pin id="147" dir="0" index="0" bw="1" slack="0"/>
<pin id="148" dir="1" index="1" bw="12" slack="0"/>
</pin_list>
<bind>
<opcode="alloca(26) " fcode="alloca"/>
<opset="i/1 "/>
</bind>
</comp>

<comp id="150" class="1004" name="tmpsum_vals_2_fu_150">
<pin_list>
<pin id="151" dir="0" index="0" bw="1" slack="0"/>
<pin id="152" dir="1" index="1" bw="40" slack="0"/>
</pin_list>
<bind>
<opcode="alloca(26) " fcode="alloca"/>
<opset="tmpsum_vals_2/1 "/>
</bind>
</comp>

<comp id="154" class="1004" name="tmpsum_vals_1_fu_154">
<pin_list>
<pin id="155" dir="0" index="0" bw="1" slack="0"/>
<pin id="156" dir="1" index="1" bw="40" slack="0"/>
</pin_list>
<bind>
<opcode="alloca(26) " fcode="alloca"/>
<opset="tmpsum_vals_1/1 "/>
</bind>
</comp>

<comp id="158" class="1004" name="tmpsum_vals_fu_158">
<pin_list>
<pin id="159" dir="0" index="0" bw="1" slack="0"/>
<pin id="160" dir="1" index="1" bw="40" slack="0"/>
</pin_list>
<bind>
<opcode="alloca(26) " fcode="alloca"/>
<opset="tmpsum_vals/1 "/>
</bind>
</comp>

<comp id="162" class="1004" name="mux_case_02_loc_fu_162">
<pin_list>
<pin id="163" dir="0" index="0" bw="1" slack="0"/>
<pin id="164" dir="1" index="1" bw="40" slack="7"/>
</pin_list>
<bind>
<opcode="alloca(26) " fcode="alloca"/>
<opset="mux_case_02_loc/1 "/>
</bind>
</comp>

<comp id="166" class="1004" name="mux_case_14_loc_fu_166">
<pin_list>
<pin id="167" dir="0" index="0" bw="1" slack="0"/>
<pin id="168" dir="1" index="1" bw="40" slack="7"/>
</pin_list>
<bind>
<opcode="alloca(26) " fcode="alloca"/>
<opset="mux_case_14_loc/1 "/>
</bind>
</comp>

<comp id="170" class="1004" name="mux_case_26_loc_fu_170">
<pin_list>
<pin id="171" dir="0" index="0" bw="1" slack="0"/>
<pin id="172" dir="1" index="1" bw="40" slack="7"/>
</pin_list>
<bind>
<opcode="alloca(26) " fcode="alloca"/>
<opset="mux_case_26_loc/1 "/>
</bind>
</comp>

<comp id="174" class="1004" name="thresh_read_read_fu_174">
<pin_list>
<pin id="175" dir="0" index="0" bw="32" slack="0"/>
<pin id="176" dir="0" index="1" bw="32" slack="0"/>
<pin id="177" dir="1" index="2" bw="32" slack="0"/>
</pin_list>
<bind>
<opcode="read(1150) " fcode="read"/>
<opset="thresh_read/1 "/>
</bind>
</comp>

<comp id="180" class="1004" name="src1_cols_val_read_read_fu_180">
<pin_list>
<pin id="181" dir="0" index="0" bw="12" slack="0"/>
<pin id="182" dir="0" index="1" bw="12" slack="0"/>
<pin id="183" dir="1" index="2" bw="12" slack="1"/>
</pin_list>
<bind>
<opcode="read(1150) " fcode="read"/>
<opset="src1_cols_val_read/7 "/>
</bind>
</comp>

<comp id="186" class="1004" name="src1_rows_val_read_read_fu_186">
<pin_list>
<pin id="187" dir="0" index="0" bw="12" slack="0"/>
<pin id="188" dir="0" index="1" bw="12" slack="0"/>
<pin id="189" dir="1" index="2" bw="12" slack="1"/>
</pin_list>
<bind>
<opcode="read(1150) " fcode="read"/>
<opset="src1_rows_val_read/7 "/>
</bind>
</comp>

<comp id="192" class="1005" name="dinB1_reg_192">
<pin_list>
<pin id="193" dir="0" index="0" bw="56" slack="59"/>
<pin id="194" dir="1" index="1" bw="56" slack="59"/>
</pin_list>
<bind>
<opset="dinB1 (phireg) "/>
</bind>
</comp>

<comp id="196" class="1004" name="dinB1_phi_fu_196">
<pin_list>
<pin id="197" dir="0" index="0" bw="56" slack="0"/>
<pin id="198" dir="0" index="1" bw="0" slack="2147483647"/>
<pin id="199" dir="0" index="2" bw="1" slack="59"/>
<pin id="200" dir="0" index="3" bw="0" slack="2147483647"/>
<pin id="201" dir="1" index="4" bw="56" slack="118"/>
</pin_list>
<bind>
<opcode="phi(47) " fcode="phi"/>
<opset="dinB1/70 "/>
</bind>
</comp>

<comp id="204" class="1005" name="dinG1_reg_204">
<pin_list>
<pin id="205" dir="0" index="0" bw="56" slack="59"/>
<pin id="206" dir="1" index="1" bw="56" slack="59"/>
</pin_list>
<bind>
<opset="dinG1 (phireg) "/>
</bind>
</comp>

<comp id="208" class="1004" name="dinG1_phi_fu_208">
<pin_list>
<pin id="209" dir="0" index="0" bw="56" slack="0"/>
<pin id="210" dir="0" index="1" bw="0" slack="2147483647"/>
<pin id="211" dir="0" index="2" bw="1" slack="59"/>
<pin id="212" dir="0" index="3" bw="0" slack="2147483647"/>
<pin id="213" dir="1" index="4" bw="56" slack="59"/>
</pin_list>
<bind>
<opcode="phi(47) " fcode="phi"/>
<opset="dinG1/129 "/>
</bind>
</comp>

<comp id="216" class="1005" name="dinR1_reg_216">
<pin_list>
<pin id="217" dir="0" index="0" bw="56" slack="59"/>
<pin id="218" dir="1" index="1" bw="56" slack="59"/>
</pin_list>
<bind>
<opset="dinR1 (phireg) "/>
</bind>
</comp>

<comp id="220" class="1004" name="dinR1_phi_fu_220">
<pin_list>
<pin id="221" dir="0" index="0" bw="56" slack="0"/>
<pin id="222" dir="0" index="1" bw="0" slack="2147483647"/>
<pin id="223" dir="0" index="2" bw="1" slack="59"/>
<pin id="224" dir="0" index="3" bw="0" slack="2147483647"/>
<pin id="225" dir="1" index="4" bw="56" slack="0"/>
</pin_list>
<bind>
<opcode="phi(47) " fcode="phi"/>
<opset="dinR1/188 "/>
</bind>
</comp>

<comp id="228" class="1005" name="empty_reg_228">
<pin_list>
<pin id="229" dir="0" index="0" bw="56" slack="2147483647"/>
<pin id="230" dir="1" index="1" bw="56" slack="2147483647"/>
</pin_list>
<bind>
<opset="empty (phireg) "/>
</bind>
</comp>

<comp id="231" class="1004" name="empty_phi_fu_231">
<pin_list>
<pin id="232" dir="0" index="0" bw="56" slack="0"/>
<pin id="233" dir="0" index="1" bw="0" slack="2147483647"/>
<pin id="234" dir="0" index="2" bw="56" slack="105"/>
<pin id="235" dir="0" index="3" bw="0" slack="2147483647"/>
<pin id="236" dir="1" index="4" bw="56" slack="0"/>
</pin_list>
<bind>
<opcode="phi(47) " fcode="phi"/>
<opset="empty/293 "/>
</bind>
</comp>

<comp id="238" class="1005" name="empty_120_reg_238">
<pin_list>
<pin id="239" dir="0" index="0" bw="56" slack="2147483647"/>
<pin id="240" dir="1" index="1" bw="56" slack="2147483647"/>
</pin_list>
<bind>
<opset="empty_120 (phireg) "/>
</bind>
</comp>

<comp id="241" class="1004" name="empty_120_phi_fu_241">
<pin_list>
<pin id="242" dir="0" index="0" bw="56" slack="0"/>
<pin id="243" dir="0" index="1" bw="0" slack="2147483647"/>
<pin id="244" dir="0" index="2" bw="56" slack="164"/>
<pin id="245" dir="0" index="3" bw="0" slack="2147483647"/>
<pin id="246" dir="1" index="4" bw="56" slack="0"/>
</pin_list>
<bind>
<opcode="phi(47) " fcode="phi"/>
<opset="empty_120/293 "/>
</bind>
</comp>

<comp id="248" class="1005" name="empty_121_reg_248">
<pin_list>
<pin id="249" dir="0" index="0" bw="56" slack="2147483647"/>
<pin id="250" dir="1" index="1" bw="56" slack="2147483647"/>
</pin_list>
<bind>
<opset="empty_121 (phireg) "/>
</bind>
</comp>

<comp id="251" class="1004" name="empty_121_phi_fu_251">
<pin_list>
<pin id="252" dir="0" index="0" bw="56" slack="0"/>
<pin id="253" dir="0" index="1" bw="0" slack="2147483647"/>
<pin id="254" dir="0" index="2" bw="56" slack="223"/>
<pin id="255" dir="0" index="3" bw="0" slack="2147483647"/>
<pin id="256" dir="1" index="4" bw="56" slack="0"/>
</pin_list>
<bind>
<opcode="phi(47) " fcode="phi"/>
<opset="empty_121/293 "/>
</bind>
</comp>

<comp id="258" class="1004" name="grp_AWBChannelGainKernel_Pipeline_Col_Loop_fu_258">
<pin_list>
<pin id="259" dir="0" index="0" bw="0" slack="0"/>
<pin id="260" dir="0" index="1" bw="12" slack="1"/>
<pin id="261" dir="0" index="2" bw="30" slack="0"/>
<pin id="262" dir="0" index="3" bw="30" slack="0"/>
<pin id="263" dir="0" index="4" bw="19" slack="1"/>
<pin id="264" dir="0" index="5" bw="40" slack="7"/>
<pin id="265" dir="0" index="6" bw="40" slack="7"/>
<pin id="266" dir="0" index="7" bw="40" slack="7"/>
<pin id="267" dir="1" index="8" bw="0" slack="2147483647"/>
</pin_list>
<bind>
<opcode="call(48) " fcode="call"/>
<opset="call_ln148/8 "/>
</bind>
</comp>

<comp id="271" class="1004" name="grp_AWBChannelGainKernel_Pipeline_VITIS_LOOP_216_3_fu_271">
<pin_list>
<pin id="272" dir="0" index="0" bw="0" slack="0"/>
<pin id="273" dir="0" index="1" bw="40" slack="0"/>
<pin id="274" dir="0" index="2" bw="40" slack="0"/>
<pin id="275" dir="0" index="3" bw="40" slack="0"/>
<pin id="276" dir="0" index="4" bw="40" slack="7"/>
<pin id="277" dir="0" index="5" bw="40" slack="7"/>
<pin id="278" dir="0" index="6" bw="40" slack="7"/>
<pin id="279" dir="1" index="7" bw="0" slack="2147483647"/>
</pin_list>
<bind>
<opcode="call(48) " fcode="call"/>
<opset="call_ln0/8 "/>
</bind>
</comp>

<comp id="281" class="1004" name="grp_fu_281">
<pin_list>
<pin id="282" dir="0" index="0" bw="32" slack="0"/>
<pin id="283" dir="1" index="1" bw="32" slack="1"/>
</pin_list>
<bind>
<opcode="sitofp(39) " fcode="sitofp"/>
<opset="conv/1 "/>
</bind>
</comp>

<comp id="285" class="1004" name="grp_fu_285">
<pin_list>
<pin id="286" dir="0" index="0" bw="32" slack="1"/>
<pin id="287" dir="1" index="1" bw="64" slack="0"/>
</pin_list>
<bind>
<opcode="fpext(41) " fcode="fpext"/>
<opset="pf/5 "/>
</bind>
</comp>

<comp id="288" class="1004" name="store_ln152_store_fu_288">
<pin_list>
<pin id="289" dir="0" index="0" bw="1" slack="0"/>
<pin id="290" dir="0" index="1" bw="40" slack="0"/>
<pin id="291" dir="1" index="2" bw="0" slack="2147483647"/>
</pin_list>
<bind>
<opcode="store(28) " fcode="store"/>
<opset="store_ln152/1 "/>
</bind>
</comp>

<comp id="293" class="1004" name="store_ln152_store_fu_293">
<pin_list>
<pin id="294" dir="0" index="0" bw="1" slack="0"/>
<pin id="295" dir="0" index="1" bw="40" slack="0"/>
<pin id="296" dir="1" index="2" bw="0" slack="2147483647"/>
</pin_list>
<bind>
<opcode="store(28) " fcode="store"/>
<opset="store_ln152/1 "/>
</bind>
</comp>

<comp id="298" class="1004" name="store_ln152_store_fu_298">
<pin_list>
<pin id="299" dir="0" index="0" bw="1" slack="0"/>
<pin id="300" dir="0" index="1" bw="40" slack="0"/>
<pin id="301" dir="1" index="2" bw="0" slack="2147483647"/>
</pin_list>
<bind>
<opcode="store(28) " fcode="store"/>
<opset="store_ln152/1 "/>
</bind>
</comp>

<comp id="303" class="1004" name="store_ln135_store_fu_303">
<pin_list>
<pin id="304" dir="0" index="0" bw="1" slack="0"/>
<pin id="305" dir="0" index="1" bw="12" slack="0"/>
<pin id="306" dir="1" index="2" bw="0" slack="2147483647"/>
</pin_list>
<bind>
<opcode="store(28) " fcode="store"/>
<opset="store_ln135/1 "/>
</bind>
</comp>

<comp id="308" class="1004" name="bitcast_ln726_fu_308">
<pin_list>
<pin id="309" dir="0" index="0" bw="64" slack="0"/>
<pin id="310" dir="1" index="1" bw="64" slack="0"/>
</pin_list>
<bind>
<opcode="bitcast(44) " fcode="bitcast"/>
<opset="bitcast_ln726/6 "/>
</bind>
</comp>

<comp id="312" class="1004" name="trunc_ln145_fu_312">
<pin_list>
<pin id="313" dir="0" index="0" bw="64" slack="0"/>
<pin id="314" dir="1" index="1" bw="63" slack="0"/>
</pin_list>
<bind>
<opcode="trunc(33) " fcode="trunc"/>
<opset="trunc_ln145/6 "/>
</bind>
</comp>

<comp id="316" class="1004" name="tmp_fu_316">
<pin_list>
<pin id="317" dir="0" index="0" bw="1" slack="0"/>
<pin id="318" dir="0" index="1" bw="64" slack="0"/>
<pin id="319" dir="0" index="2" bw="7" slack="0"/>
<pin id="320" dir="1" index="3" bw="1" slack="0"/>
</pin_list>
<bind>
<opcode="bitselect(1000) " fcode="bitselect"/>
<opset="tmp/6 "/>
</bind>
</comp>

<comp id="324" class="1004" name="tmp_1_fu_324">
<pin_list>
<pin id="325" dir="0" index="0" bw="11" slack="0"/>
<pin id="326" dir="0" index="1" bw="64" slack="0"/>
<pin id="327" dir="0" index="2" bw="7" slack="0"/>
<pin id="328" dir="1" index="3" bw="11" slack="0"/>
</pin_list>
<bind>
<opcode="partselect(1002) " fcode="partselect"/>
<opset="tmp_1/6 "/>
</bind>
</comp>

<comp id="332" class="1004" name="zext_ln145_fu_332">
<pin_list>
<pin id="333" dir="0" index="0" bw="11" slack="0"/>
<pin id="334" dir="1" index="1" bw="12" slack="0"/>
</pin_list>
<bind>
<opcode="zext(34) " fcode="zext"/>
<opset="zext_ln145/6 "/>
</bind>
</comp>

<comp id="336" class="1004" name="trunc_ln145_1_fu_336">
<pin_list>
<pin id="337" dir="0" index="0" bw="64" slack="0"/>
<pin id="338" dir="1" index="1" bw="52" slack="0"/>
</pin_list>
<bind>
<opcode="trunc(33) " fcode="trunc"/>
<opset="trunc_ln145_1/6 "/>
</bind>
</comp>

<comp id="340" class="1004" name="zext_ln145_1_cast_fu_340">
<pin_list>
<pin id="341" dir="0" index="0" bw="53" slack="0"/>
<pin id="342" dir="0" index="1" bw="1" slack="0"/>
<pin id="343" dir="0" index="2" bw="52" slack="0"/>
<pin id="344" dir="1" index="3" bw="53" slack="0"/>
</pin_list>
<bind>
<opcode="bitconcatenate(1004) " fcode="bitconcatenate"/>
<opset="zext_ln145_1_cast/6 "/>
</bind>
</comp>

<comp id="348" class="1004" name="zext_ln145_1_fu_348">
<pin_list>
<pin id="349" dir="0" index="0" bw="53" slack="0"/>
<pin id="350" dir="1" index="1" bw="54" slack="0"/>
</pin_list>
<bind>
<opcode="zext(34) " fcode="zext"/>
<opset="zext_ln145_1/6 "/>
</bind>
</comp>

<comp id="352" class="1004" name="sub_ln145_fu_352">
<pin_list>
<pin id="353" dir="0" index="0" bw="1" slack="0"/>
<pin id="354" dir="0" index="1" bw="53" slack="0"/>
<pin id="355" dir="1" index="2" bw="54" slack="0"/>
</pin_list>
<bind>
<opcode="sub(10) " fcode="sub"/>
<opset="sub_ln145/6 "/>
</bind>
</comp>

<comp id="358" class="1004" name="select_ln145_fu_358">
<pin_list>
<pin id="359" dir="0" index="0" bw="1" slack="0"/>
<pin id="360" dir="0" index="1" bw="54" slack="0"/>
<pin id="361" dir="0" index="2" bw="53" slack="0"/>
<pin id="362" dir="1" index="3" bw="54" slack="0"/>
</pin_list>
<bind>
<opcode="select(49) " fcode="select"/>
<opset="select_ln145/6 "/>
</bind>
</comp>

<comp id="366" class="1004" name="icmp_ln145_fu_366">
<pin_list>
<pin id="367" dir="0" index="0" bw="63" slack="0"/>
<pin id="368" dir="0" index="1" bw="1" slack="0"/>
<pin id="369" dir="1" index="2" bw="1" slack="0"/>
</pin_list>
<bind>
<opcode="icmp(45) " fcode="icmp"/>
<opset="icmp_ln145/6 "/>
</bind>
</comp>

<comp id="372" class="1004" name="sub_ln145_1_fu_372">
<pin_list>
<pin id="373" dir="0" index="0" bw="12" slack="0"/>
<pin id="374" dir="0" index="1" bw="11" slack="0"/>
<pin id="375" dir="1" index="2" bw="12" slack="0"/>
</pin_list>
<bind>
<opcode="sub(10) " fcode="sub"/>
<opset="sub_ln145_1/6 "/>
</bind>
</comp>

<comp id="378" class="1004" name="trunc_ln145_2_fu_378">
<pin_list>
<pin id="379" dir="0" index="0" bw="12" slack="0"/>
<pin id="380" dir="1" index="1" bw="11" slack="0"/>
</pin_list>
<bind>
<opcode="trunc(33) " fcode="trunc"/>
<opset="trunc_ln145_2/6 "/>
</bind>
</comp>

<comp id="382" class="1004" name="icmp_ln145_1_fu_382">
<pin_list>
<pin id="383" dir="0" index="0" bw="12" slack="0"/>
<pin id="384" dir="0" index="1" bw="6" slack="0"/>
<pin id="385" dir="1" index="2" bw="1" slack="0"/>
</pin_list>
<bind>
<opcode="icmp(45) " fcode="icmp"/>
<opset="icmp_ln145_1/6 "/>
</bind>
</comp>

<comp id="388" class="1004" name="add_ln145_fu_388">
<pin_list>
<pin id="389" dir="0" index="0" bw="11" slack="0"/>
<pin id="390" dir="0" index="1" bw="5" slack="0"/>
<pin id="391" dir="1" index="2" bw="11" slack="0"/>
</pin_list>
<bind>
<opcode="add(8) " fcode="add"/>
<opset="add_ln145/6 "/>
</bind>
</comp>

<comp id="394" class="1004" name="sub_ln145_2_fu_394">
<pin_list>
<pin id="395" dir="0" index="0" bw="6" slack="0"/>
<pin id="396" dir="0" index="1" bw="11" slack="0"/>
<pin id="397" dir="1" index="2" bw="11" slack="0"/>
</pin_list>
<bind>
<opcode="sub(10) " fcode="sub"/>
<opset="sub_ln145_2/6 "/>
</bind>
</comp>

<comp id="400" class="1004" name="select_ln145_1_fu_400">
<pin_list>
<pin id="401" dir="0" index="0" bw="1" slack="0"/>
<pin id="402" dir="0" index="1" bw="11" slack="0"/>
<pin id="403" dir="0" index="2" bw="11" slack="0"/>
<pin id="404" dir="1" index="3" bw="11" slack="0"/>
</pin_list>
<bind>
<opcode="select(49) " fcode="select"/>
<opset="select_ln145_1/6 "/>
</bind>
</comp>

<comp id="408" class="1004" name="zext_ln145_3_fu_408">
<pin_list>
<pin id="409" dir="0" index="0" bw="11" slack="0"/>
<pin id="410" dir="1" index="1" bw="32" slack="0"/>
</pin_list>
<bind>
<opcode="zext(34) " fcode="zext"/>
<opset="zext_ln145_3/6 "/>
</bind>
</comp>

<comp id="412" class="1004" name="icmp_ln145_2_fu_412">
<pin_list>
<pin id="413" dir="0" index="0" bw="12" slack="0"/>
<pin id="414" dir="0" index="1" bw="6" slack="0"/>
<pin id="415" dir="1" index="2" bw="1" slack="0"/>
</pin_list>
<bind>
<opcode="icmp(45) " fcode="icmp"/>
<opset="icmp_ln145_2/6 "/>
</bind>
</comp>

<comp id="418" class="1004" name="trunc_ln145_3_fu_418">
<pin_list>
<pin id="419" dir="0" index="0" bw="54" slack="0"/>
<pin id="420" dir="1" index="1" bw="32" slack="0"/>
</pin_list>
<bind>
<opcode="trunc(33) " fcode="trunc"/>
<opset="trunc_ln145_3/6 "/>
</bind>
</comp>

<comp id="422" class="1004" name="icmp_ln145_3_fu_422">
<pin_list>
<pin id="423" dir="0" index="0" bw="11" slack="0"/>
<pin id="424" dir="0" index="1" bw="7" slack="0"/>
<pin id="425" dir="1" index="2" bw="1" slack="0"/>
</pin_list>
<bind>
<opcode="icmp(45) " fcode="icmp"/>
<opset="icmp_ln145_3/6 "/>
</bind>
</comp>

<comp id="428" class="1004" name="select_ln145_4_fu_428">
<pin_list>
<pin id="429" dir="0" index="0" bw="1" slack="0"/>
<pin id="430" dir="0" index="1" bw="1" slack="0"/>
<pin id="431" dir="0" index="2" bw="1" slack="0"/>
<pin id="432" dir="1" index="3" bw="32" slack="0"/>
</pin_list>
<bind>
<opcode="select(49) " fcode="select"/>
<opset="select_ln145_4/6 "/>
</bind>
</comp>

<comp id="436" class="1004" name="zext_ln145_2_fu_436">
<pin_list>
<pin id="437" dir="0" index="0" bw="11" slack="0"/>
<pin id="438" dir="1" index="1" bw="54" slack="0"/>
</pin_list>
<bind>
<opcode="zext(34) " fcode="zext"/>
<opset="zext_ln145_2/6 "/>
</bind>
</comp>

<comp id="440" class="1004" name="ashr_ln145_fu_440">
<pin_list>
<pin id="441" dir="0" index="0" bw="54" slack="0"/>
<pin id="442" dir="0" index="1" bw="11" slack="0"/>
<pin id="443" dir="1" index="2" bw="54" slack="0"/>
</pin_list>
<bind>
<opcode="ashr(22) " fcode="ashr"/>
<opset="ashr_ln145/6 "/>
</bind>
</comp>

<comp id="446" class="1004" name="trunc_ln145_4_fu_446">
<pin_list>
<pin id="447" dir="0" index="0" bw="54" slack="0"/>
<pin id="448" dir="1" index="1" bw="32" slack="0"/>
</pin_list>
<bind>
<opcode="trunc(33) " fcode="trunc"/>
<opset="trunc_ln145_4/6 "/>
</bind>
</comp>

<comp id="450" class="1004" name="select_ln145_2_fu_450">
<pin_list>
<pin id="451" dir="0" index="0" bw="1" slack="0"/>
<pin id="452" dir="0" index="1" bw="32" slack="0"/>
<pin id="453" dir="0" index="2" bw="32" slack="0"/>
<pin id="454" dir="1" index="3" bw="32" slack="0"/>
</pin_list>
<bind>
<opcode="select(49) " fcode="select"/>
<opset="select_ln145_2/6 "/>
</bind>
</comp>

<comp id="458" class="1004" name="tmp_3_fu_458">
<pin_list>
<pin id="459" dir="0" index="0" bw="6" slack="0"/>
<pin id="460" dir="0" index="1" bw="11" slack="0"/>
<pin id="461" dir="0" index="2" bw="4" slack="0"/>
<pin id="462" dir="0" index="3" bw="5" slack="0"/>
<pin id="463" dir="1" index="4" bw="6" slack="0"/>
</pin_list>
<bind>
<opcode="partselect(1002) " fcode="partselect"/>
<opset="tmp_3/6 "/>
</bind>
</comp>

<comp id="468" class="1004" name="icmp_ln145_4_fu_468">
<pin_list>
<pin id="469" dir="0" index="0" bw="6" slack="0"/>
<pin id="470" dir="0" index="1" bw="1" slack="0"/>
<pin id="471" dir="1" index="2" bw="1" slack="0"/>
</pin_list>
<bind>
<opcode="icmp(45) " fcode="icmp"/>
<opset="icmp_ln145_4/6 "/>
</bind>
</comp>

<comp id="474" class="1004" name="shl_ln145_fu_474">
<pin_list>
<pin id="475" dir="0" index="0" bw="32" slack="0"/>
<pin id="476" dir="0" index="1" bw="11" slack="0"/>
<pin id="477" dir="1" index="2" bw="32" slack="0"/>
</pin_list>
<bind>
<opcode="shl(20) " fcode="shl"/>
<opset="shl_ln145/6 "/>
</bind>
</comp>

<comp id="480" class="1004" name="select_ln145_3_fu_480">
<pin_list>
<pin id="481" dir="0" index="0" bw="1" slack="0"/>
<pin id="482" dir="0" index="1" bw="32" slack="0"/>
<pin id="483" dir="0" index="2" bw="1" slack="0"/>
<pin id="484" dir="1" index="3" bw="32" slack="0"/>
</pin_list>
<bind>
<opcode="select(49) " fcode="select"/>
<opset="select_ln145_3/6 "/>
</bind>
</comp>

<comp id="488" class="1004" name="xor_ln145_fu_488">
<pin_list>
<pin id="489" dir="0" index="0" bw="1" slack="0"/>
<pin id="490" dir="0" index="1" bw="1" slack="0"/>
<pin id="491" dir="1" index="2" bw="1" slack="0"/>
</pin_list>
<bind>
<opcode="xor(25) " fcode="xor"/>
<opset="xor_ln145/6 "/>
</bind>
</comp>

<comp id="494" class="1004" name="and_ln145_fu_494">
<pin_list>
<pin id="495" dir="0" index="0" bw="1" slack="0"/>
<pin id="496" dir="0" index="1" bw="1" slack="0"/>
<pin id="497" dir="1" index="2" bw="1" slack="0"/>
</pin_list>
<bind>
<opcode="and(23) " fcode="and"/>
<opset="and_ln145/6 "/>
</bind>
</comp>

<comp id="500" class="1004" name="or_ln145_fu_500">
<pin_list>
<pin id="501" dir="0" index="0" bw="1" slack="0"/>
<pin id="502" dir="0" index="1" bw="1" slack="0"/>
<pin id="503" dir="1" index="2" bw="1" slack="0"/>
</pin_list>
<bind>
<opcode="or(24) " fcode="or"/>
<opset="or_ln145/6 "/>
</bind>
</comp>

<comp id="506" class="1004" name="xor_ln145_1_fu_506">
<pin_list>
<pin id="507" dir="0" index="0" bw="1" slack="0"/>
<pin id="508" dir="0" index="1" bw="1" slack="0"/>
<pin id="509" dir="1" index="2" bw="1" slack="0"/>
</pin_list>
<bind>
<opcode="xor(25) " fcode="xor"/>
<opset="xor_ln145_1/6 "/>
</bind>
</comp>

<comp id="512" class="1004" name="and_ln145_1_fu_512">
<pin_list>
<pin id="513" dir="0" index="0" bw="1" slack="0"/>
<pin id="514" dir="0" index="1" bw="1" slack="0"/>
<pin id="515" dir="1" index="2" bw="1" slack="0"/>
</pin_list>
<bind>
<opcode="and(23) " fcode="and"/>
<opset="and_ln145_1/6 "/>
</bind>
</comp>

<comp id="518" class="1004" name="sel_tmp6_fu_518">
<pin_list>
<pin id="519" dir="0" index="0" bw="3" slack="0"/>
<pin id="520" dir="0" index="1" bw="1" slack="0"/>
<pin id="521" dir="0" index="2" bw="1" slack="0"/>
<pin id="522" dir="0" index="3" bw="1" slack="0"/>
<pin id="523" dir="1" index="4" bw="3" slack="0"/>
</pin_list>
<bind>
<opcode="bitconcatenate(1004) " fcode="bitconcatenate"/>
<opset="sel_tmp6/6 "/>
</bind>
</comp>

<comp id="528" class="1004" name="thresh_float_fu_528">
<pin_list>
<pin id="529" dir="0" index="0" bw="32" slack="0"/>
<pin id="530" dir="0" index="1" bw="3" slack="0"/>
<pin id="531" dir="0" index="2" bw="32" slack="0"/>
<pin id="532" dir="0" index="3" bw="3" slack="0"/>
<pin id="533" dir="0" index="4" bw="32" slack="0"/>
<pin id="534" dir="0" index="5" bw="3" slack="0"/>
<pin id="535" dir="0" index="6" bw="32" slack="0"/>
<pin id="536" dir="0" index="7" bw="3" slack="0"/>
<pin id="537" dir="0" index="8" bw="32" slack="0"/>
<pin id="538" dir="0" index="9" bw="32" slack="0"/>
<pin id="539" dir="0" index="10" bw="3" slack="0"/>
<pin id="540" dir="1" index="11" bw="32" slack="0"/>
</pin_list>
<bind>
<opcode="sparsemux(1197) " fcode="sparsemux"/>
<opset="thresh_float/6 "/>
</bind>
</comp>

<comp id="552" class="1004" name="trunc_ln1_fu_552">
<pin_list>
<pin id="553" dir="0" index="0" bw="24" slack="0"/>
<pin id="554" dir="0" index="1" bw="32" slack="0"/>
<pin id="555" dir="0" index="2" bw="5" slack="0"/>
<pin id="556" dir="0" index="3" bw="6" slack="0"/>
<pin id="557" dir="1" index="4" bw="24" slack="1"/>
</pin_list>
<bind>
<opcode="partselect(1002) " fcode="partselect"/>
<opset="trunc_ln1/6 "/>
</bind>
</comp>

<comp id="562" class="1004" name="sext_ln148_fu_562">
<pin_list>
<pin id="563" dir="0" index="0" bw="24" slack="1"/>
<pin id="564" dir="1" index="1" bw="35" slack="0"/>
</pin_list>
<bind>
<opcode="sext(35) " fcode="sext"/>
<opset="sext_ln148/7 "/>
</bind>
</comp>

<comp id="565" class="1004" name="tmp_4_fu_565">
<pin_list>
<pin id="566" dir="0" index="0" bw="34" slack="0"/>
<pin id="567" dir="0" index="1" bw="24" slack="1"/>
<pin id="568" dir="0" index="2" bw="1" slack="0"/>
<pin id="569" dir="1" index="3" bw="34" slack="0"/>
</pin_list>
<bind>
<opcode="bitconcatenate(1004) " fcode="bitconcatenate"/>
<opset="tmp_4/7 "/>
</bind>
</comp>

<comp id="572" class="1004" name="sext_ln148_1_fu_572">
<pin_list>
<pin id="573" dir="0" index="0" bw="34" slack="0"/>
<pin id="574" dir="1" index="1" bw="35" slack="0"/>
</pin_list>
<bind>
<opcode="sext(35) " fcode="sext"/>
<opset="sext_ln148_1/7 "/>
</bind>
</comp>

<comp id="576" class="1004" name="sub_ln148_fu_576">
<pin_list>
<pin id="577" dir="0" index="0" bw="34" slack="0"/>
<pin id="578" dir="0" index="1" bw="24" slack="0"/>
<pin id="579" dir="1" index="2" bw="35" slack="0"/>
</pin_list>
<bind>
<opcode="sub(10) " fcode="sub"/>
<opset="sub_ln148/7 "/>
</bind>
</comp>

<comp id="582" class="1004" name="trunc_ln2_fu_582">
<pin_list>
<pin id="583" dir="0" index="0" bw="19" slack="0"/>
<pin id="584" dir="0" index="1" bw="35" slack="0"/>
<pin id="585" dir="0" index="2" bw="6" slack="0"/>
<pin id="586" dir="0" index="3" bw="7" slack="0"/>
<pin id="587" dir="1" index="4" bw="19" slack="1"/>
</pin_list>
<bind>
<opcode="partselect(1002) " fcode="partselect"/>
<opset="trunc_ln2/7 "/>
</bind>
</comp>

<comp id="592" class="1004" name="i_7_load_fu_592">
<pin_list>
<pin id="593" dir="0" index="0" bw="12" slack="7"/>
<pin id="594" dir="1" index="1" bw="12" slack="0"/>
</pin_list>
<bind>
<opcode="load(27) " fcode="load"/>
<opset="i_7/8 "/>
</bind>
</comp>

<comp id="595" class="1004" name="icmp_ln176_fu_595">
<pin_list>
<pin id="596" dir="0" index="0" bw="12" slack="0"/>
<pin id="597" dir="0" index="1" bw="12" slack="1"/>
<pin id="598" dir="1" index="2" bw="1" slack="2147483647"/>
</pin_list>
<bind>
<opcode="icmp(45) " fcode="icmp"/>
<opset="icmp_ln176/8 "/>
</bind>
</comp>

<comp id="600" class="1004" name="i_8_fu_600">
<pin_list>
<pin id="601" dir="0" index="0" bw="12" slack="0"/>
<pin id="602" dir="0" index="1" bw="1" slack="0"/>
<pin id="603" dir="1" index="2" bw="12" slack="0"/>
</pin_list>
<bind>
<opcode="add(8) " fcode="add"/>
<opset="i_8/8 "/>
</bind>
</comp>

<comp id="606" class="1004" name="store_ln135_store_fu_606">
<pin_list>
<pin id="607" dir="0" index="0" bw="12" slack="0"/>
<pin id="608" dir="0" index="1" bw="12" slack="7"/>
<pin id="609" dir="1" index="2" bw="0" slack="2147483647"/>
</pin_list>
<bind>
<opcode="store(28) " fcode="store"/>
<opset="store_ln135/8 "/>
</bind>
</comp>

<comp id="611" class="1004" name="tmpsum_vals_2_load_load_fu_611">
<pin_list>
<pin id="612" dir="0" index="0" bw="40" slack="7"/>
<pin id="613" dir="1" index="1" bw="40" slack="0"/>
</pin_list>
<bind>
<opcode="load(27) " fcode="load"/>
<opset="tmpsum_vals_2_load/8 "/>
</bind>
</comp>

<comp id="615" class="1004" name="tmpsum_vals_1_load_load_fu_615">
<pin_list>
<pin id="616" dir="0" index="0" bw="40" slack="7"/>
<pin id="617" dir="1" index="1" bw="40" slack="0"/>
</pin_list>
<bind>
<opcode="load(27) " fcode="load"/>
<opset="tmpsum_vals_1_load/8 "/>
</bind>
</comp>

<comp id="619" class="1004" name="tmpsum_vals_load_load_fu_619">
<pin_list>
<pin id="620" dir="0" index="0" bw="40" slack="7"/>
<pin id="621" dir="1" index="1" bw="40" slack="0"/>
</pin_list>
<bind>
<opcode="load(27) " fcode="load"/>
<opset="tmpsum_vals_load/8 "/>
</bind>
</comp>

<comp id="623" class="1004" name="mux_case_26_loc_load_load_fu_623">
<pin_list>
<pin id="624" dir="0" index="0" bw="40" slack="9"/>
<pin id="625" dir="1" index="1" bw="40" slack="0"/>
</pin_list>
<bind>
<opcode="load(27) " fcode="load"/>
<opset="mux_case_26_loc_load/11 "/>
</bind>
</comp>

<comp id="626" class="1004" name="mux_case_14_loc_load_load_fu_626">
<pin_list>
<pin id="627" dir="0" index="0" bw="40" slack="9"/>
<pin id="628" dir="1" index="1" bw="40" slack="0"/>
</pin_list>
<bind>
<opcode="load(27) " fcode="load"/>
<opset="mux_case_14_loc_load/11 "/>
</bind>
</comp>

<comp id="629" class="1004" name="mux_case_02_loc_load_load_fu_629">
<pin_list>
<pin id="630" dir="0" index="0" bw="40" slack="9"/>
<pin id="631" dir="1" index="1" bw="40" slack="0"/>
</pin_list>
<bind>
<opcode="load(27) " fcode="load"/>
<opset="mux_case_02_loc_load/11 "/>
</bind>
</comp>

<comp id="632" class="1004" name="trunc_ln216_fu_632">
<pin_list>
<pin id="633" dir="0" index="0" bw="40" slack="0"/>
<pin id="634" dir="1" index="1" bw="10" slack="0"/>
</pin_list>
<bind>
<opcode="trunc(33) " fcode="trunc"/>
<opset="trunc_ln216/11 "/>
</bind>
</comp>

<comp id="636" class="1004" name="trunc_ln216_1_fu_636">
<pin_list>
<pin id="637" dir="0" index="0" bw="40" slack="0"/>
<pin id="638" dir="1" index="1" bw="10" slack="0"/>
</pin_list>
<bind>
<opcode="trunc(33) " fcode="trunc"/>
<opset="trunc_ln216_1/11 "/>
</bind>
</comp>

<comp id="640" class="1004" name="trunc_ln216_2_fu_640">
<pin_list>
<pin id="641" dir="0" index="0" bw="40" slack="0"/>
<pin id="642" dir="1" index="1" bw="10" slack="0"/>
</pin_list>
<bind>
<opcode="trunc(33) " fcode="trunc"/>
<opset="trunc_ln216_2/11 "/>
</bind>
</comp>

<comp id="644" class="1004" name="icmp_ln225_fu_644">
<pin_list>
<pin id="645" dir="0" index="0" bw="40" slack="0"/>
<pin id="646" dir="0" index="1" bw="40" slack="0"/>
<pin id="647" dir="1" index="2" bw="1" slack="0"/>
</pin_list>
<bind>
<opcode="icmp(45) " fcode="icmp"/>
<opset="icmp_ln225/11 "/>
</bind>
</comp>

<comp id="650" class="1004" name="select_ln225_fu_650">
<pin_list>
<pin id="651" dir="0" index="0" bw="1" slack="0"/>
<pin id="652" dir="0" index="1" bw="40" slack="0"/>
<pin id="653" dir="0" index="2" bw="40" slack="0"/>
<pin id="654" dir="1" index="3" bw="40" slack="0"/>
</pin_list>
<bind>
<opcode="select(49) " fcode="select"/>
<opset="select_ln225/11 "/>
</bind>
</comp>

<comp id="658" class="1004" name="icmp_ln225_1_fu_658">
<pin_list>
<pin id="659" dir="0" index="0" bw="40" slack="0"/>
<pin id="660" dir="0" index="1" bw="40" slack="0"/>
<pin id="661" dir="1" index="2" bw="1" slack="0"/>
</pin_list>
<bind>
<opcode="icmp(45) " fcode="icmp"/>
<opset="icmp_ln225_1/11 "/>
</bind>
</comp>

<comp id="664" class="1004" name="xor_ln225_fu_664">
<pin_list>
<pin id="665" dir="0" index="0" bw="1" slack="0"/>
<pin id="666" dir="0" index="1" bw="1" slack="0"/>
<pin id="667" dir="1" index="2" bw="1" slack="0"/>
</pin_list>
<bind>
<opcode="xor(25) " fcode="xor"/>
<opset="xor_ln225/11 "/>
</bind>
</comp>

<comp id="670" class="1004" name="zext_ln225_fu_670">
<pin_list>
<pin id="671" dir="0" index="0" bw="1" slack="0"/>
<pin id="672" dir="1" index="1" bw="2" slack="0"/>
</pin_list>
<bind>
<opcode="zext(34) " fcode="zext"/>
<opset="zext_ln225/11 "/>
</bind>
</comp>

<comp id="674" class="1004" name="or_ln225_fu_674">
<pin_list>
<pin id="675" dir="0" index="0" bw="1" slack="0"/>
<pin id="676" dir="0" index="1" bw="1" slack="0"/>
<pin id="677" dir="1" index="2" bw="1" slack="0"/>
</pin_list>
<bind>
<opcode="or(24) " fcode="or"/>
<opset="or_ln225/11 "/>
</bind>
</comp>

<comp id="680" class="1004" name="select_ln225_1_fu_680">
<pin_list>
<pin id="681" dir="0" index="0" bw="1" slack="0"/>
<pin id="682" dir="0" index="1" bw="1" slack="0"/>
<pin id="683" dir="0" index="2" bw="2" slack="0"/>
<pin id="684" dir="1" index="3" bw="2" slack="0"/>
</pin_list>
<bind>
<opcode="select(49) " fcode="select"/>
<opset="select_ln225_1/11 "/>
</bind>
</comp>

<comp id="688" class="1004" name="max_sum_fixed_fu_688">
<pin_list>
<pin id="689" dir="0" index="0" bw="10" slack="0"/>
<pin id="690" dir="0" index="1" bw="2" slack="0"/>
<pin id="691" dir="0" index="2" bw="10" slack="0"/>
<pin id="692" dir="0" index="3" bw="2" slack="0"/>
<pin id="693" dir="0" index="4" bw="10" slack="0"/>
<pin id="694" dir="0" index="5" bw="2" slack="0"/>
<pin id="695" dir="0" index="6" bw="10" slack="0"/>
<pin id="696" dir="0" index="7" bw="10" slack="0"/>
<pin id="697" dir="0" index="8" bw="2" slack="0"/>
<pin id="698" dir="1" index="9" bw="10" slack="0"/>
</pin_list>
<bind>
<opcode="sparsemux(1197) " fcode="sparsemux"/>
<opset="max_sum_fixed/11 "/>
</bind>
</comp>

<comp id="708" class="1004" name="shl_ln_fu_708">
<pin_list>
<pin id="709" dir="0" index="0" bw="78" slack="0"/>
<pin id="710" dir="0" index="1" bw="40" slack="0"/>
<pin id="711" dir="0" index="2" bw="1" slack="0"/>
<pin id="712" dir="1" index="3" bw="78" slack="0"/>
</pin_list>
<bind>
<opcode="bitconcatenate(1004) " fcode="bitconcatenate"/>
<opset="shl_ln/11 "/>
</bind>
</comp>

<comp id="716" class="1004" name="icmp_ln236_fu_716">
<pin_list>
<pin id="717" dir="0" index="0" bw="78" slack="0"/>
<pin id="718" dir="0" index="1" bw="36" slack="0"/>
<pin id="719" dir="1" index="2" bw="1" slack="59"/>
</pin_list>
<bind>
<opcode="icmp(45) " fcode="icmp"/>
<opset="icmp_ln236/11 "/>
</bind>
</comp>

<comp id="722" class="1004" name="shl_ln1_fu_722">
<pin_list>
<pin id="723" dir="0" index="0" bw="56" slack="0"/>
<pin id="724" dir="0" index="1" bw="10" slack="0"/>
<pin id="725" dir="0" index="2" bw="1" slack="0"/>
<pin id="726" dir="1" index="3" bw="56" slack="0"/>
</pin_list>
<bind>
<opcode="bitconcatenate(1004) " fcode="bitconcatenate"/>
<opset="shl_ln1/11 "/>
</bind>
</comp>

<comp id="730" class="1004" name="zext_ln239_fu_730">
<pin_list>
<pin id="731" dir="0" index="0" bw="40" slack="0"/>
<pin id="732" dir="1" index="1" bw="56" slack="0"/>
</pin_list>
<bind>
<opcode="zext(34) " fcode="zext"/>
<opset="zext_ln239/11 "/>
</bind>
</comp>

<comp id="734" class="1004" name="grp_fu_734">
<pin_list>
<pin id="735" dir="0" index="0" bw="56" slack="0"/>
<pin id="736" dir="0" index="1" bw="40" slack="0"/>
<pin id="737" dir="1" index="2" bw="56" slack="0"/>
</pin_list>
<bind>
<opcode="udiv(14) " fcode="udiv"/>
<opset="udiv_ln239/11 "/>
</bind>
</comp>

<comp id="741" class="1004" name="shl_ln2_fu_741">
<pin_list>
<pin id="742" dir="0" index="0" bw="78" slack="0"/>
<pin id="743" dir="0" index="1" bw="40" slack="2147483647"/>
<pin id="744" dir="0" index="2" bw="1" slack="0"/>
<pin id="745" dir="1" index="3" bw="78" slack="0"/>
</pin_list>
<bind>
<opcode="bitconcatenate(1004) " fcode="bitconcatenate"/>
<opset="shl_ln2/70 "/>
</bind>
</comp>

<comp id="748" class="1004" name="icmp_ln242_fu_748">
<pin_list>
<pin id="749" dir="0" index="0" bw="78" slack="0"/>
<pin id="750" dir="0" index="1" bw="36" slack="0"/>
<pin id="751" dir="1" index="2" bw="1" slack="59"/>
</pin_list>
<bind>
<opcode="icmp(45) " fcode="icmp"/>
<opset="icmp_ln242/70 "/>
</bind>
</comp>

<comp id="754" class="1004" name="shl_ln3_fu_754">
<pin_list>
<pin id="755" dir="0" index="0" bw="56" slack="0"/>
<pin id="756" dir="0" index="1" bw="10" slack="59"/>
<pin id="757" dir="0" index="2" bw="1" slack="0"/>
<pin id="758" dir="1" index="3" bw="56" slack="0"/>
</pin_list>
<bind>
<opcode="bitconcatenate(1004) " fcode="bitconcatenate"/>
<opset="shl_ln3/70 "/>
</bind>
</comp>

<comp id="761" class="1004" name="zext_ln245_fu_761">
<pin_list>
<pin id="762" dir="0" index="0" bw="40" slack="2147483647"/>
<pin id="763" dir="1" index="1" bw="56" slack="0"/>
</pin_list>
<bind>
<opcode="zext(34) " fcode="zext"/>
<opset="zext_ln245/70 "/>
</bind>
</comp>

<comp id="764" class="1004" name="grp_fu_764">
<pin_list>
<pin id="765" dir="0" index="0" bw="56" slack="0"/>
<pin id="766" dir="0" index="1" bw="40" slack="0"/>
<pin id="767" dir="1" index="2" bw="56" slack="0"/>
</pin_list>
<bind>
<opcode="udiv(14) " fcode="udiv"/>
<opset="udiv_ln245/70 "/>
</bind>
</comp>

<comp id="771" class="1004" name="shl_ln4_fu_771">
<pin_list>
<pin id="772" dir="0" index="0" bw="78" slack="0"/>
<pin id="773" dir="0" index="1" bw="40" slack="2147483647"/>
<pin id="774" dir="0" index="2" bw="1" slack="0"/>
<pin id="775" dir="1" index="3" bw="78" slack="0"/>
</pin_list>
<bind>
<opcode="bitconcatenate(1004) " fcode="bitconcatenate"/>
<opset="shl_ln4/129 "/>
</bind>
</comp>

<comp id="778" class="1004" name="icmp_ln247_fu_778">
<pin_list>
<pin id="779" dir="0" index="0" bw="78" slack="0"/>
<pin id="780" dir="0" index="1" bw="36" slack="0"/>
<pin id="781" dir="1" index="2" bw="1" slack="59"/>
</pin_list>
<bind>
<opcode="icmp(45) " fcode="icmp"/>
<opset="icmp_ln247/129 "/>
</bind>
</comp>

<comp id="784" class="1004" name="shl_ln5_fu_784">
<pin_list>
<pin id="785" dir="0" index="0" bw="56" slack="0"/>
<pin id="786" dir="0" index="1" bw="10" slack="118"/>
<pin id="787" dir="0" index="2" bw="1" slack="0"/>
<pin id="788" dir="1" index="3" bw="56" slack="0"/>
</pin_list>
<bind>
<opcode="bitconcatenate(1004) " fcode="bitconcatenate"/>
<opset="shl_ln5/129 "/>
</bind>
</comp>

<comp id="791" class="1004" name="zext_ln250_fu_791">
<pin_list>
<pin id="792" dir="0" index="0" bw="40" slack="2147483647"/>
<pin id="793" dir="1" index="1" bw="56" slack="0"/>
</pin_list>
<bind>
<opcode="zext(34) " fcode="zext"/>
<opset="zext_ln250/129 "/>
</bind>
</comp>

<comp id="794" class="1004" name="grp_fu_794">
<pin_list>
<pin id="795" dir="0" index="0" bw="56" slack="0"/>
<pin id="796" dir="0" index="1" bw="40" slack="0"/>
<pin id="797" dir="1" index="2" bw="56" slack="0"/>
</pin_list>
<bind>
<opcode="udiv(14) " fcode="udiv"/>
<opset="udiv_ln250/129 "/>
</bind>
</comp>

<comp id="801" class="1004" name="icmp_ln253_fu_801">
<pin_list>
<pin id="802" dir="0" index="0" bw="56" slack="59"/>
<pin id="803" dir="0" index="1" bw="56" slack="0"/>
<pin id="804" dir="1" index="2" bw="1" slack="0"/>
</pin_list>
<bind>
<opcode="icmp(45) " fcode="icmp"/>
<opset="icmp_ln253/188 "/>
</bind>
</comp>

<comp id="807" class="1004" name="select_ln253_fu_807">
<pin_list>
<pin id="808" dir="0" index="0" bw="1" slack="0"/>
<pin id="809" dir="0" index="1" bw="56" slack="59"/>
<pin id="810" dir="0" index="2" bw="56" slack="0"/>
<pin id="811" dir="1" index="3" bw="56" slack="0"/>
</pin_list>
<bind>
<opcode="select(49) " fcode="select"/>
<opset="select_ln253/188 "/>
</bind>
</comp>

<comp id="815" class="1004" name="icmp_ln253_1_fu_815">
<pin_list>
<pin id="816" dir="0" index="0" bw="56" slack="118"/>
<pin id="817" dir="0" index="1" bw="56" slack="0"/>
<pin id="818" dir="1" index="2" bw="1" slack="0"/>
</pin_list>
<bind>
<opcode="icmp(45) " fcode="icmp"/>
<opset="icmp_ln253_1/188 "/>
</bind>
</comp>

<comp id="821" class="1004" name="gain_max1_fu_821">
<pin_list>
<pin id="822" dir="0" index="0" bw="1" slack="0"/>
<pin id="823" dir="0" index="1" bw="56" slack="118"/>
<pin id="824" dir="0" index="2" bw="56" slack="0"/>
<pin id="825" dir="1" index="3" bw="56" slack="0"/>
</pin_list>
<bind>
<opcode="select(49) " fcode="select"/>
<opset="gain_max1/188 "/>
</bind>
</comp>

<comp id="829" class="1004" name="icmp_ln255_fu_829">
<pin_list>
<pin id="830" dir="0" index="0" bw="56" slack="0"/>
<pin id="831" dir="0" index="1" bw="1" slack="0"/>
<pin id="832" dir="1" index="2" bw="1" slack="105"/>
</pin_list>
<bind>
<opcode="icmp(45) " fcode="icmp"/>
<opset="icmp_ln255/188 "/>
</bind>
</comp>

<comp id="835" class="1004" name="shl_ln6_fu_835">
<pin_list>
<pin id="836" dir="0" index="0" bw="102" slack="0"/>
<pin id="837" dir="0" index="1" bw="56" slack="118"/>
<pin id="838" dir="0" index="2" bw="1" slack="0"/>
<pin id="839" dir="1" index="3" bw="102" slack="0"/>
</pin_list>
<bind>
<opcode="bitconcatenate(1004) " fcode="bitconcatenate"/>
<opset="shl_ln6/188 "/>
</bind>
</comp>

<comp id="843" class="1004" name="zext_ln256_fu_843">
<pin_list>
<pin id="844" dir="0" index="0" bw="56" slack="0"/>
<pin id="845" dir="1" index="1" bw="102" slack="0"/>
</pin_list>
<bind>
<opcode="zext(34) " fcode="zext"/>
<opset="zext_ln256/188 "/>
</bind>
</comp>

<comp id="847" class="1004" name="grp_fu_847">
<pin_list>
<pin id="848" dir="0" index="0" bw="102" slack="0"/>
<pin id="849" dir="0" index="1" bw="56" slack="0"/>
<pin id="850" dir="1" index="2" bw="56" slack="0"/>
</pin_list>
<bind>
<opcode="udiv(14) " fcode="udiv"/>
<opset="udiv_ln256/188 "/>
</bind>
</comp>

<comp id="853" class="1004" name="shl_ln7_fu_853">
<pin_list>
<pin id="854" dir="0" index="0" bw="102" slack="0"/>
<pin id="855" dir="0" index="1" bw="56" slack="59"/>
<pin id="856" dir="0" index="2" bw="1" slack="0"/>
<pin id="857" dir="1" index="3" bw="102" slack="0"/>
</pin_list>
<bind>
<opcode="bitconcatenate(1004) " fcode="bitconcatenate"/>
<opset="shl_ln7/188 "/>
</bind>
</comp>

<comp id="861" class="1004" name="grp_fu_861">
<pin_list>
<pin id="862" dir="0" index="0" bw="102" slack="0"/>
<pin id="863" dir="0" index="1" bw="56" slack="0"/>
<pin id="864" dir="1" index="2" bw="56" slack="0"/>
</pin_list>
<bind>
<opcode="udiv(14) " fcode="udiv"/>
<opset="udiv_ln257/188 "/>
</bind>
</comp>

<comp id="867" class="1004" name="shl_ln8_fu_867">
<pin_list>
<pin id="868" dir="0" index="0" bw="102" slack="0"/>
<pin id="869" dir="0" index="1" bw="56" slack="0"/>
<pin id="870" dir="0" index="2" bw="1" slack="0"/>
<pin id="871" dir="1" index="3" bw="102" slack="0"/>
</pin_list>
<bind>
<opcode="bitconcatenate(1004) " fcode="bitconcatenate"/>
<opset="shl_ln8/188 "/>
</bind>
</comp>

<comp id="875" class="1004" name="grp_fu_875">
<pin_list>
<pin id="876" dir="0" index="0" bw="102" slack="0"/>
<pin id="877" dir="0" index="1" bw="56" slack="0"/>
<pin id="878" dir="1" index="2" bw="56" slack="0"/>
</pin_list>
<bind>
<opcode="udiv(14) " fcode="udiv"/>
<opset="udiv_ln258/188 "/>
</bind>
</comp>

<comp id="881" class="1004" name="dinB1_1_fu_881">
<pin_list>
<pin id="882" dir="0" index="0" bw="56" slack="0"/>
<pin id="883" dir="1" index="1" bw="56" slack="0"/>
</pin_list>
<bind>
<opcode="trunc(33) " fcode="trunc"/>
<opset="dinB1_1/293 "/>
</bind>
</comp>

<comp id="886" class="1004" name="dinG1_1_fu_886">
<pin_list>
<pin id="887" dir="0" index="0" bw="56" slack="0"/>
<pin id="888" dir="1" index="1" bw="56" slack="0"/>
</pin_list>
<bind>
<opcode="trunc(33) " fcode="trunc"/>
<opset="dinG1_1/293 "/>
</bind>
</comp>

<comp id="891" class="1004" name="dinR1_1_fu_891">
<pin_list>
<pin id="892" dir="0" index="0" bw="56" slack="0"/>
<pin id="893" dir="1" index="1" bw="56" slack="0"/>
</pin_list>
<bind>
<opcode="trunc(33) " fcode="trunc"/>
<opset="dinR1_1/293 "/>
</bind>
</comp>

<comp id="896" class="1004" name="i_gain_write_assign_fu_896">
<pin_list>
<pin id="897" dir="0" index="0" bw="20" slack="0"/>
<pin id="898" dir="0" index="1" bw="56" slack="0"/>
<pin id="899" dir="0" index="2" bw="7" slack="0"/>
<pin id="900" dir="0" index="3" bw="7" slack="0"/>
<pin id="901" dir="1" index="4" bw="20" slack="0"/>
</pin_list>
<bind>
<opcode="partselect(1002) " fcode="partselect"/>
<opset="i_gain_write_assign/293 "/>
</bind>
</comp>

<comp id="906" class="1004" name="zext_ln268_fu_906">
<pin_list>
<pin id="907" dir="0" index="0" bw="20" slack="0"/>
<pin id="908" dir="1" index="1" bw="32" slack="0"/>
</pin_list>
<bind>
<opcode="zext(34) " fcode="zext"/>
<opset="zext_ln268/293 "/>
</bind>
</comp>

<comp id="910" class="1004" name="i_gain_write_assign_1_fu_910">
<pin_list>
<pin id="911" dir="0" index="0" bw="20" slack="0"/>
<pin id="912" dir="0" index="1" bw="56" slack="0"/>
<pin id="913" dir="0" index="2" bw="7" slack="0"/>
<pin id="914" dir="0" index="3" bw="7" slack="0"/>
<pin id="915" dir="1" index="4" bw="20" slack="0"/>
</pin_list>
<bind>
<opcode="partselect(1002) " fcode="partselect"/>
<opset="i_gain_write_assign_1/293 "/>
</bind>
</comp>

<comp id="920" class="1004" name="zext_ln269_fu_920">
<pin_list>
<pin id="921" dir="0" index="0" bw="20" slack="0"/>
<pin id="922" dir="1" index="1" bw="32" slack="0"/>
</pin_list>
<bind>
<opcode="zext(34) " fcode="zext"/>
<opset="zext_ln269/293 "/>
</bind>
</comp>

<comp id="924" class="1004" name="i_gain_write_assign_2_fu_924">
<pin_list>
<pin id="925" dir="0" index="0" bw="20" slack="0"/>
<pin id="926" dir="0" index="1" bw="56" slack="0"/>
<pin id="927" dir="0" index="2" bw="7" slack="0"/>
<pin id="928" dir="0" index="3" bw="7" slack="0"/>
<pin id="929" dir="1" index="4" bw="20" slack="0"/>
</pin_list>
<bind>
<opcode="partselect(1002) " fcode="partselect"/>
<opset="i_gain_write_assign_2/293 "/>
</bind>
</comp>

<comp id="934" class="1004" name="zext_ln270_fu_934">
<pin_list>
<pin id="935" dir="0" index="0" bw="20" slack="0"/>
<pin id="936" dir="1" index="1" bw="32" slack="0"/>
</pin_list>
<bind>
<opcode="zext(34) " fcode="zext"/>
<opset="zext_ln270/293 "/>
</bind>
</comp>

<comp id="938" class="1004" name="mrv_fu_938">
<pin_list>
<pin id="939" dir="0" index="0" bw="96" slack="0"/>
<pin id="940" dir="0" index="1" bw="20" slack="0"/>
<pin id="941" dir="1" index="2" bw="96" slack="0"/>
</pin_list>
<bind>
<opcode="insertvalue(57) " fcode="insertvalue"/>
<opset="mrv/293 "/>
</bind>
</comp>

<comp id="944" class="1004" name="mrv_1_fu_944">
<pin_list>
<pin id="945" dir="0" index="0" bw="96" slack="0"/>
<pin id="946" dir="0" index="1" bw="20" slack="0"/>
<pin id="947" dir="1" index="2" bw="96" slack="0"/>
</pin_list>
<bind>
<opcode="insertvalue(57) " fcode="insertvalue"/>
<opset="mrv_1/293 "/>
</bind>
</comp>

<comp id="950" class="1004" name="mrv_2_fu_950">
<pin_list>
<pin id="951" dir="0" index="0" bw="96" slack="0"/>
<pin id="952" dir="0" index="1" bw="20" slack="0"/>
<pin id="953" dir="1" index="2" bw="96" slack="2147483647"/>
</pin_list>
<bind>
<opcode="insertvalue(57) " fcode="insertvalue"/>
<opset="mrv_2/293 "/>
</bind>
</comp>

<comp id="956" class="1005" name="i_reg_956">
<pin_list>
<pin id="957" dir="0" index="0" bw="12" slack="0"/>
<pin id="958" dir="1" index="1" bw="12" slack="0"/>
</pin_list>
<bind>
<opset="i "/>
</bind>
</comp>

<comp id="963" class="1005" name="tmpsum_vals_2_reg_963">
<pin_list>
<pin id="964" dir="0" index="0" bw="40" slack="0"/>
<pin id="965" dir="1" index="1" bw="40" slack="0"/>
</pin_list>
<bind>
<opset="tmpsum_vals_2 "/>
</bind>
</comp>

<comp id="970" class="1005" name="tmpsum_vals_1_reg_970">
<pin_list>
<pin id="971" dir="0" index="0" bw="40" slack="0"/>
<pin id="972" dir="1" index="1" bw="40" slack="0"/>
</pin_list>
<bind>
<opset="tmpsum_vals_1 "/>
</bind>
</comp>

<comp id="977" class="1005" name="tmpsum_vals_reg_977">
<pin_list>
<pin id="978" dir="0" index="0" bw="40" slack="0"/>
<pin id="979" dir="1" index="1" bw="40" slack="0"/>
</pin_list>
<bind>
<opset="tmpsum_vals "/>
</bind>
</comp>

<comp id="984" class="1005" name="thresh_read_reg_984">
<pin_list>
<pin id="985" dir="0" index="0" bw="32" slack="1"/>
<pin id="986" dir="1" index="1" bw="32" slack="1"/>
</pin_list>
<bind>
<opset="thresh_read "/>
</bind>
</comp>

<comp id="989" class="1005" name="mux_case_02_loc_reg_989">
<pin_list>
<pin id="990" dir="0" index="0" bw="40" slack="7"/>
<pin id="991" dir="1" index="1" bw="40" slack="7"/>
</pin_list>
<bind>
<opset="mux_case_02_loc "/>
</bind>
</comp>

<comp id="995" class="1005" name="mux_case_14_loc_reg_995">
<pin_list>
<pin id="996" dir="0" index="0" bw="40" slack="7"/>
<pin id="997" dir="1" index="1" bw="40" slack="7"/>
</pin_list>
<bind>
<opset="mux_case_14_loc "/>
</bind>
</comp>

<comp id="1001" class="1005" name="mux_case_26_loc_reg_1001">
<pin_list>
<pin id="1002" dir="0" index="0" bw="40" slack="7"/>
<pin id="1003" dir="1" index="1" bw="40" slack="7"/>
</pin_list>
<bind>
<opset="mux_case_26_loc "/>
</bind>
</comp>

<comp id="1007" class="1005" name="conv_reg_1007">
<pin_list>
<pin id="1008" dir="0" index="0" bw="32" slack="1"/>
<pin id="1009" dir="1" index="1" bw="32" slack="1"/>
</pin_list>
<bind>
<opset="conv "/>
</bind>
</comp>

<comp id="1012" class="1005" name="trunc_ln1_reg_1012">
<pin_list>
<pin id="1013" dir="0" index="0" bw="24" slack="1"/>
<pin id="1014" dir="1" index="1" bw="24" slack="1"/>
</pin_list>
<bind>
<opset="trunc_ln1 "/>
</bind>
</comp>

<comp id="1018" class="1005" name="src1_cols_val_read_reg_1018">
<pin_list>
<pin id="1019" dir="0" index="0" bw="12" slack="1"/>
<pin id="1020" dir="1" index="1" bw="12" slack="1"/>
</pin_list>
<bind>
<opset="src1_cols_val_read "/>
</bind>
</comp>

<comp id="1023" class="1005" name="src1_rows_val_read_reg_1023">
<pin_list>
<pin id="1024" dir="0" index="0" bw="12" slack="1"/>
<pin id="1025" dir="1" index="1" bw="12" slack="1"/>
</pin_list>
<bind>
<opset="src1_rows_val_read "/>
</bind>
</comp>

<comp id="1028" class="1005" name="trunc_ln2_reg_1028">
<pin_list>
<pin id="1029" dir="0" index="0" bw="19" slack="1"/>
<pin id="1030" dir="1" index="1" bw="19" slack="1"/>
</pin_list>
<bind>
<opset="trunc_ln2 "/>
</bind>
</comp>

<comp id="1036" class="1005" name="tmpsum_vals_2_load_reg_1036">
<pin_list>
<pin id="1037" dir="0" index="0" bw="40" slack="1"/>
<pin id="1038" dir="1" index="1" bw="40" slack="1"/>
</pin_list>
<bind>
<opset="tmpsum_vals_2_load "/>
</bind>
</comp>

<comp id="1041" class="1005" name="tmpsum_vals_1_load_reg_1041">
<pin_list>
<pin id="1042" dir="0" index="0" bw="40" slack="1"/>
<pin id="1043" dir="1" index="1" bw="40" slack="1"/>
</pin_list>
<bind>
<opset="tmpsum_vals_1_load "/>
</bind>
</comp>

<comp id="1046" class="1005" name="tmpsum_vals_load_reg_1046">
<pin_list>
<pin id="1047" dir="0" index="0" bw="40" slack="1"/>
<pin id="1048" dir="1" index="1" bw="40" slack="1"/>
</pin_list>
<bind>
<opset="tmpsum_vals_load "/>
</bind>
</comp>

<comp id="1057" class="1005" name="max_sum_fixed_reg_1057">
<pin_list>
<pin id="1058" dir="0" index="0" bw="10" slack="59"/>
<pin id="1059" dir="1" index="1" bw="10" slack="59"/>
</pin_list>
<bind>
<opset="max_sum_fixed "/>
</bind>
</comp>

<comp id="1063" class="1005" name="icmp_ln236_reg_1063">
<pin_list>
<pin id="1064" dir="0" index="0" bw="1" slack="59"/>
<pin id="1065" dir="1" index="1" bw="1" slack="2147483647"/>
</pin_list>
<bind>
<opset="icmp_ln236 "/>
</bind>
</comp>

<comp id="1067" class="1005" name="shl_ln1_reg_1067">
<pin_list>
<pin id="1068" dir="0" index="0" bw="56" slack="1"/>
<pin id="1069" dir="1" index="1" bw="56" slack="1"/>
</pin_list>
<bind>
<opset="shl_ln1 "/>
</bind>
</comp>

<comp id="1072" class="1005" name="zext_ln239_reg_1072">
<pin_list>
<pin id="1073" dir="0" index="0" bw="56" slack="1"/>
<pin id="1074" dir="1" index="1" bw="56" slack="1"/>
</pin_list>
<bind>
<opset="zext_ln239 "/>
</bind>
</comp>

<comp id="1077" class="1005" name="icmp_ln242_reg_1077">
<pin_list>
<pin id="1078" dir="0" index="0" bw="1" slack="59"/>
<pin id="1079" dir="1" index="1" bw="1" slack="2147483647"/>
</pin_list>
<bind>
<opset="icmp_ln242 "/>
</bind>
</comp>

<comp id="1081" class="1005" name="shl_ln3_reg_1081">
<pin_list>
<pin id="1082" dir="0" index="0" bw="56" slack="1"/>
<pin id="1083" dir="1" index="1" bw="56" slack="1"/>
</pin_list>
<bind>
<opset="shl_ln3 "/>
</bind>
</comp>

<comp id="1086" class="1005" name="zext_ln245_reg_1086">
<pin_list>
<pin id="1087" dir="0" index="0" bw="56" slack="1"/>
<pin id="1088" dir="1" index="1" bw="56" slack="1"/>
</pin_list>
<bind>
<opset="zext_ln245 "/>
</bind>
</comp>

<comp id="1091" class="1005" name="icmp_ln247_reg_1091">
<pin_list>
<pin id="1092" dir="0" index="0" bw="1" slack="59"/>
<pin id="1093" dir="1" index="1" bw="1" slack="2147483647"/>
</pin_list>
<bind>
<opset="icmp_ln247 "/>
</bind>
</comp>

<comp id="1095" class="1005" name="shl_ln5_reg_1095">
<pin_list>
<pin id="1096" dir="0" index="0" bw="56" slack="1"/>
<pin id="1097" dir="1" index="1" bw="56" slack="1"/>
</pin_list>
<bind>
<opset="shl_ln5 "/>
</bind>
</comp>

<comp id="1100" class="1005" name="zext_ln250_reg_1100">
<pin_list>
<pin id="1101" dir="0" index="0" bw="56" slack="1"/>
<pin id="1102" dir="1" index="1" bw="56" slack="1"/>
</pin_list>
<bind>
<opset="zext_ln250 "/>
</bind>
</comp>

<comp id="1105" class="1005" name="icmp_ln255_reg_1105">
<pin_list>
<pin id="1106" dir="0" index="0" bw="1" slack="105"/>
<pin id="1107" dir="1" index="1" bw="1" slack="2147483647"/>
</pin_list>
<bind>
<opset="icmp_ln255 "/>
</bind>
</comp>

<comp id="1109" class="1005" name="shl_ln6_reg_1109">
<pin_list>
<pin id="1110" dir="0" index="0" bw="102" slack="1"/>
<pin id="1111" dir="1" index="1" bw="102" slack="1"/>
</pin_list>
<bind>
<opset="shl_ln6 "/>
</bind>
</comp>

<comp id="1114" class="1005" name="zext_ln256_reg_1114">
<pin_list>
<pin id="1115" dir="0" index="0" bw="102" slack="1"/>
<pin id="1116" dir="1" index="1" bw="102" slack="1"/>
</pin_list>
<bind>
<opset="zext_ln256 "/>
</bind>
</comp>

<comp id="1121" class="1005" name="shl_ln7_reg_1121">
<pin_list>
<pin id="1122" dir="0" index="0" bw="102" slack="1"/>
<pin id="1123" dir="1" index="1" bw="102" slack="1"/>
</pin_list>
<bind>
<opset="shl_ln7 "/>
</bind>
</comp>

<comp id="1126" class="1005" name="shl_ln8_reg_1126">
<pin_list>
<pin id="1127" dir="0" index="0" bw="102" slack="1"/>
<pin id="1128" dir="1" index="1" bw="102" slack="1"/>
</pin_list>
<bind>
<opset="shl_ln8 "/>
</bind>
</comp>

</comp_list>

<net_list>
<net id="149"><net_src comp="10" pin="0"/><net_sink comp="146" pin=0"/></net>

<net id="153"><net_src comp="10" pin="0"/><net_sink comp="150" pin=0"/></net>

<net id="157"><net_src comp="10" pin="0"/><net_sink comp="154" pin=0"/></net>

<net id="161"><net_src comp="10" pin="0"/><net_sink comp="158" pin=0"/></net>

<net id="165"><net_src comp="14" pin="0"/><net_sink comp="162" pin=0"/></net>

<net id="169"><net_src comp="14" pin="0"/><net_sink comp="166" pin=0"/></net>

<net id="173"><net_src comp="14" pin="0"/><net_sink comp="170" pin=0"/></net>

<net id="178"><net_src comp="12" pin="0"/><net_sink comp="174" pin=0"/></net>

<net id="179"><net_src comp="8" pin="0"/><net_sink comp="174" pin=1"/></net>

<net id="184"><net_src comp="78" pin="0"/><net_sink comp="180" pin=0"/></net>

<net id="185"><net_src comp="2" pin="0"/><net_sink comp="180" pin=1"/></net>

<net id="190"><net_src comp="78" pin="0"/><net_sink comp="186" pin=0"/></net>

<net id="191"><net_src comp="0" pin="0"/><net_sink comp="186" pin=1"/></net>

<net id="195"><net_src comp="134" pin="0"/><net_sink comp="192" pin=0"/></net>

<net id="202"><net_src comp="192" pin="1"/><net_sink comp="196" pin=2"/></net>

<net id="203"><net_src comp="196" pin="4"/><net_sink comp="192" pin=0"/></net>

<net id="207"><net_src comp="134" pin="0"/><net_sink comp="204" pin=0"/></net>

<net id="214"><net_src comp="204" pin="1"/><net_sink comp="208" pin=2"/></net>

<net id="215"><net_src comp="208" pin="4"/><net_sink comp="204" pin=0"/></net>

<net id="219"><net_src comp="134" pin="0"/><net_sink comp="216" pin=0"/></net>

<net id="226"><net_src comp="216" pin="1"/><net_sink comp="220" pin=2"/></net>

<net id="227"><net_src comp="220" pin="4"/><net_sink comp="216" pin=0"/></net>

<net id="237"><net_src comp="216" pin="1"/><net_sink comp="231" pin=2"/></net>

<net id="247"><net_src comp="204" pin="1"/><net_sink comp="241" pin=2"/></net>

<net id="257"><net_src comp="192" pin="1"/><net_sink comp="251" pin=2"/></net>

<net id="268"><net_src comp="102" pin="0"/><net_sink comp="258" pin=0"/></net>

<net id="269"><net_src comp="4" pin="0"/><net_sink comp="258" pin=2"/></net>

<net id="270"><net_src comp="6" pin="0"/><net_sink comp="258" pin=3"/></net>

<net id="280"><net_src comp="104" pin="0"/><net_sink comp="271" pin=0"/></net>

<net id="284"><net_src comp="174" pin="2"/><net_sink comp="281" pin=0"/></net>

<net id="292"><net_src comp="16" pin="0"/><net_sink comp="288" pin=0"/></net>

<net id="297"><net_src comp="16" pin="0"/><net_sink comp="293" pin=0"/></net>

<net id="302"><net_src comp="16" pin="0"/><net_sink comp="298" pin=0"/></net>

<net id="307"><net_src comp="18" pin="0"/><net_sink comp="303" pin=0"/></net>

<net id="311"><net_src comp="285" pin="1"/><net_sink comp="308" pin=0"/></net>

<net id="315"><net_src comp="308" pin="1"/><net_sink comp="312" pin=0"/></net>

<net id="321"><net_src comp="20" pin="0"/><net_sink comp="316" pin=0"/></net>

<net id="322"><net_src comp="308" pin="1"/><net_sink comp="316" pin=1"/></net>

<net id="323"><net_src comp="22" pin="0"/><net_sink comp="316" pin=2"/></net>

<net id="329"><net_src comp="24" pin="0"/><net_sink comp="324" pin=0"/></net>

<net id="330"><net_src comp="308" pin="1"/><net_sink comp="324" pin=1"/></net>

<net id="331"><net_src comp="26" pin="0"/><net_sink comp="324" pin=2"/></net>

<net id="335"><net_src comp="324" pin="3"/><net_sink comp="332" pin=0"/></net>

<net id="339"><net_src comp="308" pin="1"/><net_sink comp="336" pin=0"/></net>

<net id="345"><net_src comp="28" pin="0"/><net_sink comp="340" pin=0"/></net>

<net id="346"><net_src comp="30" pin="0"/><net_sink comp="340" pin=1"/></net>

<net id="347"><net_src comp="336" pin="1"/><net_sink comp="340" pin=2"/></net>

<net id="351"><net_src comp="340" pin="3"/><net_sink comp="348" pin=0"/></net>

<net id="356"><net_src comp="32" pin="0"/><net_sink comp="352" pin=0"/></net>

<net id="357"><net_src comp="348" pin="1"/><net_sink comp="352" pin=1"/></net>

<net id="363"><net_src comp="316" pin="3"/><net_sink comp="358" pin=0"/></net>

<net id="364"><net_src comp="352" pin="2"/><net_sink comp="358" pin=1"/></net>

<net id="365"><net_src comp="348" pin="1"/><net_sink comp="358" pin=2"/></net>

<net id="370"><net_src comp="312" pin="1"/><net_sink comp="366" pin=0"/></net>

<net id="371"><net_src comp="34" pin="0"/><net_sink comp="366" pin=1"/></net>

<net id="376"><net_src comp="36" pin="0"/><net_sink comp="372" pin=0"/></net>

<net id="377"><net_src comp="332" pin="1"/><net_sink comp="372" pin=1"/></net>

<net id="381"><net_src comp="372" pin="2"/><net_sink comp="378" pin=0"/></net>

<net id="386"><net_src comp="372" pin="2"/><net_sink comp="382" pin=0"/></net>

<net id="387"><net_src comp="38" pin="0"/><net_sink comp="382" pin=1"/></net>

<net id="392"><net_src comp="378" pin="1"/><net_sink comp="388" pin=0"/></net>

<net id="393"><net_src comp="40" pin="0"/><net_sink comp="388" pin=1"/></net>

<net id="398"><net_src comp="42" pin="0"/><net_sink comp="394" pin=0"/></net>

<net id="399"><net_src comp="378" pin="1"/><net_sink comp="394" pin=1"/></net>

<net id="405"><net_src comp="382" pin="2"/><net_sink comp="400" pin=0"/></net>

<net id="406"><net_src comp="388" pin="2"/><net_sink comp="400" pin=1"/></net>

<net id="407"><net_src comp="394" pin="2"/><net_sink comp="400" pin=2"/></net>

<net id="411"><net_src comp="400" pin="3"/><net_sink comp="408" pin=0"/></net>

<net id="416"><net_src comp="372" pin="2"/><net_sink comp="412" pin=0"/></net>

<net id="417"><net_src comp="38" pin="0"/><net_sink comp="412" pin=1"/></net>

<net id="421"><net_src comp="358" pin="3"/><net_sink comp="418" pin=0"/></net>

<net id="426"><net_src comp="400" pin="3"/><net_sink comp="422" pin=0"/></net>

<net id="427"><net_src comp="44" pin="0"/><net_sink comp="422" pin=1"/></net>

<net id="433"><net_src comp="316" pin="3"/><net_sink comp="428" pin=0"/></net>

<net id="434"><net_src comp="46" pin="0"/><net_sink comp="428" pin=1"/></net>

<net id="435"><net_src comp="48" pin="0"/><net_sink comp="428" pin=2"/></net>

<net id="439"><net_src comp="400" pin="3"/><net_sink comp="436" pin=0"/></net>

<net id="444"><net_src comp="358" pin="3"/><net_sink comp="440" pin=0"/></net>

<net id="445"><net_src comp="436" pin="1"/><net_sink comp="440" pin=1"/></net>

<net id="449"><net_src comp="440" pin="2"/><net_sink comp="446" pin=0"/></net>

<net id="455"><net_src comp="422" pin="2"/><net_sink comp="450" pin=0"/></net>

<net id="456"><net_src comp="446" pin="1"/><net_sink comp="450" pin=1"/></net>

<net id="457"><net_src comp="428" pin="3"/><net_sink comp="450" pin=2"/></net>

<net id="464"><net_src comp="50" pin="0"/><net_sink comp="458" pin=0"/></net>

<net id="465"><net_src comp="400" pin="3"/><net_sink comp="458" pin=1"/></net>

<net id="466"><net_src comp="52" pin="0"/><net_sink comp="458" pin=2"/></net>

<net id="467"><net_src comp="54" pin="0"/><net_sink comp="458" pin=3"/></net>

<net id="472"><net_src comp="458" pin="4"/><net_sink comp="468" pin=0"/></net>

<net id="473"><net_src comp="56" pin="0"/><net_sink comp="468" pin=1"/></net>

<net id="478"><net_src comp="418" pin="1"/><net_sink comp="474" pin=0"/></net>

<net id="479"><net_src comp="408" pin="1"/><net_sink comp="474" pin=1"/></net>

<net id="485"><net_src comp="468" pin="2"/><net_sink comp="480" pin=0"/></net>

<net id="486"><net_src comp="474" pin="2"/><net_sink comp="480" pin=1"/></net>

<net id="487"><net_src comp="48" pin="0"/><net_sink comp="480" pin=2"/></net>

<net id="492"><net_src comp="366" pin="2"/><net_sink comp="488" pin=0"/></net>

<net id="493"><net_src comp="30" pin="0"/><net_sink comp="488" pin=1"/></net>

<net id="498"><net_src comp="412" pin="2"/><net_sink comp="494" pin=0"/></net>

<net id="499"><net_src comp="488" pin="2"/><net_sink comp="494" pin=1"/></net>

<net id="504"><net_src comp="366" pin="2"/><net_sink comp="500" pin=0"/></net>

<net id="505"><net_src comp="412" pin="2"/><net_sink comp="500" pin=1"/></net>

<net id="510"><net_src comp="500" pin="2"/><net_sink comp="506" pin=0"/></net>

<net id="511"><net_src comp="30" pin="0"/><net_sink comp="506" pin=1"/></net>

<net id="516"><net_src comp="382" pin="2"/><net_sink comp="512" pin=0"/></net>

<net id="517"><net_src comp="506" pin="2"/><net_sink comp="512" pin=1"/></net>

<net id="524"><net_src comp="58" pin="0"/><net_sink comp="518" pin=0"/></net>

<net id="525"><net_src comp="366" pin="2"/><net_sink comp="518" pin=1"/></net>

<net id="526"><net_src comp="494" pin="2"/><net_sink comp="518" pin=2"/></net>

<net id="527"><net_src comp="512" pin="2"/><net_sink comp="518" pin=3"/></net>

<net id="541"><net_src comp="60" pin="0"/><net_sink comp="528" pin=0"/></net>

<net id="542"><net_src comp="62" pin="0"/><net_sink comp="528" pin=1"/></net>

<net id="543"><net_src comp="48" pin="0"/><net_sink comp="528" pin=2"/></net>

<net id="544"><net_src comp="64" pin="0"/><net_sink comp="528" pin=3"/></net>

<net id="545"><net_src comp="418" pin="1"/><net_sink comp="528" pin=4"/></net>

<net id="546"><net_src comp="66" pin="0"/><net_sink comp="528" pin=5"/></net>

<net id="547"><net_src comp="450" pin="3"/><net_sink comp="528" pin=6"/></net>

<net id="548"><net_src comp="68" pin="0"/><net_sink comp="528" pin=7"/></net>

<net id="549"><net_src comp="480" pin="3"/><net_sink comp="528" pin=8"/></net>

<net id="550"><net_src comp="70" pin="0"/><net_sink comp="528" pin=9"/></net>

<net id="551"><net_src comp="518" pin="4"/><net_sink comp="528" pin=10"/></net>

<net id="558"><net_src comp="72" pin="0"/><net_sink comp="552" pin=0"/></net>

<net id="559"><net_src comp="528" pin="11"/><net_sink comp="552" pin=1"/></net>

<net id="560"><net_src comp="74" pin="0"/><net_sink comp="552" pin=2"/></net>

<net id="561"><net_src comp="76" pin="0"/><net_sink comp="552" pin=3"/></net>

<net id="570"><net_src comp="90" pin="0"/><net_sink comp="565" pin=0"/></net>

<net id="571"><net_src comp="92" pin="0"/><net_sink comp="565" pin=2"/></net>

<net id="575"><net_src comp="565" pin="3"/><net_sink comp="572" pin=0"/></net>

<net id="580"><net_src comp="572" pin="1"/><net_sink comp="576" pin=0"/></net>

<net id="581"><net_src comp="562" pin="1"/><net_sink comp="576" pin=1"/></net>

<net id="588"><net_src comp="94" pin="0"/><net_sink comp="582" pin=0"/></net>

<net id="589"><net_src comp="576" pin="2"/><net_sink comp="582" pin=1"/></net>

<net id="590"><net_src comp="96" pin="0"/><net_sink comp="582" pin=2"/></net>

<net id="591"><net_src comp="98" pin="0"/><net_sink comp="582" pin=3"/></net>

<net id="599"><net_src comp="592" pin="1"/><net_sink comp="595" pin=0"/></net>

<net id="604"><net_src comp="592" pin="1"/><net_sink comp="600" pin=0"/></net>

<net id="605"><net_src comp="100" pin="0"/><net_sink comp="600" pin=1"/></net>

<net id="610"><net_src comp="600" pin="2"/><net_sink comp="606" pin=0"/></net>

<net id="614"><net_src comp="611" pin="1"/><net_sink comp="271" pin=1"/></net>

<net id="618"><net_src comp="615" pin="1"/><net_sink comp="271" pin=2"/></net>

<net id="622"><net_src comp="619" pin="1"/><net_sink comp="271" pin=3"/></net>

<net id="635"><net_src comp="623" pin="1"/><net_sink comp="632" pin=0"/></net>

<net id="639"><net_src comp="626" pin="1"/><net_sink comp="636" pin=0"/></net>

<net id="643"><net_src comp="629" pin="1"/><net_sink comp="640" pin=0"/></net>

<net id="648"><net_src comp="626" pin="1"/><net_sink comp="644" pin=0"/></net>

<net id="649"><net_src comp="623" pin="1"/><net_sink comp="644" pin=1"/></net>

<net id="655"><net_src comp="644" pin="2"/><net_sink comp="650" pin=0"/></net>

<net id="656"><net_src comp="626" pin="1"/><net_sink comp="650" pin=1"/></net>

<net id="657"><net_src comp="623" pin="1"/><net_sink comp="650" pin=2"/></net>

<net id="662"><net_src comp="629" pin="1"/><net_sink comp="658" pin=0"/></net>

<net id="663"><net_src comp="650" pin="3"/><net_sink comp="658" pin=1"/></net>

<net id="668"><net_src comp="658" pin="2"/><net_sink comp="664" pin=0"/></net>

<net id="669"><net_src comp="30" pin="0"/><net_sink comp="664" pin=1"/></net>

<net id="673"><net_src comp="664" pin="2"/><net_sink comp="670" pin=0"/></net>

<net id="678"><net_src comp="658" pin="2"/><net_sink comp="674" pin=0"/></net>

<net id="679"><net_src comp="644" pin="2"/><net_sink comp="674" pin=1"/></net>

<net id="685"><net_src comp="674" pin="2"/><net_sink comp="680" pin=0"/></net>

<net id="686"><net_src comp="670" pin="1"/><net_sink comp="680" pin=1"/></net>

<net id="687"><net_src comp="114" pin="0"/><net_sink comp="680" pin=2"/></net>

<net id="699"><net_src comp="116" pin="0"/><net_sink comp="688" pin=0"/></net>

<net id="700"><net_src comp="118" pin="0"/><net_sink comp="688" pin=1"/></net>

<net id="701"><net_src comp="640" pin="1"/><net_sink comp="688" pin=2"/></net>

<net id="702"><net_src comp="120" pin="0"/><net_sink comp="688" pin=3"/></net>

<net id="703"><net_src comp="636" pin="1"/><net_sink comp="688" pin=4"/></net>

<net id="704"><net_src comp="114" pin="0"/><net_sink comp="688" pin=5"/></net>

<net id="705"><net_src comp="632" pin="1"/><net_sink comp="688" pin=6"/></net>

<net id="706"><net_src comp="122" pin="0"/><net_sink comp="688" pin=7"/></net>

<net id="707"><net_src comp="680" pin="3"/><net_sink comp="688" pin=8"/></net>

<net id="713"><net_src comp="124" pin="0"/><net_sink comp="708" pin=0"/></net>

<net id="714"><net_src comp="629" pin="1"/><net_sink comp="708" pin=1"/></net>

<net id="715"><net_src comp="126" pin="0"/><net_sink comp="708" pin=2"/></net>

<net id="720"><net_src comp="708" pin="3"/><net_sink comp="716" pin=0"/></net>

<net id="721"><net_src comp="128" pin="0"/><net_sink comp="716" pin=1"/></net>

<net id="727"><net_src comp="130" pin="0"/><net_sink comp="722" pin=0"/></net>

<net id="728"><net_src comp="688" pin="9"/><net_sink comp="722" pin=1"/></net>

<net id="729"><net_src comp="132" pin="0"/><net_sink comp="722" pin=2"/></net>

<net id="733"><net_src comp="629" pin="1"/><net_sink comp="730" pin=0"/></net>

<net id="738"><net_src comp="734" pin="2"/><net_sink comp="196" pin=0"/></net>

<net id="739"><net_src comp="722" pin="3"/><net_sink comp="734" pin=0"/></net>

<net id="740"><net_src comp="730" pin="1"/><net_sink comp="734" pin=1"/></net>

<net id="746"><net_src comp="124" pin="0"/><net_sink comp="741" pin=0"/></net>

<net id="747"><net_src comp="126" pin="0"/><net_sink comp="741" pin=2"/></net>

<net id="752"><net_src comp="741" pin="3"/><net_sink comp="748" pin=0"/></net>

<net id="753"><net_src comp="128" pin="0"/><net_sink comp="748" pin=1"/></net>

<net id="759"><net_src comp="130" pin="0"/><net_sink comp="754" pin=0"/></net>

<net id="760"><net_src comp="132" pin="0"/><net_sink comp="754" pin=2"/></net>

<net id="768"><net_src comp="764" pin="2"/><net_sink comp="208" pin=0"/></net>

<net id="769"><net_src comp="754" pin="3"/><net_sink comp="764" pin=0"/></net>

<net id="770"><net_src comp="761" pin="1"/><net_sink comp="764" pin=1"/></net>

<net id="776"><net_src comp="124" pin="0"/><net_sink comp="771" pin=0"/></net>

<net id="777"><net_src comp="126" pin="0"/><net_sink comp="771" pin=2"/></net>

<net id="782"><net_src comp="771" pin="3"/><net_sink comp="778" pin=0"/></net>

<net id="783"><net_src comp="128" pin="0"/><net_sink comp="778" pin=1"/></net>

<net id="789"><net_src comp="130" pin="0"/><net_sink comp="784" pin=0"/></net>

<net id="790"><net_src comp="132" pin="0"/><net_sink comp="784" pin=2"/></net>

<net id="798"><net_src comp="794" pin="2"/><net_sink comp="220" pin=0"/></net>

<net id="799"><net_src comp="784" pin="3"/><net_sink comp="794" pin=0"/></net>

<net id="800"><net_src comp="791" pin="1"/><net_sink comp="794" pin=1"/></net>

<net id="805"><net_src comp="204" pin="1"/><net_sink comp="801" pin=0"/></net>

<net id="806"><net_src comp="220" pin="4"/><net_sink comp="801" pin=1"/></net>

<net id="812"><net_src comp="801" pin="2"/><net_sink comp="807" pin=0"/></net>

<net id="813"><net_src comp="204" pin="1"/><net_sink comp="807" pin=1"/></net>

<net id="814"><net_src comp="220" pin="4"/><net_sink comp="807" pin=2"/></net>

<net id="819"><net_src comp="192" pin="1"/><net_sink comp="815" pin=0"/></net>

<net id="820"><net_src comp="807" pin="3"/><net_sink comp="815" pin=1"/></net>

<net id="826"><net_src comp="815" pin="2"/><net_sink comp="821" pin=0"/></net>

<net id="827"><net_src comp="192" pin="1"/><net_sink comp="821" pin=1"/></net>

<net id="828"><net_src comp="807" pin="3"/><net_sink comp="821" pin=2"/></net>

<net id="833"><net_src comp="821" pin="3"/><net_sink comp="829" pin=0"/></net>

<net id="834"><net_src comp="134" pin="0"/><net_sink comp="829" pin=1"/></net>

<net id="840"><net_src comp="136" pin="0"/><net_sink comp="835" pin=0"/></net>

<net id="841"><net_src comp="192" pin="1"/><net_sink comp="835" pin=1"/></net>

<net id="842"><net_src comp="132" pin="0"/><net_sink comp="835" pin=2"/></net>

<net id="846"><net_src comp="821" pin="3"/><net_sink comp="843" pin=0"/></net>

<net id="851"><net_src comp="835" pin="3"/><net_sink comp="847" pin=0"/></net>

<net id="852"><net_src comp="843" pin="1"/><net_sink comp="847" pin=1"/></net>

<net id="858"><net_src comp="136" pin="0"/><net_sink comp="853" pin=0"/></net>

<net id="859"><net_src comp="204" pin="1"/><net_sink comp="853" pin=1"/></net>

<net id="860"><net_src comp="132" pin="0"/><net_sink comp="853" pin=2"/></net>

<net id="865"><net_src comp="853" pin="3"/><net_sink comp="861" pin=0"/></net>

<net id="866"><net_src comp="843" pin="1"/><net_sink comp="861" pin=1"/></net>

<net id="872"><net_src comp="136" pin="0"/><net_sink comp="867" pin=0"/></net>

<net id="873"><net_src comp="220" pin="4"/><net_sink comp="867" pin=1"/></net>

<net id="874"><net_src comp="132" pin="0"/><net_sink comp="867" pin=2"/></net>

<net id="879"><net_src comp="867" pin="3"/><net_sink comp="875" pin=0"/></net>

<net id="880"><net_src comp="843" pin="1"/><net_sink comp="875" pin=1"/></net>

<net id="884"><net_src comp="847" pin="2"/><net_sink comp="881" pin=0"/></net>

<net id="885"><net_src comp="881" pin="1"/><net_sink comp="251" pin=0"/></net>

<net id="889"><net_src comp="861" pin="2"/><net_sink comp="886" pin=0"/></net>

<net id="890"><net_src comp="886" pin="1"/><net_sink comp="241" pin=0"/></net>

<net id="894"><net_src comp="875" pin="2"/><net_sink comp="891" pin=0"/></net>

<net id="895"><net_src comp="891" pin="1"/><net_sink comp="231" pin=0"/></net>

<net id="902"><net_src comp="138" pin="0"/><net_sink comp="896" pin=0"/></net>

<net id="903"><net_src comp="251" pin="4"/><net_sink comp="896" pin=1"/></net>

<net id="904"><net_src comp="140" pin="0"/><net_sink comp="896" pin=2"/></net>

<net id="905"><net_src comp="142" pin="0"/><net_sink comp="896" pin=3"/></net>

<net id="909"><net_src comp="896" pin="4"/><net_sink comp="906" pin=0"/></net>

<net id="916"><net_src comp="138" pin="0"/><net_sink comp="910" pin=0"/></net>

<net id="917"><net_src comp="241" pin="4"/><net_sink comp="910" pin=1"/></net>

<net id="918"><net_src comp="140" pin="0"/><net_sink comp="910" pin=2"/></net>

<net id="919"><net_src comp="142" pin="0"/><net_sink comp="910" pin=3"/></net>

<net id="923"><net_src comp="910" pin="4"/><net_sink comp="920" pin=0"/></net>

<net id="930"><net_src comp="138" pin="0"/><net_sink comp="924" pin=0"/></net>

<net id="931"><net_src comp="231" pin="4"/><net_sink comp="924" pin=1"/></net>

<net id="932"><net_src comp="140" pin="0"/><net_sink comp="924" pin=2"/></net>

<net id="933"><net_src comp="142" pin="0"/><net_sink comp="924" pin=3"/></net>

<net id="937"><net_src comp="924" pin="4"/><net_sink comp="934" pin=0"/></net>

<net id="942"><net_src comp="144" pin="0"/><net_sink comp="938" pin=0"/></net>

<net id="943"><net_src comp="906" pin="1"/><net_sink comp="938" pin=1"/></net>

<net id="948"><net_src comp="938" pin="2"/><net_sink comp="944" pin=0"/></net>

<net id="949"><net_src comp="920" pin="1"/><net_sink comp="944" pin=1"/></net>

<net id="954"><net_src comp="944" pin="2"/><net_sink comp="950" pin=0"/></net>

<net id="955"><net_src comp="934" pin="1"/><net_sink comp="950" pin=1"/></net>

<net id="959"><net_src comp="146" pin="1"/><net_sink comp="956" pin=0"/></net>

<net id="960"><net_src comp="956" pin="1"/><net_sink comp="303" pin=1"/></net>

<net id="961"><net_src comp="956" pin="1"/><net_sink comp="592" pin=0"/></net>

<net id="962"><net_src comp="956" pin="1"/><net_sink comp="606" pin=1"/></net>

<net id="966"><net_src comp="150" pin="1"/><net_sink comp="963" pin=0"/></net>

<net id="967"><net_src comp="963" pin="1"/><net_sink comp="298" pin=1"/></net>

<net id="968"><net_src comp="963" pin="1"/><net_sink comp="258" pin=7"/></net>

<net id="969"><net_src comp="963" pin="1"/><net_sink comp="611" pin=0"/></net>

<net id="973"><net_src comp="154" pin="1"/><net_sink comp="970" pin=0"/></net>

<net id="974"><net_src comp="970" pin="1"/><net_sink comp="293" pin=1"/></net>

<net id="975"><net_src comp="970" pin="1"/><net_sink comp="258" pin=6"/></net>

<net id="976"><net_src comp="970" pin="1"/><net_sink comp="615" pin=0"/></net>

<net id="980"><net_src comp="158" pin="1"/><net_sink comp="977" pin=0"/></net>

<net id="981"><net_src comp="977" pin="1"/><net_sink comp="288" pin=1"/></net>

<net id="982"><net_src comp="977" pin="1"/><net_sink comp="258" pin=5"/></net>

<net id="983"><net_src comp="977" pin="1"/><net_sink comp="619" pin=0"/></net>

<net id="987"><net_src comp="174" pin="2"/><net_sink comp="984" pin=0"/></net>

<net id="988"><net_src comp="984" pin="1"/><net_sink comp="281" pin=0"/></net>

<net id="992"><net_src comp="162" pin="1"/><net_sink comp="989" pin=0"/></net>

<net id="993"><net_src comp="989" pin="1"/><net_sink comp="271" pin=6"/></net>

<net id="994"><net_src comp="989" pin="1"/><net_sink comp="629" pin=0"/></net>

<net id="998"><net_src comp="166" pin="1"/><net_sink comp="995" pin=0"/></net>

<net id="999"><net_src comp="995" pin="1"/><net_sink comp="271" pin=5"/></net>

<net id="1000"><net_src comp="995" pin="1"/><net_sink comp="626" pin=0"/></net>

<net id="1004"><net_src comp="170" pin="1"/><net_sink comp="1001" pin=0"/></net>

<net id="1005"><net_src comp="1001" pin="1"/><net_sink comp="271" pin=4"/></net>

<net id="1006"><net_src comp="1001" pin="1"/><net_sink comp="623" pin=0"/></net>

<net id="1010"><net_src comp="281" pin="1"/><net_sink comp="1007" pin=0"/></net>

<net id="1011"><net_src comp="1007" pin="1"/><net_sink comp="285" pin=0"/></net>

<net id="1015"><net_src comp="552" pin="4"/><net_sink comp="1012" pin=0"/></net>

<net id="1016"><net_src comp="1012" pin="1"/><net_sink comp="562" pin=0"/></net>

<net id="1017"><net_src comp="1012" pin="1"/><net_sink comp="565" pin=1"/></net>

<net id="1021"><net_src comp="180" pin="2"/><net_sink comp="1018" pin=0"/></net>

<net id="1022"><net_src comp="1018" pin="1"/><net_sink comp="258" pin=1"/></net>

<net id="1026"><net_src comp="186" pin="2"/><net_sink comp="1023" pin=0"/></net>

<net id="1027"><net_src comp="1023" pin="1"/><net_sink comp="595" pin=1"/></net>

<net id="1031"><net_src comp="582" pin="4"/><net_sink comp="1028" pin=0"/></net>

<net id="1032"><net_src comp="1028" pin="1"/><net_sink comp="258" pin=4"/></net>

<net id="1039"><net_src comp="611" pin="1"/><net_sink comp="1036" pin=0"/></net>

<net id="1040"><net_src comp="1036" pin="1"/><net_sink comp="271" pin=1"/></net>

<net id="1044"><net_src comp="615" pin="1"/><net_sink comp="1041" pin=0"/></net>

<net id="1045"><net_src comp="1041" pin="1"/><net_sink comp="271" pin=2"/></net>

<net id="1049"><net_src comp="619" pin="1"/><net_sink comp="1046" pin=0"/></net>

<net id="1050"><net_src comp="1046" pin="1"/><net_sink comp="271" pin=3"/></net>

<net id="1060"><net_src comp="688" pin="9"/><net_sink comp="1057" pin=0"/></net>

<net id="1061"><net_src comp="1057" pin="1"/><net_sink comp="754" pin=1"/></net>

<net id="1062"><net_src comp="1057" pin="1"/><net_sink comp="784" pin=1"/></net>

<net id="1066"><net_src comp="716" pin="2"/><net_sink comp="1063" pin=0"/></net>

<net id="1070"><net_src comp="722" pin="3"/><net_sink comp="1067" pin=0"/></net>

<net id="1071"><net_src comp="1067" pin="1"/><net_sink comp="734" pin=0"/></net>

<net id="1075"><net_src comp="730" pin="1"/><net_sink comp="1072" pin=0"/></net>

<net id="1076"><net_src comp="1072" pin="1"/><net_sink comp="734" pin=1"/></net>

<net id="1080"><net_src comp="748" pin="2"/><net_sink comp="1077" pin=0"/></net>

<net id="1084"><net_src comp="754" pin="3"/><net_sink comp="1081" pin=0"/></net>

<net id="1085"><net_src comp="1081" pin="1"/><net_sink comp="764" pin=0"/></net>

<net id="1089"><net_src comp="761" pin="1"/><net_sink comp="1086" pin=0"/></net>

<net id="1090"><net_src comp="1086" pin="1"/><net_sink comp="764" pin=1"/></net>

<net id="1094"><net_src comp="778" pin="2"/><net_sink comp="1091" pin=0"/></net>

<net id="1098"><net_src comp="784" pin="3"/><net_sink comp="1095" pin=0"/></net>

<net id="1099"><net_src comp="1095" pin="1"/><net_sink comp="794" pin=0"/></net>

<net id="1103"><net_src comp="791" pin="1"/><net_sink comp="1100" pin=0"/></net>

<net id="1104"><net_src comp="1100" pin="1"/><net_sink comp="794" pin=1"/></net>

<net id="1108"><net_src comp="829" pin="2"/><net_sink comp="1105" pin=0"/></net>

<net id="1112"><net_src comp="835" pin="3"/><net_sink comp="1109" pin=0"/></net>

<net id="1113"><net_src comp="1109" pin="1"/><net_sink comp="847" pin=0"/></net>

<net id="1117"><net_src comp="843" pin="1"/><net_sink comp="1114" pin=0"/></net>

<net id="1118"><net_src comp="1114" pin="1"/><net_sink comp="847" pin=1"/></net>

<net id="1119"><net_src comp="1114" pin="1"/><net_sink comp="861" pin=1"/></net>

<net id="1120"><net_src comp="1114" pin="1"/><net_sink comp="875" pin=1"/></net>

<net id="1124"><net_src comp="853" pin="3"/><net_sink comp="1121" pin=0"/></net>

<net id="1125"><net_src comp="1121" pin="1"/><net_sink comp="861" pin=0"/></net>

<net id="1129"><net_src comp="867" pin="3"/><net_sink comp="1126" pin=0"/></net>

<net id="1130"><net_src comp="1126" pin="1"/><net_sink comp="875" pin=0"/></net>

</net_list>

</model> 
---------------- Datapath Model END ------------------

* FSMD analyzer results:
  - Output states:
	Port: impop_data | {8 9 }
 - Input state : 
	Port: AWBChannelGainKernel<20, 20, 2160, 3840, 1, 2, 2, 3, 23, 23, 13, 13, 3840> : src1_rows_val | {7 }
	Port: AWBChannelGainKernel<20, 20, 2160, 3840, 1, 2, 2, 3, 23, 23, 13, 13, 3840> : src1_cols_val | {7 }
	Port: AWBChannelGainKernel<20, 20, 2160, 3840, 1, 2, 2, 3, 23, 23, 13, 13, 3840> : in_mat_data | {8 9 }
	Port: AWBChannelGainKernel<20, 20, 2160, 3840, 1, 2, 2, 3, 23, 23, 13, 13, 3840> : thresh | {1 }
  - Chain level:
	State 1
		store_ln152 : 1
		store_ln152 : 1
		store_ln152 : 1
		store_ln135 : 1
	State 2
	State 3
	State 4
	State 5
	State 6
		bitcast_ln726 : 1
		trunc_ln145 : 2
		tmp : 2
		tmp_1 : 2
		zext_ln145 : 3
		trunc_ln145_1 : 2
		zext_ln145_1_cast : 3
		zext_ln145_1 : 4
		sub_ln145 : 5
		select_ln145 : 6
		icmp_ln145 : 3
		sub_ln145_1 : 4
		trunc_ln145_2 : 5
		icmp_ln145_1 : 5
		add_ln145 : 6
		sub_ln145_2 : 6
		select_ln145_1 : 7
		zext_ln145_3 : 8
		icmp_ln145_2 : 5
		trunc_ln145_3 : 7
		icmp_ln145_3 : 8
		select_ln145_4 : 3
		zext_ln145_2 : 8
		ashr_ln145 : 9
		trunc_ln145_4 : 10
		select_ln145_2 : 11
		tmp_3 : 8
		icmp_ln145_4 : 9
		shl_ln145 : 9
		select_ln145_3 : 10
		xor_ln145 : 4
		and_ln145 : 6
		or_ln145 : 6
		xor_ln145_1 : 6
		and_ln145_1 : 6
		sel_tmp6 : 6
		thresh_float : 12
		trunc_ln1 : 13
	State 7
		sext_ln148_1 : 1
		sub_ln148 : 2
		trunc_ln2 : 3
	State 8
		icmp_ln176 : 1
		i_8 : 1
		br_ln176 : 2
		store_ln135 : 2
		call_ln0 : 1
	State 9
	State 10
	State 11
		trunc_ln216 : 1
		trunc_ln216_1 : 1
		trunc_ln216_2 : 1
		icmp_ln225 : 1
		select_ln225 : 2
		icmp_ln225_1 : 3
		xor_ln225 : 4
		zext_ln225 : 4
		or_ln225 : 4
		select_ln225_1 : 5
		max_sum_fixed : 6
		shl_ln : 1
		icmp_ln236 : 2
		br_ln236 : 3
		shl_ln1 : 7
		zext_ln239 : 1
		udiv_ln239 : 8
	State 12
	State 13
	State 14
	State 15
	State 16
	State 17
	State 18
	State 19
	State 20
	State 21
	State 22
	State 23
	State 24
	State 25
	State 26
	State 27
	State 28
	State 29
	State 30
	State 31
	State 32
	State 33
	State 34
	State 35
	State 36
	State 37
	State 38
	State 39
	State 40
	State 41
	State 42
	State 43
	State 44
	State 45
	State 46
	State 47
	State 48
	State 49
	State 50
	State 51
	State 52
	State 53
	State 54
	State 55
	State 56
	State 57
	State 58
	State 59
	State 60
	State 61
	State 62
	State 63
	State 64
	State 65
	State 66
	State 67
	State 68
	State 69
	State 70
		dinB1 : 1
		icmp_ln242 : 1
		br_ln242 : 2
		udiv_ln245 : 1
	State 71
	State 72
	State 73
	State 74
	State 75
	State 76
	State 77
	State 78
	State 79
	State 80
	State 81
	State 82
	State 83
	State 84
	State 85
	State 86
	State 87
	State 88
	State 89
	State 90
	State 91
	State 92
	State 93
	State 94
	State 95
	State 96
	State 97
	State 98
	State 99
	State 100
	State 101
	State 102
	State 103
	State 104
	State 105
	State 106
	State 107
	State 108
	State 109
	State 110
	State 111
	State 112
	State 113
	State 114
	State 115
	State 116
	State 117
	State 118
	State 119
	State 120
	State 121
	State 122
	State 123
	State 124
	State 125
	State 126
	State 127
	State 128
	State 129
		dinG1 : 1
		icmp_ln247 : 1
		br_ln247 : 2
		udiv_ln250 : 1
	State 130
	State 131
	State 132
	State 133
	State 134
	State 135
	State 136
	State 137
	State 138
	State 139
	State 140
	State 141
	State 142
	State 143
	State 144
	State 145
	State 146
	State 147
	State 148
	State 149
	State 150
	State 151
	State 152
	State 153
	State 154
	State 155
	State 156
	State 157
	State 158
	State 159
	State 160
	State 161
	State 162
	State 163
	State 164
	State 165
	State 166
	State 167
	State 168
	State 169
	State 170
	State 171
	State 172
	State 173
	State 174
	State 175
	State 176
	State 177
	State 178
	State 179
	State 180
	State 181
	State 182
	State 183
	State 184
	State 185
	State 186
	State 187
	State 188
		dinR1 : 1
		icmp_ln253 : 2
		select_ln253 : 3
		icmp_ln253_1 : 4
		gain_max1 : 5
		icmp_ln255 : 6
		br_ln255 : 7
		zext_ln256 : 6
		udiv_ln256 : 7
		udiv_ln257 : 7
		shl_ln8 : 2
		udiv_ln258 : 7
	State 189
	State 190
	State 191
	State 192
	State 193
	State 194
	State 195
	State 196
	State 197
	State 198
	State 199
	State 200
	State 201
	State 202
	State 203
	State 204
	State 205
	State 206
	State 207
	State 208
	State 209
	State 210
	State 211
	State 212
	State 213
	State 214
	State 215
	State 216
	State 217
	State 218
	State 219
	State 220
	State 221
	State 222
	State 223
	State 224
	State 225
	State 226
	State 227
	State 228
	State 229
	State 230
	State 231
	State 232
	State 233
	State 234
	State 235
	State 236
	State 237
	State 238
	State 239
	State 240
	State 241
	State 242
	State 243
	State 244
	State 245
	State 246
	State 247
	State 248
	State 249
	State 250
	State 251
	State 252
	State 253
	State 254
	State 255
	State 256
	State 257
	State 258
	State 259
	State 260
	State 261
	State 262
	State 263
	State 264
	State 265
	State 266
	State 267
	State 268
	State 269
	State 270
	State 271
	State 272
	State 273
	State 274
	State 275
	State 276
	State 277
	State 278
	State 279
	State 280
	State 281
	State 282
	State 283
	State 284
	State 285
	State 286
	State 287
	State 288
	State 289
	State 290
	State 291
	State 292
	State 293
		dinB1_1 : 1
		dinG1_1 : 1
		dinR1_1 : 1
		empty : 2
		empty_120 : 2
		empty_121 : 2
		i_gain_write_assign : 3
		zext_ln268 : 4
		i_gain_write_assign_1 : 3
		zext_ln269 : 4
		i_gain_write_assign_2 : 3
		zext_ln270 : 4
		mrv : 5
		mrv_1 : 6
		mrv_2 : 7
		ret_ln271 : 8


============================================================
+ Verbose Summary: Datapath Resource usage 
============================================================

* Functional unit list:
|----------|-----------------------------------------------------------|---------|---------|---------|
| Operation|                      Functional Unit                      |   DSP   |    FF   |   LUT   |
|----------|-----------------------------------------------------------|---------|---------|---------|
|          |                         grp_fu_734                        |    0    |   683   |   411   |
|          |                         grp_fu_764                        |    0    |   683   |   411   |
|   udiv   |                         grp_fu_794                        |    0    |   683   |   411   |
|          |                         grp_fu_847                        |    0    |   779   |   469   |
|          |                         grp_fu_861                        |    0    |   779   |   469   |
|          |                         grp_fu_875                        |    0    |   779   |   469   |
|----------|-----------------------------------------------------------|---------|---------|---------|
|   call   |     grp_AWBChannelGainKernel_Pipeline_Col_Loop_fu_258     |    2    |    85   |   509   |
|          | grp_AWBChannelGainKernel_Pipeline_VITIS_LOOP_216_3_fu_271 |    0    |   242   |    83   |
|----------|-----------------------------------------------------------|---------|---------|---------|
|          |                     icmp_ln145_fu_366                     |    0    |    0    |    70   |
|          |                    icmp_ln145_1_fu_382                    |    0    |    0    |    19   |
|          |                    icmp_ln145_2_fu_412                    |    0    |    0    |    19   |
|          |                    icmp_ln145_3_fu_422                    |    0    |    0    |    18   |
|          |                    icmp_ln145_4_fu_468                    |    0    |    0    |    13   |
|          |                     icmp_ln176_fu_595                     |    0    |    0    |    19   |
|   icmp   |                     icmp_ln225_fu_644                     |    0    |    0    |    47   |
|          |                    icmp_ln225_1_fu_658                    |    0    |    0    |    47   |
|          |                     icmp_ln236_fu_716                     |    0    |    0    |    85   |
|          |                     icmp_ln242_fu_748                     |    0    |    0    |    85   |
|          |                     icmp_ln247_fu_778                     |    0    |    0    |    85   |
|          |                     icmp_ln253_fu_801                     |    0    |    0    |    63   |
|          |                    icmp_ln253_1_fu_815                    |    0    |    0    |    63   |
|          |                     icmp_ln255_fu_829                     |    0    |    0    |    63   |
|----------|-----------------------------------------------------------|---------|---------|---------|
|          |                    select_ln145_fu_358                    |    0    |    0    |    52   |
|          |                   select_ln145_1_fu_400                   |    0    |    0    |    10   |
|          |                   select_ln145_4_fu_428                   |    0    |    0    |    2    |
|          |                   select_ln145_2_fu_450                   |    0    |    0    |    32   |
|  select  |                   select_ln145_3_fu_480                   |    0    |    0    |    32   |
|          |                    select_ln225_fu_650                    |    0    |    0    |    36   |
|          |                   select_ln225_1_fu_680                   |    0    |    0    |    2    |
|          |                    select_ln253_fu_807                    |    0    |    0    |    55   |
|          |                      gain_max1_fu_821                     |    0    |    0    |    55   |
|----------|-----------------------------------------------------------|---------|---------|---------|
|   ashr   |                     ashr_ln145_fu_440                     |    0    |    0    |   159   |
|----------|-----------------------------------------------------------|---------|---------|---------|
|          |                      sub_ln145_fu_352                     |    0    |    0    |    60   |
|    sub   |                     sub_ln145_1_fu_372                    |    0    |    0    |    19   |
|          |                     sub_ln145_2_fu_394                    |    0    |    0    |    18   |
|          |                      sub_ln148_fu_576                     |    0    |    0    |    41   |
|----------|-----------------------------------------------------------|---------|---------|---------|
|    shl   |                      shl_ln145_fu_474                     |    0    |    0    |    96   |
|----------|-----------------------------------------------------------|---------|---------|---------|
|    add   |                      add_ln145_fu_388                     |    0    |    0    |    18   |
|          |                         i_8_fu_600                        |    0    |    0    |    19   |
|----------|-----------------------------------------------------------|---------|---------|---------|
| sparsemux|                    thresh_float_fu_528                    |    0    |    0    |    14   |
|          |                    max_sum_fixed_fu_688                   |    0    |    0    |    9    |
|----------|-----------------------------------------------------------|---------|---------|---------|
|          |                      xor_ln145_fu_488                     |    0    |    0    |    2    |
|    xor   |                     xor_ln145_1_fu_506                    |    0    |    0    |    2    |
|          |                      xor_ln225_fu_664                     |    0    |    0    |    2    |
|----------|-----------------------------------------------------------|---------|---------|---------|
|    and   |                      and_ln145_fu_494                     |    0    |    0    |    2    |
|          |                     and_ln145_1_fu_512                    |    0    |    0    |    2    |
|----------|-----------------------------------------------------------|---------|---------|---------|
|    or    |                      or_ln145_fu_500                      |    0    |    0    |    2    |
|          |                      or_ln225_fu_674                      |    0    |    0    |    2    |
|----------|-----------------------------------------------------------|---------|---------|---------|
|          |                  thresh_read_read_fu_174                  |    0    |    0    |    0    |
|   read   |               src1_cols_val_read_read_fu_180              |    0    |    0    |    0    |
|          |               src1_rows_val_read_read_fu_186              |    0    |    0    |    0    |
|----------|-----------------------------------------------------------|---------|---------|---------|
|  sitofp  |                         grp_fu_281                        |    0    |    0    |    0    |
|----------|-----------------------------------------------------------|---------|---------|---------|
|   fpext  |                         grp_fu_285                        |    0    |    0    |    0    |
|----------|-----------------------------------------------------------|---------|---------|---------|
|          |                     trunc_ln145_fu_312                    |    0    |    0    |    0    |
|          |                    trunc_ln145_1_fu_336                   |    0    |    0    |    0    |
|          |                    trunc_ln145_2_fu_378                   |    0    |    0    |    0    |
|          |                    trunc_ln145_3_fu_418                   |    0    |    0    |    0    |
|          |                    trunc_ln145_4_fu_446                   |    0    |    0    |    0    |
|   trunc  |                     trunc_ln216_fu_632                    |    0    |    0    |    0    |
|          |                    trunc_ln216_1_fu_636                   |    0    |    0    |    0    |
|          |                    trunc_ln216_2_fu_640                   |    0    |    0    |    0    |
|          |                       dinB1_1_fu_881                      |    0    |    0    |    0    |
|          |                       dinG1_1_fu_886                      |    0    |    0    |    0    |
|          |                       dinR1_1_fu_891                      |    0    |    0    |    0    |
|----------|-----------------------------------------------------------|---------|---------|---------|
| bitselect|                         tmp_fu_316                        |    0    |    0    |    0    |
|----------|-----------------------------------------------------------|---------|---------|---------|
|          |                        tmp_1_fu_324                       |    0    |    0    |    0    |
|          |                        tmp_3_fu_458                       |    0    |    0    |    0    |
|          |                      trunc_ln1_fu_552                     |    0    |    0    |    0    |
|partselect|                      trunc_ln2_fu_582                     |    0    |    0    |    0    |
|          |                 i_gain_write_assign_fu_896                |    0    |    0    |    0    |
|          |                i_gain_write_assign_1_fu_910               |    0    |    0    |    0    |
|          |                i_gain_write_assign_2_fu_924               |    0    |    0    |    0    |
|----------|-----------------------------------------------------------|---------|---------|---------|
|          |                     zext_ln145_fu_332                     |    0    |    0    |    0    |
|          |                    zext_ln145_1_fu_348                    |    0    |    0    |    0    |
|          |                    zext_ln145_3_fu_408                    |    0    |    0    |    0    |
|          |                    zext_ln145_2_fu_436                    |    0    |    0    |    0    |
|          |                     zext_ln225_fu_670                     |    0    |    0    |    0    |
|   zext   |                     zext_ln239_fu_730                     |    0    |    0    |    0    |
|          |                     zext_ln245_fu_761                     |    0    |    0    |    0    |
|          |                     zext_ln250_fu_791                     |    0    |    0    |    0    |
|          |                     zext_ln256_fu_843                     |    0    |    0    |    0    |
|          |                     zext_ln268_fu_906                     |    0    |    0    |    0    |
|          |                     zext_ln269_fu_920                     |    0    |    0    |    0    |
|          |                     zext_ln270_fu_934                     |    0    |    0    |    0    |
|----------|-----------------------------------------------------------|---------|---------|---------|
|          |                  zext_ln145_1_cast_fu_340                 |    0    |    0    |    0    |
|          |                      sel_tmp6_fu_518                      |    0    |    0    |    0    |
|          |                        tmp_4_fu_565                       |    0    |    0    |    0    |
|          |                       shl_ln_fu_708                       |    0    |    0    |    0    |
|          |                       shl_ln1_fu_722                      |    0    |    0    |    0    |
|bitconcatenate|                       shl_ln2_fu_741                      |    0    |    0    |    0    |
|          |                       shl_ln3_fu_754                      |    0    |    0    |    0    |
|          |                       shl_ln4_fu_771                      |    0    |    0    |    0    |
|          |                       shl_ln5_fu_784                      |    0    |    0    |    0    |
|          |                       shl_ln6_fu_835                      |    0    |    0    |    0    |
|          |                       shl_ln7_fu_853                      |    0    |    0    |    0    |
|          |                       shl_ln8_fu_867                      |    0    |    0    |    0    |
|----------|-----------------------------------------------------------|---------|---------|---------|
|   sext   |                     sext_ln148_fu_562                     |    0    |    0    |    0    |
|          |                    sext_ln148_1_fu_572                    |    0    |    0    |    0    |
|----------|-----------------------------------------------------------|---------|---------|---------|
|          |                         mrv_fu_938                        |    0    |    0    |    0    |
|insertvalue|                        mrv_1_fu_944                       |    0    |    0    |    0    |
|          |                        mrv_2_fu_950                       |    0    |    0    |    0    |
|----------|-----------------------------------------------------------|---------|---------|---------|
|   Total  |                                                           |    2    |   4713  |   4671  |
|----------|-----------------------------------------------------------|---------|---------|---------|

Memories:
N/A

* Register list:
+---------------------------+--------+
|                           |   FF   |
+---------------------------+--------+
|       conv_reg_1007       |   32   |
|       dinB1_reg_192       |   56   |
|       dinG1_reg_204       |   56   |
|       dinR1_reg_216       |   56   |
|     empty_120_reg_238     |   56   |
|     empty_121_reg_248     |   56   |
|       empty_reg_228       |   56   |
|         i_reg_956         |   12   |
|    icmp_ln236_reg_1063    |    1   |
|    icmp_ln242_reg_1077    |    1   |
|    icmp_ln247_reg_1091    |    1   |
|    icmp_ln255_reg_1105    |    1   |
|   max_sum_fixed_reg_1057  |   10   |
|  mux_case_02_loc_reg_989  |   40   |
|  mux_case_14_loc_reg_995  |   40   |
|  mux_case_26_loc_reg_1001 |   40   |
|      shl_ln1_reg_1067     |   56   |
|      shl_ln3_reg_1081     |   56   |
|      shl_ln5_reg_1095     |   56   |
|      shl_ln6_reg_1109     |   102  |
|      shl_ln7_reg_1121     |   102  |
|      shl_ln8_reg_1126     |   102  |
|src1_cols_val_read_reg_1018|   12   |
|src1_rows_val_read_reg_1023|   12   |
|    thresh_read_reg_984    |   32   |
|tmpsum_vals_1_load_reg_1041|   40   |
|   tmpsum_vals_1_reg_970   |   40   |
|tmpsum_vals_2_load_reg_1036|   40   |
|   tmpsum_vals_2_reg_963   |   40   |
| tmpsum_vals_load_reg_1046 |   40   |
|    tmpsum_vals_reg_977    |   40   |
|     trunc_ln1_reg_1012    |   24   |
|     trunc_ln2_reg_1028    |   19   |
|    zext_ln239_reg_1072    |   56   |
|    zext_ln245_reg_1086    |   56   |
|    zext_ln250_reg_1100    |   56   |
|    zext_ln256_reg_1114    |   102  |
+---------------------------+--------+
|           Total           |  1597  |
+---------------------------+--------+

* Multiplexer (MUX) list: 
|-----------------------------------------------------------|------|------|------|--------||---------||---------||---------|
|                            Comp                           |  Pin | Size |  BW  | S x BW ||  Delay  ||    FF   ||   LUT   |
|-----------------------------------------------------------|------|------|------|--------||---------||---------||---------|
|                       dinB1_reg_192                       |  p0  |   2  |  56  |   112  ||    0    ||    9    |
|                       dinG1_reg_204                       |  p0  |   2  |  56  |   112  ||    0    ||    9    |
|                       dinR1_reg_216                       |  p0  |   2  |  56  |   112  ||    0    ||    9    |
| grp_AWBChannelGainKernel_Pipeline_VITIS_LOOP_216_3_fu_271 |  p1  |   2  |  40  |   80   ||    0    ||    9    |
| grp_AWBChannelGainKernel_Pipeline_VITIS_LOOP_216_3_fu_271 |  p2  |   2  |  40  |   80   ||    0    ||    9    |
| grp_AWBChannelGainKernel_Pipeline_VITIS_LOOP_216_3_fu_271 |  p3  |   2  |  40  |   80   ||    0    ||    9    |
|                         grp_fu_281                        |  p0  |   2  |  32  |   64   ||    0    ||    9    |
|                         grp_fu_734                        |  p0  |   2  |  56  |   112  ||    0    ||    9    |
|                         grp_fu_734                        |  p1  |   2  |  40  |   80   ||    0    ||    9    |
|                         grp_fu_764                        |  p0  |   2  |  56  |   112  ||    0    ||    9    |
|                         grp_fu_764                        |  p1  |   2  |  40  |   80   ||    0    ||    9    |
|                         grp_fu_794                        |  p0  |   2  |  56  |   112  ||    0    ||    9    |
|                         grp_fu_794                        |  p1  |   2  |  40  |   80   ||    0    ||    9    |
|                         grp_fu_847                        |  p0  |   2  |  102 |   204  ||    0    ||    9    |
|                         grp_fu_847                        |  p1  |   2  |  56  |   112  ||    0    ||    9    |
|                         grp_fu_861                        |  p0  |   2  |  102 |   204  ||    0    ||    9    |
|                         grp_fu_861                        |  p1  |   2  |  56  |   112  ||    0    ||    9    |
|                         grp_fu_875                        |  p0  |   2  |  102 |   204  ||    0    ||    9    |
|                         grp_fu_875                        |  p1  |   2  |  56  |   112  ||    0    ||    9    |
|-----------------------------------------------------------|------|------|------|--------||---------||---------||---------|
|                           Total                           |      |      |      |  2164  ||  8.113  ||    0    ||   171   |
|-----------------------------------------------------------|------|------|------|--------||---------||---------||---------|



* Summary:
+-----------+--------+--------+--------+--------+
|           |   DSP  |  Delay |   FF   |   LUT  |
+-----------+--------+--------+--------+--------+
|  Function |    2   |    -   |  4713  |  4671  |
|   Memory  |    -   |    -   |    -   |    -   |
|Multiplexer|    -   |    8   |    0   |   171  |
|  Register |    -   |    -   |  1597  |    -   |
+-----------+--------+--------+--------+--------+
|   Total   |    2   |    8   |  6310  |  4842  |
+-----------+--------+--------+--------+--------+
