

================================================================
== Vitis HLS Report for 'DebayerRandBatG_Pipeline_VITIS_LOOP_881_2'
================================================================
* Date:           Thu Dec 28 17:19:12 2023

* Version:        2023.2 (Build 4023990 on Oct 11 2023)
* Project:        prj
* Solution:       sol (Vivado IP Flow Target)
* Product family: zynq
* Target device:  xc7z020-clg484-1


================================================================
== Performance Estimates
================================================================
+ Timing: 
    * Summary: 
    +--------+---------+----------+------------+
    |  Clock |  Target | Estimated| Uncertainty|
    +--------+---------+----------+------------+
    |ap_clk  |  7.00 ns|  6.665 ns|     1.89 ns|
    +--------+---------+----------+------------+

+ Latency: 
    * Summary: 
    +---------+---------+-----------+----------+-----+-----+---------+
    |  Latency (cycles) |  Latency (absolute)  |  Interval | Pipeline|
    |   min   |   max   |    min    |    max   | min | max |   Type  |
    +---------+---------+-----------+----------+-----+-----+---------+
    |        7|      407|  49.000 ns|  2.849 us|    7|  407|       no|
    +---------+---------+-----------+----------+-----+-----+---------+

    + Detail: 
        * Instance: 
        N/A

        * Loop: 
        +--------------------+---------+---------+----------+-----------+-----------+---------+----------+
        |                    |  Latency (cycles) | Iteration|  Initiation Interval  |   Trip  |          |
        |      Loop Name     |   min   |   max   |  Latency |  achieved |   target  |  Count  | Pipelined|
        +--------------------+---------+---------+----------+-----------+-----------+---------+----------+
        |- VITIS_LOOP_881_2  |        5|      405|         6|          1|          1|  1 ~ 401|       yes|
        +--------------------+---------+---------+----------+-----------+-----------+---------+----------+



================================================================
== Utilization Estimates
================================================================
* Summary: 
+-----------------+---------+-----+--------+-------+-----+
|       Name      | BRAM_18K| DSP |   FF   |  LUT  | URAM|
+-----------------+---------+-----+--------+-------+-----+
|DSP              |        -|    -|       -|      -|    -|
|Expression       |        -|    -|       0|    998|    -|
|FIFO             |        -|    -|       -|      -|    -|
|Instance         |        -|    -|       -|      -|    -|
|Memory           |        -|    -|       -|      -|    -|
|Multiplexer      |        -|    -|       -|    414|    -|
|Register         |        -|    -|    1528|    288|    -|
+-----------------+---------+-----+--------+-------+-----+
|Total            |        0|    0|    1528|   1700|    0|
+-----------------+---------+-----+--------+-------+-----+
|Available        |      280|  220|  106400|  53200|    0|
+-----------------+---------+-----+--------+-------+-----+
|Utilization (%)  |        0|    0|       1|      3|    0|
+-----------------+---------+-----+--------+-------+-----+

+ Detail: 
    * Instance: 
    N/A

    * DSP: 
    N/A

    * Memory: 
    N/A

    * FIFO: 
    N/A

    * Expression: 
    +-----------------------------------+----------+----+---+----+------------+------------+
    |           Variable Name           | Operation| DSP| FF| LUT| Bitwidth P0| Bitwidth P1|
    +-----------------------------------+----------+----+---+----+------------+------------+
    |add_ln1030_1_fu_1201_p2            |         +|   0|  0|  12|          12|          12|
    |add_ln1030_2_fu_1215_p2            |         +|   0|  0|  12|          11|          11|
    |add_ln1030_3_fu_1229_p2            |         +|   0|  0|  12|          12|          12|
    |add_ln1030_fu_1187_p2              |         +|   0|  0|  12|          11|          11|
    |add_ln1033_fu_1251_p2              |         +|   0|  0|  12|          12|          12|
    |add_ln1034_fu_1291_p2              |         +|   0|  0|  12|          12|          12|
    |add_ln1039_fu_1319_p2              |         +|   0|  0|  12|          12|          12|
    |add_ln1040_fu_1361_p2              |         +|   0|  0|  12|          12|          12|
    |x_8_fu_567_p2                      |         +|   0|  0|  14|           9|           1|
    |b_2_fu_1587_p2                     |         -|   0|  0|  17|          14|          14|
    |r_2_fu_1569_p2                     |         -|   0|  0|  17|          14|          14|
    |sub_ln1023_fu_919_p2               |         -|   0|  0|  12|          11|          11|
    |sub_ln1024_fu_937_p2               |         -|   0|  0|  12|          11|          11|
    |sub_ln1025_fu_955_p2               |         -|   0|  0|  12|          11|          11|
    |sub_ln1026_fu_973_p2               |         -|   0|  0|  12|          11|          11|
    |sub_ln1027_fu_1117_p2              |         -|   0|  0|  12|          11|          11|
    |sub_ln1028_fu_1149_p2              |         -|   0|  0|  12|          11|          11|
    |sub_ln1033_1_fu_1239_p2            |         -|   0|  0|  12|          11|          11|
    |sub_ln1033_2_fu_1257_p2            |         -|   0|  0|  12|           1|          12|
    |sub_ln1033_3_fu_1415_p2            |         -|   0|  0|  14|           1|          13|
    |sub_ln1033_fu_1235_p2              |         -|   0|  0|  12|          11|          11|
    |sub_ln1034_1_fu_1278_p2            |         -|   0|  0|  12|          11|          11|
    |sub_ln1034_2_fu_1297_p2            |         -|   0|  0|  12|           1|          12|
    |sub_ln1034_3_fu_1464_p2            |         -|   0|  0|  14|           1|          13|
    |sub_ln1034_fu_1273_p2              |         -|   0|  0|  12|          11|          11|
    |sub_ln1039_1_fu_997_p2             |         -|   0|  0|  12|          11|          11|
    |sub_ln1039_2_fu_1325_p2            |         -|   0|  0|  12|           1|          12|
    |sub_ln1039_3_fu_1349_p2            |         -|   0|  0|  14|           1|          13|
    |sub_ln1039_fu_991_p2               |         -|   0|  0|  12|          11|          11|
    |sub_ln1040_1_fu_1009_p2            |         -|   0|  0|  12|          11|          11|
    |sub_ln1040_2_fu_1367_p2            |         -|   0|  0|  12|           1|          12|
    |sub_ln1040_3_fu_1391_p2            |         -|   0|  0|  14|           1|          13|
    |sub_ln1040_fu_1003_p2              |         -|   0|  0|  12|          11|          11|
    |sub_ln61_4_fu_1052_p2              |         -|   0|  0|  13|           1|          10|
    |sub_ln61_5_fu_1071_p2              |         -|   0|  0|  13|           1|          10|
    |sub_ln61_6_fu_1090_p2              |         -|   0|  0|  13|           1|          10|
    |sub_ln61_7_fu_1127_p2              |         -|   0|  0|  13|           1|          10|
    |sub_ln61_8_fu_1157_p2              |         -|   0|  0|  13|           1|          10|
    |sub_ln61_fu_1033_p2                |         -|   0|  0|  13|           1|          10|
    |and_ln1043_fu_1646_p2              |       and|   0|  0|   2|           1|           1|
    |and_ln1052_fu_623_p2               |       and|   0|  0|   2|           1|           1|
    |ap_block_pp0                       |       and|   0|  0|   2|           1|           1|
    |ap_block_state2_pp0_stage0_iter1   |       and|   0|  0|   2|           1|           1|
    |ap_block_state6_pp0_stage0_iter5   |       and|   0|  0|   2|           1|           1|
    |ap_condition_1337                  |       and|   0|  0|   2|           1|           1|
    |ap_condition_1341                  |       and|   0|  0|   2|           1|           1|
    |ap_condition_294                   |       and|   0|  0|   2|           1|           1|
    |ap_condition_448                   |       and|   0|  0|   2|           1|           1|
    |ap_condition_57                    |       and|   0|  0|   2|           1|           1|
    |ap_enable_state1_pp0_iter0_stage0  |       and|   0|  0|   2|           1|           1|
    |ap_enable_state2_pp0_iter1_stage0  |       and|   0|  0|   2|           1|           1|
    |ap_enable_state3_pp0_iter2_stage0  |       and|   0|  0|   2|           1|           1|
    |ap_predicate_op108_store_state3    |       and|   0|  0|   2|           1|           1|
    |ap_predicate_op128_store_state3    |       and|   0|  0|   2|           1|           1|
    |ap_predicate_op65_load_state1      |       and|   0|  0|   2|           1|           1|
    |ap_predicate_op78_load_state2      |       and|   0|  0|   2|           1|           1|
    |cmp161_i_fu_589_p2                 |      icmp|   0|  0|  14|           9|           1|
    |icmp_ln1014_fu_611_p2              |      icmp|   0|  0|  20|          15|          15|
    |icmp_ln1030_fu_1397_p2             |      icmp|   0|  0|  12|          12|          12|
    |icmp_ln1042_fu_1611_p2             |      icmp|   0|  0|  13|           4|           1|
    |icmp_ln1043_fu_1635_p2             |      icmp|   0|  0|  13|           4|           1|
    |icmp_ln1052_fu_617_p2              |      icmp|   0|  0|  14|           9|           1|
    |icmp_ln881_fu_561_p2               |      icmp|   0|  0|  14|           9|           9|
    |icmp_ln891_fu_583_p2               |      icmp|   0|  0|  14|           9|           9|
    |ap_block_pp0_stage0_01001          |        or|   0|  0|   2|           1|           1|
    |or_ln1042_fu_1671_p2               |        or|   0|  0|   2|           1|           1|
    |or_ln1043_fu_1697_p2               |        or|   0|  0|   2|           1|           1|
    |DBh_fu_1141_p3                     |    select|   0|  0|  10|           1|          10|
    |DBv_fu_1171_p3                     |    select|   0|  0|  10|           1|          10|
    |DGh_fu_1083_p3                     |    select|   0|  0|  10|           1|          10|
    |DGv_fu_1102_p3                     |    select|   0|  0|  10|           1|          10|
    |DRh_fu_1045_p3                     |    select|   0|  0|  10|           1|          10|
    |DRv_fu_1064_p3                     |    select|   0|  0|  10|           1|          10|
    |PixBufVal_3_fu_851_p3              |    select|   0|  0|  10|           1|          10|
    |PixBufVal_4_fu_845_p3              |    select|   0|  0|  10|           1|          10|
    |PixBufVal_fu_857_p3                |    select|   0|  0|  10|           1|          10|
    |b_3_fu_1708_p3                     |    select|   0|  0|  10|           1|          10|
    |r_3_fu_1675_p3                     |    select|   0|  0|  10|           1|          10|
    |r_4_fu_1683_p3                     |    select|   0|  0|  10|           1|          10|
    |select_ln1030_1_fu_1575_p3         |    select|   0|  0|  13|           1|          13|
    |select_ln1030_fu_1557_p3           |    select|   0|  0|  13|           1|          13|
    |select_ln1033_fu_1438_p3           |    select|   0|  0|  13|           1|          13|
    |select_ln1034_fu_1487_p3           |    select|   0|  0|  13|           1|          13|
    |select_ln1039_fu_1519_p3           |    select|   0|  0|  13|           1|          13|
    |select_ln1040_fu_1550_p3           |    select|   0|  0|  13|           1|          13|
    |select_ln1042_fu_1663_p3           |    select|   0|  0|   2|           1|           2|
    |select_ln1043_1_fu_1701_p3         |    select|   0|  0|  10|           1|           2|
    |select_ln1043_fu_1690_p3           |    select|   0|  0|  10|           1|           1|
    |select_ln957_10_fu_829_p3          |    select|   0|  0|  10|           1|          10|
    |select_ln957_11_fu_837_p3          |    select|   0|  0|  10|           1|          10|
    |select_ln957_1_fu_767_p3           |    select|   0|  0|  10|           1|          10|
    |select_ln957_2_fu_773_p3           |    select|   0|  0|  10|           1|          10|
    |select_ln957_3_fu_780_p3           |    select|   0|  0|  10|           1|          10|
    |select_ln957_4_fu_787_p3           |    select|   0|  0|  10|           1|          10|
    |select_ln957_5_fu_794_p3           |    select|   0|  0|  10|           1|          10|
    |select_ln957_6_fu_800_p3           |    select|   0|  0|  10|           1|          10|
    |select_ln957_7_fu_807_p3           |    select|   0|  0|  10|           1|          10|
    |select_ln957_8_fu_814_p3           |    select|   0|  0|  10|           1|          10|
    |select_ln957_9_fu_821_p3           |    select|   0|  0|  10|           1|          10|
    |select_ln957_fu_761_p3             |    select|   0|  0|  10|           1|          10|
    |ap_enable_pp0                      |       xor|   0|  0|   2|           1|           2|
    |xor_ln1014_1_fu_601_p2             |       xor|   0|  0|   2|           1|           2|
    |xor_ln1014_2_fu_1641_p2            |       xor|   0|  0|   2|           1|           2|
    |xor_ln1014_fu_595_p2               |       xor|   0|  0|   2|           1|           1|
    |xor_ln1042_fu_1658_p2              |       xor|   0|  0|   2|           1|           2|
    +-----------------------------------+----------+----+---+----+------------+------------+
    |Total                              |          |   0|  0| 998|         428|         838|
    +-----------------------------------+----------+----+---+----+------------+------------+

    * Multiplexer: 
    +-----------------------------------------------------+----+-----------+-----+-----------+
    |                         Name                        | LUT| Input Size| Bits| Total Bits|
    +-----------------------------------------------------+----+-----------+-----+-----------+
    |ap_done_int                                          |   9|          2|    1|          2|
    |ap_enable_reg_pp0_iter3                              |   9|          2|    1|          2|
    |ap_phi_mux_down_1_phi_fu_394_p4                      |  14|          3|   10|         30|
    |ap_phi_mux_down_2_phi_fu_385_p4                      |  14|          3|   10|         30|
    |ap_phi_mux_down_phi_fu_403_p4                        |  14|          3|   10|         30|
    |ap_phi_mux_left_1_phi_fu_412_p4                      |  14|          3|   10|         30|
    |ap_phi_mux_left_phi_fu_421_p4                        |  14|          3|   10|         30|
    |ap_phi_mux_pix_7_phi_fu_440_p4                       |  14|          3|   10|         30|
    |ap_phi_mux_pix_8_phi_fu_430_p4                       |  14|          3|   10|         30|
    |ap_phi_mux_pix_phi_fu_450_p4                         |  14|          3|   10|         30|
    |ap_phi_mux_up_1_phi_fu_469_p4                        |  14|          3|   10|         30|
    |ap_phi_mux_up_2_phi_fu_460_p4                        |  14|          3|   10|         30|
    |ap_phi_mux_up_phi_fu_478_p4                          |  14|          3|   10|         30|
    |ap_phi_reg_pp0_iter2_p_0_0_01194_21790_ph_i_reg_355  |  14|          3|   10|         30|
    |ap_phi_reg_pp0_iter2_p_0_0_01195_21788_ph_i_reg_364  |  14|          3|   10|         30|
    |ap_phi_reg_pp0_iter2_p_0_0_01196_21786_ph_i_reg_373  |  14|          3|   10|         30|
    |ap_phi_reg_pp0_iter3_left_2_reg_484                  |  14|          3|   10|         30|
    |ap_sig_allocacmp_z                                   |   9|          2|    9|         18|
    |imgRB_blk_n                                          |   9|          2|    1|          2|
    |imgRgb_blk_n                                         |   9|          2|    1|          2|
    |p_0_0_0117217961807_i_fu_160                         |   9|          2|   10|         20|
    |p_0_0_0117317941805_i_fu_156                         |   9|          2|   10|         20|
    |p_0_0_0117417921803_i_fu_152                         |   9|          2|   10|         20|
    |p_0_0_01194_217901819_i_fu_184                       |   9|          2|   10|         20|
    |p_0_0_01195_217881817_i_fu_180                       |   9|          2|   10|         20|
    |p_0_0_01196_217861815_i_fu_176                       |   9|          2|   10|         20|
    |p_0_0_0_0_011661717_i_fu_188                         |   9|          2|   10|         20|
    |p_0_1_0_0_011671720_i_fu_192                         |   9|          2|   10|         20|
    |p_0_2_0_0_011681723_i_fu_196                         |   9|          2|   10|         20|
    |pix_7_reg_437                                        |  14|          3|   10|         30|
    |pix_8_reg_427                                        |  14|          3|   10|         30|
    |pix_reg_447                                          |  14|          3|   10|         30|
    |right_1_fu_168                                       |   9|          2|   10|         20|
    |right_2_fu_172                                       |   9|          2|   10|         20|
    |right_fu_164                                         |   9|          2|   10|         20|
    |x_fu_148                                             |   9|          2|    9|         18|
    +-----------------------------------------------------+----+-----------+-----+-----------+
    |Total                                                | 414|         90|  322|        824|
    +-----------------------------------------------------+----+-----------+-----+-----------+

    * Register: 
    +-----------------------------------------------------+----+----+-----+-----------+
    |                         Name                        | FF | LUT| Bits| Const Bits|
    +-----------------------------------------------------+----+----+-----+-----------+
    |InPix_reg_1996                                       |  30|   0|   30|          0|
    |add_ln1030_1_reg_2168                                |  12|   0|   12|          0|
    |add_ln1030_3_reg_2173                                |  12|   0|   12|          0|
    |add_ln1033_reg_2178                                  |  12|   0|   12|          0|
    |add_ln1034_reg_2189                                  |  12|   0|   12|          0|
    |add_ln1039_reg_2200                                  |  12|   0|   12|          0|
    |add_ln1040_reg_2211                                  |  12|   0|   12|          0|
    |and_ln1043_reg_2248                                  |   1|   0|    1|          0|
    |and_ln1052_reg_1935                                  |   1|   0|    1|          0|
    |ap_CS_fsm                                            |   1|   0|    1|          0|
    |ap_done_reg                                          |   1|   0|    1|          0|
    |ap_enable_reg_pp0_iter1                              |   1|   0|    1|          0|
    |ap_enable_reg_pp0_iter2                              |   1|   0|    1|          0|
    |ap_enable_reg_pp0_iter3                              |   1|   0|    1|          0|
    |ap_enable_reg_pp0_iter4                              |   1|   0|    1|          0|
    |ap_enable_reg_pp0_iter5                              |   1|   0|    1|          0|
    |ap_loop_exit_ready_pp0_iter1_reg                     |   1|   0|    1|          0|
    |ap_loop_exit_ready_pp0_iter2_reg                     |   1|   0|    1|          0|
    |ap_loop_exit_ready_pp0_iter3_reg                     |   1|   0|    1|          0|
    |ap_loop_exit_ready_pp0_iter4_reg                     |   1|   0|    1|          0|
    |ap_phi_reg_pp0_iter1_left_2_reg_484                  |  10|   0|   10|          0|
    |ap_phi_reg_pp0_iter1_p_0_0_01194_21790_ph_i_reg_355  |  10|   0|   10|          0|
    |ap_phi_reg_pp0_iter1_p_0_0_01195_21788_ph_i_reg_364  |  10|   0|   10|          0|
    |ap_phi_reg_pp0_iter1_p_0_0_01196_21786_ph_i_reg_373  |  10|   0|   10|          0|
    |ap_phi_reg_pp0_iter2_left_2_reg_484                  |  10|   0|   10|          0|
    |ap_phi_reg_pp0_iter2_p_0_0_01194_21790_ph_i_reg_355  |  10|   0|   10|          0|
    |ap_phi_reg_pp0_iter2_p_0_0_01195_21788_ph_i_reg_364  |  10|   0|   10|          0|
    |ap_phi_reg_pp0_iter2_p_0_0_01196_21786_ph_i_reg_373  |  10|   0|   10|          0|
    |ap_phi_reg_pp0_iter3_left_2_reg_484                  |  10|   0|   10|          0|
    |b_2_reg_2227                                         |  14|   0|   14|          0|
    |cmp161_i_reg_1912                                    |   1|   0|    1|          0|
    |cmp161_i_reg_1912_pp0_iter1_reg                      |   1|   0|    1|          0|
    |icmp_ln1014_reg_1928                                 |   1|   0|    1|          0|
    |icmp_ln1042_reg_2238                                 |   1|   0|    1|          0|
    |icmp_ln1043_reg_2243                                 |   1|   0|    1|          0|
    |icmp_ln881_reg_1892                                  |   1|   0|    1|          0|
    |icmp_ln891_reg_1896                                  |   1|   0|    1|          0|
    |lineBuffer_1_i_addr_reg_1906                         |   9|   0|    9|          0|
    |lineBuffer_1_i_addr_reg_1906_pp0_iter1_reg           |   9|   0|    9|          0|
    |lineBuffer_i_addr_reg_1900                           |   9|   0|    9|          0|
    |lineBuffer_i_addr_reg_1900_pp0_iter1_reg             |   9|   0|    9|          0|
    |p_0_0_0117217961807_i_fu_160                         |  10|   0|   10|          0|
    |p_0_0_0117217961807_i_load_reg_2026                  |  10|   0|   10|          0|
    |p_0_0_0117217961807_i_load_reg_2026_pp0_iter3_reg    |  10|   0|   10|          0|
    |p_0_0_0117317941805_i_fu_156                         |  10|   0|   10|          0|
    |p_0_0_0117317941805_i_load_reg_2021                  |  10|   0|   10|          0|
    |p_0_0_0117317941805_i_load_reg_2021_pp0_iter3_reg    |  10|   0|   10|          0|
    |p_0_0_0117417921803_i_fu_152                         |  10|   0|   10|          0|
    |p_0_0_0117417921803_i_load_reg_2016                  |  10|   0|   10|          0|
    |p_0_0_0117417921803_i_load_reg_2016_pp0_iter3_reg    |  10|   0|   10|          0|
    |p_0_0_01194_217901819_i_fu_184                       |  10|   0|   10|          0|
    |p_0_0_01194_217901819_i_load_reg_2046                |  10|   0|   10|          0|
    |p_0_0_01194_217901819_i_load_reg_2046_pp0_iter3_reg  |  10|   0|   10|          0|
    |p_0_0_01195_217881817_i_fu_180                       |  10|   0|   10|          0|
    |p_0_0_01195_217881817_i_load_reg_2041                |  10|   0|   10|          0|
    |p_0_0_01195_217881817_i_load_reg_2041_pp0_iter3_reg  |  10|   0|   10|          0|
    |p_0_0_01196_217861815_i_fu_176                       |  10|   0|   10|          0|
    |p_0_0_01196_217861815_i_load_reg_2036                |  10|   0|   10|          0|
    |p_0_0_01196_217861815_i_load_reg_2036_pp0_iter3_reg  |  10|   0|   10|          0|
    |p_0_0_0_0_011661717_i_fu_188                         |  10|   0|   10|          0|
    |p_0_0_0_0_011661717_i_load_reg_2051                  |  10|   0|   10|          0|
    |p_0_0_0_0_011661717_i_load_reg_2051_pp0_iter3_reg    |  10|   0|   10|          0|
    |p_0_1_0_0_011671720_i_fu_192                         |  10|   0|   10|          0|
    |p_0_1_0_0_011671720_i_load_reg_2056                  |  10|   0|   10|          0|
    |p_0_1_0_0_011671720_i_load_reg_2056_pp0_iter3_reg    |  10|   0|   10|          0|
    |p_0_2_0_0_011681723_i_fu_196                         |  10|   0|   10|          0|
    |p_0_2_0_0_011681723_i_load_reg_2061                  |  10|   0|   10|          0|
    |p_0_2_0_0_011681723_i_load_reg_2061_pp0_iter3_reg    |  10|   0|   10|          0|
    |pix_7_reg_437                                        |  10|   0|   10|          0|
    |pix_8_reg_427                                        |  10|   0|   10|          0|
    |pix_reg_447                                          |  10|   0|   10|          0|
    |r_2_reg_2222                                         |  14|   0|   14|          0|
    |right_1_fu_168                                       |  10|   0|   10|          0|
    |right_2_fu_172                                       |  10|   0|   10|          0|
    |right_3_reg_1939                                     |  10|   0|   10|          0|
    |right_4_reg_1946                                     |  10|   0|   10|          0|
    |right_5_reg_2031                                     |  10|   0|   10|          0|
    |right_5_reg_2031_pp0_iter3_reg                       |  10|   0|   10|          0|
    |right_fu_164                                         |  10|   0|   10|          0|
    |sub_ln1023_reg_2082                                  |  11|   0|   11|          0|
    |sub_ln1024_reg_2093                                  |  11|   0|   11|          0|
    |sub_ln1025_reg_2116                                  |  11|   0|   11|          0|
    |sub_ln1026_reg_2127                                  |  11|   0|   11|          0|
    |sub_ln1039_1_reg_2153                                |  11|   0|   11|          0|
    |sub_ln1039_3_reg_2206                                |  13|   0|   13|          0|
    |sub_ln1039_reg_2148                                  |  11|   0|   11|          0|
    |sub_ln1040_1_reg_2163                                |  11|   0|   11|          0|
    |sub_ln1040_3_reg_2217                                |  13|   0|   13|          0|
    |sub_ln1040_reg_2158                                  |  11|   0|   11|          0|
    |tmp_1_i2_reg_1969                                    |  10|   0|   10|          0|
    |tmp_22_reg_2232                                      |   1|   0|    1|          0|
    |tmp_3_i3_reg_1984                                    |  10|   0|   10|          0|
    |tmp_4_i4_reg_1990                                    |  10|   0|   10|          0|
    |tmp_i1_reg_1961                                      |  10|   0|   10|          0|
    |trunc_ln1033_2_i_reg_2184                            |  11|   0|   11|          0|
    |trunc_ln1034_2_i_reg_2195                            |  11|   0|   11|          0|
    |trunc_ln61_4_reg_2098                                |  10|   0|   10|          0|
    |trunc_ln61_5_reg_2121                                |  10|   0|   10|          0|
    |trunc_ln61_6_reg_2132                                |  10|   0|   10|          0|
    |trunc_ln61_reg_2087                                  |  10|   0|   10|          0|
    |trunc_ln902_1_reg_1978                               |  10|   0|   10|          0|
    |trunc_ln902_reg_1953                                 |  10|   0|   10|          0|
    |x_fu_148                                             |   9|   0|    9|          0|
    |zext_ln1023_1_reg_2077                               |  10|   0|   11|          1|
    |zext_ln1023_reg_2072                                 |  10|   0|   11|          1|
    |zext_ln1025_1_reg_2110                               |  10|   0|   11|          1|
    |zext_ln1025_reg_2104                                 |  10|   0|   11|          1|
    |zext_ln1028_1_reg_2143                               |  10|   0|   11|          1|
    |zext_ln1028_reg_2138                                 |  10|   0|   11|          1|
    |and_ln1052_reg_1935                                  |  64|  32|    1|          0|
    |icmp_ln1014_reg_1928                                 |  64|  32|    1|          0|
    |icmp_ln881_reg_1892                                  |  64|  32|    1|          0|
    |icmp_ln891_reg_1896                                  |  64|  32|    1|          0|
    |pix_7_reg_437                                        |  64|  32|   10|          0|
    |pix_8_reg_427                                        |  64|  32|   10|          0|
    |pix_reg_447                                          |  64|  32|   10|          0|
    |right_3_reg_1939                                     |  64|  32|   10|          0|
    |right_4_reg_1946                                     |  64|  32|   10|          0|
    +-----------------------------------------------------+----+----+-----+-----------+
    |Total                                                |1528| 288| 1012|          6|
    +-----------------------------------------------------+----+----+-----+-----------+



================================================================
== Interface
================================================================
* Summary: 
+------------------------------------+-----+-----+------------+-------------------------------------------+--------------+
|              RTL Ports             | Dir | Bits|  Protocol  |               Source Object               |    C Type    |
+------------------------------------+-----+-----+------------+-------------------------------------------+--------------+
|ap_clk                              |   in|    1|  ap_ctrl_hs|  DebayerRandBatG_Pipeline_VITIS_LOOP_881_2|  return value|
|ap_rst                              |   in|    1|  ap_ctrl_hs|  DebayerRandBatG_Pipeline_VITIS_LOOP_881_2|  return value|
|ap_start                            |   in|    1|  ap_ctrl_hs|  DebayerRandBatG_Pipeline_VITIS_LOOP_881_2|  return value|
|ap_done                             |  out|    1|  ap_ctrl_hs|  DebayerRandBatG_Pipeline_VITIS_LOOP_881_2|  return value|
|ap_idle                             |  out|    1|  ap_ctrl_hs|  DebayerRandBatG_Pipeline_VITIS_LOOP_881_2|  return value|
|ap_ready                            |  out|    1|  ap_ctrl_hs|  DebayerRandBatG_Pipeline_VITIS_LOOP_881_2|  return value|
|imgRB_dout                          |   in|   30|     ap_fifo|                                      imgRB|       pointer|
|imgRB_num_data_valid                |   in|    3|     ap_fifo|                                      imgRB|       pointer|
|imgRB_fifo_cap                      |   in|    3|     ap_fifo|                                      imgRB|       pointer|
|imgRB_empty_n                       |   in|    1|     ap_fifo|                                      imgRB|       pointer|
|imgRB_read                          |  out|    1|     ap_fifo|                                      imgRB|       pointer|
|imgRgb_din                          |  out|   30|     ap_fifo|                                     imgRgb|       pointer|
|imgRgb_num_data_valid               |   in|    3|     ap_fifo|                                     imgRgb|       pointer|
|imgRgb_fifo_cap                     |   in|    3|     ap_fifo|                                     imgRgb|       pointer|
|imgRgb_full_n                       |   in|    1|     ap_fifo|                                     imgRgb|       pointer|
|imgRgb_write                        |  out|    1|     ap_fifo|                                     imgRgb|       pointer|
|p_0_0_01194_217901820_lcssa1856_i   |   in|   10|     ap_none|          p_0_0_01194_217901820_lcssa1856_i|        scalar|
|p_0_0_01195_217881818_lcssa1854_i   |   in|   10|     ap_none|          p_0_0_01195_217881818_lcssa1854_i|        scalar|
|p_0_0_01196_217861816_lcssa1852_i   |   in|   10|     ap_none|          p_0_0_01196_217861816_lcssa1852_i|        scalar|
|p_0_2_0_0_011621813_lcssa1850_i     |   in|   10|     ap_none|            p_0_2_0_0_011621813_lcssa1850_i|        scalar|
|p_0_1_0_0_011611811_lcssa1848_i     |   in|   10|     ap_none|            p_0_1_0_0_011611811_lcssa1848_i|        scalar|
|p_0_0_0_0_011601809_lcssa1846_i     |   in|   10|     ap_none|            p_0_0_0_0_011601809_lcssa1846_i|        scalar|
|p_0_0_0117217961808_lcssa1844_i     |   in|   10|     ap_none|            p_0_0_0117217961808_lcssa1844_i|        scalar|
|p_0_0_0117317941806_lcssa1842_i     |   in|   10|     ap_none|            p_0_0_0117317941806_lcssa1842_i|        scalar|
|p_0_0_0117417921804_lcssa1840_i     |   in|   10|     ap_none|            p_0_0_0117417921804_lcssa1840_i|        scalar|
|p_0_2_0_0_011681721_lcssa1762_i     |   in|   10|     ap_none|            p_0_2_0_0_011681721_lcssa1762_i|        scalar|
|p_0_1_0_0_011671718_lcssa1760_i     |   in|   10|     ap_none|            p_0_1_0_0_011671718_lcssa1760_i|        scalar|
|p_0_0_0_0_011661715_lcssa1758_i     |   in|   10|     ap_none|            p_0_0_0_0_011661715_lcssa1758_i|        scalar|
|loopWidth_i                         |   in|    9|   ap_stable|                                loopWidth_i|        scalar|
|empty_52                            |   in|    1|     ap_none|                                   empty_52|        scalar|
|xor_i                               |   in|   15|     ap_none|                                      xor_i|        scalar|
|cmp478_i                            |   in|    1|     ap_none|                                   cmp478_i|        scalar|
|lineBuffer_1_i_address0             |  out|    9|   ap_memory|                             lineBuffer_1_i|         array|
|lineBuffer_1_i_ce0                  |  out|    1|   ap_memory|                             lineBuffer_1_i|         array|
|lineBuffer_1_i_we0                  |  out|    1|   ap_memory|                             lineBuffer_1_i|         array|
|lineBuffer_1_i_d0                   |  out|   30|   ap_memory|                             lineBuffer_1_i|         array|
|lineBuffer_1_i_address1             |  out|    9|   ap_memory|                             lineBuffer_1_i|         array|
|lineBuffer_1_i_ce1                  |  out|    1|   ap_memory|                             lineBuffer_1_i|         array|
|lineBuffer_1_i_q1                   |   in|   30|   ap_memory|                             lineBuffer_1_i|         array|
|lineBuffer_i_address0               |  out|    9|   ap_memory|                               lineBuffer_i|         array|
|lineBuffer_i_ce0                    |  out|    1|   ap_memory|                               lineBuffer_i|         array|
|lineBuffer_i_we0                    |  out|    1|   ap_memory|                               lineBuffer_i|         array|
|lineBuffer_i_d0                     |  out|   30|   ap_memory|                               lineBuffer_i|         array|
|lineBuffer_i_address1               |  out|    9|   ap_memory|                               lineBuffer_i|         array|
|lineBuffer_i_ce1                    |  out|    1|   ap_memory|                               lineBuffer_i|         array|
|lineBuffer_i_q1                     |   in|   30|   ap_memory|                               lineBuffer_i|         array|
|empty                               |   in|    9|   ap_stable|                                      empty|        scalar|
|cmp59_i                             |   in|    1|     ap_none|                                    cmp59_i|        scalar|
|p_0_0_01194_217901819_i_out         |  out|   10|      ap_vld|                p_0_0_01194_217901819_i_out|       pointer|
|p_0_0_01194_217901819_i_out_ap_vld  |  out|    1|      ap_vld|                p_0_0_01194_217901819_i_out|       pointer|
|p_0_0_01195_217881817_i_out         |  out|   10|      ap_vld|                p_0_0_01195_217881817_i_out|       pointer|
|p_0_0_01195_217881817_i_out_ap_vld  |  out|    1|      ap_vld|                p_0_0_01195_217881817_i_out|       pointer|
|p_0_0_01196_217861815_i_out         |  out|   10|      ap_vld|                p_0_0_01196_217861815_i_out|       pointer|
|p_0_0_01196_217861815_i_out_ap_vld  |  out|    1|      ap_vld|                p_0_0_01196_217861815_i_out|       pointer|
|right_2_i_out                       |  out|   10|      ap_vld|                              right_2_i_out|       pointer|
|right_2_i_out_ap_vld                |  out|    1|      ap_vld|                              right_2_i_out|       pointer|
|right_1_i_out                       |  out|   10|      ap_vld|                              right_1_i_out|       pointer|
|right_1_i_out_ap_vld                |  out|    1|      ap_vld|                              right_1_i_out|       pointer|
|right_i_out                         |  out|   10|      ap_vld|                                right_i_out|       pointer|
|right_i_out_ap_vld                  |  out|    1|      ap_vld|                                right_i_out|       pointer|
|p_0_0_0117217961807_i_out           |  out|   10|      ap_vld|                  p_0_0_0117217961807_i_out|       pointer|
|p_0_0_0117217961807_i_out_ap_vld    |  out|    1|      ap_vld|                  p_0_0_0117217961807_i_out|       pointer|
|p_0_0_0117317941805_i_out           |  out|   10|      ap_vld|                  p_0_0_0117317941805_i_out|       pointer|
|p_0_0_0117317941805_i_out_ap_vld    |  out|    1|      ap_vld|                  p_0_0_0117317941805_i_out|       pointer|
|p_0_0_0117417921803_i_out           |  out|   10|      ap_vld|                  p_0_0_0117417921803_i_out|       pointer|
|p_0_0_0117417921803_i_out_ap_vld    |  out|    1|      ap_vld|                  p_0_0_0117417921803_i_out|       pointer|
|p_0_2_0_0_011681723_i_out           |  out|   10|      ap_vld|                  p_0_2_0_0_011681723_i_out|       pointer|
|p_0_2_0_0_011681723_i_out_ap_vld    |  out|    1|      ap_vld|                  p_0_2_0_0_011681723_i_out|       pointer|
|p_0_1_0_0_011671720_i_out           |  out|   10|      ap_vld|                  p_0_1_0_0_011671720_i_out|       pointer|
|p_0_1_0_0_011671720_i_out_ap_vld    |  out|    1|      ap_vld|                  p_0_1_0_0_011671720_i_out|       pointer|
|p_0_0_0_0_011661717_i_out           |  out|   10|      ap_vld|                  p_0_0_0_0_011661717_i_out|       pointer|
|p_0_0_0_0_011661717_i_out_ap_vld    |  out|    1|      ap_vld|                  p_0_0_0_0_011661717_i_out|       pointer|
+------------------------------------+-----+-----+------------+-------------------------------------------+--------------+

============================================================
+ Verbose Summary: Synthesis Manager
============================================================
InlineROM: 1
ExposeGlobal: 0
============================================================
+ Verbose Summary: CDFG Model
============================================================
IsTopModel: 0
ResetActiveHigh: 1
IsCombinational: 2
IsDatapathOnly: 2
HasWiredReturn: 1
HasMFsm: 2
HasVarLatency: 1
IsPipeline: 0
IsRtlPipelined: 0
IsInstanceOverlapped: 0
IsDontTouch: 0
HasImplIP: 0
IsGatedGlobalClock: 0

+ Individual pipeline summary: 
  * Pipeline-0: initiation interval (II) = 1, depth = 6


============================================================
+ Verbose Summary: Schedule
============================================================
* Number of FSM states : 6
* Pipeline : 1
  Pipeline-0 : II = 1, D = 6, States = { 1 2 3 4 5 6 }
* Dataflow Pipeline: 0

* FSM state transitions: 
1 --> 2 
2 --> 3 
3 --> 4 
4 --> 5 
5 --> 6 
6 --> 

* FSM state operations: 

State 1 <SV = 0> <Delay = 6.66>
ST_1 : Operation 9 [1/1] (0.00ns)   --->   "%x = alloca i32 1" [/home/alen/repo/zynq-7020-video-pipe-3/hw/video-pipe-hw-v5/hw_011223.runs/broncho_video_v_demosaic_0_0_synth_1/prj/sol/.autopilot/db/v_demosaic.cpp:851->/home/alen/repo/zynq-7020-video-pipe-3/hw/video-pipe-hw-v5/hw_011223.runs/broncho_video_v_demosaic_0_0_synth_1/prj/sol/.autopilot/db/v_demosaic.cpp:1073]   --->   Operation 9 'alloca' 'x' <Predicate = true> <Delay = 0.00>
ST_1 : Operation 10 [1/1] (0.00ns)   --->   "%p_0_0_0117417921803_i = alloca i32 1"   --->   Operation 10 'alloca' 'p_0_0_0117417921803_i' <Predicate = true> <Delay = 0.00>
ST_1 : Operation 11 [1/1] (0.00ns)   --->   "%p_0_0_0117317941805_i = alloca i32 1"   --->   Operation 11 'alloca' 'p_0_0_0117317941805_i' <Predicate = true> <Delay = 0.00>
ST_1 : Operation 12 [1/1] (0.00ns)   --->   "%p_0_0_0117217961807_i = alloca i32 1"   --->   Operation 12 'alloca' 'p_0_0_0117217961807_i' <Predicate = true> <Delay = 0.00>
ST_1 : Operation 13 [1/1] (0.00ns)   --->   "%right = alloca i32 1" [/home/alen/repo/zynq-7020-video-pipe-3/hw/video-pipe-hw-v5/hw_011223.runs/broncho_video_v_demosaic_0_0_synth_1/prj/sol/.autopilot/db/v_demosaic.cpp:1018->/home/alen/repo/zynq-7020-video-pipe-3/hw/video-pipe-hw-v5/hw_011223.runs/broncho_video_v_demosaic_0_0_synth_1/prj/sol/.autopilot/db/v_demosaic.cpp:1073]   --->   Operation 13 'alloca' 'right' <Predicate = true> <Delay = 0.00>
ST_1 : Operation 14 [1/1] (0.00ns)   --->   "%right_1 = alloca i32 1" [/home/alen/repo/zynq-7020-video-pipe-3/hw/video-pipe-hw-v5/hw_011223.runs/broncho_video_v_demosaic_0_0_synth_1/prj/sol/.autopilot/db/v_demosaic.cpp:1018->/home/alen/repo/zynq-7020-video-pipe-3/hw/video-pipe-hw-v5/hw_011223.runs/broncho_video_v_demosaic_0_0_synth_1/prj/sol/.autopilot/db/v_demosaic.cpp:1073]   --->   Operation 14 'alloca' 'right_1' <Predicate = true> <Delay = 0.00>
ST_1 : Operation 15 [1/1] (0.00ns)   --->   "%right_2 = alloca i32 1" [/home/alen/repo/zynq-7020-video-pipe-3/hw/video-pipe-hw-v5/hw_011223.runs/broncho_video_v_demosaic_0_0_synth_1/prj/sol/.autopilot/db/v_demosaic.cpp:1018->/home/alen/repo/zynq-7020-video-pipe-3/hw/video-pipe-hw-v5/hw_011223.runs/broncho_video_v_demosaic_0_0_synth_1/prj/sol/.autopilot/db/v_demosaic.cpp:1073]   --->   Operation 15 'alloca' 'right_2' <Predicate = true> <Delay = 0.00>
ST_1 : Operation 16 [1/1] (0.00ns)   --->   "%p_0_0_01196_217861815_i = alloca i32 1"   --->   Operation 16 'alloca' 'p_0_0_01196_217861815_i' <Predicate = true> <Delay = 0.00>
ST_1 : Operation 17 [1/1] (0.00ns)   --->   "%p_0_0_01195_217881817_i = alloca i32 1"   --->   Operation 17 'alloca' 'p_0_0_01195_217881817_i' <Predicate = true> <Delay = 0.00>
ST_1 : Operation 18 [1/1] (0.00ns)   --->   "%p_0_0_01194_217901819_i = alloca i32 1"   --->   Operation 18 'alloca' 'p_0_0_01194_217901819_i' <Predicate = true> <Delay = 0.00>
ST_1 : Operation 19 [1/1] (0.00ns)   --->   "%p_0_0_0_0_011661717_i = alloca i32 1"   --->   Operation 19 'alloca' 'p_0_0_0_0_011661717_i' <Predicate = true> <Delay = 0.00>
ST_1 : Operation 20 [1/1] (0.00ns)   --->   "%p_0_1_0_0_011671720_i = alloca i32 1"   --->   Operation 20 'alloca' 'p_0_1_0_0_011671720_i' <Predicate = true> <Delay = 0.00>
ST_1 : Operation 21 [1/1] (0.00ns)   --->   "%p_0_2_0_0_011681723_i = alloca i32 1"   --->   Operation 21 'alloca' 'p_0_2_0_0_011681723_i' <Predicate = true> <Delay = 0.00>
ST_1 : Operation 22 [1/1] (0.00ns)   --->   "%specinterface_ln0 = specinterface void @_ssdm_op_SpecInterface, i30 %imgRgb, void @empty_21, i32 0, i32 0, void @empty_1, i32 0, i32 0, void @empty_1, void @empty_1, void @empty_1, i32 0, i32 0, i32 0, i32 0, void @empty_1, void @empty_1, i32 4294967295, i32 0"   --->   Operation 22 'specinterface' 'specinterface_ln0' <Predicate = true> <Delay = 0.00>
ST_1 : Operation 23 [1/1] (0.00ns)   --->   "%specinterface_ln0 = specinterface void @_ssdm_op_SpecInterface, i30 %imgRB, void @empty_21, i32 0, i32 0, void @empty_1, i32 0, i32 0, void @empty_1, void @empty_1, void @empty_1, i32 0, i32 0, i32 0, i32 0, void @empty_1, void @empty_1, i32 4294967295, i32 0"   --->   Operation 23 'specinterface' 'specinterface_ln0' <Predicate = true> <Delay = 0.00>
ST_1 : Operation 24 [1/1] (0.00ns)   --->   "%cmp59_i_read = read i1 @_ssdm_op_Read.ap_auto.i1, i1 %cmp59_i"   --->   Operation 24 'read' 'cmp59_i_read' <Predicate = true> <Delay = 0.00>
ST_1 : Operation 25 [1/1] (0.00ns)   --->   "%tmp = read i9 @_ssdm_op_Read.ap_auto.i9, i9 %empty"   --->   Operation 25 'read' 'tmp' <Predicate = true> <Delay = 0.00>
ST_1 : Operation 26 [1/1] (0.00ns)   --->   "%cmp478_i_read = read i1 @_ssdm_op_Read.ap_auto.i1, i1 %cmp478_i"   --->   Operation 26 'read' 'cmp478_i_read' <Predicate = true> <Delay = 0.00>
ST_1 : Operation 27 [1/1] (0.00ns)   --->   "%xor_i_read = read i15 @_ssdm_op_Read.ap_auto.i15, i15 %xor_i"   --->   Operation 27 'read' 'xor_i_read' <Predicate = true> <Delay = 0.00>
ST_1 : Operation 28 [1/1] (0.00ns)   --->   "%tmp_11 = read i1 @_ssdm_op_Read.ap_auto.i1, i1 %empty_52"   --->   Operation 28 'read' 'tmp_11' <Predicate = true> <Delay = 0.00>
ST_1 : Operation 29 [1/1] (0.00ns)   --->   "%loopWidth_i_read = read i9 @_ssdm_op_Read.ap_auto.i9, i9 %loopWidth_i"   --->   Operation 29 'read' 'loopWidth_i_read' <Predicate = true> <Delay = 0.00>
ST_1 : Operation 30 [1/1] (0.00ns)   --->   "%p_0_0_0_0_011661715_lcssa1758_i_read = read i10 @_ssdm_op_Read.ap_auto.i10, i10 %p_0_0_0_0_011661715_lcssa1758_i"   --->   Operation 30 'read' 'p_0_0_0_0_011661715_lcssa1758_i_read' <Predicate = true> <Delay = 0.00>
ST_1 : Operation 31 [1/1] (0.00ns)   --->   "%p_0_1_0_0_011671718_lcssa1760_i_read = read i10 @_ssdm_op_Read.ap_auto.i10, i10 %p_0_1_0_0_011671718_lcssa1760_i"   --->   Operation 31 'read' 'p_0_1_0_0_011671718_lcssa1760_i_read' <Predicate = true> <Delay = 0.00>
ST_1 : Operation 32 [1/1] (0.00ns)   --->   "%p_0_2_0_0_011681721_lcssa1762_i_read = read i10 @_ssdm_op_Read.ap_auto.i10, i10 %p_0_2_0_0_011681721_lcssa1762_i"   --->   Operation 32 'read' 'p_0_2_0_0_011681721_lcssa1762_i_read' <Predicate = true> <Delay = 0.00>
ST_1 : Operation 33 [1/1] (0.00ns)   --->   "%p_0_0_0117417921804_lcssa1840_i_read = read i10 @_ssdm_op_Read.ap_auto.i10, i10 %p_0_0_0117417921804_lcssa1840_i"   --->   Operation 33 'read' 'p_0_0_0117417921804_lcssa1840_i_read' <Predicate = true> <Delay = 0.00>
ST_1 : Operation 34 [1/1] (0.00ns)   --->   "%p_0_0_0117317941806_lcssa1842_i_read = read i10 @_ssdm_op_Read.ap_auto.i10, i10 %p_0_0_0117317941806_lcssa1842_i"   --->   Operation 34 'read' 'p_0_0_0117317941806_lcssa1842_i_read' <Predicate = true> <Delay = 0.00>
ST_1 : Operation 35 [1/1] (0.00ns)   --->   "%p_0_0_0117217961808_lcssa1844_i_read = read i10 @_ssdm_op_Read.ap_auto.i10, i10 %p_0_0_0117217961808_lcssa1844_i"   --->   Operation 35 'read' 'p_0_0_0117217961808_lcssa1844_i_read' <Predicate = true> <Delay = 0.00>
ST_1 : Operation 36 [1/1] (0.00ns)   --->   "%p_0_0_0_0_011601809_lcssa1846_i_read = read i10 @_ssdm_op_Read.ap_auto.i10, i10 %p_0_0_0_0_011601809_lcssa1846_i"   --->   Operation 36 'read' 'p_0_0_0_0_011601809_lcssa1846_i_read' <Predicate = true> <Delay = 0.00>
ST_1 : Operation 37 [1/1] (0.00ns)   --->   "%p_0_1_0_0_011611811_lcssa1848_i_read = read i10 @_ssdm_op_Read.ap_auto.i10, i10 %p_0_1_0_0_011611811_lcssa1848_i"   --->   Operation 37 'read' 'p_0_1_0_0_011611811_lcssa1848_i_read' <Predicate = true> <Delay = 0.00>
ST_1 : Operation 38 [1/1] (0.00ns)   --->   "%p_0_2_0_0_011621813_lcssa1850_i_read = read i10 @_ssdm_op_Read.ap_auto.i10, i10 %p_0_2_0_0_011621813_lcssa1850_i"   --->   Operation 38 'read' 'p_0_2_0_0_011621813_lcssa1850_i_read' <Predicate = true> <Delay = 0.00>
ST_1 : Operation 39 [1/1] (0.00ns)   --->   "%p_0_0_01196_217861816_lcssa1852_i_read = read i10 @_ssdm_op_Read.ap_auto.i10, i10 %p_0_0_01196_217861816_lcssa1852_i"   --->   Operation 39 'read' 'p_0_0_01196_217861816_lcssa1852_i_read' <Predicate = true> <Delay = 0.00>
ST_1 : Operation 40 [1/1] (0.00ns)   --->   "%p_0_0_01195_217881818_lcssa1854_i_read = read i10 @_ssdm_op_Read.ap_auto.i10, i10 %p_0_0_01195_217881818_lcssa1854_i"   --->   Operation 40 'read' 'p_0_0_01195_217881818_lcssa1854_i_read' <Predicate = true> <Delay = 0.00>
ST_1 : Operation 41 [1/1] (0.00ns)   --->   "%p_0_0_01194_217901820_lcssa1856_i_read = read i10 @_ssdm_op_Read.ap_auto.i10, i10 %p_0_0_01194_217901820_lcssa1856_i"   --->   Operation 41 'read' 'p_0_0_01194_217901820_lcssa1856_i_read' <Predicate = true> <Delay = 0.00>
ST_1 : Operation 42 [1/1] (1.58ns)   --->   "%store_ln0 = store i10 %p_0_2_0_0_011681721_lcssa1762_i_read, i10 %p_0_2_0_0_011681723_i"   --->   Operation 42 'store' 'store_ln0' <Predicate = true> <Delay = 1.58>
ST_1 : Operation 43 [1/1] (1.58ns)   --->   "%store_ln0 = store i10 %p_0_1_0_0_011671718_lcssa1760_i_read, i10 %p_0_1_0_0_011671720_i"   --->   Operation 43 'store' 'store_ln0' <Predicate = true> <Delay = 1.58>
ST_1 : Operation 44 [1/1] (1.58ns)   --->   "%store_ln0 = store i10 %p_0_0_0_0_011661715_lcssa1758_i_read, i10 %p_0_0_0_0_011661717_i"   --->   Operation 44 'store' 'store_ln0' <Predicate = true> <Delay = 1.58>
ST_1 : Operation 45 [1/1] (1.58ns)   --->   "%store_ln0 = store i10 %p_0_0_01194_217901820_lcssa1856_i_read, i10 %p_0_0_01194_217901819_i"   --->   Operation 45 'store' 'store_ln0' <Predicate = true> <Delay = 1.58>
ST_1 : Operation 46 [1/1] (1.58ns)   --->   "%store_ln0 = store i10 %p_0_0_01195_217881818_lcssa1854_i_read, i10 %p_0_0_01195_217881817_i"   --->   Operation 46 'store' 'store_ln0' <Predicate = true> <Delay = 1.58>
ST_1 : Operation 47 [1/1] (1.58ns)   --->   "%store_ln0 = store i10 %p_0_0_01196_217861816_lcssa1852_i_read, i10 %p_0_0_01196_217861815_i"   --->   Operation 47 'store' 'store_ln0' <Predicate = true> <Delay = 1.58>
ST_1 : Operation 48 [1/1] (1.58ns)   --->   "%store_ln1018 = store i10 %p_0_2_0_0_011621813_lcssa1850_i_read, i10 %right_2" [/home/alen/repo/zynq-7020-video-pipe-3/hw/video-pipe-hw-v5/hw_011223.runs/broncho_video_v_demosaic_0_0_synth_1/prj/sol/.autopilot/db/v_demosaic.cpp:1018->/home/alen/repo/zynq-7020-video-pipe-3/hw/video-pipe-hw-v5/hw_011223.runs/broncho_video_v_demosaic_0_0_synth_1/prj/sol/.autopilot/db/v_demosaic.cpp:1073]   --->   Operation 48 'store' 'store_ln1018' <Predicate = true> <Delay = 1.58>
ST_1 : Operation 49 [1/1] (1.58ns)   --->   "%store_ln1018 = store i10 %p_0_1_0_0_011611811_lcssa1848_i_read, i10 %right_1" [/home/alen/repo/zynq-7020-video-pipe-3/hw/video-pipe-hw-v5/hw_011223.runs/broncho_video_v_demosaic_0_0_synth_1/prj/sol/.autopilot/db/v_demosaic.cpp:1018->/home/alen/repo/zynq-7020-video-pipe-3/hw/video-pipe-hw-v5/hw_011223.runs/broncho_video_v_demosaic_0_0_synth_1/prj/sol/.autopilot/db/v_demosaic.cpp:1073]   --->   Operation 49 'store' 'store_ln1018' <Predicate = true> <Delay = 1.58>
ST_1 : Operation 50 [1/1] (1.58ns)   --->   "%store_ln1018 = store i10 %p_0_0_0_0_011601809_lcssa1846_i_read, i10 %right" [/home/alen/repo/zynq-7020-video-pipe-3/hw/video-pipe-hw-v5/hw_011223.runs/broncho_video_v_demosaic_0_0_synth_1/prj/sol/.autopilot/db/v_demosaic.cpp:1018->/home/alen/repo/zynq-7020-video-pipe-3/hw/video-pipe-hw-v5/hw_011223.runs/broncho_video_v_demosaic_0_0_synth_1/prj/sol/.autopilot/db/v_demosaic.cpp:1073]   --->   Operation 50 'store' 'store_ln1018' <Predicate = true> <Delay = 1.58>
ST_1 : Operation 51 [1/1] (1.58ns)   --->   "%store_ln0 = store i10 %p_0_0_0117217961808_lcssa1844_i_read, i10 %p_0_0_0117217961807_i"   --->   Operation 51 'store' 'store_ln0' <Predicate = true> <Delay = 1.58>
ST_1 : Operation 52 [1/1] (1.58ns)   --->   "%store_ln0 = store i10 %p_0_0_0117317941806_lcssa1842_i_read, i10 %p_0_0_0117317941805_i"   --->   Operation 52 'store' 'store_ln0' <Predicate = true> <Delay = 1.58>
ST_1 : Operation 53 [1/1] (1.58ns)   --->   "%store_ln0 = store i10 %p_0_0_0117417921804_lcssa1840_i_read, i10 %p_0_0_0117417921803_i"   --->   Operation 53 'store' 'store_ln0' <Predicate = true> <Delay = 1.58>
ST_1 : Operation 54 [1/1] (1.58ns)   --->   "%store_ln851 = store i9 0, i9 %x" [/home/alen/repo/zynq-7020-video-pipe-3/hw/video-pipe-hw-v5/hw_011223.runs/broncho_video_v_demosaic_0_0_synth_1/prj/sol/.autopilot/db/v_demosaic.cpp:851->/home/alen/repo/zynq-7020-video-pipe-3/hw/video-pipe-hw-v5/hw_011223.runs/broncho_video_v_demosaic_0_0_synth_1/prj/sol/.autopilot/db/v_demosaic.cpp:1073]   --->   Operation 54 'store' 'store_ln851' <Predicate = true> <Delay = 1.58>
ST_1 : Operation 55 [1/1] (0.00ns)   --->   "%br_ln0 = br void %for.body14.i"   --->   Operation 55 'br' 'br_ln0' <Predicate = true> <Delay = 0.00>
ST_1 : Operation 56 [1/1] (0.00ns)   --->   "%z = load i9 %x" [/home/alen/repo/zynq-7020-video-pipe-3/hw/video-pipe-hw-v5/hw_011223.runs/broncho_video_v_demosaic_0_0_synth_1/prj/sol/.autopilot/db/v_demosaic.cpp:881->/home/alen/repo/zynq-7020-video-pipe-3/hw/video-pipe-hw-v5/hw_011223.runs/broncho_video_v_demosaic_0_0_synth_1/prj/sol/.autopilot/db/v_demosaic.cpp:1073]   --->   Operation 56 'load' 'z' <Predicate = true> <Delay = 0.00>
ST_1 : Operation 57 [1/1] (1.82ns)   --->   "%icmp_ln881 = icmp_eq  i9 %z, i9 %loopWidth_i_read" [/home/alen/repo/zynq-7020-video-pipe-3/hw/video-pipe-hw-v5/hw_011223.runs/broncho_video_v_demosaic_0_0_synth_1/prj/sol/.autopilot/db/v_demosaic.cpp:881->/home/alen/repo/zynq-7020-video-pipe-3/hw/video-pipe-hw-v5/hw_011223.runs/broncho_video_v_demosaic_0_0_synth_1/prj/sol/.autopilot/db/v_demosaic.cpp:1073]   --->   Operation 57 'icmp' 'icmp_ln881' <Predicate = true> <Delay = 1.82> <CoreInst = "Cmp">   --->   Core 9 'Cmp' <Latency = 0> <II = 1> <Delay = 1.82> <FuncUnit> <Opcode : 'icmp'> <InPorts = 2> <OutPorts = 1>
ST_1 : Operation 58 [1/1] (1.82ns)   --->   "%x_8 = add i9 %z, i9 1" [/home/alen/repo/zynq-7020-video-pipe-3/hw/video-pipe-hw-v5/hw_011223.runs/broncho_video_v_demosaic_0_0_synth_1/prj/sol/.autopilot/db/v_demosaic.cpp:886->/home/alen/repo/zynq-7020-video-pipe-3/hw/video-pipe-hw-v5/hw_011223.runs/broncho_video_v_demosaic_0_0_synth_1/prj/sol/.autopilot/db/v_demosaic.cpp:1073]   --->   Operation 58 'add' 'x_8' <Predicate = true> <Delay = 1.82> <CoreInst = "Adder">   --->   Core 1 'Adder' <Latency = 0> <II = 1> <Delay = 1.82> <FuncUnit> <Opcode : 'add' 'sub'> <InPorts = 2> <OutPorts = 1>
ST_1 : Operation 59 [1/1] (0.00ns)   --->   "%br_ln881 = br i1 %icmp_ln881, void %for.body14.split.i, void %for.inc485.i.exitStub" [/home/alen/repo/zynq-7020-video-pipe-3/hw/video-pipe-hw-v5/hw_011223.runs/broncho_video_v_demosaic_0_0_synth_1/prj/sol/.autopilot/db/v_demosaic.cpp:881->/home/alen/repo/zynq-7020-video-pipe-3/hw/video-pipe-hw-v5/hw_011223.runs/broncho_video_v_demosaic_0_0_synth_1/prj/sol/.autopilot/db/v_demosaic.cpp:1073]   --->   Operation 59 'br' 'br_ln881' <Predicate = true> <Delay = 0.00>
ST_1 : Operation 60 [1/1] (0.00ns)   --->   "%trunc_ln881 = trunc i9 %z" [/home/alen/repo/zynq-7020-video-pipe-3/hw/video-pipe-hw-v5/hw_011223.runs/broncho_video_v_demosaic_0_0_synth_1/prj/sol/.autopilot/db/v_demosaic.cpp:881->/home/alen/repo/zynq-7020-video-pipe-3/hw/video-pipe-hw-v5/hw_011223.runs/broncho_video_v_demosaic_0_0_synth_1/prj/sol/.autopilot/db/v_demosaic.cpp:1073]   --->   Operation 60 'trunc' 'trunc_ln881' <Predicate = (!icmp_ln881)> <Delay = 0.00>
ST_1 : Operation 61 [1/1] (0.00ns)   --->   "%zext_ln881 = zext i9 %x_8" [/home/alen/repo/zynq-7020-video-pipe-3/hw/video-pipe-hw-v5/hw_011223.runs/broncho_video_v_demosaic_0_0_synth_1/prj/sol/.autopilot/db/v_demosaic.cpp:881->/home/alen/repo/zynq-7020-video-pipe-3/hw/video-pipe-hw-v5/hw_011223.runs/broncho_video_v_demosaic_0_0_synth_1/prj/sol/.autopilot/db/v_demosaic.cpp:1073]   --->   Operation 61 'zext' 'zext_ln881' <Predicate = (!icmp_ln881)> <Delay = 0.00>
ST_1 : Operation 62 [1/1] (1.82ns)   --->   "%icmp_ln891 = icmp_ult  i9 %z, i9 %tmp" [/home/alen/repo/zynq-7020-video-pipe-3/hw/video-pipe-hw-v5/hw_011223.runs/broncho_video_v_demosaic_0_0_synth_1/prj/sol/.autopilot/db/v_demosaic.cpp:891->/home/alen/repo/zynq-7020-video-pipe-3/hw/video-pipe-hw-v5/hw_011223.runs/broncho_video_v_demosaic_0_0_synth_1/prj/sol/.autopilot/db/v_demosaic.cpp:1073]   --->   Operation 62 'icmp' 'icmp_ln891' <Predicate = (!icmp_ln881)> <Delay = 1.82> <CoreInst = "Cmp">   --->   Core 9 'Cmp' <Latency = 0> <II = 1> <Delay = 1.82> <FuncUnit> <Opcode : 'icmp'> <InPorts = 2> <OutPorts = 1>
ST_1 : Operation 63 [1/1] (0.00ns)   --->   "%lineBuffer_i_addr = getelementptr i30 %lineBuffer_i, i64 0, i64 %zext_ln881" [/home/alen/repo/zynq-7020-video-pipe-3/hw/video-pipe-hw-v5/hw_011223.gen/sources_1/bd/broncho_video/ip/broncho_video_v_demosaic_0_0/src/hls/hls_video_mem.h:851->/home/alen/repo/zynq-7020-video-pipe-3/hw/video-pipe-hw-v5/hw_011223.runs/broncho_video_v_demosaic_0_0_synth_1/prj/sol/.autopilot/db/v_demosaic.cpp:896->/home/alen/repo/zynq-7020-video-pipe-3/hw/video-pipe-hw-v5/hw_011223.runs/broncho_video_v_demosaic_0_0_synth_1/prj/sol/.autopilot/db/v_demosaic.cpp:1073]   --->   Operation 63 'getelementptr' 'lineBuffer_i_addr' <Predicate = (!icmp_ln881 & icmp_ln891)> <Delay = 0.00>
ST_1 : Operation 64 [1/1] (0.00ns)   --->   "%lineBuffer_1_i_addr = getelementptr i30 %lineBuffer_1_i, i64 0, i64 %zext_ln881" [/home/alen/repo/zynq-7020-video-pipe-3/hw/video-pipe-hw-v5/hw_011223.gen/sources_1/bd/broncho_video/ip/broncho_video_v_demosaic_0_0/src/hls/hls_video_mem.h:851->/home/alen/repo/zynq-7020-video-pipe-3/hw/video-pipe-hw-v5/hw_011223.runs/broncho_video_v_demosaic_0_0_synth_1/prj/sol/.autopilot/db/v_demosaic.cpp:896->/home/alen/repo/zynq-7020-video-pipe-3/hw/video-pipe-hw-v5/hw_011223.runs/broncho_video_v_demosaic_0_0_synth_1/prj/sol/.autopilot/db/v_demosaic.cpp:1073]   --->   Operation 64 'getelementptr' 'lineBuffer_1_i_addr' <Predicate = (!icmp_ln881 & icmp_ln891)> <Delay = 0.00>
ST_1 : Operation 65 [2/2] (3.25ns)   --->   "%LineBufVal = load i9 %lineBuffer_i_addr" [/home/alen/repo/zynq-7020-video-pipe-3/hw/video-pipe-hw-v5/hw_011223.runs/broncho_video_v_demosaic_0_0_synth_1/prj/sol/.autopilot/db/v_demosaic.cpp:896->/home/alen/repo/zynq-7020-video-pipe-3/hw/video-pipe-hw-v5/hw_011223.runs/broncho_video_v_demosaic_0_0_synth_1/prj/sol/.autopilot/db/v_demosaic.cpp:1073]   --->   Operation 65 'load' 'LineBufVal' <Predicate = (!icmp_ln881 & icmp_ln891)> <Delay = 3.25> <CoreInst = "RAM">   --->   Core 82 'RAM' <Latency = 1> <II = 1> <Delay = 3.25> <Storage> <Opcode : 'load' 'store'> <Ports = 2> <Width = 30> <Depth = 401> <RAM>
ST_1 : Operation 66 [2/2] (3.25ns)   --->   "%LineBufVal_3 = load i9 %lineBuffer_1_i_addr" [/home/alen/repo/zynq-7020-video-pipe-3/hw/video-pipe-hw-v5/hw_011223.runs/broncho_video_v_demosaic_0_0_synth_1/prj/sol/.autopilot/db/v_demosaic.cpp:896->/home/alen/repo/zynq-7020-video-pipe-3/hw/video-pipe-hw-v5/hw_011223.runs/broncho_video_v_demosaic_0_0_synth_1/prj/sol/.autopilot/db/v_demosaic.cpp:1073]   --->   Operation 66 'load' 'LineBufVal_3' <Predicate = (!icmp_ln881 & icmp_ln891)> <Delay = 3.25> <CoreInst = "RAM">   --->   Core 82 'RAM' <Latency = 1> <II = 1> <Delay = 3.25> <Storage> <Opcode : 'load' 'store'> <Ports = 2> <Width = 30> <Depth = 401> <RAM>
ST_1 : Operation 67 [1/1] (1.82ns)   --->   "%cmp161_i = icmp_eq  i9 %z, i9 0" [/home/alen/repo/zynq-7020-video-pipe-3/hw/video-pipe-hw-v5/hw_011223.runs/broncho_video_v_demosaic_0_0_synth_1/prj/sol/.autopilot/db/v_demosaic.cpp:881->/home/alen/repo/zynq-7020-video-pipe-3/hw/video-pipe-hw-v5/hw_011223.runs/broncho_video_v_demosaic_0_0_synth_1/prj/sol/.autopilot/db/v_demosaic.cpp:1073]   --->   Operation 67 'icmp' 'cmp161_i' <Predicate = (!icmp_ln881 & icmp_ln891)> <Delay = 1.82> <CoreInst = "Cmp">   --->   Core 9 'Cmp' <Latency = 0> <II = 1> <Delay = 1.82> <FuncUnit> <Opcode : 'icmp'> <InPorts = 2> <OutPorts = 1>
ST_1 : Operation 68 [1/1] (0.00ns) (grouped into LUT with out node icmp_ln1014)   --->   "%xor_ln1014 = xor i1 %tmp_11, i1 %trunc_ln881" [/home/alen/repo/zynq-7020-video-pipe-3/hw/video-pipe-hw-v5/hw_011223.runs/broncho_video_v_demosaic_0_0_synth_1/prj/sol/.autopilot/db/v_demosaic.cpp:1014->/home/alen/repo/zynq-7020-video-pipe-3/hw/video-pipe-hw-v5/hw_011223.runs/broncho_video_v_demosaic_0_0_synth_1/prj/sol/.autopilot/db/v_demosaic.cpp:1073]   --->   Operation 68 'xor' 'xor_ln1014' <Predicate = (!icmp_ln881)> <Delay = 0.00> <CoreInst = "LogicGate">   --->   Core 74 'LogicGate' <Latency = 0> <II = 1> <Delay = 0.97> <FuncUnit> <Opcode : 'and' 'or' 'xor'> <InPorts = 2> <OutPorts = 1>
ST_1 : Operation 69 [1/1] (0.00ns) (grouped into LUT with out node icmp_ln1014)   --->   "%xor_ln1014_1 = xor i1 %xor_ln1014, i1 1" [/home/alen/repo/zynq-7020-video-pipe-3/hw/video-pipe-hw-v5/hw_011223.runs/broncho_video_v_demosaic_0_0_synth_1/prj/sol/.autopilot/db/v_demosaic.cpp:1014->/home/alen/repo/zynq-7020-video-pipe-3/hw/video-pipe-hw-v5/hw_011223.runs/broncho_video_v_demosaic_0_0_synth_1/prj/sol/.autopilot/db/v_demosaic.cpp:1073]   --->   Operation 69 'xor' 'xor_ln1014_1' <Predicate = (!icmp_ln881)> <Delay = 0.00> <CoreInst = "LogicGate">   --->   Core 74 'LogicGate' <Latency = 0> <II = 1> <Delay = 0.97> <FuncUnit> <Opcode : 'and' 'or' 'xor'> <InPorts = 2> <OutPorts = 1>
ST_1 : Operation 70 [1/1] (0.00ns) (grouped into LUT with out node icmp_ln1014)   --->   "%zext_ln1014 = zext i1 %xor_ln1014_1" [/home/alen/repo/zynq-7020-video-pipe-3/hw/video-pipe-hw-v5/hw_011223.runs/broncho_video_v_demosaic_0_0_synth_1/prj/sol/.autopilot/db/v_demosaic.cpp:1014->/home/alen/repo/zynq-7020-video-pipe-3/hw/video-pipe-hw-v5/hw_011223.runs/broncho_video_v_demosaic_0_0_synth_1/prj/sol/.autopilot/db/v_demosaic.cpp:1073]   --->   Operation 70 'zext' 'zext_ln1014' <Predicate = (!icmp_ln881)> <Delay = 0.00>
ST_1 : Operation 71 [1/1] (1.94ns) (out node of the LUT)   --->   "%icmp_ln1014 = icmp_eq  i15 %xor_i_read, i15 %zext_ln1014" [/home/alen/repo/zynq-7020-video-pipe-3/hw/video-pipe-hw-v5/hw_011223.runs/broncho_video_v_demosaic_0_0_synth_1/prj/sol/.autopilot/db/v_demosaic.cpp:1014->/home/alen/repo/zynq-7020-video-pipe-3/hw/video-pipe-hw-v5/hw_011223.runs/broncho_video_v_demosaic_0_0_synth_1/prj/sol/.autopilot/db/v_demosaic.cpp:1073]   --->   Operation 71 'icmp' 'icmp_ln1014' <Predicate = (!icmp_ln881)> <Delay = 1.94> <CoreInst = "Cmp">   --->   Core 9 'Cmp' <Latency = 0> <II = 1> <Delay = 1.94> <FuncUnit> <Opcode : 'icmp'> <InPorts = 2> <OutPorts = 1>
ST_1 : Operation 72 [1/1] (1.82ns)   --->   "%icmp_ln1052 = icmp_ne  i9 %z, i9 0" [/home/alen/repo/zynq-7020-video-pipe-3/hw/video-pipe-hw-v5/hw_011223.runs/broncho_video_v_demosaic_0_0_synth_1/prj/sol/.autopilot/db/v_demosaic.cpp:1052->/home/alen/repo/zynq-7020-video-pipe-3/hw/video-pipe-hw-v5/hw_011223.runs/broncho_video_v_demosaic_0_0_synth_1/prj/sol/.autopilot/db/v_demosaic.cpp:1073]   --->   Operation 72 'icmp' 'icmp_ln1052' <Predicate = (!icmp_ln881)> <Delay = 1.82> <CoreInst = "Cmp">   --->   Core 9 'Cmp' <Latency = 0> <II = 1> <Delay = 1.82> <FuncUnit> <Opcode : 'icmp'> <InPorts = 2> <OutPorts = 1>
ST_1 : Operation 73 [1/1] (0.97ns)   --->   "%and_ln1052 = and i1 %cmp478_i_read, i1 %icmp_ln1052" [/home/alen/repo/zynq-7020-video-pipe-3/hw/video-pipe-hw-v5/hw_011223.runs/broncho_video_v_demosaic_0_0_synth_1/prj/sol/.autopilot/db/v_demosaic.cpp:1052->/home/alen/repo/zynq-7020-video-pipe-3/hw/video-pipe-hw-v5/hw_011223.runs/broncho_video_v_demosaic_0_0_synth_1/prj/sol/.autopilot/db/v_demosaic.cpp:1073]   --->   Operation 73 'and' 'and_ln1052' <Predicate = (!icmp_ln881)> <Delay = 0.97> <CoreInst = "LogicGate">   --->   Core 74 'LogicGate' <Latency = 0> <II = 1> <Delay = 0.97> <FuncUnit> <Opcode : 'and' 'or' 'xor'> <InPorts = 2> <OutPorts = 1>
ST_1 : Operation 74 [1/1] (0.00ns)   --->   "%br_ln1052 = br i1 %and_ln1052, void %for.inc482.i, void %if.then480.i" [/home/alen/repo/zynq-7020-video-pipe-3/hw/video-pipe-hw-v5/hw_011223.runs/broncho_video_v_demosaic_0_0_synth_1/prj/sol/.autopilot/db/v_demosaic.cpp:1052->/home/alen/repo/zynq-7020-video-pipe-3/hw/video-pipe-hw-v5/hw_011223.runs/broncho_video_v_demosaic_0_0_synth_1/prj/sol/.autopilot/db/v_demosaic.cpp:1073]   --->   Operation 74 'br' 'br_ln1052' <Predicate = (!icmp_ln881)> <Delay = 0.00>
ST_1 : Operation 75 [1/1] (1.58ns)   --->   "%store_ln851 = store i9 %x_8, i9 %x" [/home/alen/repo/zynq-7020-video-pipe-3/hw/video-pipe-hw-v5/hw_011223.runs/broncho_video_v_demosaic_0_0_synth_1/prj/sol/.autopilot/db/v_demosaic.cpp:851->/home/alen/repo/zynq-7020-video-pipe-3/hw/video-pipe-hw-v5/hw_011223.runs/broncho_video_v_demosaic_0_0_synth_1/prj/sol/.autopilot/db/v_demosaic.cpp:1073]   --->   Operation 75 'store' 'store_ln851' <Predicate = (!icmp_ln881)> <Delay = 1.58>

State 2 <SV = 1> <Delay = 4.84>
ST_2 : Operation 76 [1/1] (0.00ns)   --->   "%right_3 = load i10 %right"   --->   Operation 76 'load' 'right_3' <Predicate = true> <Delay = 0.00>
ST_2 : Operation 77 [1/1] (0.00ns)   --->   "%right_4 = load i10 %right_1"   --->   Operation 77 'load' 'right_4' <Predicate = true> <Delay = 0.00>
ST_2 : Operation 78 [1/2] (3.25ns)   --->   "%LineBufVal = load i9 %lineBuffer_i_addr" [/home/alen/repo/zynq-7020-video-pipe-3/hw/video-pipe-hw-v5/hw_011223.runs/broncho_video_v_demosaic_0_0_synth_1/prj/sol/.autopilot/db/v_demosaic.cpp:896->/home/alen/repo/zynq-7020-video-pipe-3/hw/video-pipe-hw-v5/hw_011223.runs/broncho_video_v_demosaic_0_0_synth_1/prj/sol/.autopilot/db/v_demosaic.cpp:1073]   --->   Operation 78 'load' 'LineBufVal' <Predicate = (!icmp_ln881 & icmp_ln891)> <Delay = 3.25> <CoreInst = "RAM">   --->   Core 82 'RAM' <Latency = 1> <II = 1> <Delay = 3.25> <Storage> <Opcode : 'load' 'store'> <Ports = 2> <Width = 30> <Depth = 401> <RAM>
ST_2 : Operation 79 [1/1] (0.00ns)   --->   "%trunc_ln902 = trunc i30 %LineBufVal" [/home/alen/repo/zynq-7020-video-pipe-3/hw/video-pipe-hw-v5/hw_011223.runs/broncho_video_v_demosaic_0_0_synth_1/prj/sol/.autopilot/db/v_demosaic.cpp:902->/home/alen/repo/zynq-7020-video-pipe-3/hw/video-pipe-hw-v5/hw_011223.runs/broncho_video_v_demosaic_0_0_synth_1/prj/sol/.autopilot/db/v_demosaic.cpp:1073]   --->   Operation 79 'trunc' 'trunc_ln902' <Predicate = (!icmp_ln881 & icmp_ln891)> <Delay = 0.00>
ST_2 : Operation 80 [1/1] (0.00ns)   --->   "%tmp_i1 = partselect i10 @_ssdm_op_PartSelect.i10.i30.i32.i32, i30 %LineBufVal, i32 10, i32 19" [/home/alen/repo/zynq-7020-video-pipe-3/hw/video-pipe-hw-v5/hw_011223.runs/broncho_video_v_demosaic_0_0_synth_1/prj/sol/.autopilot/db/v_demosaic.cpp:902->/home/alen/repo/zynq-7020-video-pipe-3/hw/video-pipe-hw-v5/hw_011223.runs/broncho_video_v_demosaic_0_0_synth_1/prj/sol/.autopilot/db/v_demosaic.cpp:1073]   --->   Operation 80 'partselect' 'tmp_i1' <Predicate = (!icmp_ln881 & icmp_ln891)> <Delay = 0.00>
ST_2 : Operation 81 [1/1] (0.00ns)   --->   "%tmp_1_i2 = partselect i10 @_ssdm_op_PartSelect.i10.i30.i32.i32, i30 %LineBufVal, i32 20, i32 29" [/home/alen/repo/zynq-7020-video-pipe-3/hw/video-pipe-hw-v5/hw_011223.runs/broncho_video_v_demosaic_0_0_synth_1/prj/sol/.autopilot/db/v_demosaic.cpp:902->/home/alen/repo/zynq-7020-video-pipe-3/hw/video-pipe-hw-v5/hw_011223.runs/broncho_video_v_demosaic_0_0_synth_1/prj/sol/.autopilot/db/v_demosaic.cpp:1073]   --->   Operation 81 'partselect' 'tmp_1_i2' <Predicate = (!icmp_ln881 & icmp_ln891)> <Delay = 0.00>
ST_2 : Operation 82 [1/2] (3.25ns)   --->   "%LineBufVal_3 = load i9 %lineBuffer_1_i_addr" [/home/alen/repo/zynq-7020-video-pipe-3/hw/video-pipe-hw-v5/hw_011223.runs/broncho_video_v_demosaic_0_0_synth_1/prj/sol/.autopilot/db/v_demosaic.cpp:896->/home/alen/repo/zynq-7020-video-pipe-3/hw/video-pipe-hw-v5/hw_011223.runs/broncho_video_v_demosaic_0_0_synth_1/prj/sol/.autopilot/db/v_demosaic.cpp:1073]   --->   Operation 82 'load' 'LineBufVal_3' <Predicate = (!icmp_ln881 & icmp_ln891)> <Delay = 3.25> <CoreInst = "RAM">   --->   Core 82 'RAM' <Latency = 1> <II = 1> <Delay = 3.25> <Storage> <Opcode : 'load' 'store'> <Ports = 2> <Width = 30> <Depth = 401> <RAM>
ST_2 : Operation 83 [1/1] (0.00ns)   --->   "%trunc_ln902_1 = trunc i30 %LineBufVal_3" [/home/alen/repo/zynq-7020-video-pipe-3/hw/video-pipe-hw-v5/hw_011223.runs/broncho_video_v_demosaic_0_0_synth_1/prj/sol/.autopilot/db/v_demosaic.cpp:902->/home/alen/repo/zynq-7020-video-pipe-3/hw/video-pipe-hw-v5/hw_011223.runs/broncho_video_v_demosaic_0_0_synth_1/prj/sol/.autopilot/db/v_demosaic.cpp:1073]   --->   Operation 83 'trunc' 'trunc_ln902_1' <Predicate = (!icmp_ln881 & icmp_ln891)> <Delay = 0.00>
ST_2 : Operation 84 [1/1] (0.00ns)   --->   "%tmp_3_i3 = partselect i10 @_ssdm_op_PartSelect.i10.i30.i32.i32, i30 %LineBufVal_3, i32 10, i32 19" [/home/alen/repo/zynq-7020-video-pipe-3/hw/video-pipe-hw-v5/hw_011223.runs/broncho_video_v_demosaic_0_0_synth_1/prj/sol/.autopilot/db/v_demosaic.cpp:902->/home/alen/repo/zynq-7020-video-pipe-3/hw/video-pipe-hw-v5/hw_011223.runs/broncho_video_v_demosaic_0_0_synth_1/prj/sol/.autopilot/db/v_demosaic.cpp:1073]   --->   Operation 84 'partselect' 'tmp_3_i3' <Predicate = (!icmp_ln881 & icmp_ln891)> <Delay = 0.00>
ST_2 : Operation 85 [1/1] (0.00ns)   --->   "%tmp_4_i4 = partselect i10 @_ssdm_op_PartSelect.i10.i30.i32.i32, i30 %LineBufVal_3, i32 20, i32 29" [/home/alen/repo/zynq-7020-video-pipe-3/hw/video-pipe-hw-v5/hw_011223.runs/broncho_video_v_demosaic_0_0_synth_1/prj/sol/.autopilot/db/v_demosaic.cpp:902->/home/alen/repo/zynq-7020-video-pipe-3/hw/video-pipe-hw-v5/hw_011223.runs/broncho_video_v_demosaic_0_0_synth_1/prj/sol/.autopilot/db/v_demosaic.cpp:1073]   --->   Operation 85 'partselect' 'tmp_4_i4' <Predicate = (!icmp_ln881 & icmp_ln891)> <Delay = 0.00>
ST_2 : Operation 86 [1/1] (1.58ns)   --->   "%br_ln911 = br i1 %cmp59_i_read, void %VITIS_LOOP_940_11.i, void %VITIS_LOOP_914_7.i" [/home/alen/repo/zynq-7020-video-pipe-3/hw/video-pipe-hw-v5/hw_011223.runs/broncho_video_v_demosaic_0_0_synth_1/prj/sol/.autopilot/db/v_demosaic.cpp:911->/home/alen/repo/zynq-7020-video-pipe-3/hw/video-pipe-hw-v5/hw_011223.runs/broncho_video_v_demosaic_0_0_synth_1/prj/sol/.autopilot/db/v_demosaic.cpp:1073]   --->   Operation 86 'br' 'br_ln911' <Predicate = (!icmp_ln881 & icmp_ln891)> <Delay = 1.58>
ST_2 : Operation 87 [1/1] (2.55ns)   --->   "%InPix = read i30 @_ssdm_op_Read.ap_fifo.volatile.i30P0A, i30 %imgRB" [/home/alen/repo/zynq-7020-video-pipe-3/hw/video-pipe-hw-v5/hw_011223.runs/broncho_video_v_demosaic_0_0_synth_1/prj/sol/.autopilot/db/v_demosaic.cpp:913->/home/alen/repo/zynq-7020-video-pipe-3/hw/video-pipe-hw-v5/hw_011223.runs/broncho_video_v_demosaic_0_0_synth_1/prj/sol/.autopilot/db/v_demosaic.cpp:1073]   --->   Operation 87 'read' 'InPix' <Predicate = (!icmp_ln881 & icmp_ln891 & cmp59_i_read)> <Delay = 2.55> <CoreInst = "FIFO_SRL">   --->   Core 81 'FIFO_SRL' <Latency = 0> <II = 1> <Delay = 3.63> <Storage> <Opcode : 'read' 'write' 'nbread' 'nbwrite'> <Ports = 0> <Width = 30> <Depth = 2> <FIFO>
ST_2 : Operation 88 [1/1] (0.00ns)   --->   "%trunc_ln913 = trunc i30 %InPix" [/home/alen/repo/zynq-7020-video-pipe-3/hw/video-pipe-hw-v5/hw_011223.runs/broncho_video_v_demosaic_0_0_synth_1/prj/sol/.autopilot/db/v_demosaic.cpp:913->/home/alen/repo/zynq-7020-video-pipe-3/hw/video-pipe-hw-v5/hw_011223.runs/broncho_video_v_demosaic_0_0_synth_1/prj/sol/.autopilot/db/v_demosaic.cpp:1073]   --->   Operation 88 'trunc' 'trunc_ln913' <Predicate = (!icmp_ln881 & icmp_ln891 & cmp59_i_read)> <Delay = 0.00>
ST_2 : Operation 89 [1/1] (0.00ns)   --->   "%trunc_ln913_1_i = partselect i10 @_ssdm_op_PartSelect.i10.i30.i32.i32, i30 %InPix, i32 10, i32 19" [/home/alen/repo/zynq-7020-video-pipe-3/hw/video-pipe-hw-v5/hw_011223.runs/broncho_video_v_demosaic_0_0_synth_1/prj/sol/.autopilot/db/v_demosaic.cpp:913->/home/alen/repo/zynq-7020-video-pipe-3/hw/video-pipe-hw-v5/hw_011223.runs/broncho_video_v_demosaic_0_0_synth_1/prj/sol/.autopilot/db/v_demosaic.cpp:1073]   --->   Operation 89 'partselect' 'trunc_ln913_1_i' <Predicate = (!icmp_ln881 & icmp_ln891 & cmp59_i_read)> <Delay = 0.00>
ST_2 : Operation 90 [1/1] (0.00ns)   --->   "%trunc_ln913_2_i = partselect i10 @_ssdm_op_PartSelect.i10.i30.i32.i32, i30 %InPix, i32 20, i32 29" [/home/alen/repo/zynq-7020-video-pipe-3/hw/video-pipe-hw-v5/hw_011223.runs/broncho_video_v_demosaic_0_0_synth_1/prj/sol/.autopilot/db/v_demosaic.cpp:913->/home/alen/repo/zynq-7020-video-pipe-3/hw/video-pipe-hw-v5/hw_011223.runs/broncho_video_v_demosaic_0_0_synth_1/prj/sol/.autopilot/db/v_demosaic.cpp:1073]   --->   Operation 90 'partselect' 'trunc_ln913_2_i' <Predicate = (!icmp_ln881 & icmp_ln891 & cmp59_i_read)> <Delay = 0.00>
ST_2 : Operation 91 [1/1] (1.58ns)   --->   "%br_ln925 = br void %VITIS_LOOP_940_11.i" [/home/alen/repo/zynq-7020-video-pipe-3/hw/video-pipe-hw-v5/hw_011223.runs/broncho_video_v_demosaic_0_0_synth_1/prj/sol/.autopilot/db/v_demosaic.cpp:925->/home/alen/repo/zynq-7020-video-pipe-3/hw/video-pipe-hw-v5/hw_011223.runs/broncho_video_v_demosaic_0_0_synth_1/prj/sol/.autopilot/db/v_demosaic.cpp:1073]   --->   Operation 91 'br' 'br_ln925' <Predicate = (!icmp_ln881 & icmp_ln891 & cmp59_i_read)> <Delay = 1.58>
ST_2 : Operation 92 [1/1] (1.58ns)   --->   "%store_ln1018 = store i10 %tmp_i1, i10 %right_1" [/home/alen/repo/zynq-7020-video-pipe-3/hw/video-pipe-hw-v5/hw_011223.runs/broncho_video_v_demosaic_0_0_synth_1/prj/sol/.autopilot/db/v_demosaic.cpp:1018->/home/alen/repo/zynq-7020-video-pipe-3/hw/video-pipe-hw-v5/hw_011223.runs/broncho_video_v_demosaic_0_0_synth_1/prj/sol/.autopilot/db/v_demosaic.cpp:1073]   --->   Operation 92 'store' 'store_ln1018' <Predicate = (!icmp_ln881 & icmp_ln891)> <Delay = 1.58>
ST_2 : Operation 93 [1/1] (1.58ns)   --->   "%store_ln1018 = store i10 %trunc_ln902, i10 %right" [/home/alen/repo/zynq-7020-video-pipe-3/hw/video-pipe-hw-v5/hw_011223.runs/broncho_video_v_demosaic_0_0_synth_1/prj/sol/.autopilot/db/v_demosaic.cpp:1018->/home/alen/repo/zynq-7020-video-pipe-3/hw/video-pipe-hw-v5/hw_011223.runs/broncho_video_v_demosaic_0_0_synth_1/prj/sol/.autopilot/db/v_demosaic.cpp:1073]   --->   Operation 93 'store' 'store_ln1018' <Predicate = (!icmp_ln881 & icmp_ln891)> <Delay = 1.58>

State 3 <SV = 2> <Delay = 4.00>
ST_3 : Operation 94 [1/1] (0.00ns)   --->   "%p_0_0_0117417921803_i_load = load i10 %p_0_0_0117417921803_i"   --->   Operation 94 'load' 'p_0_0_0117417921803_i_load' <Predicate = true> <Delay = 0.00>
ST_3 : Operation 95 [1/1] (0.00ns)   --->   "%p_0_0_0117317941805_i_load = load i10 %p_0_0_0117317941805_i"   --->   Operation 95 'load' 'p_0_0_0117317941805_i_load' <Predicate = true> <Delay = 0.00>
ST_3 : Operation 96 [1/1] (0.00ns)   --->   "%p_0_0_0117217961807_i_load = load i10 %p_0_0_0117217961807_i"   --->   Operation 96 'load' 'p_0_0_0117217961807_i_load' <Predicate = true> <Delay = 0.00>
ST_3 : Operation 97 [1/1] (0.00ns)   --->   "%right_5 = load i10 %right_2"   --->   Operation 97 'load' 'right_5' <Predicate = true> <Delay = 0.00>
ST_3 : Operation 98 [1/1] (0.00ns)   --->   "%p_0_0_01196_217861815_i_load = load i10 %p_0_0_01196_217861815_i"   --->   Operation 98 'load' 'p_0_0_01196_217861815_i_load' <Predicate = true> <Delay = 0.00>
ST_3 : Operation 99 [1/1] (0.00ns)   --->   "%p_0_0_01195_217881817_i_load = load i10 %p_0_0_01195_217881817_i"   --->   Operation 99 'load' 'p_0_0_01195_217881817_i_load' <Predicate = true> <Delay = 0.00>
ST_3 : Operation 100 [1/1] (0.00ns)   --->   "%p_0_0_01194_217901819_i_load = load i10 %p_0_0_01194_217901819_i"   --->   Operation 100 'load' 'p_0_0_01194_217901819_i_load' <Predicate = true> <Delay = 0.00>
ST_3 : Operation 101 [1/1] (0.00ns)   --->   "%p_0_0_0_0_011661717_i_load = load i10 %p_0_0_0_0_011661717_i"   --->   Operation 101 'load' 'p_0_0_0_0_011661717_i_load' <Predicate = true> <Delay = 0.00>
ST_3 : Operation 102 [1/1] (0.00ns)   --->   "%p_0_1_0_0_011671720_i_load = load i10 %p_0_1_0_0_011671720_i"   --->   Operation 102 'load' 'p_0_1_0_0_011671720_i_load' <Predicate = true> <Delay = 0.00>
ST_3 : Operation 103 [1/1] (0.00ns)   --->   "%p_0_2_0_0_011681723_i_load = load i10 %p_0_2_0_0_011681723_i"   --->   Operation 103 'load' 'p_0_2_0_0_011681723_i_load' <Predicate = true> <Delay = 0.00>
ST_3 : Operation 104 [1/1] (0.00ns)   --->   "%speclooptripcount_ln0 = speclooptripcount void @_ssdm_op_SpecLoopTripCount, i64 1, i64 401, i64 0"   --->   Operation 104 'speclooptripcount' 'speclooptripcount_ln0' <Predicate = true> <Delay = 0.00>
ST_3 : Operation 105 [1/1] (0.00ns)   --->   "%specpipeline_ln884 = specpipeline void @_ssdm_op_SpecPipeline, i32 1, i32 0, i32 0, i32 0, void @empty_1" [/home/alen/repo/zynq-7020-video-pipe-3/hw/video-pipe-hw-v5/hw_011223.runs/broncho_video_v_demosaic_0_0_synth_1/prj/sol/.autopilot/db/v_demosaic.cpp:884->/home/alen/repo/zynq-7020-video-pipe-3/hw/video-pipe-hw-v5/hw_011223.runs/broncho_video_v_demosaic_0_0_synth_1/prj/sol/.autopilot/db/v_demosaic.cpp:1073]   --->   Operation 105 'specpipeline' 'specpipeline_ln884' <Predicate = (!icmp_ln881)> <Delay = 0.00>
ST_3 : Operation 106 [1/1] (0.00ns)   --->   "%specloopname_ln881 = specloopname void @_ssdm_op_SpecLoopName, void @empty_11" [/home/alen/repo/zynq-7020-video-pipe-3/hw/video-pipe-hw-v5/hw_011223.runs/broncho_video_v_demosaic_0_0_synth_1/prj/sol/.autopilot/db/v_demosaic.cpp:881->/home/alen/repo/zynq-7020-video-pipe-3/hw/video-pipe-hw-v5/hw_011223.runs/broncho_video_v_demosaic_0_0_synth_1/prj/sol/.autopilot/db/v_demosaic.cpp:1073]   --->   Operation 106 'specloopname' 'specloopname_ln881' <Predicate = (!icmp_ln881)> <Delay = 0.00>
ST_3 : Operation 107 [1/1] (1.58ns)   --->   "%br_ln891 = br i1 %icmp_ln891, void %for.body290_ifconv.i, void %VITIS_LOOP_894_3.i" [/home/alen/repo/zynq-7020-video-pipe-3/hw/video-pipe-hw-v5/hw_011223.runs/broncho_video_v_demosaic_0_0_synth_1/prj/sol/.autopilot/db/v_demosaic.cpp:891->/home/alen/repo/zynq-7020-video-pipe-3/hw/video-pipe-hw-v5/hw_011223.runs/broncho_video_v_demosaic_0_0_synth_1/prj/sol/.autopilot/db/v_demosaic.cpp:1073]   --->   Operation 107 'br' 'br_ln891' <Predicate = (!icmp_ln881)> <Delay = 1.58>
ST_3 : Operation 108 [1/1] (3.25ns)   --->   "%store_ln813 = store i30 %InPix, i9 %lineBuffer_i_addr" [/home/alen/repo/zynq-7020-video-pipe-3/hw/video-pipe-hw-v5/hw_011223.gen/sources_1/bd/broncho_video/ip/broncho_video_v_demosaic_0_0/src/hls/hls_video_mem.h:813->/home/alen/repo/zynq-7020-video-pipe-3/hw/video-pipe-hw-v5/hw_011223.gen/sources_1/bd/broncho_video/ip/broncho_video_v_demosaic_0_0/src/hls/hls_video_mem.h:889->/home/alen/repo/zynq-7020-video-pipe-3/hw/video-pipe-hw-v5/hw_011223.runs/broncho_video_v_demosaic_0_0_synth_1/prj/sol/.autopilot/db/v_demosaic.cpp:922->/home/alen/repo/zynq-7020-video-pipe-3/hw/video-pipe-hw-v5/hw_011223.runs/broncho_video_v_demosaic_0_0_synth_1/prj/sol/.autopilot/db/v_demosaic.cpp:1073]   --->   Operation 108 'store' 'store_ln813' <Predicate = (!icmp_ln881 & icmp_ln891 & cmp59_i_read)> <Delay = 3.25> <CoreInst = "RAM">   --->   Core 82 'RAM' <Latency = 1> <II = 1> <Delay = 3.25> <Storage> <Opcode : 'load' 'store'> <Ports = 2> <Width = 30> <Depth = 401> <RAM>
ST_3 : Operation 109 [1/1] (0.00ns)   --->   "%p_0_0_01194_21790_ph_i = phi i10 %trunc_ln913_2_i, void %VITIS_LOOP_914_7.i, i10 %tmp_1_i2, void %VITIS_LOOP_894_3.i" [/home/alen/repo/zynq-7020-video-pipe-3/hw/video-pipe-hw-v5/hw_011223.runs/broncho_video_v_demosaic_0_0_synth_1/prj/sol/.autopilot/db/v_demosaic.cpp:913->/home/alen/repo/zynq-7020-video-pipe-3/hw/video-pipe-hw-v5/hw_011223.runs/broncho_video_v_demosaic_0_0_synth_1/prj/sol/.autopilot/db/v_demosaic.cpp:1073]   --->   Operation 109 'phi' 'p_0_0_01194_21790_ph_i' <Predicate = (!icmp_ln881 & icmp_ln891)> <Delay = 0.00>
ST_3 : Operation 110 [1/1] (0.00ns)   --->   "%p_0_0_01195_21788_ph_i = phi i10 %trunc_ln913_1_i, void %VITIS_LOOP_914_7.i, i10 %tmp_i1, void %VITIS_LOOP_894_3.i" [/home/alen/repo/zynq-7020-video-pipe-3/hw/video-pipe-hw-v5/hw_011223.runs/broncho_video_v_demosaic_0_0_synth_1/prj/sol/.autopilot/db/v_demosaic.cpp:913->/home/alen/repo/zynq-7020-video-pipe-3/hw/video-pipe-hw-v5/hw_011223.runs/broncho_video_v_demosaic_0_0_synth_1/prj/sol/.autopilot/db/v_demosaic.cpp:1073]   --->   Operation 110 'phi' 'p_0_0_01195_21788_ph_i' <Predicate = (!icmp_ln881 & icmp_ln891)> <Delay = 0.00>
ST_3 : Operation 111 [1/1] (0.00ns)   --->   "%p_0_0_01196_21786_ph_i = phi i10 %trunc_ln913, void %VITIS_LOOP_914_7.i, i10 %trunc_ln902, void %VITIS_LOOP_894_3.i" [/home/alen/repo/zynq-7020-video-pipe-3/hw/video-pipe-hw-v5/hw_011223.runs/broncho_video_v_demosaic_0_0_synth_1/prj/sol/.autopilot/db/v_demosaic.cpp:913->/home/alen/repo/zynq-7020-video-pipe-3/hw/video-pipe-hw-v5/hw_011223.runs/broncho_video_v_demosaic_0_0_synth_1/prj/sol/.autopilot/db/v_demosaic.cpp:1073]   --->   Operation 111 'phi' 'p_0_0_01196_21786_ph_i' <Predicate = (!icmp_ln881 & icmp_ln891)> <Delay = 0.00>
ST_3 : Operation 112 [1/1] (0.68ns)   --->   "%select_ln957 = select i1 %cmp161_i, i10 %trunc_ln902, i10 %right_3" [/home/alen/repo/zynq-7020-video-pipe-3/hw/video-pipe-hw-v5/hw_011223.runs/broncho_video_v_demosaic_0_0_synth_1/prj/sol/.autopilot/db/v_demosaic.cpp:957->/home/alen/repo/zynq-7020-video-pipe-3/hw/video-pipe-hw-v5/hw_011223.runs/broncho_video_v_demosaic_0_0_synth_1/prj/sol/.autopilot/db/v_demosaic.cpp:1073]   --->   Operation 112 'select' 'select_ln957' <Predicate = (!icmp_ln881 & icmp_ln891)> <Delay = 0.68> <CoreInst = "Sel">   --->   Core 73 'Sel' <Latency = 0> <II = 1> <Delay = 0.68> <FuncUnit> <Opcode : 'select'> <InPorts = 3> <OutPorts = 1>
ST_3 : Operation 113 [1/1] (0.68ns)   --->   "%select_ln957_1 = select i1 %cmp161_i, i10 %tmp_i1, i10 %right_4" [/home/alen/repo/zynq-7020-video-pipe-3/hw/video-pipe-hw-v5/hw_011223.runs/broncho_video_v_demosaic_0_0_synth_1/prj/sol/.autopilot/db/v_demosaic.cpp:957->/home/alen/repo/zynq-7020-video-pipe-3/hw/video-pipe-hw-v5/hw_011223.runs/broncho_video_v_demosaic_0_0_synth_1/prj/sol/.autopilot/db/v_demosaic.cpp:1073]   --->   Operation 113 'select' 'select_ln957_1' <Predicate = (!icmp_ln881 & icmp_ln891)> <Delay = 0.68> <CoreInst = "Sel">   --->   Core 73 'Sel' <Latency = 0> <II = 1> <Delay = 0.68> <FuncUnit> <Opcode : 'select'> <InPorts = 3> <OutPorts = 1>
ST_3 : Operation 114 [1/1] (0.68ns)   --->   "%select_ln957_2 = select i1 %cmp161_i, i10 %tmp_1_i2, i10 %right_5" [/home/alen/repo/zynq-7020-video-pipe-3/hw/video-pipe-hw-v5/hw_011223.runs/broncho_video_v_demosaic_0_0_synth_1/prj/sol/.autopilot/db/v_demosaic.cpp:957->/home/alen/repo/zynq-7020-video-pipe-3/hw/video-pipe-hw-v5/hw_011223.runs/broncho_video_v_demosaic_0_0_synth_1/prj/sol/.autopilot/db/v_demosaic.cpp:1073]   --->   Operation 114 'select' 'select_ln957_2' <Predicate = (!icmp_ln881 & icmp_ln891)> <Delay = 0.68> <CoreInst = "Sel">   --->   Core 73 'Sel' <Latency = 0> <II = 1> <Delay = 0.68> <FuncUnit> <Opcode : 'select'> <InPorts = 3> <OutPorts = 1>
ST_3 : Operation 115 [1/1] (0.68ns)   --->   "%select_ln957_3 = select i1 %cmp161_i, i10 %trunc_ln902, i10 %p_0_0_0_0_011661717_i_load" [/home/alen/repo/zynq-7020-video-pipe-3/hw/video-pipe-hw-v5/hw_011223.runs/broncho_video_v_demosaic_0_0_synth_1/prj/sol/.autopilot/db/v_demosaic.cpp:957->/home/alen/repo/zynq-7020-video-pipe-3/hw/video-pipe-hw-v5/hw_011223.runs/broncho_video_v_demosaic_0_0_synth_1/prj/sol/.autopilot/db/v_demosaic.cpp:1073]   --->   Operation 115 'select' 'select_ln957_3' <Predicate = (!icmp_ln881 & icmp_ln891)> <Delay = 0.68> <CoreInst = "Sel">   --->   Core 73 'Sel' <Latency = 0> <II = 1> <Delay = 0.68> <FuncUnit> <Opcode : 'select'> <InPorts = 3> <OutPorts = 1>
ST_3 : Operation 116 [1/1] (0.68ns)   --->   "%select_ln957_4 = select i1 %cmp161_i, i10 %tmp_i1, i10 %p_0_1_0_0_011671720_i_load" [/home/alen/repo/zynq-7020-video-pipe-3/hw/video-pipe-hw-v5/hw_011223.runs/broncho_video_v_demosaic_0_0_synth_1/prj/sol/.autopilot/db/v_demosaic.cpp:957->/home/alen/repo/zynq-7020-video-pipe-3/hw/video-pipe-hw-v5/hw_011223.runs/broncho_video_v_demosaic_0_0_synth_1/prj/sol/.autopilot/db/v_demosaic.cpp:1073]   --->   Operation 116 'select' 'select_ln957_4' <Predicate = (!icmp_ln881 & icmp_ln891)> <Delay = 0.68> <CoreInst = "Sel">   --->   Core 73 'Sel' <Latency = 0> <II = 1> <Delay = 0.68> <FuncUnit> <Opcode : 'select'> <InPorts = 3> <OutPorts = 1>
ST_3 : Operation 117 [1/1] (0.68ns)   --->   "%select_ln957_5 = select i1 %cmp161_i, i10 %tmp_1_i2, i10 %p_0_2_0_0_011681723_i_load" [/home/alen/repo/zynq-7020-video-pipe-3/hw/video-pipe-hw-v5/hw_011223.runs/broncho_video_v_demosaic_0_0_synth_1/prj/sol/.autopilot/db/v_demosaic.cpp:957->/home/alen/repo/zynq-7020-video-pipe-3/hw/video-pipe-hw-v5/hw_011223.runs/broncho_video_v_demosaic_0_0_synth_1/prj/sol/.autopilot/db/v_demosaic.cpp:1073]   --->   Operation 117 'select' 'select_ln957_5' <Predicate = (!icmp_ln881 & icmp_ln891)> <Delay = 0.68> <CoreInst = "Sel">   --->   Core 73 'Sel' <Latency = 0> <II = 1> <Delay = 0.68> <FuncUnit> <Opcode : 'select'> <InPorts = 3> <OutPorts = 1>
ST_3 : Operation 118 [1/1] (0.68ns)   --->   "%select_ln957_6 = select i1 %cmp161_i, i10 %tmp_4_i4, i10 %p_0_0_0117217961807_i_load" [/home/alen/repo/zynq-7020-video-pipe-3/hw/video-pipe-hw-v5/hw_011223.runs/broncho_video_v_demosaic_0_0_synth_1/prj/sol/.autopilot/db/v_demosaic.cpp:957->/home/alen/repo/zynq-7020-video-pipe-3/hw/video-pipe-hw-v5/hw_011223.runs/broncho_video_v_demosaic_0_0_synth_1/prj/sol/.autopilot/db/v_demosaic.cpp:1073]   --->   Operation 118 'select' 'select_ln957_6' <Predicate = (!icmp_ln881 & icmp_ln891)> <Delay = 0.68> <CoreInst = "Sel">   --->   Core 73 'Sel' <Latency = 0> <II = 1> <Delay = 0.68> <FuncUnit> <Opcode : 'select'> <InPorts = 3> <OutPorts = 1>
ST_3 : Operation 119 [1/1] (0.68ns)   --->   "%select_ln957_7 = select i1 %cmp161_i, i10 %tmp_3_i3, i10 %p_0_0_0117317941805_i_load" [/home/alen/repo/zynq-7020-video-pipe-3/hw/video-pipe-hw-v5/hw_011223.runs/broncho_video_v_demosaic_0_0_synth_1/prj/sol/.autopilot/db/v_demosaic.cpp:957->/home/alen/repo/zynq-7020-video-pipe-3/hw/video-pipe-hw-v5/hw_011223.runs/broncho_video_v_demosaic_0_0_synth_1/prj/sol/.autopilot/db/v_demosaic.cpp:1073]   --->   Operation 119 'select' 'select_ln957_7' <Predicate = (!icmp_ln881 & icmp_ln891)> <Delay = 0.68> <CoreInst = "Sel">   --->   Core 73 'Sel' <Latency = 0> <II = 1> <Delay = 0.68> <FuncUnit> <Opcode : 'select'> <InPorts = 3> <OutPorts = 1>
ST_3 : Operation 120 [1/1] (0.68ns)   --->   "%select_ln957_8 = select i1 %cmp161_i, i10 %trunc_ln902_1, i10 %p_0_0_0117417921803_i_load" [/home/alen/repo/zynq-7020-video-pipe-3/hw/video-pipe-hw-v5/hw_011223.runs/broncho_video_v_demosaic_0_0_synth_1/prj/sol/.autopilot/db/v_demosaic.cpp:957->/home/alen/repo/zynq-7020-video-pipe-3/hw/video-pipe-hw-v5/hw_011223.runs/broncho_video_v_demosaic_0_0_synth_1/prj/sol/.autopilot/db/v_demosaic.cpp:1073]   --->   Operation 120 'select' 'select_ln957_8' <Predicate = (!icmp_ln881 & icmp_ln891)> <Delay = 0.68> <CoreInst = "Sel">   --->   Core 73 'Sel' <Latency = 0> <II = 1> <Delay = 0.68> <FuncUnit> <Opcode : 'select'> <InPorts = 3> <OutPorts = 1>
ST_3 : Operation 121 [1/1] (0.68ns)   --->   "%select_ln957_9 = select i1 %cmp161_i, i10 %p_0_0_01194_21790_ph_i, i10 %p_0_0_01194_217901819_i_load" [/home/alen/repo/zynq-7020-video-pipe-3/hw/video-pipe-hw-v5/hw_011223.runs/broncho_video_v_demosaic_0_0_synth_1/prj/sol/.autopilot/db/v_demosaic.cpp:957->/home/alen/repo/zynq-7020-video-pipe-3/hw/video-pipe-hw-v5/hw_011223.runs/broncho_video_v_demosaic_0_0_synth_1/prj/sol/.autopilot/db/v_demosaic.cpp:1073]   --->   Operation 121 'select' 'select_ln957_9' <Predicate = (!icmp_ln881 & icmp_ln891)> <Delay = 0.68> <CoreInst = "Sel">   --->   Core 73 'Sel' <Latency = 0> <II = 1> <Delay = 0.68> <FuncUnit> <Opcode : 'select'> <InPorts = 3> <OutPorts = 1>
ST_3 : Operation 122 [1/1] (0.68ns)   --->   "%select_ln957_10 = select i1 %cmp161_i, i10 %p_0_0_01195_21788_ph_i, i10 %p_0_0_01195_217881817_i_load" [/home/alen/repo/zynq-7020-video-pipe-3/hw/video-pipe-hw-v5/hw_011223.runs/broncho_video_v_demosaic_0_0_synth_1/prj/sol/.autopilot/db/v_demosaic.cpp:957->/home/alen/repo/zynq-7020-video-pipe-3/hw/video-pipe-hw-v5/hw_011223.runs/broncho_video_v_demosaic_0_0_synth_1/prj/sol/.autopilot/db/v_demosaic.cpp:1073]   --->   Operation 122 'select' 'select_ln957_10' <Predicate = (!icmp_ln881 & icmp_ln891)> <Delay = 0.68> <CoreInst = "Sel">   --->   Core 73 'Sel' <Latency = 0> <II = 1> <Delay = 0.68> <FuncUnit> <Opcode : 'select'> <InPorts = 3> <OutPorts = 1>
ST_3 : Operation 123 [1/1] (0.68ns)   --->   "%select_ln957_11 = select i1 %cmp161_i, i10 %p_0_0_01196_21786_ph_i, i10 %p_0_0_01196_217861815_i_load" [/home/alen/repo/zynq-7020-video-pipe-3/hw/video-pipe-hw-v5/hw_011223.runs/broncho_video_v_demosaic_0_0_synth_1/prj/sol/.autopilot/db/v_demosaic.cpp:957->/home/alen/repo/zynq-7020-video-pipe-3/hw/video-pipe-hw-v5/hw_011223.runs/broncho_video_v_demosaic_0_0_synth_1/prj/sol/.autopilot/db/v_demosaic.cpp:1073]   --->   Operation 123 'select' 'select_ln957_11' <Predicate = (!icmp_ln881 & icmp_ln891)> <Delay = 0.68> <CoreInst = "Sel">   --->   Core 73 'Sel' <Latency = 0> <II = 1> <Delay = 0.68> <FuncUnit> <Opcode : 'select'> <InPorts = 3> <OutPorts = 1>
ST_3 : Operation 124 [1/1] (0.68ns)   --->   "%PixBufVal_4 = select i1 %cmp478_i_read, i10 %tmp_1_i2, i10 %p_0_0_01194_21790_ph_i" [/home/alen/repo/zynq-7020-video-pipe-3/hw/video-pipe-hw-v5/hw_011223.runs/broncho_video_v_demosaic_0_0_synth_1/prj/sol/.autopilot/db/v_demosaic.cpp:975->/home/alen/repo/zynq-7020-video-pipe-3/hw/video-pipe-hw-v5/hw_011223.runs/broncho_video_v_demosaic_0_0_synth_1/prj/sol/.autopilot/db/v_demosaic.cpp:1073]   --->   Operation 124 'select' 'PixBufVal_4' <Predicate = (!icmp_ln881 & icmp_ln891)> <Delay = 0.68> <CoreInst = "Sel">   --->   Core 73 'Sel' <Latency = 0> <II = 1> <Delay = 0.68> <FuncUnit> <Opcode : 'select'> <InPorts = 3> <OutPorts = 1>
ST_3 : Operation 125 [1/1] (0.68ns)   --->   "%PixBufVal_3 = select i1 %cmp478_i_read, i10 %tmp_i1, i10 %p_0_0_01195_21788_ph_i" [/home/alen/repo/zynq-7020-video-pipe-3/hw/video-pipe-hw-v5/hw_011223.runs/broncho_video_v_demosaic_0_0_synth_1/prj/sol/.autopilot/db/v_demosaic.cpp:975->/home/alen/repo/zynq-7020-video-pipe-3/hw/video-pipe-hw-v5/hw_011223.runs/broncho_video_v_demosaic_0_0_synth_1/prj/sol/.autopilot/db/v_demosaic.cpp:1073]   --->   Operation 125 'select' 'PixBufVal_3' <Predicate = (!icmp_ln881 & icmp_ln891)> <Delay = 0.68> <CoreInst = "Sel">   --->   Core 73 'Sel' <Latency = 0> <II = 1> <Delay = 0.68> <FuncUnit> <Opcode : 'select'> <InPorts = 3> <OutPorts = 1>
ST_3 : Operation 126 [1/1] (0.68ns)   --->   "%PixBufVal = select i1 %cmp478_i_read, i10 %trunc_ln902, i10 %p_0_0_01196_21786_ph_i" [/home/alen/repo/zynq-7020-video-pipe-3/hw/video-pipe-hw-v5/hw_011223.runs/broncho_video_v_demosaic_0_0_synth_1/prj/sol/.autopilot/db/v_demosaic.cpp:975->/home/alen/repo/zynq-7020-video-pipe-3/hw/video-pipe-hw-v5/hw_011223.runs/broncho_video_v_demosaic_0_0_synth_1/prj/sol/.autopilot/db/v_demosaic.cpp:1073]   --->   Operation 126 'select' 'PixBufVal' <Predicate = (!icmp_ln881 & icmp_ln891)> <Delay = 0.68> <CoreInst = "Sel">   --->   Core 73 'Sel' <Latency = 0> <II = 1> <Delay = 0.68> <FuncUnit> <Opcode : 'select'> <InPorts = 3> <OutPorts = 1>
ST_3 : Operation 127 [1/1] (0.00ns)   --->   "%LineBufVal_4 = bitconcatenate i30 @_ssdm_op_BitConcatenate.i30.i10.i10.i10, i10 %PixBufVal_4, i10 %PixBufVal_3, i10 %PixBufVal" [/home/alen/repo/zynq-7020-video-pipe-3/hw/video-pipe-hw-v5/hw_011223.runs/broncho_video_v_demosaic_0_0_synth_1/prj/sol/.autopilot/db/v_demosaic.cpp:984->/home/alen/repo/zynq-7020-video-pipe-3/hw/video-pipe-hw-v5/hw_011223.runs/broncho_video_v_demosaic_0_0_synth_1/prj/sol/.autopilot/db/v_demosaic.cpp:1073]   --->   Operation 127 'bitconcatenate' 'LineBufVal_4' <Predicate = (!icmp_ln881 & icmp_ln891)> <Delay = 0.00>
ST_3 : Operation 128 [1/1] (3.25ns)   --->   "%store_ln987 = store i30 %LineBufVal_4, i9 %lineBuffer_1_i_addr" [/home/alen/repo/zynq-7020-video-pipe-3/hw/video-pipe-hw-v5/hw_011223.runs/broncho_video_v_demosaic_0_0_synth_1/prj/sol/.autopilot/db/v_demosaic.cpp:987->/home/alen/repo/zynq-7020-video-pipe-3/hw/video-pipe-hw-v5/hw_011223.runs/broncho_video_v_demosaic_0_0_synth_1/prj/sol/.autopilot/db/v_demosaic.cpp:1073]   --->   Operation 128 'store' 'store_ln987' <Predicate = (!icmp_ln881 & icmp_ln891)> <Delay = 3.25> <CoreInst = "RAM">   --->   Core 82 'RAM' <Latency = 1> <II = 1> <Delay = 3.25> <Storage> <Opcode : 'load' 'store'> <Ports = 2> <Width = 30> <Depth = 401> <RAM>
ST_3 : Operation 129 [1/1] (1.58ns)   --->   "%store_ln913 = store i10 %p_0_0_01194_21790_ph_i, i10 %p_0_0_01194_217901819_i" [/home/alen/repo/zynq-7020-video-pipe-3/hw/video-pipe-hw-v5/hw_011223.runs/broncho_video_v_demosaic_0_0_synth_1/prj/sol/.autopilot/db/v_demosaic.cpp:913->/home/alen/repo/zynq-7020-video-pipe-3/hw/video-pipe-hw-v5/hw_011223.runs/broncho_video_v_demosaic_0_0_synth_1/prj/sol/.autopilot/db/v_demosaic.cpp:1073]   --->   Operation 129 'store' 'store_ln913' <Predicate = (!icmp_ln881 & icmp_ln891)> <Delay = 1.58>
ST_3 : Operation 130 [1/1] (1.58ns)   --->   "%store_ln913 = store i10 %p_0_0_01195_21788_ph_i, i10 %p_0_0_01195_217881817_i" [/home/alen/repo/zynq-7020-video-pipe-3/hw/video-pipe-hw-v5/hw_011223.runs/broncho_video_v_demosaic_0_0_synth_1/prj/sol/.autopilot/db/v_demosaic.cpp:913->/home/alen/repo/zynq-7020-video-pipe-3/hw/video-pipe-hw-v5/hw_011223.runs/broncho_video_v_demosaic_0_0_synth_1/prj/sol/.autopilot/db/v_demosaic.cpp:1073]   --->   Operation 130 'store' 'store_ln913' <Predicate = (!icmp_ln881 & icmp_ln891)> <Delay = 1.58>
ST_3 : Operation 131 [1/1] (1.58ns)   --->   "%store_ln913 = store i10 %p_0_0_01196_21786_ph_i, i10 %p_0_0_01196_217861815_i" [/home/alen/repo/zynq-7020-video-pipe-3/hw/video-pipe-hw-v5/hw_011223.runs/broncho_video_v_demosaic_0_0_synth_1/prj/sol/.autopilot/db/v_demosaic.cpp:913->/home/alen/repo/zynq-7020-video-pipe-3/hw/video-pipe-hw-v5/hw_011223.runs/broncho_video_v_demosaic_0_0_synth_1/prj/sol/.autopilot/db/v_demosaic.cpp:1073]   --->   Operation 131 'store' 'store_ln913' <Predicate = (!icmp_ln881 & icmp_ln891)> <Delay = 1.58>
ST_3 : Operation 132 [1/1] (1.58ns)   --->   "%store_ln1018 = store i10 %tmp_1_i2, i10 %right_2" [/home/alen/repo/zynq-7020-video-pipe-3/hw/video-pipe-hw-v5/hw_011223.runs/broncho_video_v_demosaic_0_0_synth_1/prj/sol/.autopilot/db/v_demosaic.cpp:1018->/home/alen/repo/zynq-7020-video-pipe-3/hw/video-pipe-hw-v5/hw_011223.runs/broncho_video_v_demosaic_0_0_synth_1/prj/sol/.autopilot/db/v_demosaic.cpp:1073]   --->   Operation 132 'store' 'store_ln1018' <Predicate = (!icmp_ln881 & icmp_ln891)> <Delay = 1.58>
ST_3 : Operation 133 [1/1] (1.58ns)   --->   "%store_ln902 = store i10 %tmp_4_i4, i10 %p_0_0_0117217961807_i" [/home/alen/repo/zynq-7020-video-pipe-3/hw/video-pipe-hw-v5/hw_011223.runs/broncho_video_v_demosaic_0_0_synth_1/prj/sol/.autopilot/db/v_demosaic.cpp:902->/home/alen/repo/zynq-7020-video-pipe-3/hw/video-pipe-hw-v5/hw_011223.runs/broncho_video_v_demosaic_0_0_synth_1/prj/sol/.autopilot/db/v_demosaic.cpp:1073]   --->   Operation 133 'store' 'store_ln902' <Predicate = (!icmp_ln881 & icmp_ln891)> <Delay = 1.58>
ST_3 : Operation 134 [1/1] (1.58ns)   --->   "%store_ln902 = store i10 %tmp_3_i3, i10 %p_0_0_0117317941805_i" [/home/alen/repo/zynq-7020-video-pipe-3/hw/video-pipe-hw-v5/hw_011223.runs/broncho_video_v_demosaic_0_0_synth_1/prj/sol/.autopilot/db/v_demosaic.cpp:902->/home/alen/repo/zynq-7020-video-pipe-3/hw/video-pipe-hw-v5/hw_011223.runs/broncho_video_v_demosaic_0_0_synth_1/prj/sol/.autopilot/db/v_demosaic.cpp:1073]   --->   Operation 134 'store' 'store_ln902' <Predicate = (!icmp_ln881 & icmp_ln891)> <Delay = 1.58>
ST_3 : Operation 135 [1/1] (1.58ns)   --->   "%store_ln902 = store i10 %trunc_ln902_1, i10 %p_0_0_0117417921803_i" [/home/alen/repo/zynq-7020-video-pipe-3/hw/video-pipe-hw-v5/hw_011223.runs/broncho_video_v_demosaic_0_0_synth_1/prj/sol/.autopilot/db/v_demosaic.cpp:902->/home/alen/repo/zynq-7020-video-pipe-3/hw/video-pipe-hw-v5/hw_011223.runs/broncho_video_v_demosaic_0_0_synth_1/prj/sol/.autopilot/db/v_demosaic.cpp:1073]   --->   Operation 135 'store' 'store_ln902' <Predicate = (!icmp_ln881 & icmp_ln891)> <Delay = 1.58>
ST_3 : Operation 136 [1/1] (1.58ns)   --->   "%br_ln989 = br void %for.body290_ifconv.i" [/home/alen/repo/zynq-7020-video-pipe-3/hw/video-pipe-hw-v5/hw_011223.runs/broncho_video_v_demosaic_0_0_synth_1/prj/sol/.autopilot/db/v_demosaic.cpp:989->/home/alen/repo/zynq-7020-video-pipe-3/hw/video-pipe-hw-v5/hw_011223.runs/broncho_video_v_demosaic_0_0_synth_1/prj/sol/.autopilot/db/v_demosaic.cpp:1073]   --->   Operation 136 'br' 'br_ln989' <Predicate = (!icmp_ln881 & icmp_ln891)> <Delay = 1.58>
ST_3 : Operation 137 [1/1] (0.00ns)   --->   "%down_2 = phi i10 %select_ln957_9, void %VITIS_LOOP_940_11.i, i10 %p_0_0_01194_217901819_i_load, void %for.body14.split.i" [/home/alen/repo/zynq-7020-video-pipe-3/hw/video-pipe-hw-v5/hw_011223.runs/broncho_video_v_demosaic_0_0_synth_1/prj/sol/.autopilot/db/v_demosaic.cpp:957->/home/alen/repo/zynq-7020-video-pipe-3/hw/video-pipe-hw-v5/hw_011223.runs/broncho_video_v_demosaic_0_0_synth_1/prj/sol/.autopilot/db/v_demosaic.cpp:1073]   --->   Operation 137 'phi' 'down_2' <Predicate = (!icmp_ln881)> <Delay = 0.00>
ST_3 : Operation 138 [1/1] (0.00ns)   --->   "%down_1 = phi i10 %select_ln957_10, void %VITIS_LOOP_940_11.i, i10 %p_0_0_01195_217881817_i_load, void %for.body14.split.i" [/home/alen/repo/zynq-7020-video-pipe-3/hw/video-pipe-hw-v5/hw_011223.runs/broncho_video_v_demosaic_0_0_synth_1/prj/sol/.autopilot/db/v_demosaic.cpp:957->/home/alen/repo/zynq-7020-video-pipe-3/hw/video-pipe-hw-v5/hw_011223.runs/broncho_video_v_demosaic_0_0_synth_1/prj/sol/.autopilot/db/v_demosaic.cpp:1073]   --->   Operation 138 'phi' 'down_1' <Predicate = (!icmp_ln881)> <Delay = 0.00>
ST_3 : Operation 139 [1/1] (0.00ns)   --->   "%down = phi i10 %select_ln957_11, void %VITIS_LOOP_940_11.i, i10 %p_0_0_01196_217861815_i_load, void %for.body14.split.i" [/home/alen/repo/zynq-7020-video-pipe-3/hw/video-pipe-hw-v5/hw_011223.runs/broncho_video_v_demosaic_0_0_synth_1/prj/sol/.autopilot/db/v_demosaic.cpp:957->/home/alen/repo/zynq-7020-video-pipe-3/hw/video-pipe-hw-v5/hw_011223.runs/broncho_video_v_demosaic_0_0_synth_1/prj/sol/.autopilot/db/v_demosaic.cpp:1073]   --->   Operation 139 'phi' 'down' <Predicate = (!icmp_ln881)> <Delay = 0.00>
ST_3 : Operation 140 [1/1] (0.00ns)   --->   "%left_1 = phi i10 %select_ln957_4, void %VITIS_LOOP_940_11.i, i10 %p_0_1_0_0_011671720_i_load, void %for.body14.split.i" [/home/alen/repo/zynq-7020-video-pipe-3/hw/video-pipe-hw-v5/hw_011223.runs/broncho_video_v_demosaic_0_0_synth_1/prj/sol/.autopilot/db/v_demosaic.cpp:957->/home/alen/repo/zynq-7020-video-pipe-3/hw/video-pipe-hw-v5/hw_011223.runs/broncho_video_v_demosaic_0_0_synth_1/prj/sol/.autopilot/db/v_demosaic.cpp:1073]   --->   Operation 140 'phi' 'left_1' <Predicate = (!icmp_ln881)> <Delay = 0.00>
ST_3 : Operation 141 [1/1] (0.00ns)   --->   "%left = phi i10 %select_ln957_3, void %VITIS_LOOP_940_11.i, i10 %p_0_0_0_0_011661717_i_load, void %for.body14.split.i" [/home/alen/repo/zynq-7020-video-pipe-3/hw/video-pipe-hw-v5/hw_011223.runs/broncho_video_v_demosaic_0_0_synth_1/prj/sol/.autopilot/db/v_demosaic.cpp:957->/home/alen/repo/zynq-7020-video-pipe-3/hw/video-pipe-hw-v5/hw_011223.runs/broncho_video_v_demosaic_0_0_synth_1/prj/sol/.autopilot/db/v_demosaic.cpp:1073]   --->   Operation 141 'phi' 'left' <Predicate = (!icmp_ln881)> <Delay = 0.00>
ST_3 : Operation 142 [1/1] (0.00ns)   --->   "%pix_8 = phi i10 %select_ln957_2, void %VITIS_LOOP_940_11.i, i10 %right_5, void %for.body14.split.i"   --->   Operation 142 'phi' 'pix_8' <Predicate = (!icmp_ln881)> <Delay = 0.00>
ST_3 : Operation 143 [1/1] (0.00ns)   --->   "%pix_7 = phi i10 %select_ln957_1, void %VITIS_LOOP_940_11.i, i10 %right_4, void %for.body14.split.i"   --->   Operation 143 'phi' 'pix_7' <Predicate = (!icmp_ln881)> <Delay = 0.00>
ST_3 : Operation 144 [1/1] (0.00ns)   --->   "%pix = phi i10 %select_ln957, void %VITIS_LOOP_940_11.i, i10 %right_3, void %for.body14.split.i"   --->   Operation 144 'phi' 'pix' <Predicate = (!icmp_ln881)> <Delay = 0.00>
ST_3 : Operation 145 [1/1] (0.00ns)   --->   "%up_2 = phi i10 %select_ln957_6, void %VITIS_LOOP_940_11.i, i10 %p_0_0_0117217961807_i_load, void %for.body14.split.i" [/home/alen/repo/zynq-7020-video-pipe-3/hw/video-pipe-hw-v5/hw_011223.runs/broncho_video_v_demosaic_0_0_synth_1/prj/sol/.autopilot/db/v_demosaic.cpp:957->/home/alen/repo/zynq-7020-video-pipe-3/hw/video-pipe-hw-v5/hw_011223.runs/broncho_video_v_demosaic_0_0_synth_1/prj/sol/.autopilot/db/v_demosaic.cpp:1073]   --->   Operation 145 'phi' 'up_2' <Predicate = (!icmp_ln881)> <Delay = 0.00>
ST_3 : Operation 146 [1/1] (0.00ns)   --->   "%up_1 = phi i10 %select_ln957_7, void %VITIS_LOOP_940_11.i, i10 %p_0_0_0117317941805_i_load, void %for.body14.split.i" [/home/alen/repo/zynq-7020-video-pipe-3/hw/video-pipe-hw-v5/hw_011223.runs/broncho_video_v_demosaic_0_0_synth_1/prj/sol/.autopilot/db/v_demosaic.cpp:957->/home/alen/repo/zynq-7020-video-pipe-3/hw/video-pipe-hw-v5/hw_011223.runs/broncho_video_v_demosaic_0_0_synth_1/prj/sol/.autopilot/db/v_demosaic.cpp:1073]   --->   Operation 146 'phi' 'up_1' <Predicate = (!icmp_ln881)> <Delay = 0.00>
ST_3 : Operation 147 [1/1] (0.00ns)   --->   "%up = phi i10 %select_ln957_8, void %VITIS_LOOP_940_11.i, i10 %p_0_0_0117417921803_i_load, void %for.body14.split.i" [/home/alen/repo/zynq-7020-video-pipe-3/hw/video-pipe-hw-v5/hw_011223.runs/broncho_video_v_demosaic_0_0_synth_1/prj/sol/.autopilot/db/v_demosaic.cpp:957->/home/alen/repo/zynq-7020-video-pipe-3/hw/video-pipe-hw-v5/hw_011223.runs/broncho_video_v_demosaic_0_0_synth_1/prj/sol/.autopilot/db/v_demosaic.cpp:1073]   --->   Operation 147 'phi' 'up' <Predicate = (!icmp_ln881)> <Delay = 0.00>
ST_3 : Operation 148 [1/1] (0.00ns)   --->   "%right_load_1 = load i10 %right" [/home/alen/repo/zynq-7020-video-pipe-3/hw/video-pipe-hw-v5/hw_011223.runs/broncho_video_v_demosaic_0_0_synth_1/prj/sol/.autopilot/db/v_demosaic.cpp:1023->/home/alen/repo/zynq-7020-video-pipe-3/hw/video-pipe-hw-v5/hw_011223.runs/broncho_video_v_demosaic_0_0_synth_1/prj/sol/.autopilot/db/v_demosaic.cpp:1073]   --->   Operation 148 'load' 'right_load_1' <Predicate = (!icmp_ln881)> <Delay = 0.00>
ST_3 : Operation 149 [1/1] (0.00ns)   --->   "%right_1_load_1 = load i10 %right_1" [/home/alen/repo/zynq-7020-video-pipe-3/hw/video-pipe-hw-v5/hw_011223.runs/broncho_video_v_demosaic_0_0_synth_1/prj/sol/.autopilot/db/v_demosaic.cpp:1025->/home/alen/repo/zynq-7020-video-pipe-3/hw/video-pipe-hw-v5/hw_011223.runs/broncho_video_v_demosaic_0_0_synth_1/prj/sol/.autopilot/db/v_demosaic.cpp:1073]   --->   Operation 149 'load' 'right_1_load_1' <Predicate = (!icmp_ln881)> <Delay = 0.00>
ST_3 : Operation 150 [1/1] (0.00ns)   --->   "%zext_ln1023 = zext i10 %left" [/home/alen/repo/zynq-7020-video-pipe-3/hw/video-pipe-hw-v5/hw_011223.runs/broncho_video_v_demosaic_0_0_synth_1/prj/sol/.autopilot/db/v_demosaic.cpp:1023->/home/alen/repo/zynq-7020-video-pipe-3/hw/video-pipe-hw-v5/hw_011223.runs/broncho_video_v_demosaic_0_0_synth_1/prj/sol/.autopilot/db/v_demosaic.cpp:1073]   --->   Operation 150 'zext' 'zext_ln1023' <Predicate = (!icmp_ln881)> <Delay = 0.00>
ST_3 : Operation 151 [1/1] (0.00ns)   --->   "%zext_ln1023_1 = zext i10 %right_load_1" [/home/alen/repo/zynq-7020-video-pipe-3/hw/video-pipe-hw-v5/hw_011223.runs/broncho_video_v_demosaic_0_0_synth_1/prj/sol/.autopilot/db/v_demosaic.cpp:1023->/home/alen/repo/zynq-7020-video-pipe-3/hw/video-pipe-hw-v5/hw_011223.runs/broncho_video_v_demosaic_0_0_synth_1/prj/sol/.autopilot/db/v_demosaic.cpp:1073]   --->   Operation 151 'zext' 'zext_ln1023_1' <Predicate = (!icmp_ln881)> <Delay = 0.00>
ST_3 : Operation 152 [1/1] (1.73ns)   --->   "%sub_ln1023 = sub i11 %zext_ln1023, i11 %zext_ln1023_1" [/home/alen/repo/zynq-7020-video-pipe-3/hw/video-pipe-hw-v5/hw_011223.runs/broncho_video_v_demosaic_0_0_synth_1/prj/sol/.autopilot/db/v_demosaic.cpp:1023->/home/alen/repo/zynq-7020-video-pipe-3/hw/video-pipe-hw-v5/hw_011223.runs/broncho_video_v_demosaic_0_0_synth_1/prj/sol/.autopilot/db/v_demosaic.cpp:1073]   --->   Operation 152 'sub' 'sub_ln1023' <Predicate = (!icmp_ln881)> <Delay = 1.73> <CoreInst = "Adder">   --->   Core 1 'Adder' <Latency = 0> <II = 1> <Delay = 1.63> <FuncUnit> <Opcode : 'add' 'sub'> <InPorts = 2> <OutPorts = 1>
ST_3 : Operation 153 [1/1] (0.00ns)   --->   "%trunc_ln61 = trunc i11 %sub_ln1023" [/home/alen/Xilinx/Vitis_HLS/2023.2/tps/lnx64/gcc-8.3.0/lib/gcc/x86_64-pc-linux-gnu/8.3.0/../../../../include/c++/8.3.0/bits/std_abs.h:61->/home/alen/repo/zynq-7020-video-pipe-3/hw/video-pipe-hw-v5/hw_011223.runs/broncho_video_v_demosaic_0_0_synth_1/prj/sol/.autopilot/db/v_demosaic.cpp:1023->/home/alen/repo/zynq-7020-video-pipe-3/hw/video-pipe-hw-v5/hw_011223.runs/broncho_video_v_demosaic_0_0_synth_1/prj/sol/.autopilot/db/v_demosaic.cpp:1073]   --->   Operation 153 'trunc' 'trunc_ln61' <Predicate = (!icmp_ln881)> <Delay = 0.00>
ST_3 : Operation 154 [1/1] (0.00ns)   --->   "%zext_ln1024 = zext i10 %up" [/home/alen/repo/zynq-7020-video-pipe-3/hw/video-pipe-hw-v5/hw_011223.runs/broncho_video_v_demosaic_0_0_synth_1/prj/sol/.autopilot/db/v_demosaic.cpp:1024->/home/alen/repo/zynq-7020-video-pipe-3/hw/video-pipe-hw-v5/hw_011223.runs/broncho_video_v_demosaic_0_0_synth_1/prj/sol/.autopilot/db/v_demosaic.cpp:1073]   --->   Operation 154 'zext' 'zext_ln1024' <Predicate = (!icmp_ln881)> <Delay = 0.00>
ST_3 : Operation 155 [1/1] (0.00ns)   --->   "%zext_ln1024_1 = zext i10 %down" [/home/alen/repo/zynq-7020-video-pipe-3/hw/video-pipe-hw-v5/hw_011223.runs/broncho_video_v_demosaic_0_0_synth_1/prj/sol/.autopilot/db/v_demosaic.cpp:1024->/home/alen/repo/zynq-7020-video-pipe-3/hw/video-pipe-hw-v5/hw_011223.runs/broncho_video_v_demosaic_0_0_synth_1/prj/sol/.autopilot/db/v_demosaic.cpp:1073]   --->   Operation 155 'zext' 'zext_ln1024_1' <Predicate = (!icmp_ln881)> <Delay = 0.00>
ST_3 : Operation 156 [1/1] (1.73ns)   --->   "%sub_ln1024 = sub i11 %zext_ln1024, i11 %zext_ln1024_1" [/home/alen/repo/zynq-7020-video-pipe-3/hw/video-pipe-hw-v5/hw_011223.runs/broncho_video_v_demosaic_0_0_synth_1/prj/sol/.autopilot/db/v_demosaic.cpp:1024->/home/alen/repo/zynq-7020-video-pipe-3/hw/video-pipe-hw-v5/hw_011223.runs/broncho_video_v_demosaic_0_0_synth_1/prj/sol/.autopilot/db/v_demosaic.cpp:1073]   --->   Operation 156 'sub' 'sub_ln1024' <Predicate = (!icmp_ln881)> <Delay = 1.73> <CoreInst = "Adder">   --->   Core 1 'Adder' <Latency = 0> <II = 1> <Delay = 1.63> <FuncUnit> <Opcode : 'add' 'sub'> <InPorts = 2> <OutPorts = 1>
ST_3 : Operation 157 [1/1] (0.00ns)   --->   "%trunc_ln61_4 = trunc i11 %sub_ln1024" [/home/alen/Xilinx/Vitis_HLS/2023.2/tps/lnx64/gcc-8.3.0/lib/gcc/x86_64-pc-linux-gnu/8.3.0/../../../../include/c++/8.3.0/bits/std_abs.h:61->/home/alen/repo/zynq-7020-video-pipe-3/hw/video-pipe-hw-v5/hw_011223.runs/broncho_video_v_demosaic_0_0_synth_1/prj/sol/.autopilot/db/v_demosaic.cpp:1024->/home/alen/repo/zynq-7020-video-pipe-3/hw/video-pipe-hw-v5/hw_011223.runs/broncho_video_v_demosaic_0_0_synth_1/prj/sol/.autopilot/db/v_demosaic.cpp:1073]   --->   Operation 157 'trunc' 'trunc_ln61_4' <Predicate = (!icmp_ln881)> <Delay = 0.00>
ST_3 : Operation 158 [1/1] (0.00ns)   --->   "%zext_ln1025 = zext i10 %left_1" [/home/alen/repo/zynq-7020-video-pipe-3/hw/video-pipe-hw-v5/hw_011223.runs/broncho_video_v_demosaic_0_0_synth_1/prj/sol/.autopilot/db/v_demosaic.cpp:1025->/home/alen/repo/zynq-7020-video-pipe-3/hw/video-pipe-hw-v5/hw_011223.runs/broncho_video_v_demosaic_0_0_synth_1/prj/sol/.autopilot/db/v_demosaic.cpp:1073]   --->   Operation 158 'zext' 'zext_ln1025' <Predicate = (!icmp_ln881)> <Delay = 0.00>
ST_3 : Operation 159 [1/1] (0.00ns)   --->   "%zext_ln1025_1 = zext i10 %right_1_load_1" [/home/alen/repo/zynq-7020-video-pipe-3/hw/video-pipe-hw-v5/hw_011223.runs/broncho_video_v_demosaic_0_0_synth_1/prj/sol/.autopilot/db/v_demosaic.cpp:1025->/home/alen/repo/zynq-7020-video-pipe-3/hw/video-pipe-hw-v5/hw_011223.runs/broncho_video_v_demosaic_0_0_synth_1/prj/sol/.autopilot/db/v_demosaic.cpp:1073]   --->   Operation 159 'zext' 'zext_ln1025_1' <Predicate = (!icmp_ln881)> <Delay = 0.00>
ST_3 : Operation 160 [1/1] (1.73ns)   --->   "%sub_ln1025 = sub i11 %zext_ln1025, i11 %zext_ln1025_1" [/home/alen/repo/zynq-7020-video-pipe-3/hw/video-pipe-hw-v5/hw_011223.runs/broncho_video_v_demosaic_0_0_synth_1/prj/sol/.autopilot/db/v_demosaic.cpp:1025->/home/alen/repo/zynq-7020-video-pipe-3/hw/video-pipe-hw-v5/hw_011223.runs/broncho_video_v_demosaic_0_0_synth_1/prj/sol/.autopilot/db/v_demosaic.cpp:1073]   --->   Operation 160 'sub' 'sub_ln1025' <Predicate = (!icmp_ln881)> <Delay = 1.73> <CoreInst = "Adder">   --->   Core 1 'Adder' <Latency = 0> <II = 1> <Delay = 1.63> <FuncUnit> <Opcode : 'add' 'sub'> <InPorts = 2> <OutPorts = 1>
ST_3 : Operation 161 [1/1] (0.00ns)   --->   "%trunc_ln61_5 = trunc i11 %sub_ln1025" [/home/alen/Xilinx/Vitis_HLS/2023.2/tps/lnx64/gcc-8.3.0/lib/gcc/x86_64-pc-linux-gnu/8.3.0/../../../../include/c++/8.3.0/bits/std_abs.h:61->/home/alen/repo/zynq-7020-video-pipe-3/hw/video-pipe-hw-v5/hw_011223.runs/broncho_video_v_demosaic_0_0_synth_1/prj/sol/.autopilot/db/v_demosaic.cpp:1025->/home/alen/repo/zynq-7020-video-pipe-3/hw/video-pipe-hw-v5/hw_011223.runs/broncho_video_v_demosaic_0_0_synth_1/prj/sol/.autopilot/db/v_demosaic.cpp:1073]   --->   Operation 161 'trunc' 'trunc_ln61_5' <Predicate = (!icmp_ln881)> <Delay = 0.00>
ST_3 : Operation 162 [1/1] (0.00ns)   --->   "%zext_ln1026 = zext i10 %up_1" [/home/alen/repo/zynq-7020-video-pipe-3/hw/video-pipe-hw-v5/hw_011223.runs/broncho_video_v_demosaic_0_0_synth_1/prj/sol/.autopilot/db/v_demosaic.cpp:1026->/home/alen/repo/zynq-7020-video-pipe-3/hw/video-pipe-hw-v5/hw_011223.runs/broncho_video_v_demosaic_0_0_synth_1/prj/sol/.autopilot/db/v_demosaic.cpp:1073]   --->   Operation 162 'zext' 'zext_ln1026' <Predicate = (!icmp_ln881)> <Delay = 0.00>
ST_3 : Operation 163 [1/1] (0.00ns)   --->   "%zext_ln1026_1 = zext i10 %down_1" [/home/alen/repo/zynq-7020-video-pipe-3/hw/video-pipe-hw-v5/hw_011223.runs/broncho_video_v_demosaic_0_0_synth_1/prj/sol/.autopilot/db/v_demosaic.cpp:1026->/home/alen/repo/zynq-7020-video-pipe-3/hw/video-pipe-hw-v5/hw_011223.runs/broncho_video_v_demosaic_0_0_synth_1/prj/sol/.autopilot/db/v_demosaic.cpp:1073]   --->   Operation 163 'zext' 'zext_ln1026_1' <Predicate = (!icmp_ln881)> <Delay = 0.00>
ST_3 : Operation 164 [1/1] (1.73ns)   --->   "%sub_ln1026 = sub i11 %zext_ln1026, i11 %zext_ln1026_1" [/home/alen/repo/zynq-7020-video-pipe-3/hw/video-pipe-hw-v5/hw_011223.runs/broncho_video_v_demosaic_0_0_synth_1/prj/sol/.autopilot/db/v_demosaic.cpp:1026->/home/alen/repo/zynq-7020-video-pipe-3/hw/video-pipe-hw-v5/hw_011223.runs/broncho_video_v_demosaic_0_0_synth_1/prj/sol/.autopilot/db/v_demosaic.cpp:1073]   --->   Operation 164 'sub' 'sub_ln1026' <Predicate = (!icmp_ln881)> <Delay = 1.73> <CoreInst = "Adder">   --->   Core 1 'Adder' <Latency = 0> <II = 1> <Delay = 1.63> <FuncUnit> <Opcode : 'add' 'sub'> <InPorts = 2> <OutPorts = 1>
ST_3 : Operation 165 [1/1] (0.00ns)   --->   "%trunc_ln61_6 = trunc i11 %sub_ln1026" [/home/alen/Xilinx/Vitis_HLS/2023.2/tps/lnx64/gcc-8.3.0/lib/gcc/x86_64-pc-linux-gnu/8.3.0/../../../../include/c++/8.3.0/bits/std_abs.h:61->/home/alen/repo/zynq-7020-video-pipe-3/hw/video-pipe-hw-v5/hw_011223.runs/broncho_video_v_demosaic_0_0_synth_1/prj/sol/.autopilot/db/v_demosaic.cpp:1026->/home/alen/repo/zynq-7020-video-pipe-3/hw/video-pipe-hw-v5/hw_011223.runs/broncho_video_v_demosaic_0_0_synth_1/prj/sol/.autopilot/db/v_demosaic.cpp:1073]   --->   Operation 165 'trunc' 'trunc_ln61_6' <Predicate = (!icmp_ln881)> <Delay = 0.00>
ST_3 : Operation 166 [1/1] (0.00ns)   --->   "%zext_ln1028 = zext i10 %up_2" [/home/alen/repo/zynq-7020-video-pipe-3/hw/video-pipe-hw-v5/hw_011223.runs/broncho_video_v_demosaic_0_0_synth_1/prj/sol/.autopilot/db/v_demosaic.cpp:1028->/home/alen/repo/zynq-7020-video-pipe-3/hw/video-pipe-hw-v5/hw_011223.runs/broncho_video_v_demosaic_0_0_synth_1/prj/sol/.autopilot/db/v_demosaic.cpp:1073]   --->   Operation 166 'zext' 'zext_ln1028' <Predicate = (!icmp_ln881)> <Delay = 0.00>
ST_3 : Operation 167 [1/1] (0.00ns)   --->   "%zext_ln1028_1 = zext i10 %down_2" [/home/alen/repo/zynq-7020-video-pipe-3/hw/video-pipe-hw-v5/hw_011223.runs/broncho_video_v_demosaic_0_0_synth_1/prj/sol/.autopilot/db/v_demosaic.cpp:1028->/home/alen/repo/zynq-7020-video-pipe-3/hw/video-pipe-hw-v5/hw_011223.runs/broncho_video_v_demosaic_0_0_synth_1/prj/sol/.autopilot/db/v_demosaic.cpp:1073]   --->   Operation 167 'zext' 'zext_ln1028_1' <Predicate = (!icmp_ln881)> <Delay = 0.00>
ST_3 : Operation 168 [1/1] (1.73ns)   --->   "%sub_ln1039 = sub i11 %zext_ln1026, i11 %zext_ln1024" [/home/alen/repo/zynq-7020-video-pipe-3/hw/video-pipe-hw-v5/hw_011223.runs/broncho_video_v_demosaic_0_0_synth_1/prj/sol/.autopilot/db/v_demosaic.cpp:1039->/home/alen/repo/zynq-7020-video-pipe-3/hw/video-pipe-hw-v5/hw_011223.runs/broncho_video_v_demosaic_0_0_synth_1/prj/sol/.autopilot/db/v_demosaic.cpp:1073]   --->   Operation 168 'sub' 'sub_ln1039' <Predicate = (!icmp_ln881 & !icmp_ln1014)> <Delay = 1.73> <CoreInst = "Adder">   --->   Core 1 'Adder' <Latency = 0> <II = 1> <Delay = 1.63> <FuncUnit> <Opcode : 'add' 'sub'> <InPorts = 2> <OutPorts = 1>
ST_3 : Operation 169 [1/1] (1.73ns)   --->   "%sub_ln1039_1 = sub i11 %zext_ln1026_1, i11 %zext_ln1024_1" [/home/alen/repo/zynq-7020-video-pipe-3/hw/video-pipe-hw-v5/hw_011223.runs/broncho_video_v_demosaic_0_0_synth_1/prj/sol/.autopilot/db/v_demosaic.cpp:1039->/home/alen/repo/zynq-7020-video-pipe-3/hw/video-pipe-hw-v5/hw_011223.runs/broncho_video_v_demosaic_0_0_synth_1/prj/sol/.autopilot/db/v_demosaic.cpp:1073]   --->   Operation 169 'sub' 'sub_ln1039_1' <Predicate = (!icmp_ln881 & !icmp_ln1014)> <Delay = 1.73> <CoreInst = "Adder">   --->   Core 1 'Adder' <Latency = 0> <II = 1> <Delay = 1.63> <FuncUnit> <Opcode : 'add' 'sub'> <InPorts = 2> <OutPorts = 1>
ST_3 : Operation 170 [1/1] (1.73ns)   --->   "%sub_ln1040 = sub i11 %zext_ln1026, i11 %zext_ln1028" [/home/alen/repo/zynq-7020-video-pipe-3/hw/video-pipe-hw-v5/hw_011223.runs/broncho_video_v_demosaic_0_0_synth_1/prj/sol/.autopilot/db/v_demosaic.cpp:1040->/home/alen/repo/zynq-7020-video-pipe-3/hw/video-pipe-hw-v5/hw_011223.runs/broncho_video_v_demosaic_0_0_synth_1/prj/sol/.autopilot/db/v_demosaic.cpp:1073]   --->   Operation 170 'sub' 'sub_ln1040' <Predicate = (!icmp_ln881)> <Delay = 1.73> <CoreInst = "Adder">   --->   Core 1 'Adder' <Latency = 0> <II = 1> <Delay = 1.63> <FuncUnit> <Opcode : 'add' 'sub'> <InPorts = 2> <OutPorts = 1>
ST_3 : Operation 171 [1/1] (1.73ns)   --->   "%sub_ln1040_1 = sub i11 %zext_ln1026_1, i11 %zext_ln1028_1" [/home/alen/repo/zynq-7020-video-pipe-3/hw/video-pipe-hw-v5/hw_011223.runs/broncho_video_v_demosaic_0_0_synth_1/prj/sol/.autopilot/db/v_demosaic.cpp:1040->/home/alen/repo/zynq-7020-video-pipe-3/hw/video-pipe-hw-v5/hw_011223.runs/broncho_video_v_demosaic_0_0_synth_1/prj/sol/.autopilot/db/v_demosaic.cpp:1073]   --->   Operation 171 'sub' 'sub_ln1040_1' <Predicate = (!icmp_ln881)> <Delay = 1.73> <CoreInst = "Adder">   --->   Core 1 'Adder' <Latency = 0> <II = 1> <Delay = 1.63> <FuncUnit> <Opcode : 'add' 'sub'> <InPorts = 2> <OutPorts = 1>
ST_3 : Operation 172 [1/1] (1.58ns)   --->   "%store_ln957 = store i10 %pix_8, i10 %p_0_2_0_0_011681723_i" [/home/alen/repo/zynq-7020-video-pipe-3/hw/video-pipe-hw-v5/hw_011223.runs/broncho_video_v_demosaic_0_0_synth_1/prj/sol/.autopilot/db/v_demosaic.cpp:957->/home/alen/repo/zynq-7020-video-pipe-3/hw/video-pipe-hw-v5/hw_011223.runs/broncho_video_v_demosaic_0_0_synth_1/prj/sol/.autopilot/db/v_demosaic.cpp:1073]   --->   Operation 172 'store' 'store_ln957' <Predicate = (!icmp_ln881)> <Delay = 1.58>
ST_3 : Operation 173 [1/1] (1.58ns)   --->   "%store_ln957 = store i10 %pix_7, i10 %p_0_1_0_0_011671720_i" [/home/alen/repo/zynq-7020-video-pipe-3/hw/video-pipe-hw-v5/hw_011223.runs/broncho_video_v_demosaic_0_0_synth_1/prj/sol/.autopilot/db/v_demosaic.cpp:957->/home/alen/repo/zynq-7020-video-pipe-3/hw/video-pipe-hw-v5/hw_011223.runs/broncho_video_v_demosaic_0_0_synth_1/prj/sol/.autopilot/db/v_demosaic.cpp:1073]   --->   Operation 173 'store' 'store_ln957' <Predicate = (!icmp_ln881)> <Delay = 1.58>
ST_3 : Operation 174 [1/1] (1.58ns)   --->   "%store_ln957 = store i10 %pix, i10 %p_0_0_0_0_011661717_i" [/home/alen/repo/zynq-7020-video-pipe-3/hw/video-pipe-hw-v5/hw_011223.runs/broncho_video_v_demosaic_0_0_synth_1/prj/sol/.autopilot/db/v_demosaic.cpp:957->/home/alen/repo/zynq-7020-video-pipe-3/hw/video-pipe-hw-v5/hw_011223.runs/broncho_video_v_demosaic_0_0_synth_1/prj/sol/.autopilot/db/v_demosaic.cpp:1073]   --->   Operation 174 'store' 'store_ln957' <Predicate = (!icmp_ln881)> <Delay = 1.58>
ST_3 : Operation 175 [1/1] (0.00ns)   --->   "%br_ln881 = br void %for.body14.i" [/home/alen/repo/zynq-7020-video-pipe-3/hw/video-pipe-hw-v5/hw_011223.runs/broncho_video_v_demosaic_0_0_synth_1/prj/sol/.autopilot/db/v_demosaic.cpp:881->/home/alen/repo/zynq-7020-video-pipe-3/hw/video-pipe-hw-v5/hw_011223.runs/broncho_video_v_demosaic_0_0_synth_1/prj/sol/.autopilot/db/v_demosaic.cpp:1073]   --->   Operation 175 'br' 'br_ln881' <Predicate = (!icmp_ln881)> <Delay = 0.00>

State 4 <SV = 3> <Delay = 5.10>
ST_4 : Operation 176 [1/1] (0.00ns)   --->   "%left_2 = phi i10 %select_ln957_5, void %VITIS_LOOP_940_11.i, i10 %p_0_2_0_0_011681723_i_load, void %for.body14.split.i" [/home/alen/repo/zynq-7020-video-pipe-3/hw/video-pipe-hw-v5/hw_011223.runs/broncho_video_v_demosaic_0_0_synth_1/prj/sol/.autopilot/db/v_demosaic.cpp:957->/home/alen/repo/zynq-7020-video-pipe-3/hw/video-pipe-hw-v5/hw_011223.runs/broncho_video_v_demosaic_0_0_synth_1/prj/sol/.autopilot/db/v_demosaic.cpp:1073]   --->   Operation 176 'phi' 'left_2' <Predicate = true> <Delay = 0.00>
ST_4 : Operation 177 [1/1] (0.00ns)   --->   "%right_2_load_1 = load i10 %right_2" [/home/alen/repo/zynq-7020-video-pipe-3/hw/video-pipe-hw-v5/hw_011223.runs/broncho_video_v_demosaic_0_0_synth_1/prj/sol/.autopilot/db/v_demosaic.cpp:1027->/home/alen/repo/zynq-7020-video-pipe-3/hw/video-pipe-hw-v5/hw_011223.runs/broncho_video_v_demosaic_0_0_synth_1/prj/sol/.autopilot/db/v_demosaic.cpp:1073]   --->   Operation 177 'load' 'right_2_load_1' <Predicate = true> <Delay = 0.00>
ST_4 : Operation 178 [1/1] (1.73ns)   --->   "%sub_ln61 = sub i10 0, i10 %trunc_ln61" [/home/alen/Xilinx/Vitis_HLS/2023.2/tps/lnx64/gcc-8.3.0/lib/gcc/x86_64-pc-linux-gnu/8.3.0/../../../../include/c++/8.3.0/bits/std_abs.h:61->/home/alen/repo/zynq-7020-video-pipe-3/hw/video-pipe-hw-v5/hw_011223.runs/broncho_video_v_demosaic_0_0_synth_1/prj/sol/.autopilot/db/v_demosaic.cpp:1023->/home/alen/repo/zynq-7020-video-pipe-3/hw/video-pipe-hw-v5/hw_011223.runs/broncho_video_v_demosaic_0_0_synth_1/prj/sol/.autopilot/db/v_demosaic.cpp:1073]   --->   Operation 178 'sub' 'sub_ln61' <Predicate = true> <Delay = 1.73> <CoreInst = "Adder">   --->   Core 1 'Adder' <Latency = 0> <II = 1> <Delay = 1.73> <FuncUnit> <Opcode : 'add' 'sub'> <InPorts = 2> <OutPorts = 1>
ST_4 : Operation 179 [1/1] (0.00ns) (grouped into LUT with out node add_ln1030)   --->   "%tmp_12 = bitselect i1 @_ssdm_op_BitSelect.i1.i11.i32, i11 %sub_ln1023, i32 10" [/home/alen/Xilinx/Vitis_HLS/2023.2/tps/lnx64/gcc-8.3.0/lib/gcc/x86_64-pc-linux-gnu/8.3.0/../../../../include/c++/8.3.0/bits/std_abs.h:61->/home/alen/repo/zynq-7020-video-pipe-3/hw/video-pipe-hw-v5/hw_011223.runs/broncho_video_v_demosaic_0_0_synth_1/prj/sol/.autopilot/db/v_demosaic.cpp:1023->/home/alen/repo/zynq-7020-video-pipe-3/hw/video-pipe-hw-v5/hw_011223.runs/broncho_video_v_demosaic_0_0_synth_1/prj/sol/.autopilot/db/v_demosaic.cpp:1073]   --->   Operation 179 'bitselect' 'tmp_12' <Predicate = true> <Delay = 0.00>
ST_4 : Operation 180 [1/1] (0.00ns) (grouped into LUT with out node add_ln1030)   --->   "%DRh = select i1 %tmp_12, i10 %sub_ln61, i10 %trunc_ln61" [/home/alen/Xilinx/Vitis_HLS/2023.2/tps/lnx64/gcc-8.3.0/lib/gcc/x86_64-pc-linux-gnu/8.3.0/../../../../include/c++/8.3.0/bits/std_abs.h:61->/home/alen/repo/zynq-7020-video-pipe-3/hw/video-pipe-hw-v5/hw_011223.runs/broncho_video_v_demosaic_0_0_synth_1/prj/sol/.autopilot/db/v_demosaic.cpp:1023->/home/alen/repo/zynq-7020-video-pipe-3/hw/video-pipe-hw-v5/hw_011223.runs/broncho_video_v_demosaic_0_0_synth_1/prj/sol/.autopilot/db/v_demosaic.cpp:1073]   --->   Operation 180 'select' 'DRh' <Predicate = true> <Delay = 0.00> <CoreInst = "Sel">   --->   Core 73 'Sel' <Latency = 0> <II = 1> <Delay = 0.68> <FuncUnit> <Opcode : 'select'> <InPorts = 3> <OutPorts = 1>
ST_4 : Operation 181 [1/1] (1.73ns)   --->   "%sub_ln61_4 = sub i10 0, i10 %trunc_ln61_4" [/home/alen/Xilinx/Vitis_HLS/2023.2/tps/lnx64/gcc-8.3.0/lib/gcc/x86_64-pc-linux-gnu/8.3.0/../../../../include/c++/8.3.0/bits/std_abs.h:61->/home/alen/repo/zynq-7020-video-pipe-3/hw/video-pipe-hw-v5/hw_011223.runs/broncho_video_v_demosaic_0_0_synth_1/prj/sol/.autopilot/db/v_demosaic.cpp:1024->/home/alen/repo/zynq-7020-video-pipe-3/hw/video-pipe-hw-v5/hw_011223.runs/broncho_video_v_demosaic_0_0_synth_1/prj/sol/.autopilot/db/v_demosaic.cpp:1073]   --->   Operation 181 'sub' 'sub_ln61_4' <Predicate = true> <Delay = 1.73> <CoreInst = "Adder">   --->   Core 1 'Adder' <Latency = 0> <II = 1> <Delay = 1.73> <FuncUnit> <Opcode : 'add' 'sub'> <InPorts = 2> <OutPorts = 1>
ST_4 : Operation 182 [1/1] (0.00ns) (grouped into LUT with out node add_ln1030_2)   --->   "%tmp_13 = bitselect i1 @_ssdm_op_BitSelect.i1.i11.i32, i11 %sub_ln1024, i32 10" [/home/alen/Xilinx/Vitis_HLS/2023.2/tps/lnx64/gcc-8.3.0/lib/gcc/x86_64-pc-linux-gnu/8.3.0/../../../../include/c++/8.3.0/bits/std_abs.h:61->/home/alen/repo/zynq-7020-video-pipe-3/hw/video-pipe-hw-v5/hw_011223.runs/broncho_video_v_demosaic_0_0_synth_1/prj/sol/.autopilot/db/v_demosaic.cpp:1024->/home/alen/repo/zynq-7020-video-pipe-3/hw/video-pipe-hw-v5/hw_011223.runs/broncho_video_v_demosaic_0_0_synth_1/prj/sol/.autopilot/db/v_demosaic.cpp:1073]   --->   Operation 182 'bitselect' 'tmp_13' <Predicate = true> <Delay = 0.00>
ST_4 : Operation 183 [1/1] (0.00ns) (grouped into LUT with out node add_ln1030_2)   --->   "%DRv = select i1 %tmp_13, i10 %sub_ln61_4, i10 %trunc_ln61_4" [/home/alen/Xilinx/Vitis_HLS/2023.2/tps/lnx64/gcc-8.3.0/lib/gcc/x86_64-pc-linux-gnu/8.3.0/../../../../include/c++/8.3.0/bits/std_abs.h:61->/home/alen/repo/zynq-7020-video-pipe-3/hw/video-pipe-hw-v5/hw_011223.runs/broncho_video_v_demosaic_0_0_synth_1/prj/sol/.autopilot/db/v_demosaic.cpp:1024->/home/alen/repo/zynq-7020-video-pipe-3/hw/video-pipe-hw-v5/hw_011223.runs/broncho_video_v_demosaic_0_0_synth_1/prj/sol/.autopilot/db/v_demosaic.cpp:1073]   --->   Operation 183 'select' 'DRv' <Predicate = true> <Delay = 0.00> <CoreInst = "Sel">   --->   Core 73 'Sel' <Latency = 0> <II = 1> <Delay = 0.68> <FuncUnit> <Opcode : 'select'> <InPorts = 3> <OutPorts = 1>
ST_4 : Operation 184 [1/1] (1.73ns)   --->   "%sub_ln61_5 = sub i10 0, i10 %trunc_ln61_5" [/home/alen/Xilinx/Vitis_HLS/2023.2/tps/lnx64/gcc-8.3.0/lib/gcc/x86_64-pc-linux-gnu/8.3.0/../../../../include/c++/8.3.0/bits/std_abs.h:61->/home/alen/repo/zynq-7020-video-pipe-3/hw/video-pipe-hw-v5/hw_011223.runs/broncho_video_v_demosaic_0_0_synth_1/prj/sol/.autopilot/db/v_demosaic.cpp:1025->/home/alen/repo/zynq-7020-video-pipe-3/hw/video-pipe-hw-v5/hw_011223.runs/broncho_video_v_demosaic_0_0_synth_1/prj/sol/.autopilot/db/v_demosaic.cpp:1073]   --->   Operation 184 'sub' 'sub_ln61_5' <Predicate = true> <Delay = 1.73> <CoreInst = "Adder">   --->   Core 1 'Adder' <Latency = 0> <II = 1> <Delay = 1.73> <FuncUnit> <Opcode : 'add' 'sub'> <InPorts = 2> <OutPorts = 1>
ST_4 : Operation 185 [1/1] (0.00ns) (grouped into LUT with out node add_ln1030)   --->   "%tmp_14 = bitselect i1 @_ssdm_op_BitSelect.i1.i11.i32, i11 %sub_ln1025, i32 10" [/home/alen/Xilinx/Vitis_HLS/2023.2/tps/lnx64/gcc-8.3.0/lib/gcc/x86_64-pc-linux-gnu/8.3.0/../../../../include/c++/8.3.0/bits/std_abs.h:61->/home/alen/repo/zynq-7020-video-pipe-3/hw/video-pipe-hw-v5/hw_011223.runs/broncho_video_v_demosaic_0_0_synth_1/prj/sol/.autopilot/db/v_demosaic.cpp:1025->/home/alen/repo/zynq-7020-video-pipe-3/hw/video-pipe-hw-v5/hw_011223.runs/broncho_video_v_demosaic_0_0_synth_1/prj/sol/.autopilot/db/v_demosaic.cpp:1073]   --->   Operation 185 'bitselect' 'tmp_14' <Predicate = true> <Delay = 0.00>
ST_4 : Operation 186 [1/1] (0.00ns) (grouped into LUT with out node add_ln1030)   --->   "%DGh = select i1 %tmp_14, i10 %sub_ln61_5, i10 %trunc_ln61_5" [/home/alen/Xilinx/Vitis_HLS/2023.2/tps/lnx64/gcc-8.3.0/lib/gcc/x86_64-pc-linux-gnu/8.3.0/../../../../include/c++/8.3.0/bits/std_abs.h:61->/home/alen/repo/zynq-7020-video-pipe-3/hw/video-pipe-hw-v5/hw_011223.runs/broncho_video_v_demosaic_0_0_synth_1/prj/sol/.autopilot/db/v_demosaic.cpp:1025->/home/alen/repo/zynq-7020-video-pipe-3/hw/video-pipe-hw-v5/hw_011223.runs/broncho_video_v_demosaic_0_0_synth_1/prj/sol/.autopilot/db/v_demosaic.cpp:1073]   --->   Operation 186 'select' 'DGh' <Predicate = true> <Delay = 0.00> <CoreInst = "Sel">   --->   Core 73 'Sel' <Latency = 0> <II = 1> <Delay = 0.68> <FuncUnit> <Opcode : 'select'> <InPorts = 3> <OutPorts = 1>
ST_4 : Operation 187 [1/1] (1.73ns)   --->   "%sub_ln61_6 = sub i10 0, i10 %trunc_ln61_6" [/home/alen/Xilinx/Vitis_HLS/2023.2/tps/lnx64/gcc-8.3.0/lib/gcc/x86_64-pc-linux-gnu/8.3.0/../../../../include/c++/8.3.0/bits/std_abs.h:61->/home/alen/repo/zynq-7020-video-pipe-3/hw/video-pipe-hw-v5/hw_011223.runs/broncho_video_v_demosaic_0_0_synth_1/prj/sol/.autopilot/db/v_demosaic.cpp:1026->/home/alen/repo/zynq-7020-video-pipe-3/hw/video-pipe-hw-v5/hw_011223.runs/broncho_video_v_demosaic_0_0_synth_1/prj/sol/.autopilot/db/v_demosaic.cpp:1073]   --->   Operation 187 'sub' 'sub_ln61_6' <Predicate = true> <Delay = 1.73> <CoreInst = "Adder">   --->   Core 1 'Adder' <Latency = 0> <II = 1> <Delay = 1.73> <FuncUnit> <Opcode : 'add' 'sub'> <InPorts = 2> <OutPorts = 1>
ST_4 : Operation 188 [1/1] (0.00ns) (grouped into LUT with out node add_ln1030_2)   --->   "%tmp_15 = bitselect i1 @_ssdm_op_BitSelect.i1.i11.i32, i11 %sub_ln1026, i32 10" [/home/alen/Xilinx/Vitis_HLS/2023.2/tps/lnx64/gcc-8.3.0/lib/gcc/x86_64-pc-linux-gnu/8.3.0/../../../../include/c++/8.3.0/bits/std_abs.h:61->/home/alen/repo/zynq-7020-video-pipe-3/hw/video-pipe-hw-v5/hw_011223.runs/broncho_video_v_demosaic_0_0_synth_1/prj/sol/.autopilot/db/v_demosaic.cpp:1026->/home/alen/repo/zynq-7020-video-pipe-3/hw/video-pipe-hw-v5/hw_011223.runs/broncho_video_v_demosaic_0_0_synth_1/prj/sol/.autopilot/db/v_demosaic.cpp:1073]   --->   Operation 188 'bitselect' 'tmp_15' <Predicate = true> <Delay = 0.00>
ST_4 : Operation 189 [1/1] (0.00ns) (grouped into LUT with out node add_ln1030_2)   --->   "%DGv = select i1 %tmp_15, i10 %sub_ln61_6, i10 %trunc_ln61_6" [/home/alen/Xilinx/Vitis_HLS/2023.2/tps/lnx64/gcc-8.3.0/lib/gcc/x86_64-pc-linux-gnu/8.3.0/../../../../include/c++/8.3.0/bits/std_abs.h:61->/home/alen/repo/zynq-7020-video-pipe-3/hw/video-pipe-hw-v5/hw_011223.runs/broncho_video_v_demosaic_0_0_synth_1/prj/sol/.autopilot/db/v_demosaic.cpp:1026->/home/alen/repo/zynq-7020-video-pipe-3/hw/video-pipe-hw-v5/hw_011223.runs/broncho_video_v_demosaic_0_0_synth_1/prj/sol/.autopilot/db/v_demosaic.cpp:1073]   --->   Operation 189 'select' 'DGv' <Predicate = true> <Delay = 0.00> <CoreInst = "Sel">   --->   Core 73 'Sel' <Latency = 0> <II = 1> <Delay = 0.68> <FuncUnit> <Opcode : 'select'> <InPorts = 3> <OutPorts = 1>
ST_4 : Operation 190 [1/1] (0.00ns)   --->   "%zext_ln1027 = zext i10 %left_2" [/home/alen/repo/zynq-7020-video-pipe-3/hw/video-pipe-hw-v5/hw_011223.runs/broncho_video_v_demosaic_0_0_synth_1/prj/sol/.autopilot/db/v_demosaic.cpp:1027->/home/alen/repo/zynq-7020-video-pipe-3/hw/video-pipe-hw-v5/hw_011223.runs/broncho_video_v_demosaic_0_0_synth_1/prj/sol/.autopilot/db/v_demosaic.cpp:1073]   --->   Operation 190 'zext' 'zext_ln1027' <Predicate = true> <Delay = 0.00>
ST_4 : Operation 191 [1/1] (0.00ns)   --->   "%zext_ln1027_1 = zext i10 %right_2_load_1" [/home/alen/repo/zynq-7020-video-pipe-3/hw/video-pipe-hw-v5/hw_011223.runs/broncho_video_v_demosaic_0_0_synth_1/prj/sol/.autopilot/db/v_demosaic.cpp:1027->/home/alen/repo/zynq-7020-video-pipe-3/hw/video-pipe-hw-v5/hw_011223.runs/broncho_video_v_demosaic_0_0_synth_1/prj/sol/.autopilot/db/v_demosaic.cpp:1073]   --->   Operation 191 'zext' 'zext_ln1027_1' <Predicate = true> <Delay = 0.00>
ST_4 : Operation 192 [1/1] (1.73ns)   --->   "%sub_ln1027 = sub i11 %zext_ln1027, i11 %zext_ln1027_1" [/home/alen/repo/zynq-7020-video-pipe-3/hw/video-pipe-hw-v5/hw_011223.runs/broncho_video_v_demosaic_0_0_synth_1/prj/sol/.autopilot/db/v_demosaic.cpp:1027->/home/alen/repo/zynq-7020-video-pipe-3/hw/video-pipe-hw-v5/hw_011223.runs/broncho_video_v_demosaic_0_0_synth_1/prj/sol/.autopilot/db/v_demosaic.cpp:1073]   --->   Operation 192 'sub' 'sub_ln1027' <Predicate = true> <Delay = 1.73> <CoreInst = "Adder">   --->   Core 1 'Adder' <Latency = 0> <II = 1> <Delay = 1.63> <FuncUnit> <Opcode : 'add' 'sub'> <InPorts = 2> <OutPorts = 1>
ST_4 : Operation 193 [1/1] (0.00ns)   --->   "%trunc_ln61_7 = trunc i11 %sub_ln1027" [/home/alen/Xilinx/Vitis_HLS/2023.2/tps/lnx64/gcc-8.3.0/lib/gcc/x86_64-pc-linux-gnu/8.3.0/../../../../include/c++/8.3.0/bits/std_abs.h:61->/home/alen/repo/zynq-7020-video-pipe-3/hw/video-pipe-hw-v5/hw_011223.runs/broncho_video_v_demosaic_0_0_synth_1/prj/sol/.autopilot/db/v_demosaic.cpp:1027->/home/alen/repo/zynq-7020-video-pipe-3/hw/video-pipe-hw-v5/hw_011223.runs/broncho_video_v_demosaic_0_0_synth_1/prj/sol/.autopilot/db/v_demosaic.cpp:1073]   --->   Operation 193 'trunc' 'trunc_ln61_7' <Predicate = true> <Delay = 0.00>
ST_4 : Operation 194 [1/1] (1.73ns)   --->   "%sub_ln61_7 = sub i10 0, i10 %trunc_ln61_7" [/home/alen/Xilinx/Vitis_HLS/2023.2/tps/lnx64/gcc-8.3.0/lib/gcc/x86_64-pc-linux-gnu/8.3.0/../../../../include/c++/8.3.0/bits/std_abs.h:61->/home/alen/repo/zynq-7020-video-pipe-3/hw/video-pipe-hw-v5/hw_011223.runs/broncho_video_v_demosaic_0_0_synth_1/prj/sol/.autopilot/db/v_demosaic.cpp:1027->/home/alen/repo/zynq-7020-video-pipe-3/hw/video-pipe-hw-v5/hw_011223.runs/broncho_video_v_demosaic_0_0_synth_1/prj/sol/.autopilot/db/v_demosaic.cpp:1073]   --->   Operation 194 'sub' 'sub_ln61_7' <Predicate = true> <Delay = 1.73> <CoreInst = "Adder">   --->   Core 1 'Adder' <Latency = 0> <II = 1> <Delay = 1.73> <FuncUnit> <Opcode : 'add' 'sub'> <InPorts = 2> <OutPorts = 1>
ST_4 : Operation 195 [1/1] (0.00ns) (grouped into LUT with out node add_ln1030_1)   --->   "%tmp_16 = bitselect i1 @_ssdm_op_BitSelect.i1.i11.i32, i11 %sub_ln1027, i32 10" [/home/alen/Xilinx/Vitis_HLS/2023.2/tps/lnx64/gcc-8.3.0/lib/gcc/x86_64-pc-linux-gnu/8.3.0/../../../../include/c++/8.3.0/bits/std_abs.h:61->/home/alen/repo/zynq-7020-video-pipe-3/hw/video-pipe-hw-v5/hw_011223.runs/broncho_video_v_demosaic_0_0_synth_1/prj/sol/.autopilot/db/v_demosaic.cpp:1027->/home/alen/repo/zynq-7020-video-pipe-3/hw/video-pipe-hw-v5/hw_011223.runs/broncho_video_v_demosaic_0_0_synth_1/prj/sol/.autopilot/db/v_demosaic.cpp:1073]   --->   Operation 195 'bitselect' 'tmp_16' <Predicate = true> <Delay = 0.00>
ST_4 : Operation 196 [1/1] (0.00ns) (grouped into LUT with out node add_ln1030_1)   --->   "%DBh = select i1 %tmp_16, i10 %sub_ln61_7, i10 %trunc_ln61_7" [/home/alen/Xilinx/Vitis_HLS/2023.2/tps/lnx64/gcc-8.3.0/lib/gcc/x86_64-pc-linux-gnu/8.3.0/../../../../include/c++/8.3.0/bits/std_abs.h:61->/home/alen/repo/zynq-7020-video-pipe-3/hw/video-pipe-hw-v5/hw_011223.runs/broncho_video_v_demosaic_0_0_synth_1/prj/sol/.autopilot/db/v_demosaic.cpp:1027->/home/alen/repo/zynq-7020-video-pipe-3/hw/video-pipe-hw-v5/hw_011223.runs/broncho_video_v_demosaic_0_0_synth_1/prj/sol/.autopilot/db/v_demosaic.cpp:1073]   --->   Operation 196 'select' 'DBh' <Predicate = true> <Delay = 0.00> <CoreInst = "Sel">   --->   Core 73 'Sel' <Latency = 0> <II = 1> <Delay = 0.68> <FuncUnit> <Opcode : 'select'> <InPorts = 3> <OutPorts = 1>
ST_4 : Operation 197 [1/1] (1.73ns)   --->   "%sub_ln1028 = sub i11 %zext_ln1028, i11 %zext_ln1028_1" [/home/alen/repo/zynq-7020-video-pipe-3/hw/video-pipe-hw-v5/hw_011223.runs/broncho_video_v_demosaic_0_0_synth_1/prj/sol/.autopilot/db/v_demosaic.cpp:1028->/home/alen/repo/zynq-7020-video-pipe-3/hw/video-pipe-hw-v5/hw_011223.runs/broncho_video_v_demosaic_0_0_synth_1/prj/sol/.autopilot/db/v_demosaic.cpp:1073]   --->   Operation 197 'sub' 'sub_ln1028' <Predicate = true> <Delay = 1.73> <CoreInst = "Adder">   --->   Core 1 'Adder' <Latency = 0> <II = 1> <Delay = 1.63> <FuncUnit> <Opcode : 'add' 'sub'> <InPorts = 2> <OutPorts = 1>
ST_4 : Operation 198 [1/1] (0.00ns)   --->   "%trunc_ln61_8 = trunc i11 %sub_ln1028" [/home/alen/Xilinx/Vitis_HLS/2023.2/tps/lnx64/gcc-8.3.0/lib/gcc/x86_64-pc-linux-gnu/8.3.0/../../../../include/c++/8.3.0/bits/std_abs.h:61->/home/alen/repo/zynq-7020-video-pipe-3/hw/video-pipe-hw-v5/hw_011223.runs/broncho_video_v_demosaic_0_0_synth_1/prj/sol/.autopilot/db/v_demosaic.cpp:1028->/home/alen/repo/zynq-7020-video-pipe-3/hw/video-pipe-hw-v5/hw_011223.runs/broncho_video_v_demosaic_0_0_synth_1/prj/sol/.autopilot/db/v_demosaic.cpp:1073]   --->   Operation 198 'trunc' 'trunc_ln61_8' <Predicate = true> <Delay = 0.00>
ST_4 : Operation 199 [1/1] (1.73ns)   --->   "%sub_ln61_8 = sub i10 0, i10 %trunc_ln61_8" [/home/alen/Xilinx/Vitis_HLS/2023.2/tps/lnx64/gcc-8.3.0/lib/gcc/x86_64-pc-linux-gnu/8.3.0/../../../../include/c++/8.3.0/bits/std_abs.h:61->/home/alen/repo/zynq-7020-video-pipe-3/hw/video-pipe-hw-v5/hw_011223.runs/broncho_video_v_demosaic_0_0_synth_1/prj/sol/.autopilot/db/v_demosaic.cpp:1028->/home/alen/repo/zynq-7020-video-pipe-3/hw/video-pipe-hw-v5/hw_011223.runs/broncho_video_v_demosaic_0_0_synth_1/prj/sol/.autopilot/db/v_demosaic.cpp:1073]   --->   Operation 199 'sub' 'sub_ln61_8' <Predicate = true> <Delay = 1.73> <CoreInst = "Adder">   --->   Core 1 'Adder' <Latency = 0> <II = 1> <Delay = 1.73> <FuncUnit> <Opcode : 'add' 'sub'> <InPorts = 2> <OutPorts = 1>
ST_4 : Operation 200 [1/1] (0.00ns) (grouped into LUT with out node add_ln1030_3)   --->   "%tmp_17 = bitselect i1 @_ssdm_op_BitSelect.i1.i11.i32, i11 %sub_ln1028, i32 10" [/home/alen/Xilinx/Vitis_HLS/2023.2/tps/lnx64/gcc-8.3.0/lib/gcc/x86_64-pc-linux-gnu/8.3.0/../../../../include/c++/8.3.0/bits/std_abs.h:61->/home/alen/repo/zynq-7020-video-pipe-3/hw/video-pipe-hw-v5/hw_011223.runs/broncho_video_v_demosaic_0_0_synth_1/prj/sol/.autopilot/db/v_demosaic.cpp:1028->/home/alen/repo/zynq-7020-video-pipe-3/hw/video-pipe-hw-v5/hw_011223.runs/broncho_video_v_demosaic_0_0_synth_1/prj/sol/.autopilot/db/v_demosaic.cpp:1073]   --->   Operation 200 'bitselect' 'tmp_17' <Predicate = true> <Delay = 0.00>
ST_4 : Operation 201 [1/1] (0.00ns) (grouped into LUT with out node add_ln1030_3)   --->   "%DBv = select i1 %tmp_17, i10 %sub_ln61_8, i10 %trunc_ln61_8" [/home/alen/Xilinx/Vitis_HLS/2023.2/tps/lnx64/gcc-8.3.0/lib/gcc/x86_64-pc-linux-gnu/8.3.0/../../../../include/c++/8.3.0/bits/std_abs.h:61->/home/alen/repo/zynq-7020-video-pipe-3/hw/video-pipe-hw-v5/hw_011223.runs/broncho_video_v_demosaic_0_0_synth_1/prj/sol/.autopilot/db/v_demosaic.cpp:1028->/home/alen/repo/zynq-7020-video-pipe-3/hw/video-pipe-hw-v5/hw_011223.runs/broncho_video_v_demosaic_0_0_synth_1/prj/sol/.autopilot/db/v_demosaic.cpp:1073]   --->   Operation 201 'select' 'DBv' <Predicate = true> <Delay = 0.00> <CoreInst = "Sel">   --->   Core 73 'Sel' <Latency = 0> <II = 1> <Delay = 0.68> <FuncUnit> <Opcode : 'select'> <InPorts = 3> <OutPorts = 1>
ST_4 : Operation 202 [1/1] (0.00ns) (grouped into LUT with out node add_ln1030)   --->   "%zext_ln1030 = zext i10 %DRh" [/home/alen/repo/zynq-7020-video-pipe-3/hw/video-pipe-hw-v5/hw_011223.runs/broncho_video_v_demosaic_0_0_synth_1/prj/sol/.autopilot/db/v_demosaic.cpp:1030->/home/alen/repo/zynq-7020-video-pipe-3/hw/video-pipe-hw-v5/hw_011223.runs/broncho_video_v_demosaic_0_0_synth_1/prj/sol/.autopilot/db/v_demosaic.cpp:1073]   --->   Operation 202 'zext' 'zext_ln1030' <Predicate = true> <Delay = 0.00>
ST_4 : Operation 203 [1/1] (0.00ns) (grouped into LUT with out node add_ln1030)   --->   "%zext_ln1030_1 = zext i10 %DGh" [/home/alen/repo/zynq-7020-video-pipe-3/hw/video-pipe-hw-v5/hw_011223.runs/broncho_video_v_demosaic_0_0_synth_1/prj/sol/.autopilot/db/v_demosaic.cpp:1030->/home/alen/repo/zynq-7020-video-pipe-3/hw/video-pipe-hw-v5/hw_011223.runs/broncho_video_v_demosaic_0_0_synth_1/prj/sol/.autopilot/db/v_demosaic.cpp:1073]   --->   Operation 203 'zext' 'zext_ln1030_1' <Predicate = true> <Delay = 0.00>
ST_4 : Operation 204 [1/1] (1.73ns) (out node of the LUT)   --->   "%add_ln1030 = add i11 %zext_ln1030, i11 %zext_ln1030_1" [/home/alen/repo/zynq-7020-video-pipe-3/hw/video-pipe-hw-v5/hw_011223.runs/broncho_video_v_demosaic_0_0_synth_1/prj/sol/.autopilot/db/v_demosaic.cpp:1030->/home/alen/repo/zynq-7020-video-pipe-3/hw/video-pipe-hw-v5/hw_011223.runs/broncho_video_v_demosaic_0_0_synth_1/prj/sol/.autopilot/db/v_demosaic.cpp:1073]   --->   Operation 204 'add' 'add_ln1030' <Predicate = true> <Delay = 1.73> <CoreInst = "Adder">   --->   Core 1 'Adder' <Latency = 0> <II = 1> <Delay = 1.63> <FuncUnit> <Opcode : 'add' 'sub'> <InPorts = 2> <OutPorts = 1>
ST_4 : Operation 205 [1/1] (0.00ns) (grouped into LUT with out node add_ln1030_1)   --->   "%zext_ln1030_2 = zext i11 %add_ln1030" [/home/alen/repo/zynq-7020-video-pipe-3/hw/video-pipe-hw-v5/hw_011223.runs/broncho_video_v_demosaic_0_0_synth_1/prj/sol/.autopilot/db/v_demosaic.cpp:1030->/home/alen/repo/zynq-7020-video-pipe-3/hw/video-pipe-hw-v5/hw_011223.runs/broncho_video_v_demosaic_0_0_synth_1/prj/sol/.autopilot/db/v_demosaic.cpp:1073]   --->   Operation 205 'zext' 'zext_ln1030_2' <Predicate = true> <Delay = 0.00>
ST_4 : Operation 206 [1/1] (0.00ns) (grouped into LUT with out node add_ln1030_1)   --->   "%zext_ln1030_3 = zext i10 %DBh" [/home/alen/repo/zynq-7020-video-pipe-3/hw/video-pipe-hw-v5/hw_011223.runs/broncho_video_v_demosaic_0_0_synth_1/prj/sol/.autopilot/db/v_demosaic.cpp:1030->/home/alen/repo/zynq-7020-video-pipe-3/hw/video-pipe-hw-v5/hw_011223.runs/broncho_video_v_demosaic_0_0_synth_1/prj/sol/.autopilot/db/v_demosaic.cpp:1073]   --->   Operation 206 'zext' 'zext_ln1030_3' <Predicate = true> <Delay = 0.00>
ST_4 : Operation 207 [1/1] (1.63ns) (out node of the LUT)   --->   "%add_ln1030_1 = add i12 %zext_ln1030_2, i12 %zext_ln1030_3" [/home/alen/repo/zynq-7020-video-pipe-3/hw/video-pipe-hw-v5/hw_011223.runs/broncho_video_v_demosaic_0_0_synth_1/prj/sol/.autopilot/db/v_demosaic.cpp:1030->/home/alen/repo/zynq-7020-video-pipe-3/hw/video-pipe-hw-v5/hw_011223.runs/broncho_video_v_demosaic_0_0_synth_1/prj/sol/.autopilot/db/v_demosaic.cpp:1073]   --->   Operation 207 'add' 'add_ln1030_1' <Predicate = true> <Delay = 1.63> <CoreInst = "Adder">   --->   Core 1 'Adder' <Latency = 0> <II = 1> <Delay = 1.54> <FuncUnit> <Opcode : 'add' 'sub'> <InPorts = 2> <OutPorts = 1>
ST_4 : Operation 208 [1/1] (0.00ns) (grouped into LUT with out node add_ln1030_2)   --->   "%zext_ln1030_4 = zext i10 %DRv" [/home/alen/repo/zynq-7020-video-pipe-3/hw/video-pipe-hw-v5/hw_011223.runs/broncho_video_v_demosaic_0_0_synth_1/prj/sol/.autopilot/db/v_demosaic.cpp:1030->/home/alen/repo/zynq-7020-video-pipe-3/hw/video-pipe-hw-v5/hw_011223.runs/broncho_video_v_demosaic_0_0_synth_1/prj/sol/.autopilot/db/v_demosaic.cpp:1073]   --->   Operation 208 'zext' 'zext_ln1030_4' <Predicate = true> <Delay = 0.00>
ST_4 : Operation 209 [1/1] (0.00ns) (grouped into LUT with out node add_ln1030_2)   --->   "%zext_ln1030_5 = zext i10 %DGv" [/home/alen/repo/zynq-7020-video-pipe-3/hw/video-pipe-hw-v5/hw_011223.runs/broncho_video_v_demosaic_0_0_synth_1/prj/sol/.autopilot/db/v_demosaic.cpp:1030->/home/alen/repo/zynq-7020-video-pipe-3/hw/video-pipe-hw-v5/hw_011223.runs/broncho_video_v_demosaic_0_0_synth_1/prj/sol/.autopilot/db/v_demosaic.cpp:1073]   --->   Operation 209 'zext' 'zext_ln1030_5' <Predicate = true> <Delay = 0.00>
ST_4 : Operation 210 [1/1] (1.73ns) (out node of the LUT)   --->   "%add_ln1030_2 = add i11 %zext_ln1030_4, i11 %zext_ln1030_5" [/home/alen/repo/zynq-7020-video-pipe-3/hw/video-pipe-hw-v5/hw_011223.runs/broncho_video_v_demosaic_0_0_synth_1/prj/sol/.autopilot/db/v_demosaic.cpp:1030->/home/alen/repo/zynq-7020-video-pipe-3/hw/video-pipe-hw-v5/hw_011223.runs/broncho_video_v_demosaic_0_0_synth_1/prj/sol/.autopilot/db/v_demosaic.cpp:1073]   --->   Operation 210 'add' 'add_ln1030_2' <Predicate = true> <Delay = 1.73> <CoreInst = "Adder">   --->   Core 1 'Adder' <Latency = 0> <II = 1> <Delay = 1.63> <FuncUnit> <Opcode : 'add' 'sub'> <InPorts = 2> <OutPorts = 1>
ST_4 : Operation 211 [1/1] (0.00ns) (grouped into LUT with out node add_ln1030_3)   --->   "%zext_ln1030_6 = zext i11 %add_ln1030_2" [/home/alen/repo/zynq-7020-video-pipe-3/hw/video-pipe-hw-v5/hw_011223.runs/broncho_video_v_demosaic_0_0_synth_1/prj/sol/.autopilot/db/v_demosaic.cpp:1030->/home/alen/repo/zynq-7020-video-pipe-3/hw/video-pipe-hw-v5/hw_011223.runs/broncho_video_v_demosaic_0_0_synth_1/prj/sol/.autopilot/db/v_demosaic.cpp:1073]   --->   Operation 211 'zext' 'zext_ln1030_6' <Predicate = true> <Delay = 0.00>
ST_4 : Operation 212 [1/1] (0.00ns) (grouped into LUT with out node add_ln1030_3)   --->   "%zext_ln1030_7 = zext i10 %DBv" [/home/alen/repo/zynq-7020-video-pipe-3/hw/video-pipe-hw-v5/hw_011223.runs/broncho_video_v_demosaic_0_0_synth_1/prj/sol/.autopilot/db/v_demosaic.cpp:1030->/home/alen/repo/zynq-7020-video-pipe-3/hw/video-pipe-hw-v5/hw_011223.runs/broncho_video_v_demosaic_0_0_synth_1/prj/sol/.autopilot/db/v_demosaic.cpp:1073]   --->   Operation 212 'zext' 'zext_ln1030_7' <Predicate = true> <Delay = 0.00>
ST_4 : Operation 213 [1/1] (1.63ns) (out node of the LUT)   --->   "%add_ln1030_3 = add i12 %zext_ln1030_6, i12 %zext_ln1030_7" [/home/alen/repo/zynq-7020-video-pipe-3/hw/video-pipe-hw-v5/hw_011223.runs/broncho_video_v_demosaic_0_0_synth_1/prj/sol/.autopilot/db/v_demosaic.cpp:1030->/home/alen/repo/zynq-7020-video-pipe-3/hw/video-pipe-hw-v5/hw_011223.runs/broncho_video_v_demosaic_0_0_synth_1/prj/sol/.autopilot/db/v_demosaic.cpp:1073]   --->   Operation 213 'add' 'add_ln1030_3' <Predicate = true> <Delay = 1.63> <CoreInst = "Adder">   --->   Core 1 'Adder' <Latency = 0> <II = 1> <Delay = 1.54> <FuncUnit> <Opcode : 'add' 'sub'> <InPorts = 2> <OutPorts = 1>
ST_4 : Operation 214 [1/1] (1.73ns)   --->   "%sub_ln1033 = sub i11 %zext_ln1025, i11 %zext_ln1023" [/home/alen/repo/zynq-7020-video-pipe-3/hw/video-pipe-hw-v5/hw_011223.runs/broncho_video_v_demosaic_0_0_synth_1/prj/sol/.autopilot/db/v_demosaic.cpp:1033->/home/alen/repo/zynq-7020-video-pipe-3/hw/video-pipe-hw-v5/hw_011223.runs/broncho_video_v_demosaic_0_0_synth_1/prj/sol/.autopilot/db/v_demosaic.cpp:1073]   --->   Operation 214 'sub' 'sub_ln1033' <Predicate = (!icmp_ln1014)> <Delay = 1.73> <CoreInst = "Adder">   --->   Core 1 'Adder' <Latency = 0> <II = 1> <Delay = 1.63> <FuncUnit> <Opcode : 'add' 'sub'> <InPorts = 2> <OutPorts = 1>
ST_4 : Operation 215 [1/1] (1.73ns)   --->   "%sub_ln1033_1 = sub i11 %zext_ln1025_1, i11 %zext_ln1023_1" [/home/alen/repo/zynq-7020-video-pipe-3/hw/video-pipe-hw-v5/hw_011223.runs/broncho_video_v_demosaic_0_0_synth_1/prj/sol/.autopilot/db/v_demosaic.cpp:1033->/home/alen/repo/zynq-7020-video-pipe-3/hw/video-pipe-hw-v5/hw_011223.runs/broncho_video_v_demosaic_0_0_synth_1/prj/sol/.autopilot/db/v_demosaic.cpp:1073]   --->   Operation 215 'sub' 'sub_ln1033_1' <Predicate = (!icmp_ln1014)> <Delay = 1.73> <CoreInst = "Adder">   --->   Core 1 'Adder' <Latency = 0> <II = 1> <Delay = 1.63> <FuncUnit> <Opcode : 'add' 'sub'> <InPorts = 2> <OutPorts = 1>
ST_4 : Operation 216 [1/1] (0.00ns)   --->   "%sext_ln1033 = sext i11 %sub_ln1033" [/home/alen/repo/zynq-7020-video-pipe-3/hw/video-pipe-hw-v5/hw_011223.runs/broncho_video_v_demosaic_0_0_synth_1/prj/sol/.autopilot/db/v_demosaic.cpp:1033->/home/alen/repo/zynq-7020-video-pipe-3/hw/video-pipe-hw-v5/hw_011223.runs/broncho_video_v_demosaic_0_0_synth_1/prj/sol/.autopilot/db/v_demosaic.cpp:1073]   --->   Operation 216 'sext' 'sext_ln1033' <Predicate = (!icmp_ln1014)> <Delay = 0.00>
ST_4 : Operation 217 [1/1] (0.00ns)   --->   "%sext_ln1033_1 = sext i11 %sub_ln1033_1" [/home/alen/repo/zynq-7020-video-pipe-3/hw/video-pipe-hw-v5/hw_011223.runs/broncho_video_v_demosaic_0_0_synth_1/prj/sol/.autopilot/db/v_demosaic.cpp:1033->/home/alen/repo/zynq-7020-video-pipe-3/hw/video-pipe-hw-v5/hw_011223.runs/broncho_video_v_demosaic_0_0_synth_1/prj/sol/.autopilot/db/v_demosaic.cpp:1073]   --->   Operation 217 'sext' 'sext_ln1033_1' <Predicate = (!icmp_ln1014)> <Delay = 0.00>
ST_4 : Operation 218 [1/1] (1.63ns)   --->   "%add_ln1033 = add i12 %sext_ln1033, i12 %sext_ln1033_1" [/home/alen/repo/zynq-7020-video-pipe-3/hw/video-pipe-hw-v5/hw_011223.runs/broncho_video_v_demosaic_0_0_synth_1/prj/sol/.autopilot/db/v_demosaic.cpp:1033->/home/alen/repo/zynq-7020-video-pipe-3/hw/video-pipe-hw-v5/hw_011223.runs/broncho_video_v_demosaic_0_0_synth_1/prj/sol/.autopilot/db/v_demosaic.cpp:1073]   --->   Operation 218 'add' 'add_ln1033' <Predicate = (!icmp_ln1014)> <Delay = 1.63> <CoreInst = "Adder">   --->   Core 1 'Adder' <Latency = 0> <II = 1> <Delay = 1.54> <FuncUnit> <Opcode : 'add' 'sub'> <InPorts = 2> <OutPorts = 1>
ST_4 : Operation 219 [1/1] (1.54ns)   --->   "%sub_ln1033_2 = sub i12 0, i12 %add_ln1033" [/home/alen/repo/zynq-7020-video-pipe-3/hw/video-pipe-hw-v5/hw_011223.runs/broncho_video_v_demosaic_0_0_synth_1/prj/sol/.autopilot/db/v_demosaic.cpp:1033->/home/alen/repo/zynq-7020-video-pipe-3/hw/video-pipe-hw-v5/hw_011223.runs/broncho_video_v_demosaic_0_0_synth_1/prj/sol/.autopilot/db/v_demosaic.cpp:1073]   --->   Operation 219 'sub' 'sub_ln1033_2' <Predicate = (!icmp_ln1014)> <Delay = 1.54> <CoreInst = "Adder">   --->   Core 1 'Adder' <Latency = 0> <II = 1> <Delay = 1.54> <FuncUnit> <Opcode : 'add' 'sub'> <InPorts = 2> <OutPorts = 1>
ST_4 : Operation 220 [1/1] (0.00ns)   --->   "%trunc_ln1033_2_i = partselect i11 @_ssdm_op_PartSelect.i11.i12.i32.i32, i12 %sub_ln1033_2, i32 1, i32 11" [/home/alen/repo/zynq-7020-video-pipe-3/hw/video-pipe-hw-v5/hw_011223.runs/broncho_video_v_demosaic_0_0_synth_1/prj/sol/.autopilot/db/v_demosaic.cpp:1033->/home/alen/repo/zynq-7020-video-pipe-3/hw/video-pipe-hw-v5/hw_011223.runs/broncho_video_v_demosaic_0_0_synth_1/prj/sol/.autopilot/db/v_demosaic.cpp:1073]   --->   Operation 220 'partselect' 'trunc_ln1033_2_i' <Predicate = (!icmp_ln1014)> <Delay = 0.00>
ST_4 : Operation 221 [1/1] (1.73ns)   --->   "%sub_ln1034 = sub i11 %zext_ln1025, i11 %zext_ln1027" [/home/alen/repo/zynq-7020-video-pipe-3/hw/video-pipe-hw-v5/hw_011223.runs/broncho_video_v_demosaic_0_0_synth_1/prj/sol/.autopilot/db/v_demosaic.cpp:1034->/home/alen/repo/zynq-7020-video-pipe-3/hw/video-pipe-hw-v5/hw_011223.runs/broncho_video_v_demosaic_0_0_synth_1/prj/sol/.autopilot/db/v_demosaic.cpp:1073]   --->   Operation 221 'sub' 'sub_ln1034' <Predicate = true> <Delay = 1.73> <CoreInst = "Adder">   --->   Core 1 'Adder' <Latency = 0> <II = 1> <Delay = 1.63> <FuncUnit> <Opcode : 'add' 'sub'> <InPorts = 2> <OutPorts = 1>
ST_4 : Operation 222 [1/1] (1.73ns)   --->   "%sub_ln1034_1 = sub i11 %zext_ln1025_1, i11 %zext_ln1027_1" [/home/alen/repo/zynq-7020-video-pipe-3/hw/video-pipe-hw-v5/hw_011223.runs/broncho_video_v_demosaic_0_0_synth_1/prj/sol/.autopilot/db/v_demosaic.cpp:1034->/home/alen/repo/zynq-7020-video-pipe-3/hw/video-pipe-hw-v5/hw_011223.runs/broncho_video_v_demosaic_0_0_synth_1/prj/sol/.autopilot/db/v_demosaic.cpp:1073]   --->   Operation 222 'sub' 'sub_ln1034_1' <Predicate = true> <Delay = 1.73> <CoreInst = "Adder">   --->   Core 1 'Adder' <Latency = 0> <II = 1> <Delay = 1.63> <FuncUnit> <Opcode : 'add' 'sub'> <InPorts = 2> <OutPorts = 1>
ST_4 : Operation 223 [1/1] (0.00ns)   --->   "%sext_ln1034 = sext i11 %sub_ln1034" [/home/alen/repo/zynq-7020-video-pipe-3/hw/video-pipe-hw-v5/hw_011223.runs/broncho_video_v_demosaic_0_0_synth_1/prj/sol/.autopilot/db/v_demosaic.cpp:1034->/home/alen/repo/zynq-7020-video-pipe-3/hw/video-pipe-hw-v5/hw_011223.runs/broncho_video_v_demosaic_0_0_synth_1/prj/sol/.autopilot/db/v_demosaic.cpp:1073]   --->   Operation 223 'sext' 'sext_ln1034' <Predicate = true> <Delay = 0.00>
ST_4 : Operation 224 [1/1] (0.00ns)   --->   "%sext_ln1034_1 = sext i11 %sub_ln1034_1" [/home/alen/repo/zynq-7020-video-pipe-3/hw/video-pipe-hw-v5/hw_011223.runs/broncho_video_v_demosaic_0_0_synth_1/prj/sol/.autopilot/db/v_demosaic.cpp:1034->/home/alen/repo/zynq-7020-video-pipe-3/hw/video-pipe-hw-v5/hw_011223.runs/broncho_video_v_demosaic_0_0_synth_1/prj/sol/.autopilot/db/v_demosaic.cpp:1073]   --->   Operation 224 'sext' 'sext_ln1034_1' <Predicate = true> <Delay = 0.00>
ST_4 : Operation 225 [1/1] (1.63ns)   --->   "%add_ln1034 = add i12 %sext_ln1034, i12 %sext_ln1034_1" [/home/alen/repo/zynq-7020-video-pipe-3/hw/video-pipe-hw-v5/hw_011223.runs/broncho_video_v_demosaic_0_0_synth_1/prj/sol/.autopilot/db/v_demosaic.cpp:1034->/home/alen/repo/zynq-7020-video-pipe-3/hw/video-pipe-hw-v5/hw_011223.runs/broncho_video_v_demosaic_0_0_synth_1/prj/sol/.autopilot/db/v_demosaic.cpp:1073]   --->   Operation 225 'add' 'add_ln1034' <Predicate = true> <Delay = 1.63> <CoreInst = "Adder">   --->   Core 1 'Adder' <Latency = 0> <II = 1> <Delay = 1.54> <FuncUnit> <Opcode : 'add' 'sub'> <InPorts = 2> <OutPorts = 1>
ST_4 : Operation 226 [1/1] (1.54ns)   --->   "%sub_ln1034_2 = sub i12 0, i12 %add_ln1034" [/home/alen/repo/zynq-7020-video-pipe-3/hw/video-pipe-hw-v5/hw_011223.runs/broncho_video_v_demosaic_0_0_synth_1/prj/sol/.autopilot/db/v_demosaic.cpp:1034->/home/alen/repo/zynq-7020-video-pipe-3/hw/video-pipe-hw-v5/hw_011223.runs/broncho_video_v_demosaic_0_0_synth_1/prj/sol/.autopilot/db/v_demosaic.cpp:1073]   --->   Operation 226 'sub' 'sub_ln1034_2' <Predicate = true> <Delay = 1.54> <CoreInst = "Adder">   --->   Core 1 'Adder' <Latency = 0> <II = 1> <Delay = 1.54> <FuncUnit> <Opcode : 'add' 'sub'> <InPorts = 2> <OutPorts = 1>
ST_4 : Operation 227 [1/1] (0.00ns)   --->   "%trunc_ln1034_2_i = partselect i11 @_ssdm_op_PartSelect.i11.i12.i32.i32, i12 %sub_ln1034_2, i32 1, i32 11" [/home/alen/repo/zynq-7020-video-pipe-3/hw/video-pipe-hw-v5/hw_011223.runs/broncho_video_v_demosaic_0_0_synth_1/prj/sol/.autopilot/db/v_demosaic.cpp:1034->/home/alen/repo/zynq-7020-video-pipe-3/hw/video-pipe-hw-v5/hw_011223.runs/broncho_video_v_demosaic_0_0_synth_1/prj/sol/.autopilot/db/v_demosaic.cpp:1073]   --->   Operation 227 'partselect' 'trunc_ln1034_2_i' <Predicate = true> <Delay = 0.00>
ST_4 : Operation 228 [1/1] (0.00ns)   --->   "%sext_ln1039 = sext i11 %sub_ln1039" [/home/alen/repo/zynq-7020-video-pipe-3/hw/video-pipe-hw-v5/hw_011223.runs/broncho_video_v_demosaic_0_0_synth_1/prj/sol/.autopilot/db/v_demosaic.cpp:1039->/home/alen/repo/zynq-7020-video-pipe-3/hw/video-pipe-hw-v5/hw_011223.runs/broncho_video_v_demosaic_0_0_synth_1/prj/sol/.autopilot/db/v_demosaic.cpp:1073]   --->   Operation 228 'sext' 'sext_ln1039' <Predicate = (!icmp_ln1014)> <Delay = 0.00>
ST_4 : Operation 229 [1/1] (0.00ns)   --->   "%sext_ln1039_1 = sext i11 %sub_ln1039_1" [/home/alen/repo/zynq-7020-video-pipe-3/hw/video-pipe-hw-v5/hw_011223.runs/broncho_video_v_demosaic_0_0_synth_1/prj/sol/.autopilot/db/v_demosaic.cpp:1039->/home/alen/repo/zynq-7020-video-pipe-3/hw/video-pipe-hw-v5/hw_011223.runs/broncho_video_v_demosaic_0_0_synth_1/prj/sol/.autopilot/db/v_demosaic.cpp:1073]   --->   Operation 229 'sext' 'sext_ln1039_1' <Predicate = (!icmp_ln1014)> <Delay = 0.00>
ST_4 : Operation 230 [1/1] (1.63ns)   --->   "%add_ln1039 = add i12 %sext_ln1039, i12 %sext_ln1039_1" [/home/alen/repo/zynq-7020-video-pipe-3/hw/video-pipe-hw-v5/hw_011223.runs/broncho_video_v_demosaic_0_0_synth_1/prj/sol/.autopilot/db/v_demosaic.cpp:1039->/home/alen/repo/zynq-7020-video-pipe-3/hw/video-pipe-hw-v5/hw_011223.runs/broncho_video_v_demosaic_0_0_synth_1/prj/sol/.autopilot/db/v_demosaic.cpp:1073]   --->   Operation 230 'add' 'add_ln1039' <Predicate = (!icmp_ln1014)> <Delay = 1.63> <CoreInst = "Adder">   --->   Core 1 'Adder' <Latency = 0> <II = 1> <Delay = 1.54> <FuncUnit> <Opcode : 'add' 'sub'> <InPorts = 2> <OutPorts = 1>
ST_4 : Operation 231 [1/1] (1.54ns)   --->   "%sub_ln1039_2 = sub i12 0, i12 %add_ln1039" [/home/alen/repo/zynq-7020-video-pipe-3/hw/video-pipe-hw-v5/hw_011223.runs/broncho_video_v_demosaic_0_0_synth_1/prj/sol/.autopilot/db/v_demosaic.cpp:1039->/home/alen/repo/zynq-7020-video-pipe-3/hw/video-pipe-hw-v5/hw_011223.runs/broncho_video_v_demosaic_0_0_synth_1/prj/sol/.autopilot/db/v_demosaic.cpp:1073]   --->   Operation 231 'sub' 'sub_ln1039_2' <Predicate = (!icmp_ln1014)> <Delay = 1.54> <CoreInst = "Adder">   --->   Core 1 'Adder' <Latency = 0> <II = 1> <Delay = 1.54> <FuncUnit> <Opcode : 'add' 'sub'> <InPorts = 2> <OutPorts = 1>
ST_4 : Operation 232 [1/1] (0.00ns)   --->   "%trunc_ln1039_2_i = partselect i11 @_ssdm_op_PartSelect.i11.i12.i32.i32, i12 %sub_ln1039_2, i32 1, i32 11" [/home/alen/repo/zynq-7020-video-pipe-3/hw/video-pipe-hw-v5/hw_011223.runs/broncho_video_v_demosaic_0_0_synth_1/prj/sol/.autopilot/db/v_demosaic.cpp:1039->/home/alen/repo/zynq-7020-video-pipe-3/hw/video-pipe-hw-v5/hw_011223.runs/broncho_video_v_demosaic_0_0_synth_1/prj/sol/.autopilot/db/v_demosaic.cpp:1073]   --->   Operation 232 'partselect' 'trunc_ln1039_2_i' <Predicate = (!icmp_ln1014)> <Delay = 0.00>
ST_4 : Operation 233 [1/1] (0.00ns)   --->   "%sext_ln1039_2 = sext i11 %trunc_ln1039_2_i" [/home/alen/repo/zynq-7020-video-pipe-3/hw/video-pipe-hw-v5/hw_011223.runs/broncho_video_v_demosaic_0_0_synth_1/prj/sol/.autopilot/db/v_demosaic.cpp:1039->/home/alen/repo/zynq-7020-video-pipe-3/hw/video-pipe-hw-v5/hw_011223.runs/broncho_video_v_demosaic_0_0_synth_1/prj/sol/.autopilot/db/v_demosaic.cpp:1073]   --->   Operation 233 'sext' 'sext_ln1039_2' <Predicate = (!icmp_ln1014)> <Delay = 0.00>
ST_4 : Operation 234 [1/1] (0.00ns)   --->   "%zext_ln1039 = zext i12 %sext_ln1039_2" [/home/alen/repo/zynq-7020-video-pipe-3/hw/video-pipe-hw-v5/hw_011223.runs/broncho_video_v_demosaic_0_0_synth_1/prj/sol/.autopilot/db/v_demosaic.cpp:1039->/home/alen/repo/zynq-7020-video-pipe-3/hw/video-pipe-hw-v5/hw_011223.runs/broncho_video_v_demosaic_0_0_synth_1/prj/sol/.autopilot/db/v_demosaic.cpp:1073]   --->   Operation 234 'zext' 'zext_ln1039' <Predicate = (!icmp_ln1014)> <Delay = 0.00>
ST_4 : Operation 235 [1/1] (1.54ns)   --->   "%sub_ln1039_3 = sub i13 0, i13 %zext_ln1039" [/home/alen/repo/zynq-7020-video-pipe-3/hw/video-pipe-hw-v5/hw_011223.runs/broncho_video_v_demosaic_0_0_synth_1/prj/sol/.autopilot/db/v_demosaic.cpp:1039->/home/alen/repo/zynq-7020-video-pipe-3/hw/video-pipe-hw-v5/hw_011223.runs/broncho_video_v_demosaic_0_0_synth_1/prj/sol/.autopilot/db/v_demosaic.cpp:1073]   --->   Operation 235 'sub' 'sub_ln1039_3' <Predicate = (!icmp_ln1014)> <Delay = 1.54> <CoreInst = "Adder">   --->   Core 1 'Adder' <Latency = 0> <II = 1> <Delay = 1.67> <FuncUnit> <Opcode : 'add' 'sub'> <InPorts = 2> <OutPorts = 1>
ST_4 : Operation 236 [1/1] (0.00ns)   --->   "%sext_ln1040 = sext i11 %sub_ln1040" [/home/alen/repo/zynq-7020-video-pipe-3/hw/video-pipe-hw-v5/hw_011223.runs/broncho_video_v_demosaic_0_0_synth_1/prj/sol/.autopilot/db/v_demosaic.cpp:1040->/home/alen/repo/zynq-7020-video-pipe-3/hw/video-pipe-hw-v5/hw_011223.runs/broncho_video_v_demosaic_0_0_synth_1/prj/sol/.autopilot/db/v_demosaic.cpp:1073]   --->   Operation 236 'sext' 'sext_ln1040' <Predicate = true> <Delay = 0.00>
ST_4 : Operation 237 [1/1] (0.00ns)   --->   "%sext_ln1040_1 = sext i11 %sub_ln1040_1" [/home/alen/repo/zynq-7020-video-pipe-3/hw/video-pipe-hw-v5/hw_011223.runs/broncho_video_v_demosaic_0_0_synth_1/prj/sol/.autopilot/db/v_demosaic.cpp:1040->/home/alen/repo/zynq-7020-video-pipe-3/hw/video-pipe-hw-v5/hw_011223.runs/broncho_video_v_demosaic_0_0_synth_1/prj/sol/.autopilot/db/v_demosaic.cpp:1073]   --->   Operation 237 'sext' 'sext_ln1040_1' <Predicate = true> <Delay = 0.00>
ST_4 : Operation 238 [1/1] (1.63ns)   --->   "%add_ln1040 = add i12 %sext_ln1040, i12 %sext_ln1040_1" [/home/alen/repo/zynq-7020-video-pipe-3/hw/video-pipe-hw-v5/hw_011223.runs/broncho_video_v_demosaic_0_0_synth_1/prj/sol/.autopilot/db/v_demosaic.cpp:1040->/home/alen/repo/zynq-7020-video-pipe-3/hw/video-pipe-hw-v5/hw_011223.runs/broncho_video_v_demosaic_0_0_synth_1/prj/sol/.autopilot/db/v_demosaic.cpp:1073]   --->   Operation 238 'add' 'add_ln1040' <Predicate = true> <Delay = 1.63> <CoreInst = "Adder">   --->   Core 1 'Adder' <Latency = 0> <II = 1> <Delay = 1.54> <FuncUnit> <Opcode : 'add' 'sub'> <InPorts = 2> <OutPorts = 1>
ST_4 : Operation 239 [1/1] (1.54ns)   --->   "%sub_ln1040_2 = sub i12 0, i12 %add_ln1040" [/home/alen/repo/zynq-7020-video-pipe-3/hw/video-pipe-hw-v5/hw_011223.runs/broncho_video_v_demosaic_0_0_synth_1/prj/sol/.autopilot/db/v_demosaic.cpp:1040->/home/alen/repo/zynq-7020-video-pipe-3/hw/video-pipe-hw-v5/hw_011223.runs/broncho_video_v_demosaic_0_0_synth_1/prj/sol/.autopilot/db/v_demosaic.cpp:1073]   --->   Operation 239 'sub' 'sub_ln1040_2' <Predicate = true> <Delay = 1.54> <CoreInst = "Adder">   --->   Core 1 'Adder' <Latency = 0> <II = 1> <Delay = 1.54> <FuncUnit> <Opcode : 'add' 'sub'> <InPorts = 2> <OutPorts = 1>
ST_4 : Operation 240 [1/1] (0.00ns)   --->   "%trunc_ln1040_2_i = partselect i11 @_ssdm_op_PartSelect.i11.i12.i32.i32, i12 %sub_ln1040_2, i32 1, i32 11" [/home/alen/repo/zynq-7020-video-pipe-3/hw/video-pipe-hw-v5/hw_011223.runs/broncho_video_v_demosaic_0_0_synth_1/prj/sol/.autopilot/db/v_demosaic.cpp:1040->/home/alen/repo/zynq-7020-video-pipe-3/hw/video-pipe-hw-v5/hw_011223.runs/broncho_video_v_demosaic_0_0_synth_1/prj/sol/.autopilot/db/v_demosaic.cpp:1073]   --->   Operation 240 'partselect' 'trunc_ln1040_2_i' <Predicate = true> <Delay = 0.00>
ST_4 : Operation 241 [1/1] (0.00ns)   --->   "%sext_ln1040_2 = sext i11 %trunc_ln1040_2_i" [/home/alen/repo/zynq-7020-video-pipe-3/hw/video-pipe-hw-v5/hw_011223.runs/broncho_video_v_demosaic_0_0_synth_1/prj/sol/.autopilot/db/v_demosaic.cpp:1040->/home/alen/repo/zynq-7020-video-pipe-3/hw/video-pipe-hw-v5/hw_011223.runs/broncho_video_v_demosaic_0_0_synth_1/prj/sol/.autopilot/db/v_demosaic.cpp:1073]   --->   Operation 241 'sext' 'sext_ln1040_2' <Predicate = true> <Delay = 0.00>
ST_4 : Operation 242 [1/1] (0.00ns)   --->   "%zext_ln1040 = zext i12 %sext_ln1040_2" [/home/alen/repo/zynq-7020-video-pipe-3/hw/video-pipe-hw-v5/hw_011223.runs/broncho_video_v_demosaic_0_0_synth_1/prj/sol/.autopilot/db/v_demosaic.cpp:1040->/home/alen/repo/zynq-7020-video-pipe-3/hw/video-pipe-hw-v5/hw_011223.runs/broncho_video_v_demosaic_0_0_synth_1/prj/sol/.autopilot/db/v_demosaic.cpp:1073]   --->   Operation 242 'zext' 'zext_ln1040' <Predicate = true> <Delay = 0.00>
ST_4 : Operation 243 [1/1] (1.54ns)   --->   "%sub_ln1040_3 = sub i13 0, i13 %zext_ln1040" [/home/alen/repo/zynq-7020-video-pipe-3/hw/video-pipe-hw-v5/hw_011223.runs/broncho_video_v_demosaic_0_0_synth_1/prj/sol/.autopilot/db/v_demosaic.cpp:1040->/home/alen/repo/zynq-7020-video-pipe-3/hw/video-pipe-hw-v5/hw_011223.runs/broncho_video_v_demosaic_0_0_synth_1/prj/sol/.autopilot/db/v_demosaic.cpp:1073]   --->   Operation 243 'sub' 'sub_ln1040_3' <Predicate = true> <Delay = 1.54> <CoreInst = "Adder">   --->   Core 1 'Adder' <Latency = 0> <II = 1> <Delay = 1.67> <FuncUnit> <Opcode : 'add' 'sub'> <InPorts = 2> <OutPorts = 1>

State 5 <SV = 4> <Delay = 4.96>
ST_5 : Operation 244 [1/1] (1.54ns)   --->   "%icmp_ln1030 = icmp_ult  i12 %add_ln1030_1, i12 %add_ln1030_3" [/home/alen/repo/zynq-7020-video-pipe-3/hw/video-pipe-hw-v5/hw_011223.runs/broncho_video_v_demosaic_0_0_synth_1/prj/sol/.autopilot/db/v_demosaic.cpp:1030->/home/alen/repo/zynq-7020-video-pipe-3/hw/video-pipe-hw-v5/hw_011223.runs/broncho_video_v_demosaic_0_0_synth_1/prj/sol/.autopilot/db/v_demosaic.cpp:1073]   --->   Operation 244 'icmp' 'icmp_ln1030' <Predicate = true> <Delay = 1.54> <CoreInst = "Cmp">   --->   Core 9 'Cmp' <Latency = 0> <II = 1> <Delay = 1.54> <FuncUnit> <Opcode : 'icmp'> <InPorts = 2> <OutPorts = 1>
ST_5 : Operation 245 [1/1] (0.00ns) (grouped into LUT with out node r_2)   --->   "%tmp_18 = bitselect i1 @_ssdm_op_BitSelect.i1.i12.i32, i12 %add_ln1033, i32 11" [/home/alen/repo/zynq-7020-video-pipe-3/hw/video-pipe-hw-v5/hw_011223.runs/broncho_video_v_demosaic_0_0_synth_1/prj/sol/.autopilot/db/v_demosaic.cpp:1033->/home/alen/repo/zynq-7020-video-pipe-3/hw/video-pipe-hw-v5/hw_011223.runs/broncho_video_v_demosaic_0_0_synth_1/prj/sol/.autopilot/db/v_demosaic.cpp:1073]   --->   Operation 245 'bitselect' 'tmp_18' <Predicate = (!icmp_ln1014)> <Delay = 0.00>
ST_5 : Operation 246 [1/1] (0.00ns)   --->   "%sext_ln1033_2 = sext i11 %trunc_ln1033_2_i" [/home/alen/repo/zynq-7020-video-pipe-3/hw/video-pipe-hw-v5/hw_011223.runs/broncho_video_v_demosaic_0_0_synth_1/prj/sol/.autopilot/db/v_demosaic.cpp:1033->/home/alen/repo/zynq-7020-video-pipe-3/hw/video-pipe-hw-v5/hw_011223.runs/broncho_video_v_demosaic_0_0_synth_1/prj/sol/.autopilot/db/v_demosaic.cpp:1073]   --->   Operation 246 'sext' 'sext_ln1033_2' <Predicate = (!icmp_ln1014)> <Delay = 0.00>
ST_5 : Operation 247 [1/1] (0.00ns)   --->   "%zext_ln1033 = zext i12 %sext_ln1033_2" [/home/alen/repo/zynq-7020-video-pipe-3/hw/video-pipe-hw-v5/hw_011223.runs/broncho_video_v_demosaic_0_0_synth_1/prj/sol/.autopilot/db/v_demosaic.cpp:1033->/home/alen/repo/zynq-7020-video-pipe-3/hw/video-pipe-hw-v5/hw_011223.runs/broncho_video_v_demosaic_0_0_synth_1/prj/sol/.autopilot/db/v_demosaic.cpp:1073]   --->   Operation 247 'zext' 'zext_ln1033' <Predicate = (!icmp_ln1014)> <Delay = 0.00>
ST_5 : Operation 248 [1/1] (1.54ns)   --->   "%sub_ln1033_3 = sub i13 0, i13 %zext_ln1033" [/home/alen/repo/zynq-7020-video-pipe-3/hw/video-pipe-hw-v5/hw_011223.runs/broncho_video_v_demosaic_0_0_synth_1/prj/sol/.autopilot/db/v_demosaic.cpp:1033->/home/alen/repo/zynq-7020-video-pipe-3/hw/video-pipe-hw-v5/hw_011223.runs/broncho_video_v_demosaic_0_0_synth_1/prj/sol/.autopilot/db/v_demosaic.cpp:1073]   --->   Operation 248 'sub' 'sub_ln1033_3' <Predicate = (!icmp_ln1014)> <Delay = 1.54> <CoreInst = "Adder">   --->   Core 1 'Adder' <Latency = 0> <II = 1> <Delay = 1.67> <FuncUnit> <Opcode : 'add' 'sub'> <InPorts = 2> <OutPorts = 1>
ST_5 : Operation 249 [1/1] (0.00ns) (grouped into LUT with out node r_2)   --->   "%trunc_ln1033_1_i = partselect i11 @_ssdm_op_PartSelect.i11.i12.i32.i32, i12 %add_ln1033, i32 1, i32 11" [/home/alen/repo/zynq-7020-video-pipe-3/hw/video-pipe-hw-v5/hw_011223.runs/broncho_video_v_demosaic_0_0_synth_1/prj/sol/.autopilot/db/v_demosaic.cpp:1033->/home/alen/repo/zynq-7020-video-pipe-3/hw/video-pipe-hw-v5/hw_011223.runs/broncho_video_v_demosaic_0_0_synth_1/prj/sol/.autopilot/db/v_demosaic.cpp:1073]   --->   Operation 249 'partselect' 'trunc_ln1033_1_i' <Predicate = (!icmp_ln1014)> <Delay = 0.00>
ST_5 : Operation 250 [1/1] (0.00ns) (grouped into LUT with out node r_2)   --->   "%sext_ln1033_3 = sext i11 %trunc_ln1033_1_i" [/home/alen/repo/zynq-7020-video-pipe-3/hw/video-pipe-hw-v5/hw_011223.runs/broncho_video_v_demosaic_0_0_synth_1/prj/sol/.autopilot/db/v_demosaic.cpp:1033->/home/alen/repo/zynq-7020-video-pipe-3/hw/video-pipe-hw-v5/hw_011223.runs/broncho_video_v_demosaic_0_0_synth_1/prj/sol/.autopilot/db/v_demosaic.cpp:1073]   --->   Operation 250 'sext' 'sext_ln1033_3' <Predicate = (!icmp_ln1014)> <Delay = 0.00>
ST_5 : Operation 251 [1/1] (0.00ns) (grouped into LUT with out node r_2)   --->   "%zext_ln1033_1 = zext i12 %sext_ln1033_3" [/home/alen/repo/zynq-7020-video-pipe-3/hw/video-pipe-hw-v5/hw_011223.runs/broncho_video_v_demosaic_0_0_synth_1/prj/sol/.autopilot/db/v_demosaic.cpp:1033->/home/alen/repo/zynq-7020-video-pipe-3/hw/video-pipe-hw-v5/hw_011223.runs/broncho_video_v_demosaic_0_0_synth_1/prj/sol/.autopilot/db/v_demosaic.cpp:1073]   --->   Operation 251 'zext' 'zext_ln1033_1' <Predicate = (!icmp_ln1014)> <Delay = 0.00>
ST_5 : Operation 252 [1/1] (0.00ns) (grouped into LUT with out node r_2)   --->   "%select_ln1033 = select i1 %tmp_18, i13 %sub_ln1033_3, i13 %zext_ln1033_1" [/home/alen/repo/zynq-7020-video-pipe-3/hw/video-pipe-hw-v5/hw_011223.runs/broncho_video_v_demosaic_0_0_synth_1/prj/sol/.autopilot/db/v_demosaic.cpp:1033->/home/alen/repo/zynq-7020-video-pipe-3/hw/video-pipe-hw-v5/hw_011223.runs/broncho_video_v_demosaic_0_0_synth_1/prj/sol/.autopilot/db/v_demosaic.cpp:1073]   --->   Operation 252 'select' 'select_ln1033' <Predicate = (!icmp_ln1014)> <Delay = 0.00> <CoreInst = "Sel">   --->   Core 73 'Sel' <Latency = 0> <II = 1> <Delay = 0.69> <FuncUnit> <Opcode : 'select'> <InPorts = 3> <OutPorts = 1>
ST_5 : Operation 253 [1/1] (0.00ns)   --->   "%zext_ln1033_2 = zext i10 %pix_7" [/home/alen/repo/zynq-7020-video-pipe-3/hw/video-pipe-hw-v5/hw_011223.runs/broncho_video_v_demosaic_0_0_synth_1/prj/sol/.autopilot/db/v_demosaic.cpp:1033->/home/alen/repo/zynq-7020-video-pipe-3/hw/video-pipe-hw-v5/hw_011223.runs/broncho_video_v_demosaic_0_0_synth_1/prj/sol/.autopilot/db/v_demosaic.cpp:1073]   --->   Operation 253 'zext' 'zext_ln1033_2' <Predicate = true> <Delay = 0.00>
ST_5 : Operation 254 [1/1] (0.00ns) (grouped into LUT with out node b_2)   --->   "%tmp_19 = bitselect i1 @_ssdm_op_BitSelect.i1.i12.i32, i12 %add_ln1034, i32 11" [/home/alen/repo/zynq-7020-video-pipe-3/hw/video-pipe-hw-v5/hw_011223.runs/broncho_video_v_demosaic_0_0_synth_1/prj/sol/.autopilot/db/v_demosaic.cpp:1034->/home/alen/repo/zynq-7020-video-pipe-3/hw/video-pipe-hw-v5/hw_011223.runs/broncho_video_v_demosaic_0_0_synth_1/prj/sol/.autopilot/db/v_demosaic.cpp:1073]   --->   Operation 254 'bitselect' 'tmp_19' <Predicate = true> <Delay = 0.00>
ST_5 : Operation 255 [1/1] (0.00ns)   --->   "%sext_ln1034_2 = sext i11 %trunc_ln1034_2_i" [/home/alen/repo/zynq-7020-video-pipe-3/hw/video-pipe-hw-v5/hw_011223.runs/broncho_video_v_demosaic_0_0_synth_1/prj/sol/.autopilot/db/v_demosaic.cpp:1034->/home/alen/repo/zynq-7020-video-pipe-3/hw/video-pipe-hw-v5/hw_011223.runs/broncho_video_v_demosaic_0_0_synth_1/prj/sol/.autopilot/db/v_demosaic.cpp:1073]   --->   Operation 255 'sext' 'sext_ln1034_2' <Predicate = true> <Delay = 0.00>
ST_5 : Operation 256 [1/1] (0.00ns)   --->   "%zext_ln1034 = zext i12 %sext_ln1034_2" [/home/alen/repo/zynq-7020-video-pipe-3/hw/video-pipe-hw-v5/hw_011223.runs/broncho_video_v_demosaic_0_0_synth_1/prj/sol/.autopilot/db/v_demosaic.cpp:1034->/home/alen/repo/zynq-7020-video-pipe-3/hw/video-pipe-hw-v5/hw_011223.runs/broncho_video_v_demosaic_0_0_synth_1/prj/sol/.autopilot/db/v_demosaic.cpp:1073]   --->   Operation 256 'zext' 'zext_ln1034' <Predicate = true> <Delay = 0.00>
ST_5 : Operation 257 [1/1] (1.54ns)   --->   "%sub_ln1034_3 = sub i13 0, i13 %zext_ln1034" [/home/alen/repo/zynq-7020-video-pipe-3/hw/video-pipe-hw-v5/hw_011223.runs/broncho_video_v_demosaic_0_0_synth_1/prj/sol/.autopilot/db/v_demosaic.cpp:1034->/home/alen/repo/zynq-7020-video-pipe-3/hw/video-pipe-hw-v5/hw_011223.runs/broncho_video_v_demosaic_0_0_synth_1/prj/sol/.autopilot/db/v_demosaic.cpp:1073]   --->   Operation 257 'sub' 'sub_ln1034_3' <Predicate = true> <Delay = 1.54> <CoreInst = "Adder">   --->   Core 1 'Adder' <Latency = 0> <II = 1> <Delay = 1.67> <FuncUnit> <Opcode : 'add' 'sub'> <InPorts = 2> <OutPorts = 1>
ST_5 : Operation 258 [1/1] (0.00ns) (grouped into LUT with out node b_2)   --->   "%trunc_ln1034_1_i = partselect i11 @_ssdm_op_PartSelect.i11.i12.i32.i32, i12 %add_ln1034, i32 1, i32 11" [/home/alen/repo/zynq-7020-video-pipe-3/hw/video-pipe-hw-v5/hw_011223.runs/broncho_video_v_demosaic_0_0_synth_1/prj/sol/.autopilot/db/v_demosaic.cpp:1034->/home/alen/repo/zynq-7020-video-pipe-3/hw/video-pipe-hw-v5/hw_011223.runs/broncho_video_v_demosaic_0_0_synth_1/prj/sol/.autopilot/db/v_demosaic.cpp:1073]   --->   Operation 258 'partselect' 'trunc_ln1034_1_i' <Predicate = true> <Delay = 0.00>
ST_5 : Operation 259 [1/1] (0.00ns) (grouped into LUT with out node b_2)   --->   "%sext_ln1034_3 = sext i11 %trunc_ln1034_1_i" [/home/alen/repo/zynq-7020-video-pipe-3/hw/video-pipe-hw-v5/hw_011223.runs/broncho_video_v_demosaic_0_0_synth_1/prj/sol/.autopilot/db/v_demosaic.cpp:1034->/home/alen/repo/zynq-7020-video-pipe-3/hw/video-pipe-hw-v5/hw_011223.runs/broncho_video_v_demosaic_0_0_synth_1/prj/sol/.autopilot/db/v_demosaic.cpp:1073]   --->   Operation 259 'sext' 'sext_ln1034_3' <Predicate = true> <Delay = 0.00>
ST_5 : Operation 260 [1/1] (0.00ns) (grouped into LUT with out node b_2)   --->   "%zext_ln1034_1 = zext i12 %sext_ln1034_3" [/home/alen/repo/zynq-7020-video-pipe-3/hw/video-pipe-hw-v5/hw_011223.runs/broncho_video_v_demosaic_0_0_synth_1/prj/sol/.autopilot/db/v_demosaic.cpp:1034->/home/alen/repo/zynq-7020-video-pipe-3/hw/video-pipe-hw-v5/hw_011223.runs/broncho_video_v_demosaic_0_0_synth_1/prj/sol/.autopilot/db/v_demosaic.cpp:1073]   --->   Operation 260 'zext' 'zext_ln1034_1' <Predicate = true> <Delay = 0.00>
ST_5 : Operation 261 [1/1] (0.00ns) (grouped into LUT with out node b_2)   --->   "%select_ln1034 = select i1 %tmp_19, i13 %sub_ln1034_3, i13 %zext_ln1034_1" [/home/alen/repo/zynq-7020-video-pipe-3/hw/video-pipe-hw-v5/hw_011223.runs/broncho_video_v_demosaic_0_0_synth_1/prj/sol/.autopilot/db/v_demosaic.cpp:1034->/home/alen/repo/zynq-7020-video-pipe-3/hw/video-pipe-hw-v5/hw_011223.runs/broncho_video_v_demosaic_0_0_synth_1/prj/sol/.autopilot/db/v_demosaic.cpp:1073]   --->   Operation 261 'select' 'select_ln1034' <Predicate = true> <Delay = 0.00> <CoreInst = "Sel">   --->   Core 73 'Sel' <Latency = 0> <II = 1> <Delay = 0.69> <FuncUnit> <Opcode : 'select'> <InPorts = 3> <OutPorts = 1>
ST_5 : Operation 262 [1/1] (0.00ns) (grouped into LUT with out node select_ln1039)   --->   "%tmp_20 = bitselect i1 @_ssdm_op_BitSelect.i1.i12.i32, i12 %add_ln1039, i32 11" [/home/alen/repo/zynq-7020-video-pipe-3/hw/video-pipe-hw-v5/hw_011223.runs/broncho_video_v_demosaic_0_0_synth_1/prj/sol/.autopilot/db/v_demosaic.cpp:1039->/home/alen/repo/zynq-7020-video-pipe-3/hw/video-pipe-hw-v5/hw_011223.runs/broncho_video_v_demosaic_0_0_synth_1/prj/sol/.autopilot/db/v_demosaic.cpp:1073]   --->   Operation 262 'bitselect' 'tmp_20' <Predicate = (!icmp_ln1014)> <Delay = 0.00>
ST_5 : Operation 263 [1/1] (0.00ns) (grouped into LUT with out node select_ln1039)   --->   "%trunc_ln1039_1_i = partselect i11 @_ssdm_op_PartSelect.i11.i12.i32.i32, i12 %add_ln1039, i32 1, i32 11" [/home/alen/repo/zynq-7020-video-pipe-3/hw/video-pipe-hw-v5/hw_011223.runs/broncho_video_v_demosaic_0_0_synth_1/prj/sol/.autopilot/db/v_demosaic.cpp:1039->/home/alen/repo/zynq-7020-video-pipe-3/hw/video-pipe-hw-v5/hw_011223.runs/broncho_video_v_demosaic_0_0_synth_1/prj/sol/.autopilot/db/v_demosaic.cpp:1073]   --->   Operation 263 'partselect' 'trunc_ln1039_1_i' <Predicate = (!icmp_ln1014)> <Delay = 0.00>
ST_5 : Operation 264 [1/1] (0.00ns) (grouped into LUT with out node select_ln1039)   --->   "%sext_ln1039_3 = sext i11 %trunc_ln1039_1_i" [/home/alen/repo/zynq-7020-video-pipe-3/hw/video-pipe-hw-v5/hw_011223.runs/broncho_video_v_demosaic_0_0_synth_1/prj/sol/.autopilot/db/v_demosaic.cpp:1039->/home/alen/repo/zynq-7020-video-pipe-3/hw/video-pipe-hw-v5/hw_011223.runs/broncho_video_v_demosaic_0_0_synth_1/prj/sol/.autopilot/db/v_demosaic.cpp:1073]   --->   Operation 264 'sext' 'sext_ln1039_3' <Predicate = (!icmp_ln1014)> <Delay = 0.00>
ST_5 : Operation 265 [1/1] (0.00ns) (grouped into LUT with out node select_ln1039)   --->   "%zext_ln1039_1 = zext i12 %sext_ln1039_3" [/home/alen/repo/zynq-7020-video-pipe-3/hw/video-pipe-hw-v5/hw_011223.runs/broncho_video_v_demosaic_0_0_synth_1/prj/sol/.autopilot/db/v_demosaic.cpp:1039->/home/alen/repo/zynq-7020-video-pipe-3/hw/video-pipe-hw-v5/hw_011223.runs/broncho_video_v_demosaic_0_0_synth_1/prj/sol/.autopilot/db/v_demosaic.cpp:1073]   --->   Operation 265 'zext' 'zext_ln1039_1' <Predicate = (!icmp_ln1014)> <Delay = 0.00>
ST_5 : Operation 266 [1/1] (0.69ns) (out node of the LUT)   --->   "%select_ln1039 = select i1 %tmp_20, i13 %sub_ln1039_3, i13 %zext_ln1039_1" [/home/alen/repo/zynq-7020-video-pipe-3/hw/video-pipe-hw-v5/hw_011223.runs/broncho_video_v_demosaic_0_0_synth_1/prj/sol/.autopilot/db/v_demosaic.cpp:1039->/home/alen/repo/zynq-7020-video-pipe-3/hw/video-pipe-hw-v5/hw_011223.runs/broncho_video_v_demosaic_0_0_synth_1/prj/sol/.autopilot/db/v_demosaic.cpp:1073]   --->   Operation 266 'select' 'select_ln1039' <Predicate = (!icmp_ln1014)> <Delay = 0.69> <CoreInst = "Sel">   --->   Core 73 'Sel' <Latency = 0> <II = 1> <Delay = 0.69> <FuncUnit> <Opcode : 'select'> <InPorts = 3> <OutPorts = 1>
ST_5 : Operation 267 [1/1] (0.00ns) (grouped into LUT with out node select_ln1040)   --->   "%tmp_21 = bitselect i1 @_ssdm_op_BitSelect.i1.i12.i32, i12 %add_ln1040, i32 11" [/home/alen/repo/zynq-7020-video-pipe-3/hw/video-pipe-hw-v5/hw_011223.runs/broncho_video_v_demosaic_0_0_synth_1/prj/sol/.autopilot/db/v_demosaic.cpp:1040->/home/alen/repo/zynq-7020-video-pipe-3/hw/video-pipe-hw-v5/hw_011223.runs/broncho_video_v_demosaic_0_0_synth_1/prj/sol/.autopilot/db/v_demosaic.cpp:1073]   --->   Operation 267 'bitselect' 'tmp_21' <Predicate = true> <Delay = 0.00>
ST_5 : Operation 268 [1/1] (0.00ns) (grouped into LUT with out node select_ln1040)   --->   "%trunc_ln1040_1_i = partselect i11 @_ssdm_op_PartSelect.i11.i12.i32.i32, i12 %add_ln1040, i32 1, i32 11" [/home/alen/repo/zynq-7020-video-pipe-3/hw/video-pipe-hw-v5/hw_011223.runs/broncho_video_v_demosaic_0_0_synth_1/prj/sol/.autopilot/db/v_demosaic.cpp:1040->/home/alen/repo/zynq-7020-video-pipe-3/hw/video-pipe-hw-v5/hw_011223.runs/broncho_video_v_demosaic_0_0_synth_1/prj/sol/.autopilot/db/v_demosaic.cpp:1073]   --->   Operation 268 'partselect' 'trunc_ln1040_1_i' <Predicate = true> <Delay = 0.00>
ST_5 : Operation 269 [1/1] (0.00ns) (grouped into LUT with out node select_ln1040)   --->   "%sext_ln1040_3 = sext i11 %trunc_ln1040_1_i" [/home/alen/repo/zynq-7020-video-pipe-3/hw/video-pipe-hw-v5/hw_011223.runs/broncho_video_v_demosaic_0_0_synth_1/prj/sol/.autopilot/db/v_demosaic.cpp:1040->/home/alen/repo/zynq-7020-video-pipe-3/hw/video-pipe-hw-v5/hw_011223.runs/broncho_video_v_demosaic_0_0_synth_1/prj/sol/.autopilot/db/v_demosaic.cpp:1073]   --->   Operation 269 'sext' 'sext_ln1040_3' <Predicate = true> <Delay = 0.00>
ST_5 : Operation 270 [1/1] (0.00ns) (grouped into LUT with out node select_ln1040)   --->   "%zext_ln1040_1 = zext i12 %sext_ln1040_3" [/home/alen/repo/zynq-7020-video-pipe-3/hw/video-pipe-hw-v5/hw_011223.runs/broncho_video_v_demosaic_0_0_synth_1/prj/sol/.autopilot/db/v_demosaic.cpp:1040->/home/alen/repo/zynq-7020-video-pipe-3/hw/video-pipe-hw-v5/hw_011223.runs/broncho_video_v_demosaic_0_0_synth_1/prj/sol/.autopilot/db/v_demosaic.cpp:1073]   --->   Operation 270 'zext' 'zext_ln1040_1' <Predicate = true> <Delay = 0.00>
ST_5 : Operation 271 [1/1] (0.69ns) (out node of the LUT)   --->   "%select_ln1040 = select i1 %tmp_21, i13 %sub_ln1040_3, i13 %zext_ln1040_1" [/home/alen/repo/zynq-7020-video-pipe-3/hw/video-pipe-hw-v5/hw_011223.runs/broncho_video_v_demosaic_0_0_synth_1/prj/sol/.autopilot/db/v_demosaic.cpp:1040->/home/alen/repo/zynq-7020-video-pipe-3/hw/video-pipe-hw-v5/hw_011223.runs/broncho_video_v_demosaic_0_0_synth_1/prj/sol/.autopilot/db/v_demosaic.cpp:1073]   --->   Operation 271 'select' 'select_ln1040' <Predicate = true> <Delay = 0.69> <CoreInst = "Sel">   --->   Core 73 'Sel' <Latency = 0> <II = 1> <Delay = 0.69> <FuncUnit> <Opcode : 'select'> <InPorts = 3> <OutPorts = 1>
ST_5 : Operation 272 [1/1] (0.00ns) (grouped into LUT with out node r_2)   --->   "%select_ln1030 = select i1 %icmp_ln1030, i13 %select_ln1033, i13 %select_ln1039" [/home/alen/repo/zynq-7020-video-pipe-3/hw/video-pipe-hw-v5/hw_011223.runs/broncho_video_v_demosaic_0_0_synth_1/prj/sol/.autopilot/db/v_demosaic.cpp:1030->/home/alen/repo/zynq-7020-video-pipe-3/hw/video-pipe-hw-v5/hw_011223.runs/broncho_video_v_demosaic_0_0_synth_1/prj/sol/.autopilot/db/v_demosaic.cpp:1073]   --->   Operation 272 'select' 'select_ln1030' <Predicate = (!icmp_ln1014)> <Delay = 0.00> <CoreInst = "Sel">   --->   Core 73 'Sel' <Latency = 0> <II = 1> <Delay = 0.69> <FuncUnit> <Opcode : 'select'> <InPorts = 3> <OutPorts = 1>
ST_5 : Operation 273 [1/1] (0.00ns) (grouped into LUT with out node r_2)   --->   "%sext_ln1030 = sext i13 %select_ln1030" [/home/alen/repo/zynq-7020-video-pipe-3/hw/video-pipe-hw-v5/hw_011223.runs/broncho_video_v_demosaic_0_0_synth_1/prj/sol/.autopilot/db/v_demosaic.cpp:1030->/home/alen/repo/zynq-7020-video-pipe-3/hw/video-pipe-hw-v5/hw_011223.runs/broncho_video_v_demosaic_0_0_synth_1/prj/sol/.autopilot/db/v_demosaic.cpp:1073]   --->   Operation 273 'sext' 'sext_ln1030' <Predicate = (!icmp_ln1014)> <Delay = 0.00>
ST_5 : Operation 274 [1/1] (1.67ns) (out node of the LUT)   --->   "%r_2 = sub i14 %zext_ln1033_2, i14 %sext_ln1030" [/home/alen/repo/zynq-7020-video-pipe-3/hw/video-pipe-hw-v5/hw_011223.runs/broncho_video_v_demosaic_0_0_synth_1/prj/sol/.autopilot/db/v_demosaic.cpp:1030->/home/alen/repo/zynq-7020-video-pipe-3/hw/video-pipe-hw-v5/hw_011223.runs/broncho_video_v_demosaic_0_0_synth_1/prj/sol/.autopilot/db/v_demosaic.cpp:1073]   --->   Operation 274 'sub' 'r_2' <Predicate = (!icmp_ln1014)> <Delay = 1.67> <CoreInst = "Adder">   --->   Core 1 'Adder' <Latency = 0> <II = 1> <Delay = 1.81> <FuncUnit> <Opcode : 'add' 'sub'> <InPorts = 2> <OutPorts = 1>
ST_5 : Operation 275 [1/1] (0.00ns) (grouped into LUT with out node b_2)   --->   "%select_ln1030_1 = select i1 %icmp_ln1030, i13 %select_ln1034, i13 %select_ln1040" [/home/alen/repo/zynq-7020-video-pipe-3/hw/video-pipe-hw-v5/hw_011223.runs/broncho_video_v_demosaic_0_0_synth_1/prj/sol/.autopilot/db/v_demosaic.cpp:1030->/home/alen/repo/zynq-7020-video-pipe-3/hw/video-pipe-hw-v5/hw_011223.runs/broncho_video_v_demosaic_0_0_synth_1/prj/sol/.autopilot/db/v_demosaic.cpp:1073]   --->   Operation 275 'select' 'select_ln1030_1' <Predicate = true> <Delay = 0.00> <CoreInst = "Sel">   --->   Core 73 'Sel' <Latency = 0> <II = 1> <Delay = 0.69> <FuncUnit> <Opcode : 'select'> <InPorts = 3> <OutPorts = 1>
ST_5 : Operation 276 [1/1] (0.00ns) (grouped into LUT with out node b_2)   --->   "%sext_ln1030_1 = sext i13 %select_ln1030_1" [/home/alen/repo/zynq-7020-video-pipe-3/hw/video-pipe-hw-v5/hw_011223.runs/broncho_video_v_demosaic_0_0_synth_1/prj/sol/.autopilot/db/v_demosaic.cpp:1030->/home/alen/repo/zynq-7020-video-pipe-3/hw/video-pipe-hw-v5/hw_011223.runs/broncho_video_v_demosaic_0_0_synth_1/prj/sol/.autopilot/db/v_demosaic.cpp:1073]   --->   Operation 276 'sext' 'sext_ln1030_1' <Predicate = true> <Delay = 0.00>
ST_5 : Operation 277 [1/1] (1.67ns) (out node of the LUT)   --->   "%b_2 = sub i14 %zext_ln1033_2, i14 %sext_ln1030_1" [/home/alen/repo/zynq-7020-video-pipe-3/hw/video-pipe-hw-v5/hw_011223.runs/broncho_video_v_demosaic_0_0_synth_1/prj/sol/.autopilot/db/v_demosaic.cpp:1030->/home/alen/repo/zynq-7020-video-pipe-3/hw/video-pipe-hw-v5/hw_011223.runs/broncho_video_v_demosaic_0_0_synth_1/prj/sol/.autopilot/db/v_demosaic.cpp:1073]   --->   Operation 277 'sub' 'b_2' <Predicate = true> <Delay = 1.67> <CoreInst = "Adder">   --->   Core 1 'Adder' <Latency = 0> <II = 1> <Delay = 1.81> <FuncUnit> <Opcode : 'add' 'sub'> <InPorts = 2> <OutPorts = 1>
ST_5 : Operation 278 [1/1] (0.00ns)   --->   "%tmp_22 = bitselect i1 @_ssdm_op_BitSelect.i1.i14.i32, i14 %r_2, i32 13" [/home/alen/repo/zynq-7020-video-pipe-3/hw/video-pipe-hw-v5/hw_011223.runs/broncho_video_v_demosaic_0_0_synth_1/prj/sol/.autopilot/db/v_demosaic.cpp:1042->/home/alen/repo/zynq-7020-video-pipe-3/hw/video-pipe-hw-v5/hw_011223.runs/broncho_video_v_demosaic_0_0_synth_1/prj/sol/.autopilot/db/v_demosaic.cpp:1073]   --->   Operation 278 'bitselect' 'tmp_22' <Predicate = (!icmp_ln1014)> <Delay = 0.00>
ST_5 : Operation 279 [1/1] (0.00ns)   --->   "%tmp_23 = partselect i4 @_ssdm_op_PartSelect.i4.i14.i32.i32, i14 %r_2, i32 10, i32 13" [/home/alen/repo/zynq-7020-video-pipe-3/hw/video-pipe-hw-v5/hw_011223.runs/broncho_video_v_demosaic_0_0_synth_1/prj/sol/.autopilot/db/v_demosaic.cpp:1042->/home/alen/repo/zynq-7020-video-pipe-3/hw/video-pipe-hw-v5/hw_011223.runs/broncho_video_v_demosaic_0_0_synth_1/prj/sol/.autopilot/db/v_demosaic.cpp:1073]   --->   Operation 279 'partselect' 'tmp_23' <Predicate = (!icmp_ln1014)> <Delay = 0.00>
ST_5 : Operation 280 [1/1] (1.73ns)   --->   "%icmp_ln1042 = icmp_sgt  i4 %tmp_23, i4 0" [/home/alen/repo/zynq-7020-video-pipe-3/hw/video-pipe-hw-v5/hw_011223.runs/broncho_video_v_demosaic_0_0_synth_1/prj/sol/.autopilot/db/v_demosaic.cpp:1042->/home/alen/repo/zynq-7020-video-pipe-3/hw/video-pipe-hw-v5/hw_011223.runs/broncho_video_v_demosaic_0_0_synth_1/prj/sol/.autopilot/db/v_demosaic.cpp:1073]   --->   Operation 280 'icmp' 'icmp_ln1042' <Predicate = (!icmp_ln1014)> <Delay = 1.73> <CoreInst = "Cmp">   --->   Core 9 'Cmp' <Latency = 0> <II = 1> <Delay = 1.73> <FuncUnit> <Opcode : 'icmp'> <InPorts = 2> <OutPorts = 1>
ST_5 : Operation 281 [1/1] (0.00ns) (grouped into LUT with out node and_ln1043)   --->   "%tmp_24 = bitselect i1 @_ssdm_op_BitSelect.i1.i14.i32, i14 %b_2, i32 13" [/home/alen/repo/zynq-7020-video-pipe-3/hw/video-pipe-hw-v5/hw_011223.runs/broncho_video_v_demosaic_0_0_synth_1/prj/sol/.autopilot/db/v_demosaic.cpp:1043->/home/alen/repo/zynq-7020-video-pipe-3/hw/video-pipe-hw-v5/hw_011223.runs/broncho_video_v_demosaic_0_0_synth_1/prj/sol/.autopilot/db/v_demosaic.cpp:1073]   --->   Operation 281 'bitselect' 'tmp_24' <Predicate = true> <Delay = 0.00>
ST_5 : Operation 282 [1/1] (0.00ns)   --->   "%tmp_25 = partselect i4 @_ssdm_op_PartSelect.i4.i14.i32.i32, i14 %b_2, i32 10, i32 13" [/home/alen/repo/zynq-7020-video-pipe-3/hw/video-pipe-hw-v5/hw_011223.runs/broncho_video_v_demosaic_0_0_synth_1/prj/sol/.autopilot/db/v_demosaic.cpp:1043->/home/alen/repo/zynq-7020-video-pipe-3/hw/video-pipe-hw-v5/hw_011223.runs/broncho_video_v_demosaic_0_0_synth_1/prj/sol/.autopilot/db/v_demosaic.cpp:1073]   --->   Operation 282 'partselect' 'tmp_25' <Predicate = true> <Delay = 0.00>
ST_5 : Operation 283 [1/1] (1.73ns)   --->   "%icmp_ln1043 = icmp_sgt  i4 %tmp_25, i4 0" [/home/alen/repo/zynq-7020-video-pipe-3/hw/video-pipe-hw-v5/hw_011223.runs/broncho_video_v_demosaic_0_0_synth_1/prj/sol/.autopilot/db/v_demosaic.cpp:1043->/home/alen/repo/zynq-7020-video-pipe-3/hw/video-pipe-hw-v5/hw_011223.runs/broncho_video_v_demosaic_0_0_synth_1/prj/sol/.autopilot/db/v_demosaic.cpp:1073]   --->   Operation 283 'icmp' 'icmp_ln1043' <Predicate = true> <Delay = 1.73> <CoreInst = "Cmp">   --->   Core 9 'Cmp' <Latency = 0> <II = 1> <Delay = 1.73> <FuncUnit> <Opcode : 'icmp'> <InPorts = 2> <OutPorts = 1>
ST_5 : Operation 284 [1/1] (0.00ns) (grouped into LUT with out node and_ln1043)   --->   "%xor_ln1014_2 = xor i1 %icmp_ln1014, i1 1" [/home/alen/repo/zynq-7020-video-pipe-3/hw/video-pipe-hw-v5/hw_011223.runs/broncho_video_v_demosaic_0_0_synth_1/prj/sol/.autopilot/db/v_demosaic.cpp:1014->/home/alen/repo/zynq-7020-video-pipe-3/hw/video-pipe-hw-v5/hw_011223.runs/broncho_video_v_demosaic_0_0_synth_1/prj/sol/.autopilot/db/v_demosaic.cpp:1073]   --->   Operation 284 'xor' 'xor_ln1014_2' <Predicate = true> <Delay = 0.00> <CoreInst = "LogicGate">   --->   Core 74 'LogicGate' <Latency = 0> <II = 1> <Delay = 0.97> <FuncUnit> <Opcode : 'and' 'or' 'xor'> <InPorts = 2> <OutPorts = 1>
ST_5 : Operation 285 [1/1] (0.97ns) (out node of the LUT)   --->   "%and_ln1043 = and i1 %tmp_24, i1 %xor_ln1014_2" [/home/alen/repo/zynq-7020-video-pipe-3/hw/video-pipe-hw-v5/hw_011223.runs/broncho_video_v_demosaic_0_0_synth_1/prj/sol/.autopilot/db/v_demosaic.cpp:1043->/home/alen/repo/zynq-7020-video-pipe-3/hw/video-pipe-hw-v5/hw_011223.runs/broncho_video_v_demosaic_0_0_synth_1/prj/sol/.autopilot/db/v_demosaic.cpp:1073]   --->   Operation 285 'and' 'and_ln1043' <Predicate = true> <Delay = 0.97> <CoreInst = "LogicGate">   --->   Core 74 'LogicGate' <Latency = 0> <II = 1> <Delay = 0.97> <FuncUnit> <Opcode : 'and' 'or' 'xor'> <InPorts = 2> <OutPorts = 1>
ST_5 : Operation 300 [1/1] (0.00ns)   --->   "%store_ln0 = store i10 %p_0_0_01194_217901819_i_load, i10 %p_0_0_01194_217901819_i_out"   --->   Operation 300 'store' 'store_ln0' <Predicate = (icmp_ln881)> <Delay = 0.00>
ST_5 : Operation 301 [1/1] (0.00ns)   --->   "%store_ln0 = store i10 %p_0_0_01195_217881817_i_load, i10 %p_0_0_01195_217881817_i_out"   --->   Operation 301 'store' 'store_ln0' <Predicate = (icmp_ln881)> <Delay = 0.00>
ST_5 : Operation 302 [1/1] (0.00ns)   --->   "%store_ln0 = store i10 %p_0_0_01196_217861815_i_load, i10 %p_0_0_01196_217861815_i_out"   --->   Operation 302 'store' 'store_ln0' <Predicate = (icmp_ln881)> <Delay = 0.00>
ST_5 : Operation 303 [1/1] (0.00ns)   --->   "%store_ln0 = store i10 %right_5, i10 %right_2_i_out"   --->   Operation 303 'store' 'store_ln0' <Predicate = (icmp_ln881)> <Delay = 0.00>
ST_5 : Operation 304 [1/1] (0.00ns)   --->   "%store_ln0 = store i10 %right_4, i10 %right_1_i_out"   --->   Operation 304 'store' 'store_ln0' <Predicate = (icmp_ln881)> <Delay = 0.00>
ST_5 : Operation 305 [1/1] (0.00ns)   --->   "%store_ln0 = store i10 %right_3, i10 %right_i_out"   --->   Operation 305 'store' 'store_ln0' <Predicate = (icmp_ln881)> <Delay = 0.00>
ST_5 : Operation 306 [1/1] (0.00ns)   --->   "%store_ln0 = store i10 %p_0_0_0117217961807_i_load, i10 %p_0_0_0117217961807_i_out"   --->   Operation 306 'store' 'store_ln0' <Predicate = (icmp_ln881)> <Delay = 0.00>
ST_5 : Operation 307 [1/1] (0.00ns)   --->   "%store_ln0 = store i10 %p_0_0_0117317941805_i_load, i10 %p_0_0_0117317941805_i_out"   --->   Operation 307 'store' 'store_ln0' <Predicate = (icmp_ln881)> <Delay = 0.00>
ST_5 : Operation 308 [1/1] (0.00ns)   --->   "%store_ln0 = store i10 %p_0_0_0117417921803_i_load, i10 %p_0_0_0117417921803_i_out"   --->   Operation 308 'store' 'store_ln0' <Predicate = (icmp_ln881)> <Delay = 0.00>
ST_5 : Operation 309 [1/1] (0.00ns)   --->   "%store_ln0 = store i10 %p_0_2_0_0_011681723_i_load, i10 %p_0_2_0_0_011681723_i_out"   --->   Operation 309 'store' 'store_ln0' <Predicate = (icmp_ln881)> <Delay = 0.00>
ST_5 : Operation 310 [1/1] (0.00ns)   --->   "%store_ln0 = store i10 %p_0_1_0_0_011671720_i_load, i10 %p_0_1_0_0_011671720_i_out"   --->   Operation 310 'store' 'store_ln0' <Predicate = (icmp_ln881)> <Delay = 0.00>
ST_5 : Operation 311 [1/1] (0.00ns)   --->   "%store_ln0 = store i10 %p_0_0_0_0_011661717_i_load, i10 %p_0_0_0_0_011661717_i_out"   --->   Operation 311 'store' 'store_ln0' <Predicate = (icmp_ln881)> <Delay = 0.00>
ST_5 : Operation 312 [1/1] (0.00ns)   --->   "%ret_ln0 = ret"   --->   Operation 312 'ret' 'ret_ln0' <Predicate = (icmp_ln881)> <Delay = 0.00>

State 6 <SV = 5> <Delay = 3.54>
ST_6 : Operation 286 [1/1] (0.00ns) (grouped into LUT with out node b_3)   --->   "%trunc_ln1008 = trunc i14 %b_2" [/home/alen/repo/zynq-7020-video-pipe-3/hw/video-pipe-hw-v5/hw_011223.runs/broncho_video_v_demosaic_0_0_synth_1/prj/sol/.autopilot/db/v_demosaic.cpp:1008->/home/alen/repo/zynq-7020-video-pipe-3/hw/video-pipe-hw-v5/hw_011223.runs/broncho_video_v_demosaic_0_0_synth_1/prj/sol/.autopilot/db/v_demosaic.cpp:1073]   --->   Operation 286 'trunc' 'trunc_ln1008' <Predicate = (!icmp_ln1043)> <Delay = 0.00>
ST_6 : Operation 287 [1/1] (0.00ns) (grouped into LUT with out node r_4)   --->   "%trunc_ln1008_1 = trunc i14 %r_2" [/home/alen/repo/zynq-7020-video-pipe-3/hw/video-pipe-hw-v5/hw_011223.runs/broncho_video_v_demosaic_0_0_synth_1/prj/sol/.autopilot/db/v_demosaic.cpp:1008->/home/alen/repo/zynq-7020-video-pipe-3/hw/video-pipe-hw-v5/hw_011223.runs/broncho_video_v_demosaic_0_0_synth_1/prj/sol/.autopilot/db/v_demosaic.cpp:1073]   --->   Operation 287 'trunc' 'trunc_ln1008_1' <Predicate = (!icmp_ln1014)> <Delay = 0.00>
ST_6 : Operation 288 [1/1] (0.00ns) (grouped into LUT with out node r_4)   --->   "%xor_ln1042 = xor i1 %tmp_22, i1 1" [/home/alen/repo/zynq-7020-video-pipe-3/hw/video-pipe-hw-v5/hw_011223.runs/broncho_video_v_demosaic_0_0_synth_1/prj/sol/.autopilot/db/v_demosaic.cpp:1042->/home/alen/repo/zynq-7020-video-pipe-3/hw/video-pipe-hw-v5/hw_011223.runs/broncho_video_v_demosaic_0_0_synth_1/prj/sol/.autopilot/db/v_demosaic.cpp:1073]   --->   Operation 288 'xor' 'xor_ln1042' <Predicate = (!icmp_ln1014)> <Delay = 0.00> <CoreInst = "LogicGate">   --->   Core 74 'LogicGate' <Latency = 0> <II = 1> <Delay = 0.97> <FuncUnit> <Opcode : 'and' 'or' 'xor'> <InPorts = 2> <OutPorts = 1>
ST_6 : Operation 289 [1/1] (0.00ns) (grouped into LUT with out node r_4)   --->   "%select_ln1042 = select i1 %xor_ln1042, i10 1023, i10 0" [/home/alen/repo/zynq-7020-video-pipe-3/hw/video-pipe-hw-v5/hw_011223.runs/broncho_video_v_demosaic_0_0_synth_1/prj/sol/.autopilot/db/v_demosaic.cpp:1042->/home/alen/repo/zynq-7020-video-pipe-3/hw/video-pipe-hw-v5/hw_011223.runs/broncho_video_v_demosaic_0_0_synth_1/prj/sol/.autopilot/db/v_demosaic.cpp:1073]   --->   Operation 289 'select' 'select_ln1042' <Predicate = (!icmp_ln1014)> <Delay = 0.00> <CoreInst = "Sel">   --->   Core 73 'Sel' <Latency = 0> <II = 1> <Delay = 0.99> <FuncUnit> <Opcode : 'select'> <InPorts = 3> <OutPorts = 1>
ST_6 : Operation 290 [1/1] (0.00ns) (grouped into LUT with out node r_4)   --->   "%or_ln1042 = or i1 %tmp_22, i1 %icmp_ln1042" [/home/alen/repo/zynq-7020-video-pipe-3/hw/video-pipe-hw-v5/hw_011223.runs/broncho_video_v_demosaic_0_0_synth_1/prj/sol/.autopilot/db/v_demosaic.cpp:1042->/home/alen/repo/zynq-7020-video-pipe-3/hw/video-pipe-hw-v5/hw_011223.runs/broncho_video_v_demosaic_0_0_synth_1/prj/sol/.autopilot/db/v_demosaic.cpp:1073]   --->   Operation 290 'or' 'or_ln1042' <Predicate = (!icmp_ln1014)> <Delay = 0.00> <CoreInst = "LogicGate">   --->   Core 74 'LogicGate' <Latency = 0> <II = 1> <Delay = 0.97> <FuncUnit> <Opcode : 'and' 'or' 'xor'> <InPorts = 2> <OutPorts = 1>
ST_6 : Operation 291 [1/1] (0.00ns) (grouped into LUT with out node r_4)   --->   "%r_3 = select i1 %or_ln1042, i10 %select_ln1042, i10 %trunc_ln1008_1" [/home/alen/repo/zynq-7020-video-pipe-3/hw/video-pipe-hw-v5/hw_011223.runs/broncho_video_v_demosaic_0_0_synth_1/prj/sol/.autopilot/db/v_demosaic.cpp:1042->/home/alen/repo/zynq-7020-video-pipe-3/hw/video-pipe-hw-v5/hw_011223.runs/broncho_video_v_demosaic_0_0_synth_1/prj/sol/.autopilot/db/v_demosaic.cpp:1073]   --->   Operation 291 'select' 'r_3' <Predicate = (!icmp_ln1014)> <Delay = 0.00> <CoreInst = "Sel">   --->   Core 73 'Sel' <Latency = 0> <II = 1> <Delay = 0.68> <FuncUnit> <Opcode : 'select'> <InPorts = 3> <OutPorts = 1>
ST_6 : Operation 292 [1/1] (0.99ns) (out node of the LUT)   --->   "%r_4 = select i1 %icmp_ln1014, i10 %pix, i10 %r_3" [/home/alen/repo/zynq-7020-video-pipe-3/hw/video-pipe-hw-v5/hw_011223.runs/broncho_video_v_demosaic_0_0_synth_1/prj/sol/.autopilot/db/v_demosaic.cpp:1014->/home/alen/repo/zynq-7020-video-pipe-3/hw/video-pipe-hw-v5/hw_011223.runs/broncho_video_v_demosaic_0_0_synth_1/prj/sol/.autopilot/db/v_demosaic.cpp:1073]   --->   Operation 292 'select' 'r_4' <Predicate = true> <Delay = 0.99> <CoreInst = "Sel">   --->   Core 73 'Sel' <Latency = 0> <II = 1> <Delay = 0.68> <FuncUnit> <Opcode : 'select'> <InPorts = 3> <OutPorts = 1>
ST_6 : Operation 293 [1/1] (0.00ns) (grouped into LUT with out node b_3)   --->   "%select_ln1043 = select i1 %and_ln1043, i10 0, i10 %pix_8" [/home/alen/repo/zynq-7020-video-pipe-3/hw/video-pipe-hw-v5/hw_011223.runs/broncho_video_v_demosaic_0_0_synth_1/prj/sol/.autopilot/db/v_demosaic.cpp:1043->/home/alen/repo/zynq-7020-video-pipe-3/hw/video-pipe-hw-v5/hw_011223.runs/broncho_video_v_demosaic_0_0_synth_1/prj/sol/.autopilot/db/v_demosaic.cpp:1073]   --->   Operation 293 'select' 'select_ln1043' <Predicate = true> <Delay = 0.00> <CoreInst = "Sel">   --->   Core 73 'Sel' <Latency = 0> <II = 1> <Delay = 0.68> <FuncUnit> <Opcode : 'select'> <InPorts = 3> <OutPorts = 1>
ST_6 : Operation 294 [1/1] (0.00ns) (grouped into LUT with out node b_3)   --->   "%or_ln1043 = or i1 %and_ln1043, i1 %icmp_ln1014" [/home/alen/repo/zynq-7020-video-pipe-3/hw/video-pipe-hw-v5/hw_011223.runs/broncho_video_v_demosaic_0_0_synth_1/prj/sol/.autopilot/db/v_demosaic.cpp:1043->/home/alen/repo/zynq-7020-video-pipe-3/hw/video-pipe-hw-v5/hw_011223.runs/broncho_video_v_demosaic_0_0_synth_1/prj/sol/.autopilot/db/v_demosaic.cpp:1073]   --->   Operation 294 'or' 'or_ln1043' <Predicate = true> <Delay = 0.00> <CoreInst = "LogicGate">   --->   Core 74 'LogicGate' <Latency = 0> <II = 1> <Delay = 0.97> <FuncUnit> <Opcode : 'and' 'or' 'xor'> <InPorts = 2> <OutPorts = 1>
ST_6 : Operation 295 [1/1] (0.00ns) (grouped into LUT with out node b_3)   --->   "%select_ln1043_1 = select i1 %icmp_ln1043, i10 1023, i10 %trunc_ln1008" [/home/alen/repo/zynq-7020-video-pipe-3/hw/video-pipe-hw-v5/hw_011223.runs/broncho_video_v_demosaic_0_0_synth_1/prj/sol/.autopilot/db/v_demosaic.cpp:1043->/home/alen/repo/zynq-7020-video-pipe-3/hw/video-pipe-hw-v5/hw_011223.runs/broncho_video_v_demosaic_0_0_synth_1/prj/sol/.autopilot/db/v_demosaic.cpp:1073]   --->   Operation 295 'select' 'select_ln1043_1' <Predicate = true> <Delay = 0.00> <CoreInst = "Sel">   --->   Core 73 'Sel' <Latency = 0> <II = 1> <Delay = 0.68> <FuncUnit> <Opcode : 'select'> <InPorts = 3> <OutPorts = 1>
ST_6 : Operation 296 [1/1] (0.97ns) (out node of the LUT)   --->   "%b_3 = select i1 %or_ln1043, i10 %select_ln1043, i10 %select_ln1043_1" [/home/alen/repo/zynq-7020-video-pipe-3/hw/video-pipe-hw-v5/hw_011223.runs/broncho_video_v_demosaic_0_0_synth_1/prj/sol/.autopilot/db/v_demosaic.cpp:1043->/home/alen/repo/zynq-7020-video-pipe-3/hw/video-pipe-hw-v5/hw_011223.runs/broncho_video_v_demosaic_0_0_synth_1/prj/sol/.autopilot/db/v_demosaic.cpp:1073]   --->   Operation 296 'select' 'b_3' <Predicate = true> <Delay = 0.97> <CoreInst = "Sel">   --->   Core 73 'Sel' <Latency = 0> <II = 1> <Delay = 0.68> <FuncUnit> <Opcode : 'select'> <InPorts = 3> <OutPorts = 1>
ST_6 : Operation 297 [1/1] (0.00ns)   --->   "%p_0 = bitconcatenate i30 @_ssdm_op_BitConcatenate.i30.i10.i10.i10, i10 %r_4, i10 %b_3, i10 %pix_7" [/home/alen/repo/zynq-7020-video-pipe-3/hw/video-pipe-hw-v5/hw_011223.runs/broncho_video_v_demosaic_0_0_synth_1/prj/sol/.autopilot/db/v_demosaic.cpp:1054->/home/alen/repo/zynq-7020-video-pipe-3/hw/video-pipe-hw-v5/hw_011223.runs/broncho_video_v_demosaic_0_0_synth_1/prj/sol/.autopilot/db/v_demosaic.cpp:1073]   --->   Operation 297 'bitconcatenate' 'p_0' <Predicate = (and_ln1052)> <Delay = 0.00>
ST_6 : Operation 298 [1/1] (2.55ns)   --->   "%write_ln1054 = write void @_ssdm_op_Write.ap_fifo.volatile.i30P0A, i30 %imgRgb, i30 %p_0" [/home/alen/repo/zynq-7020-video-pipe-3/hw/video-pipe-hw-v5/hw_011223.runs/broncho_video_v_demosaic_0_0_synth_1/prj/sol/.autopilot/db/v_demosaic.cpp:1054->/home/alen/repo/zynq-7020-video-pipe-3/hw/video-pipe-hw-v5/hw_011223.runs/broncho_video_v_demosaic_0_0_synth_1/prj/sol/.autopilot/db/v_demosaic.cpp:1073]   --->   Operation 298 'write' 'write_ln1054' <Predicate = (and_ln1052)> <Delay = 2.55> <CoreInst = "FIFO_SRL">   --->   Core 81 'FIFO_SRL' <Latency = 0> <II = 1> <Delay = 3.63> <Storage> <Opcode : 'read' 'write' 'nbread' 'nbwrite'> <Ports = 0> <Width = 30> <Depth = 2> <FIFO>
ST_6 : Operation 299 [1/1] (0.00ns)   --->   "%br_ln1055 = br void %for.inc482.i" [/home/alen/repo/zynq-7020-video-pipe-3/hw/video-pipe-hw-v5/hw_011223.runs/broncho_video_v_demosaic_0_0_synth_1/prj/sol/.autopilot/db/v_demosaic.cpp:1055->/home/alen/repo/zynq-7020-video-pipe-3/hw/video-pipe-hw-v5/hw_011223.runs/broncho_video_v_demosaic_0_0_synth_1/prj/sol/.autopilot/db/v_demosaic.cpp:1073]   --->   Operation 299 'br' 'br_ln1055' <Predicate = (and_ln1052)> <Delay = 0.00>


============================================================
+ Verbose Summary: Binding
============================================================
STG Binding: 
---------------- STG Properties BEGIN ----------------
- Is combinational: 0
- Is one-state seq: 0
- Is datapath-only: 0
- Is pipelined: 0
- Is top level: 0
Port [ Return ] is wired: 1; IO mode=ap_ctrl_hs:ce=0
Port [ p_0_0_01194_217901820_lcssa1856_i]:  wired=1; compound=0; hidden=0; nouse=0; global=0; static=0; extern=0; dir=0; type=0; pingpong=0; private_global=0; IO mode=ap_none:ce=0
Port [ p_0_0_01195_217881818_lcssa1854_i]:  wired=1; compound=0; hidden=0; nouse=0; global=0; static=0; extern=0; dir=0; type=0; pingpong=0; private_global=0; IO mode=ap_none:ce=0
Port [ p_0_0_01196_217861816_lcssa1852_i]:  wired=1; compound=0; hidden=0; nouse=0; global=0; static=0; extern=0; dir=0; type=0; pingpong=0; private_global=0; IO mode=ap_none:ce=0
Port [ p_0_2_0_0_011621813_lcssa1850_i]:  wired=1; compound=0; hidden=0; nouse=0; global=0; static=0; extern=0; dir=0; type=0; pingpong=0; private_global=0; IO mode=ap_none:ce=0
Port [ p_0_1_0_0_011611811_lcssa1848_i]:  wired=1; compound=0; hidden=0; nouse=0; global=0; static=0; extern=0; dir=0; type=0; pingpong=0; private_global=0; IO mode=ap_none:ce=0
Port [ p_0_0_0_0_011601809_lcssa1846_i]:  wired=1; compound=0; hidden=0; nouse=0; global=0; static=0; extern=0; dir=0; type=0; pingpong=0; private_global=0; IO mode=ap_none:ce=0
Port [ p_0_0_0117217961808_lcssa1844_i]:  wired=1; compound=0; hidden=0; nouse=0; global=0; static=0; extern=0; dir=0; type=0; pingpong=0; private_global=0; IO mode=ap_none:ce=0
Port [ p_0_0_0117317941806_lcssa1842_i]:  wired=1; compound=0; hidden=0; nouse=0; global=0; static=0; extern=0; dir=0; type=0; pingpong=0; private_global=0; IO mode=ap_none:ce=0
Port [ p_0_0_0117417921804_lcssa1840_i]:  wired=1; compound=0; hidden=0; nouse=0; global=0; static=0; extern=0; dir=0; type=0; pingpong=0; private_global=0; IO mode=ap_none:ce=0
Port [ p_0_2_0_0_011681721_lcssa1762_i]:  wired=1; compound=0; hidden=0; nouse=0; global=0; static=0; extern=0; dir=0; type=0; pingpong=0; private_global=0; IO mode=ap_none:ce=0
Port [ p_0_1_0_0_011671718_lcssa1760_i]:  wired=1; compound=0; hidden=0; nouse=0; global=0; static=0; extern=0; dir=0; type=0; pingpong=0; private_global=0; IO mode=ap_none:ce=0
Port [ p_0_0_0_0_011661715_lcssa1758_i]:  wired=1; compound=0; hidden=0; nouse=0; global=0; static=0; extern=0; dir=0; type=0; pingpong=0; private_global=0; IO mode=ap_none:ce=0
Port [ loopWidth_i]:  wired=1; compound=0; hidden=0; nouse=0; global=0; static=0; extern=0; dir=0; type=0; pingpong=0; private_global=0; IO mode=ap_stable:ce=0
Port [ empty_52]:  wired=1; compound=0; hidden=0; nouse=0; global=0; static=0; extern=0; dir=0; type=0; pingpong=0; private_global=0; IO mode=ap_none:ce=0
Port [ xor_i]:  wired=1; compound=0; hidden=0; nouse=0; global=0; static=0; extern=0; dir=0; type=0; pingpong=0; private_global=0; IO mode=ap_none:ce=0
Port [ cmp478_i]:  wired=1; compound=0; hidden=0; nouse=0; global=0; static=0; extern=0; dir=0; type=0; pingpong=0; private_global=0; IO mode=ap_none:ce=0
Port [ lineBuffer_1_i]:  wired=1; compound=1; hidden=0; nouse=0; global=0; static=0; extern=0; dir=2; type=1; pingpong=0; private_global=0; MemPort=[01]; IO mode=ap_memory:ce=0
Port [ lineBuffer_i]:  wired=1; compound=1; hidden=0; nouse=0; global=0; static=0; extern=0; dir=2; type=1; pingpong=0; private_global=0; MemPort=[01]; IO mode=ap_memory:ce=0
Port [ empty]:  wired=1; compound=0; hidden=0; nouse=0; global=0; static=0; extern=0; dir=0; type=0; pingpong=0; private_global=0; IO mode=ap_stable:ce=0
Port [ cmp59_i]:  wired=1; compound=0; hidden=0; nouse=0; global=0; static=0; extern=0; dir=0; type=0; pingpong=0; private_global=0; IO mode=ap_none:ce=0
Port [ imgRB]:  wired=1; compound=1; hidden=0; nouse=0; global=0; static=0; extern=0; dir=0; type=3; pingpong=0; private_global=0; IO mode=ap_fifo:ce=0
Port [ imgRgb]:  wired=1; compound=1; hidden=0; nouse=0; global=0; static=0; extern=0; dir=1; type=3; pingpong=0; private_global=0; IO mode=ap_fifo:ce=0
Port [ p_0_0_01194_217901819_i_out]:  wired=1; compound=0; hidden=0; nouse=0; global=0; static=0; extern=0; dir=1; type=0; pingpong=0; private_global=0; IO mode=ap_vld:ce=0
Port [ p_0_0_01195_217881817_i_out]:  wired=1; compound=0; hidden=0; nouse=0; global=0; static=0; extern=0; dir=1; type=0; pingpong=0; private_global=0; IO mode=ap_vld:ce=0
Port [ p_0_0_01196_217861815_i_out]:  wired=1; compound=0; hidden=0; nouse=0; global=0; static=0; extern=0; dir=1; type=0; pingpong=0; private_global=0; IO mode=ap_vld:ce=0
Port [ right_2_i_out]:  wired=1; compound=0; hidden=0; nouse=0; global=0; static=0; extern=0; dir=1; type=0; pingpong=0; private_global=0; IO mode=ap_vld:ce=0
Port [ right_1_i_out]:  wired=1; compound=0; hidden=0; nouse=0; global=0; static=0; extern=0; dir=1; type=0; pingpong=0; private_global=0; IO mode=ap_vld:ce=0
Port [ right_i_out]:  wired=1; compound=0; hidden=0; nouse=0; global=0; static=0; extern=0; dir=1; type=0; pingpong=0; private_global=0; IO mode=ap_vld:ce=0
Port [ p_0_0_0117217961807_i_out]:  wired=1; compound=0; hidden=0; nouse=0; global=0; static=0; extern=0; dir=1; type=0; pingpong=0; private_global=0; IO mode=ap_vld:ce=0
Port [ p_0_0_0117317941805_i_out]:  wired=1; compound=0; hidden=0; nouse=0; global=0; static=0; extern=0; dir=1; type=0; pingpong=0; private_global=0; IO mode=ap_vld:ce=0
Port [ p_0_0_0117417921803_i_out]:  wired=1; compound=0; hidden=0; nouse=0; global=0; static=0; extern=0; dir=1; type=0; pingpong=0; private_global=0; IO mode=ap_vld:ce=0
Port [ p_0_2_0_0_011681723_i_out]:  wired=1; compound=0; hidden=0; nouse=0; global=0; static=0; extern=0; dir=1; type=0; pingpong=0; private_global=0; IO mode=ap_vld:ce=0
Port [ p_0_1_0_0_011671720_i_out]:  wired=1; compound=0; hidden=0; nouse=0; global=0; static=0; extern=0; dir=1; type=0; pingpong=0; private_global=0; IO mode=ap_vld:ce=0
Port [ p_0_0_0_0_011661717_i_out]:  wired=1; compound=0; hidden=0; nouse=0; global=0; static=0; extern=0; dir=1; type=0; pingpong=0; private_global=0; IO mode=ap_vld:ce=0
---------------- STG Properties END ------------------

---------------- Datapath Model BEGIN ----------------

<LifeTime>
<method=bitvector/>
x                                      (alloca           ) [ 0100000]
p_0_0_0117417921803_i                  (alloca           ) [ 0111000]
p_0_0_0117317941805_i                  (alloca           ) [ 0111000]
p_0_0_0117217961807_i                  (alloca           ) [ 0111000]
right                                  (alloca           ) [ 0111000]
right_1                                (alloca           ) [ 0111000]
right_2                                (alloca           ) [ 0111100]
p_0_0_01196_217861815_i                (alloca           ) [ 0111000]
p_0_0_01195_217881817_i                (alloca           ) [ 0111000]
p_0_0_01194_217901819_i                (alloca           ) [ 0111000]
p_0_0_0_0_011661717_i                  (alloca           ) [ 0111000]
p_0_1_0_0_011671720_i                  (alloca           ) [ 0111000]
p_0_2_0_0_011681723_i                  (alloca           ) [ 0111000]
specinterface_ln0                      (specinterface    ) [ 0000000]
specinterface_ln0                      (specinterface    ) [ 0000000]
cmp59_i_read                           (read             ) [ 0111111]
tmp                                    (read             ) [ 0000000]
cmp478_i_read                          (read             ) [ 0111000]
xor_i_read                             (read             ) [ 0000000]
tmp_11                                 (read             ) [ 0000000]
loopWidth_i_read                       (read             ) [ 0000000]
p_0_0_0_0_011661715_lcssa1758_i_read   (read             ) [ 0000000]
p_0_1_0_0_011671718_lcssa1760_i_read   (read             ) [ 0000000]
p_0_2_0_0_011681721_lcssa1762_i_read   (read             ) [ 0000000]
p_0_0_0117417921804_lcssa1840_i_read   (read             ) [ 0000000]
p_0_0_0117317941806_lcssa1842_i_read   (read             ) [ 0000000]
p_0_0_0117217961808_lcssa1844_i_read   (read             ) [ 0000000]
p_0_0_0_0_011601809_lcssa1846_i_read   (read             ) [ 0000000]
p_0_1_0_0_011611811_lcssa1848_i_read   (read             ) [ 0000000]
p_0_2_0_0_011621813_lcssa1850_i_read   (read             ) [ 0000000]
p_0_0_01196_217861816_lcssa1852_i_read (read             ) [ 0000000]
p_0_0_01195_217881818_lcssa1854_i_read (read             ) [ 0000000]
p_0_0_01194_217901820_lcssa1856_i_read (read             ) [ 0000000]
store_ln0                              (store            ) [ 0000000]
store_ln0                              (store            ) [ 0000000]
store_ln0                              (store            ) [ 0000000]
store_ln0                              (store            ) [ 0000000]
store_ln0                              (store            ) [ 0000000]
store_ln0                              (store            ) [ 0000000]
store_ln1018                           (store            ) [ 0000000]
store_ln1018                           (store            ) [ 0000000]
store_ln1018                           (store            ) [ 0000000]
store_ln0                              (store            ) [ 0000000]
store_ln0                              (store            ) [ 0000000]
store_ln0                              (store            ) [ 0000000]
store_ln851                            (store            ) [ 0000000]
br_ln0                                 (br               ) [ 0000000]
z                                      (load             ) [ 0000000]
icmp_ln881                             (icmp             ) [ 0111111]
x_8                                    (add              ) [ 0000000]
br_ln881                               (br               ) [ 0000000]
trunc_ln881                            (trunc            ) [ 0000000]
zext_ln881                             (zext             ) [ 0000000]
icmp_ln891                             (icmp             ) [ 0111111]
lineBuffer_i_addr                      (getelementptr    ) [ 0111000]
lineBuffer_1_i_addr                    (getelementptr    ) [ 0111000]
cmp161_i                               (icmp             ) [ 0111000]
xor_ln1014                             (xor              ) [ 0000000]
xor_ln1014_1                           (xor              ) [ 0000000]
zext_ln1014                            (zext             ) [ 0000000]
icmp_ln1014                            (icmp             ) [ 0111111]
icmp_ln1052                            (icmp             ) [ 0000000]
and_ln1052                             (and              ) [ 0111111]
br_ln1052                              (br               ) [ 0000000]
store_ln851                            (store            ) [ 0000000]
right_3                                (load             ) [ 0101110]
right_4                                (load             ) [ 0101110]
LineBufVal                             (load             ) [ 0000000]
trunc_ln902                            (trunc            ) [ 0111000]
tmp_i1                                 (partselect       ) [ 0111000]
tmp_1_i2                               (partselect       ) [ 0111000]
LineBufVal_3                           (load             ) [ 0000000]
trunc_ln902_1                          (trunc            ) [ 0101000]
tmp_3_i3                               (partselect       ) [ 0101000]
tmp_4_i4                               (partselect       ) [ 0101000]
br_ln911                               (br               ) [ 0111000]
InPix                                  (read             ) [ 0101000]
trunc_ln913                            (trunc            ) [ 0111000]
trunc_ln913_1_i                        (partselect       ) [ 0111000]
trunc_ln913_2_i                        (partselect       ) [ 0111000]
br_ln925                               (br               ) [ 0111000]
store_ln1018                           (store            ) [ 0000000]
store_ln1018                           (store            ) [ 0000000]
p_0_0_0117417921803_i_load             (load             ) [ 0100110]
p_0_0_0117317941805_i_load             (load             ) [ 0100110]
p_0_0_0117217961807_i_load             (load             ) [ 0100110]
right_5                                (load             ) [ 0100110]
p_0_0_01196_217861815_i_load           (load             ) [ 0100110]
p_0_0_01195_217881817_i_load           (load             ) [ 0100110]
p_0_0_01194_217901819_i_load           (load             ) [ 0100110]
p_0_0_0_0_011661717_i_load             (load             ) [ 0100110]
p_0_1_0_0_011671720_i_load             (load             ) [ 0100110]
p_0_2_0_0_011681723_i_load             (load             ) [ 0101110]
speclooptripcount_ln0                  (speclooptripcount) [ 0000000]
specpipeline_ln884                     (specpipeline     ) [ 0000000]
specloopname_ln881                     (specloopname     ) [ 0000000]
br_ln891                               (br               ) [ 0101100]
store_ln813                            (store            ) [ 0000000]
p_0_0_01194_21790_ph_i                 (phi              ) [ 0101000]
p_0_0_01195_21788_ph_i                 (phi              ) [ 0101000]
p_0_0_01196_21786_ph_i                 (phi              ) [ 0101000]
select_ln957                           (select           ) [ 0000000]
select_ln957_1                         (select           ) [ 0000000]
select_ln957_2                         (select           ) [ 0000000]
select_ln957_3                         (select           ) [ 0000000]
select_ln957_4                         (select           ) [ 0000000]
select_ln957_5                         (select           ) [ 0101100]
select_ln957_6                         (select           ) [ 0000000]
select_ln957_7                         (select           ) [ 0000000]
select_ln957_8                         (select           ) [ 0000000]
select_ln957_9                         (select           ) [ 0000000]
select_ln957_10                        (select           ) [ 0000000]
select_ln957_11                        (select           ) [ 0000000]
PixBufVal_4                            (select           ) [ 0000000]
PixBufVal_3                            (select           ) [ 0000000]
PixBufVal                              (select           ) [ 0000000]
LineBufVal_4                           (bitconcatenate   ) [ 0000000]
store_ln987                            (store            ) [ 0000000]
store_ln913                            (store            ) [ 0000000]
store_ln913                            (store            ) [ 0000000]
store_ln913                            (store            ) [ 0000000]
store_ln1018                           (store            ) [ 0000000]
store_ln902                            (store            ) [ 0000000]
store_ln902                            (store            ) [ 0000000]
store_ln902                            (store            ) [ 0000000]
br_ln989                               (br               ) [ 0101100]
down_2                                 (phi              ) [ 0000000]
down_1                                 (phi              ) [ 0000000]
down                                   (phi              ) [ 0000000]
left_1                                 (phi              ) [ 0000000]
left                                   (phi              ) [ 0000000]
pix_8                                  (phi              ) [ 0100111]
pix_7                                  (phi              ) [ 0101111]
pix                                    (phi              ) [ 0101111]
up_2                                   (phi              ) [ 0000000]
up_1                                   (phi              ) [ 0000000]
up                                     (phi              ) [ 0000000]
right_load_1                           (load             ) [ 0000000]
right_1_load_1                         (load             ) [ 0000000]
zext_ln1023                            (zext             ) [ 0100100]
zext_ln1023_1                          (zext             ) [ 0100100]
sub_ln1023                             (sub              ) [ 0100100]
trunc_ln61                             (trunc            ) [ 0100100]
zext_ln1024                            (zext             ) [ 0000000]
zext_ln1024_1                          (zext             ) [ 0000000]
sub_ln1024                             (sub              ) [ 0100100]
trunc_ln61_4                           (trunc            ) [ 0100100]
zext_ln1025                            (zext             ) [ 0100100]
zext_ln1025_1                          (zext             ) [ 0100100]
sub_ln1025                             (sub              ) [ 0100100]
trunc_ln61_5                           (trunc            ) [ 0100100]
zext_ln1026                            (zext             ) [ 0000000]
zext_ln1026_1                          (zext             ) [ 0000000]
sub_ln1026                             (sub              ) [ 0100100]
trunc_ln61_6                           (trunc            ) [ 0100100]
zext_ln1028                            (zext             ) [ 0100100]
zext_ln1028_1                          (zext             ) [ 0100100]
sub_ln1039                             (sub              ) [ 0100100]
sub_ln1039_1                           (sub              ) [ 0100100]
sub_ln1040                             (sub              ) [ 0100100]
sub_ln1040_1                           (sub              ) [ 0100100]
store_ln957                            (store            ) [ 0000000]
store_ln957                            (store            ) [ 0000000]
store_ln957                            (store            ) [ 0000000]
br_ln881                               (br               ) [ 0000000]
left_2                                 (phi              ) [ 0100100]
right_2_load_1                         (load             ) [ 0000000]
sub_ln61                               (sub              ) [ 0000000]
tmp_12                                 (bitselect        ) [ 0000000]
DRh                                    (select           ) [ 0000000]
sub_ln61_4                             (sub              ) [ 0000000]
tmp_13                                 (bitselect        ) [ 0000000]
DRv                                    (select           ) [ 0000000]
sub_ln61_5                             (sub              ) [ 0000000]
tmp_14                                 (bitselect        ) [ 0000000]
DGh                                    (select           ) [ 0000000]
sub_ln61_6                             (sub              ) [ 0000000]
tmp_15                                 (bitselect        ) [ 0000000]
DGv                                    (select           ) [ 0000000]
zext_ln1027                            (zext             ) [ 0000000]
zext_ln1027_1                          (zext             ) [ 0000000]
sub_ln1027                             (sub              ) [ 0000000]
trunc_ln61_7                           (trunc            ) [ 0000000]
sub_ln61_7                             (sub              ) [ 0000000]
tmp_16                                 (bitselect        ) [ 0000000]
DBh                                    (select           ) [ 0000000]
sub_ln1028                             (sub              ) [ 0000000]
trunc_ln61_8                           (trunc            ) [ 0000000]
sub_ln61_8                             (sub              ) [ 0000000]
tmp_17                                 (bitselect        ) [ 0000000]
DBv                                    (select           ) [ 0000000]
zext_ln1030                            (zext             ) [ 0000000]
zext_ln1030_1                          (zext             ) [ 0000000]
add_ln1030                             (add              ) [ 0000000]
zext_ln1030_2                          (zext             ) [ 0000000]
zext_ln1030_3                          (zext             ) [ 0000000]
add_ln1030_1                           (add              ) [ 0100010]
zext_ln1030_4                          (zext             ) [ 0000000]
zext_ln1030_5                          (zext             ) [ 0000000]
add_ln1030_2                           (add              ) [ 0000000]
zext_ln1030_6                          (zext             ) [ 0000000]
zext_ln1030_7                          (zext             ) [ 0000000]
add_ln1030_3                           (add              ) [ 0100010]
sub_ln1033                             (sub              ) [ 0000000]
sub_ln1033_1                           (sub              ) [ 0000000]
sext_ln1033                            (sext             ) [ 0000000]
sext_ln1033_1                          (sext             ) [ 0000000]
add_ln1033                             (add              ) [ 0100010]
sub_ln1033_2                           (sub              ) [ 0000000]
trunc_ln1033_2_i                       (partselect       ) [ 0100010]
sub_ln1034                             (sub              ) [ 0000000]
sub_ln1034_1                           (sub              ) [ 0000000]
sext_ln1034                            (sext             ) [ 0000000]
sext_ln1034_1                          (sext             ) [ 0000000]
add_ln1034                             (add              ) [ 0100010]
sub_ln1034_2                           (sub              ) [ 0000000]
trunc_ln1034_2_i                       (partselect       ) [ 0100010]
sext_ln1039                            (sext             ) [ 0000000]
sext_ln1039_1                          (sext             ) [ 0000000]
add_ln1039                             (add              ) [ 0100010]
sub_ln1039_2                           (sub              ) [ 0000000]
trunc_ln1039_2_i                       (partselect       ) [ 0000000]
sext_ln1039_2                          (sext             ) [ 0000000]
zext_ln1039                            (zext             ) [ 0000000]
sub_ln1039_3                           (sub              ) [ 0100010]
sext_ln1040                            (sext             ) [ 0000000]
sext_ln1040_1                          (sext             ) [ 0000000]
add_ln1040                             (add              ) [ 0100010]
sub_ln1040_2                           (sub              ) [ 0000000]
trunc_ln1040_2_i                       (partselect       ) [ 0000000]
sext_ln1040_2                          (sext             ) [ 0000000]
zext_ln1040                            (zext             ) [ 0000000]
sub_ln1040_3                           (sub              ) [ 0100010]
icmp_ln1030                            (icmp             ) [ 0000000]
tmp_18                                 (bitselect        ) [ 0000000]
sext_ln1033_2                          (sext             ) [ 0000000]
zext_ln1033                            (zext             ) [ 0000000]
sub_ln1033_3                           (sub              ) [ 0000000]
trunc_ln1033_1_i                       (partselect       ) [ 0000000]
sext_ln1033_3                          (sext             ) [ 0000000]
zext_ln1033_1                          (zext             ) [ 0000000]
select_ln1033                          (select           ) [ 0000000]
zext_ln1033_2                          (zext             ) [ 0000000]
tmp_19                                 (bitselect        ) [ 0000000]
sext_ln1034_2                          (sext             ) [ 0000000]
zext_ln1034                            (zext             ) [ 0000000]
sub_ln1034_3                           (sub              ) [ 0000000]
trunc_ln1034_1_i                       (partselect       ) [ 0000000]
sext_ln1034_3                          (sext             ) [ 0000000]
zext_ln1034_1                          (zext             ) [ 0000000]
select_ln1034                          (select           ) [ 0000000]
tmp_20                                 (bitselect        ) [ 0000000]
trunc_ln1039_1_i                       (partselect       ) [ 0000000]
sext_ln1039_3                          (sext             ) [ 0000000]
zext_ln1039_1                          (zext             ) [ 0000000]
select_ln1039                          (select           ) [ 0000000]
tmp_21                                 (bitselect        ) [ 0000000]
trunc_ln1040_1_i                       (partselect       ) [ 0000000]
sext_ln1040_3                          (sext             ) [ 0000000]
zext_ln1040_1                          (zext             ) [ 0000000]
select_ln1040                          (select           ) [ 0000000]
select_ln1030                          (select           ) [ 0000000]
sext_ln1030                            (sext             ) [ 0000000]
r_2                                    (sub              ) [ 0100001]
select_ln1030_1                        (select           ) [ 0000000]
sext_ln1030_1                          (sext             ) [ 0000000]
b_2                                    (sub              ) [ 0100001]
tmp_22                                 (bitselect        ) [ 0100001]
tmp_23                                 (partselect       ) [ 0000000]
icmp_ln1042                            (icmp             ) [ 0100001]
tmp_24                                 (bitselect        ) [ 0000000]
tmp_25                                 (partselect       ) [ 0000000]
icmp_ln1043                            (icmp             ) [ 0100001]
xor_ln1014_2                           (xor              ) [ 0000000]
and_ln1043                             (and              ) [ 0100001]
trunc_ln1008                           (trunc            ) [ 0000000]
trunc_ln1008_1                         (trunc            ) [ 0000000]
xor_ln1042                             (xor              ) [ 0000000]
select_ln1042                          (select           ) [ 0000000]
or_ln1042                              (or               ) [ 0000000]
r_3                                    (select           ) [ 0000000]
r_4                                    (select           ) [ 0000000]
select_ln1043                          (select           ) [ 0000000]
or_ln1043                              (or               ) [ 0000000]
select_ln1043_1                        (select           ) [ 0000000]
b_3                                    (select           ) [ 0000000]
p_0                                    (bitconcatenate   ) [ 0000000]
write_ln1054                           (write            ) [ 0000000]
br_ln1055                              (br               ) [ 0000000]
store_ln0                              (store            ) [ 0000000]
store_ln0                              (store            ) [ 0000000]
store_ln0                              (store            ) [ 0000000]
store_ln0                              (store            ) [ 0000000]
store_ln0                              (store            ) [ 0000000]
store_ln0                              (store            ) [ 0000000]
store_ln0                              (store            ) [ 0000000]
store_ln0                              (store            ) [ 0000000]
store_ln0                              (store            ) [ 0000000]
store_ln0                              (store            ) [ 0000000]
store_ln0                              (store            ) [ 0000000]
store_ln0                              (store            ) [ 0000000]
ret_ln0                                (ret              ) [ 0000000]
</LifeTime>

<model>

<comp_list>
<comp id="0" class="1000" name="p_0_0_01194_217901820_lcssa1856_i">
<pin_list>
<pin id="1" dir="1" index="0" bw="1" slack="0"/>
</pin_list>
<bind>
<StgValue><ssdm name="p_0_0_01194_217901820_lcssa1856_i"/></StgValue>
</bind>
</comp>

<comp id="2" class="1000" name="p_0_0_01195_217881818_lcssa1854_i">
<pin_list>
<pin id="3" dir="1" index="0" bw="1" slack="0"/>
</pin_list>
<bind>
<StgValue><ssdm name="p_0_0_01195_217881818_lcssa1854_i"/></StgValue>
</bind>
</comp>

<comp id="4" class="1000" name="p_0_0_01196_217861816_lcssa1852_i">
<pin_list>
<pin id="5" dir="1" index="0" bw="1" slack="0"/>
</pin_list>
<bind>
<StgValue><ssdm name="p_0_0_01196_217861816_lcssa1852_i"/></StgValue>
</bind>
</comp>

<comp id="6" class="1000" name="p_0_2_0_0_011621813_lcssa1850_i">
<pin_list>
<pin id="7" dir="1" index="0" bw="1" slack="0"/>
</pin_list>
<bind>
<StgValue><ssdm name="p_0_2_0_0_011621813_lcssa1850_i"/></StgValue>
</bind>
</comp>

<comp id="8" class="1000" name="p_0_1_0_0_011611811_lcssa1848_i">
<pin_list>
<pin id="9" dir="1" index="0" bw="1" slack="0"/>
</pin_list>
<bind>
<StgValue><ssdm name="p_0_1_0_0_011611811_lcssa1848_i"/></StgValue>
</bind>
</comp>

<comp id="10" class="1000" name="p_0_0_0_0_011601809_lcssa1846_i">
<pin_list>
<pin id="11" dir="1" index="0" bw="1" slack="0"/>
</pin_list>
<bind>
<StgValue><ssdm name="p_0_0_0_0_011601809_lcssa1846_i"/></StgValue>
</bind>
</comp>

<comp id="12" class="1000" name="p_0_0_0117217961808_lcssa1844_i">
<pin_list>
<pin id="13" dir="1" index="0" bw="1" slack="0"/>
</pin_list>
<bind>
<StgValue><ssdm name="p_0_0_0117217961808_lcssa1844_i"/></StgValue>
</bind>
</comp>

<comp id="14" class="1000" name="p_0_0_0117317941806_lcssa1842_i">
<pin_list>
<pin id="15" dir="1" index="0" bw="1" slack="0"/>
</pin_list>
<bind>
<StgValue><ssdm name="p_0_0_0117317941806_lcssa1842_i"/></StgValue>
</bind>
</comp>

<comp id="16" class="1000" name="p_0_0_0117417921804_lcssa1840_i">
<pin_list>
<pin id="17" dir="1" index="0" bw="1" slack="0"/>
</pin_list>
<bind>
<StgValue><ssdm name="p_0_0_0117417921804_lcssa1840_i"/></StgValue>
</bind>
</comp>

<comp id="18" class="1000" name="p_0_2_0_0_011681721_lcssa1762_i">
<pin_list>
<pin id="19" dir="1" index="0" bw="1" slack="0"/>
</pin_list>
<bind>
<StgValue><ssdm name="p_0_2_0_0_011681721_lcssa1762_i"/></StgValue>
</bind>
</comp>

<comp id="20" class="1000" name="p_0_1_0_0_011671718_lcssa1760_i">
<pin_list>
<pin id="21" dir="1" index="0" bw="1" slack="0"/>
</pin_list>
<bind>
<StgValue><ssdm name="p_0_1_0_0_011671718_lcssa1760_i"/></StgValue>
</bind>
</comp>

<comp id="22" class="1000" name="p_0_0_0_0_011661715_lcssa1758_i">
<pin_list>
<pin id="23" dir="1" index="0" bw="1" slack="0"/>
</pin_list>
<bind>
<StgValue><ssdm name="p_0_0_0_0_011661715_lcssa1758_i"/></StgValue>
</bind>
</comp>

<comp id="24" class="1000" name="loopWidth_i">
<pin_list>
<pin id="25" dir="1" index="0" bw="1" slack="0"/>
</pin_list>
<bind>
<StgValue><ssdm name="loopWidth_i"/></StgValue>
</bind>
</comp>

<comp id="26" class="1000" name="empty_52">
<pin_list>
<pin id="27" dir="1" index="0" bw="1" slack="0"/>
</pin_list>
<bind>
<StgValue><ssdm name="empty_52"/></StgValue>
</bind>
</comp>

<comp id="28" class="1000" name="xor_i">
<pin_list>
<pin id="29" dir="1" index="0" bw="1" slack="0"/>
</pin_list>
<bind>
<StgValue><ssdm name="xor_i"/></StgValue>
</bind>
</comp>

<comp id="30" class="1000" name="cmp478_i">
<pin_list>
<pin id="31" dir="1" index="0" bw="1" slack="0"/>
</pin_list>
<bind>
<StgValue><ssdm name="cmp478_i"/></StgValue>
</bind>
</comp>

<comp id="32" class="1000" name="lineBuffer_1_i">
<pin_list>
<pin id="33" dir="1" index="0" bw="1" slack="0"/>
</pin_list>
<bind>
<StgValue><ssdm name="lineBuffer_1_i"/><MemPortTyVec>0 1 </MemPortTyVec>
</StgValue>
</bind>
</comp>

<comp id="34" class="1000" name="lineBuffer_i">
<pin_list>
<pin id="35" dir="1" index="0" bw="1" slack="0"/>
</pin_list>
<bind>
<StgValue><ssdm name="lineBuffer_i"/><MemPortTyVec>0 1 </MemPortTyVec>
</StgValue>
</bind>
</comp>

<comp id="36" class="1000" name="empty">
<pin_list>
<pin id="37" dir="1" index="0" bw="1" slack="0"/>
</pin_list>
<bind>
<StgValue><ssdm name="empty"/></StgValue>
</bind>
</comp>

<comp id="38" class="1000" name="cmp59_i">
<pin_list>
<pin id="39" dir="1" index="0" bw="1" slack="0"/>
</pin_list>
<bind>
<StgValue><ssdm name="cmp59_i"/></StgValue>
</bind>
</comp>

<comp id="40" class="1000" name="imgRB">
<pin_list>
<pin id="41" dir="1" index="0" bw="1" slack="0"/>
</pin_list>
<bind>
<StgValue><ssdm name="imgRB"/></StgValue>
</bind>
</comp>

<comp id="42" class="1000" name="imgRgb">
<pin_list>
<pin id="43" dir="1" index="0" bw="1" slack="0"/>
</pin_list>
<bind>
<StgValue><ssdm name="imgRgb"/></StgValue>
</bind>
</comp>

<comp id="44" class="1000" name="p_0_0_01194_217901819_i_out">
<pin_list>
<pin id="45" dir="1" index="0" bw="1" slack="0"/>
</pin_list>
<bind>
<StgValue><ssdm name="p_0_0_01194_217901819_i_out"/></StgValue>
</bind>
</comp>

<comp id="46" class="1000" name="p_0_0_01195_217881817_i_out">
<pin_list>
<pin id="47" dir="1" index="0" bw="1" slack="0"/>
</pin_list>
<bind>
<StgValue><ssdm name="p_0_0_01195_217881817_i_out"/></StgValue>
</bind>
</comp>

<comp id="48" class="1000" name="p_0_0_01196_217861815_i_out">
<pin_list>
<pin id="49" dir="1" index="0" bw="1" slack="0"/>
</pin_list>
<bind>
<StgValue><ssdm name="p_0_0_01196_217861815_i_out"/></StgValue>
</bind>
</comp>

<comp id="50" class="1000" name="right_2_i_out">
<pin_list>
<pin id="51" dir="1" index="0" bw="1" slack="0"/>
</pin_list>
<bind>
<StgValue><ssdm name="right_2_i_out"/></StgValue>
</bind>
</comp>

<comp id="52" class="1000" name="right_1_i_out">
<pin_list>
<pin id="53" dir="1" index="0" bw="1" slack="0"/>
</pin_list>
<bind>
<StgValue><ssdm name="right_1_i_out"/></StgValue>
</bind>
</comp>

<comp id="54" class="1000" name="right_i_out">
<pin_list>
<pin id="55" dir="1" index="0" bw="1" slack="0"/>
</pin_list>
<bind>
<StgValue><ssdm name="right_i_out"/></StgValue>
</bind>
</comp>

<comp id="56" class="1000" name="p_0_0_0117217961807_i_out">
<pin_list>
<pin id="57" dir="1" index="0" bw="1" slack="0"/>
</pin_list>
<bind>
<StgValue><ssdm name="p_0_0_0117217961807_i_out"/></StgValue>
</bind>
</comp>

<comp id="58" class="1000" name="p_0_0_0117317941805_i_out">
<pin_list>
<pin id="59" dir="1" index="0" bw="1" slack="0"/>
</pin_list>
<bind>
<StgValue><ssdm name="p_0_0_0117317941805_i_out"/></StgValue>
</bind>
</comp>

<comp id="60" class="1000" name="p_0_0_0117417921803_i_out">
<pin_list>
<pin id="61" dir="1" index="0" bw="1" slack="0"/>
</pin_list>
<bind>
<StgValue><ssdm name="p_0_0_0117417921803_i_out"/></StgValue>
</bind>
</comp>

<comp id="62" class="1000" name="p_0_2_0_0_011681723_i_out">
<pin_list>
<pin id="63" dir="1" index="0" bw="1" slack="0"/>
</pin_list>
<bind>
<StgValue><ssdm name="p_0_2_0_0_011681723_i_out"/></StgValue>
</bind>
</comp>

<comp id="64" class="1000" name="p_0_1_0_0_011671720_i_out">
<pin_list>
<pin id="65" dir="1" index="0" bw="1" slack="0"/>
</pin_list>
<bind>
<StgValue><ssdm name="p_0_1_0_0_011671720_i_out"/></StgValue>
</bind>
</comp>

<comp id="66" class="1000" name="p_0_0_0_0_011661717_i_out">
<pin_list>
<pin id="67" dir="1" index="0" bw="1" slack="0"/>
</pin_list>
<bind>
<StgValue><ssdm name="p_0_0_0_0_011661717_i_out"/></StgValue>
</bind>
</comp>

<comp id="68" class="1001" name="const_68">
<pin_list>
<pin id="69" dir="1" index="0" bw="1" slack="0"/>
</pin_list>
<bind>
<StgValue><ssdm name=""/></StgValue>
</bind>
</comp>

<comp id="70" class="1001" name="const_70">
<pin_list>
<pin id="71" dir="1" index="0" bw="1" slack="2147483647"/>
</pin_list>
<bind>
<StgValue><ssdm name="_ssdm_op_SpecInterface"/></StgValue>
</bind>
</comp>

<comp id="72" class="1001" name="const_72">
<pin_list>
<pin id="73" dir="1" index="0" bw="1" slack="2147483647"/>
</pin_list>
<bind>
<StgValue><ssdm name="empty_21"/></StgValue>
</bind>
</comp>

<comp id="74" class="1001" name="const_74">
<pin_list>
<pin id="75" dir="1" index="0" bw="1" slack="2147483647"/>
</pin_list>
<bind>
<StgValue><ssdm name=""/></StgValue>
</bind>
</comp>

<comp id="76" class="1001" name="const_76">
<pin_list>
<pin id="77" dir="1" index="0" bw="1" slack="2147483647"/>
</pin_list>
<bind>
<StgValue><ssdm name="empty_1"/></StgValue>
</bind>
</comp>

<comp id="78" class="1001" name="const_78">
<pin_list>
<pin id="79" dir="1" index="0" bw="1" slack="2147483647"/>
</pin_list>
<bind>
<StgValue><ssdm name=""/></StgValue>
</bind>
</comp>

<comp id="80" class="1001" name="const_80">
<pin_list>
<pin id="81" dir="1" index="0" bw="1" slack="0"/>
</pin_list>
<bind>
<StgValue><ssdm name="_ssdm_op_Read.ap_auto.i1"/></StgValue>
</bind>
</comp>

<comp id="82" class="1001" name="const_82">
<pin_list>
<pin id="83" dir="1" index="0" bw="1" slack="0"/>
</pin_list>
<bind>
<StgValue><ssdm name="_ssdm_op_Read.ap_auto.i9"/></StgValue>
</bind>
</comp>

<comp id="84" class="1001" name="const_84">
<pin_list>
<pin id="85" dir="1" index="0" bw="1" slack="0"/>
</pin_list>
<bind>
<StgValue><ssdm name="_ssdm_op_Read.ap_auto.i15"/></StgValue>
</bind>
</comp>

<comp id="86" class="1001" name="const_86">
<pin_list>
<pin id="87" dir="1" index="0" bw="1" slack="0"/>
</pin_list>
<bind>
<StgValue><ssdm name="_ssdm_op_Read.ap_auto.i10"/></StgValue>
</bind>
</comp>

<comp id="88" class="1001" name="const_88">
<pin_list>
<pin id="89" dir="1" index="0" bw="1" slack="0"/>
</pin_list>
<bind>
<StgValue><ssdm name=""/></StgValue>
</bind>
</comp>

<comp id="90" class="1001" name="const_90">
<pin_list>
<pin id="91" dir="1" index="0" bw="1" slack="0"/>
</pin_list>
<bind>
<StgValue><ssdm name=""/></StgValue>
</bind>
</comp>

<comp id="92" class="1001" name="const_92">
<pin_list>
<pin id="93" dir="1" index="0" bw="1" slack="0"/>
</pin_list>
<bind>
<StgValue><ssdm name=""/></StgValue>
</bind>
</comp>

<comp id="94" class="1001" name="const_94">
<pin_list>
<pin id="95" dir="1" index="0" bw="1" slack="0"/>
</pin_list>
<bind>
<StgValue><ssdm name=""/></StgValue>
</bind>
</comp>

<comp id="96" class="1001" name="const_96">
<pin_list>
<pin id="97" dir="1" index="0" bw="1" slack="0"/>
</pin_list>
<bind>
<StgValue><ssdm name="_ssdm_op_PartSelect.i10.i30.i32.i32"/></StgValue>
</bind>
</comp>

<comp id="98" class="1001" name="const_98">
<pin_list>
<pin id="99" dir="1" index="0" bw="1" slack="0"/>
</pin_list>
<bind>
<StgValue><ssdm name=""/></StgValue>
</bind>
</comp>

<comp id="100" class="1001" name="const_100">
<pin_list>
<pin id="101" dir="1" index="0" bw="1" slack="0"/>
</pin_list>
<bind>
<StgValue><ssdm name=""/></StgValue>
</bind>
</comp>

<comp id="102" class="1001" name="const_102">
<pin_list>
<pin id="103" dir="1" index="0" bw="1" slack="0"/>
</pin_list>
<bind>
<StgValue><ssdm name=""/></StgValue>
</bind>
</comp>

<comp id="104" class="1001" name="const_104">
<pin_list>
<pin id="105" dir="1" index="0" bw="1" slack="0"/>
</pin_list>
<bind>
<StgValue><ssdm name=""/></StgValue>
</bind>
</comp>

<comp id="106" class="1001" name="const_106">
<pin_list>
<pin id="107" dir="1" index="0" bw="1" slack="0"/>
</pin_list>
<bind>
<StgValue><ssdm name="_ssdm_op_Read.ap_fifo.volatile.i30P0A"/></StgValue>
</bind>
</comp>

<comp id="108" class="1001" name="const_108">
<pin_list>
<pin id="109" dir="1" index="0" bw="1" slack="2147483647"/>
</pin_list>
<bind>
<StgValue><ssdm name="_ssdm_op_SpecLoopTripCount"/></StgValue>
</bind>
</comp>

<comp id="110" class="1001" name="const_110">
<pin_list>
<pin id="111" dir="1" index="0" bw="1" slack="2147483647"/>
</pin_list>
<bind>
<StgValue><ssdm name=""/></StgValue>
</bind>
</comp>

<comp id="112" class="1001" name="const_112">
<pin_list>
<pin id="113" dir="1" index="0" bw="1" slack="2147483647"/>
</pin_list>
<bind>
<StgValue><ssdm name=""/></StgValue>
</bind>
</comp>

<comp id="114" class="1001" name="const_114">
<pin_list>
<pin id="115" dir="1" index="0" bw="1" slack="2147483647"/>
</pin_list>
<bind>
<StgValue><ssdm name="_ssdm_op_SpecPipeline"/></StgValue>
</bind>
</comp>

<comp id="116" class="1001" name="const_116">
<pin_list>
<pin id="117" dir="1" index="0" bw="1" slack="2147483647"/>
</pin_list>
<bind>
<StgValue><ssdm name="_ssdm_op_SpecLoopName"/></StgValue>
</bind>
</comp>

<comp id="118" class="1001" name="const_118">
<pin_list>
<pin id="119" dir="1" index="0" bw="1" slack="2147483647"/>
</pin_list>
<bind>
<StgValue><ssdm name="empty_11"/></StgValue>
</bind>
</comp>

<comp id="120" class="1001" name="const_120">
<pin_list>
<pin id="121" dir="1" index="0" bw="1" slack="0"/>
</pin_list>
<bind>
<StgValue><ssdm name="_ssdm_op_BitConcatenate.i30.i10.i10.i10"/></StgValue>
</bind>
</comp>

<comp id="122" class="1001" name="const_122">
<pin_list>
<pin id="123" dir="1" index="0" bw="1" slack="0"/>
</pin_list>
<bind>
<StgValue><ssdm name=""/></StgValue>
</bind>
</comp>

<comp id="124" class="1001" name="const_124">
<pin_list>
<pin id="125" dir="1" index="0" bw="1" slack="0"/>
</pin_list>
<bind>
<StgValue><ssdm name="_ssdm_op_BitSelect.i1.i11.i32"/></StgValue>
</bind>
</comp>

<comp id="126" class="1001" name="const_126">
<pin_list>
<pin id="127" dir="1" index="0" bw="1" slack="0"/>
</pin_list>
<bind>
<StgValue><ssdm name=""/></StgValue>
</bind>
</comp>

<comp id="128" class="1001" name="const_128">
<pin_list>
<pin id="129" dir="1" index="0" bw="1" slack="0"/>
</pin_list>
<bind>
<StgValue><ssdm name="_ssdm_op_PartSelect.i11.i12.i32.i32"/></StgValue>
</bind>
</comp>

<comp id="130" class="1001" name="const_130">
<pin_list>
<pin id="131" dir="1" index="0" bw="1" slack="0"/>
</pin_list>
<bind>
<StgValue><ssdm name=""/></StgValue>
</bind>
</comp>

<comp id="132" class="1001" name="const_132">
<pin_list>
<pin id="133" dir="1" index="0" bw="1" slack="0"/>
</pin_list>
<bind>
<StgValue><ssdm name=""/></StgValue>
</bind>
</comp>

<comp id="134" class="1001" name="const_134">
<pin_list>
<pin id="135" dir="1" index="0" bw="1" slack="0"/>
</pin_list>
<bind>
<StgValue><ssdm name="_ssdm_op_BitSelect.i1.i12.i32"/></StgValue>
</bind>
</comp>

<comp id="136" class="1001" name="const_136">
<pin_list>
<pin id="137" dir="1" index="0" bw="1" slack="0"/>
</pin_list>
<bind>
<StgValue><ssdm name="_ssdm_op_BitSelect.i1.i14.i32"/></StgValue>
</bind>
</comp>

<comp id="138" class="1001" name="const_138">
<pin_list>
<pin id="139" dir="1" index="0" bw="1" slack="0"/>
</pin_list>
<bind>
<StgValue><ssdm name=""/></StgValue>
</bind>
</comp>

<comp id="140" class="1001" name="const_140">
<pin_list>
<pin id="141" dir="1" index="0" bw="1" slack="0"/>
</pin_list>
<bind>
<StgValue><ssdm name="_ssdm_op_PartSelect.i4.i14.i32.i32"/></StgValue>
</bind>
</comp>

<comp id="142" class="1001" name="const_142">
<pin_list>
<pin id="143" dir="1" index="0" bw="1" slack="0"/>
</pin_list>
<bind>
<StgValue><ssdm name=""/></StgValue>
</bind>
</comp>

<comp id="144" class="1001" name="const_144">
<pin_list>
<pin id="145" dir="1" index="0" bw="1" slack="0"/>
</pin_list>
<bind>
<StgValue><ssdm name=""/></StgValue>
</bind>
</comp>

<comp id="146" class="1001" name="const_146">
<pin_list>
<pin id="147" dir="1" index="0" bw="1" slack="0"/>
</pin_list>
<bind>
<StgValue><ssdm name="_ssdm_op_Write.ap_fifo.volatile.i30P0A"/></StgValue>
</bind>
</comp>

<comp id="148" class="1004" name="x_fu_148">
<pin_list>
<pin id="149" dir="0" index="0" bw="1" slack="0"/>
<pin id="150" dir="1" index="1" bw="9" slack="0"/>
</pin_list>
<bind>
<opcode="alloca(26) " fcode="alloca"/>
<opset="x/1 "/>
</bind>
</comp>

<comp id="152" class="1004" name="p_0_0_0117417921803_i_fu_152">
<pin_list>
<pin id="153" dir="0" index="0" bw="1" slack="0"/>
<pin id="154" dir="1" index="1" bw="10" slack="0"/>
</pin_list>
<bind>
<opcode="alloca(26) " fcode="alloca"/>
<opset="p_0_0_0117417921803_i/1 "/>
</bind>
</comp>

<comp id="156" class="1004" name="p_0_0_0117317941805_i_fu_156">
<pin_list>
<pin id="157" dir="0" index="0" bw="1" slack="0"/>
<pin id="158" dir="1" index="1" bw="10" slack="0"/>
</pin_list>
<bind>
<opcode="alloca(26) " fcode="alloca"/>
<opset="p_0_0_0117317941805_i/1 "/>
</bind>
</comp>

<comp id="160" class="1004" name="p_0_0_0117217961807_i_fu_160">
<pin_list>
<pin id="161" dir="0" index="0" bw="1" slack="0"/>
<pin id="162" dir="1" index="1" bw="10" slack="0"/>
</pin_list>
<bind>
<opcode="alloca(26) " fcode="alloca"/>
<opset="p_0_0_0117217961807_i/1 "/>
</bind>
</comp>

<comp id="164" class="1004" name="right_fu_164">
<pin_list>
<pin id="165" dir="0" index="0" bw="1" slack="0"/>
<pin id="166" dir="1" index="1" bw="10" slack="0"/>
</pin_list>
<bind>
<opcode="alloca(26) " fcode="alloca"/>
<opset="right/1 "/>
</bind>
</comp>

<comp id="168" class="1004" name="right_1_fu_168">
<pin_list>
<pin id="169" dir="0" index="0" bw="1" slack="0"/>
<pin id="170" dir="1" index="1" bw="10" slack="0"/>
</pin_list>
<bind>
<opcode="alloca(26) " fcode="alloca"/>
<opset="right_1/1 "/>
</bind>
</comp>

<comp id="172" class="1004" name="right_2_fu_172">
<pin_list>
<pin id="173" dir="0" index="0" bw="1" slack="0"/>
<pin id="174" dir="1" index="1" bw="10" slack="0"/>
</pin_list>
<bind>
<opcode="alloca(26) " fcode="alloca"/>
<opset="right_2/1 "/>
</bind>
</comp>

<comp id="176" class="1004" name="p_0_0_01196_217861815_i_fu_176">
<pin_list>
<pin id="177" dir="0" index="0" bw="1" slack="0"/>
<pin id="178" dir="1" index="1" bw="10" slack="0"/>
</pin_list>
<bind>
<opcode="alloca(26) " fcode="alloca"/>
<opset="p_0_0_01196_217861815_i/1 "/>
</bind>
</comp>

<comp id="180" class="1004" name="p_0_0_01195_217881817_i_fu_180">
<pin_list>
<pin id="181" dir="0" index="0" bw="1" slack="0"/>
<pin id="182" dir="1" index="1" bw="10" slack="0"/>
</pin_list>
<bind>
<opcode="alloca(26) " fcode="alloca"/>
<opset="p_0_0_01195_217881817_i/1 "/>
</bind>
</comp>

<comp id="184" class="1004" name="p_0_0_01194_217901819_i_fu_184">
<pin_list>
<pin id="185" dir="0" index="0" bw="1" slack="0"/>
<pin id="186" dir="1" index="1" bw="10" slack="0"/>
</pin_list>
<bind>
<opcode="alloca(26) " fcode="alloca"/>
<opset="p_0_0_01194_217901819_i/1 "/>
</bind>
</comp>

<comp id="188" class="1004" name="p_0_0_0_0_011661717_i_fu_188">
<pin_list>
<pin id="189" dir="0" index="0" bw="1" slack="0"/>
<pin id="190" dir="1" index="1" bw="10" slack="0"/>
</pin_list>
<bind>
<opcode="alloca(26) " fcode="alloca"/>
<opset="p_0_0_0_0_011661717_i/1 "/>
</bind>
</comp>

<comp id="192" class="1004" name="p_0_1_0_0_011671720_i_fu_192">
<pin_list>
<pin id="193" dir="0" index="0" bw="1" slack="0"/>
<pin id="194" dir="1" index="1" bw="10" slack="0"/>
</pin_list>
<bind>
<opcode="alloca(26) " fcode="alloca"/>
<opset="p_0_1_0_0_011671720_i/1 "/>
</bind>
</comp>

<comp id="196" class="1004" name="p_0_2_0_0_011681723_i_fu_196">
<pin_list>
<pin id="197" dir="0" index="0" bw="1" slack="0"/>
<pin id="198" dir="1" index="1" bw="10" slack="0"/>
</pin_list>
<bind>
<opcode="alloca(26) " fcode="alloca"/>
<opset="p_0_2_0_0_011681723_i/1 "/>
</bind>
</comp>

<comp id="200" class="1004" name="cmp59_i_read_read_fu_200">
<pin_list>
<pin id="201" dir="0" index="0" bw="1" slack="0"/>
<pin id="202" dir="0" index="1" bw="1" slack="0"/>
<pin id="203" dir="1" index="2" bw="1" slack="1"/>
</pin_list>
<bind>
<opcode="read(1150) " fcode="read"/>
<opset="cmp59_i_read/1 "/>
</bind>
</comp>

<comp id="206" class="1004" name="tmp_read_fu_206">
<pin_list>
<pin id="207" dir="0" index="0" bw="9" slack="0"/>
<pin id="208" dir="0" index="1" bw="9" slack="0"/>
<pin id="209" dir="1" index="2" bw="9" slack="0"/>
</pin_list>
<bind>
<opcode="read(1150) " fcode="read"/>
<opset="tmp/1 "/>
</bind>
</comp>

<comp id="212" class="1004" name="cmp478_i_read_read_fu_212">
<pin_list>
<pin id="213" dir="0" index="0" bw="1" slack="0"/>
<pin id="214" dir="0" index="1" bw="1" slack="0"/>
<pin id="215" dir="1" index="2" bw="1" slack="0"/>
</pin_list>
<bind>
<opcode="read(1150) " fcode="read"/>
<opset="cmp478_i_read/1 "/>
</bind>
</comp>

<comp id="218" class="1004" name="xor_i_read_read_fu_218">
<pin_list>
<pin id="219" dir="0" index="0" bw="15" slack="0"/>
<pin id="220" dir="0" index="1" bw="15" slack="0"/>
<pin id="221" dir="1" index="2" bw="15" slack="0"/>
</pin_list>
<bind>
<opcode="read(1150) " fcode="read"/>
<opset="xor_i_read/1 "/>
</bind>
</comp>

<comp id="224" class="1004" name="tmp_11_read_fu_224">
<pin_list>
<pin id="225" dir="0" index="0" bw="1" slack="0"/>
<pin id="226" dir="0" index="1" bw="1" slack="0"/>
<pin id="227" dir="1" index="2" bw="1" slack="0"/>
</pin_list>
<bind>
<opcode="read(1150) " fcode="read"/>
<opset="tmp_11/1 "/>
</bind>
</comp>

<comp id="230" class="1004" name="loopWidth_i_read_read_fu_230">
<pin_list>
<pin id="231" dir="0" index="0" bw="9" slack="0"/>
<pin id="232" dir="0" index="1" bw="9" slack="0"/>
<pin id="233" dir="1" index="2" bw="9" slack="0"/>
</pin_list>
<bind>
<opcode="read(1150) " fcode="read"/>
<opset="loopWidth_i_read/1 "/>
</bind>
</comp>

<comp id="236" class="1004" name="p_0_0_0_0_011661715_lcssa1758_i_read_read_fu_236">
<pin_list>
<pin id="237" dir="0" index="0" bw="10" slack="0"/>
<pin id="238" dir="0" index="1" bw="10" slack="0"/>
<pin id="239" dir="1" index="2" bw="10" slack="0"/>
</pin_list>
<bind>
<opcode="read(1150) " fcode="read"/>
<opset="p_0_0_0_0_011661715_lcssa1758_i_read/1 "/>
</bind>
</comp>

<comp id="242" class="1004" name="p_0_1_0_0_011671718_lcssa1760_i_read_read_fu_242">
<pin_list>
<pin id="243" dir="0" index="0" bw="10" slack="0"/>
<pin id="244" dir="0" index="1" bw="10" slack="0"/>
<pin id="245" dir="1" index="2" bw="10" slack="0"/>
</pin_list>
<bind>
<opcode="read(1150) " fcode="read"/>
<opset="p_0_1_0_0_011671718_lcssa1760_i_read/1 "/>
</bind>
</comp>

<comp id="248" class="1004" name="p_0_2_0_0_011681721_lcssa1762_i_read_read_fu_248">
<pin_list>
<pin id="249" dir="0" index="0" bw="10" slack="0"/>
<pin id="250" dir="0" index="1" bw="10" slack="0"/>
<pin id="251" dir="1" index="2" bw="10" slack="0"/>
</pin_list>
<bind>
<opcode="read(1150) " fcode="read"/>
<opset="p_0_2_0_0_011681721_lcssa1762_i_read/1 "/>
</bind>
</comp>

<comp id="254" class="1004" name="p_0_0_0117417921804_lcssa1840_i_read_read_fu_254">
<pin_list>
<pin id="255" dir="0" index="0" bw="10" slack="0"/>
<pin id="256" dir="0" index="1" bw="10" slack="0"/>
<pin id="257" dir="1" index="2" bw="10" slack="0"/>
</pin_list>
<bind>
<opcode="read(1150) " fcode="read"/>
<opset="p_0_0_0117417921804_lcssa1840_i_read/1 "/>
</bind>
</comp>

<comp id="260" class="1004" name="p_0_0_0117317941806_lcssa1842_i_read_read_fu_260">
<pin_list>
<pin id="261" dir="0" index="0" bw="10" slack="0"/>
<pin id="262" dir="0" index="1" bw="10" slack="0"/>
<pin id="263" dir="1" index="2" bw="10" slack="0"/>
</pin_list>
<bind>
<opcode="read(1150) " fcode="read"/>
<opset="p_0_0_0117317941806_lcssa1842_i_read/1 "/>
</bind>
</comp>

<comp id="266" class="1004" name="p_0_0_0117217961808_lcssa1844_i_read_read_fu_266">
<pin_list>
<pin id="267" dir="0" index="0" bw="10" slack="0"/>
<pin id="268" dir="0" index="1" bw="10" slack="0"/>
<pin id="269" dir="1" index="2" bw="10" slack="0"/>
</pin_list>
<bind>
<opcode="read(1150) " fcode="read"/>
<opset="p_0_0_0117217961808_lcssa1844_i_read/1 "/>
</bind>
</comp>

<comp id="272" class="1004" name="p_0_0_0_0_011601809_lcssa1846_i_read_read_fu_272">
<pin_list>
<pin id="273" dir="0" index="0" bw="10" slack="0"/>
<pin id="274" dir="0" index="1" bw="10" slack="0"/>
<pin id="275" dir="1" index="2" bw="10" slack="0"/>
</pin_list>
<bind>
<opcode="read(1150) " fcode="read"/>
<opset="p_0_0_0_0_011601809_lcssa1846_i_read/1 "/>
</bind>
</comp>

<comp id="278" class="1004" name="p_0_1_0_0_011611811_lcssa1848_i_read_read_fu_278">
<pin_list>
<pin id="279" dir="0" index="0" bw="10" slack="0"/>
<pin id="280" dir="0" index="1" bw="10" slack="0"/>
<pin id="281" dir="1" index="2" bw="10" slack="0"/>
</pin_list>
<bind>
<opcode="read(1150) " fcode="read"/>
<opset="p_0_1_0_0_011611811_lcssa1848_i_read/1 "/>
</bind>
</comp>

<comp id="284" class="1004" name="p_0_2_0_0_011621813_lcssa1850_i_read_read_fu_284">
<pin_list>
<pin id="285" dir="0" index="0" bw="10" slack="0"/>
<pin id="286" dir="0" index="1" bw="10" slack="0"/>
<pin id="287" dir="1" index="2" bw="10" slack="0"/>
</pin_list>
<bind>
<opcode="read(1150) " fcode="read"/>
<opset="p_0_2_0_0_011621813_lcssa1850_i_read/1 "/>
</bind>
</comp>

<comp id="290" class="1004" name="p_0_0_01196_217861816_lcssa1852_i_read_read_fu_290">
<pin_list>
<pin id="291" dir="0" index="0" bw="10" slack="0"/>
<pin id="292" dir="0" index="1" bw="10" slack="0"/>
<pin id="293" dir="1" index="2" bw="10" slack="0"/>
</pin_list>
<bind>
<opcode="read(1150) " fcode="read"/>
<opset="p_0_0_01196_217861816_lcssa1852_i_read/1 "/>
</bind>
</comp>

<comp id="296" class="1004" name="p_0_0_01195_217881818_lcssa1854_i_read_read_fu_296">
<pin_list>
<pin id="297" dir="0" index="0" bw="10" slack="0"/>
<pin id="298" dir="0" index="1" bw="10" slack="0"/>
<pin id="299" dir="1" index="2" bw="10" slack="0"/>
</pin_list>
<bind>
<opcode="read(1150) " fcode="read"/>
<opset="p_0_0_01195_217881818_lcssa1854_i_read/1 "/>
</bind>
</comp>

<comp id="302" class="1004" name="p_0_0_01194_217901820_lcssa1856_i_read_read_fu_302">
<pin_list>
<pin id="303" dir="0" index="0" bw="10" slack="0"/>
<pin id="304" dir="0" index="1" bw="10" slack="0"/>
<pin id="305" dir="1" index="2" bw="10" slack="0"/>
</pin_list>
<bind>
<opcode="read(1150) " fcode="read"/>
<opset="p_0_0_01194_217901820_lcssa1856_i_read/1 "/>
</bind>
</comp>

<comp id="308" class="1004" name="InPix_read_fu_308">
<pin_list>
<pin id="309" dir="0" index="0" bw="30" slack="0"/>
<pin id="310" dir="0" index="1" bw="30" slack="0"/>
<pin id="311" dir="1" index="2" bw="30" slack="0"/>
</pin_list>
<bind>
<opcode="read(1150) " fcode="read"/>
<opset="InPix/2 "/>
</bind>
</comp>

<comp id="314" class="1004" name="write_ln1054_write_fu_314">
<pin_list>
<pin id="315" dir="0" index="0" bw="0" slack="0"/>
<pin id="316" dir="0" index="1" bw="30" slack="0"/>
<pin id="317" dir="0" index="2" bw="30" slack="0"/>
<pin id="318" dir="1" index="3" bw="0" slack="2147483647"/>
</pin_list>
<bind>
<opcode="write(1151) " fcode="write"/>
<opset="write_ln1054/6 "/>
</bind>
</comp>

<comp id="321" class="1004" name="lineBuffer_i_addr_gep_fu_321">
<pin_list>
<pin id="322" dir="0" index="0" bw="30" slack="0"/>
<pin id="323" dir="0" index="1" bw="1" slack="0"/>
<pin id="324" dir="0" index="2" bw="9" slack="0"/>
<pin id="325" dir="1" index="3" bw="9" slack="0"/>
</pin_list>
<bind>
<opcode="getelementptr(29) " fcode="getelementptr"/>
<opset="lineBuffer_i_addr/1 "/>
</bind>
</comp>

<comp id="328" class="1004" name="lineBuffer_1_i_addr_gep_fu_328">
<pin_list>
<pin id="329" dir="0" index="0" bw="30" slack="0"/>
<pin id="330" dir="0" index="1" bw="1" slack="0"/>
<pin id="331" dir="0" index="2" bw="9" slack="0"/>
<pin id="332" dir="1" index="3" bw="9" slack="0"/>
</pin_list>
<bind>
<opcode="getelementptr(29) " fcode="getelementptr"/>
<opset="lineBuffer_1_i_addr/1 "/>
</bind>
</comp>

<comp id="335" class="1004" name="grp_access_fu_335">
<pin_list>
<pin id="336" dir="0" index="0" bw="9" slack="2"/>
<pin id="337" dir="0" index="1" bw="30" slack="1"/>
<pin id="338" dir="0" index="2" bw="0" slack="0"/>
<pin id="340" dir="0" index="4" bw="9" slack="2147483647"/>
<pin id="341" dir="0" index="5" bw="30" slack="2147483647"/>
<pin id="342" dir="0" index="6" bw="0" slack="2147483647"/>
<pin id="339" dir="1" index="3" bw="30" slack="2147483647"/>
<pin id="343" dir="1" index="7" bw="30" slack="0"/>
</pin_list>
<bind>
<opcode="load(27) store(28) " fcode="store"/>
<opset="LineBufVal/1 store_ln813/3 "/>
</bind>
</comp>

<comp id="345" class="1004" name="grp_access_fu_345">
<pin_list>
<pin id="346" dir="0" index="0" bw="9" slack="2"/>
<pin id="347" dir="0" index="1" bw="30" slack="0"/>
<pin id="348" dir="0" index="2" bw="0" slack="0"/>
<pin id="350" dir="0" index="4" bw="9" slack="2147483647"/>
<pin id="351" dir="0" index="5" bw="30" slack="2147483647"/>
<pin id="352" dir="0" index="6" bw="0" slack="2147483647"/>
<pin id="349" dir="1" index="3" bw="30" slack="2147483647"/>
<pin id="353" dir="1" index="7" bw="30" slack="0"/>
</pin_list>
<bind>
<opcode="load(27) store(28) " fcode="store"/>
<opset="LineBufVal_3/1 store_ln987/3 "/>
</bind>
</comp>

<comp id="355" class="1005" name="p_0_0_01194_21790_ph_i_reg_355">
<pin_list>
<pin id="356" dir="0" index="0" bw="10" slack="2147483647"/>
<pin id="357" dir="1" index="1" bw="10" slack="2147483647"/>
</pin_list>
<bind>
<opset="p_0_0_01194_21790_ph_i (phireg) "/>
</bind>
</comp>

<comp id="358" class="1004" name="p_0_0_01194_21790_ph_i_phi_fu_358">
<pin_list>
<pin id="359" dir="0" index="0" bw="10" slack="1"/>
<pin id="360" dir="0" index="1" bw="0" slack="2147483647"/>
<pin id="361" dir="0" index="2" bw="10" slack="1"/>
<pin id="362" dir="0" index="3" bw="0" slack="2147483647"/>
<pin id="363" dir="1" index="4" bw="10" slack="0"/>
</pin_list>
<bind>
<opcode="phi(47) " fcode="phi"/>
<opset="p_0_0_01194_21790_ph_i/3 "/>
</bind>
</comp>

<comp id="364" class="1005" name="p_0_0_01195_21788_ph_i_reg_364">
<pin_list>
<pin id="365" dir="0" index="0" bw="10" slack="2147483647"/>
<pin id="366" dir="1" index="1" bw="10" slack="2147483647"/>
</pin_list>
<bind>
<opset="p_0_0_01195_21788_ph_i (phireg) "/>
</bind>
</comp>

<comp id="367" class="1004" name="p_0_0_01195_21788_ph_i_phi_fu_367">
<pin_list>
<pin id="368" dir="0" index="0" bw="10" slack="1"/>
<pin id="369" dir="0" index="1" bw="0" slack="2147483647"/>
<pin id="370" dir="0" index="2" bw="10" slack="1"/>
<pin id="371" dir="0" index="3" bw="0" slack="2147483647"/>
<pin id="372" dir="1" index="4" bw="10" slack="0"/>
</pin_list>
<bind>
<opcode="phi(47) " fcode="phi"/>
<opset="p_0_0_01195_21788_ph_i/3 "/>
</bind>
</comp>

<comp id="373" class="1005" name="p_0_0_01196_21786_ph_i_reg_373">
<pin_list>
<pin id="374" dir="0" index="0" bw="10" slack="2147483647"/>
<pin id="375" dir="1" index="1" bw="10" slack="2147483647"/>
</pin_list>
<bind>
<opset="p_0_0_01196_21786_ph_i (phireg) "/>
</bind>
</comp>

<comp id="376" class="1004" name="p_0_0_01196_21786_ph_i_phi_fu_376">
<pin_list>
<pin id="377" dir="0" index="0" bw="10" slack="1"/>
<pin id="378" dir="0" index="1" bw="0" slack="2147483647"/>
<pin id="379" dir="0" index="2" bw="10" slack="1"/>
<pin id="380" dir="0" index="3" bw="0" slack="2147483647"/>
<pin id="381" dir="1" index="4" bw="10" slack="0"/>
</pin_list>
<bind>
<opcode="phi(47) " fcode="phi"/>
<opset="p_0_0_01196_21786_ph_i/3 "/>
</bind>
</comp>

<comp id="382" class="1005" name="down_2_reg_382">
<pin_list>
<pin id="383" dir="0" index="0" bw="10" slack="2147483647"/>
<pin id="384" dir="1" index="1" bw="10" slack="2147483647"/>
</pin_list>
<bind>
<opset="down_2 (phireg) "/>
</bind>
</comp>

<comp id="385" class="1004" name="down_2_phi_fu_385">
<pin_list>
<pin id="386" dir="0" index="0" bw="10" slack="0"/>
<pin id="387" dir="0" index="1" bw="0" slack="2147483647"/>
<pin id="388" dir="0" index="2" bw="10" slack="0"/>
<pin id="389" dir="0" index="3" bw="0" slack="2147483647"/>
<pin id="390" dir="1" index="4" bw="10" slack="0"/>
</pin_list>
<bind>
<opcode="phi(47) " fcode="phi"/>
<opset="down_2/3 "/>
</bind>
</comp>

<comp id="391" class="1005" name="down_1_reg_391">
<pin_list>
<pin id="392" dir="0" index="0" bw="10" slack="2147483647"/>
<pin id="393" dir="1" index="1" bw="10" slack="2147483647"/>
</pin_list>
<bind>
<opset="down_1 (phireg) "/>
</bind>
</comp>

<comp id="394" class="1004" name="down_1_phi_fu_394">
<pin_list>
<pin id="395" dir="0" index="0" bw="10" slack="0"/>
<pin id="396" dir="0" index="1" bw="0" slack="2147483647"/>
<pin id="397" dir="0" index="2" bw="10" slack="0"/>
<pin id="398" dir="0" index="3" bw="0" slack="2147483647"/>
<pin id="399" dir="1" index="4" bw="10" slack="0"/>
</pin_list>
<bind>
<opcode="phi(47) " fcode="phi"/>
<opset="down_1/3 "/>
</bind>
</comp>

<comp id="400" class="1005" name="down_reg_400">
<pin_list>
<pin id="401" dir="0" index="0" bw="10" slack="2147483647"/>
<pin id="402" dir="1" index="1" bw="10" slack="2147483647"/>
</pin_list>
<bind>
<opset="down (phireg) "/>
</bind>
</comp>

<comp id="403" class="1004" name="down_phi_fu_403">
<pin_list>
<pin id="404" dir="0" index="0" bw="10" slack="0"/>
<pin id="405" dir="0" index="1" bw="0" slack="2147483647"/>
<pin id="406" dir="0" index="2" bw="10" slack="0"/>
<pin id="407" dir="0" index="3" bw="0" slack="2147483647"/>
<pin id="408" dir="1" index="4" bw="10" slack="0"/>
</pin_list>
<bind>
<opcode="phi(47) " fcode="phi"/>
<opset="down/3 "/>
</bind>
</comp>

<comp id="409" class="1005" name="left_1_reg_409">
<pin_list>
<pin id="410" dir="0" index="0" bw="10" slack="2147483647"/>
<pin id="411" dir="1" index="1" bw="10" slack="2147483647"/>
</pin_list>
<bind>
<opset="left_1 (phireg) "/>
</bind>
</comp>

<comp id="412" class="1004" name="left_1_phi_fu_412">
<pin_list>
<pin id="413" dir="0" index="0" bw="10" slack="0"/>
<pin id="414" dir="0" index="1" bw="0" slack="2147483647"/>
<pin id="415" dir="0" index="2" bw="10" slack="0"/>
<pin id="416" dir="0" index="3" bw="0" slack="2147483647"/>
<pin id="417" dir="1" index="4" bw="10" slack="0"/>
</pin_list>
<bind>
<opcode="phi(47) " fcode="phi"/>
<opset="left_1/3 "/>
</bind>
</comp>

<comp id="418" class="1005" name="left_reg_418">
<pin_list>
<pin id="419" dir="0" index="0" bw="10" slack="2147483647"/>
<pin id="420" dir="1" index="1" bw="10" slack="2147483647"/>
</pin_list>
<bind>
<opset="left (phireg) "/>
</bind>
</comp>

<comp id="421" class="1004" name="left_phi_fu_421">
<pin_list>
<pin id="422" dir="0" index="0" bw="10" slack="0"/>
<pin id="423" dir="0" index="1" bw="0" slack="2147483647"/>
<pin id="424" dir="0" index="2" bw="10" slack="0"/>
<pin id="425" dir="0" index="3" bw="0" slack="2147483647"/>
<pin id="426" dir="1" index="4" bw="10" slack="0"/>
</pin_list>
<bind>
<opcode="phi(47) " fcode="phi"/>
<opset="left/3 "/>
</bind>
</comp>

<comp id="427" class="1005" name="pix_8_reg_427">
<pin_list>
<pin id="428" dir="0" index="0" bw="10" slack="3"/>
<pin id="429" dir="1" index="1" bw="10" slack="3"/>
</pin_list>
<bind>
<opset="pix_8 (phireg) "/>
</bind>
</comp>

<comp id="430" class="1004" name="pix_8_phi_fu_430">
<pin_list>
<pin id="431" dir="0" index="0" bw="10" slack="0"/>
<pin id="432" dir="0" index="1" bw="0" slack="2147483647"/>
<pin id="433" dir="0" index="2" bw="10" slack="0"/>
<pin id="434" dir="0" index="3" bw="0" slack="2147483647"/>
<pin id="435" dir="1" index="4" bw="10" slack="0"/>
</pin_list>
<bind>
<opcode="phi(47) " fcode="phi"/>
<opset="pix_8/3 "/>
</bind>
</comp>

<comp id="437" class="1005" name="pix_7_reg_437">
<pin_list>
<pin id="438" dir="0" index="0" bw="10" slack="2"/>
<pin id="439" dir="1" index="1" bw="10" slack="2"/>
</pin_list>
<bind>
<opset="pix_7 (phireg) "/>
</bind>
</comp>

<comp id="440" class="1004" name="pix_7_phi_fu_440">
<pin_list>
<pin id="441" dir="0" index="0" bw="10" slack="0"/>
<pin id="442" dir="0" index="1" bw="0" slack="2147483647"/>
<pin id="443" dir="0" index="2" bw="10" slack="1"/>
<pin id="444" dir="0" index="3" bw="0" slack="2147483647"/>
<pin id="445" dir="1" index="4" bw="10" slack="0"/>
</pin_list>
<bind>
<opcode="phi(47) " fcode="phi"/>
<opset="pix_7/3 "/>
</bind>
</comp>

<comp id="447" class="1005" name="pix_reg_447">
<pin_list>
<pin id="448" dir="0" index="0" bw="10" slack="3"/>
<pin id="449" dir="1" index="1" bw="10" slack="3"/>
</pin_list>
<bind>
<opset="pix (phireg) "/>
</bind>
</comp>

<comp id="450" class="1004" name="pix_phi_fu_450">
<pin_list>
<pin id="451" dir="0" index="0" bw="10" slack="0"/>
<pin id="452" dir="0" index="1" bw="0" slack="2147483647"/>
<pin id="453" dir="0" index="2" bw="10" slack="1"/>
<pin id="454" dir="0" index="3" bw="0" slack="2147483647"/>
<pin id="455" dir="1" index="4" bw="10" slack="0"/>
</pin_list>
<bind>
<opcode="phi(47) " fcode="phi"/>
<opset="pix/3 "/>
</bind>
</comp>

<comp id="457" class="1005" name="up_2_reg_457">
<pin_list>
<pin id="458" dir="0" index="0" bw="10" slack="2147483647"/>
<pin id="459" dir="1" index="1" bw="10" slack="2147483647"/>
</pin_list>
<bind>
<opset="up_2 (phireg) "/>
</bind>
</comp>

<comp id="460" class="1004" name="up_2_phi_fu_460">
<pin_list>
<pin id="461" dir="0" index="0" bw="10" slack="0"/>
<pin id="462" dir="0" index="1" bw="0" slack="2147483647"/>
<pin id="463" dir="0" index="2" bw="10" slack="0"/>
<pin id="464" dir="0" index="3" bw="0" slack="2147483647"/>
<pin id="465" dir="1" index="4" bw="10" slack="0"/>
</pin_list>
<bind>
<opcode="phi(47) " fcode="phi"/>
<opset="up_2/3 "/>
</bind>
</comp>

<comp id="466" class="1005" name="up_1_reg_466">
<pin_list>
<pin id="467" dir="0" index="0" bw="10" slack="2147483647"/>
<pin id="468" dir="1" index="1" bw="10" slack="2147483647"/>
</pin_list>
<bind>
<opset="up_1 (phireg) "/>
</bind>
</comp>

<comp id="469" class="1004" name="up_1_phi_fu_469">
<pin_list>
<pin id="470" dir="0" index="0" bw="10" slack="0"/>
<pin id="471" dir="0" index="1" bw="0" slack="2147483647"/>
<pin id="472" dir="0" index="2" bw="10" slack="0"/>
<pin id="473" dir="0" index="3" bw="0" slack="2147483647"/>
<pin id="474" dir="1" index="4" bw="10" slack="0"/>
</pin_list>
<bind>
<opcode="phi(47) " fcode="phi"/>
<opset="up_1/3 "/>
</bind>
</comp>

<comp id="475" class="1005" name="up_reg_475">
<pin_list>
<pin id="476" dir="0" index="0" bw="10" slack="2147483647"/>
<pin id="477" dir="1" index="1" bw="10" slack="2147483647"/>
</pin_list>
<bind>
<opset="up (phireg) "/>
</bind>
</comp>

<comp id="478" class="1004" name="up_phi_fu_478">
<pin_list>
<pin id="479" dir="0" index="0" bw="10" slack="0"/>
<pin id="480" dir="0" index="1" bw="0" slack="2147483647"/>
<pin id="481" dir="0" index="2" bw="10" slack="0"/>
<pin id="482" dir="0" index="3" bw="0" slack="2147483647"/>
<pin id="483" dir="1" index="4" bw="10" slack="0"/>
</pin_list>
<bind>
<opcode="phi(47) " fcode="phi"/>
<opset="up/3 "/>
</bind>
</comp>

<comp id="484" class="1005" name="left_2_reg_484">
<pin_list>
<pin id="485" dir="0" index="0" bw="10" slack="2147483647"/>
<pin id="486" dir="1" index="1" bw="10" slack="2147483647"/>
</pin_list>
<bind>
<opset="left_2 (phireg) "/>
</bind>
</comp>

<comp id="487" class="1004" name="left_2_phi_fu_487">
<pin_list>
<pin id="488" dir="0" index="0" bw="10" slack="1"/>
<pin id="489" dir="0" index="1" bw="0" slack="2147483647"/>
<pin id="490" dir="0" index="2" bw="10" slack="1"/>
<pin id="491" dir="0" index="3" bw="0" slack="2147483647"/>
<pin id="492" dir="1" index="4" bw="10" slack="0"/>
</pin_list>
<bind>
<opcode="phi(47) " fcode="phi"/>
<opset="left_2/4 "/>
</bind>
</comp>

<comp id="493" class="1004" name="store_ln0_store_fu_493">
<pin_list>
<pin id="494" dir="0" index="0" bw="10" slack="0"/>
<pin id="495" dir="0" index="1" bw="10" slack="0"/>
<pin id="496" dir="1" index="2" bw="0" slack="2147483647"/>
</pin_list>
<bind>
<opcode="store(28) " fcode="store"/>
<opset="store_ln0/1 "/>
</bind>
</comp>

<comp id="498" class="1004" name="store_ln0_store_fu_498">
<pin_list>
<pin id="499" dir="0" index="0" bw="10" slack="0"/>
<pin id="500" dir="0" index="1" bw="10" slack="0"/>
<pin id="501" dir="1" index="2" bw="0" slack="2147483647"/>
</pin_list>
<bind>
<opcode="store(28) " fcode="store"/>
<opset="store_ln0/1 "/>
</bind>
</comp>

<comp id="503" class="1004" name="store_ln0_store_fu_503">
<pin_list>
<pin id="504" dir="0" index="0" bw="10" slack="0"/>
<pin id="505" dir="0" index="1" bw="10" slack="0"/>
<pin id="506" dir="1" index="2" bw="0" slack="2147483647"/>
</pin_list>
<bind>
<opcode="store(28) " fcode="store"/>
<opset="store_ln0/1 "/>
</bind>
</comp>

<comp id="508" class="1004" name="store_ln0_store_fu_508">
<pin_list>
<pin id="509" dir="0" index="0" bw="10" slack="0"/>
<pin id="510" dir="0" index="1" bw="10" slack="0"/>
<pin id="511" dir="1" index="2" bw="0" slack="2147483647"/>
</pin_list>
<bind>
<opcode="store(28) " fcode="store"/>
<opset="store_ln0/1 "/>
</bind>
</comp>

<comp id="513" class="1004" name="store_ln0_store_fu_513">
<pin_list>
<pin id="514" dir="0" index="0" bw="10" slack="0"/>
<pin id="515" dir="0" index="1" bw="10" slack="0"/>
<pin id="516" dir="1" index="2" bw="0" slack="2147483647"/>
</pin_list>
<bind>
<opcode="store(28) " fcode="store"/>
<opset="store_ln0/1 "/>
</bind>
</comp>

<comp id="518" class="1004" name="store_ln0_store_fu_518">
<pin_list>
<pin id="519" dir="0" index="0" bw="10" slack="0"/>
<pin id="520" dir="0" index="1" bw="10" slack="0"/>
<pin id="521" dir="1" index="2" bw="0" slack="2147483647"/>
</pin_list>
<bind>
<opcode="store(28) " fcode="store"/>
<opset="store_ln0/1 "/>
</bind>
</comp>

<comp id="523" class="1004" name="store_ln1018_store_fu_523">
<pin_list>
<pin id="524" dir="0" index="0" bw="10" slack="0"/>
<pin id="525" dir="0" index="1" bw="10" slack="0"/>
<pin id="526" dir="1" index="2" bw="0" slack="2147483647"/>
</pin_list>
<bind>
<opcode="store(28) " fcode="store"/>
<opset="store_ln1018/1 "/>
</bind>
</comp>

<comp id="528" class="1004" name="store_ln1018_store_fu_528">
<pin_list>
<pin id="529" dir="0" index="0" bw="10" slack="0"/>
<pin id="530" dir="0" index="1" bw="10" slack="0"/>
<pin id="531" dir="1" index="2" bw="0" slack="2147483647"/>
</pin_list>
<bind>
<opcode="store(28) " fcode="store"/>
<opset="store_ln1018/1 "/>
</bind>
</comp>

<comp id="533" class="1004" name="store_ln1018_store_fu_533">
<pin_list>
<pin id="534" dir="0" index="0" bw="10" slack="0"/>
<pin id="535" dir="0" index="1" bw="10" slack="0"/>
<pin id="536" dir="1" index="2" bw="0" slack="2147483647"/>
</pin_list>
<bind>
<opcode="store(28) " fcode="store"/>
<opset="store_ln1018/1 "/>
</bind>
</comp>

<comp id="538" class="1004" name="store_ln0_store_fu_538">
<pin_list>
<pin id="539" dir="0" index="0" bw="10" slack="0"/>
<pin id="540" dir="0" index="1" bw="10" slack="0"/>
<pin id="541" dir="1" index="2" bw="0" slack="2147483647"/>
</pin_list>
<bind>
<opcode="store(28) " fcode="store"/>
<opset="store_ln0/1 "/>
</bind>
</comp>

<comp id="543" class="1004" name="store_ln0_store_fu_543">
<pin_list>
<pin id="544" dir="0" index="0" bw="10" slack="0"/>
<pin id="545" dir="0" index="1" bw="10" slack="0"/>
<pin id="546" dir="1" index="2" bw="0" slack="2147483647"/>
</pin_list>
<bind>
<opcode="store(28) " fcode="store"/>
<opset="store_ln0/1 "/>
</bind>
</comp>

<comp id="548" class="1004" name="store_ln0_store_fu_548">
<pin_list>
<pin id="549" dir="0" index="0" bw="10" slack="0"/>
<pin id="550" dir="0" index="1" bw="10" slack="0"/>
<pin id="551" dir="1" index="2" bw="0" slack="2147483647"/>
</pin_list>
<bind>
<opcode="store(28) " fcode="store"/>
<opset="store_ln0/1 "/>
</bind>
</comp>

<comp id="553" class="1004" name="store_ln851_store_fu_553">
<pin_list>
<pin id="554" dir="0" index="0" bw="1" slack="0"/>
<pin id="555" dir="0" index="1" bw="9" slack="0"/>
<pin id="556" dir="1" index="2" bw="0" slack="2147483647"/>
</pin_list>
<bind>
<opcode="store(28) " fcode="store"/>
<opset="store_ln851/1 "/>
</bind>
</comp>

<comp id="558" class="1004" name="z_load_fu_558">
<pin_list>
<pin id="559" dir="0" index="0" bw="9" slack="0"/>
<pin id="560" dir="1" index="1" bw="9" slack="0"/>
</pin_list>
<bind>
<opcode="load(27) " fcode="load"/>
<opset="z/1 "/>
</bind>
</comp>

<comp id="561" class="1004" name="icmp_ln881_fu_561">
<pin_list>
<pin id="562" dir="0" index="0" bw="9" slack="0"/>
<pin id="563" dir="0" index="1" bw="9" slack="0"/>
<pin id="564" dir="1" index="2" bw="1" slack="1"/>
</pin_list>
<bind>
<opcode="icmp(45) " fcode="icmp"/>
<opset="icmp_ln881/1 "/>
</bind>
</comp>

<comp id="567" class="1004" name="x_8_fu_567">
<pin_list>
<pin id="568" dir="0" index="0" bw="9" slack="0"/>
<pin id="569" dir="0" index="1" bw="1" slack="0"/>
<pin id="570" dir="1" index="2" bw="9" slack="0"/>
</pin_list>
<bind>
<opcode="add(8) " fcode="add"/>
<opset="x_8/1 "/>
</bind>
</comp>

<comp id="573" class="1004" name="trunc_ln881_fu_573">
<pin_list>
<pin id="574" dir="0" index="0" bw="9" slack="0"/>
<pin id="575" dir="1" index="1" bw="1" slack="0"/>
</pin_list>
<bind>
<opcode="trunc(33) " fcode="trunc"/>
<opset="trunc_ln881/1 "/>
</bind>
</comp>

<comp id="577" class="1004" name="zext_ln881_fu_577">
<pin_list>
<pin id="578" dir="0" index="0" bw="9" slack="0"/>
<pin id="579" dir="1" index="1" bw="64" slack="0"/>
</pin_list>
<bind>
<opcode="zext(34) " fcode="zext"/>
<opset="zext_ln881/1 "/>
</bind>
</comp>

<comp id="583" class="1004" name="icmp_ln891_fu_583">
<pin_list>
<pin id="584" dir="0" index="0" bw="9" slack="0"/>
<pin id="585" dir="0" index="1" bw="9" slack="0"/>
<pin id="586" dir="1" index="2" bw="1" slack="1"/>
</pin_list>
<bind>
<opcode="icmp(45) " fcode="icmp"/>
<opset="icmp_ln891/1 "/>
</bind>
</comp>

<comp id="589" class="1004" name="cmp161_i_fu_589">
<pin_list>
<pin id="590" dir="0" index="0" bw="9" slack="0"/>
<pin id="591" dir="0" index="1" bw="9" slack="0"/>
<pin id="592" dir="1" index="2" bw="1" slack="2"/>
</pin_list>
<bind>
<opcode="icmp(45) " fcode="icmp"/>
<opset="cmp161_i/1 "/>
</bind>
</comp>

<comp id="595" class="1004" name="xor_ln1014_fu_595">
<pin_list>
<pin id="596" dir="0" index="0" bw="1" slack="0"/>
<pin id="597" dir="0" index="1" bw="1" slack="0"/>
<pin id="598" dir="1" index="2" bw="1" slack="0"/>
</pin_list>
<bind>
<opcode="xor(25) " fcode="xor"/>
<opset="xor_ln1014/1 "/>
</bind>
</comp>

<comp id="601" class="1004" name="xor_ln1014_1_fu_601">
<pin_list>
<pin id="602" dir="0" index="0" bw="1" slack="0"/>
<pin id="603" dir="0" index="1" bw="1" slack="0"/>
<pin id="604" dir="1" index="2" bw="1" slack="0"/>
</pin_list>
<bind>
<opcode="xor(25) " fcode="xor"/>
<opset="xor_ln1014_1/1 "/>
</bind>
</comp>

<comp id="607" class="1004" name="zext_ln1014_fu_607">
<pin_list>
<pin id="608" dir="0" index="0" bw="1" slack="0"/>
<pin id="609" dir="1" index="1" bw="15" slack="0"/>
</pin_list>
<bind>
<opcode="zext(34) " fcode="zext"/>
<opset="zext_ln1014/1 "/>
</bind>
</comp>

<comp id="611" class="1004" name="icmp_ln1014_fu_611">
<pin_list>
<pin id="612" dir="0" index="0" bw="15" slack="0"/>
<pin id="613" dir="0" index="1" bw="15" slack="0"/>
<pin id="614" dir="1" index="2" bw="1" slack="2"/>
</pin_list>
<bind>
<opcode="icmp(45) " fcode="icmp"/>
<opset="icmp_ln1014/1 "/>
</bind>
</comp>

<comp id="617" class="1004" name="icmp_ln1052_fu_617">
<pin_list>
<pin id="618" dir="0" index="0" bw="9" slack="0"/>
<pin id="619" dir="0" index="1" bw="9" slack="0"/>
<pin id="620" dir="1" index="2" bw="1" slack="0"/>
</pin_list>
<bind>
<opcode="icmp(45) " fcode="icmp"/>
<opset="icmp_ln1052/1 "/>
</bind>
</comp>

<comp id="623" class="1004" name="and_ln1052_fu_623">
<pin_list>
<pin id="624" dir="0" index="0" bw="1" slack="0"/>
<pin id="625" dir="0" index="1" bw="1" slack="0"/>
<pin id="626" dir="1" index="2" bw="1" slack="5"/>
</pin_list>
<bind>
<opcode="and(23) " fcode="and"/>
<opset="and_ln1052/1 "/>
</bind>
</comp>

<comp id="629" class="1004" name="store_ln851_store_fu_629">
<pin_list>
<pin id="630" dir="0" index="0" bw="9" slack="0"/>
<pin id="631" dir="0" index="1" bw="9" slack="0"/>
<pin id="632" dir="1" index="2" bw="0" slack="2147483647"/>
</pin_list>
<bind>
<opcode="store(28) " fcode="store"/>
<opset="store_ln851/1 "/>
</bind>
</comp>

<comp id="634" class="1004" name="right_3_load_fu_634">
<pin_list>
<pin id="635" dir="0" index="0" bw="10" slack="1"/>
<pin id="636" dir="1" index="1" bw="10" slack="1"/>
</pin_list>
<bind>
<opcode="load(27) " fcode="load"/>
<opset="right_3/2 "/>
</bind>
</comp>

<comp id="637" class="1004" name="right_4_load_fu_637">
<pin_list>
<pin id="638" dir="0" index="0" bw="10" slack="1"/>
<pin id="639" dir="1" index="1" bw="10" slack="1"/>
</pin_list>
<bind>
<opcode="load(27) " fcode="load"/>
<opset="right_4/2 "/>
</bind>
</comp>

<comp id="640" class="1004" name="trunc_ln902_fu_640">
<pin_list>
<pin id="641" dir="0" index="0" bw="30" slack="0"/>
<pin id="642" dir="1" index="1" bw="10" slack="0"/>
</pin_list>
<bind>
<opcode="trunc(33) " fcode="trunc"/>
<opset="trunc_ln902/2 "/>
</bind>
</comp>

<comp id="644" class="1004" name="tmp_i1_fu_644">
<pin_list>
<pin id="645" dir="0" index="0" bw="10" slack="0"/>
<pin id="646" dir="0" index="1" bw="30" slack="0"/>
<pin id="647" dir="0" index="2" bw="5" slack="0"/>
<pin id="648" dir="0" index="3" bw="6" slack="0"/>
<pin id="649" dir="1" index="4" bw="10" slack="0"/>
</pin_list>
<bind>
<opcode="partselect(1002) " fcode="partselect"/>
<opset="tmp_i1/2 "/>
</bind>
</comp>

<comp id="654" class="1004" name="tmp_1_i2_fu_654">
<pin_list>
<pin id="655" dir="0" index="0" bw="10" slack="0"/>
<pin id="656" dir="0" index="1" bw="30" slack="0"/>
<pin id="657" dir="0" index="2" bw="6" slack="0"/>
<pin id="658" dir="0" index="3" bw="6" slack="0"/>
<pin id="659" dir="1" index="4" bw="10" slack="1"/>
</pin_list>
<bind>
<opcode="partselect(1002) " fcode="partselect"/>
<opset="tmp_1_i2/2 "/>
</bind>
</comp>

<comp id="664" class="1004" name="trunc_ln902_1_fu_664">
<pin_list>
<pin id="665" dir="0" index="0" bw="30" slack="0"/>
<pin id="666" dir="1" index="1" bw="10" slack="1"/>
</pin_list>
<bind>
<opcode="trunc(33) " fcode="trunc"/>
<opset="trunc_ln902_1/2 "/>
</bind>
</comp>

<comp id="668" class="1004" name="tmp_3_i3_fu_668">
<pin_list>
<pin id="669" dir="0" index="0" bw="10" slack="0"/>
<pin id="670" dir="0" index="1" bw="30" slack="0"/>
<pin id="671" dir="0" index="2" bw="5" slack="0"/>
<pin id="672" dir="0" index="3" bw="6" slack="0"/>
<pin id="673" dir="1" index="4" bw="10" slack="1"/>
</pin_list>
<bind>
<opcode="partselect(1002) " fcode="partselect"/>
<opset="tmp_3_i3/2 "/>
</bind>
</comp>

<comp id="678" class="1004" name="tmp_4_i4_fu_678">
<pin_list>
<pin id="679" dir="0" index="0" bw="10" slack="0"/>
<pin id="680" dir="0" index="1" bw="30" slack="0"/>
<pin id="681" dir="0" index="2" bw="6" slack="0"/>
<pin id="682" dir="0" index="3" bw="6" slack="0"/>
<pin id="683" dir="1" index="4" bw="10" slack="1"/>
</pin_list>
<bind>
<opcode="partselect(1002) " fcode="partselect"/>
<opset="tmp_4_i4/2 "/>
</bind>
</comp>

<comp id="688" class="1004" name="trunc_ln913_fu_688">
<pin_list>
<pin id="689" dir="0" index="0" bw="30" slack="0"/>
<pin id="690" dir="1" index="1" bw="10" slack="1"/>
</pin_list>
<bind>
<opcode="trunc(33) " fcode="trunc"/>
<opset="trunc_ln913/2 "/>
</bind>
</comp>

<comp id="692" class="1004" name="trunc_ln913_1_i_fu_692">
<pin_list>
<pin id="693" dir="0" index="0" bw="10" slack="0"/>
<pin id="694" dir="0" index="1" bw="30" slack="0"/>
<pin id="695" dir="0" index="2" bw="5" slack="0"/>
<pin id="696" dir="0" index="3" bw="6" slack="0"/>
<pin id="697" dir="1" index="4" bw="10" slack="1"/>
</pin_list>
<bind>
<opcode="partselect(1002) " fcode="partselect"/>
<opset="trunc_ln913_1_i/2 "/>
</bind>
</comp>

<comp id="702" class="1004" name="trunc_ln913_2_i_fu_702">
<pin_list>
<pin id="703" dir="0" index="0" bw="10" slack="0"/>
<pin id="704" dir="0" index="1" bw="30" slack="0"/>
<pin id="705" dir="0" index="2" bw="6" slack="0"/>
<pin id="706" dir="0" index="3" bw="6" slack="0"/>
<pin id="707" dir="1" index="4" bw="10" slack="1"/>
</pin_list>
<bind>
<opcode="partselect(1002) " fcode="partselect"/>
<opset="trunc_ln913_2_i/2 "/>
</bind>
</comp>

<comp id="712" class="1004" name="store_ln1018_store_fu_712">
<pin_list>
<pin id="713" dir="0" index="0" bw="10" slack="0"/>
<pin id="714" dir="0" index="1" bw="10" slack="1"/>
<pin id="715" dir="1" index="2" bw="0" slack="2147483647"/>
</pin_list>
<bind>
<opcode="store(28) " fcode="store"/>
<opset="store_ln1018/2 "/>
</bind>
</comp>

<comp id="717" class="1004" name="store_ln1018_store_fu_717">
<pin_list>
<pin id="718" dir="0" index="0" bw="10" slack="0"/>
<pin id="719" dir="0" index="1" bw="10" slack="1"/>
<pin id="720" dir="1" index="2" bw="0" slack="2147483647"/>
</pin_list>
<bind>
<opcode="store(28) " fcode="store"/>
<opset="store_ln1018/2 "/>
</bind>
</comp>

<comp id="722" class="1004" name="p_0_0_0117417921803_i_load_load_fu_722">
<pin_list>
<pin id="723" dir="0" index="0" bw="10" slack="2"/>
<pin id="724" dir="1" index="1" bw="10" slack="0"/>
</pin_list>
<bind>
<opcode="load(27) " fcode="load"/>
<opset="p_0_0_0117417921803_i_load/3 "/>
</bind>
</comp>

<comp id="726" class="1004" name="p_0_0_0117317941805_i_load_load_fu_726">
<pin_list>
<pin id="727" dir="0" index="0" bw="10" slack="2"/>
<pin id="728" dir="1" index="1" bw="10" slack="0"/>
</pin_list>
<bind>
<opcode="load(27) " fcode="load"/>
<opset="p_0_0_0117317941805_i_load/3 "/>
</bind>
</comp>

<comp id="730" class="1004" name="p_0_0_0117217961807_i_load_load_fu_730">
<pin_list>
<pin id="731" dir="0" index="0" bw="10" slack="2"/>
<pin id="732" dir="1" index="1" bw="10" slack="0"/>
</pin_list>
<bind>
<opcode="load(27) " fcode="load"/>
<opset="p_0_0_0117217961807_i_load/3 "/>
</bind>
</comp>

<comp id="734" class="1004" name="right_5_load_fu_734">
<pin_list>
<pin id="735" dir="0" index="0" bw="10" slack="2"/>
<pin id="736" dir="1" index="1" bw="10" slack="0"/>
</pin_list>
<bind>
<opcode="load(27) " fcode="load"/>
<opset="right_5/3 "/>
</bind>
</comp>

<comp id="738" class="1004" name="p_0_0_01196_217861815_i_load_load_fu_738">
<pin_list>
<pin id="739" dir="0" index="0" bw="10" slack="2"/>
<pin id="740" dir="1" index="1" bw="10" slack="0"/>
</pin_list>
<bind>
<opcode="load(27) " fcode="load"/>
<opset="p_0_0_01196_217861815_i_load/3 "/>
</bind>
</comp>

<comp id="742" class="1004" name="p_0_0_01195_217881817_i_load_load_fu_742">
<pin_list>
<pin id="743" dir="0" index="0" bw="10" slack="2"/>
<pin id="744" dir="1" index="1" bw="10" slack="0"/>
</pin_list>
<bind>
<opcode="load(27) " fcode="load"/>
<opset="p_0_0_01195_217881817_i_load/3 "/>
</bind>
</comp>

<comp id="746" class="1004" name="p_0_0_01194_217901819_i_load_load_fu_746">
<pin_list>
<pin id="747" dir="0" index="0" bw="10" slack="2"/>
<pin id="748" dir="1" index="1" bw="10" slack="0"/>
</pin_list>
<bind>
<opcode="load(27) " fcode="load"/>
<opset="p_0_0_01194_217901819_i_load/3 "/>
</bind>
</comp>

<comp id="750" class="1004" name="p_0_0_0_0_011661717_i_load_load_fu_750">
<pin_list>
<pin id="751" dir="0" index="0" bw="10" slack="2"/>
<pin id="752" dir="1" index="1" bw="10" slack="0"/>
</pin_list>
<bind>
<opcode="load(27) " fcode="load"/>
<opset="p_0_0_0_0_011661717_i_load/3 "/>
</bind>
</comp>

<comp id="754" class="1004" name="p_0_1_0_0_011671720_i_load_load_fu_754">
<pin_list>
<pin id="755" dir="0" index="0" bw="10" slack="2"/>
<pin id="756" dir="1" index="1" bw="10" slack="0"/>
</pin_list>
<bind>
<opcode="load(27) " fcode="load"/>
<opset="p_0_1_0_0_011671720_i_load/3 "/>
</bind>
</comp>

<comp id="758" class="1004" name="p_0_2_0_0_011681723_i_load_load_fu_758">
<pin_list>
<pin id="759" dir="0" index="0" bw="10" slack="2"/>
<pin id="760" dir="1" index="1" bw="10" slack="0"/>
</pin_list>
<bind>
<opcode="load(27) " fcode="load"/>
<opset="p_0_2_0_0_011681723_i_load/3 "/>
</bind>
</comp>

<comp id="761" class="1004" name="select_ln957_fu_761">
<pin_list>
<pin id="762" dir="0" index="0" bw="1" slack="2"/>
<pin id="763" dir="0" index="1" bw="10" slack="1"/>
<pin id="764" dir="0" index="2" bw="10" slack="1"/>
<pin id="765" dir="1" index="3" bw="10" slack="0"/>
</pin_list>
<bind>
<opcode="select(49) " fcode="select"/>
<opset="select_ln957/3 "/>
</bind>
</comp>

<comp id="767" class="1004" name="select_ln957_1_fu_767">
<pin_list>
<pin id="768" dir="0" index="0" bw="1" slack="2"/>
<pin id="769" dir="0" index="1" bw="10" slack="1"/>
<pin id="770" dir="0" index="2" bw="10" slack="1"/>
<pin id="771" dir="1" index="3" bw="10" slack="0"/>
</pin_list>
<bind>
<opcode="select(49) " fcode="select"/>
<opset="select_ln957_1/3 "/>
</bind>
</comp>

<comp id="773" class="1004" name="select_ln957_2_fu_773">
<pin_list>
<pin id="774" dir="0" index="0" bw="1" slack="2"/>
<pin id="775" dir="0" index="1" bw="10" slack="1"/>
<pin id="776" dir="0" index="2" bw="10" slack="0"/>
<pin id="777" dir="1" index="3" bw="10" slack="0"/>
</pin_list>
<bind>
<opcode="select(49) " fcode="select"/>
<opset="select_ln957_2/3 "/>
</bind>
</comp>

<comp id="780" class="1004" name="select_ln957_3_fu_780">
<pin_list>
<pin id="781" dir="0" index="0" bw="1" slack="2"/>
<pin id="782" dir="0" index="1" bw="10" slack="1"/>
<pin id="783" dir="0" index="2" bw="10" slack="0"/>
<pin id="784" dir="1" index="3" bw="10" slack="0"/>
</pin_list>
<bind>
<opcode="select(49) " fcode="select"/>
<opset="select_ln957_3/3 "/>
</bind>
</comp>

<comp id="787" class="1004" name="select_ln957_4_fu_787">
<pin_list>
<pin id="788" dir="0" index="0" bw="1" slack="2"/>
<pin id="789" dir="0" index="1" bw="10" slack="1"/>
<pin id="790" dir="0" index="2" bw="10" slack="0"/>
<pin id="791" dir="1" index="3" bw="10" slack="0"/>
</pin_list>
<bind>
<opcode="select(49) " fcode="select"/>
<opset="select_ln957_4/3 "/>
</bind>
</comp>

<comp id="794" class="1004" name="select_ln957_5_fu_794">
<pin_list>
<pin id="795" dir="0" index="0" bw="1" slack="2"/>
<pin id="796" dir="0" index="1" bw="10" slack="1"/>
<pin id="797" dir="0" index="2" bw="10" slack="0"/>
<pin id="798" dir="1" index="3" bw="10" slack="1"/>
</pin_list>
<bind>
<opcode="select(49) " fcode="select"/>
<opset="select_ln957_5/3 "/>
</bind>
</comp>

<comp id="800" class="1004" name="select_ln957_6_fu_800">
<pin_list>
<pin id="801" dir="0" index="0" bw="1" slack="2"/>
<pin id="802" dir="0" index="1" bw="10" slack="1"/>
<pin id="803" dir="0" index="2" bw="10" slack="0"/>
<pin id="804" dir="1" index="3" bw="10" slack="0"/>
</pin_list>
<bind>
<opcode="select(49) " fcode="select"/>
<opset="select_ln957_6/3 "/>
</bind>
</comp>

<comp id="807" class="1004" name="select_ln957_7_fu_807">
<pin_list>
<pin id="808" dir="0" index="0" bw="1" slack="2"/>
<pin id="809" dir="0" index="1" bw="10" slack="1"/>
<pin id="810" dir="0" index="2" bw="10" slack="0"/>
<pin id="811" dir="1" index="3" bw="10" slack="0"/>
</pin_list>
<bind>
<opcode="select(49) " fcode="select"/>
<opset="select_ln957_7/3 "/>
</bind>
</comp>

<comp id="814" class="1004" name="select_ln957_8_fu_814">
<pin_list>
<pin id="815" dir="0" index="0" bw="1" slack="2"/>
<pin id="816" dir="0" index="1" bw="10" slack="1"/>
<pin id="817" dir="0" index="2" bw="10" slack="0"/>
<pin id="818" dir="1" index="3" bw="10" slack="0"/>
</pin_list>
<bind>
<opcode="select(49) " fcode="select"/>
<opset="select_ln957_8/3 "/>
</bind>
</comp>

<comp id="821" class="1004" name="select_ln957_9_fu_821">
<pin_list>
<pin id="822" dir="0" index="0" bw="1" slack="2"/>
<pin id="823" dir="0" index="1" bw="10" slack="0"/>
<pin id="824" dir="0" index="2" bw="10" slack="0"/>
<pin id="825" dir="1" index="3" bw="10" slack="0"/>
</pin_list>
<bind>
<opcode="select(49) " fcode="select"/>
<opset="select_ln957_9/3 "/>
</bind>
</comp>

<comp id="829" class="1004" name="select_ln957_10_fu_829">
<pin_list>
<pin id="830" dir="0" index="0" bw="1" slack="2"/>
<pin id="831" dir="0" index="1" bw="10" slack="0"/>
<pin id="832" dir="0" index="2" bw="10" slack="0"/>
<pin id="833" dir="1" index="3" bw="10" slack="0"/>
</pin_list>
<bind>
<opcode="select(49) " fcode="select"/>
<opset="select_ln957_10/3 "/>
</bind>
</comp>

<comp id="837" class="1004" name="select_ln957_11_fu_837">
<pin_list>
<pin id="838" dir="0" index="0" bw="1" slack="2"/>
<pin id="839" dir="0" index="1" bw="10" slack="0"/>
<pin id="840" dir="0" index="2" bw="10" slack="0"/>
<pin id="841" dir="1" index="3" bw="10" slack="0"/>
</pin_list>
<bind>
<opcode="select(49) " fcode="select"/>
<opset="select_ln957_11/3 "/>
</bind>
</comp>

<comp id="845" class="1004" name="PixBufVal_4_fu_845">
<pin_list>
<pin id="846" dir="0" index="0" bw="1" slack="2"/>
<pin id="847" dir="0" index="1" bw="10" slack="1"/>
<pin id="848" dir="0" index="2" bw="10" slack="0"/>
<pin id="849" dir="1" index="3" bw="10" slack="0"/>
</pin_list>
<bind>
<opcode="select(49) " fcode="select"/>
<opset="PixBufVal_4/3 "/>
</bind>
</comp>

<comp id="851" class="1004" name="PixBufVal_3_fu_851">
<pin_list>
<pin id="852" dir="0" index="0" bw="1" slack="2"/>
<pin id="853" dir="0" index="1" bw="10" slack="1"/>
<pin id="854" dir="0" index="2" bw="10" slack="0"/>
<pin id="855" dir="1" index="3" bw="10" slack="0"/>
</pin_list>
<bind>
<opcode="select(49) " fcode="select"/>
<opset="PixBufVal_3/3 "/>
</bind>
</comp>

<comp id="857" class="1004" name="PixBufVal_fu_857">
<pin_list>
<pin id="858" dir="0" index="0" bw="1" slack="2"/>
<pin id="859" dir="0" index="1" bw="10" slack="1"/>
<pin id="860" dir="0" index="2" bw="10" slack="0"/>
<pin id="861" dir="1" index="3" bw="10" slack="0"/>
</pin_list>
<bind>
<opcode="select(49) " fcode="select"/>
<opset="PixBufVal/3 "/>
</bind>
</comp>

<comp id="863" class="1004" name="LineBufVal_4_fu_863">
<pin_list>
<pin id="864" dir="0" index="0" bw="30" slack="0"/>
<pin id="865" dir="0" index="1" bw="10" slack="0"/>
<pin id="866" dir="0" index="2" bw="10" slack="0"/>
<pin id="867" dir="0" index="3" bw="10" slack="0"/>
<pin id="868" dir="1" index="4" bw="30" slack="0"/>
</pin_list>
<bind>
<opcode="bitconcatenate(1004) " fcode="bitconcatenate"/>
<opset="LineBufVal_4/3 "/>
</bind>
</comp>

<comp id="874" class="1004" name="store_ln913_store_fu_874">
<pin_list>
<pin id="875" dir="0" index="0" bw="10" slack="0"/>
<pin id="876" dir="0" index="1" bw="10" slack="2"/>
<pin id="877" dir="1" index="2" bw="0" slack="2147483647"/>
</pin_list>
<bind>
<opcode="store(28) " fcode="store"/>
<opset="store_ln913/3 "/>
</bind>
</comp>

<comp id="879" class="1004" name="store_ln913_store_fu_879">
<pin_list>
<pin id="880" dir="0" index="0" bw="10" slack="0"/>
<pin id="881" dir="0" index="1" bw="10" slack="2"/>
<pin id="882" dir="1" index="2" bw="0" slack="2147483647"/>
</pin_list>
<bind>
<opcode="store(28) " fcode="store"/>
<opset="store_ln913/3 "/>
</bind>
</comp>

<comp id="884" class="1004" name="store_ln913_store_fu_884">
<pin_list>
<pin id="885" dir="0" index="0" bw="10" slack="0"/>
<pin id="886" dir="0" index="1" bw="10" slack="2"/>
<pin id="887" dir="1" index="2" bw="0" slack="2147483647"/>
</pin_list>
<bind>
<opcode="store(28) " fcode="store"/>
<opset="store_ln913/3 "/>
</bind>
</comp>

<comp id="889" class="1004" name="store_ln1018_store_fu_889">
<pin_list>
<pin id="890" dir="0" index="0" bw="10" slack="1"/>
<pin id="891" dir="0" index="1" bw="10" slack="2"/>
<pin id="892" dir="1" index="2" bw="0" slack="2147483647"/>
</pin_list>
<bind>
<opcode="store(28) " fcode="store"/>
<opset="store_ln1018/3 "/>
</bind>
</comp>

<comp id="893" class="1004" name="store_ln902_store_fu_893">
<pin_list>
<pin id="894" dir="0" index="0" bw="10" slack="1"/>
<pin id="895" dir="0" index="1" bw="10" slack="2"/>
<pin id="896" dir="1" index="2" bw="0" slack="2147483647"/>
</pin_list>
<bind>
<opcode="store(28) " fcode="store"/>
<opset="store_ln902/3 "/>
</bind>
</comp>

<comp id="897" class="1004" name="store_ln902_store_fu_897">
<pin_list>
<pin id="898" dir="0" index="0" bw="10" slack="1"/>
<pin id="899" dir="0" index="1" bw="10" slack="2"/>
<pin id="900" dir="1" index="2" bw="0" slack="2147483647"/>
</pin_list>
<bind>
<opcode="store(28) " fcode="store"/>
<opset="store_ln902/3 "/>
</bind>
</comp>

<comp id="901" class="1004" name="store_ln902_store_fu_901">
<pin_list>
<pin id="902" dir="0" index="0" bw="10" slack="1"/>
<pin id="903" dir="0" index="1" bw="10" slack="2"/>
<pin id="904" dir="1" index="2" bw="0" slack="2147483647"/>
</pin_list>
<bind>
<opcode="store(28) " fcode="store"/>
<opset="store_ln902/3 "/>
</bind>
</comp>

<comp id="905" class="1004" name="right_load_1_load_fu_905">
<pin_list>
<pin id="906" dir="0" index="0" bw="10" slack="2"/>
<pin id="907" dir="1" index="1" bw="10" slack="0"/>
</pin_list>
<bind>
<opcode="load(27) " fcode="load"/>
<opset="right_load_1/3 "/>
</bind>
</comp>

<comp id="908" class="1004" name="right_1_load_1_load_fu_908">
<pin_list>
<pin id="909" dir="0" index="0" bw="10" slack="2"/>
<pin id="910" dir="1" index="1" bw="10" slack="0"/>
</pin_list>
<bind>
<opcode="load(27) " fcode="load"/>
<opset="right_1_load_1/3 "/>
</bind>
</comp>

<comp id="911" class="1004" name="zext_ln1023_fu_911">
<pin_list>
<pin id="912" dir="0" index="0" bw="10" slack="0"/>
<pin id="913" dir="1" index="1" bw="11" slack="0"/>
</pin_list>
<bind>
<opcode="zext(34) " fcode="zext"/>
<opset="zext_ln1023/3 "/>
</bind>
</comp>

<comp id="915" class="1004" name="zext_ln1023_1_fu_915">
<pin_list>
<pin id="916" dir="0" index="0" bw="10" slack="0"/>
<pin id="917" dir="1" index="1" bw="11" slack="0"/>
</pin_list>
<bind>
<opcode="zext(34) " fcode="zext"/>
<opset="zext_ln1023_1/3 "/>
</bind>
</comp>

<comp id="919" class="1004" name="sub_ln1023_fu_919">
<pin_list>
<pin id="920" dir="0" index="0" bw="10" slack="0"/>
<pin id="921" dir="0" index="1" bw="10" slack="0"/>
<pin id="922" dir="1" index="2" bw="11" slack="0"/>
</pin_list>
<bind>
<opcode="sub(10) " fcode="sub"/>
<opset="sub_ln1023/3 "/>
</bind>
</comp>

<comp id="925" class="1004" name="trunc_ln61_fu_925">
<pin_list>
<pin id="926" dir="0" index="0" bw="11" slack="0"/>
<pin id="927" dir="1" index="1" bw="10" slack="1"/>
</pin_list>
<bind>
<opcode="trunc(33) " fcode="trunc"/>
<opset="trunc_ln61/3 "/>
</bind>
</comp>

<comp id="929" class="1004" name="zext_ln1024_fu_929">
<pin_list>
<pin id="930" dir="0" index="0" bw="10" slack="0"/>
<pin id="931" dir="1" index="1" bw="11" slack="0"/>
</pin_list>
<bind>
<opcode="zext(34) " fcode="zext"/>
<opset="zext_ln1024/3 "/>
</bind>
</comp>

<comp id="933" class="1004" name="zext_ln1024_1_fu_933">
<pin_list>
<pin id="934" dir="0" index="0" bw="10" slack="0"/>
<pin id="935" dir="1" index="1" bw="11" slack="0"/>
</pin_list>
<bind>
<opcode="zext(34) " fcode="zext"/>
<opset="zext_ln1024_1/3 "/>
</bind>
</comp>

<comp id="937" class="1004" name="sub_ln1024_fu_937">
<pin_list>
<pin id="938" dir="0" index="0" bw="10" slack="0"/>
<pin id="939" dir="0" index="1" bw="10" slack="0"/>
<pin id="940" dir="1" index="2" bw="11" slack="0"/>
</pin_list>
<bind>
<opcode="sub(10) " fcode="sub"/>
<opset="sub_ln1024/3 "/>
</bind>
</comp>

<comp id="943" class="1004" name="trunc_ln61_4_fu_943">
<pin_list>
<pin id="944" dir="0" index="0" bw="11" slack="0"/>
<pin id="945" dir="1" index="1" bw="10" slack="1"/>
</pin_list>
<bind>
<opcode="trunc(33) " fcode="trunc"/>
<opset="trunc_ln61_4/3 "/>
</bind>
</comp>

<comp id="947" class="1004" name="zext_ln1025_fu_947">
<pin_list>
<pin id="948" dir="0" index="0" bw="10" slack="0"/>
<pin id="949" dir="1" index="1" bw="11" slack="0"/>
</pin_list>
<bind>
<opcode="zext(34) " fcode="zext"/>
<opset="zext_ln1025/3 "/>
</bind>
</comp>

<comp id="951" class="1004" name="zext_ln1025_1_fu_951">
<pin_list>
<pin id="952" dir="0" index="0" bw="10" slack="0"/>
<pin id="953" dir="1" index="1" bw="11" slack="0"/>
</pin_list>
<bind>
<opcode="zext(34) " fcode="zext"/>
<opset="zext_ln1025_1/3 "/>
</bind>
</comp>

<comp id="955" class="1004" name="sub_ln1025_fu_955">
<pin_list>
<pin id="956" dir="0" index="0" bw="10" slack="0"/>
<pin id="957" dir="0" index="1" bw="10" slack="0"/>
<pin id="958" dir="1" index="2" bw="11" slack="0"/>
</pin_list>
<bind>
<opcode="sub(10) " fcode="sub"/>
<opset="sub_ln1025/3 "/>
</bind>
</comp>

<comp id="961" class="1004" name="trunc_ln61_5_fu_961">
<pin_list>
<pin id="962" dir="0" index="0" bw="11" slack="0"/>
<pin id="963" dir="1" index="1" bw="10" slack="1"/>
</pin_list>
<bind>
<opcode="trunc(33) " fcode="trunc"/>
<opset="trunc_ln61_5/3 "/>
</bind>
</comp>

<comp id="965" class="1004" name="zext_ln1026_fu_965">
<pin_list>
<pin id="966" dir="0" index="0" bw="10" slack="0"/>
<pin id="967" dir="1" index="1" bw="11" slack="0"/>
</pin_list>
<bind>
<opcode="zext(34) " fcode="zext"/>
<opset="zext_ln1026/3 "/>
</bind>
</comp>

<comp id="969" class="1004" name="zext_ln1026_1_fu_969">
<pin_list>
<pin id="970" dir="0" index="0" bw="10" slack="0"/>
<pin id="971" dir="1" index="1" bw="11" slack="0"/>
</pin_list>
<bind>
<opcode="zext(34) " fcode="zext"/>
<opset="zext_ln1026_1/3 "/>
</bind>
</comp>

<comp id="973" class="1004" name="sub_ln1026_fu_973">
<pin_list>
<pin id="974" dir="0" index="0" bw="10" slack="0"/>
<pin id="975" dir="0" index="1" bw="10" slack="0"/>
<pin id="976" dir="1" index="2" bw="11" slack="0"/>
</pin_list>
<bind>
<opcode="sub(10) " fcode="sub"/>
<opset="sub_ln1026/3 "/>
</bind>
</comp>

<comp id="979" class="1004" name="trunc_ln61_6_fu_979">
<pin_list>
<pin id="980" dir="0" index="0" bw="11" slack="0"/>
<pin id="981" dir="1" index="1" bw="10" slack="1"/>
</pin_list>
<bind>
<opcode="trunc(33) " fcode="trunc"/>
<opset="trunc_ln61_6/3 "/>
</bind>
</comp>

<comp id="983" class="1004" name="zext_ln1028_fu_983">
<pin_list>
<pin id="984" dir="0" index="0" bw="10" slack="0"/>
<pin id="985" dir="1" index="1" bw="11" slack="0"/>
</pin_list>
<bind>
<opcode="zext(34) " fcode="zext"/>
<opset="zext_ln1028/3 "/>
</bind>
</comp>

<comp id="987" class="1004" name="zext_ln1028_1_fu_987">
<pin_list>
<pin id="988" dir="0" index="0" bw="10" slack="0"/>
<pin id="989" dir="1" index="1" bw="11" slack="0"/>
</pin_list>
<bind>
<opcode="zext(34) " fcode="zext"/>
<opset="zext_ln1028_1/3 "/>
</bind>
</comp>

<comp id="991" class="1004" name="sub_ln1039_fu_991">
<pin_list>
<pin id="992" dir="0" index="0" bw="10" slack="0"/>
<pin id="993" dir="0" index="1" bw="10" slack="0"/>
<pin id="994" dir="1" index="2" bw="11" slack="1"/>
</pin_list>
<bind>
<opcode="sub(10) " fcode="sub"/>
<opset="sub_ln1039/3 "/>
</bind>
</comp>

<comp id="997" class="1004" name="sub_ln1039_1_fu_997">
<pin_list>
<pin id="998" dir="0" index="0" bw="10" slack="0"/>
<pin id="999" dir="0" index="1" bw="10" slack="0"/>
<pin id="1000" dir="1" index="2" bw="11" slack="1"/>
</pin_list>
<bind>
<opcode="sub(10) " fcode="sub"/>
<opset="sub_ln1039_1/3 "/>
</bind>
</comp>

<comp id="1003" class="1004" name="sub_ln1040_fu_1003">
<pin_list>
<pin id="1004" dir="0" index="0" bw="10" slack="0"/>
<pin id="1005" dir="0" index="1" bw="10" slack="0"/>
<pin id="1006" dir="1" index="2" bw="11" slack="1"/>
</pin_list>
<bind>
<opcode="sub(10) " fcode="sub"/>
<opset="sub_ln1040/3 "/>
</bind>
</comp>

<comp id="1009" class="1004" name="sub_ln1040_1_fu_1009">
<pin_list>
<pin id="1010" dir="0" index="0" bw="10" slack="0"/>
<pin id="1011" dir="0" index="1" bw="10" slack="0"/>
<pin id="1012" dir="1" index="2" bw="11" slack="1"/>
</pin_list>
<bind>
<opcode="sub(10) " fcode="sub"/>
<opset="sub_ln1040_1/3 "/>
</bind>
</comp>

<comp id="1015" class="1004" name="store_ln957_store_fu_1015">
<pin_list>
<pin id="1016" dir="0" index="0" bw="10" slack="0"/>
<pin id="1017" dir="0" index="1" bw="10" slack="2"/>
<pin id="1018" dir="1" index="2" bw="0" slack="2147483647"/>
</pin_list>
<bind>
<opcode="store(28) " fcode="store"/>
<opset="store_ln957/3 "/>
</bind>
</comp>

<comp id="1020" class="1004" name="store_ln957_store_fu_1020">
<pin_list>
<pin id="1021" dir="0" index="0" bw="10" slack="0"/>
<pin id="1022" dir="0" index="1" bw="10" slack="2"/>
<pin id="1023" dir="1" index="2" bw="0" slack="2147483647"/>
</pin_list>
<bind>
<opcode="store(28) " fcode="store"/>
<opset="store_ln957/3 "/>
</bind>
</comp>

<comp id="1025" class="1004" name="store_ln957_store_fu_1025">
<pin_list>
<pin id="1026" dir="0" index="0" bw="10" slack="0"/>
<pin id="1027" dir="0" index="1" bw="10" slack="2"/>
<pin id="1028" dir="1" index="2" bw="0" slack="2147483647"/>
</pin_list>
<bind>
<opcode="store(28) " fcode="store"/>
<opset="store_ln957/3 "/>
</bind>
</comp>

<comp id="1030" class="1004" name="right_2_load_1_load_fu_1030">
<pin_list>
<pin id="1031" dir="0" index="0" bw="10" slack="3"/>
<pin id="1032" dir="1" index="1" bw="10" slack="0"/>
</pin_list>
<bind>
<opcode="load(27) " fcode="load"/>
<opset="right_2_load_1/4 "/>
</bind>
</comp>

<comp id="1033" class="1004" name="sub_ln61_fu_1033">
<pin_list>
<pin id="1034" dir="0" index="0" bw="1" slack="0"/>
<pin id="1035" dir="0" index="1" bw="10" slack="1"/>
<pin id="1036" dir="1" index="2" bw="10" slack="0"/>
</pin_list>
<bind>
<opcode="sub(10) " fcode="sub"/>
<opset="sub_ln61/4 "/>
</bind>
</comp>

<comp id="1038" class="1004" name="tmp_12_fu_1038">
<pin_list>
<pin id="1039" dir="0" index="0" bw="1" slack="0"/>
<pin id="1040" dir="0" index="1" bw="11" slack="1"/>
<pin id="1041" dir="0" index="2" bw="5" slack="0"/>
<pin id="1042" dir="1" index="3" bw="1" slack="0"/>
</pin_list>
<bind>
<opcode="bitselect(1000) " fcode="bitselect"/>
<opset="tmp_12/4 "/>
</bind>
</comp>

<comp id="1045" class="1004" name="DRh_fu_1045">
<pin_list>
<pin id="1046" dir="0" index="0" bw="1" slack="0"/>
<pin id="1047" dir="0" index="1" bw="10" slack="0"/>
<pin id="1048" dir="0" index="2" bw="10" slack="1"/>
<pin id="1049" dir="1" index="3" bw="10" slack="0"/>
</pin_list>
<bind>
<opcode="select(49) " fcode="select"/>
<opset="DRh/4 "/>
</bind>
</comp>

<comp id="1052" class="1004" name="sub_ln61_4_fu_1052">
<pin_list>
<pin id="1053" dir="0" index="0" bw="1" slack="0"/>
<pin id="1054" dir="0" index="1" bw="10" slack="1"/>
<pin id="1055" dir="1" index="2" bw="10" slack="0"/>
</pin_list>
<bind>
<opcode="sub(10) " fcode="sub"/>
<opset="sub_ln61_4/4 "/>
</bind>
</comp>

<comp id="1057" class="1004" name="tmp_13_fu_1057">
<pin_list>
<pin id="1058" dir="0" index="0" bw="1" slack="0"/>
<pin id="1059" dir="0" index="1" bw="11" slack="1"/>
<pin id="1060" dir="0" index="2" bw="5" slack="0"/>
<pin id="1061" dir="1" index="3" bw="1" slack="0"/>
</pin_list>
<bind>
<opcode="bitselect(1000) " fcode="bitselect"/>
<opset="tmp_13/4 "/>
</bind>
</comp>

<comp id="1064" class="1004" name="DRv_fu_1064">
<pin_list>
<pin id="1065" dir="0" index="0" bw="1" slack="0"/>
<pin id="1066" dir="0" index="1" bw="10" slack="0"/>
<pin id="1067" dir="0" index="2" bw="10" slack="1"/>
<pin id="1068" dir="1" index="3" bw="10" slack="0"/>
</pin_list>
<bind>
<opcode="select(49) " fcode="select"/>
<opset="DRv/4 "/>
</bind>
</comp>

<comp id="1071" class="1004" name="sub_ln61_5_fu_1071">
<pin_list>
<pin id="1072" dir="0" index="0" bw="1" slack="0"/>
<pin id="1073" dir="0" index="1" bw="10" slack="1"/>
<pin id="1074" dir="1" index="2" bw="10" slack="0"/>
</pin_list>
<bind>
<opcode="sub(10) " fcode="sub"/>
<opset="sub_ln61_5/4 "/>
</bind>
</comp>

<comp id="1076" class="1004" name="tmp_14_fu_1076">
<pin_list>
<pin id="1077" dir="0" index="0" bw="1" slack="0"/>
<pin id="1078" dir="0" index="1" bw="11" slack="1"/>
<pin id="1079" dir="0" index="2" bw="5" slack="0"/>
<pin id="1080" dir="1" index="3" bw="1" slack="0"/>
</pin_list>
<bind>
<opcode="bitselect(1000) " fcode="bitselect"/>
<opset="tmp_14/4 "/>
</bind>
</comp>

<comp id="1083" class="1004" name="DGh_fu_1083">
<pin_list>
<pin id="1084" dir="0" index="0" bw="1" slack="0"/>
<pin id="1085" dir="0" index="1" bw="10" slack="0"/>
<pin id="1086" dir="0" index="2" bw="10" slack="1"/>
<pin id="1087" dir="1" index="3" bw="10" slack="0"/>
</pin_list>
<bind>
<opcode="select(49) " fcode="select"/>
<opset="DGh/4 "/>
</bind>
</comp>

<comp id="1090" class="1004" name="sub_ln61_6_fu_1090">
<pin_list>
<pin id="1091" dir="0" index="0" bw="1" slack="0"/>
<pin id="1092" dir="0" index="1" bw="10" slack="1"/>
<pin id="1093" dir="1" index="2" bw="10" slack="0"/>
</pin_list>
<bind>
<opcode="sub(10) " fcode="sub"/>
<opset="sub_ln61_6/4 "/>
</bind>
</comp>

<comp id="1095" class="1004" name="tmp_15_fu_1095">
<pin_list>
<pin id="1096" dir="0" index="0" bw="1" slack="0"/>
<pin id="1097" dir="0" index="1" bw="11" slack="1"/>
<pin id="1098" dir="0" index="2" bw="5" slack="0"/>
<pin id="1099" dir="1" index="3" bw="1" slack="0"/>
</pin_list>
<bind>
<opcode="bitselect(1000) " fcode="bitselect"/>
<opset="tmp_15/4 "/>
</bind>
</comp>

<comp id="1102" class="1004" name="DGv_fu_1102">
<pin_list>
<pin id="1103" dir="0" index="0" bw="1" slack="0"/>
<pin id="1104" dir="0" index="1" bw="10" slack="0"/>
<pin id="1105" dir="0" index="2" bw="10" slack="1"/>
<pin id="1106" dir="1" index="3" bw="10" slack="0"/>
</pin_list>
<bind>
<opcode="select(49) " fcode="select"/>
<opset="DGv/4 "/>
</bind>
</comp>

<comp id="1109" class="1004" name="zext_ln1027_fu_1109">
<pin_list>
<pin id="1110" dir="0" index="0" bw="10" slack="0"/>
<pin id="1111" dir="1" index="1" bw="11" slack="0"/>
</pin_list>
<bind>
<opcode="zext(34) " fcode="zext"/>
<opset="zext_ln1027/4 "/>
</bind>
</comp>

<comp id="1113" class="1004" name="zext_ln1027_1_fu_1113">
<pin_list>
<pin id="1114" dir="0" index="0" bw="10" slack="0"/>
<pin id="1115" dir="1" index="1" bw="11" slack="0"/>
</pin_list>
<bind>
<opcode="zext(34) " fcode="zext"/>
<opset="zext_ln1027_1/4 "/>
</bind>
</comp>

<comp id="1117" class="1004" name="sub_ln1027_fu_1117">
<pin_list>
<pin id="1118" dir="0" index="0" bw="10" slack="0"/>
<pin id="1119" dir="0" index="1" bw="10" slack="0"/>
<pin id="1120" dir="1" index="2" bw="11" slack="0"/>
</pin_list>
<bind>
<opcode="sub(10) " fcode="sub"/>
<opset="sub_ln1027/4 "/>
</bind>
</comp>

<comp id="1123" class="1004" name="trunc_ln61_7_fu_1123">
<pin_list>
<pin id="1124" dir="0" index="0" bw="11" slack="0"/>
<pin id="1125" dir="1" index="1" bw="10" slack="0"/>
</pin_list>
<bind>
<opcode="trunc(33) " fcode="trunc"/>
<opset="trunc_ln61_7/4 "/>
</bind>
</comp>

<comp id="1127" class="1004" name="sub_ln61_7_fu_1127">
<pin_list>
<pin id="1128" dir="0" index="0" bw="1" slack="0"/>
<pin id="1129" dir="0" index="1" bw="10" slack="0"/>
<pin id="1130" dir="1" index="2" bw="10" slack="0"/>
</pin_list>
<bind>
<opcode="sub(10) " fcode="sub"/>
<opset="sub_ln61_7/4 "/>
</bind>
</comp>

<comp id="1133" class="1004" name="tmp_16_fu_1133">
<pin_list>
<pin id="1134" dir="0" index="0" bw="1" slack="0"/>
<pin id="1135" dir="0" index="1" bw="11" slack="0"/>
<pin id="1136" dir="0" index="2" bw="5" slack="0"/>
<pin id="1137" dir="1" index="3" bw="1" slack="0"/>
</pin_list>
<bind>
<opcode="bitselect(1000) " fcode="bitselect"/>
<opset="tmp_16/4 "/>
</bind>
</comp>

<comp id="1141" class="1004" name="DBh_fu_1141">
<pin_list>
<pin id="1142" dir="0" index="0" bw="1" slack="0"/>
<pin id="1143" dir="0" index="1" bw="10" slack="0"/>
<pin id="1144" dir="0" index="2" bw="10" slack="0"/>
<pin id="1145" dir="1" index="3" bw="10" slack="0"/>
</pin_list>
<bind>
<opcode="select(49) " fcode="select"/>
<opset="DBh/4 "/>
</bind>
</comp>

<comp id="1149" class="1004" name="sub_ln1028_fu_1149">
<pin_list>
<pin id="1150" dir="0" index="0" bw="10" slack="1"/>
<pin id="1151" dir="0" index="1" bw="10" slack="1"/>
<pin id="1152" dir="1" index="2" bw="11" slack="0"/>
</pin_list>
<bind>
<opcode="sub(10) " fcode="sub"/>
<opset="sub_ln1028/4 "/>
</bind>
</comp>

<comp id="1153" class="1004" name="trunc_ln61_8_fu_1153">
<pin_list>
<pin id="1154" dir="0" index="0" bw="11" slack="0"/>
<pin id="1155" dir="1" index="1" bw="10" slack="0"/>
</pin_list>
<bind>
<opcode="trunc(33) " fcode="trunc"/>
<opset="trunc_ln61_8/4 "/>
</bind>
</comp>

<comp id="1157" class="1004" name="sub_ln61_8_fu_1157">
<pin_list>
<pin id="1158" dir="0" index="0" bw="1" slack="0"/>
<pin id="1159" dir="0" index="1" bw="10" slack="0"/>
<pin id="1160" dir="1" index="2" bw="10" slack="0"/>
</pin_list>
<bind>
<opcode="sub(10) " fcode="sub"/>
<opset="sub_ln61_8/4 "/>
</bind>
</comp>

<comp id="1163" class="1004" name="tmp_17_fu_1163">
<pin_list>
<pin id="1164" dir="0" index="0" bw="1" slack="0"/>
<pin id="1165" dir="0" index="1" bw="11" slack="0"/>
<pin id="1166" dir="0" index="2" bw="5" slack="0"/>
<pin id="1167" dir="1" index="3" bw="1" slack="0"/>
</pin_list>
<bind>
<opcode="bitselect(1000) " fcode="bitselect"/>
<opset="tmp_17/4 "/>
</bind>
</comp>

<comp id="1171" class="1004" name="DBv_fu_1171">
<pin_list>
<pin id="1172" dir="0" index="0" bw="1" slack="0"/>
<pin id="1173" dir="0" index="1" bw="10" slack="0"/>
<pin id="1174" dir="0" index="2" bw="10" slack="0"/>
<pin id="1175" dir="1" index="3" bw="10" slack="0"/>
</pin_list>
<bind>
<opcode="select(49) " fcode="select"/>
<opset="DBv/4 "/>
</bind>
</comp>

<comp id="1179" class="1004" name="zext_ln1030_fu_1179">
<pin_list>
<pin id="1180" dir="0" index="0" bw="10" slack="0"/>
<pin id="1181" dir="1" index="1" bw="11" slack="0"/>
</pin_list>
<bind>
<opcode="zext(34) " fcode="zext"/>
<opset="zext_ln1030/4 "/>
</bind>
</comp>

<comp id="1183" class="1004" name="zext_ln1030_1_fu_1183">
<pin_list>
<pin id="1184" dir="0" index="0" bw="10" slack="0"/>
<pin id="1185" dir="1" index="1" bw="11" slack="0"/>
</pin_list>
<bind>
<opcode="zext(34) " fcode="zext"/>
<opset="zext_ln1030_1/4 "/>
</bind>
</comp>

<comp id="1187" class="1004" name="add_ln1030_fu_1187">
<pin_list>
<pin id="1188" dir="0" index="0" bw="10" slack="0"/>
<pin id="1189" dir="0" index="1" bw="10" slack="0"/>
<pin id="1190" dir="1" index="2" bw="11" slack="0"/>
</pin_list>
<bind>
<opcode="add(8) " fcode="add"/>
<opset="add_ln1030/4 "/>
</bind>
</comp>

<comp id="1193" class="1004" name="zext_ln1030_2_fu_1193">
<pin_list>
<pin id="1194" dir="0" index="0" bw="11" slack="0"/>
<pin id="1195" dir="1" index="1" bw="12" slack="0"/>
</pin_list>
<bind>
<opcode="zext(34) " fcode="zext"/>
<opset="zext_ln1030_2/4 "/>
</bind>
</comp>

<comp id="1197" class="1004" name="zext_ln1030_3_fu_1197">
<pin_list>
<pin id="1198" dir="0" index="0" bw="10" slack="0"/>
<pin id="1199" dir="1" index="1" bw="12" slack="0"/>
</pin_list>
<bind>
<opcode="zext(34) " fcode="zext"/>
<opset="zext_ln1030_3/4 "/>
</bind>
</comp>

<comp id="1201" class="1004" name="add_ln1030_1_fu_1201">
<pin_list>
<pin id="1202" dir="0" index="0" bw="11" slack="0"/>
<pin id="1203" dir="0" index="1" bw="10" slack="0"/>
<pin id="1204" dir="1" index="2" bw="12" slack="1"/>
</pin_list>
<bind>
<opcode="add(8) " fcode="add"/>
<opset="add_ln1030_1/4 "/>
</bind>
</comp>

<comp id="1207" class="1004" name="zext_ln1030_4_fu_1207">
<pin_list>
<pin id="1208" dir="0" index="0" bw="10" slack="0"/>
<pin id="1209" dir="1" index="1" bw="11" slack="0"/>
</pin_list>
<bind>
<opcode="zext(34) " fcode="zext"/>
<opset="zext_ln1030_4/4 "/>
</bind>
</comp>

<comp id="1211" class="1004" name="zext_ln1030_5_fu_1211">
<pin_list>
<pin id="1212" dir="0" index="0" bw="10" slack="0"/>
<pin id="1213" dir="1" index="1" bw="11" slack="0"/>
</pin_list>
<bind>
<opcode="zext(34) " fcode="zext"/>
<opset="zext_ln1030_5/4 "/>
</bind>
</comp>

<comp id="1215" class="1004" name="add_ln1030_2_fu_1215">
<pin_list>
<pin id="1216" dir="0" index="0" bw="10" slack="0"/>
<pin id="1217" dir="0" index="1" bw="10" slack="0"/>
<pin id="1218" dir="1" index="2" bw="11" slack="0"/>
</pin_list>
<bind>
<opcode="add(8) " fcode="add"/>
<opset="add_ln1030_2/4 "/>
</bind>
</comp>

<comp id="1221" class="1004" name="zext_ln1030_6_fu_1221">
<pin_list>
<pin id="1222" dir="0" index="0" bw="11" slack="0"/>
<pin id="1223" dir="1" index="1" bw="12" slack="0"/>
</pin_list>
<bind>
<opcode="zext(34) " fcode="zext"/>
<opset="zext_ln1030_6/4 "/>
</bind>
</comp>

<comp id="1225" class="1004" name="zext_ln1030_7_fu_1225">
<pin_list>
<pin id="1226" dir="0" index="0" bw="10" slack="0"/>
<pin id="1227" dir="1" index="1" bw="12" slack="0"/>
</pin_list>
<bind>
<opcode="zext(34) " fcode="zext"/>
<opset="zext_ln1030_7/4 "/>
</bind>
</comp>

<comp id="1229" class="1004" name="add_ln1030_3_fu_1229">
<pin_list>
<pin id="1230" dir="0" index="0" bw="11" slack="0"/>
<pin id="1231" dir="0" index="1" bw="10" slack="0"/>
<pin id="1232" dir="1" index="2" bw="12" slack="1"/>
</pin_list>
<bind>
<opcode="add(8) " fcode="add"/>
<opset="add_ln1030_3/4 "/>
</bind>
</comp>

<comp id="1235" class="1004" name="sub_ln1033_fu_1235">
<pin_list>
<pin id="1236" dir="0" index="0" bw="10" slack="1"/>
<pin id="1237" dir="0" index="1" bw="10" slack="1"/>
<pin id="1238" dir="1" index="2" bw="11" slack="0"/>
</pin_list>
<bind>
<opcode="sub(10) " fcode="sub"/>
<opset="sub_ln1033/4 "/>
</bind>
</comp>

<comp id="1239" class="1004" name="sub_ln1033_1_fu_1239">
<pin_list>
<pin id="1240" dir="0" index="0" bw="10" slack="1"/>
<pin id="1241" dir="0" index="1" bw="10" slack="1"/>
<pin id="1242" dir="1" index="2" bw="11" slack="0"/>
</pin_list>
<bind>
<opcode="sub(10) " fcode="sub"/>
<opset="sub_ln1033_1/4 "/>
</bind>
</comp>

<comp id="1243" class="1004" name="sext_ln1033_fu_1243">
<pin_list>
<pin id="1244" dir="0" index="0" bw="11" slack="0"/>
<pin id="1245" dir="1" index="1" bw="12" slack="0"/>
</pin_list>
<bind>
<opcode="sext(35) " fcode="sext"/>
<opset="sext_ln1033/4 "/>
</bind>
</comp>

<comp id="1247" class="1004" name="sext_ln1033_1_fu_1247">
<pin_list>
<pin id="1248" dir="0" index="0" bw="11" slack="0"/>
<pin id="1249" dir="1" index="1" bw="12" slack="0"/>
</pin_list>
<bind>
<opcode="sext(35) " fcode="sext"/>
<opset="sext_ln1033_1/4 "/>
</bind>
</comp>

<comp id="1251" class="1004" name="add_ln1033_fu_1251">
<pin_list>
<pin id="1252" dir="0" index="0" bw="11" slack="0"/>
<pin id="1253" dir="0" index="1" bw="11" slack="0"/>
<pin id="1254" dir="1" index="2" bw="12" slack="0"/>
</pin_list>
<bind>
<opcode="add(8) " fcode="add"/>
<opset="add_ln1033/4 "/>
</bind>
</comp>

<comp id="1257" class="1004" name="sub_ln1033_2_fu_1257">
<pin_list>
<pin id="1258" dir="0" index="0" bw="1" slack="0"/>
<pin id="1259" dir="0" index="1" bw="12" slack="0"/>
<pin id="1260" dir="1" index="2" bw="12" slack="0"/>
</pin_list>
<bind>
<opcode="sub(10) " fcode="sub"/>
<opset="sub_ln1033_2/4 "/>
</bind>
</comp>

<comp id="1263" class="1004" name="trunc_ln1033_2_i_fu_1263">
<pin_list>
<pin id="1264" dir="0" index="0" bw="11" slack="0"/>
<pin id="1265" dir="0" index="1" bw="12" slack="0"/>
<pin id="1266" dir="0" index="2" bw="1" slack="0"/>
<pin id="1267" dir="0" index="3" bw="5" slack="0"/>
<pin id="1268" dir="1" index="4" bw="11" slack="1"/>
</pin_list>
<bind>
<opcode="partselect(1002) " fcode="partselect"/>
<opset="trunc_ln1033_2_i/4 "/>
</bind>
</comp>

<comp id="1273" class="1004" name="sub_ln1034_fu_1273">
<pin_list>
<pin id="1274" dir="0" index="0" bw="10" slack="1"/>
<pin id="1275" dir="0" index="1" bw="10" slack="0"/>
<pin id="1276" dir="1" index="2" bw="11" slack="0"/>
</pin_list>
<bind>
<opcode="sub(10) " fcode="sub"/>
<opset="sub_ln1034/4 "/>
</bind>
</comp>

<comp id="1278" class="1004" name="sub_ln1034_1_fu_1278">
<pin_list>
<pin id="1279" dir="0" index="0" bw="10" slack="1"/>
<pin id="1280" dir="0" index="1" bw="10" slack="0"/>
<pin id="1281" dir="1" index="2" bw="11" slack="0"/>
</pin_list>
<bind>
<opcode="sub(10) " fcode="sub"/>
<opset="sub_ln1034_1/4 "/>
</bind>
</comp>

<comp id="1283" class="1004" name="sext_ln1034_fu_1283">
<pin_list>
<pin id="1284" dir="0" index="0" bw="11" slack="0"/>
<pin id="1285" dir="1" index="1" bw="12" slack="0"/>
</pin_list>
<bind>
<opcode="sext(35) " fcode="sext"/>
<opset="sext_ln1034/4 "/>
</bind>
</comp>

<comp id="1287" class="1004" name="sext_ln1034_1_fu_1287">
<pin_list>
<pin id="1288" dir="0" index="0" bw="11" slack="0"/>
<pin id="1289" dir="1" index="1" bw="12" slack="0"/>
</pin_list>
<bind>
<opcode="sext(35) " fcode="sext"/>
<opset="sext_ln1034_1/4 "/>
</bind>
</comp>

<comp id="1291" class="1004" name="add_ln1034_fu_1291">
<pin_list>
<pin id="1292" dir="0" index="0" bw="11" slack="0"/>
<pin id="1293" dir="0" index="1" bw="11" slack="0"/>
<pin id="1294" dir="1" index="2" bw="12" slack="0"/>
</pin_list>
<bind>
<opcode="add(8) " fcode="add"/>
<opset="add_ln1034/4 "/>
</bind>
</comp>

<comp id="1297" class="1004" name="sub_ln1034_2_fu_1297">
<pin_list>
<pin id="1298" dir="0" index="0" bw="1" slack="0"/>
<pin id="1299" dir="0" index="1" bw="12" slack="0"/>
<pin id="1300" dir="1" index="2" bw="12" slack="0"/>
</pin_list>
<bind>
<opcode="sub(10) " fcode="sub"/>
<opset="sub_ln1034_2/4 "/>
</bind>
</comp>

<comp id="1303" class="1004" name="trunc_ln1034_2_i_fu_1303">
<pin_list>
<pin id="1304" dir="0" index="0" bw="11" slack="0"/>
<pin id="1305" dir="0" index="1" bw="12" slack="0"/>
<pin id="1306" dir="0" index="2" bw="1" slack="0"/>
<pin id="1307" dir="0" index="3" bw="5" slack="0"/>
<pin id="1308" dir="1" index="4" bw="11" slack="1"/>
</pin_list>
<bind>
<opcode="partselect(1002) " fcode="partselect"/>
<opset="trunc_ln1034_2_i/4 "/>
</bind>
</comp>

<comp id="1313" class="1004" name="sext_ln1039_fu_1313">
<pin_list>
<pin id="1314" dir="0" index="0" bw="11" slack="1"/>
<pin id="1315" dir="1" index="1" bw="12" slack="0"/>
</pin_list>
<bind>
<opcode="sext(35) " fcode="sext"/>
<opset="sext_ln1039/4 "/>
</bind>
</comp>

<comp id="1316" class="1004" name="sext_ln1039_1_fu_1316">
<pin_list>
<pin id="1317" dir="0" index="0" bw="11" slack="1"/>
<pin id="1318" dir="1" index="1" bw="12" slack="0"/>
</pin_list>
<bind>
<opcode="sext(35) " fcode="sext"/>
<opset="sext_ln1039_1/4 "/>
</bind>
</comp>

<comp id="1319" class="1004" name="add_ln1039_fu_1319">
<pin_list>
<pin id="1320" dir="0" index="0" bw="11" slack="0"/>
<pin id="1321" dir="0" index="1" bw="11" slack="0"/>
<pin id="1322" dir="1" index="2" bw="12" slack="0"/>
</pin_list>
<bind>
<opcode="add(8) " fcode="add"/>
<opset="add_ln1039/4 "/>
</bind>
</comp>

<comp id="1325" class="1004" name="sub_ln1039_2_fu_1325">
<pin_list>
<pin id="1326" dir="0" index="0" bw="1" slack="0"/>
<pin id="1327" dir="0" index="1" bw="12" slack="0"/>
<pin id="1328" dir="1" index="2" bw="12" slack="0"/>
</pin_list>
<bind>
<opcode="sub(10) " fcode="sub"/>
<opset="sub_ln1039_2/4 "/>
</bind>
</comp>

<comp id="1331" class="1004" name="trunc_ln1039_2_i_fu_1331">
<pin_list>
<pin id="1332" dir="0" index="0" bw="11" slack="0"/>
<pin id="1333" dir="0" index="1" bw="12" slack="0"/>
<pin id="1334" dir="0" index="2" bw="1" slack="0"/>
<pin id="1335" dir="0" index="3" bw="5" slack="0"/>
<pin id="1336" dir="1" index="4" bw="11" slack="0"/>
</pin_list>
<bind>
<opcode="partselect(1002) " fcode="partselect"/>
<opset="trunc_ln1039_2_i/4 "/>
</bind>
</comp>

<comp id="1341" class="1004" name="sext_ln1039_2_fu_1341">
<pin_list>
<pin id="1342" dir="0" index="0" bw="11" slack="0"/>
<pin id="1343" dir="1" index="1" bw="12" slack="0"/>
</pin_list>
<bind>
<opcode="sext(35) " fcode="sext"/>
<opset="sext_ln1039_2/4 "/>
</bind>
</comp>

<comp id="1345" class="1004" name="zext_ln1039_fu_1345">
<pin_list>
<pin id="1346" dir="0" index="0" bw="11" slack="0"/>
<pin id="1347" dir="1" index="1" bw="13" slack="0"/>
</pin_list>
<bind>
<opcode="zext(34) " fcode="zext"/>
<opset="zext_ln1039/4 "/>
</bind>
</comp>

<comp id="1349" class="1004" name="sub_ln1039_3_fu_1349">
<pin_list>
<pin id="1350" dir="0" index="0" bw="1" slack="0"/>
<pin id="1351" dir="0" index="1" bw="12" slack="0"/>
<pin id="1352" dir="1" index="2" bw="13" slack="1"/>
</pin_list>
<bind>
<opcode="sub(10) " fcode="sub"/>
<opset="sub_ln1039_3/4 "/>
</bind>
</comp>

<comp id="1355" class="1004" name="sext_ln1040_fu_1355">
<pin_list>
<pin id="1356" dir="0" index="0" bw="11" slack="1"/>
<pin id="1357" dir="1" index="1" bw="12" slack="0"/>
</pin_list>
<bind>
<opcode="sext(35) " fcode="sext"/>
<opset="sext_ln1040/4 "/>
</bind>
</comp>

<comp id="1358" class="1004" name="sext_ln1040_1_fu_1358">
<pin_list>
<pin id="1359" dir="0" index="0" bw="11" slack="1"/>
<pin id="1360" dir="1" index="1" bw="12" slack="0"/>
</pin_list>
<bind>
<opcode="sext(35) " fcode="sext"/>
<opset="sext_ln1040_1/4 "/>
</bind>
</comp>

<comp id="1361" class="1004" name="add_ln1040_fu_1361">
<pin_list>
<pin id="1362" dir="0" index="0" bw="11" slack="0"/>
<pin id="1363" dir="0" index="1" bw="11" slack="0"/>
<pin id="1364" dir="1" index="2" bw="12" slack="0"/>
</pin_list>
<bind>
<opcode="add(8) " fcode="add"/>
<opset="add_ln1040/4 "/>
</bind>
</comp>

<comp id="1367" class="1004" name="sub_ln1040_2_fu_1367">
<pin_list>
<pin id="1368" dir="0" index="0" bw="1" slack="0"/>
<pin id="1369" dir="0" index="1" bw="12" slack="0"/>
<pin id="1370" dir="1" index="2" bw="12" slack="0"/>
</pin_list>
<bind>
<opcode="sub(10) " fcode="sub"/>
<opset="sub_ln1040_2/4 "/>
</bind>
</comp>

<comp id="1373" class="1004" name="trunc_ln1040_2_i_fu_1373">
<pin_list>
<pin id="1374" dir="0" index="0" bw="11" slack="0"/>
<pin id="1375" dir="0" index="1" bw="12" slack="0"/>
<pin id="1376" dir="0" index="2" bw="1" slack="0"/>
<pin id="1377" dir="0" index="3" bw="5" slack="0"/>
<pin id="1378" dir="1" index="4" bw="11" slack="0"/>
</pin_list>
<bind>
<opcode="partselect(1002) " fcode="partselect"/>
<opset="trunc_ln1040_2_i/4 "/>
</bind>
</comp>

<comp id="1383" class="1004" name="sext_ln1040_2_fu_1383">
<pin_list>
<pin id="1384" dir="0" index="0" bw="11" slack="0"/>
<pin id="1385" dir="1" index="1" bw="12" slack="0"/>
</pin_list>
<bind>
<opcode="sext(35) " fcode="sext"/>
<opset="sext_ln1040_2/4 "/>
</bind>
</comp>

<comp id="1387" class="1004" name="zext_ln1040_fu_1387">
<pin_list>
<pin id="1388" dir="0" index="0" bw="11" slack="0"/>
<pin id="1389" dir="1" index="1" bw="13" slack="0"/>
</pin_list>
<bind>
<opcode="zext(34) " fcode="zext"/>
<opset="zext_ln1040/4 "/>
</bind>
</comp>

<comp id="1391" class="1004" name="sub_ln1040_3_fu_1391">
<pin_list>
<pin id="1392" dir="0" index="0" bw="1" slack="0"/>
<pin id="1393" dir="0" index="1" bw="12" slack="0"/>
<pin id="1394" dir="1" index="2" bw="13" slack="1"/>
</pin_list>
<bind>
<opcode="sub(10) " fcode="sub"/>
<opset="sub_ln1040_3/4 "/>
</bind>
</comp>

<comp id="1397" class="1004" name="icmp_ln1030_fu_1397">
<pin_list>
<pin id="1398" dir="0" index="0" bw="12" slack="1"/>
<pin id="1399" dir="0" index="1" bw="12" slack="1"/>
<pin id="1400" dir="1" index="2" bw="1" slack="0"/>
</pin_list>
<bind>
<opcode="icmp(45) " fcode="icmp"/>
<opset="icmp_ln1030/5 "/>
</bind>
</comp>

<comp id="1401" class="1004" name="tmp_18_fu_1401">
<pin_list>
<pin id="1402" dir="0" index="0" bw="1" slack="0"/>
<pin id="1403" dir="0" index="1" bw="12" slack="1"/>
<pin id="1404" dir="0" index="2" bw="5" slack="0"/>
<pin id="1405" dir="1" index="3" bw="1" slack="0"/>
</pin_list>
<bind>
<opcode="bitselect(1000) " fcode="bitselect"/>
<opset="tmp_18/5 "/>
</bind>
</comp>

<comp id="1408" class="1004" name="sext_ln1033_2_fu_1408">
<pin_list>
<pin id="1409" dir="0" index="0" bw="11" slack="1"/>
<pin id="1410" dir="1" index="1" bw="12" slack="0"/>
</pin_list>
<bind>
<opcode="sext(35) " fcode="sext"/>
<opset="sext_ln1033_2/5 "/>
</bind>
</comp>

<comp id="1411" class="1004" name="zext_ln1033_fu_1411">
<pin_list>
<pin id="1412" dir="0" index="0" bw="11" slack="0"/>
<pin id="1413" dir="1" index="1" bw="13" slack="0"/>
</pin_list>
<bind>
<opcode="zext(34) " fcode="zext"/>
<opset="zext_ln1033/5 "/>
</bind>
</comp>

<comp id="1415" class="1004" name="sub_ln1033_3_fu_1415">
<pin_list>
<pin id="1416" dir="0" index="0" bw="1" slack="0"/>
<pin id="1417" dir="0" index="1" bw="12" slack="0"/>
<pin id="1418" dir="1" index="2" bw="13" slack="0"/>
</pin_list>
<bind>
<opcode="sub(10) " fcode="sub"/>
<opset="sub_ln1033_3/5 "/>
</bind>
</comp>

<comp id="1421" class="1004" name="trunc_ln1033_1_i_fu_1421">
<pin_list>
<pin id="1422" dir="0" index="0" bw="11" slack="0"/>
<pin id="1423" dir="0" index="1" bw="12" slack="1"/>
<pin id="1424" dir="0" index="2" bw="1" slack="0"/>
<pin id="1425" dir="0" index="3" bw="5" slack="0"/>
<pin id="1426" dir="1" index="4" bw="11" slack="0"/>
</pin_list>
<bind>
<opcode="partselect(1002) " fcode="partselect"/>
<opset="trunc_ln1033_1_i/5 "/>
</bind>
</comp>

<comp id="1430" class="1004" name="sext_ln1033_3_fu_1430">
<pin_list>
<pin id="1431" dir="0" index="0" bw="11" slack="0"/>
<pin id="1432" dir="1" index="1" bw="12" slack="0"/>
</pin_list>
<bind>
<opcode="sext(35) " fcode="sext"/>
<opset="sext_ln1033_3/5 "/>
</bind>
</comp>

<comp id="1434" class="1004" name="zext_ln1033_1_fu_1434">
<pin_list>
<pin id="1435" dir="0" index="0" bw="11" slack="0"/>
<pin id="1436" dir="1" index="1" bw="13" slack="0"/>
</pin_list>
<bind>
<opcode="zext(34) " fcode="zext"/>
<opset="zext_ln1033_1/5 "/>
</bind>
</comp>

<comp id="1438" class="1004" name="select_ln1033_fu_1438">
<pin_list>
<pin id="1439" dir="0" index="0" bw="1" slack="0"/>
<pin id="1440" dir="0" index="1" bw="13" slack="0"/>
<pin id="1441" dir="0" index="2" bw="13" slack="0"/>
<pin id="1442" dir="1" index="3" bw="13" slack="0"/>
</pin_list>
<bind>
<opcode="select(49) " fcode="select"/>
<opset="select_ln1033/5 "/>
</bind>
</comp>

<comp id="1446" class="1004" name="zext_ln1033_2_fu_1446">
<pin_list>
<pin id="1447" dir="0" index="0" bw="10" slack="2"/>
<pin id="1448" dir="1" index="1" bw="14" slack="0"/>
</pin_list>
<bind>
<opcode="zext(34) " fcode="zext"/>
<opset="zext_ln1033_2/5 "/>
</bind>
</comp>

<comp id="1450" class="1004" name="tmp_19_fu_1450">
<pin_list>
<pin id="1451" dir="0" index="0" bw="1" slack="0"/>
<pin id="1452" dir="0" index="1" bw="12" slack="1"/>
<pin id="1453" dir="0" index="2" bw="5" slack="0"/>
<pin id="1454" dir="1" index="3" bw="1" slack="0"/>
</pin_list>
<bind>
<opcode="bitselect(1000) " fcode="bitselect"/>
<opset="tmp_19/5 "/>
</bind>
</comp>

<comp id="1457" class="1004" name="sext_ln1034_2_fu_1457">
<pin_list>
<pin id="1458" dir="0" index="0" bw="11" slack="1"/>
<pin id="1459" dir="1" index="1" bw="12" slack="0"/>
</pin_list>
<bind>
<opcode="sext(35) " fcode="sext"/>
<opset="sext_ln1034_2/5 "/>
</bind>
</comp>

<comp id="1460" class="1004" name="zext_ln1034_fu_1460">
<pin_list>
<pin id="1461" dir="0" index="0" bw="11" slack="0"/>
<pin id="1462" dir="1" index="1" bw="13" slack="0"/>
</pin_list>
<bind>
<opcode="zext(34) " fcode="zext"/>
<opset="zext_ln1034/5 "/>
</bind>
</comp>

<comp id="1464" class="1004" name="sub_ln1034_3_fu_1464">
<pin_list>
<pin id="1465" dir="0" index="0" bw="1" slack="0"/>
<pin id="1466" dir="0" index="1" bw="12" slack="0"/>
<pin id="1467" dir="1" index="2" bw="13" slack="0"/>
</pin_list>
<bind>
<opcode="sub(10) " fcode="sub"/>
<opset="sub_ln1034_3/5 "/>
</bind>
</comp>

<comp id="1470" class="1004" name="trunc_ln1034_1_i_fu_1470">
<pin_list>
<pin id="1471" dir="0" index="0" bw="11" slack="0"/>
<pin id="1472" dir="0" index="1" bw="12" slack="1"/>
<pin id="1473" dir="0" index="2" bw="1" slack="0"/>
<pin id="1474" dir="0" index="3" bw="5" slack="0"/>
<pin id="1475" dir="1" index="4" bw="11" slack="0"/>
</pin_list>
<bind>
<opcode="partselect(1002) " fcode="partselect"/>
<opset="trunc_ln1034_1_i/5 "/>
</bind>
</comp>

<comp id="1479" class="1004" name="sext_ln1034_3_fu_1479">
<pin_list>
<pin id="1480" dir="0" index="0" bw="11" slack="0"/>
<pin id="1481" dir="1" index="1" bw="12" slack="0"/>
</pin_list>
<bind>
<opcode="sext(35) " fcode="sext"/>
<opset="sext_ln1034_3/5 "/>
</bind>
</comp>

<comp id="1483" class="1004" name="zext_ln1034_1_fu_1483">
<pin_list>
<pin id="1484" dir="0" index="0" bw="11" slack="0"/>
<pin id="1485" dir="1" index="1" bw="13" slack="0"/>
</pin_list>
<bind>
<opcode="zext(34) " fcode="zext"/>
<opset="zext_ln1034_1/5 "/>
</bind>
</comp>

<comp id="1487" class="1004" name="select_ln1034_fu_1487">
<pin_list>
<pin id="1488" dir="0" index="0" bw="1" slack="0"/>
<pin id="1489" dir="0" index="1" bw="13" slack="0"/>
<pin id="1490" dir="0" index="2" bw="13" slack="0"/>
<pin id="1491" dir="1" index="3" bw="13" slack="0"/>
</pin_list>
<bind>
<opcode="select(49) " fcode="select"/>
<opset="select_ln1034/5 "/>
</bind>
</comp>

<comp id="1495" class="1004" name="tmp_20_fu_1495">
<pin_list>
<pin id="1496" dir="0" index="0" bw="1" slack="0"/>
<pin id="1497" dir="0" index="1" bw="12" slack="1"/>
<pin id="1498" dir="0" index="2" bw="5" slack="0"/>
<pin id="1499" dir="1" index="3" bw="1" slack="0"/>
</pin_list>
<bind>
<opcode="bitselect(1000) " fcode="bitselect"/>
<opset="tmp_20/5 "/>
</bind>
</comp>

<comp id="1502" class="1004" name="trunc_ln1039_1_i_fu_1502">
<pin_list>
<pin id="1503" dir="0" index="0" bw="11" slack="0"/>
<pin id="1504" dir="0" index="1" bw="12" slack="1"/>
<pin id="1505" dir="0" index="2" bw="1" slack="0"/>
<pin id="1506" dir="0" index="3" bw="5" slack="0"/>
<pin id="1507" dir="1" index="4" bw="11" slack="0"/>
</pin_list>
<bind>
<opcode="partselect(1002) " fcode="partselect"/>
<opset="trunc_ln1039_1_i/5 "/>
</bind>
</comp>

<comp id="1511" class="1004" name="sext_ln1039_3_fu_1511">
<pin_list>
<pin id="1512" dir="0" index="0" bw="11" slack="0"/>
<pin id="1513" dir="1" index="1" bw="12" slack="0"/>
</pin_list>
<bind>
<opcode="sext(35) " fcode="sext"/>
<opset="sext_ln1039_3/5 "/>
</bind>
</comp>

<comp id="1515" class="1004" name="zext_ln1039_1_fu_1515">
<pin_list>
<pin id="1516" dir="0" index="0" bw="11" slack="0"/>
<pin id="1517" dir="1" index="1" bw="13" slack="0"/>
</pin_list>
<bind>
<opcode="zext(34) " fcode="zext"/>
<opset="zext_ln1039_1/5 "/>
</bind>
</comp>

<comp id="1519" class="1004" name="select_ln1039_fu_1519">
<pin_list>
<pin id="1520" dir="0" index="0" bw="1" slack="0"/>
<pin id="1521" dir="0" index="1" bw="13" slack="1"/>
<pin id="1522" dir="0" index="2" bw="13" slack="0"/>
<pin id="1523" dir="1" index="3" bw="13" slack="0"/>
</pin_list>
<bind>
<opcode="select(49) " fcode="select"/>
<opset="select_ln1039/5 "/>
</bind>
</comp>

<comp id="1526" class="1004" name="tmp_21_fu_1526">
<pin_list>
<pin id="1527" dir="0" index="0" bw="1" slack="0"/>
<pin id="1528" dir="0" index="1" bw="12" slack="1"/>
<pin id="1529" dir="0" index="2" bw="5" slack="0"/>
<pin id="1530" dir="1" index="3" bw="1" slack="0"/>
</pin_list>
<bind>
<opcode="bitselect(1000) " fcode="bitselect"/>
<opset="tmp_21/5 "/>
</bind>
</comp>

<comp id="1533" class="1004" name="trunc_ln1040_1_i_fu_1533">
<pin_list>
<pin id="1534" dir="0" index="0" bw="11" slack="0"/>
<pin id="1535" dir="0" index="1" bw="12" slack="1"/>
<pin id="1536" dir="0" index="2" bw="1" slack="0"/>
<pin id="1537" dir="0" index="3" bw="5" slack="0"/>
<pin id="1538" dir="1" index="4" bw="11" slack="0"/>
</pin_list>
<bind>
<opcode="partselect(1002) " fcode="partselect"/>
<opset="trunc_ln1040_1_i/5 "/>
</bind>
</comp>

<comp id="1542" class="1004" name="sext_ln1040_3_fu_1542">
<pin_list>
<pin id="1543" dir="0" index="0" bw="11" slack="0"/>
<pin id="1544" dir="1" index="1" bw="12" slack="0"/>
</pin_list>
<bind>
<opcode="sext(35) " fcode="sext"/>
<opset="sext_ln1040_3/5 "/>
</bind>
</comp>

<comp id="1546" class="1004" name="zext_ln1040_1_fu_1546">
<pin_list>
<pin id="1547" dir="0" index="0" bw="11" slack="0"/>
<pin id="1548" dir="1" index="1" bw="13" slack="0"/>
</pin_list>
<bind>
<opcode="zext(34) " fcode="zext"/>
<opset="zext_ln1040_1/5 "/>
</bind>
</comp>

<comp id="1550" class="1004" name="select_ln1040_fu_1550">
<pin_list>
<pin id="1551" dir="0" index="0" bw="1" slack="0"/>
<pin id="1552" dir="0" index="1" bw="13" slack="1"/>
<pin id="1553" dir="0" index="2" bw="13" slack="0"/>
<pin id="1554" dir="1" index="3" bw="13" slack="0"/>
</pin_list>
<bind>
<opcode="select(49) " fcode="select"/>
<opset="select_ln1040/5 "/>
</bind>
</comp>

<comp id="1557" class="1004" name="select_ln1030_fu_1557">
<pin_list>
<pin id="1558" dir="0" index="0" bw="1" slack="0"/>
<pin id="1559" dir="0" index="1" bw="13" slack="0"/>
<pin id="1560" dir="0" index="2" bw="13" slack="0"/>
<pin id="1561" dir="1" index="3" bw="13" slack="0"/>
</pin_list>
<bind>
<opcode="select(49) " fcode="select"/>
<opset="select_ln1030/5 "/>
</bind>
</comp>

<comp id="1565" class="1004" name="sext_ln1030_fu_1565">
<pin_list>
<pin id="1566" dir="0" index="0" bw="13" slack="0"/>
<pin id="1567" dir="1" index="1" bw="14" slack="0"/>
</pin_list>
<bind>
<opcode="sext(35) " fcode="sext"/>
<opset="sext_ln1030/5 "/>
</bind>
</comp>

<comp id="1569" class="1004" name="r_2_fu_1569">
<pin_list>
<pin id="1570" dir="0" index="0" bw="10" slack="0"/>
<pin id="1571" dir="0" index="1" bw="13" slack="0"/>
<pin id="1572" dir="1" index="2" bw="14" slack="0"/>
</pin_list>
<bind>
<opcode="sub(10) " fcode="sub"/>
<opset="r_2/5 "/>
</bind>
</comp>

<comp id="1575" class="1004" name="select_ln1030_1_fu_1575">
<pin_list>
<pin id="1576" dir="0" index="0" bw="1" slack="0"/>
<pin id="1577" dir="0" index="1" bw="13" slack="0"/>
<pin id="1578" dir="0" index="2" bw="13" slack="0"/>
<pin id="1579" dir="1" index="3" bw="13" slack="0"/>
</pin_list>
<bind>
<opcode="select(49) " fcode="select"/>
<opset="select_ln1030_1/5 "/>
</bind>
</comp>

<comp id="1583" class="1004" name="sext_ln1030_1_fu_1583">
<pin_list>
<pin id="1584" dir="0" index="0" bw="13" slack="0"/>
<pin id="1585" dir="1" index="1" bw="14" slack="0"/>
</pin_list>
<bind>
<opcode="sext(35) " fcode="sext"/>
<opset="sext_ln1030_1/5 "/>
</bind>
</comp>

<comp id="1587" class="1004" name="b_2_fu_1587">
<pin_list>
<pin id="1588" dir="0" index="0" bw="10" slack="0"/>
<pin id="1589" dir="0" index="1" bw="13" slack="0"/>
<pin id="1590" dir="1" index="2" bw="14" slack="0"/>
</pin_list>
<bind>
<opcode="sub(10) " fcode="sub"/>
<opset="b_2/5 "/>
</bind>
</comp>

<comp id="1593" class="1004" name="tmp_22_fu_1593">
<pin_list>
<pin id="1594" dir="0" index="0" bw="1" slack="0"/>
<pin id="1595" dir="0" index="1" bw="14" slack="0"/>
<pin id="1596" dir="0" index="2" bw="5" slack="0"/>
<pin id="1597" dir="1" index="3" bw="1" slack="1"/>
</pin_list>
<bind>
<opcode="bitselect(1000) " fcode="bitselect"/>
<opset="tmp_22/5 "/>
</bind>
</comp>

<comp id="1601" class="1004" name="tmp_23_fu_1601">
<pin_list>
<pin id="1602" dir="0" index="0" bw="4" slack="0"/>
<pin id="1603" dir="0" index="1" bw="14" slack="0"/>
<pin id="1604" dir="0" index="2" bw="5" slack="0"/>
<pin id="1605" dir="0" index="3" bw="5" slack="0"/>
<pin id="1606" dir="1" index="4" bw="4" slack="0"/>
</pin_list>
<bind>
<opcode="partselect(1002) " fcode="partselect"/>
<opset="tmp_23/5 "/>
</bind>
</comp>

<comp id="1611" class="1004" name="icmp_ln1042_fu_1611">
<pin_list>
<pin id="1612" dir="0" index="0" bw="4" slack="0"/>
<pin id="1613" dir="0" index="1" bw="4" slack="0"/>
<pin id="1614" dir="1" index="2" bw="1" slack="1"/>
</pin_list>
<bind>
<opcode="icmp(45) " fcode="icmp"/>
<opset="icmp_ln1042/5 "/>
</bind>
</comp>

<comp id="1617" class="1004" name="tmp_24_fu_1617">
<pin_list>
<pin id="1618" dir="0" index="0" bw="1" slack="0"/>
<pin id="1619" dir="0" index="1" bw="14" slack="0"/>
<pin id="1620" dir="0" index="2" bw="5" slack="0"/>
<pin id="1621" dir="1" index="3" bw="1" slack="0"/>
</pin_list>
<bind>
<opcode="bitselect(1000) " fcode="bitselect"/>
<opset="tmp_24/5 "/>
</bind>
</comp>

<comp id="1625" class="1004" name="tmp_25_fu_1625">
<pin_list>
<pin id="1626" dir="0" index="0" bw="4" slack="0"/>
<pin id="1627" dir="0" index="1" bw="14" slack="0"/>
<pin id="1628" dir="0" index="2" bw="5" slack="0"/>
<pin id="1629" dir="0" index="3" bw="5" slack="0"/>
<pin id="1630" dir="1" index="4" bw="4" slack="0"/>
</pin_list>
<bind>
<opcode="partselect(1002) " fcode="partselect"/>
<opset="tmp_25/5 "/>
</bind>
</comp>

<comp id="1635" class="1004" name="icmp_ln1043_fu_1635">
<pin_list>
<pin id="1636" dir="0" index="0" bw="4" slack="0"/>
<pin id="1637" dir="0" index="1" bw="4" slack="0"/>
<pin id="1638" dir="1" index="2" bw="1" slack="1"/>
</pin_list>
<bind>
<opcode="icmp(45) " fcode="icmp"/>
<opset="icmp_ln1043/5 "/>
</bind>
</comp>

<comp id="1641" class="1004" name="xor_ln1014_2_fu_1641">
<pin_list>
<pin id="1642" dir="0" index="0" bw="1" slack="4"/>
<pin id="1643" dir="0" index="1" bw="1" slack="0"/>
<pin id="1644" dir="1" index="2" bw="1" slack="0"/>
</pin_list>
<bind>
<opcode="xor(25) " fcode="xor"/>
<opset="xor_ln1014_2/5 "/>
</bind>
</comp>

<comp id="1646" class="1004" name="and_ln1043_fu_1646">
<pin_list>
<pin id="1647" dir="0" index="0" bw="1" slack="0"/>
<pin id="1648" dir="0" index="1" bw="1" slack="0"/>
<pin id="1649" dir="1" index="2" bw="1" slack="1"/>
</pin_list>
<bind>
<opcode="and(23) " fcode="and"/>
<opset="and_ln1043/5 "/>
</bind>
</comp>

<comp id="1652" class="1004" name="trunc_ln1008_fu_1652">
<pin_list>
<pin id="1653" dir="0" index="0" bw="14" slack="1"/>
<pin id="1654" dir="1" index="1" bw="10" slack="0"/>
</pin_list>
<bind>
<opcode="trunc(33) " fcode="trunc"/>
<opset="trunc_ln1008/6 "/>
</bind>
</comp>

<comp id="1655" class="1004" name="trunc_ln1008_1_fu_1655">
<pin_list>
<pin id="1656" dir="0" index="0" bw="14" slack="1"/>
<pin id="1657" dir="1" index="1" bw="10" slack="0"/>
</pin_list>
<bind>
<opcode="trunc(33) " fcode="trunc"/>
<opset="trunc_ln1008_1/6 "/>
</bind>
</comp>

<comp id="1658" class="1004" name="xor_ln1042_fu_1658">
<pin_list>
<pin id="1659" dir="0" index="0" bw="1" slack="1"/>
<pin id="1660" dir="0" index="1" bw="1" slack="0"/>
<pin id="1661" dir="1" index="2" bw="1" slack="0"/>
</pin_list>
<bind>
<opcode="xor(25) " fcode="xor"/>
<opset="xor_ln1042/6 "/>
</bind>
</comp>

<comp id="1663" class="1004" name="select_ln1042_fu_1663">
<pin_list>
<pin id="1664" dir="0" index="0" bw="1" slack="0"/>
<pin id="1665" dir="0" index="1" bw="10" slack="0"/>
<pin id="1666" dir="0" index="2" bw="10" slack="0"/>
<pin id="1667" dir="1" index="3" bw="10" slack="0"/>
</pin_list>
<bind>
<opcode="select(49) " fcode="select"/>
<opset="select_ln1042/6 "/>
</bind>
</comp>

<comp id="1671" class="1004" name="or_ln1042_fu_1671">
<pin_list>
<pin id="1672" dir="0" index="0" bw="1" slack="1"/>
<pin id="1673" dir="0" index="1" bw="1" slack="1"/>
<pin id="1674" dir="1" index="2" bw="1" slack="0"/>
</pin_list>
<bind>
<opcode="or(24) " fcode="or"/>
<opset="or_ln1042/6 "/>
</bind>
</comp>

<comp id="1675" class="1004" name="r_3_fu_1675">
<pin_list>
<pin id="1676" dir="0" index="0" bw="1" slack="0"/>
<pin id="1677" dir="0" index="1" bw="10" slack="0"/>
<pin id="1678" dir="0" index="2" bw="10" slack="0"/>
<pin id="1679" dir="1" index="3" bw="10" slack="0"/>
</pin_list>
<bind>
<opcode="select(49) " fcode="select"/>
<opset="r_3/6 "/>
</bind>
</comp>

<comp id="1683" class="1004" name="r_4_fu_1683">
<pin_list>
<pin id="1684" dir="0" index="0" bw="1" slack="5"/>
<pin id="1685" dir="0" index="1" bw="10" slack="3"/>
<pin id="1686" dir="0" index="2" bw="10" slack="0"/>
<pin id="1687" dir="1" index="3" bw="10" slack="0"/>
</pin_list>
<bind>
<opcode="select(49) " fcode="select"/>
<opset="r_4/6 "/>
</bind>
</comp>

<comp id="1690" class="1004" name="select_ln1043_fu_1690">
<pin_list>
<pin id="1691" dir="0" index="0" bw="1" slack="1"/>
<pin id="1692" dir="0" index="1" bw="10" slack="0"/>
<pin id="1693" dir="0" index="2" bw="10" slack="3"/>
<pin id="1694" dir="1" index="3" bw="10" slack="0"/>
</pin_list>
<bind>
<opcode="select(49) " fcode="select"/>
<opset="select_ln1043/6 "/>
</bind>
</comp>

<comp id="1697" class="1004" name="or_ln1043_fu_1697">
<pin_list>
<pin id="1698" dir="0" index="0" bw="1" slack="1"/>
<pin id="1699" dir="0" index="1" bw="1" slack="5"/>
<pin id="1700" dir="1" index="2" bw="1" slack="0"/>
</pin_list>
<bind>
<opcode="or(24) " fcode="or"/>
<opset="or_ln1043/6 "/>
</bind>
</comp>

<comp id="1701" class="1004" name="select_ln1043_1_fu_1701">
<pin_list>
<pin id="1702" dir="0" index="0" bw="1" slack="1"/>
<pin id="1703" dir="0" index="1" bw="10" slack="0"/>
<pin id="1704" dir="0" index="2" bw="10" slack="0"/>
<pin id="1705" dir="1" index="3" bw="10" slack="0"/>
</pin_list>
<bind>
<opcode="select(49) " fcode="select"/>
<opset="select_ln1043_1/6 "/>
</bind>
</comp>

<comp id="1708" class="1004" name="b_3_fu_1708">
<pin_list>
<pin id="1709" dir="0" index="0" bw="1" slack="0"/>
<pin id="1710" dir="0" index="1" bw="10" slack="0"/>
<pin id="1711" dir="0" index="2" bw="10" slack="0"/>
<pin id="1712" dir="1" index="3" bw="10" slack="0"/>
</pin_list>
<bind>
<opcode="select(49) " fcode="select"/>
<opset="b_3/6 "/>
</bind>
</comp>

<comp id="1716" class="1004" name="p_0_fu_1716">
<pin_list>
<pin id="1717" dir="0" index="0" bw="30" slack="0"/>
<pin id="1718" dir="0" index="1" bw="10" slack="0"/>
<pin id="1719" dir="0" index="2" bw="10" slack="0"/>
<pin id="1720" dir="0" index="3" bw="10" slack="3"/>
<pin id="1721" dir="1" index="4" bw="30" slack="0"/>
</pin_list>
<bind>
<opcode="bitconcatenate(1004) " fcode="bitconcatenate"/>
<opset="p_0/6 "/>
</bind>
</comp>

<comp id="1727" class="1004" name="store_ln0_store_fu_1727">
<pin_list>
<pin id="1728" dir="0" index="0" bw="10" slack="2"/>
<pin id="1729" dir="0" index="1" bw="10" slack="0"/>
<pin id="1730" dir="1" index="2" bw="0" slack="2147483647"/>
</pin_list>
<bind>
<opcode="store(28) " fcode="store"/>
<opset="store_ln0/5 "/>
</bind>
</comp>

<comp id="1732" class="1004" name="store_ln0_store_fu_1732">
<pin_list>
<pin id="1733" dir="0" index="0" bw="10" slack="2"/>
<pin id="1734" dir="0" index="1" bw="10" slack="0"/>
<pin id="1735" dir="1" index="2" bw="0" slack="2147483647"/>
</pin_list>
<bind>
<opcode="store(28) " fcode="store"/>
<opset="store_ln0/5 "/>
</bind>
</comp>

<comp id="1737" class="1004" name="store_ln0_store_fu_1737">
<pin_list>
<pin id="1738" dir="0" index="0" bw="10" slack="2"/>
<pin id="1739" dir="0" index="1" bw="10" slack="0"/>
<pin id="1740" dir="1" index="2" bw="0" slack="2147483647"/>
</pin_list>
<bind>
<opcode="store(28) " fcode="store"/>
<opset="store_ln0/5 "/>
</bind>
</comp>

<comp id="1742" class="1004" name="store_ln0_store_fu_1742">
<pin_list>
<pin id="1743" dir="0" index="0" bw="10" slack="2"/>
<pin id="1744" dir="0" index="1" bw="10" slack="0"/>
<pin id="1745" dir="1" index="2" bw="0" slack="2147483647"/>
</pin_list>
<bind>
<opcode="store(28) " fcode="store"/>
<opset="store_ln0/5 "/>
</bind>
</comp>

<comp id="1747" class="1004" name="store_ln0_store_fu_1747">
<pin_list>
<pin id="1748" dir="0" index="0" bw="10" slack="3"/>
<pin id="1749" dir="0" index="1" bw="10" slack="0"/>
<pin id="1750" dir="1" index="2" bw="0" slack="2147483647"/>
</pin_list>
<bind>
<opcode="store(28) " fcode="store"/>
<opset="store_ln0/5 "/>
</bind>
</comp>

<comp id="1752" class="1004" name="store_ln0_store_fu_1752">
<pin_list>
<pin id="1753" dir="0" index="0" bw="10" slack="3"/>
<pin id="1754" dir="0" index="1" bw="10" slack="0"/>
<pin id="1755" dir="1" index="2" bw="0" slack="2147483647"/>
</pin_list>
<bind>
<opcode="store(28) " fcode="store"/>
<opset="store_ln0/5 "/>
</bind>
</comp>

<comp id="1757" class="1004" name="store_ln0_store_fu_1757">
<pin_list>
<pin id="1758" dir="0" index="0" bw="10" slack="2"/>
<pin id="1759" dir="0" index="1" bw="10" slack="0"/>
<pin id="1760" dir="1" index="2" bw="0" slack="2147483647"/>
</pin_list>
<bind>
<opcode="store(28) " fcode="store"/>
<opset="store_ln0/5 "/>
</bind>
</comp>

<comp id="1762" class="1004" name="store_ln0_store_fu_1762">
<pin_list>
<pin id="1763" dir="0" index="0" bw="10" slack="2"/>
<pin id="1764" dir="0" index="1" bw="10" slack="0"/>
<pin id="1765" dir="1" index="2" bw="0" slack="2147483647"/>
</pin_list>
<bind>
<opcode="store(28) " fcode="store"/>
<opset="store_ln0/5 "/>
</bind>
</comp>

<comp id="1767" class="1004" name="store_ln0_store_fu_1767">
<pin_list>
<pin id="1768" dir="0" index="0" bw="10" slack="2"/>
<pin id="1769" dir="0" index="1" bw="10" slack="0"/>
<pin id="1770" dir="1" index="2" bw="0" slack="2147483647"/>
</pin_list>
<bind>
<opcode="store(28) " fcode="store"/>
<opset="store_ln0/5 "/>
</bind>
</comp>

<comp id="1772" class="1004" name="store_ln0_store_fu_1772">
<pin_list>
<pin id="1773" dir="0" index="0" bw="10" slack="2"/>
<pin id="1774" dir="0" index="1" bw="10" slack="0"/>
<pin id="1775" dir="1" index="2" bw="0" slack="2147483647"/>
</pin_list>
<bind>
<opcode="store(28) " fcode="store"/>
<opset="store_ln0/5 "/>
</bind>
</comp>

<comp id="1777" class="1004" name="store_ln0_store_fu_1777">
<pin_list>
<pin id="1778" dir="0" index="0" bw="10" slack="2"/>
<pin id="1779" dir="0" index="1" bw="10" slack="0"/>
<pin id="1780" dir="1" index="2" bw="0" slack="2147483647"/>
</pin_list>
<bind>
<opcode="store(28) " fcode="store"/>
<opset="store_ln0/5 "/>
</bind>
</comp>

<comp id="1782" class="1004" name="store_ln0_store_fu_1782">
<pin_list>
<pin id="1783" dir="0" index="0" bw="10" slack="2"/>
<pin id="1784" dir="0" index="1" bw="10" slack="0"/>
<pin id="1785" dir="1" index="2" bw="0" slack="2147483647"/>
</pin_list>
<bind>
<opcode="store(28) " fcode="store"/>
<opset="store_ln0/5 "/>
</bind>
</comp>

<comp id="1787" class="1005" name="x_reg_1787">
<pin_list>
<pin id="1788" dir="0" index="0" bw="9" slack="0"/>
<pin id="1789" dir="1" index="1" bw="9" slack="0"/>
</pin_list>
<bind>
<opset="x "/>
</bind>
</comp>

<comp id="1794" class="1005" name="p_0_0_0117417921803_i_reg_1794">
<pin_list>
<pin id="1795" dir="0" index="0" bw="10" slack="0"/>
<pin id="1796" dir="1" index="1" bw="10" slack="0"/>
</pin_list>
<bind>
<opset="p_0_0_0117417921803_i "/>
</bind>
</comp>

<comp id="1801" class="1005" name="p_0_0_0117317941805_i_reg_1801">
<pin_list>
<pin id="1802" dir="0" index="0" bw="10" slack="0"/>
<pin id="1803" dir="1" index="1" bw="10" slack="0"/>
</pin_list>
<bind>
<opset="p_0_0_0117317941805_i "/>
</bind>
</comp>

<comp id="1808" class="1005" name="p_0_0_0117217961807_i_reg_1808">
<pin_list>
<pin id="1809" dir="0" index="0" bw="10" slack="0"/>
<pin id="1810" dir="1" index="1" bw="10" slack="0"/>
</pin_list>
<bind>
<opset="p_0_0_0117217961807_i "/>
</bind>
</comp>

<comp id="1815" class="1005" name="right_reg_1815">
<pin_list>
<pin id="1816" dir="0" index="0" bw="10" slack="0"/>
<pin id="1817" dir="1" index="1" bw="10" slack="0"/>
</pin_list>
<bind>
<opset="right "/>
</bind>
</comp>

<comp id="1823" class="1005" name="right_1_reg_1823">
<pin_list>
<pin id="1824" dir="0" index="0" bw="10" slack="0"/>
<pin id="1825" dir="1" index="1" bw="10" slack="0"/>
</pin_list>
<bind>
<opset="right_1 "/>
</bind>
</comp>

<comp id="1831" class="1005" name="right_2_reg_1831">
<pin_list>
<pin id="1832" dir="0" index="0" bw="10" slack="0"/>
<pin id="1833" dir="1" index="1" bw="10" slack="0"/>
</pin_list>
<bind>
<opset="right_2 "/>
</bind>
</comp>

<comp id="1839" class="1005" name="p_0_0_01196_217861815_i_reg_1839">
<pin_list>
<pin id="1840" dir="0" index="0" bw="10" slack="0"/>
<pin id="1841" dir="1" index="1" bw="10" slack="0"/>
</pin_list>
<bind>
<opset="p_0_0_01196_217861815_i "/>
</bind>
</comp>

<comp id="1846" class="1005" name="p_0_0_01195_217881817_i_reg_1846">
<pin_list>
<pin id="1847" dir="0" index="0" bw="10" slack="0"/>
<pin id="1848" dir="1" index="1" bw="10" slack="0"/>
</pin_list>
<bind>
<opset="p_0_0_01195_217881817_i "/>
</bind>
</comp>

<comp id="1853" class="1005" name="p_0_0_01194_217901819_i_reg_1853">
<pin_list>
<pin id="1854" dir="0" index="0" bw="10" slack="0"/>
<pin id="1855" dir="1" index="1" bw="10" slack="0"/>
</pin_list>
<bind>
<opset="p_0_0_01194_217901819_i "/>
</bind>
</comp>

<comp id="1860" class="1005" name="p_0_0_0_0_011661717_i_reg_1860">
<pin_list>
<pin id="1861" dir="0" index="0" bw="10" slack="0"/>
<pin id="1862" dir="1" index="1" bw="10" slack="0"/>
</pin_list>
<bind>
<opset="p_0_0_0_0_011661717_i "/>
</bind>
</comp>

<comp id="1867" class="1005" name="p_0_1_0_0_011671720_i_reg_1867">
<pin_list>
<pin id="1868" dir="0" index="0" bw="10" slack="0"/>
<pin id="1869" dir="1" index="1" bw="10" slack="0"/>
</pin_list>
<bind>
<opset="p_0_1_0_0_011671720_i "/>
</bind>
</comp>

<comp id="1874" class="1005" name="p_0_2_0_0_011681723_i_reg_1874">
<pin_list>
<pin id="1875" dir="0" index="0" bw="10" slack="0"/>
<pin id="1876" dir="1" index="1" bw="10" slack="0"/>
</pin_list>
<bind>
<opset="p_0_2_0_0_011681723_i "/>
</bind>
</comp>

<comp id="1881" class="1005" name="cmp59_i_read_reg_1881">
<pin_list>
<pin id="1882" dir="0" index="0" bw="1" slack="1"/>
<pin id="1883" dir="1" index="1" bw="1" slack="2147483647"/>
</pin_list>
<bind>
<opset="cmp59_i_read "/>
</bind>
</comp>

<comp id="1885" class="1005" name="cmp478_i_read_reg_1885">
<pin_list>
<pin id="1886" dir="0" index="0" bw="1" slack="2"/>
<pin id="1887" dir="1" index="1" bw="1" slack="2"/>
</pin_list>
<bind>
<opset="cmp478_i_read "/>
</bind>
</comp>

<comp id="1892" class="1005" name="icmp_ln881_reg_1892">
<pin_list>
<pin id="1893" dir="0" index="0" bw="1" slack="1"/>
<pin id="1894" dir="1" index="1" bw="1" slack="2147483647"/>
</pin_list>
<bind>
<opset="icmp_ln881 "/>
</bind>
</comp>

<comp id="1896" class="1005" name="icmp_ln891_reg_1896">
<pin_list>
<pin id="1897" dir="0" index="0" bw="1" slack="1"/>
<pin id="1898" dir="1" index="1" bw="1" slack="2147483647"/>
</pin_list>
<bind>
<opset="icmp_ln891 "/>
</bind>
</comp>

<comp id="1900" class="1005" name="lineBuffer_i_addr_reg_1900">
<pin_list>
<pin id="1901" dir="0" index="0" bw="9" slack="1"/>
<pin id="1902" dir="1" index="1" bw="9" slack="1"/>
</pin_list>
<bind>
<opset="lineBuffer_i_addr "/>
</bind>
</comp>

<comp id="1906" class="1005" name="lineBuffer_1_i_addr_reg_1906">
<pin_list>
<pin id="1907" dir="0" index="0" bw="9" slack="1"/>
<pin id="1908" dir="1" index="1" bw="9" slack="1"/>
</pin_list>
<bind>
<opset="lineBuffer_1_i_addr "/>
</bind>
</comp>

<comp id="1912" class="1005" name="cmp161_i_reg_1912">
<pin_list>
<pin id="1913" dir="0" index="0" bw="1" slack="2"/>
<pin id="1914" dir="1" index="1" bw="1" slack="2"/>
</pin_list>
<bind>
<opset="cmp161_i "/>
</bind>
</comp>

<comp id="1928" class="1005" name="icmp_ln1014_reg_1928">
<pin_list>
<pin id="1929" dir="0" index="0" bw="1" slack="2"/>
<pin id="1930" dir="1" index="1" bw="1" slack="4"/>
</pin_list>
<bind>
<opset="icmp_ln1014 "/>
</bind>
</comp>

<comp id="1935" class="1005" name="and_ln1052_reg_1935">
<pin_list>
<pin id="1936" dir="0" index="0" bw="1" slack="5"/>
<pin id="1937" dir="1" index="1" bw="1" slack="2147483647"/>
</pin_list>
<bind>
<opset="and_ln1052 "/>
</bind>
</comp>

<comp id="1939" class="1005" name="right_3_reg_1939">
<pin_list>
<pin id="1940" dir="0" index="0" bw="10" slack="1"/>
<pin id="1941" dir="1" index="1" bw="10" slack="1"/>
</pin_list>
<bind>
<opset="right_3 "/>
</bind>
</comp>

<comp id="1946" class="1005" name="right_4_reg_1946">
<pin_list>
<pin id="1947" dir="0" index="0" bw="10" slack="1"/>
<pin id="1948" dir="1" index="1" bw="10" slack="1"/>
</pin_list>
<bind>
<opset="right_4 "/>
</bind>
</comp>

<comp id="1953" class="1005" name="trunc_ln902_reg_1953">
<pin_list>
<pin id="1954" dir="0" index="0" bw="10" slack="1"/>
<pin id="1955" dir="1" index="1" bw="10" slack="1"/>
</pin_list>
<bind>
<opset="trunc_ln902 "/>
</bind>
</comp>

<comp id="1961" class="1005" name="tmp_i1_reg_1961">
<pin_list>
<pin id="1962" dir="0" index="0" bw="10" slack="1"/>
<pin id="1963" dir="1" index="1" bw="10" slack="1"/>
</pin_list>
<bind>
<opset="tmp_i1 "/>
</bind>
</comp>

<comp id="1969" class="1005" name="tmp_1_i2_reg_1969">
<pin_list>
<pin id="1970" dir="0" index="0" bw="10" slack="1"/>
<pin id="1971" dir="1" index="1" bw="10" slack="1"/>
</pin_list>
<bind>
<opset="tmp_1_i2 "/>
</bind>
</comp>

<comp id="1978" class="1005" name="trunc_ln902_1_reg_1978">
<pin_list>
<pin id="1979" dir="0" index="0" bw="10" slack="1"/>
<pin id="1980" dir="1" index="1" bw="10" slack="1"/>
</pin_list>
<bind>
<opset="trunc_ln902_1 "/>
</bind>
</comp>

<comp id="1984" class="1005" name="tmp_3_i3_reg_1984">
<pin_list>
<pin id="1985" dir="0" index="0" bw="10" slack="1"/>
<pin id="1986" dir="1" index="1" bw="10" slack="1"/>
</pin_list>
<bind>
<opset="tmp_3_i3 "/>
</bind>
</comp>

<comp id="1990" class="1005" name="tmp_4_i4_reg_1990">
<pin_list>
<pin id="1991" dir="0" index="0" bw="10" slack="1"/>
<pin id="1992" dir="1" index="1" bw="10" slack="1"/>
</pin_list>
<bind>
<opset="tmp_4_i4 "/>
</bind>
</comp>

<comp id="1996" class="1005" name="InPix_reg_1996">
<pin_list>
<pin id="1997" dir="0" index="0" bw="30" slack="1"/>
<pin id="1998" dir="1" index="1" bw="30" slack="1"/>
</pin_list>
<bind>
<opset="InPix "/>
</bind>
</comp>

<comp id="2001" class="1005" name="trunc_ln913_reg_2001">
<pin_list>
<pin id="2002" dir="0" index="0" bw="10" slack="1"/>
<pin id="2003" dir="1" index="1" bw="10" slack="1"/>
</pin_list>
<bind>
<opset="trunc_ln913 "/>
</bind>
</comp>

<comp id="2006" class="1005" name="trunc_ln913_1_i_reg_2006">
<pin_list>
<pin id="2007" dir="0" index="0" bw="10" slack="1"/>
<pin id="2008" dir="1" index="1" bw="10" slack="1"/>
</pin_list>
<bind>
<opset="trunc_ln913_1_i "/>
</bind>
</comp>

<comp id="2011" class="1005" name="trunc_ln913_2_i_reg_2011">
<pin_list>
<pin id="2012" dir="0" index="0" bw="10" slack="1"/>
<pin id="2013" dir="1" index="1" bw="10" slack="1"/>
</pin_list>
<bind>
<opset="trunc_ln913_2_i "/>
</bind>
</comp>

<comp id="2016" class="1005" name="p_0_0_0117417921803_i_load_reg_2016">
<pin_list>
<pin id="2017" dir="0" index="0" bw="10" slack="2"/>
<pin id="2018" dir="1" index="1" bw="10" slack="2"/>
</pin_list>
<bind>
<opset="p_0_0_0117417921803_i_load "/>
</bind>
</comp>

<comp id="2021" class="1005" name="p_0_0_0117317941805_i_load_reg_2021">
<pin_list>
<pin id="2022" dir="0" index="0" bw="10" slack="2"/>
<pin id="2023" dir="1" index="1" bw="10" slack="2"/>
</pin_list>
<bind>
<opset="p_0_0_0117317941805_i_load "/>
</bind>
</comp>

<comp id="2026" class="1005" name="p_0_0_0117217961807_i_load_reg_2026">
<pin_list>
<pin id="2027" dir="0" index="0" bw="10" slack="2"/>
<pin id="2028" dir="1" index="1" bw="10" slack="2"/>
</pin_list>
<bind>
<opset="p_0_0_0117217961807_i_load "/>
</bind>
</comp>

<comp id="2031" class="1005" name="right_5_reg_2031">
<pin_list>
<pin id="2032" dir="0" index="0" bw="10" slack="2"/>
<pin id="2033" dir="1" index="1" bw="10" slack="2"/>
</pin_list>
<bind>
<opset="right_5 "/>
</bind>
</comp>

<comp id="2036" class="1005" name="p_0_0_01196_217861815_i_load_reg_2036">
<pin_list>
<pin id="2037" dir="0" index="0" bw="10" slack="2"/>
<pin id="2038" dir="1" index="1" bw="10" slack="2"/>
</pin_list>
<bind>
<opset="p_0_0_01196_217861815_i_load "/>
</bind>
</comp>

<comp id="2041" class="1005" name="p_0_0_01195_217881817_i_load_reg_2041">
<pin_list>
<pin id="2042" dir="0" index="0" bw="10" slack="2"/>
<pin id="2043" dir="1" index="1" bw="10" slack="2"/>
</pin_list>
<bind>
<opset="p_0_0_01195_217881817_i_load "/>
</bind>
</comp>

<comp id="2046" class="1005" name="p_0_0_01194_217901819_i_load_reg_2046">
<pin_list>
<pin id="2047" dir="0" index="0" bw="10" slack="2"/>
<pin id="2048" dir="1" index="1" bw="10" slack="2"/>
</pin_list>
<bind>
<opset="p_0_0_01194_217901819_i_load "/>
</bind>
</comp>

<comp id="2051" class="1005" name="p_0_0_0_0_011661717_i_load_reg_2051">
<pin_list>
<pin id="2052" dir="0" index="0" bw="10" slack="2"/>
<pin id="2053" dir="1" index="1" bw="10" slack="2"/>
</pin_list>
<bind>
<opset="p_0_0_0_0_011661717_i_load "/>
</bind>
</comp>

<comp id="2056" class="1005" name="p_0_1_0_0_011671720_i_load_reg_2056">
<pin_list>
<pin id="2057" dir="0" index="0" bw="10" slack="2"/>
<pin id="2058" dir="1" index="1" bw="10" slack="2"/>
</pin_list>
<bind>
<opset="p_0_1_0_0_011671720_i_load "/>
</bind>
</comp>

<comp id="2061" class="1005" name="p_0_2_0_0_011681723_i_load_reg_2061">
<pin_list>
<pin id="2062" dir="0" index="0" bw="10" slack="1"/>
<pin id="2063" dir="1" index="1" bw="10" slack="1"/>
</pin_list>
<bind>
<opset="p_0_2_0_0_011681723_i_load "/>
</bind>
</comp>

<comp id="2067" class="1005" name="select_ln957_5_reg_2067">
<pin_list>
<pin id="2068" dir="0" index="0" bw="10" slack="1"/>
<pin id="2069" dir="1" index="1" bw="10" slack="1"/>
</pin_list>
<bind>
<opset="select_ln957_5 "/>
</bind>
</comp>

<comp id="2072" class="1005" name="zext_ln1023_reg_2072">
<pin_list>
<pin id="2073" dir="0" index="0" bw="11" slack="1"/>
<pin id="2074" dir="1" index="1" bw="11" slack="1"/>
</pin_list>
<bind>
<opset="zext_ln1023 "/>
</bind>
</comp>

<comp id="2077" class="1005" name="zext_ln1023_1_reg_2077">
<pin_list>
<pin id="2078" dir="0" index="0" bw="11" slack="1"/>
<pin id="2079" dir="1" index="1" bw="11" slack="1"/>
</pin_list>
<bind>
<opset="zext_ln1023_1 "/>
</bind>
</comp>

<comp id="2082" class="1005" name="sub_ln1023_reg_2082">
<pin_list>
<pin id="2083" dir="0" index="0" bw="11" slack="1"/>
<pin id="2084" dir="1" index="1" bw="11" slack="1"/>
</pin_list>
<bind>
<opset="sub_ln1023 "/>
</bind>
</comp>

<comp id="2087" class="1005" name="trunc_ln61_reg_2087">
<pin_list>
<pin id="2088" dir="0" index="0" bw="10" slack="1"/>
<pin id="2089" dir="1" index="1" bw="10" slack="1"/>
</pin_list>
<bind>
<opset="trunc_ln61 "/>
</bind>
</comp>

<comp id="2093" class="1005" name="sub_ln1024_reg_2093">
<pin_list>
<pin id="2094" dir="0" index="0" bw="11" slack="1"/>
<pin id="2095" dir="1" index="1" bw="11" slack="1"/>
</pin_list>
<bind>
<opset="sub_ln1024 "/>
</bind>
</comp>

<comp id="2098" class="1005" name="trunc_ln61_4_reg_2098">
<pin_list>
<pin id="2099" dir="0" index="0" bw="10" slack="1"/>
<pin id="2100" dir="1" index="1" bw="10" slack="1"/>
</pin_list>
<bind>
<opset="trunc_ln61_4 "/>
</bind>
</comp>

<comp id="2104" class="1005" name="zext_ln1025_reg_2104">
<pin_list>
<pin id="2105" dir="0" index="0" bw="11" slack="1"/>
<pin id="2106" dir="1" index="1" bw="11" slack="1"/>
</pin_list>
<bind>
<opset="zext_ln1025 "/>
</bind>
</comp>

<comp id="2110" class="1005" name="zext_ln1025_1_reg_2110">
<pin_list>
<pin id="2111" dir="0" index="0" bw="11" slack="1"/>
<pin id="2112" dir="1" index="1" bw="11" slack="1"/>
</pin_list>
<bind>
<opset="zext_ln1025_1 "/>
</bind>
</comp>

<comp id="2116" class="1005" name="sub_ln1025_reg_2116">
<pin_list>
<pin id="2117" dir="0" index="0" bw="11" slack="1"/>
<pin id="2118" dir="1" index="1" bw="11" slack="1"/>
</pin_list>
<bind>
<opset="sub_ln1025 "/>
</bind>
</comp>

<comp id="2121" class="1005" name="trunc_ln61_5_reg_2121">
<pin_list>
<pin id="2122" dir="0" index="0" bw="10" slack="1"/>
<pin id="2123" dir="1" index="1" bw="10" slack="1"/>
</pin_list>
<bind>
<opset="trunc_ln61_5 "/>
</bind>
</comp>

<comp id="2127" class="1005" name="sub_ln1026_reg_2127">
<pin_list>
<pin id="2128" dir="0" index="0" bw="11" slack="1"/>
<pin id="2129" dir="1" index="1" bw="11" slack="1"/>
</pin_list>
<bind>
<opset="sub_ln1026 "/>
</bind>
</comp>

<comp id="2132" class="1005" name="trunc_ln61_6_reg_2132">
<pin_list>
<pin id="2133" dir="0" index="0" bw="10" slack="1"/>
<pin id="2134" dir="1" index="1" bw="10" slack="1"/>
</pin_list>
<bind>
<opset="trunc_ln61_6 "/>
</bind>
</comp>

<comp id="2138" class="1005" name="zext_ln1028_reg_2138">
<pin_list>
<pin id="2139" dir="0" index="0" bw="11" slack="1"/>
<pin id="2140" dir="1" index="1" bw="11" slack="1"/>
</pin_list>
<bind>
<opset="zext_ln1028 "/>
</bind>
</comp>

<comp id="2143" class="1005" name="zext_ln1028_1_reg_2143">
<pin_list>
<pin id="2144" dir="0" index="0" bw="11" slack="1"/>
<pin id="2145" dir="1" index="1" bw="11" slack="1"/>
</pin_list>
<bind>
<opset="zext_ln1028_1 "/>
</bind>
</comp>

<comp id="2148" class="1005" name="sub_ln1039_reg_2148">
<pin_list>
<pin id="2149" dir="0" index="0" bw="11" slack="1"/>
<pin id="2150" dir="1" index="1" bw="11" slack="1"/>
</pin_list>
<bind>
<opset="sub_ln1039 "/>
</bind>
</comp>

<comp id="2153" class="1005" name="sub_ln1039_1_reg_2153">
<pin_list>
<pin id="2154" dir="0" index="0" bw="11" slack="1"/>
<pin id="2155" dir="1" index="1" bw="11" slack="1"/>
</pin_list>
<bind>
<opset="sub_ln1039_1 "/>
</bind>
</comp>

<comp id="2158" class="1005" name="sub_ln1040_reg_2158">
<pin_list>
<pin id="2159" dir="0" index="0" bw="11" slack="1"/>
<pin id="2160" dir="1" index="1" bw="11" slack="1"/>
</pin_list>
<bind>
<opset="sub_ln1040 "/>
</bind>
</comp>

<comp id="2163" class="1005" name="sub_ln1040_1_reg_2163">
<pin_list>
<pin id="2164" dir="0" index="0" bw="11" slack="1"/>
<pin id="2165" dir="1" index="1" bw="11" slack="1"/>
</pin_list>
<bind>
<opset="sub_ln1040_1 "/>
</bind>
</comp>

<comp id="2168" class="1005" name="add_ln1030_1_reg_2168">
<pin_list>
<pin id="2169" dir="0" index="0" bw="12" slack="1"/>
<pin id="2170" dir="1" index="1" bw="12" slack="1"/>
</pin_list>
<bind>
<opset="add_ln1030_1 "/>
</bind>
</comp>

<comp id="2173" class="1005" name="add_ln1030_3_reg_2173">
<pin_list>
<pin id="2174" dir="0" index="0" bw="12" slack="1"/>
<pin id="2175" dir="1" index="1" bw="12" slack="1"/>
</pin_list>
<bind>
<opset="add_ln1030_3 "/>
</bind>
</comp>

<comp id="2178" class="1005" name="add_ln1033_reg_2178">
<pin_list>
<pin id="2179" dir="0" index="0" bw="12" slack="1"/>
<pin id="2180" dir="1" index="1" bw="12" slack="1"/>
</pin_list>
<bind>
<opset="add_ln1033 "/>
</bind>
</comp>

<comp id="2184" class="1005" name="trunc_ln1033_2_i_reg_2184">
<pin_list>
<pin id="2185" dir="0" index="0" bw="11" slack="1"/>
<pin id="2186" dir="1" index="1" bw="11" slack="1"/>
</pin_list>
<bind>
<opset="trunc_ln1033_2_i "/>
</bind>
</comp>

<comp id="2189" class="1005" name="add_ln1034_reg_2189">
<pin_list>
<pin id="2190" dir="0" index="0" bw="12" slack="1"/>
<pin id="2191" dir="1" index="1" bw="12" slack="1"/>
</pin_list>
<bind>
<opset="add_ln1034 "/>
</bind>
</comp>

<comp id="2195" class="1005" name="trunc_ln1034_2_i_reg_2195">
<pin_list>
<pin id="2196" dir="0" index="0" bw="11" slack="1"/>
<pin id="2197" dir="1" index="1" bw="11" slack="1"/>
</pin_list>
<bind>
<opset="trunc_ln1034_2_i "/>
</bind>
</comp>

<comp id="2200" class="1005" name="add_ln1039_reg_2200">
<pin_list>
<pin id="2201" dir="0" index="0" bw="12" slack="1"/>
<pin id="2202" dir="1" index="1" bw="12" slack="1"/>
</pin_list>
<bind>
<opset="add_ln1039 "/>
</bind>
</comp>

<comp id="2206" class="1005" name="sub_ln1039_3_reg_2206">
<pin_list>
<pin id="2207" dir="0" index="0" bw="13" slack="1"/>
<pin id="2208" dir="1" index="1" bw="13" slack="1"/>
</pin_list>
<bind>
<opset="sub_ln1039_3 "/>
</bind>
</comp>

<comp id="2211" class="1005" name="add_ln1040_reg_2211">
<pin_list>
<pin id="2212" dir="0" index="0" bw="12" slack="1"/>
<pin id="2213" dir="1" index="1" bw="12" slack="1"/>
</pin_list>
<bind>
<opset="add_ln1040 "/>
</bind>
</comp>

<comp id="2217" class="1005" name="sub_ln1040_3_reg_2217">
<pin_list>
<pin id="2218" dir="0" index="0" bw="13" slack="1"/>
<pin id="2219" dir="1" index="1" bw="13" slack="1"/>
</pin_list>
<bind>
<opset="sub_ln1040_3 "/>
</bind>
</comp>

<comp id="2222" class="1005" name="r_2_reg_2222">
<pin_list>
<pin id="2223" dir="0" index="0" bw="14" slack="1"/>
<pin id="2224" dir="1" index="1" bw="14" slack="1"/>
</pin_list>
<bind>
<opset="r_2 "/>
</bind>
</comp>

<comp id="2227" class="1005" name="b_2_reg_2227">
<pin_list>
<pin id="2228" dir="0" index="0" bw="14" slack="1"/>
<pin id="2229" dir="1" index="1" bw="14" slack="1"/>
</pin_list>
<bind>
<opset="b_2 "/>
</bind>
</comp>

<comp id="2232" class="1005" name="tmp_22_reg_2232">
<pin_list>
<pin id="2233" dir="0" index="0" bw="1" slack="1"/>
<pin id="2234" dir="1" index="1" bw="1" slack="1"/>
</pin_list>
<bind>
<opset="tmp_22 "/>
</bind>
</comp>

<comp id="2238" class="1005" name="icmp_ln1042_reg_2238">
<pin_list>
<pin id="2239" dir="0" index="0" bw="1" slack="1"/>
<pin id="2240" dir="1" index="1" bw="1" slack="1"/>
</pin_list>
<bind>
<opset="icmp_ln1042 "/>
</bind>
</comp>

<comp id="2243" class="1005" name="icmp_ln1043_reg_2243">
<pin_list>
<pin id="2244" dir="0" index="0" bw="1" slack="1"/>
<pin id="2245" dir="1" index="1" bw="1" slack="1"/>
</pin_list>
<bind>
<opset="icmp_ln1043 "/>
</bind>
</comp>

<comp id="2248" class="1005" name="and_ln1043_reg_2248">
<pin_list>
<pin id="2249" dir="0" index="0" bw="1" slack="1"/>
<pin id="2250" dir="1" index="1" bw="1" slack="1"/>
</pin_list>
<bind>
<opset="and_ln1043 "/>
</bind>
</comp>

</comp_list>

<net_list>
<net id="151"><net_src comp="68" pin="0"/><net_sink comp="148" pin=0"/></net>

<net id="155"><net_src comp="68" pin="0"/><net_sink comp="152" pin=0"/></net>

<net id="159"><net_src comp="68" pin="0"/><net_sink comp="156" pin=0"/></net>

<net id="163"><net_src comp="68" pin="0"/><net_sink comp="160" pin=0"/></net>

<net id="167"><net_src comp="68" pin="0"/><net_sink comp="164" pin=0"/></net>

<net id="171"><net_src comp="68" pin="0"/><net_sink comp="168" pin=0"/></net>

<net id="175"><net_src comp="68" pin="0"/><net_sink comp="172" pin=0"/></net>

<net id="179"><net_src comp="68" pin="0"/><net_sink comp="176" pin=0"/></net>

<net id="183"><net_src comp="68" pin="0"/><net_sink comp="180" pin=0"/></net>

<net id="187"><net_src comp="68" pin="0"/><net_sink comp="184" pin=0"/></net>

<net id="191"><net_src comp="68" pin="0"/><net_sink comp="188" pin=0"/></net>

<net id="195"><net_src comp="68" pin="0"/><net_sink comp="192" pin=0"/></net>

<net id="199"><net_src comp="68" pin="0"/><net_sink comp="196" pin=0"/></net>

<net id="204"><net_src comp="80" pin="0"/><net_sink comp="200" pin=0"/></net>

<net id="205"><net_src comp="38" pin="0"/><net_sink comp="200" pin=1"/></net>

<net id="210"><net_src comp="82" pin="0"/><net_sink comp="206" pin=0"/></net>

<net id="211"><net_src comp="36" pin="0"/><net_sink comp="206" pin=1"/></net>

<net id="216"><net_src comp="80" pin="0"/><net_sink comp="212" pin=0"/></net>

<net id="217"><net_src comp="30" pin="0"/><net_sink comp="212" pin=1"/></net>

<net id="222"><net_src comp="84" pin="0"/><net_sink comp="218" pin=0"/></net>

<net id="223"><net_src comp="28" pin="0"/><net_sink comp="218" pin=1"/></net>

<net id="228"><net_src comp="80" pin="0"/><net_sink comp="224" pin=0"/></net>

<net id="229"><net_src comp="26" pin="0"/><net_sink comp="224" pin=1"/></net>

<net id="234"><net_src comp="82" pin="0"/><net_sink comp="230" pin=0"/></net>

<net id="235"><net_src comp="24" pin="0"/><net_sink comp="230" pin=1"/></net>

<net id="240"><net_src comp="86" pin="0"/><net_sink comp="236" pin=0"/></net>

<net id="241"><net_src comp="22" pin="0"/><net_sink comp="236" pin=1"/></net>

<net id="246"><net_src comp="86" pin="0"/><net_sink comp="242" pin=0"/></net>

<net id="247"><net_src comp="20" pin="0"/><net_sink comp="242" pin=1"/></net>

<net id="252"><net_src comp="86" pin="0"/><net_sink comp="248" pin=0"/></net>

<net id="253"><net_src comp="18" pin="0"/><net_sink comp="248" pin=1"/></net>

<net id="258"><net_src comp="86" pin="0"/><net_sink comp="254" pin=0"/></net>

<net id="259"><net_src comp="16" pin="0"/><net_sink comp="254" pin=1"/></net>

<net id="264"><net_src comp="86" pin="0"/><net_sink comp="260" pin=0"/></net>

<net id="265"><net_src comp="14" pin="0"/><net_sink comp="260" pin=1"/></net>

<net id="270"><net_src comp="86" pin="0"/><net_sink comp="266" pin=0"/></net>

<net id="271"><net_src comp="12" pin="0"/><net_sink comp="266" pin=1"/></net>

<net id="276"><net_src comp="86" pin="0"/><net_sink comp="272" pin=0"/></net>

<net id="277"><net_src comp="10" pin="0"/><net_sink comp="272" pin=1"/></net>

<net id="282"><net_src comp="86" pin="0"/><net_sink comp="278" pin=0"/></net>

<net id="283"><net_src comp="8" pin="0"/><net_sink comp="278" pin=1"/></net>

<net id="288"><net_src comp="86" pin="0"/><net_sink comp="284" pin=0"/></net>

<net id="289"><net_src comp="6" pin="0"/><net_sink comp="284" pin=1"/></net>

<net id="294"><net_src comp="86" pin="0"/><net_sink comp="290" pin=0"/></net>

<net id="295"><net_src comp="4" pin="0"/><net_sink comp="290" pin=1"/></net>

<net id="300"><net_src comp="86" pin="0"/><net_sink comp="296" pin=0"/></net>

<net id="301"><net_src comp="2" pin="0"/><net_sink comp="296" pin=1"/></net>

<net id="306"><net_src comp="86" pin="0"/><net_sink comp="302" pin=0"/></net>

<net id="307"><net_src comp="0" pin="0"/><net_sink comp="302" pin=1"/></net>

<net id="312"><net_src comp="106" pin="0"/><net_sink comp="308" pin=0"/></net>

<net id="313"><net_src comp="40" pin="0"/><net_sink comp="308" pin=1"/></net>

<net id="319"><net_src comp="146" pin="0"/><net_sink comp="314" pin=0"/></net>

<net id="320"><net_src comp="42" pin="0"/><net_sink comp="314" pin=1"/></net>

<net id="326"><net_src comp="34" pin="0"/><net_sink comp="321" pin=0"/></net>

<net id="327"><net_src comp="92" pin="0"/><net_sink comp="321" pin=1"/></net>

<net id="333"><net_src comp="32" pin="0"/><net_sink comp="328" pin=0"/></net>

<net id="334"><net_src comp="92" pin="0"/><net_sink comp="328" pin=1"/></net>

<net id="344"><net_src comp="321" pin="3"/><net_sink comp="335" pin=2"/></net>

<net id="354"><net_src comp="328" pin="3"/><net_sink comp="345" pin=2"/></net>

<net id="436"><net_src comp="430" pin="4"/><net_sink comp="427" pin=0"/></net>

<net id="446"><net_src comp="440" pin="4"/><net_sink comp="437" pin=0"/></net>

<net id="456"><net_src comp="450" pin="4"/><net_sink comp="447" pin=0"/></net>

<net id="497"><net_src comp="248" pin="2"/><net_sink comp="493" pin=0"/></net>

<net id="502"><net_src comp="242" pin="2"/><net_sink comp="498" pin=0"/></net>

<net id="507"><net_src comp="236" pin="2"/><net_sink comp="503" pin=0"/></net>

<net id="512"><net_src comp="302" pin="2"/><net_sink comp="508" pin=0"/></net>

<net id="517"><net_src comp="296" pin="2"/><net_sink comp="513" pin=0"/></net>

<net id="522"><net_src comp="290" pin="2"/><net_sink comp="518" pin=0"/></net>

<net id="527"><net_src comp="284" pin="2"/><net_sink comp="523" pin=0"/></net>

<net id="532"><net_src comp="278" pin="2"/><net_sink comp="528" pin=0"/></net>

<net id="537"><net_src comp="272" pin="2"/><net_sink comp="533" pin=0"/></net>

<net id="542"><net_src comp="266" pin="2"/><net_sink comp="538" pin=0"/></net>

<net id="547"><net_src comp="260" pin="2"/><net_sink comp="543" pin=0"/></net>

<net id="552"><net_src comp="254" pin="2"/><net_sink comp="548" pin=0"/></net>

<net id="557"><net_src comp="88" pin="0"/><net_sink comp="553" pin=0"/></net>

<net id="565"><net_src comp="558" pin="1"/><net_sink comp="561" pin=0"/></net>

<net id="566"><net_src comp="230" pin="2"/><net_sink comp="561" pin=1"/></net>

<net id="571"><net_src comp="558" pin="1"/><net_sink comp="567" pin=0"/></net>

<net id="572"><net_src comp="90" pin="0"/><net_sink comp="567" pin=1"/></net>

<net id="576"><net_src comp="558" pin="1"/><net_sink comp="573" pin=0"/></net>

<net id="580"><net_src comp="567" pin="2"/><net_sink comp="577" pin=0"/></net>

<net id="581"><net_src comp="577" pin="1"/><net_sink comp="321" pin=2"/></net>

<net id="582"><net_src comp="577" pin="1"/><net_sink comp="328" pin=2"/></net>

<net id="587"><net_src comp="558" pin="1"/><net_sink comp="583" pin=0"/></net>

<net id="588"><net_src comp="206" pin="2"/><net_sink comp="583" pin=1"/></net>

<net id="593"><net_src comp="558" pin="1"/><net_sink comp="589" pin=0"/></net>

<net id="594"><net_src comp="88" pin="0"/><net_sink comp="589" pin=1"/></net>

<net id="599"><net_src comp="224" pin="2"/><net_sink comp="595" pin=0"/></net>

<net id="600"><net_src comp="573" pin="1"/><net_sink comp="595" pin=1"/></net>

<net id="605"><net_src comp="595" pin="2"/><net_sink comp="601" pin=0"/></net>

<net id="606"><net_src comp="94" pin="0"/><net_sink comp="601" pin=1"/></net>

<net id="610"><net_src comp="601" pin="2"/><net_sink comp="607" pin=0"/></net>

<net id="615"><net_src comp="218" pin="2"/><net_sink comp="611" pin=0"/></net>

<net id="616"><net_src comp="607" pin="1"/><net_sink comp="611" pin=1"/></net>

<net id="621"><net_src comp="558" pin="1"/><net_sink comp="617" pin=0"/></net>

<net id="622"><net_src comp="88" pin="0"/><net_sink comp="617" pin=1"/></net>

<net id="627"><net_src comp="212" pin="2"/><net_sink comp="623" pin=0"/></net>

<net id="628"><net_src comp="617" pin="2"/><net_sink comp="623" pin=1"/></net>

<net id="633"><net_src comp="567" pin="2"/><net_sink comp="629" pin=0"/></net>

<net id="643"><net_src comp="335" pin="7"/><net_sink comp="640" pin=0"/></net>

<net id="650"><net_src comp="96" pin="0"/><net_sink comp="644" pin=0"/></net>

<net id="651"><net_src comp="335" pin="7"/><net_sink comp="644" pin=1"/></net>

<net id="652"><net_src comp="98" pin="0"/><net_sink comp="644" pin=2"/></net>

<net id="653"><net_src comp="100" pin="0"/><net_sink comp="644" pin=3"/></net>

<net id="660"><net_src comp="96" pin="0"/><net_sink comp="654" pin=0"/></net>

<net id="661"><net_src comp="335" pin="7"/><net_sink comp="654" pin=1"/></net>

<net id="662"><net_src comp="102" pin="0"/><net_sink comp="654" pin=2"/></net>

<net id="663"><net_src comp="104" pin="0"/><net_sink comp="654" pin=3"/></net>

<net id="667"><net_src comp="345" pin="7"/><net_sink comp="664" pin=0"/></net>

<net id="674"><net_src comp="96" pin="0"/><net_sink comp="668" pin=0"/></net>

<net id="675"><net_src comp="345" pin="7"/><net_sink comp="668" pin=1"/></net>

<net id="676"><net_src comp="98" pin="0"/><net_sink comp="668" pin=2"/></net>

<net id="677"><net_src comp="100" pin="0"/><net_sink comp="668" pin=3"/></net>

<net id="684"><net_src comp="96" pin="0"/><net_sink comp="678" pin=0"/></net>

<net id="685"><net_src comp="345" pin="7"/><net_sink comp="678" pin=1"/></net>

<net id="686"><net_src comp="102" pin="0"/><net_sink comp="678" pin=2"/></net>

<net id="687"><net_src comp="104" pin="0"/><net_sink comp="678" pin=3"/></net>

<net id="691"><net_src comp="308" pin="2"/><net_sink comp="688" pin=0"/></net>

<net id="698"><net_src comp="96" pin="0"/><net_sink comp="692" pin=0"/></net>

<net id="699"><net_src comp="308" pin="2"/><net_sink comp="692" pin=1"/></net>

<net id="700"><net_src comp="98" pin="0"/><net_sink comp="692" pin=2"/></net>

<net id="701"><net_src comp="100" pin="0"/><net_sink comp="692" pin=3"/></net>

<net id="708"><net_src comp="96" pin="0"/><net_sink comp="702" pin=0"/></net>

<net id="709"><net_src comp="308" pin="2"/><net_sink comp="702" pin=1"/></net>

<net id="710"><net_src comp="102" pin="0"/><net_sink comp="702" pin=2"/></net>

<net id="711"><net_src comp="104" pin="0"/><net_sink comp="702" pin=3"/></net>

<net id="716"><net_src comp="644" pin="4"/><net_sink comp="712" pin=0"/></net>

<net id="721"><net_src comp="640" pin="1"/><net_sink comp="717" pin=0"/></net>

<net id="725"><net_src comp="722" pin="1"/><net_sink comp="478" pin=2"/></net>

<net id="729"><net_src comp="726" pin="1"/><net_sink comp="469" pin=2"/></net>

<net id="733"><net_src comp="730" pin="1"/><net_sink comp="460" pin=2"/></net>

<net id="737"><net_src comp="734" pin="1"/><net_sink comp="430" pin=2"/></net>

<net id="741"><net_src comp="738" pin="1"/><net_sink comp="403" pin=2"/></net>

<net id="745"><net_src comp="742" pin="1"/><net_sink comp="394" pin=2"/></net>

<net id="749"><net_src comp="746" pin="1"/><net_sink comp="385" pin=2"/></net>

<net id="753"><net_src comp="750" pin="1"/><net_sink comp="421" pin=2"/></net>

<net id="757"><net_src comp="754" pin="1"/><net_sink comp="412" pin=2"/></net>

<net id="766"><net_src comp="761" pin="3"/><net_sink comp="450" pin=0"/></net>

<net id="772"><net_src comp="767" pin="3"/><net_sink comp="440" pin=0"/></net>

<net id="778"><net_src comp="734" pin="1"/><net_sink comp="773" pin=2"/></net>

<net id="779"><net_src comp="773" pin="3"/><net_sink comp="430" pin=0"/></net>

<net id="785"><net_src comp="750" pin="1"/><net_sink comp="780" pin=2"/></net>

<net id="786"><net_src comp="780" pin="3"/><net_sink comp="421" pin=0"/></net>

<net id="792"><net_src comp="754" pin="1"/><net_sink comp="787" pin=2"/></net>

<net id="793"><net_src comp="787" pin="3"/><net_sink comp="412" pin=0"/></net>

<net id="799"><net_src comp="758" pin="1"/><net_sink comp="794" pin=2"/></net>

<net id="805"><net_src comp="730" pin="1"/><net_sink comp="800" pin=2"/></net>

<net id="806"><net_src comp="800" pin="3"/><net_sink comp="460" pin=0"/></net>

<net id="812"><net_src comp="726" pin="1"/><net_sink comp="807" pin=2"/></net>

<net id="813"><net_src comp="807" pin="3"/><net_sink comp="469" pin=0"/></net>

<net id="819"><net_src comp="722" pin="1"/><net_sink comp="814" pin=2"/></net>

<net id="820"><net_src comp="814" pin="3"/><net_sink comp="478" pin=0"/></net>

<net id="826"><net_src comp="358" pin="4"/><net_sink comp="821" pin=1"/></net>

<net id="827"><net_src comp="746" pin="1"/><net_sink comp="821" pin=2"/></net>

<net id="828"><net_src comp="821" pin="3"/><net_sink comp="385" pin=0"/></net>

<net id="834"><net_src comp="367" pin="4"/><net_sink comp="829" pin=1"/></net>

<net id="835"><net_src comp="742" pin="1"/><net_sink comp="829" pin=2"/></net>

<net id="836"><net_src comp="829" pin="3"/><net_sink comp="394" pin=0"/></net>

<net id="842"><net_src comp="376" pin="4"/><net_sink comp="837" pin=1"/></net>

<net id="843"><net_src comp="738" pin="1"/><net_sink comp="837" pin=2"/></net>

<net id="844"><net_src comp="837" pin="3"/><net_sink comp="403" pin=0"/></net>

<net id="850"><net_src comp="358" pin="4"/><net_sink comp="845" pin=2"/></net>

<net id="856"><net_src comp="367" pin="4"/><net_sink comp="851" pin=2"/></net>

<net id="862"><net_src comp="376" pin="4"/><net_sink comp="857" pin=2"/></net>

<net id="869"><net_src comp="120" pin="0"/><net_sink comp="863" pin=0"/></net>

<net id="870"><net_src comp="845" pin="3"/><net_sink comp="863" pin=1"/></net>

<net id="871"><net_src comp="851" pin="3"/><net_sink comp="863" pin=2"/></net>

<net id="872"><net_src comp="857" pin="3"/><net_sink comp="863" pin=3"/></net>

<net id="873"><net_src comp="863" pin="4"/><net_sink comp="345" pin=1"/></net>

<net id="878"><net_src comp="358" pin="4"/><net_sink comp="874" pin=0"/></net>

<net id="883"><net_src comp="367" pin="4"/><net_sink comp="879" pin=0"/></net>

<net id="888"><net_src comp="376" pin="4"/><net_sink comp="884" pin=0"/></net>

<net id="914"><net_src comp="421" pin="4"/><net_sink comp="911" pin=0"/></net>

<net id="918"><net_src comp="905" pin="1"/><net_sink comp="915" pin=0"/></net>

<net id="923"><net_src comp="911" pin="1"/><net_sink comp="919" pin=0"/></net>

<net id="924"><net_src comp="915" pin="1"/><net_sink comp="919" pin=1"/></net>

<net id="928"><net_src comp="919" pin="2"/><net_sink comp="925" pin=0"/></net>

<net id="932"><net_src comp="478" pin="4"/><net_sink comp="929" pin=0"/></net>

<net id="936"><net_src comp="403" pin="4"/><net_sink comp="933" pin=0"/></net>

<net id="941"><net_src comp="929" pin="1"/><net_sink comp="937" pin=0"/></net>

<net id="942"><net_src comp="933" pin="1"/><net_sink comp="937" pin=1"/></net>

<net id="946"><net_src comp="937" pin="2"/><net_sink comp="943" pin=0"/></net>

<net id="950"><net_src comp="412" pin="4"/><net_sink comp="947" pin=0"/></net>

<net id="954"><net_src comp="908" pin="1"/><net_sink comp="951" pin=0"/></net>

<net id="959"><net_src comp="947" pin="1"/><net_sink comp="955" pin=0"/></net>

<net id="960"><net_src comp="951" pin="1"/><net_sink comp="955" pin=1"/></net>

<net id="964"><net_src comp="955" pin="2"/><net_sink comp="961" pin=0"/></net>

<net id="968"><net_src comp="469" pin="4"/><net_sink comp="965" pin=0"/></net>

<net id="972"><net_src comp="394" pin="4"/><net_sink comp="969" pin=0"/></net>

<net id="977"><net_src comp="965" pin="1"/><net_sink comp="973" pin=0"/></net>

<net id="978"><net_src comp="969" pin="1"/><net_sink comp="973" pin=1"/></net>

<net id="982"><net_src comp="973" pin="2"/><net_sink comp="979" pin=0"/></net>

<net id="986"><net_src comp="460" pin="4"/><net_sink comp="983" pin=0"/></net>

<net id="990"><net_src comp="385" pin="4"/><net_sink comp="987" pin=0"/></net>

<net id="995"><net_src comp="965" pin="1"/><net_sink comp="991" pin=0"/></net>

<net id="996"><net_src comp="929" pin="1"/><net_sink comp="991" pin=1"/></net>

<net id="1001"><net_src comp="969" pin="1"/><net_sink comp="997" pin=0"/></net>

<net id="1002"><net_src comp="933" pin="1"/><net_sink comp="997" pin=1"/></net>

<net id="1007"><net_src comp="965" pin="1"/><net_sink comp="1003" pin=0"/></net>

<net id="1008"><net_src comp="983" pin="1"/><net_sink comp="1003" pin=1"/></net>

<net id="1013"><net_src comp="969" pin="1"/><net_sink comp="1009" pin=0"/></net>

<net id="1014"><net_src comp="987" pin="1"/><net_sink comp="1009" pin=1"/></net>

<net id="1019"><net_src comp="430" pin="4"/><net_sink comp="1015" pin=0"/></net>

<net id="1024"><net_src comp="440" pin="4"/><net_sink comp="1020" pin=0"/></net>

<net id="1029"><net_src comp="450" pin="4"/><net_sink comp="1025" pin=0"/></net>

<net id="1037"><net_src comp="122" pin="0"/><net_sink comp="1033" pin=0"/></net>

<net id="1043"><net_src comp="124" pin="0"/><net_sink comp="1038" pin=0"/></net>

<net id="1044"><net_src comp="98" pin="0"/><net_sink comp="1038" pin=2"/></net>

<net id="1050"><net_src comp="1038" pin="3"/><net_sink comp="1045" pin=0"/></net>

<net id="1051"><net_src comp="1033" pin="2"/><net_sink comp="1045" pin=1"/></net>

<net id="1056"><net_src comp="122" pin="0"/><net_sink comp="1052" pin=0"/></net>

<net id="1062"><net_src comp="124" pin="0"/><net_sink comp="1057" pin=0"/></net>

<net id="1063"><net_src comp="98" pin="0"/><net_sink comp="1057" pin=2"/></net>

<net id="1069"><net_src comp="1057" pin="3"/><net_sink comp="1064" pin=0"/></net>

<net id="1070"><net_src comp="1052" pin="2"/><net_sink comp="1064" pin=1"/></net>

<net id="1075"><net_src comp="122" pin="0"/><net_sink comp="1071" pin=0"/></net>

<net id="1081"><net_src comp="124" pin="0"/><net_sink comp="1076" pin=0"/></net>

<net id="1082"><net_src comp="98" pin="0"/><net_sink comp="1076" pin=2"/></net>

<net id="1088"><net_src comp="1076" pin="3"/><net_sink comp="1083" pin=0"/></net>

<net id="1089"><net_src comp="1071" pin="2"/><net_sink comp="1083" pin=1"/></net>

<net id="1094"><net_src comp="122" pin="0"/><net_sink comp="1090" pin=0"/></net>

<net id="1100"><net_src comp="124" pin="0"/><net_sink comp="1095" pin=0"/></net>

<net id="1101"><net_src comp="98" pin="0"/><net_sink comp="1095" pin=2"/></net>

<net id="1107"><net_src comp="1095" pin="3"/><net_sink comp="1102" pin=0"/></net>

<net id="1108"><net_src comp="1090" pin="2"/><net_sink comp="1102" pin=1"/></net>

<net id="1112"><net_src comp="487" pin="4"/><net_sink comp="1109" pin=0"/></net>

<net id="1116"><net_src comp="1030" pin="1"/><net_sink comp="1113" pin=0"/></net>

<net id="1121"><net_src comp="1109" pin="1"/><net_sink comp="1117" pin=0"/></net>

<net id="1122"><net_src comp="1113" pin="1"/><net_sink comp="1117" pin=1"/></net>

<net id="1126"><net_src comp="1117" pin="2"/><net_sink comp="1123" pin=0"/></net>

<net id="1131"><net_src comp="122" pin="0"/><net_sink comp="1127" pin=0"/></net>

<net id="1132"><net_src comp="1123" pin="1"/><net_sink comp="1127" pin=1"/></net>

<net id="1138"><net_src comp="124" pin="0"/><net_sink comp="1133" pin=0"/></net>

<net id="1139"><net_src comp="1117" pin="2"/><net_sink comp="1133" pin=1"/></net>

<net id="1140"><net_src comp="98" pin="0"/><net_sink comp="1133" pin=2"/></net>

<net id="1146"><net_src comp="1133" pin="3"/><net_sink comp="1141" pin=0"/></net>

<net id="1147"><net_src comp="1127" pin="2"/><net_sink comp="1141" pin=1"/></net>

<net id="1148"><net_src comp="1123" pin="1"/><net_sink comp="1141" pin=2"/></net>

<net id="1156"><net_src comp="1149" pin="2"/><net_sink comp="1153" pin=0"/></net>

<net id="1161"><net_src comp="122" pin="0"/><net_sink comp="1157" pin=0"/></net>

<net id="1162"><net_src comp="1153" pin="1"/><net_sink comp="1157" pin=1"/></net>

<net id="1168"><net_src comp="124" pin="0"/><net_sink comp="1163" pin=0"/></net>

<net id="1169"><net_src comp="1149" pin="2"/><net_sink comp="1163" pin=1"/></net>

<net id="1170"><net_src comp="98" pin="0"/><net_sink comp="1163" pin=2"/></net>

<net id="1176"><net_src comp="1163" pin="3"/><net_sink comp="1171" pin=0"/></net>

<net id="1177"><net_src comp="1157" pin="2"/><net_sink comp="1171" pin=1"/></net>

<net id="1178"><net_src comp="1153" pin="1"/><net_sink comp="1171" pin=2"/></net>

<net id="1182"><net_src comp="1045" pin="3"/><net_sink comp="1179" pin=0"/></net>

<net id="1186"><net_src comp="1083" pin="3"/><net_sink comp="1183" pin=0"/></net>

<net id="1191"><net_src comp="1179" pin="1"/><net_sink comp="1187" pin=0"/></net>

<net id="1192"><net_src comp="1183" pin="1"/><net_sink comp="1187" pin=1"/></net>

<net id="1196"><net_src comp="1187" pin="2"/><net_sink comp="1193" pin=0"/></net>

<net id="1200"><net_src comp="1141" pin="3"/><net_sink comp="1197" pin=0"/></net>

<net id="1205"><net_src comp="1193" pin="1"/><net_sink comp="1201" pin=0"/></net>

<net id="1206"><net_src comp="1197" pin="1"/><net_sink comp="1201" pin=1"/></net>

<net id="1210"><net_src comp="1064" pin="3"/><net_sink comp="1207" pin=0"/></net>

<net id="1214"><net_src comp="1102" pin="3"/><net_sink comp="1211" pin=0"/></net>

<net id="1219"><net_src comp="1207" pin="1"/><net_sink comp="1215" pin=0"/></net>

<net id="1220"><net_src comp="1211" pin="1"/><net_sink comp="1215" pin=1"/></net>

<net id="1224"><net_src comp="1215" pin="2"/><net_sink comp="1221" pin=0"/></net>

<net id="1228"><net_src comp="1171" pin="3"/><net_sink comp="1225" pin=0"/></net>

<net id="1233"><net_src comp="1221" pin="1"/><net_sink comp="1229" pin=0"/></net>

<net id="1234"><net_src comp="1225" pin="1"/><net_sink comp="1229" pin=1"/></net>

<net id="1246"><net_src comp="1235" pin="2"/><net_sink comp="1243" pin=0"/></net>

<net id="1250"><net_src comp="1239" pin="2"/><net_sink comp="1247" pin=0"/></net>

<net id="1255"><net_src comp="1243" pin="1"/><net_sink comp="1251" pin=0"/></net>

<net id="1256"><net_src comp="1247" pin="1"/><net_sink comp="1251" pin=1"/></net>

<net id="1261"><net_src comp="126" pin="0"/><net_sink comp="1257" pin=0"/></net>

<net id="1262"><net_src comp="1251" pin="2"/><net_sink comp="1257" pin=1"/></net>

<net id="1269"><net_src comp="128" pin="0"/><net_sink comp="1263" pin=0"/></net>

<net id="1270"><net_src comp="1257" pin="2"/><net_sink comp="1263" pin=1"/></net>

<net id="1271"><net_src comp="68" pin="0"/><net_sink comp="1263" pin=2"/></net>

<net id="1272"><net_src comp="130" pin="0"/><net_sink comp="1263" pin=3"/></net>

<net id="1277"><net_src comp="1109" pin="1"/><net_sink comp="1273" pin=1"/></net>

<net id="1282"><net_src comp="1113" pin="1"/><net_sink comp="1278" pin=1"/></net>

<net id="1286"><net_src comp="1273" pin="2"/><net_sink comp="1283" pin=0"/></net>

<net id="1290"><net_src comp="1278" pin="2"/><net_sink comp="1287" pin=0"/></net>

<net id="1295"><net_src comp="1283" pin="1"/><net_sink comp="1291" pin=0"/></net>

<net id="1296"><net_src comp="1287" pin="1"/><net_sink comp="1291" pin=1"/></net>

<net id="1301"><net_src comp="126" pin="0"/><net_sink comp="1297" pin=0"/></net>

<net id="1302"><net_src comp="1291" pin="2"/><net_sink comp="1297" pin=1"/></net>

<net id="1309"><net_src comp="128" pin="0"/><net_sink comp="1303" pin=0"/></net>

<net id="1310"><net_src comp="1297" pin="2"/><net_sink comp="1303" pin=1"/></net>

<net id="1311"><net_src comp="68" pin="0"/><net_sink comp="1303" pin=2"/></net>

<net id="1312"><net_src comp="130" pin="0"/><net_sink comp="1303" pin=3"/></net>

<net id="1323"><net_src comp="1313" pin="1"/><net_sink comp="1319" pin=0"/></net>

<net id="1324"><net_src comp="1316" pin="1"/><net_sink comp="1319" pin=1"/></net>

<net id="1329"><net_src comp="126" pin="0"/><net_sink comp="1325" pin=0"/></net>

<net id="1330"><net_src comp="1319" pin="2"/><net_sink comp="1325" pin=1"/></net>

<net id="1337"><net_src comp="128" pin="0"/><net_sink comp="1331" pin=0"/></net>

<net id="1338"><net_src comp="1325" pin="2"/><net_sink comp="1331" pin=1"/></net>

<net id="1339"><net_src comp="68" pin="0"/><net_sink comp="1331" pin=2"/></net>

<net id="1340"><net_src comp="130" pin="0"/><net_sink comp="1331" pin=3"/></net>

<net id="1344"><net_src comp="1331" pin="4"/><net_sink comp="1341" pin=0"/></net>

<net id="1348"><net_src comp="1341" pin="1"/><net_sink comp="1345" pin=0"/></net>

<net id="1353"><net_src comp="132" pin="0"/><net_sink comp="1349" pin=0"/></net>

<net id="1354"><net_src comp="1345" pin="1"/><net_sink comp="1349" pin=1"/></net>

<net id="1365"><net_src comp="1355" pin="1"/><net_sink comp="1361" pin=0"/></net>

<net id="1366"><net_src comp="1358" pin="1"/><net_sink comp="1361" pin=1"/></net>

<net id="1371"><net_src comp="126" pin="0"/><net_sink comp="1367" pin=0"/></net>

<net id="1372"><net_src comp="1361" pin="2"/><net_sink comp="1367" pin=1"/></net>

<net id="1379"><net_src comp="128" pin="0"/><net_sink comp="1373" pin=0"/></net>

<net id="1380"><net_src comp="1367" pin="2"/><net_sink comp="1373" pin=1"/></net>

<net id="1381"><net_src comp="68" pin="0"/><net_sink comp="1373" pin=2"/></net>

<net id="1382"><net_src comp="130" pin="0"/><net_sink comp="1373" pin=3"/></net>

<net id="1386"><net_src comp="1373" pin="4"/><net_sink comp="1383" pin=0"/></net>

<net id="1390"><net_src comp="1383" pin="1"/><net_sink comp="1387" pin=0"/></net>

<net id="1395"><net_src comp="132" pin="0"/><net_sink comp="1391" pin=0"/></net>

<net id="1396"><net_src comp="1387" pin="1"/><net_sink comp="1391" pin=1"/></net>

<net id="1406"><net_src comp="134" pin="0"/><net_sink comp="1401" pin=0"/></net>

<net id="1407"><net_src comp="130" pin="0"/><net_sink comp="1401" pin=2"/></net>

<net id="1414"><net_src comp="1408" pin="1"/><net_sink comp="1411" pin=0"/></net>

<net id="1419"><net_src comp="132" pin="0"/><net_sink comp="1415" pin=0"/></net>

<net id="1420"><net_src comp="1411" pin="1"/><net_sink comp="1415" pin=1"/></net>

<net id="1427"><net_src comp="128" pin="0"/><net_sink comp="1421" pin=0"/></net>

<net id="1428"><net_src comp="68" pin="0"/><net_sink comp="1421" pin=2"/></net>

<net id="1429"><net_src comp="130" pin="0"/><net_sink comp="1421" pin=3"/></net>

<net id="1433"><net_src comp="1421" pin="4"/><net_sink comp="1430" pin=0"/></net>

<net id="1437"><net_src comp="1430" pin="1"/><net_sink comp="1434" pin=0"/></net>

<net id="1443"><net_src comp="1401" pin="3"/><net_sink comp="1438" pin=0"/></net>

<net id="1444"><net_src comp="1415" pin="2"/><net_sink comp="1438" pin=1"/></net>

<net id="1445"><net_src comp="1434" pin="1"/><net_sink comp="1438" pin=2"/></net>

<net id="1449"><net_src comp="437" pin="1"/><net_sink comp="1446" pin=0"/></net>

<net id="1455"><net_src comp="134" pin="0"/><net_sink comp="1450" pin=0"/></net>

<net id="1456"><net_src comp="130" pin="0"/><net_sink comp="1450" pin=2"/></net>

<net id="1463"><net_src comp="1457" pin="1"/><net_sink comp="1460" pin=0"/></net>

<net id="1468"><net_src comp="132" pin="0"/><net_sink comp="1464" pin=0"/></net>

<net id="1469"><net_src comp="1460" pin="1"/><net_sink comp="1464" pin=1"/></net>

<net id="1476"><net_src comp="128" pin="0"/><net_sink comp="1470" pin=0"/></net>

<net id="1477"><net_src comp="68" pin="0"/><net_sink comp="1470" pin=2"/></net>

<net id="1478"><net_src comp="130" pin="0"/><net_sink comp="1470" pin=3"/></net>

<net id="1482"><net_src comp="1470" pin="4"/><net_sink comp="1479" pin=0"/></net>

<net id="1486"><net_src comp="1479" pin="1"/><net_sink comp="1483" pin=0"/></net>

<net id="1492"><net_src comp="1450" pin="3"/><net_sink comp="1487" pin=0"/></net>

<net id="1493"><net_src comp="1464" pin="2"/><net_sink comp="1487" pin=1"/></net>

<net id="1494"><net_src comp="1483" pin="1"/><net_sink comp="1487" pin=2"/></net>

<net id="1500"><net_src comp="134" pin="0"/><net_sink comp="1495" pin=0"/></net>

<net id="1501"><net_src comp="130" pin="0"/><net_sink comp="1495" pin=2"/></net>

<net id="1508"><net_src comp="128" pin="0"/><net_sink comp="1502" pin=0"/></net>

<net id="1509"><net_src comp="68" pin="0"/><net_sink comp="1502" pin=2"/></net>

<net id="1510"><net_src comp="130" pin="0"/><net_sink comp="1502" pin=3"/></net>

<net id="1514"><net_src comp="1502" pin="4"/><net_sink comp="1511" pin=0"/></net>

<net id="1518"><net_src comp="1511" pin="1"/><net_sink comp="1515" pin=0"/></net>

<net id="1524"><net_src comp="1495" pin="3"/><net_sink comp="1519" pin=0"/></net>

<net id="1525"><net_src comp="1515" pin="1"/><net_sink comp="1519" pin=2"/></net>

<net id="1531"><net_src comp="134" pin="0"/><net_sink comp="1526" pin=0"/></net>

<net id="1532"><net_src comp="130" pin="0"/><net_sink comp="1526" pin=2"/></net>

<net id="1539"><net_src comp="128" pin="0"/><net_sink comp="1533" pin=0"/></net>

<net id="1540"><net_src comp="68" pin="0"/><net_sink comp="1533" pin=2"/></net>

<net id="1541"><net_src comp="130" pin="0"/><net_sink comp="1533" pin=3"/></net>

<net id="1545"><net_src comp="1533" pin="4"/><net_sink comp="1542" pin=0"/></net>

<net id="1549"><net_src comp="1542" pin="1"/><net_sink comp="1546" pin=0"/></net>

<net id="1555"><net_src comp="1526" pin="3"/><net_sink comp="1550" pin=0"/></net>

<net id="1556"><net_src comp="1546" pin="1"/><net_sink comp="1550" pin=2"/></net>

<net id="1562"><net_src comp="1397" pin="2"/><net_sink comp="1557" pin=0"/></net>

<net id="1563"><net_src comp="1438" pin="3"/><net_sink comp="1557" pin=1"/></net>

<net id="1564"><net_src comp="1519" pin="3"/><net_sink comp="1557" pin=2"/></net>

<net id="1568"><net_src comp="1557" pin="3"/><net_sink comp="1565" pin=0"/></net>

<net id="1573"><net_src comp="1446" pin="1"/><net_sink comp="1569" pin=0"/></net>

<net id="1574"><net_src comp="1565" pin="1"/><net_sink comp="1569" pin=1"/></net>

<net id="1580"><net_src comp="1397" pin="2"/><net_sink comp="1575" pin=0"/></net>

<net id="1581"><net_src comp="1487" pin="3"/><net_sink comp="1575" pin=1"/></net>

<net id="1582"><net_src comp="1550" pin="3"/><net_sink comp="1575" pin=2"/></net>

<net id="1586"><net_src comp="1575" pin="3"/><net_sink comp="1583" pin=0"/></net>

<net id="1591"><net_src comp="1446" pin="1"/><net_sink comp="1587" pin=0"/></net>

<net id="1592"><net_src comp="1583" pin="1"/><net_sink comp="1587" pin=1"/></net>

<net id="1598"><net_src comp="136" pin="0"/><net_sink comp="1593" pin=0"/></net>

<net id="1599"><net_src comp="1569" pin="2"/><net_sink comp="1593" pin=1"/></net>

<net id="1600"><net_src comp="138" pin="0"/><net_sink comp="1593" pin=2"/></net>

<net id="1607"><net_src comp="140" pin="0"/><net_sink comp="1601" pin=0"/></net>

<net id="1608"><net_src comp="1569" pin="2"/><net_sink comp="1601" pin=1"/></net>

<net id="1609"><net_src comp="98" pin="0"/><net_sink comp="1601" pin=2"/></net>

<net id="1610"><net_src comp="138" pin="0"/><net_sink comp="1601" pin=3"/></net>

<net id="1615"><net_src comp="1601" pin="4"/><net_sink comp="1611" pin=0"/></net>

<net id="1616"><net_src comp="142" pin="0"/><net_sink comp="1611" pin=1"/></net>

<net id="1622"><net_src comp="136" pin="0"/><net_sink comp="1617" pin=0"/></net>

<net id="1623"><net_src comp="1587" pin="2"/><net_sink comp="1617" pin=1"/></net>

<net id="1624"><net_src comp="138" pin="0"/><net_sink comp="1617" pin=2"/></net>

<net id="1631"><net_src comp="140" pin="0"/><net_sink comp="1625" pin=0"/></net>

<net id="1632"><net_src comp="1587" pin="2"/><net_sink comp="1625" pin=1"/></net>

<net id="1633"><net_src comp="98" pin="0"/><net_sink comp="1625" pin=2"/></net>

<net id="1634"><net_src comp="138" pin="0"/><net_sink comp="1625" pin=3"/></net>

<net id="1639"><net_src comp="1625" pin="4"/><net_sink comp="1635" pin=0"/></net>

<net id="1640"><net_src comp="142" pin="0"/><net_sink comp="1635" pin=1"/></net>

<net id="1645"><net_src comp="94" pin="0"/><net_sink comp="1641" pin=1"/></net>

<net id="1650"><net_src comp="1617" pin="3"/><net_sink comp="1646" pin=0"/></net>

<net id="1651"><net_src comp="1641" pin="2"/><net_sink comp="1646" pin=1"/></net>

<net id="1662"><net_src comp="94" pin="0"/><net_sink comp="1658" pin=1"/></net>

<net id="1668"><net_src comp="1658" pin="2"/><net_sink comp="1663" pin=0"/></net>

<net id="1669"><net_src comp="144" pin="0"/><net_sink comp="1663" pin=1"/></net>

<net id="1670"><net_src comp="122" pin="0"/><net_sink comp="1663" pin=2"/></net>

<net id="1680"><net_src comp="1671" pin="2"/><net_sink comp="1675" pin=0"/></net>

<net id="1681"><net_src comp="1663" pin="3"/><net_sink comp="1675" pin=1"/></net>

<net id="1682"><net_src comp="1655" pin="1"/><net_sink comp="1675" pin=2"/></net>

<net id="1688"><net_src comp="447" pin="1"/><net_sink comp="1683" pin=1"/></net>

<net id="1689"><net_src comp="1675" pin="3"/><net_sink comp="1683" pin=2"/></net>

<net id="1695"><net_src comp="122" pin="0"/><net_sink comp="1690" pin=1"/></net>

<net id="1696"><net_src comp="427" pin="1"/><net_sink comp="1690" pin=2"/></net>

<net id="1706"><net_src comp="144" pin="0"/><net_sink comp="1701" pin=1"/></net>

<net id="1707"><net_src comp="1652" pin="1"/><net_sink comp="1701" pin=2"/></net>

<net id="1713"><net_src comp="1697" pin="2"/><net_sink comp="1708" pin=0"/></net>

<net id="1714"><net_src comp="1690" pin="3"/><net_sink comp="1708" pin=1"/></net>

<net id="1715"><net_src comp="1701" pin="3"/><net_sink comp="1708" pin=2"/></net>

<net id="1722"><net_src comp="120" pin="0"/><net_sink comp="1716" pin=0"/></net>

<net id="1723"><net_src comp="1683" pin="3"/><net_sink comp="1716" pin=1"/></net>

<net id="1724"><net_src comp="1708" pin="3"/><net_sink comp="1716" pin=2"/></net>

<net id="1725"><net_src comp="437" pin="1"/><net_sink comp="1716" pin=3"/></net>

<net id="1726"><net_src comp="1716" pin="4"/><net_sink comp="314" pin=2"/></net>

<net id="1731"><net_src comp="44" pin="0"/><net_sink comp="1727" pin=1"/></net>

<net id="1736"><net_src comp="46" pin="0"/><net_sink comp="1732" pin=1"/></net>

<net id="1741"><net_src comp="48" pin="0"/><net_sink comp="1737" pin=1"/></net>

<net id="1746"><net_src comp="50" pin="0"/><net_sink comp="1742" pin=1"/></net>

<net id="1751"><net_src comp="52" pin="0"/><net_sink comp="1747" pin=1"/></net>

<net id="1756"><net_src comp="54" pin="0"/><net_sink comp="1752" pin=1"/></net>

<net id="1761"><net_src comp="56" pin="0"/><net_sink comp="1757" pin=1"/></net>

<net id="1766"><net_src comp="58" pin="0"/><net_sink comp="1762" pin=1"/></net>

<net id="1771"><net_src comp="60" pin="0"/><net_sink comp="1767" pin=1"/></net>

<net id="1776"><net_src comp="62" pin="0"/><net_sink comp="1772" pin=1"/></net>

<net id="1781"><net_src comp="64" pin="0"/><net_sink comp="1777" pin=1"/></net>

<net id="1786"><net_src comp="66" pin="0"/><net_sink comp="1782" pin=1"/></net>

<net id="1790"><net_src comp="148" pin="1"/><net_sink comp="1787" pin=0"/></net>

<net id="1791"><net_src comp="1787" pin="1"/><net_sink comp="553" pin=1"/></net>

<net id="1792"><net_src comp="1787" pin="1"/><net_sink comp="558" pin=0"/></net>

<net id="1793"><net_src comp="1787" pin="1"/><net_sink comp="629" pin=1"/></net>

<net id="1797"><net_src comp="152" pin="1"/><net_sink comp="1794" pin=0"/></net>

<net id="1798"><net_src comp="1794" pin="1"/><net_sink comp="548" pin=1"/></net>

<net id="1799"><net_src comp="1794" pin="1"/><net_sink comp="722" pin=0"/></net>

<net id="1800"><net_src comp="1794" pin="1"/><net_sink comp="901" pin=1"/></net>

<net id="1804"><net_src comp="156" pin="1"/><net_sink comp="1801" pin=0"/></net>

<net id="1805"><net_src comp="1801" pin="1"/><net_sink comp="543" pin=1"/></net>

<net id="1806"><net_src comp="1801" pin="1"/><net_sink comp="726" pin=0"/></net>

<net id="1807"><net_src comp="1801" pin="1"/><net_sink comp="897" pin=1"/></net>

<net id="1811"><net_src comp="160" pin="1"/><net_sink comp="1808" pin=0"/></net>

<net id="1812"><net_src comp="1808" pin="1"/><net_sink comp="538" pin=1"/></net>

<net id="1813"><net_src comp="1808" pin="1"/><net_sink comp="730" pin=0"/></net>

<net id="1814"><net_src comp="1808" pin="1"/><net_sink comp="893" pin=1"/></net>

<net id="1818"><net_src comp="164" pin="1"/><net_sink comp="1815" pin=0"/></net>

<net id="1819"><net_src comp="1815" pin="1"/><net_sink comp="533" pin=1"/></net>

<net id="1820"><net_src comp="1815" pin="1"/><net_sink comp="634" pin=0"/></net>

<net id="1821"><net_src comp="1815" pin="1"/><net_sink comp="717" pin=1"/></net>

<net id="1822"><net_src comp="1815" pin="1"/><net_sink comp="905" pin=0"/></net>

<net id="1826"><net_src comp="168" pin="1"/><net_sink comp="1823" pin=0"/></net>

<net id="1827"><net_src comp="1823" pin="1"/><net_sink comp="528" pin=1"/></net>

<net id="1828"><net_src comp="1823" pin="1"/><net_sink comp="637" pin=0"/></net>

<net id="1829"><net_src comp="1823" pin="1"/><net_sink comp="712" pin=1"/></net>

<net id="1830"><net_src comp="1823" pin="1"/><net_sink comp="908" pin=0"/></net>

<net id="1834"><net_src comp="172" pin="1"/><net_sink comp="1831" pin=0"/></net>

<net id="1835"><net_src comp="1831" pin="1"/><net_sink comp="523" pin=1"/></net>

<net id="1836"><net_src comp="1831" pin="1"/><net_sink comp="734" pin=0"/></net>

<net id="1837"><net_src comp="1831" pin="1"/><net_sink comp="889" pin=1"/></net>

<net id="1838"><net_src comp="1831" pin="1"/><net_sink comp="1030" pin=0"/></net>

<net id="1842"><net_src comp="176" pin="1"/><net_sink comp="1839" pin=0"/></net>

<net id="1843"><net_src comp="1839" pin="1"/><net_sink comp="518" pin=1"/></net>

<net id="1844"><net_src comp="1839" pin="1"/><net_sink comp="738" pin=0"/></net>

<net id="1845"><net_src comp="1839" pin="1"/><net_sink comp="884" pin=1"/></net>

<net id="1849"><net_src comp="180" pin="1"/><net_sink comp="1846" pin=0"/></net>

<net id="1850"><net_src comp="1846" pin="1"/><net_sink comp="513" pin=1"/></net>

<net id="1851"><net_src comp="1846" pin="1"/><net_sink comp="742" pin=0"/></net>

<net id="1852"><net_src comp="1846" pin="1"/><net_sink comp="879" pin=1"/></net>

<net id="1856"><net_src comp="184" pin="1"/><net_sink comp="1853" pin=0"/></net>

<net id="1857"><net_src comp="1853" pin="1"/><net_sink comp="508" pin=1"/></net>

<net id="1858"><net_src comp="1853" pin="1"/><net_sink comp="746" pin=0"/></net>

<net id="1859"><net_src comp="1853" pin="1"/><net_sink comp="874" pin=1"/></net>

<net id="1863"><net_src comp="188" pin="1"/><net_sink comp="1860" pin=0"/></net>

<net id="1864"><net_src comp="1860" pin="1"/><net_sink comp="503" pin=1"/></net>

<net id="1865"><net_src comp="1860" pin="1"/><net_sink comp="750" pin=0"/></net>

<net id="1866"><net_src comp="1860" pin="1"/><net_sink comp="1025" pin=1"/></net>

<net id="1870"><net_src comp="192" pin="1"/><net_sink comp="1867" pin=0"/></net>

<net id="1871"><net_src comp="1867" pin="1"/><net_sink comp="498" pin=1"/></net>

<net id="1872"><net_src comp="1867" pin="1"/><net_sink comp="754" pin=0"/></net>

<net id="1873"><net_src comp="1867" pin="1"/><net_sink comp="1020" pin=1"/></net>

<net id="1877"><net_src comp="196" pin="1"/><net_sink comp="1874" pin=0"/></net>

<net id="1878"><net_src comp="1874" pin="1"/><net_sink comp="493" pin=1"/></net>

<net id="1879"><net_src comp="1874" pin="1"/><net_sink comp="758" pin=0"/></net>

<net id="1880"><net_src comp="1874" pin="1"/><net_sink comp="1015" pin=1"/></net>

<net id="1884"><net_src comp="200" pin="2"/><net_sink comp="1881" pin=0"/></net>

<net id="1888"><net_src comp="212" pin="2"/><net_sink comp="1885" pin=0"/></net>

<net id="1889"><net_src comp="1885" pin="1"/><net_sink comp="845" pin=0"/></net>

<net id="1890"><net_src comp="1885" pin="1"/><net_sink comp="851" pin=0"/></net>

<net id="1891"><net_src comp="1885" pin="1"/><net_sink comp="857" pin=0"/></net>

<net id="1895"><net_src comp="561" pin="2"/><net_sink comp="1892" pin=0"/></net>

<net id="1899"><net_src comp="583" pin="2"/><net_sink comp="1896" pin=0"/></net>

<net id="1903"><net_src comp="321" pin="3"/><net_sink comp="1900" pin=0"/></net>

<net id="1904"><net_src comp="1900" pin="1"/><net_sink comp="335" pin=2"/></net>

<net id="1905"><net_src comp="1900" pin="1"/><net_sink comp="335" pin=0"/></net>

<net id="1909"><net_src comp="328" pin="3"/><net_sink comp="1906" pin=0"/></net>

<net id="1910"><net_src comp="1906" pin="1"/><net_sink comp="345" pin=2"/></net>

<net id="1911"><net_src comp="1906" pin="1"/><net_sink comp="345" pin=0"/></net>

<net id="1915"><net_src comp="589" pin="2"/><net_sink comp="1912" pin=0"/></net>

<net id="1916"><net_src comp="1912" pin="1"/><net_sink comp="761" pin=0"/></net>

<net id="1917"><net_src comp="1912" pin="1"/><net_sink comp="767" pin=0"/></net>

<net id="1918"><net_src comp="1912" pin="1"/><net_sink comp="773" pin=0"/></net>

<net id="1919"><net_src comp="1912" pin="1"/><net_sink comp="780" pin=0"/></net>

<net id="1920"><net_src comp="1912" pin="1"/><net_sink comp="787" pin=0"/></net>

<net id="1921"><net_src comp="1912" pin="1"/><net_sink comp="794" pin=0"/></net>

<net id="1922"><net_src comp="1912" pin="1"/><net_sink comp="800" pin=0"/></net>

<net id="1923"><net_src comp="1912" pin="1"/><net_sink comp="807" pin=0"/></net>

<net id="1924"><net_src comp="1912" pin="1"/><net_sink comp="814" pin=0"/></net>

<net id="1925"><net_src comp="1912" pin="1"/><net_sink comp="821" pin=0"/></net>

<net id="1926"><net_src comp="1912" pin="1"/><net_sink comp="829" pin=0"/></net>

<net id="1927"><net_src comp="1912" pin="1"/><net_sink comp="837" pin=0"/></net>

<net id="1931"><net_src comp="611" pin="2"/><net_sink comp="1928" pin=0"/></net>

<net id="1932"><net_src comp="1928" pin="1"/><net_sink comp="1641" pin=0"/></net>

<net id="1933"><net_src comp="1928" pin="1"/><net_sink comp="1683" pin=0"/></net>

<net id="1934"><net_src comp="1928" pin="1"/><net_sink comp="1697" pin=1"/></net>

<net id="1938"><net_src comp="623" pin="2"/><net_sink comp="1935" pin=0"/></net>

<net id="1942"><net_src comp="634" pin="1"/><net_sink comp="1939" pin=0"/></net>

<net id="1943"><net_src comp="1939" pin="1"/><net_sink comp="761" pin=2"/></net>

<net id="1944"><net_src comp="1939" pin="1"/><net_sink comp="450" pin=2"/></net>

<net id="1945"><net_src comp="1939" pin="1"/><net_sink comp="1752" pin=0"/></net>

<net id="1949"><net_src comp="637" pin="1"/><net_sink comp="1946" pin=0"/></net>

<net id="1950"><net_src comp="1946" pin="1"/><net_sink comp="767" pin=2"/></net>

<net id="1951"><net_src comp="1946" pin="1"/><net_sink comp="440" pin=2"/></net>

<net id="1952"><net_src comp="1946" pin="1"/><net_sink comp="1747" pin=0"/></net>

<net id="1956"><net_src comp="640" pin="1"/><net_sink comp="1953" pin=0"/></net>

<net id="1957"><net_src comp="1953" pin="1"/><net_sink comp="376" pin=2"/></net>

<net id="1958"><net_src comp="1953" pin="1"/><net_sink comp="761" pin=1"/></net>

<net id="1959"><net_src comp="1953" pin="1"/><net_sink comp="780" pin=1"/></net>

<net id="1960"><net_src comp="1953" pin="1"/><net_sink comp="857" pin=1"/></net>

<net id="1964"><net_src comp="644" pin="4"/><net_sink comp="1961" pin=0"/></net>

<net id="1965"><net_src comp="1961" pin="1"/><net_sink comp="367" pin=2"/></net>

<net id="1966"><net_src comp="1961" pin="1"/><net_sink comp="767" pin=1"/></net>

<net id="1967"><net_src comp="1961" pin="1"/><net_sink comp="787" pin=1"/></net>

<net id="1968"><net_src comp="1961" pin="1"/><net_sink comp="851" pin=1"/></net>

<net id="1972"><net_src comp="654" pin="4"/><net_sink comp="1969" pin=0"/></net>

<net id="1973"><net_src comp="1969" pin="1"/><net_sink comp="358" pin=2"/></net>

<net id="1974"><net_src comp="1969" pin="1"/><net_sink comp="773" pin=1"/></net>

<net id="1975"><net_src comp="1969" pin="1"/><net_sink comp="794" pin=1"/></net>

<net id="1976"><net_src comp="1969" pin="1"/><net_sink comp="845" pin=1"/></net>

<net id="1977"><net_src comp="1969" pin="1"/><net_sink comp="889" pin=0"/></net>

<net id="1981"><net_src comp="664" pin="1"/><net_sink comp="1978" pin=0"/></net>

<net id="1982"><net_src comp="1978" pin="1"/><net_sink comp="814" pin=1"/></net>

<net id="1983"><net_src comp="1978" pin="1"/><net_sink comp="901" pin=0"/></net>

<net id="1987"><net_src comp="668" pin="4"/><net_sink comp="1984" pin=0"/></net>

<net id="1988"><net_src comp="1984" pin="1"/><net_sink comp="807" pin=1"/></net>

<net id="1989"><net_src comp="1984" pin="1"/><net_sink comp="897" pin=0"/></net>

<net id="1993"><net_src comp="678" pin="4"/><net_sink comp="1990" pin=0"/></net>

<net id="1994"><net_src comp="1990" pin="1"/><net_sink comp="800" pin=1"/></net>

<net id="1995"><net_src comp="1990" pin="1"/><net_sink comp="893" pin=0"/></net>

<net id="1999"><net_src comp="308" pin="2"/><net_sink comp="1996" pin=0"/></net>

<net id="2000"><net_src comp="1996" pin="1"/><net_sink comp="335" pin=1"/></net>

<net id="2004"><net_src comp="688" pin="1"/><net_sink comp="2001" pin=0"/></net>

<net id="2005"><net_src comp="2001" pin="1"/><net_sink comp="376" pin=0"/></net>

<net id="2009"><net_src comp="692" pin="4"/><net_sink comp="2006" pin=0"/></net>

<net id="2010"><net_src comp="2006" pin="1"/><net_sink comp="367" pin=0"/></net>

<net id="2014"><net_src comp="702" pin="4"/><net_sink comp="2011" pin=0"/></net>

<net id="2015"><net_src comp="2011" pin="1"/><net_sink comp="358" pin=0"/></net>

<net id="2019"><net_src comp="722" pin="1"/><net_sink comp="2016" pin=0"/></net>

<net id="2020"><net_src comp="2016" pin="1"/><net_sink comp="1767" pin=0"/></net>

<net id="2024"><net_src comp="726" pin="1"/><net_sink comp="2021" pin=0"/></net>

<net id="2025"><net_src comp="2021" pin="1"/><net_sink comp="1762" pin=0"/></net>

<net id="2029"><net_src comp="730" pin="1"/><net_sink comp="2026" pin=0"/></net>

<net id="2030"><net_src comp="2026" pin="1"/><net_sink comp="1757" pin=0"/></net>

<net id="2034"><net_src comp="734" pin="1"/><net_sink comp="2031" pin=0"/></net>

<net id="2035"><net_src comp="2031" pin="1"/><net_sink comp="1742" pin=0"/></net>

<net id="2039"><net_src comp="738" pin="1"/><net_sink comp="2036" pin=0"/></net>

<net id="2040"><net_src comp="2036" pin="1"/><net_sink comp="1737" pin=0"/></net>

<net id="2044"><net_src comp="742" pin="1"/><net_sink comp="2041" pin=0"/></net>

<net id="2045"><net_src comp="2041" pin="1"/><net_sink comp="1732" pin=0"/></net>

<net id="2049"><net_src comp="746" pin="1"/><net_sink comp="2046" pin=0"/></net>

<net id="2050"><net_src comp="2046" pin="1"/><net_sink comp="1727" pin=0"/></net>

<net id="2054"><net_src comp="750" pin="1"/><net_sink comp="2051" pin=0"/></net>

<net id="2055"><net_src comp="2051" pin="1"/><net_sink comp="1782" pin=0"/></net>

<net id="2059"><net_src comp="754" pin="1"/><net_sink comp="2056" pin=0"/></net>

<net id="2060"><net_src comp="2056" pin="1"/><net_sink comp="1777" pin=0"/></net>

<net id="2064"><net_src comp="758" pin="1"/><net_sink comp="2061" pin=0"/></net>

<net id="2065"><net_src comp="2061" pin="1"/><net_sink comp="487" pin=2"/></net>

<net id="2066"><net_src comp="2061" pin="1"/><net_sink comp="1772" pin=0"/></net>

<net id="2070"><net_src comp="794" pin="3"/><net_sink comp="2067" pin=0"/></net>

<net id="2071"><net_src comp="2067" pin="1"/><net_sink comp="487" pin=0"/></net>

<net id="2075"><net_src comp="911" pin="1"/><net_sink comp="2072" pin=0"/></net>

<net id="2076"><net_src comp="2072" pin="1"/><net_sink comp="1235" pin=1"/></net>

<net id="2080"><net_src comp="915" pin="1"/><net_sink comp="2077" pin=0"/></net>

<net id="2081"><net_src comp="2077" pin="1"/><net_sink comp="1239" pin=1"/></net>

<net id="2085"><net_src comp="919" pin="2"/><net_sink comp="2082" pin=0"/></net>

<net id="2086"><net_src comp="2082" pin="1"/><net_sink comp="1038" pin=1"/></net>

<net id="2090"><net_src comp="925" pin="1"/><net_sink comp="2087" pin=0"/></net>

<net id="2091"><net_src comp="2087" pin="1"/><net_sink comp="1033" pin=1"/></net>

<net id="2092"><net_src comp="2087" pin="1"/><net_sink comp="1045" pin=2"/></net>

<net id="2096"><net_src comp="937" pin="2"/><net_sink comp="2093" pin=0"/></net>

<net id="2097"><net_src comp="2093" pin="1"/><net_sink comp="1057" pin=1"/></net>

<net id="2101"><net_src comp="943" pin="1"/><net_sink comp="2098" pin=0"/></net>

<net id="2102"><net_src comp="2098" pin="1"/><net_sink comp="1052" pin=1"/></net>

<net id="2103"><net_src comp="2098" pin="1"/><net_sink comp="1064" pin=2"/></net>

<net id="2107"><net_src comp="947" pin="1"/><net_sink comp="2104" pin=0"/></net>

<net id="2108"><net_src comp="2104" pin="1"/><net_sink comp="1235" pin=0"/></net>

<net id="2109"><net_src comp="2104" pin="1"/><net_sink comp="1273" pin=0"/></net>

<net id="2113"><net_src comp="951" pin="1"/><net_sink comp="2110" pin=0"/></net>

<net id="2114"><net_src comp="2110" pin="1"/><net_sink comp="1239" pin=0"/></net>

<net id="2115"><net_src comp="2110" pin="1"/><net_sink comp="1278" pin=0"/></net>

<net id="2119"><net_src comp="955" pin="2"/><net_sink comp="2116" pin=0"/></net>

<net id="2120"><net_src comp="2116" pin="1"/><net_sink comp="1076" pin=1"/></net>

<net id="2124"><net_src comp="961" pin="1"/><net_sink comp="2121" pin=0"/></net>

<net id="2125"><net_src comp="2121" pin="1"/><net_sink comp="1071" pin=1"/></net>

<net id="2126"><net_src comp="2121" pin="1"/><net_sink comp="1083" pin=2"/></net>

<net id="2130"><net_src comp="973" pin="2"/><net_sink comp="2127" pin=0"/></net>

<net id="2131"><net_src comp="2127" pin="1"/><net_sink comp="1095" pin=1"/></net>

<net id="2135"><net_src comp="979" pin="1"/><net_sink comp="2132" pin=0"/></net>

<net id="2136"><net_src comp="2132" pin="1"/><net_sink comp="1090" pin=1"/></net>

<net id="2137"><net_src comp="2132" pin="1"/><net_sink comp="1102" pin=2"/></net>

<net id="2141"><net_src comp="983" pin="1"/><net_sink comp="2138" pin=0"/></net>

<net id="2142"><net_src comp="2138" pin="1"/><net_sink comp="1149" pin=0"/></net>

<net id="2146"><net_src comp="987" pin="1"/><net_sink comp="2143" pin=0"/></net>

<net id="2147"><net_src comp="2143" pin="1"/><net_sink comp="1149" pin=1"/></net>

<net id="2151"><net_src comp="991" pin="2"/><net_sink comp="2148" pin=0"/></net>

<net id="2152"><net_src comp="2148" pin="1"/><net_sink comp="1313" pin=0"/></net>

<net id="2156"><net_src comp="997" pin="2"/><net_sink comp="2153" pin=0"/></net>

<net id="2157"><net_src comp="2153" pin="1"/><net_sink comp="1316" pin=0"/></net>

<net id="2161"><net_src comp="1003" pin="2"/><net_sink comp="2158" pin=0"/></net>

<net id="2162"><net_src comp="2158" pin="1"/><net_sink comp="1355" pin=0"/></net>

<net id="2166"><net_src comp="1009" pin="2"/><net_sink comp="2163" pin=0"/></net>

<net id="2167"><net_src comp="2163" pin="1"/><net_sink comp="1358" pin=0"/></net>

<net id="2171"><net_src comp="1201" pin="2"/><net_sink comp="2168" pin=0"/></net>

<net id="2172"><net_src comp="2168" pin="1"/><net_sink comp="1397" pin=0"/></net>

<net id="2176"><net_src comp="1229" pin="2"/><net_sink comp="2173" pin=0"/></net>

<net id="2177"><net_src comp="2173" pin="1"/><net_sink comp="1397" pin=1"/></net>

<net id="2181"><net_src comp="1251" pin="2"/><net_sink comp="2178" pin=0"/></net>

<net id="2182"><net_src comp="2178" pin="1"/><net_sink comp="1401" pin=1"/></net>

<net id="2183"><net_src comp="2178" pin="1"/><net_sink comp="1421" pin=1"/></net>

<net id="2187"><net_src comp="1263" pin="4"/><net_sink comp="2184" pin=0"/></net>

<net id="2188"><net_src comp="2184" pin="1"/><net_sink comp="1408" pin=0"/></net>

<net id="2192"><net_src comp="1291" pin="2"/><net_sink comp="2189" pin=0"/></net>

<net id="2193"><net_src comp="2189" pin="1"/><net_sink comp="1450" pin=1"/></net>

<net id="2194"><net_src comp="2189" pin="1"/><net_sink comp="1470" pin=1"/></net>

<net id="2198"><net_src comp="1303" pin="4"/><net_sink comp="2195" pin=0"/></net>

<net id="2199"><net_src comp="2195" pin="1"/><net_sink comp="1457" pin=0"/></net>

<net id="2203"><net_src comp="1319" pin="2"/><net_sink comp="2200" pin=0"/></net>

<net id="2204"><net_src comp="2200" pin="1"/><net_sink comp="1495" pin=1"/></net>

<net id="2205"><net_src comp="2200" pin="1"/><net_sink comp="1502" pin=1"/></net>

<net id="2209"><net_src comp="1349" pin="2"/><net_sink comp="2206" pin=0"/></net>

<net id="2210"><net_src comp="2206" pin="1"/><net_sink comp="1519" pin=1"/></net>

<net id="2214"><net_src comp="1361" pin="2"/><net_sink comp="2211" pin=0"/></net>

<net id="2215"><net_src comp="2211" pin="1"/><net_sink comp="1526" pin=1"/></net>

<net id="2216"><net_src comp="2211" pin="1"/><net_sink comp="1533" pin=1"/></net>

<net id="2220"><net_src comp="1391" pin="2"/><net_sink comp="2217" pin=0"/></net>

<net id="2221"><net_src comp="2217" pin="1"/><net_sink comp="1550" pin=1"/></net>

<net id="2225"><net_src comp="1569" pin="2"/><net_sink comp="2222" pin=0"/></net>

<net id="2226"><net_src comp="2222" pin="1"/><net_sink comp="1655" pin=0"/></net>

<net id="2230"><net_src comp="1587" pin="2"/><net_sink comp="2227" pin=0"/></net>

<net id="2231"><net_src comp="2227" pin="1"/><net_sink comp="1652" pin=0"/></net>

<net id="2235"><net_src comp="1593" pin="3"/><net_sink comp="2232" pin=0"/></net>

<net id="2236"><net_src comp="2232" pin="1"/><net_sink comp="1658" pin=0"/></net>

<net id="2237"><net_src comp="2232" pin="1"/><net_sink comp="1671" pin=0"/></net>

<net id="2241"><net_src comp="1611" pin="2"/><net_sink comp="2238" pin=0"/></net>

<net id="2242"><net_src comp="2238" pin="1"/><net_sink comp="1671" pin=1"/></net>

<net id="2246"><net_src comp="1635" pin="2"/><net_sink comp="2243" pin=0"/></net>

<net id="2247"><net_src comp="2243" pin="1"/><net_sink comp="1701" pin=0"/></net>

<net id="2251"><net_src comp="1646" pin="2"/><net_sink comp="2248" pin=0"/></net>

<net id="2252"><net_src comp="2248" pin="1"/><net_sink comp="1690" pin=0"/></net>

<net id="2253"><net_src comp="2248" pin="1"/><net_sink comp="1697" pin=0"/></net>

</net_list>

</model> 
---------------- Datapath Model END ------------------

* FSMD analyzer results:
  - Output states:
	Port: lineBuffer_1_i | {3 }
	Port: lineBuffer_i | {3 }
	Port: imgRB | {}
	Port: imgRgb | {6 }
	Port: p_0_0_01194_217901819_i_out | {5 }
	Port: p_0_0_01195_217881817_i_out | {5 }
	Port: p_0_0_01196_217861815_i_out | {5 }
	Port: right_2_i_out | {5 }
	Port: right_1_i_out | {5 }
	Port: right_i_out | {5 }
	Port: p_0_0_0117217961807_i_out | {5 }
	Port: p_0_0_0117317941805_i_out | {5 }
	Port: p_0_0_0117417921803_i_out | {5 }
	Port: p_0_2_0_0_011681723_i_out | {5 }
	Port: p_0_1_0_0_011671720_i_out | {5 }
	Port: p_0_0_0_0_011661717_i_out | {5 }
 - Input state : 
	Port: DebayerRandBatG_Pipeline_VITIS_LOOP_881_2 : p_0_0_01194_217901820_lcssa1856_i | {1 }
	Port: DebayerRandBatG_Pipeline_VITIS_LOOP_881_2 : p_0_0_01195_217881818_lcssa1854_i | {1 }
	Port: DebayerRandBatG_Pipeline_VITIS_LOOP_881_2 : p_0_0_01196_217861816_lcssa1852_i | {1 }
	Port: DebayerRandBatG_Pipeline_VITIS_LOOP_881_2 : p_0_2_0_0_011621813_lcssa1850_i | {1 }
	Port: DebayerRandBatG_Pipeline_VITIS_LOOP_881_2 : p_0_1_0_0_011611811_lcssa1848_i | {1 }
	Port: DebayerRandBatG_Pipeline_VITIS_LOOP_881_2 : p_0_0_0_0_011601809_lcssa1846_i | {1 }
	Port: DebayerRandBatG_Pipeline_VITIS_LOOP_881_2 : p_0_0_0117217961808_lcssa1844_i | {1 }
	Port: DebayerRandBatG_Pipeline_VITIS_LOOP_881_2 : p_0_0_0117317941806_lcssa1842_i | {1 }
	Port: DebayerRandBatG_Pipeline_VITIS_LOOP_881_2 : p_0_0_0117417921804_lcssa1840_i | {1 }
	Port: DebayerRandBatG_Pipeline_VITIS_LOOP_881_2 : p_0_2_0_0_011681721_lcssa1762_i | {1 }
	Port: DebayerRandBatG_Pipeline_VITIS_LOOP_881_2 : p_0_1_0_0_011671718_lcssa1760_i | {1 }
	Port: DebayerRandBatG_Pipeline_VITIS_LOOP_881_2 : p_0_0_0_0_011661715_lcssa1758_i | {1 }
	Port: DebayerRandBatG_Pipeline_VITIS_LOOP_881_2 : loopWidth_i | {1 }
	Port: DebayerRandBatG_Pipeline_VITIS_LOOP_881_2 : empty_52 | {1 }
	Port: DebayerRandBatG_Pipeline_VITIS_LOOP_881_2 : xor_i | {1 }
	Port: DebayerRandBatG_Pipeline_VITIS_LOOP_881_2 : cmp478_i | {1 }
	Port: DebayerRandBatG_Pipeline_VITIS_LOOP_881_2 : lineBuffer_1_i | {1 2 }
	Port: DebayerRandBatG_Pipeline_VITIS_LOOP_881_2 : lineBuffer_i | {1 2 }
	Port: DebayerRandBatG_Pipeline_VITIS_LOOP_881_2 : empty | {1 }
	Port: DebayerRandBatG_Pipeline_VITIS_LOOP_881_2 : cmp59_i | {1 }
	Port: DebayerRandBatG_Pipeline_VITIS_LOOP_881_2 : imgRB | {2 }
	Port: DebayerRandBatG_Pipeline_VITIS_LOOP_881_2 : imgRgb | {}
  - Chain level:
	State 1
		store_ln851 : 1
		z : 1
		icmp_ln881 : 2
		x_8 : 2
		br_ln881 : 3
		trunc_ln881 : 2
		zext_ln881 : 3
		icmp_ln891 : 2
		lineBuffer_i_addr : 4
		lineBuffer_1_i_addr : 4
		LineBufVal : 5
		LineBufVal_3 : 5
		cmp161_i : 2
		xor_ln1014 : 3
		xor_ln1014_1 : 3
		zext_ln1014 : 3
		icmp_ln1014 : 4
		icmp_ln1052 : 2
		and_ln1052 : 3
		br_ln1052 : 3
		store_ln851 : 3
	State 2
		trunc_ln902 : 1
		tmp_i1 : 1
		tmp_1_i2 : 1
		trunc_ln902_1 : 1
		tmp_3_i3 : 1
		tmp_4_i4 : 1
		store_ln1018 : 2
		store_ln1018 : 2
	State 3
		select_ln957_2 : 1
		select_ln957_3 : 1
		select_ln957_4 : 1
		select_ln957_5 : 1
		select_ln957_6 : 1
		select_ln957_7 : 1
		select_ln957_8 : 1
		select_ln957_9 : 1
		select_ln957_10 : 1
		select_ln957_11 : 1
		PixBufVal_4 : 1
		PixBufVal_3 : 1
		PixBufVal : 1
		LineBufVal_4 : 2
		store_ln987 : 3
		store_ln913 : 1
		store_ln913 : 1
		store_ln913 : 1
		down_2 : 2
		down_1 : 2
		down : 2
		left_1 : 2
		left : 2
		pix_8 : 2
		pix_7 : 1
		pix : 1
		up_2 : 2
		up_1 : 2
		up : 2
		zext_ln1023 : 3
		zext_ln1023_1 : 1
		sub_ln1023 : 4
		trunc_ln61 : 5
		zext_ln1024 : 3
		zext_ln1024_1 : 3
		sub_ln1024 : 4
		trunc_ln61_4 : 5
		zext_ln1025 : 3
		zext_ln1025_1 : 1
		sub_ln1025 : 4
		trunc_ln61_5 : 5
		zext_ln1026 : 3
		zext_ln1026_1 : 3
		sub_ln1026 : 4
		trunc_ln61_6 : 5
		zext_ln1028 : 3
		zext_ln1028_1 : 3
		sub_ln1039 : 4
		sub_ln1039_1 : 4
		sub_ln1040 : 4
		sub_ln1040_1 : 4
		store_ln957 : 3
		store_ln957 : 2
		store_ln957 : 2
	State 4
		DRh : 1
		DRv : 1
		DGh : 1
		DGv : 1
		zext_ln1027 : 1
		zext_ln1027_1 : 1
		sub_ln1027 : 2
		trunc_ln61_7 : 3
		sub_ln61_7 : 4
		tmp_16 : 3
		DBh : 5
		trunc_ln61_8 : 1
		sub_ln61_8 : 2
		tmp_17 : 1
		DBv : 3
		zext_ln1030 : 2
		zext_ln1030_1 : 2
		add_ln1030 : 3
		zext_ln1030_2 : 4
		zext_ln1030_3 : 6
		add_ln1030_1 : 7
		zext_ln1030_4 : 2
		zext_ln1030_5 : 2
		add_ln1030_2 : 3
		zext_ln1030_6 : 4
		zext_ln1030_7 : 4
		add_ln1030_3 : 5
		sext_ln1033 : 1
		sext_ln1033_1 : 1
		add_ln1033 : 2
		sub_ln1033_2 : 3
		trunc_ln1033_2_i : 4
		sub_ln1034 : 2
		sub_ln1034_1 : 2
		sext_ln1034 : 3
		sext_ln1034_1 : 3
		add_ln1034 : 4
		sub_ln1034_2 : 5
		trunc_ln1034_2_i : 6
		add_ln1039 : 1
		sub_ln1039_2 : 2
		trunc_ln1039_2_i : 3
		sext_ln1039_2 : 4
		zext_ln1039 : 5
		sub_ln1039_3 : 6
		add_ln1040 : 1
		sub_ln1040_2 : 2
		trunc_ln1040_2_i : 3
		sext_ln1040_2 : 4
		zext_ln1040 : 5
		sub_ln1040_3 : 6
	State 5
		zext_ln1033 : 1
		sub_ln1033_3 : 2
		sext_ln1033_3 : 1
		zext_ln1033_1 : 2
		select_ln1033 : 3
		zext_ln1034 : 1
		sub_ln1034_3 : 2
		sext_ln1034_3 : 1
		zext_ln1034_1 : 2
		select_ln1034 : 3
		sext_ln1039_3 : 1
		zext_ln1039_1 : 2
		select_ln1039 : 3
		sext_ln1040_3 : 1
		zext_ln1040_1 : 2
		select_ln1040 : 3
		select_ln1030 : 4
		sext_ln1030 : 5
		r_2 : 6
		select_ln1030_1 : 4
		sext_ln1030_1 : 5
		b_2 : 6
		tmp_22 : 7
		tmp_23 : 7
		icmp_ln1042 : 8
		tmp_24 : 7
		tmp_25 : 7
		icmp_ln1043 : 8
		and_ln1043 : 8
	State 6
		r_3 : 1
		r_4 : 2
		select_ln1043_1 : 1
		b_3 : 2
		p_0 : 3
		write_ln1054 : 4


============================================================
+ Verbose Summary: Datapath Resource usage 
============================================================

* Functional unit list:
|----------|----------------------------------------------------|---------|---------|
| Operation|                   Functional Unit                  |    FF   |   LUT   |
|----------|----------------------------------------------------|---------|---------|
|          |                  sub_ln1023_fu_919                 |    0    |    13   |
|          |                  sub_ln1024_fu_937                 |    0    |    13   |
|          |                  sub_ln1025_fu_955                 |    0    |    13   |
|          |                  sub_ln1026_fu_973                 |    0    |    13   |
|          |                  sub_ln1039_fu_991                 |    0    |    13   |
|          |                 sub_ln1039_1_fu_997                |    0    |    13   |
|          |                 sub_ln1040_fu_1003                 |    0    |    13   |
|          |                sub_ln1040_1_fu_1009                |    0    |    13   |
|          |                  sub_ln61_fu_1033                  |    0    |    13   |
|          |                 sub_ln61_4_fu_1052                 |    0    |    13   |
|          |                 sub_ln61_5_fu_1071                 |    0    |    13   |
|          |                 sub_ln61_6_fu_1090                 |    0    |    13   |
|          |                 sub_ln1027_fu_1117                 |    0    |    13   |
|          |                 sub_ln61_7_fu_1127                 |    0    |    13   |
|    sub   |                 sub_ln1028_fu_1149                 |    0    |    13   |
|          |                 sub_ln61_8_fu_1157                 |    0    |    13   |
|          |                 sub_ln1033_fu_1235                 |    0    |    13   |
|          |                sub_ln1033_1_fu_1239                |    0    |    13   |
|          |                sub_ln1033_2_fu_1257                |    0    |    12   |
|          |                 sub_ln1034_fu_1273                 |    0    |    13   |
|          |                sub_ln1034_1_fu_1278                |    0    |    13   |
|          |                sub_ln1034_2_fu_1297                |    0    |    12   |
|          |                sub_ln1039_2_fu_1325                |    0    |    12   |
|          |                sub_ln1039_3_fu_1349                |    0    |    12   |
|          |                sub_ln1040_2_fu_1367                |    0    |    12   |
|          |                sub_ln1040_3_fu_1391                |    0    |    12   |
|          |                sub_ln1033_3_fu_1415                |    0    |    12   |
|          |                sub_ln1034_3_fu_1464                |    0    |    12   |
|          |                     r_2_fu_1569                    |    0    |    14   |
|          |                     b_2_fu_1587                    |    0    |    14   |
|----------|----------------------------------------------------|---------|---------|
|          |                 select_ln957_fu_761                |    0    |    10   |
|          |                select_ln957_1_fu_767               |    0    |    10   |
|          |                select_ln957_2_fu_773               |    0    |    10   |
|          |                select_ln957_3_fu_780               |    0    |    10   |
|          |                select_ln957_4_fu_787               |    0    |    10   |
|          |                select_ln957_5_fu_794               |    0    |    10   |
|          |                select_ln957_6_fu_800               |    0    |    10   |
|          |                select_ln957_7_fu_807               |    0    |    10   |
|          |                select_ln957_8_fu_814               |    0    |    10   |
|          |                select_ln957_9_fu_821               |    0    |    10   |
|          |               select_ln957_10_fu_829               |    0    |    10   |
|          |               select_ln957_11_fu_837               |    0    |    10   |
|          |                 PixBufVal_4_fu_845                 |    0    |    10   |
|          |                 PixBufVal_3_fu_851                 |    0    |    10   |
|          |                  PixBufVal_fu_857                  |    0    |    10   |
|          |                     DRh_fu_1045                    |    0    |    10   |
|  select  |                     DRv_fu_1064                    |    0    |    10   |
|          |                     DGh_fu_1083                    |    0    |    10   |
|          |                     DGv_fu_1102                    |    0    |    10   |
|          |                     DBh_fu_1141                    |    0    |    10   |
|          |                     DBv_fu_1171                    |    0    |    10   |
|          |                select_ln1033_fu_1438               |    0    |    13   |
|          |                select_ln1034_fu_1487               |    0    |    13   |
|          |                select_ln1039_fu_1519               |    0    |    13   |
|          |                select_ln1040_fu_1550               |    0    |    13   |
|          |                select_ln1030_fu_1557               |    0    |    13   |
|          |               select_ln1030_1_fu_1575              |    0    |    13   |
|          |                select_ln1042_fu_1663               |    0    |    10   |
|          |                     r_3_fu_1675                    |    0    |    10   |
|          |                     r_4_fu_1683                    |    0    |    10   |
|          |                select_ln1043_fu_1690               |    0    |    10   |
|          |               select_ln1043_1_fu_1701              |    0    |    10   |
|          |                     b_3_fu_1708                    |    0    |    10   |
|----------|----------------------------------------------------|---------|---------|
|          |                  icmp_ln881_fu_561                 |    0    |    14   |
|          |                  icmp_ln891_fu_583                 |    0    |    14   |
|          |                   cmp161_i_fu_589                  |    0    |    14   |
|   icmp   |                 icmp_ln1014_fu_611                 |    0    |    20   |
|          |                 icmp_ln1052_fu_617                 |    0    |    14   |
|          |                 icmp_ln1030_fu_1397                |    0    |    12   |
|          |                 icmp_ln1042_fu_1611                |    0    |    13   |
|          |                 icmp_ln1043_fu_1635                |    0    |    13   |
|----------|----------------------------------------------------|---------|---------|
|          |                     x_8_fu_567                     |    0    |    14   |
|          |                 add_ln1030_fu_1187                 |    0    |    13   |
|          |                add_ln1030_1_fu_1201                |    0    |    12   |
|          |                add_ln1030_2_fu_1215                |    0    |    13   |
|    add   |                add_ln1030_3_fu_1229                |    0    |    12   |
|          |                 add_ln1033_fu_1251                 |    0    |    12   |
|          |                 add_ln1034_fu_1291                 |    0    |    12   |
|          |                 add_ln1039_fu_1319                 |    0    |    12   |
|          |                 add_ln1040_fu_1361                 |    0    |    12   |
|----------|----------------------------------------------------|---------|---------|
|          |                  xor_ln1014_fu_595                 |    0    |    2    |
|    xor   |                 xor_ln1014_1_fu_601                |    0    |    2    |
|          |                xor_ln1014_2_fu_1641                |    0    |    2    |
|          |                 xor_ln1042_fu_1658                 |    0    |    2    |
|----------|----------------------------------------------------|---------|---------|
|    and   |                  and_ln1052_fu_623                 |    0    |    2    |
|          |                 and_ln1043_fu_1646                 |    0    |    2    |
|----------|----------------------------------------------------|---------|---------|
|    or    |                  or_ln1042_fu_1671                 |    0    |    2    |
|          |                  or_ln1043_fu_1697                 |    0    |    2    |
|----------|----------------------------------------------------|---------|---------|
|          |              cmp59_i_read_read_fu_200              |    0    |    0    |
|          |                   tmp_read_fu_206                  |    0    |    0    |
|          |              cmp478_i_read_read_fu_212             |    0    |    0    |
|          |               xor_i_read_read_fu_218               |    0    |    0    |
|          |                 tmp_11_read_fu_224                 |    0    |    0    |
|          |            loopWidth_i_read_read_fu_230            |    0    |    0    |
|          |  p_0_0_0_0_011661715_lcssa1758_i_read_read_fu_236  |    0    |    0    |
|          |  p_0_1_0_0_011671718_lcssa1760_i_read_read_fu_242  |    0    |    0    |
|          |  p_0_2_0_0_011681721_lcssa1762_i_read_read_fu_248  |    0    |    0    |
|   read   |  p_0_0_0117417921804_lcssa1840_i_read_read_fu_254  |    0    |    0    |
|          |  p_0_0_0117317941806_lcssa1842_i_read_read_fu_260  |    0    |    0    |
|          |  p_0_0_0117217961808_lcssa1844_i_read_read_fu_266  |    0    |    0    |
|          |  p_0_0_0_0_011601809_lcssa1846_i_read_read_fu_272  |    0    |    0    |
|          |  p_0_1_0_0_011611811_lcssa1848_i_read_read_fu_278  |    0    |    0    |
|          |  p_0_2_0_0_011621813_lcssa1850_i_read_read_fu_284  |    0    |    0    |
|          | p_0_0_01196_217861816_lcssa1852_i_read_read_fu_290 |    0    |    0    |
|          | p_0_0_01195_217881818_lcssa1854_i_read_read_fu_296 |    0    |    0    |
|          | p_0_0_01194_217901820_lcssa1856_i_read_read_fu_302 |    0    |    0    |
|          |                  InPix_read_fu_308                 |    0    |    0    |
|----------|----------------------------------------------------|---------|---------|
|   write  |              write_ln1054_write_fu_314             |    0    |    0    |
|----------|----------------------------------------------------|---------|---------|
|          |                 trunc_ln881_fu_573                 |    0    |    0    |
|          |                 trunc_ln902_fu_640                 |    0    |    0    |
|          |                trunc_ln902_1_fu_664                |    0    |    0    |
|          |                 trunc_ln913_fu_688                 |    0    |    0    |
|          |                  trunc_ln61_fu_925                 |    0    |    0    |
|   trunc  |                 trunc_ln61_4_fu_943                |    0    |    0    |
|          |                 trunc_ln61_5_fu_961                |    0    |    0    |
|          |                 trunc_ln61_6_fu_979                |    0    |    0    |
|          |                trunc_ln61_7_fu_1123                |    0    |    0    |
|          |                trunc_ln61_8_fu_1153                |    0    |    0    |
|          |                trunc_ln1008_fu_1652                |    0    |    0    |
|          |               trunc_ln1008_1_fu_1655               |    0    |    0    |
|----------|----------------------------------------------------|---------|---------|
|          |                  zext_ln881_fu_577                 |    0    |    0    |
|          |                 zext_ln1014_fu_607                 |    0    |    0    |
|          |                 zext_ln1023_fu_911                 |    0    |    0    |
|          |                zext_ln1023_1_fu_915                |    0    |    0    |
|          |                 zext_ln1024_fu_929                 |    0    |    0    |
|          |                zext_ln1024_1_fu_933                |    0    |    0    |
|          |                 zext_ln1025_fu_947                 |    0    |    0    |
|          |                zext_ln1025_1_fu_951                |    0    |    0    |
|          |                 zext_ln1026_fu_965                 |    0    |    0    |
|          |                zext_ln1026_1_fu_969                |    0    |    0    |
|          |                 zext_ln1028_fu_983                 |    0    |    0    |
|          |                zext_ln1028_1_fu_987                |    0    |    0    |
|          |                 zext_ln1027_fu_1109                |    0    |    0    |
|          |                zext_ln1027_1_fu_1113               |    0    |    0    |
|          |                 zext_ln1030_fu_1179                |    0    |    0    |
|   zext   |                zext_ln1030_1_fu_1183               |    0    |    0    |
|          |                zext_ln1030_2_fu_1193               |    0    |    0    |
|          |                zext_ln1030_3_fu_1197               |    0    |    0    |
|          |                zext_ln1030_4_fu_1207               |    0    |    0    |
|          |                zext_ln1030_5_fu_1211               |    0    |    0    |
|          |                zext_ln1030_6_fu_1221               |    0    |    0    |
|          |                zext_ln1030_7_fu_1225               |    0    |    0    |
|          |                 zext_ln1039_fu_1345                |    0    |    0    |
|          |                 zext_ln1040_fu_1387                |    0    |    0    |
|          |                 zext_ln1033_fu_1411                |    0    |    0    |
|          |                zext_ln1033_1_fu_1434               |    0    |    0    |
|          |                zext_ln1033_2_fu_1446               |    0    |    0    |
|          |                 zext_ln1034_fu_1460                |    0    |    0    |
|          |                zext_ln1034_1_fu_1483               |    0    |    0    |
|          |                zext_ln1039_1_fu_1515               |    0    |    0    |
|          |                zext_ln1040_1_fu_1546               |    0    |    0    |
|----------|----------------------------------------------------|---------|---------|
|          |                    tmp_i1_fu_644                   |    0    |    0    |
|          |                   tmp_1_i2_fu_654                  |    0    |    0    |
|          |                   tmp_3_i3_fu_668                  |    0    |    0    |
|          |                   tmp_4_i4_fu_678                  |    0    |    0    |
|          |               trunc_ln913_1_i_fu_692               |    0    |    0    |
|          |               trunc_ln913_2_i_fu_702               |    0    |    0    |
|          |              trunc_ln1033_2_i_fu_1263              |    0    |    0    |
|partselect|              trunc_ln1034_2_i_fu_1303              |    0    |    0    |
|          |              trunc_ln1039_2_i_fu_1331              |    0    |    0    |
|          |              trunc_ln1040_2_i_fu_1373              |    0    |    0    |
|          |              trunc_ln1033_1_i_fu_1421              |    0    |    0    |
|          |              trunc_ln1034_1_i_fu_1470              |    0    |    0    |
|          |              trunc_ln1039_1_i_fu_1502              |    0    |    0    |
|          |              trunc_ln1040_1_i_fu_1533              |    0    |    0    |
|          |                   tmp_23_fu_1601                   |    0    |    0    |
|          |                   tmp_25_fu_1625                   |    0    |    0    |
|----------|----------------------------------------------------|---------|---------|
|bitconcatenate|                 LineBufVal_4_fu_863                |    0    |    0    |
|          |                     p_0_fu_1716                    |    0    |    0    |
|----------|----------------------------------------------------|---------|---------|
|          |                   tmp_12_fu_1038                   |    0    |    0    |
|          |                   tmp_13_fu_1057                   |    0    |    0    |
|          |                   tmp_14_fu_1076                   |    0    |    0    |
|          |                   tmp_15_fu_1095                   |    0    |    0    |
|          |                   tmp_16_fu_1133                   |    0    |    0    |
| bitselect|                   tmp_17_fu_1163                   |    0    |    0    |
|          |                   tmp_18_fu_1401                   |    0    |    0    |
|          |                   tmp_19_fu_1450                   |    0    |    0    |
|          |                   tmp_20_fu_1495                   |    0    |    0    |
|          |                   tmp_21_fu_1526                   |    0    |    0    |
|          |                   tmp_22_fu_1593                   |    0    |    0    |
|          |                   tmp_24_fu_1617                   |    0    |    0    |
|----------|----------------------------------------------------|---------|---------|
|          |                 sext_ln1033_fu_1243                |    0    |    0    |
|          |                sext_ln1033_1_fu_1247               |    0    |    0    |
|          |                 sext_ln1034_fu_1283                |    0    |    0    |
|          |                sext_ln1034_1_fu_1287               |    0    |    0    |
|          |                 sext_ln1039_fu_1313                |    0    |    0    |
|          |                sext_ln1039_1_fu_1316               |    0    |    0    |
|          |                sext_ln1039_2_fu_1341               |    0    |    0    |
|          |                 sext_ln1040_fu_1355                |    0    |    0    |
|   sext   |                sext_ln1040_1_fu_1358               |    0    |    0    |
|          |                sext_ln1040_2_fu_1383               |    0    |    0    |
|          |                sext_ln1033_2_fu_1408               |    0    |    0    |
|          |                sext_ln1033_3_fu_1430               |    0    |    0    |
|          |                sext_ln1034_2_fu_1457               |    0    |    0    |
|          |                sext_ln1034_3_fu_1479               |    0    |    0    |
|          |                sext_ln1039_3_fu_1511               |    0    |    0    |
|          |                sext_ln1040_3_fu_1542               |    0    |    0    |
|          |                 sext_ln1030_fu_1565                |    0    |    0    |
|          |                sext_ln1030_1_fu_1583               |    0    |    0    |
|----------|----------------------------------------------------|---------|---------|
|   Total  |                                                    |    0    |   974   |
|----------|----------------------------------------------------|---------|---------|

Memories:
N/A

* Register list:
+-------------------------------------+--------+
|                                     |   FF   |
+-------------------------------------+--------+
|            InPix_reg_1996           |   30   |
|        add_ln1030_1_reg_2168        |   12   |
|        add_ln1030_3_reg_2173        |   12   |
|         add_ln1033_reg_2178         |   12   |
|         add_ln1034_reg_2189         |   12   |
|         add_ln1039_reg_2200         |   12   |
|         add_ln1040_reg_2211         |   12   |
|         and_ln1043_reg_2248         |    1   |
|         and_ln1052_reg_1935         |    1   |
|             b_2_reg_2227            |   14   |
|          cmp161_i_reg_1912          |    1   |
|        cmp478_i_read_reg_1885       |    1   |
|        cmp59_i_read_reg_1881        |    1   |
|            down_1_reg_391           |   10   |
|            down_2_reg_382           |   10   |
|             down_reg_400            |   10   |
|         icmp_ln1014_reg_1928        |    1   |
|         icmp_ln1042_reg_2238        |    1   |
|         icmp_ln1043_reg_2243        |    1   |
|         icmp_ln881_reg_1892         |    1   |
|         icmp_ln891_reg_1896         |    1   |
|            left_1_reg_409           |   10   |
|            left_2_reg_484           |   10   |
|             left_reg_418            |   10   |
|     lineBuffer_1_i_addr_reg_1906    |    9   |
|      lineBuffer_i_addr_reg_1900     |    9   |
| p_0_0_0117217961807_i_load_reg_2026 |   10   |
|    p_0_0_0117217961807_i_reg_1808   |   10   |
| p_0_0_0117317941805_i_load_reg_2021 |   10   |
|    p_0_0_0117317941805_i_reg_1801   |   10   |
| p_0_0_0117417921803_i_load_reg_2016 |   10   |
|    p_0_0_0117417921803_i_reg_1794   |   10   |
|p_0_0_01194_217901819_i_load_reg_2046|   10   |
|   p_0_0_01194_217901819_i_reg_1853  |   10   |
|    p_0_0_01194_21790_ph_i_reg_355   |   10   |
|p_0_0_01195_217881817_i_load_reg_2041|   10   |
|   p_0_0_01195_217881817_i_reg_1846  |   10   |
|    p_0_0_01195_21788_ph_i_reg_364   |   10   |
|p_0_0_01196_217861815_i_load_reg_2036|   10   |
|   p_0_0_01196_217861815_i_reg_1839  |   10   |
|    p_0_0_01196_21786_ph_i_reg_373   |   10   |
| p_0_0_0_0_011661717_i_load_reg_2051 |   10   |
|    p_0_0_0_0_011661717_i_reg_1860   |   10   |
| p_0_1_0_0_011671720_i_load_reg_2056 |   10   |
|    p_0_1_0_0_011671720_i_reg_1867   |   10   |
| p_0_2_0_0_011681723_i_load_reg_2061 |   10   |
|    p_0_2_0_0_011681723_i_reg_1874   |   10   |
|            pix_7_reg_437            |   10   |
|            pix_8_reg_427            |   10   |
|             pix_reg_447             |   10   |
|             r_2_reg_2222            |   14   |
|           right_1_reg_1823          |   10   |
|           right_2_reg_1831          |   10   |
|           right_3_reg_1939          |   10   |
|           right_4_reg_1946          |   10   |
|           right_5_reg_2031          |   10   |
|            right_reg_1815           |   10   |
|       select_ln957_5_reg_2067       |   10   |
|         sub_ln1023_reg_2082         |   11   |
|         sub_ln1024_reg_2093         |   11   |
|         sub_ln1025_reg_2116         |   11   |
|         sub_ln1026_reg_2127         |   11   |
|        sub_ln1039_1_reg_2153        |   11   |
|        sub_ln1039_3_reg_2206        |   13   |
|         sub_ln1039_reg_2148         |   11   |
|        sub_ln1040_1_reg_2163        |   11   |
|        sub_ln1040_3_reg_2217        |   13   |
|         sub_ln1040_reg_2158         |   11   |
|          tmp_1_i2_reg_1969          |   10   |
|           tmp_22_reg_2232           |    1   |
|          tmp_3_i3_reg_1984          |   10   |
|          tmp_4_i4_reg_1990          |   10   |
|           tmp_i1_reg_1961           |   10   |
|      trunc_ln1033_2_i_reg_2184      |   11   |
|      trunc_ln1034_2_i_reg_2195      |   11   |
|        trunc_ln61_4_reg_2098        |   10   |
|        trunc_ln61_5_reg_2121        |   10   |
|        trunc_ln61_6_reg_2132        |   10   |
|         trunc_ln61_reg_2087         |   10   |
|        trunc_ln902_1_reg_1978       |   10   |
|         trunc_ln902_reg_1953        |   10   |
|       trunc_ln913_1_i_reg_2006      |   10   |
|       trunc_ln913_2_i_reg_2011      |   10   |
|         trunc_ln913_reg_2001        |   10   |
|             up_1_reg_466            |   10   |
|             up_2_reg_457            |   10   |
|              up_reg_475             |   10   |
|              x_reg_1787             |    9   |
|        zext_ln1023_1_reg_2077       |   11   |
|         zext_ln1023_reg_2072        |   11   |
|        zext_ln1025_1_reg_2110       |   11   |
|         zext_ln1025_reg_2104        |   11   |
|        zext_ln1028_1_reg_2143       |   11   |
|         zext_ln1028_reg_2138        |   11   |
+-------------------------------------+--------+
|                Total                |   900  |
+-------------------------------------+--------+

* Multiplexer (MUX) list: 
|-------------------|------|------|------|--------||---------||---------|
|        Comp       |  Pin | Size |  BW  | S x BW ||  Delay  ||   LUT   |
|-------------------|------|------|------|--------||---------||---------|
| grp_access_fu_335 |  p2  |   2  |   0  |    0   ||    9    |
| grp_access_fu_345 |  p2  |   2  |   0  |    0   ||    9    |
|-------------------|------|------|------|--------||---------||---------|
|       Total       |      |      |      |    0   ||  3.176  ||    18   |
|-------------------|------|------|------|--------||---------||---------|



* Summary:
+-----------+--------+--------+--------+
|           |  Delay |   FF   |   LUT  |
+-----------+--------+--------+--------+
|  Function |    -   |    0   |   974  |
|   Memory  |    -   |    -   |    -   |
|Multiplexer|    3   |    -   |   18   |
|  Register |    -   |   900  |    -   |
+-----------+--------+--------+--------+
|   Total   |    3   |   900  |   992  |
+-----------+--------+--------+--------+
