Copyright 1986-2022 Xilinx, Inc. All Rights Reserved. Copyright 2022-2025 Advanced Micro Devices, Inc. All Rights Reserved.
-----------------------------------------------------------------------------------------------------------------------------------------------------------------------------------------------------
| Tool Version      : Vivado v.2025.2 (lin64) Build 6299465 Fri Nov 14 12:34:56 MST 2025
| Date              : Fri Sep 18 17:45:52 2026
| Host              : alen-HP-Pavilion-Laptop-14-ec0xxx running 64-bit Ubuntu 24.04.5 LTS
| Command           : report_bus_skew -warn_on_violation -file video_pipe_hw_wrapper_bus_skew_routed.rpt -pb video_pipe_hw_wrapper_bus_skew_routed.pb -rpx video_pipe_hw_wrapper_bus_skew_routed.rpx
| Design            : video_pipe_hw_wrapper
| Device            : xck26-sfvc784
| Speed File        : -2LV  PRODUCTION 1.30 05-15-2022
| Design State      : Routed
| Temperature Grade : C
-----------------------------------------------------------------------------------------------------------------------------------------------------------------------------------------------------

Bus Skew Report

Table of Contents
-----------------
1. Bus Skew Report Summary
2. Bus Skew Report Per Constraint

1. Bus Skew Report Summary
--------------------------

Id  Position  From                            To                              Corner  Requirement(ns)  Actual(ns)  Slack(ns)
--  --------  ------------------------------  ------------------------------  ------  ---------------  ----------  ---------
1   241       [get_cells [list {video_pipe_hw_i/mipi_csi2_rx_subsyst_0/inst/rx/mipi_csi2_rx_ctrl_v1_0_14_top_dut/gen_pkt_fifo/pkt_fifo/gnuram_async_fifo.xpm_fifo_base_inst/gen_cdc_pntr.rd_pntr_cdc_inst/src_gray_ff_reg[0]} {video_pipe_hw_i/mipi_csi2_rx_subsyst_0/inst/rx/mipi_csi2_rx_ctrl_v1_0_14_top_dut/gen_pkt_fifo/pkt_fifo/gnuram_async_fifo.xpm_fifo_base_inst/gen_cdc_pntr.rd_pntr_cdc_inst/src_gray_ff_reg[1]} {video_pipe_hw_i/mipi_csi2_rx_subsyst_0/inst/rx/mipi_csi2_rx_ctrl_v1_0_14_top_dut/gen_pkt_fifo/pkt_fifo/gnuram_async_fifo.xpm_fifo_base_inst/gen_cdc_pntr.rd_pntr_cdc_inst/src_gray_ff_reg[2]} {video_pipe_hw_i/mipi_csi2_rx_subsyst_0/inst/rx/mipi_csi2_rx_ctrl_v1_0_14_top_dut/gen_pkt_fifo/pkt_fifo/gnuram_async_fifo.xpm_fifo_base_inst/gen_cdc_pntr.rd_pntr_cdc_inst/src_gray_ff_reg[3]} {video_pipe_hw_i/mipi_csi2_rx_subsyst_0/inst/rx/mipi_csi2_rx_ctrl_v1_0_14_top_dut/gen_pkt_fifo/pkt_fifo/gnuram_async_fifo.xpm_fifo_base_inst/gen_cdc_pntr.rd_pntr_cdc_inst/src_gray_ff_reg[4]}]]
                                              [get_cells [list {video_pipe_hw_i/mipi_csi2_rx_subsyst_0/inst/rx/mipi_csi2_rx_ctrl_v1_0_14_top_dut/gen_pkt_fifo/pkt_fifo/gnuram_async_fifo.xpm_fifo_base_inst/gen_cdc_pntr.rd_pntr_cdc_inst/dest_graysync_ff_reg[0][0]} {video_pipe_hw_i/mipi_csi2_rx_subsyst_0/inst/rx/mipi_csi2_rx_ctrl_v1_0_14_top_dut/gen_pkt_fifo/pkt_fifo/gnuram_async_fifo.xpm_fifo_base_inst/gen_cdc_pntr.rd_pntr_cdc_inst/dest_graysync_ff_reg[0][1]} {video_pipe_hw_i/mipi_csi2_rx_subsyst_0/inst/rx/mipi_csi2_rx_ctrl_v1_0_14_top_dut/gen_pkt_fifo/pkt_fifo/gnuram_async_fifo.xpm_fifo_base_inst/gen_cdc_pntr.rd_pntr_cdc_inst/dest_graysync_ff_reg[0][2]} {video_pipe_hw_i/mipi_csi2_rx_subsyst_0/inst/rx/mipi_csi2_rx_ctrl_v1_0_14_top_dut/gen_pkt_fifo/pkt_fifo/gnuram_async_fifo.xpm_fifo_base_inst/gen_cdc_pntr.rd_pntr_cdc_inst/dest_graysync_ff_reg[0][3]} {video_pipe_hw_i/mipi_csi2_rx_subsyst_0/inst/rx/mipi_csi2_rx_ctrl_v1_0_14_top_dut/gen_pkt_fifo/pkt_fifo/gnuram_async_fifo.xpm_fifo_base_inst/gen_cdc_pntr.rd_pntr_cdc_inst/dest_graysync_ff_reg[0][4]}]]
                                                                              Slow             16.460       0.534     15.926
2   243       [get_cells [list {video_pipe_hw_i/mipi_csi2_rx_subsyst_0/inst/rx/mipi_csi2_rx_ctrl_v1_0_14_top_dut/gen_pkt_fifo/pkt_fifo/gnuram_async_fifo.xpm_fifo_base_inst/gen_cdc_pntr.wr_pntr_cdc_inst/src_gray_ff_reg[0]} {video_pipe_hw_i/mipi_csi2_rx_subsyst_0/inst/rx/mipi_csi2_rx_ctrl_v1_0_14_top_dut/gen_pkt_fifo/pkt_fifo/gnuram_async_fifo.xpm_fifo_base_inst/gen_cdc_pntr.wr_pntr_cdc_inst/src_gray_ff_reg[1]} {video_pipe_hw_i/mipi_csi2_rx_subsyst_0/inst/rx/mipi_csi2_rx_ctrl_v1_0_14_top_dut/gen_pkt_fifo/pkt_fifo/gnuram_async_fifo.xpm_fifo_base_inst/gen_cdc_pntr.wr_pntr_cdc_inst/src_gray_ff_reg[2]} {video_pipe_hw_i/mipi_csi2_rx_subsyst_0/inst/rx/mipi_csi2_rx_ctrl_v1_0_14_top_dut/gen_pkt_fifo/pkt_fifo/gnuram_async_fifo.xpm_fifo_base_inst/gen_cdc_pntr.wr_pntr_cdc_inst/src_gray_ff_reg[3]} {video_pipe_hw_i/mipi_csi2_rx_subsyst_0/inst/rx/mipi_csi2_rx_ctrl_v1_0_14_top_dut/gen_pkt_fifo/pkt_fifo/gnuram_async_fifo.xpm_fifo_base_inst/gen_cdc_pntr.wr_pntr_cdc_inst/src_gray_ff_reg[4]}]]
                                              [get_cells [list {video_pipe_hw_i/mipi_csi2_rx_subsyst_0/inst/rx/mipi_csi2_rx_ctrl_v1_0_14_top_dut/gen_pkt_fifo/pkt_fifo/gnuram_async_fifo.xpm_fifo_base_inst/gen_cdc_pntr.wr_pntr_cdc_inst/dest_graysync_ff_reg[0][0]} {video_pipe_hw_i/mipi_csi2_rx_subsyst_0/inst/rx/mipi_csi2_rx_ctrl_v1_0_14_top_dut/gen_pkt_fifo/pkt_fifo/gnuram_async_fifo.xpm_fifo_base_inst/gen_cdc_pntr.wr_pntr_cdc_inst/dest_graysync_ff_reg[0][1]} {video_pipe_hw_i/mipi_csi2_rx_subsyst_0/inst/rx/mipi_csi2_rx_ctrl_v1_0_14_top_dut/gen_pkt_fifo/pkt_fifo/gnuram_async_fifo.xpm_fifo_base_inst/gen_cdc_pntr.wr_pntr_cdc_inst/dest_graysync_ff_reg[0][2]} {video_pipe_hw_i/mipi_csi2_rx_subsyst_0/inst/rx/mipi_csi2_rx_ctrl_v1_0_14_top_dut/gen_pkt_fifo/pkt_fifo/gnuram_async_fifo.xpm_fifo_base_inst/gen_cdc_pntr.wr_pntr_cdc_inst/dest_graysync_ff_reg[0][3]} {video_pipe_hw_i/mipi_csi2_rx_subsyst_0/inst/rx/mipi_csi2_rx_ctrl_v1_0_14_top_dut/gen_pkt_fifo/pkt_fifo/gnuram_async_fifo.xpm_fifo_base_inst/gen_cdc_pntr.wr_pntr_cdc_inst/dest_graysync_ff_reg[0][4]}]]
                                                                              Slow             16.460       0.779     15.681
3   245       [get_cells [list {video_pipe_hw_i/mipi_csi2_rx_subsyst_0/inst/rx/mipi_csi2_rx_ctrl_v1_0_14_top_dut/gen_pkt_fifo/pkt_fifo/gnuram_async_fifo.xpm_fifo_base_inst/gen_cdc_pntr.rd_pntr_cdc_dc_inst/src_gray_ff_reg[0]} {video_pipe_hw_i/mipi_csi2_rx_subsyst_0/inst/rx/mipi_csi2_rx_ctrl_v1_0_14_top_dut/gen_pkt_fifo/pkt_fifo/gnuram_async_fifo.xpm_fifo_base_inst/gen_cdc_pntr.rd_pntr_cdc_dc_inst/src_gray_ff_reg[1]} {video_pipe_hw_i/mipi_csi2_rx_subsyst_0/inst/rx/mipi_csi2_rx_ctrl_v1_0_14_top_dut/gen_pkt_fifo/pkt_fifo/gnuram_async_fifo.xpm_fifo_base_inst/gen_cdc_pntr.rd_pntr_cdc_dc_inst/src_gray_ff_reg[2]} {video_pipe_hw_i/mipi_csi2_rx_subsyst_0/inst/rx/mipi_csi2_rx_ctrl_v1_0_14_top_dut/gen_pkt_fifo/pkt_fifo/gnuram_async_fifo.xpm_fifo_base_inst/gen_cdc_pntr.rd_pntr_cdc_dc_inst/src_gray_ff_reg[3]} {video_pipe_hw_i/mipi_csi2_rx_subsyst_0/inst/rx/mipi_csi2_rx_ctrl_v1_0_14_top_dut/gen_pkt_fifo/pkt_fifo/gnuram_async_fifo.xpm_fifo_base_inst/gen_cdc_pntr.rd_pntr_cdc_dc_inst/src_gray_ff_reg[4]} {video_pipe_hw_i/mipi_csi2_rx_subsyst_0/inst/rx/mipi_csi2_rx_ctrl_v1_0_14_top_dut/gen_pkt_fifo/pkt_fifo/gnuram_async_fifo.xpm_fifo_base_inst/gen_cdc_pntr.rd_pntr_cdc_dc_inst/src_gray_ff_reg[5]}]]
                                              [get_cells [list {video_pipe_hw_i/mipi_csi2_rx_subsyst_0/inst/rx/mipi_csi2_rx_ctrl_v1_0_14_top_dut/gen_pkt_fifo/pkt_fifo/gnuram_async_fifo.xpm_fifo_base_inst/gen_cdc_pntr.rd_pntr_cdc_dc_inst/dest_graysync_ff_reg[0][0]} {video_pipe_hw_i/mipi_csi2_rx_subsyst_0/inst/rx/mipi_csi2_rx_ctrl_v1_0_14_top_dut/gen_pkt_fifo/pkt_fifo/gnuram_async_fifo.xpm_fifo_base_inst/gen_cdc_pntr.rd_pntr_cdc_dc_inst/dest_graysync_ff_reg[0][1]} {video_pipe_hw_i/mipi_csi2_rx_subsyst_0/inst/rx/mipi_csi2_rx_ctrl_v1_0_14_top_dut/gen_pkt_fifo/pkt_fifo/gnuram_async_fifo.xpm_fifo_base_inst/gen_cdc_pntr.rd_pntr_cdc_dc_inst/dest_graysync_ff_reg[0][2]} {video_pipe_hw_i/mipi_csi2_rx_subsyst_0/inst/rx/mipi_csi2_rx_ctrl_v1_0_14_top_dut/gen_pkt_fifo/pkt_fifo/gnuram_async_fifo.xpm_fifo_base_inst/gen_cdc_pntr.rd_pntr_cdc_dc_inst/dest_graysync_ff_reg[0][3]} {video_pipe_hw_i/mipi_csi2_rx_subsyst_0/inst/rx/mipi_csi2_rx_ctrl_v1_0_14_top_dut/gen_pkt_fifo/pkt_fifo/gnuram_async_fifo.xpm_fifo_base_inst/gen_cdc_pntr.rd_pntr_cdc_dc_inst/dest_graysync_ff_reg[0][4]} {video_pipe_hw_i/mipi_csi2_rx_subsyst_0/inst/rx/mipi_csi2_rx_ctrl_v1_0_14_top_dut/gen_pkt_fifo/pkt_fifo/gnuram_async_fifo.xpm_fifo_base_inst/gen_cdc_pntr.rd_pntr_cdc_dc_inst/dest_graysync_ff_reg[0][5]}]]
                                                                              Slow             16.460       0.834     15.626
4   247       [get_cells [list {video_pipe_hw_i/mipi_csi2_rx_subsyst_0/inst/rx/mipi_csi2_rx_ctrl_v1_0_14_top_dut/gen_pkt_fifo/pkt_fifo/gnuram_async_fifo.xpm_fifo_base_inst/gen_cdc_pntr.wr_pntr_cdc_dc_inst/src_gray_ff_reg[0]} {video_pipe_hw_i/mipi_csi2_rx_subsyst_0/inst/rx/mipi_csi2_rx_ctrl_v1_0_14_top_dut/gen_pkt_fifo/pkt_fifo/gnuram_async_fifo.xpm_fifo_base_inst/gen_cdc_pntr.wr_pntr_cdc_dc_inst/src_gray_ff_reg[1]} {video_pipe_hw_i/mipi_csi2_rx_subsyst_0/inst/rx/mipi_csi2_rx_ctrl_v1_0_14_top_dut/gen_pkt_fifo/pkt_fifo/gnuram_async_fifo.xpm_fifo_base_inst/gen_cdc_pntr.wr_pntr_cdc_dc_inst/src_gray_ff_reg[2]} {video_pipe_hw_i/mipi_csi2_rx_subsyst_0/inst/rx/mipi_csi2_rx_ctrl_v1_0_14_top_dut/gen_pkt_fifo/pkt_fifo/gnuram_async_fifo.xpm_fifo_base_inst/gen_cdc_pntr.wr_pntr_cdc_dc_inst/src_gray_ff_reg[3]} {video_pipe_hw_i/mipi_csi2_rx_subsyst_0/inst/rx/mipi_csi2_rx_ctrl_v1_0_14_top_dut/gen_pkt_fifo/pkt_fifo/gnuram_async_fifo.xpm_fifo_base_inst/gen_cdc_pntr.wr_pntr_cdc_dc_inst/src_gray_ff_reg[4]} {video_pipe_hw_i/mipi_csi2_rx_subsyst_0/inst/rx/mipi_csi2_rx_ctrl_v1_0_14_top_dut/gen_pkt_fifo/pkt_fifo/gnuram_async_fifo.xpm_fifo_base_inst/gen_cdc_pntr.wr_pntr_cdc_dc_inst/src_gray_ff_reg[5]}]]
                                              [get_cells [list {video_pipe_hw_i/mipi_csi2_rx_subsyst_0/inst/rx/mipi_csi2_rx_ctrl_v1_0_14_top_dut/gen_pkt_fifo/pkt_fifo/gnuram_async_fifo.xpm_fifo_base_inst/gen_cdc_pntr.wr_pntr_cdc_dc_inst/dest_graysync_ff_reg[0][0]} {video_pipe_hw_i/mipi_csi2_rx_subsyst_0/inst/rx/mipi_csi2_rx_ctrl_v1_0_14_top_dut/gen_pkt_fifo/pkt_fifo/gnuram_async_fifo.xpm_fifo_base_inst/gen_cdc_pntr.wr_pntr_cdc_dc_inst/dest_graysync_ff_reg[0][1]} {video_pipe_hw_i/mipi_csi2_rx_subsyst_0/inst/rx/mipi_csi2_rx_ctrl_v1_0_14_top_dut/gen_pkt_fifo/pkt_fifo/gnuram_async_fifo.xpm_fifo_base_inst/gen_cdc_pntr.wr_pntr_cdc_dc_inst/dest_graysync_ff_reg[0][2]} {video_pipe_hw_i/mipi_csi2_rx_subsyst_0/inst/rx/mipi_csi2_rx_ctrl_v1_0_14_top_dut/gen_pkt_fifo/pkt_fifo/gnuram_async_fifo.xpm_fifo_base_inst/gen_cdc_pntr.wr_pntr_cdc_dc_inst/dest_graysync_ff_reg[0][3]} {video_pipe_hw_i/mipi_csi2_rx_subsyst_0/inst/rx/mipi_csi2_rx_ctrl_v1_0_14_top_dut/gen_pkt_fifo/pkt_fifo/gnuram_async_fifo.xpm_fifo_base_inst/gen_cdc_pntr.wr_pntr_cdc_dc_inst/dest_graysync_ff_reg[0][4]} {video_pipe_hw_i/mipi_csi2_rx_subsyst_0/inst/rx/mipi_csi2_rx_ctrl_v1_0_14_top_dut/gen_pkt_fifo/pkt_fifo/gnuram_async_fifo.xpm_fifo_base_inst/gen_cdc_pntr.wr_pntr_cdc_dc_inst/dest_graysync_ff_reg[0][5]}]]
                                                                              Slow             16.460       0.525     15.935
5   461       [get_cells [list {dbg_hub/inst/BSCANID.u_xsdbm_id/CORE_XSDB.UUT_MASTER/U_ICON_INTERFACE/U_CMD6_RD/U_RD_FIFO/SUBCORE_FIFO.xsdbm_v3_0_5_rdfifo_inst/inst_fifo_gen/gconvfifo.rf/grf.rf/gntv_or_sync_fifo.gcx.clkx/gnxpm_cdc.rd_pntr_gc_reg[0]} {dbg_hub/inst/BSCANID.u_xsdbm_id/CORE_XSDB.UUT_MASTER/U_ICON_INTERFACE/U_CMD6_RD/U_RD_FIFO/SUBCORE_FIFO.xsdbm_v3_0_5_rdfifo_inst/inst_fifo_gen/gconvfifo.rf/grf.rf/gntv_or_sync_fifo.gcx.clkx/gnxpm_cdc.rd_pntr_gc_reg[1]} {dbg_hub/inst/BSCANID.u_xsdbm_id/CORE_XSDB.UUT_MASTER/U_ICON_INTERFACE/U_CMD6_RD/U_RD_FIFO/SUBCORE_FIFO.xsdbm_v3_0_5_rdfifo_inst/inst_fifo_gen/gconvfifo.rf/grf.rf/gntv_or_sync_fifo.gcx.clkx/gnxpm_cdc.rd_pntr_gc_reg[2]} {dbg_hub/inst/BSCANID.u_xsdbm_id/CORE_XSDB.UUT_MASTER/U_ICON_INTERFACE/U_CMD6_RD/U_RD_FIFO/SUBCORE_FIFO.xsdbm_v3_0_5_rdfifo_inst/inst_fifo_gen/gconvfifo.rf/grf.rf/gntv_or_sync_fifo.gcx.clkx/gnxpm_cdc.rd_pntr_gc_reg[3]}]]
                                              [get_cells [list {dbg_hub/inst/BSCANID.u_xsdbm_id/CORE_XSDB.UUT_MASTER/U_ICON_INTERFACE/U_CMD6_RD/U_RD_FIFO/SUBCORE_FIFO.xsdbm_v3_0_5_rdfifo_inst/inst_fifo_gen/gconvfifo.rf/grf.rf/gntv_or_sync_fifo.gcx.clkx/gnxpm_cdc.gsync_stage[1].wr_stg_inst/Q_reg_reg[0]} {dbg_hub/inst/BSCANID.u_xsdbm_id/CORE_XSDB.UUT_MASTER/U_ICON_INTERFACE/U_CMD6_RD/U_RD_FIFO/SUBCORE_FIFO.xsdbm_v3_0_5_rdfifo_inst/inst_fifo_gen/gconvfifo.rf/grf.rf/gntv_or_sync_fifo.gcx.clkx/gnxpm_cdc.gsync_stage[1].wr_stg_inst/Q_reg_reg[1]} {dbg_hub/inst/BSCANID.u_xsdbm_id/CORE_XSDB.UUT_MASTER/U_ICON_INTERFACE/U_CMD6_RD/U_RD_FIFO/SUBCORE_FIFO.xsdbm_v3_0_5_rdfifo_inst/inst_fifo_gen/gconvfifo.rf/grf.rf/gntv_or_sync_fifo.gcx.clkx/gnxpm_cdc.gsync_stage[1].wr_stg_inst/Q_reg_reg[2]} {dbg_hub/inst/BSCANID.u_xsdbm_id/CORE_XSDB.UUT_MASTER/U_ICON_INTERFACE/U_CMD6_RD/U_RD_FIFO/SUBCORE_FIFO.xsdbm_v3_0_5_rdfifo_inst/inst_fifo_gen/gconvfifo.rf/grf.rf/gntv_or_sync_fifo.gcx.clkx/gnxpm_cdc.gsync_stage[1].wr_stg_inst/Q_reg_reg[3]}]]
                                                                              Slow              6.734       0.471      6.263
6   463       [get_cells [list {dbg_hub/inst/BSCANID.u_xsdbm_id/CORE_XSDB.UUT_MASTER/U_ICON_INTERFACE/U_CMD6_RD/U_RD_FIFO/SUBCORE_FIFO.xsdbm_v3_0_5_rdfifo_inst/inst_fifo_gen/gconvfifo.rf/grf.rf/gntv_or_sync_fifo.gcx.clkx/gnxpm_cdc.wr_pntr_gc_reg[0]} {dbg_hub/inst/BSCANID.u_xsdbm_id/CORE_XSDB.UUT_MASTER/U_ICON_INTERFACE/U_CMD6_RD/U_RD_FIFO/SUBCORE_FIFO.xsdbm_v3_0_5_rdfifo_inst/inst_fifo_gen/gconvfifo.rf/grf.rf/gntv_or_sync_fifo.gcx.clkx/gnxpm_cdc.wr_pntr_gc_reg[1]} {dbg_hub/inst/BSCANID.u_xsdbm_id/CORE_XSDB.UUT_MASTER/U_ICON_INTERFACE/U_CMD6_RD/U_RD_FIFO/SUBCORE_FIFO.xsdbm_v3_0_5_rdfifo_inst/inst_fifo_gen/gconvfifo.rf/grf.rf/gntv_or_sync_fifo.gcx.clkx/gnxpm_cdc.wr_pntr_gc_reg[2]} {dbg_hub/inst/BSCANID.u_xsdbm_id/CORE_XSDB.UUT_MASTER/U_ICON_INTERFACE/U_CMD6_RD/U_RD_FIFO/SUBCORE_FIFO.xsdbm_v3_0_5_rdfifo_inst/inst_fifo_gen/gconvfifo.rf/grf.rf/gntv_or_sync_fifo.gcx.clkx/gnxpm_cdc.wr_pntr_gc_reg[3]}]]
                                              [get_cells [list {dbg_hub/inst/BSCANID.u_xsdbm_id/CORE_XSDB.UUT_MASTER/U_ICON_INTERFACE/U_CMD6_RD/U_RD_FIFO/SUBCORE_FIFO.xsdbm_v3_0_5_rdfifo_inst/inst_fifo_gen/gconvfifo.rf/grf.rf/gntv_or_sync_fifo.gcx.clkx/gnxpm_cdc.gsync_stage[1].rd_stg_inst/Q_reg_reg[0]} {dbg_hub/inst/BSCANID.u_xsdbm_id/CORE_XSDB.UUT_MASTER/U_ICON_INTERFACE/U_CMD6_RD/U_RD_FIFO/SUBCORE_FIFO.xsdbm_v3_0_5_rdfifo_inst/inst_fifo_gen/gconvfifo.rf/grf.rf/gntv_or_sync_fifo.gcx.clkx/gnxpm_cdc.gsync_stage[1].rd_stg_inst/Q_reg_reg[1]} {dbg_hub/inst/BSCANID.u_xsdbm_id/CORE_XSDB.UUT_MASTER/U_ICON_INTERFACE/U_CMD6_RD/U_RD_FIFO/SUBCORE_FIFO.xsdbm_v3_0_5_rdfifo_inst/inst_fifo_gen/gconvfifo.rf/grf.rf/gntv_or_sync_fifo.gcx.clkx/gnxpm_cdc.gsync_stage[1].rd_stg_inst/Q_reg_reg[2]} {dbg_hub/inst/BSCANID.u_xsdbm_id/CORE_XSDB.UUT_MASTER/U_ICON_INTERFACE/U_CMD6_RD/U_RD_FIFO/SUBCORE_FIFO.xsdbm_v3_0_5_rdfifo_inst/inst_fifo_gen/gconvfifo.rf/grf.rf/gntv_or_sync_fifo.gcx.clkx/gnxpm_cdc.gsync_stage[1].rd_stg_inst/Q_reg_reg[3]}]]
                                                                              Slow              6.734       0.430      6.304
7   466       [get_cells [list {dbg_hub/inst/BSCANID.u_xsdbm_id/CORE_XSDB.UUT_MASTER/U_ICON_INTERFACE/U_CMD6_WR/U_WR_FIFO/SUBCORE_FIFO.xsdbm_v3_0_5_wrfifo_inst/inst_fifo_gen/gconvfifo.rf/grf.rf/gntv_or_sync_fifo.gcx.clkx/gnxpm_cdc.rd_pntr_gc_reg[0]} {dbg_hub/inst/BSCANID.u_xsdbm_id/CORE_XSDB.UUT_MASTER/U_ICON_INTERFACE/U_CMD6_WR/U_WR_FIFO/SUBCORE_FIFO.xsdbm_v3_0_5_wrfifo_inst/inst_fifo_gen/gconvfifo.rf/grf.rf/gntv_or_sync_fifo.gcx.clkx/gnxpm_cdc.rd_pntr_gc_reg[1]} {dbg_hub/inst/BSCANID.u_xsdbm_id/CORE_XSDB.UUT_MASTER/U_ICON_INTERFACE/U_CMD6_WR/U_WR_FIFO/SUBCORE_FIFO.xsdbm_v3_0_5_wrfifo_inst/inst_fifo_gen/gconvfifo.rf/grf.rf/gntv_or_sync_fifo.gcx.clkx/gnxpm_cdc.rd_pntr_gc_reg[2]} {dbg_hub/inst/BSCANID.u_xsdbm_id/CORE_XSDB.UUT_MASTER/U_ICON_INTERFACE/U_CMD6_WR/U_WR_FIFO/SUBCORE_FIFO.xsdbm_v3_0_5_wrfifo_inst/inst_fifo_gen/gconvfifo.rf/grf.rf/gntv_or_sync_fifo.gcx.clkx/gnxpm_cdc.rd_pntr_gc_reg[3]}]]
                                              [get_cells [list {dbg_hub/inst/BSCANID.u_xsdbm_id/CORE_XSDB.UUT_MASTER/U_ICON_INTERFACE/U_CMD6_WR/U_WR_FIFO/SUBCORE_FIFO.xsdbm_v3_0_5_wrfifo_inst/inst_fifo_gen/gconvfifo.rf/grf.rf/gntv_or_sync_fifo.gcx.clkx/gnxpm_cdc.gsync_stage[1].wr_stg_inst/Q_reg_reg[0]} {dbg_hub/inst/BSCANID.u_xsdbm_id/CORE_XSDB.UUT_MASTER/U_ICON_INTERFACE/U_CMD6_WR/U_WR_FIFO/SUBCORE_FIFO.xsdbm_v3_0_5_wrfifo_inst/inst_fifo_gen/gconvfifo.rf/grf.rf/gntv_or_sync_fifo.gcx.clkx/gnxpm_cdc.gsync_stage[1].wr_stg_inst/Q_reg_reg[1]} {dbg_hub/inst/BSCANID.u_xsdbm_id/CORE_XSDB.UUT_MASTER/U_ICON_INTERFACE/U_CMD6_WR/U_WR_FIFO/SUBCORE_FIFO.xsdbm_v3_0_5_wrfifo_inst/inst_fifo_gen/gconvfifo.rf/grf.rf/gntv_or_sync_fifo.gcx.clkx/gnxpm_cdc.gsync_stage[1].wr_stg_inst/Q_reg_reg[2]} {dbg_hub/inst/BSCANID.u_xsdbm_id/CORE_XSDB.UUT_MASTER/U_ICON_INTERFACE/U_CMD6_WR/U_WR_FIFO/SUBCORE_FIFO.xsdbm_v3_0_5_wrfifo_inst/inst_fifo_gen/gconvfifo.rf/grf.rf/gntv_or_sync_fifo.gcx.clkx/gnxpm_cdc.gsync_stage[1].wr_stg_inst/Q_reg_reg[3]}]]
                                                                              Slow              6.734       0.514      6.220
8   468       [get_cells [list {dbg_hub/inst/BSCANID.u_xsdbm_id/CORE_XSDB.UUT_MASTER/U_ICON_INTERFACE/U_CMD6_WR/U_WR_FIFO/SUBCORE_FIFO.xsdbm_v3_0_5_wrfifo_inst/inst_fifo_gen/gconvfifo.rf/grf.rf/gntv_or_sync_fifo.gcx.clkx/gnxpm_cdc.wr_pntr_gc_reg[0]} {dbg_hub/inst/BSCANID.u_xsdbm_id/CORE_XSDB.UUT_MASTER/U_ICON_INTERFACE/U_CMD6_WR/U_WR_FIFO/SUBCORE_FIFO.xsdbm_v3_0_5_wrfifo_inst/inst_fifo_gen/gconvfifo.rf/grf.rf/gntv_or_sync_fifo.gcx.clkx/gnxpm_cdc.wr_pntr_gc_reg[1]} {dbg_hub/inst/BSCANID.u_xsdbm_id/CORE_XSDB.UUT_MASTER/U_ICON_INTERFACE/U_CMD6_WR/U_WR_FIFO/SUBCORE_FIFO.xsdbm_v3_0_5_wrfifo_inst/inst_fifo_gen/gconvfifo.rf/grf.rf/gntv_or_sync_fifo.gcx.clkx/gnxpm_cdc.wr_pntr_gc_reg[2]} {dbg_hub/inst/BSCANID.u_xsdbm_id/CORE_XSDB.UUT_MASTER/U_ICON_INTERFACE/U_CMD6_WR/U_WR_FIFO/SUBCORE_FIFO.xsdbm_v3_0_5_wrfifo_inst/inst_fifo_gen/gconvfifo.rf/grf.rf/gntv_or_sync_fifo.gcx.clkx/gnxpm_cdc.wr_pntr_gc_reg[3]}]]
                                              [get_cells [list {dbg_hub/inst/BSCANID.u_xsdbm_id/CORE_XSDB.UUT_MASTER/U_ICON_INTERFACE/U_CMD6_WR/U_WR_FIFO/SUBCORE_FIFO.xsdbm_v3_0_5_wrfifo_inst/inst_fifo_gen/gconvfifo.rf/grf.rf/gntv_or_sync_fifo.gcx.clkx/gnxpm_cdc.gsync_stage[1].rd_stg_inst/Q_reg_reg[0]} {dbg_hub/inst/BSCANID.u_xsdbm_id/CORE_XSDB.UUT_MASTER/U_ICON_INTERFACE/U_CMD6_WR/U_WR_FIFO/SUBCORE_FIFO.xsdbm_v3_0_5_wrfifo_inst/inst_fifo_gen/gconvfifo.rf/grf.rf/gntv_or_sync_fifo.gcx.clkx/gnxpm_cdc.gsync_stage[1].rd_stg_inst/Q_reg_reg[1]} {dbg_hub/inst/BSCANID.u_xsdbm_id/CORE_XSDB.UUT_MASTER/U_ICON_INTERFACE/U_CMD6_WR/U_WR_FIFO/SUBCORE_FIFO.xsdbm_v3_0_5_wrfifo_inst/inst_fifo_gen/gconvfifo.rf/grf.rf/gntv_or_sync_fifo.gcx.clkx/gnxpm_cdc.gsync_stage[1].rd_stg_inst/Q_reg_reg[2]} {dbg_hub/inst/BSCANID.u_xsdbm_id/CORE_XSDB.UUT_MASTER/U_ICON_INTERFACE/U_CMD6_WR/U_WR_FIFO/SUBCORE_FIFO.xsdbm_v3_0_5_wrfifo_inst/inst_fifo_gen/gconvfifo.rf/grf.rf/gntv_or_sync_fifo.gcx.clkx/gnxpm_cdc.gsync_stage[1].rd_stg_inst/Q_reg_reg[3]}]]
                                                                              Slow              6.734       0.573      6.161


2. Bus Skew Report Per Constraint
---------------------------------

Id: 1
set_bus_skew -from [get_cells [list {video_pipe_hw_i/mipi_csi2_rx_subsyst_0/inst/rx/mipi_csi2_rx_ctrl_v1_0_14_top_dut/gen_pkt_fifo/pkt_fifo/gnuram_async_fifo.xpm_fifo_base_inst/gen_cdc_pntr.rd_pntr_cdc_inst/src_gray_ff_reg[0]} {video_pipe_hw_i/mipi_csi2_rx_subsyst_0/inst/rx/mipi_csi2_rx_ctrl_v1_0_14_top_dut/gen_pkt_fifo/pkt_fifo/gnuram_async_fifo.xpm_fifo_base_inst/gen_cdc_pntr.rd_pntr_cdc_inst/src_gray_ff_reg[1]} {video_pipe_hw_i/mipi_csi2_rx_subsyst_0/inst/rx/mipi_csi2_rx_ctrl_v1_0_14_top_dut/gen_pkt_fifo/pkt_fifo/gnuram_async_fifo.xpm_fifo_base_inst/gen_cdc_pntr.rd_pntr_cdc_inst/src_gray_ff_reg[2]} {video_pipe_hw_i/mipi_csi2_rx_subsyst_0/inst/rx/mipi_csi2_rx_ctrl_v1_0_14_top_dut/gen_pkt_fifo/pkt_fifo/gnuram_async_fifo.xpm_fifo_base_inst/gen_cdc_pntr.rd_pntr_cdc_inst/src_gray_ff_reg[3]} {video_pipe_hw_i/mipi_csi2_rx_subsyst_0/inst/rx/mipi_csi2_rx_ctrl_v1_0_14_top_dut/gen_pkt_fifo/pkt_fifo/gnuram_async_fifo.xpm_fifo_base_inst/gen_cdc_pntr.rd_pntr_cdc_inst/src_gray_ff_reg[4]}]] -to [get_cells [list {video_pipe_hw_i/mipi_csi2_rx_subsyst_0/inst/rx/mipi_csi2_rx_ctrl_v1_0_14_top_dut/gen_pkt_fifo/pkt_fifo/gnuram_async_fifo.xpm_fifo_base_inst/gen_cdc_pntr.rd_pntr_cdc_inst/dest_graysync_ff_reg[0][0]} {video_pipe_hw_i/mipi_csi2_rx_subsyst_0/inst/rx/mipi_csi2_rx_ctrl_v1_0_14_top_dut/gen_pkt_fifo/pkt_fifo/gnuram_async_fifo.xpm_fifo_base_inst/gen_cdc_pntr.rd_pntr_cdc_inst/dest_graysync_ff_reg[0][1]} {video_pipe_hw_i/mipi_csi2_rx_subsyst_0/inst/rx/mipi_csi2_rx_ctrl_v1_0_14_top_dut/gen_pkt_fifo/pkt_fifo/gnuram_async_fifo.xpm_fifo_base_inst/gen_cdc_pntr.rd_pntr_cdc_inst/dest_graysync_ff_reg[0][2]} {video_pipe_hw_i/mipi_csi2_rx_subsyst_0/inst/rx/mipi_csi2_rx_ctrl_v1_0_14_top_dut/gen_pkt_fifo/pkt_fifo/gnuram_async_fifo.xpm_fifo_base_inst/gen_cdc_pntr.rd_pntr_cdc_inst/dest_graysync_ff_reg[0][3]} {video_pipe_hw_i/mipi_csi2_rx_subsyst_0/inst/rx/mipi_csi2_rx_ctrl_v1_0_14_top_dut/gen_pkt_fifo/pkt_fifo/gnuram_async_fifo.xpm_fifo_base_inst/gen_cdc_pntr.rd_pntr_cdc_inst/dest_graysync_ff_reg[0][4]}]] 16.460
Requirement: 16.460ns
Endpoints: 5

From Clock            To Clock              Endpoint Pin                    Reference Pin                   Corner  Actual(ns)  Slack(ns)
--------------------  --------------------  ------------------------------  ------------------------------  ------  ----------  ---------
clk_out1_video_pipe_hw_clk_wiz_1_1_1
                      mipi_phy_if_0_clk_p_FIFO_WRCLK_OUT
                                            video_pipe_hw_i/mipi_csi2_rx_subsyst_0/inst/rx/mipi_csi2_rx_ctrl_v1_0_14_top_dut/gen_pkt_fifo/pkt_fifo/gnuram_async_fifo.xpm_fifo_base_inst/gen_cdc_pntr.rd_pntr_cdc_inst/dest_graysync_ff_reg[0][4]/D
                                                                            video_pipe_hw_i/mipi_csi2_rx_subsyst_0/inst/rx/mipi_csi2_rx_ctrl_v1_0_14_top_dut/gen_pkt_fifo/pkt_fifo/gnuram_async_fifo.xpm_fifo_base_inst/gen_cdc_pntr.rd_pntr_cdc_inst/dest_graysync_ff_reg[0][3]/D
                                                                                                            Slow         0.534     15.926


Slack (MET) :             15.926ns  (requirement - actual skew)
  Endpoint Source:        video_pipe_hw_wrapper/video_pipe_hw/video_pipe_hw_mipi_csi2_rx_subsyst_0_0/video_pipe_hw_mipi_csi2_rx_subsyst_0_0_bd_0c52/bd_0c52_rx_0/<hidden>/<hidden>/<hidden>/<hidden>/<hidden>
                            (rising edge-triggered cell FDRE clocked by clk_out1_video_pipe_hw_clk_wiz_1_1_1)
  Endpoint Destination:   video_pipe_hw_wrapper/video_pipe_hw/video_pipe_hw_mipi_csi2_rx_subsyst_0_0/video_pipe_hw_mipi_csi2_rx_subsyst_0_0_bd_0c52/bd_0c52_rx_0/<hidden>/<hidden>/<hidden>/<hidden>/<hidden>
                            (rising edge-triggered cell FDRE clocked by mipi_phy_if_0_clk_p_FIFO_WRCLK_OUT)
  Reference Source:       video_pipe_hw_wrapper/video_pipe_hw/video_pipe_hw_mipi_csi2_rx_subsyst_0_0/video_pipe_hw_mipi_csi2_rx_subsyst_0_0_bd_0c52/bd_0c52_rx_0/<hidden>/<hidden>/<hidden>/<hidden>/<hidden>
                            (rising edge-triggered cell FDRE clocked by clk_out1_video_pipe_hw_clk_wiz_1_1_1)
  Reference Destination:  video_pipe_hw_wrapper/video_pipe_hw/video_pipe_hw_mipi_csi2_rx_subsyst_0_0/video_pipe_hw_mipi_csi2_rx_subsyst_0_0_bd_0c52/bd_0c52_rx_0/<hidden>/<hidden>/<hidden>/<hidden>/<hidden>
                            (rising edge-triggered cell FDRE clocked by mipi_phy_if_0_clk_p_FIFO_WRCLK_OUT)
  Path Type:              Bus Skew (Max at Slow Process Corner)
  Requirement:            16.460ns
  Endpoint Relative Delay:    1.681ns
  Reference Relative Delay:   0.419ns
  Relative CRPR:              0.728ns
  Actual Bus Skew:            0.534ns  (Endpoint Relative Delay - Reference Relative Delay - Relative CRPR)

Endpoint path:
    Location             Delay type                Incr(ns)  Path(ns)    Netlist Resource(s)
  -------------------------------------------------------------------    -------------------
                         (clock clk_out1_video_pipe_hw_clk_wiz_1_1_1 rise edge)
                                                      0.000     0.000 r  
    BUFG_PS_X0Y81        BUFG_PS                      0.000     0.000 r  video_pipe_hw_i/zynq_ultra_ps_e_0/inst/buffer_pl_clk_0.PL_CLK_0_BUFG/O
                         net (fo=9208, routed)        2.318     2.318    video_pipe_hw_i/clk_wiz_2/inst/clk_in1
    MMCM_X0Y2            MMCME4_ADV (Prop_MMCM_CLKIN1_CLKOUT0)
                                                     -0.103     2.215 r  video_pipe_hw_i/clk_wiz_2/inst/mmcme4_adv_inst/CLKOUT0
                         net (fo=1, routed)           0.348     2.563    video_pipe_hw_i/clk_wiz_2/inst/clk_out1_video_pipe_hw_clk_wiz_1_1
    BUFGCE_X0Y63         BUFGCE (Prop_BUFCE_BUFGCE_I_O)
                                                      0.044     2.607 r  video_pipe_hw_i/clk_wiz_2/inst/clkout1_buf/O
    X1Y2 (CLOCK_ROOT)    net (fo=9202, routed)        1.937     4.544    video_pipe_hw_wrapper/video_pipe_hw/video_pipe_hw_mipi_csi2_rx_subsyst_0_0/video_pipe_hw_mipi_csi2_rx_subsyst_0_0_bd_0c52/bd_0c52_rx_0/<hidden>/<hidden>/<hidden>/<hidden>/<hidden>
    SLICE_X11Y200        FDRE                                         r  video_pipe_hw_wrapper/video_pipe_hw/video_pipe_hw_mipi_csi2_rx_subsyst_0_0/video_pipe_hw_mipi_csi2_rx_subsyst_0_0_bd_0c52/bd_0c52_rx_0/<hidden>/<hidden>/<hidden>/<hidden>/<hidden>
  -------------------------------------------------------------------    -------------------
    SLICE_X11Y200        FDRE (Prop_EFF_SLICEL_C_Q)
                                                      0.114     4.658 r  video_pipe_hw_wrapper/video_pipe_hw/video_pipe_hw_mipi_csi2_rx_subsyst_0_0/video_pipe_hw_mipi_csi2_rx_subsyst_0_0_bd_0c52/bd_0c52_rx_0/<hidden>/<hidden>/<hidden>/<hidden>/<hidden>
                         net (fo=1, routed)           0.386     5.044    video_pipe_hw_wrapper/video_pipe_hw/video_pipe_hw_mipi_csi2_rx_subsyst_0_0/video_pipe_hw_mipi_csi2_rx_subsyst_0_0_bd_0c52/bd_0c52_rx_0/<hidden>/<hidden>/<hidden>/<hidden>/<hidden>
    SLICE_X11Y200        FDRE                                         r  video_pipe_hw_wrapper/video_pipe_hw/video_pipe_hw_mipi_csi2_rx_subsyst_0_0/video_pipe_hw_mipi_csi2_rx_subsyst_0_0_bd_0c52/bd_0c52_rx_0/<hidden>/<hidden>/<hidden>/<hidden>/<hidden>
  -------------------------------------------------------------------    -------------------

                         (clock mipi_phy_if_0_clk_p_FIFO_WRCLK_OUT rise edge)
                                                      0.000     0.000 f  
    D7                                                0.000     0.000 f  mipi_phy_if_0_clk_p (IN)
                         net (fo=0)                   0.079     0.079    video_pipe_hw_i/mipi_csi2_rx_subsyst_0/inst/phy/inst/inst/bd_0c52_phy_0_rx_support_i/slave_rx.bd_0c52_phy_0_rx_hssio_i/inst/top_inst/iobuf_top_inst/io_gen[0].ibufds_dphy/I
    HPIOBDIFFINBUF_X0Y84 DPHY_DIFFINBUF (Prop_DPHY_DIFFINBUF_HPIOBDIFFINBUF_I_HSRX_O)
                                                      0.305     0.384 f  video_pipe_hw_i/mipi_csi2_rx_subsyst_0/inst/phy/inst/inst/bd_0c52_phy_0_rx_support_i/slave_rx.bd_0c52_phy_0_rx_hssio_i/inst/top_inst/iobuf_top_inst/io_gen[0].ibufds_dphy/DIFFINBUF_INST/HSRX_O
                         net (fo=1, routed)           0.040     0.424    video_pipe_hw_i/mipi_csi2_rx_subsyst_0/inst/phy/inst/inst/bd_0c52_phy_0_rx_support_i/slave_rx.bd_0c52_phy_0_rx_hssio_i/inst/top_inst/iobuf_top_inst/io_gen[0].ibufds_dphy/OUT
    D7                   IBUFCTRL (Prop_IBUFCTRL_HPIOB_M_I_O)
                                                      0.000     0.424 f  video_pipe_hw_i/mipi_csi2_rx_subsyst_0/inst/phy/inst/inst/bd_0c52_phy_0_rx_support_i/slave_rx.bd_0c52_phy_0_rx_hssio_i/inst/top_inst/iobuf_top_inst/io_gen[0].ibufds_dphy/IBUFCTRL_INST/O
                         net (fo=1, routed)           0.002     0.426    video_pipe_hw_i/mipi_csi2_rx_subsyst_0/inst/phy/inst/inst/bd_0c52_phy_0_rx_support_i/slave_rx.bd_0c52_phy_0_rx_hssio_i/inst/top_inst/bs_top_inst/u_rx_bs/data_to_bs_out[0]
    BITSLICE_RX_TX_X0Y182
                         RX_BITSLICE (Prop_RX_BITSLICE_BITSLICE_RXTX_RX_DATAIN_RX_BIT_CTRL_OUT[9])
                                                      0.025     0.451 r  video_pipe_hw_i/mipi_csi2_rx_subsyst_0/inst/phy/inst/inst/bd_0c52_phy_0_rx_support_i/slave_rx.bd_0c52_phy_0_rx_hssio_i/inst/top_inst/bs_top_inst/u_rx_bs/RX_BS[0].rx_bitslice_if_bs/RX_BIT_CTRL_OUT[9]
                         net (fo=1, routed)           0.003     0.454    video_pipe_hw_i/mipi_csi2_rx_subsyst_0/inst/phy/inst/inst/bd_0c52_phy_0_rx_support_i/slave_rx.bd_0c52_phy_0_rx_hssio_i/inst/top_inst/bs_ctrl_top_inst/rx_bs0_rx_bit_ctrl_out[9]
    BITSLICE_CONTROL_X0Y28
                         BITSLICE_CONTROL (Prop_CONTROL_BITSLICE_CONTROL_RX_BIT_CTRL_IN0[9]_RX_BIT_CTRL_OUT0[20])
                                                      0.254     0.708 r  video_pipe_hw_i/mipi_csi2_rx_subsyst_0/inst/phy/inst/inst/bd_0c52_phy_0_rx_support_i/slave_rx.bd_0c52_phy_0_rx_hssio_i/inst/top_inst/bs_ctrl_top_inst/BITSLICE_CTRL[0].bs_ctrl_inst/RX_BIT_CTRL_OUT0[20]
                         net (fo=1, routed)           0.006     0.714    video_pipe_hw_i/mipi_csi2_rx_subsyst_0/inst/phy/inst/inst/bd_0c52_phy_0_rx_support_i/slave_rx.bd_0c52_phy_0_rx_hssio_i/inst/top_inst/bs_top_inst/u_rx_bs/rx_bs0_rx_bit_ctrl_in[20]
    BITSLICE_RX_TX_X0Y182
                         RX_BITSLICE (Prop_RX_BITSLICE_BITSLICE_RXTX_RX_RX_BIT_CTRL_IN[20]_FIFO_WRCLK_OUT)
                                                      0.382     1.096 r  video_pipe_hw_i/mipi_csi2_rx_subsyst_0/inst/phy/inst/inst/bd_0c52_phy_0_rx_support_i/slave_rx.bd_0c52_phy_0_rx_hssio_i/inst/top_inst/bs_top_inst/u_rx_bs/RX_BS[0].rx_bitslice_if_bs/FIFO_WRCLK_OUT
                         net (fo=1, routed)           0.653     1.749    video_pipe_hw_i/mipi_csi2_rx_subsyst_0/inst/phy/inst/inst/bd_0c52_phy_0_rx_support_i/div4_clk_t
    BUFGCE_X0Y76         BUFGCE (Prop_BUFCE_BUFGCE_I_O)
                                                      0.039     1.788 r  video_pipe_hw_i/mipi_csi2_rx_subsyst_0/inst/phy/inst/inst/bd_0c52_phy_0_rx_support_i/slave_rx.rxbyteclkhs_buf/O
    X1Y3 (CLOCK_ROOT)    net (fo=523, routed)         1.529     3.317    video_pipe_hw_wrapper/video_pipe_hw/video_pipe_hw_mipi_csi2_rx_subsyst_0_0/video_pipe_hw_mipi_csi2_rx_subsyst_0_0_bd_0c52/bd_0c52_rx_0/<hidden>/<hidden>/<hidden>/<hidden>/<hidden>
    SLICE_X11Y200        FDRE                                         r  video_pipe_hw_wrapper/video_pipe_hw/video_pipe_hw_mipi_csi2_rx_subsyst_0_0/video_pipe_hw_mipi_csi2_rx_subsyst_0_0_bd_0c52/bd_0c52_rx_0/<hidden>/<hidden>/<hidden>/<hidden>/<hidden>
                         clock pessimism              0.000     3.317    
    SLICE_X11Y200        FDRE (Setup_DFF2_SLICEL_C_D)
                                                      0.046     3.363    video_pipe_hw_wrapper/video_pipe_hw/video_pipe_hw_mipi_csi2_rx_subsyst_0_0/video_pipe_hw_mipi_csi2_rx_subsyst_0_0_bd_0c52/bd_0c52_rx_0/<hidden>/<hidden>/<hidden>/<hidden>/<hidden>
  -------------------------------------------------------------------
                         data arrival                           5.044    
                         clock arrival                          3.363    
  -------------------------------------------------------------------
                         relative delay                         1.681    

Reference path:
    Location             Delay type                Incr(ns)  Path(ns)    Netlist Resource(s)
  -------------------------------------------------------------------    -------------------
                         (clock clk_out1_video_pipe_hw_clk_wiz_1_1_1 rise edge)
                                                      0.000     0.000 r  
    BUFG_PS_X0Y81        BUFG_PS                      0.000     0.000 r  video_pipe_hw_i/zynq_ultra_ps_e_0/inst/buffer_pl_clk_0.PL_CLK_0_BUFG/O
                         net (fo=9208, routed)        2.111     2.111    video_pipe_hw_i/clk_wiz_2/inst/clk_in1
    MMCM_X0Y2            MMCME4_ADV (Prop_MMCM_CLKIN1_CLKOUT0)
                                                      0.739     2.850 r  video_pipe_hw_i/clk_wiz_2/inst/mmcme4_adv_inst/CLKOUT0
                         net (fo=1, routed)           0.307     3.157    video_pipe_hw_i/clk_wiz_2/inst/clk_out1_video_pipe_hw_clk_wiz_1_1
    BUFGCE_X0Y63         BUFGCE (Prop_BUFCE_BUFGCE_I_O)
                                                      0.039     3.196 r  video_pipe_hw_i/clk_wiz_2/inst/clkout1_buf/O
    X1Y2 (CLOCK_ROOT)    net (fo=9202, routed)        1.746     4.942    video_pipe_hw_wrapper/video_pipe_hw/video_pipe_hw_mipi_csi2_rx_subsyst_0_0/video_pipe_hw_mipi_csi2_rx_subsyst_0_0_bd_0c52/bd_0c52_rx_0/<hidden>/<hidden>/<hidden>/<hidden>/<hidden>
    SLICE_X13Y196        FDRE                                         r  video_pipe_hw_wrapper/video_pipe_hw/video_pipe_hw_mipi_csi2_rx_subsyst_0_0/video_pipe_hw_mipi_csi2_rx_subsyst_0_0_bd_0c52/bd_0c52_rx_0/<hidden>/<hidden>/<hidden>/<hidden>/<hidden>
  -------------------------------------------------------------------    -------------------
    SLICE_X13Y196        FDRE (Prop_DFF2_SLICEM_C_Q)
                                                      0.115     5.057 r  video_pipe_hw_wrapper/video_pipe_hw/video_pipe_hw_mipi_csi2_rx_subsyst_0_0/video_pipe_hw_mipi_csi2_rx_subsyst_0_0_bd_0c52/bd_0c52_rx_0/<hidden>/<hidden>/<hidden>/<hidden>/<hidden>
                         net (fo=1, routed)           0.125     5.182    video_pipe_hw_wrapper/video_pipe_hw/video_pipe_hw_mipi_csi2_rx_subsyst_0_0/video_pipe_hw_mipi_csi2_rx_subsyst_0_0_bd_0c52/bd_0c52_rx_0/<hidden>/<hidden>/<hidden>/<hidden>/<hidden>
    SLICE_X13Y196        FDRE                                         r  video_pipe_hw_wrapper/video_pipe_hw/video_pipe_hw_mipi_csi2_rx_subsyst_0_0/video_pipe_hw_mipi_csi2_rx_subsyst_0_0_bd_0c52/bd_0c52_rx_0/<hidden>/<hidden>/<hidden>/<hidden>/<hidden>
  -------------------------------------------------------------------    -------------------

                         (clock mipi_phy_if_0_clk_p_FIFO_WRCLK_OUT rise edge)
                                                      0.000     0.000 f  
    D7                                                0.000     0.000 f  mipi_phy_if_0_clk_p (IN)
                         net (fo=0)                   0.100     0.100    video_pipe_hw_i/mipi_csi2_rx_subsyst_0/inst/phy/inst/inst/bd_0c52_phy_0_rx_support_i/slave_rx.bd_0c52_phy_0_rx_hssio_i/inst/top_inst/iobuf_top_inst/io_gen[0].ibufds_dphy/I
    HPIOBDIFFINBUF_X0Y84 DPHY_DIFFINBUF (Prop_DPHY_DIFFINBUF_HPIOBDIFFINBUF_I_HSRX_O)
                                                      0.386     0.486 f  video_pipe_hw_i/mipi_csi2_rx_subsyst_0/inst/phy/inst/inst/bd_0c52_phy_0_rx_support_i/slave_rx.bd_0c52_phy_0_rx_hssio_i/inst/top_inst/iobuf_top_inst/io_gen[0].ibufds_dphy/DIFFINBUF_INST/HSRX_O
                         net (fo=1, routed)           0.050     0.536    video_pipe_hw_i/mipi_csi2_rx_subsyst_0/inst/phy/inst/inst/bd_0c52_phy_0_rx_support_i/slave_rx.bd_0c52_phy_0_rx_hssio_i/inst/top_inst/iobuf_top_inst/io_gen[0].ibufds_dphy/OUT
    D7                   IBUFCTRL (Prop_IBUFCTRL_HPIOB_M_I_O)
                                                      0.000     0.536 f  video_pipe_hw_i/mipi_csi2_rx_subsyst_0/inst/phy/inst/inst/bd_0c52_phy_0_rx_support_i/slave_rx.bd_0c52_phy_0_rx_hssio_i/inst/top_inst/iobuf_top_inst/io_gen[0].ibufds_dphy/IBUFCTRL_INST/O
                         net (fo=1, routed)           0.003     0.539    video_pipe_hw_i/mipi_csi2_rx_subsyst_0/inst/phy/inst/inst/bd_0c52_phy_0_rx_support_i/slave_rx.bd_0c52_phy_0_rx_hssio_i/inst/top_inst/bs_top_inst/u_rx_bs/data_to_bs_out[0]
    BITSLICE_RX_TX_X0Y182
                         RX_BITSLICE (Prop_RX_BITSLICE_BITSLICE_RXTX_RX_DATAIN_RX_BIT_CTRL_OUT[9])
                                                      0.050     0.589 r  video_pipe_hw_i/mipi_csi2_rx_subsyst_0/inst/phy/inst/inst/bd_0c52_phy_0_rx_support_i/slave_rx.bd_0c52_phy_0_rx_hssio_i/inst/top_inst/bs_top_inst/u_rx_bs/RX_BS[0].rx_bitslice_if_bs/RX_BIT_CTRL_OUT[9]
                         net (fo=1, routed)           0.006     0.595    video_pipe_hw_i/mipi_csi2_rx_subsyst_0/inst/phy/inst/inst/bd_0c52_phy_0_rx_support_i/slave_rx.bd_0c52_phy_0_rx_hssio_i/inst/top_inst/bs_ctrl_top_inst/rx_bs0_rx_bit_ctrl_out[9]
    BITSLICE_CONTROL_X0Y28
                         BITSLICE_CONTROL (Prop_CONTROL_BITSLICE_CONTROL_RX_BIT_CTRL_IN0[9]_RX_BIT_CTRL_OUT0[20])
                                                      0.705     1.300 r  video_pipe_hw_i/mipi_csi2_rx_subsyst_0/inst/phy/inst/inst/bd_0c52_phy_0_rx_support_i/slave_rx.bd_0c52_phy_0_rx_hssio_i/inst/top_inst/bs_ctrl_top_inst/BITSLICE_CTRL[0].bs_ctrl_inst/RX_BIT_CTRL_OUT0[20]
                         net (fo=1, routed)           0.013     1.313    video_pipe_hw_i/mipi_csi2_rx_subsyst_0/inst/phy/inst/inst/bd_0c52_phy_0_rx_support_i/slave_rx.bd_0c52_phy_0_rx_hssio_i/inst/top_inst/bs_top_inst/u_rx_bs/rx_bs0_rx_bit_ctrl_in[20]
    BITSLICE_RX_TX_X0Y182
                         RX_BITSLICE (Prop_RX_BITSLICE_BITSLICE_RXTX_RX_RX_BIT_CTRL_IN[20]_FIFO_WRCLK_OUT)
                                                      0.745     2.058 r  video_pipe_hw_i/mipi_csi2_rx_subsyst_0/inst/phy/inst/inst/bd_0c52_phy_0_rx_support_i/slave_rx.bd_0c52_phy_0_rx_hssio_i/inst/top_inst/bs_top_inst/u_rx_bs/RX_BS[0].rx_bitslice_if_bs/FIFO_WRCLK_OUT
                         net (fo=1, routed)           0.829     2.887    video_pipe_hw_i/mipi_csi2_rx_subsyst_0/inst/phy/inst/inst/bd_0c52_phy_0_rx_support_i/div4_clk_t
    BUFGCE_X0Y76         BUFGCE (Prop_BUFCE_BUFGCE_I_O)
                                                      0.044     2.931 r  video_pipe_hw_i/mipi_csi2_rx_subsyst_0/inst/phy/inst/inst/bd_0c52_phy_0_rx_support_i/slave_rx.rxbyteclkhs_buf/O
    X1Y3 (CLOCK_ROOT)    net (fo=523, routed)         1.730     4.661    video_pipe_hw_wrapper/video_pipe_hw/video_pipe_hw_mipi_csi2_rx_subsyst_0_0/video_pipe_hw_mipi_csi2_rx_subsyst_0_0_bd_0c52/bd_0c52_rx_0/<hidden>/<hidden>/<hidden>/<hidden>/<hidden>
    SLICE_X13Y196        FDRE                                         r  video_pipe_hw_wrapper/video_pipe_hw/video_pipe_hw_mipi_csi2_rx_subsyst_0_0/video_pipe_hw_mipi_csi2_rx_subsyst_0_0_bd_0c52/bd_0c52_rx_0/<hidden>/<hidden>/<hidden>/<hidden>/<hidden>
                         clock pessimism              0.000     4.661    
    SLICE_X13Y196        FDRE (Hold_GFF2_SLICEM_C_D)
                                                      0.102     4.763    video_pipe_hw_wrapper/video_pipe_hw/video_pipe_hw_mipi_csi2_rx_subsyst_0_0/video_pipe_hw_mipi_csi2_rx_subsyst_0_0_bd_0c52/bd_0c52_rx_0/<hidden>/<hidden>/<hidden>/<hidden>/<hidden>
  -------------------------------------------------------------------
                         data arrival                           5.182    
                         clock arrival                          4.763    
  -------------------------------------------------------------------
                         relative delay                         0.419    



Id: 2
set_bus_skew -from [get_cells [list {video_pipe_hw_i/mipi_csi2_rx_subsyst_0/inst/rx/mipi_csi2_rx_ctrl_v1_0_14_top_dut/gen_pkt_fifo/pkt_fifo/gnuram_async_fifo.xpm_fifo_base_inst/gen_cdc_pntr.wr_pntr_cdc_inst/src_gray_ff_reg[0]} {video_pipe_hw_i/mipi_csi2_rx_subsyst_0/inst/rx/mipi_csi2_rx_ctrl_v1_0_14_top_dut/gen_pkt_fifo/pkt_fifo/gnuram_async_fifo.xpm_fifo_base_inst/gen_cdc_pntr.wr_pntr_cdc_inst/src_gray_ff_reg[1]} {video_pipe_hw_i/mipi_csi2_rx_subsyst_0/inst/rx/mipi_csi2_rx_ctrl_v1_0_14_top_dut/gen_pkt_fifo/pkt_fifo/gnuram_async_fifo.xpm_fifo_base_inst/gen_cdc_pntr.wr_pntr_cdc_inst/src_gray_ff_reg[2]} {video_pipe_hw_i/mipi_csi2_rx_subsyst_0/inst/rx/mipi_csi2_rx_ctrl_v1_0_14_top_dut/gen_pkt_fifo/pkt_fifo/gnuram_async_fifo.xpm_fifo_base_inst/gen_cdc_pntr.wr_pntr_cdc_inst/src_gray_ff_reg[3]} {video_pipe_hw_i/mipi_csi2_rx_subsyst_0/inst/rx/mipi_csi2_rx_ctrl_v1_0_14_top_dut/gen_pkt_fifo/pkt_fifo/gnuram_async_fifo.xpm_fifo_base_inst/gen_cdc_pntr.wr_pntr_cdc_inst/src_gray_ff_reg[4]}]] -to [get_cells [list {video_pipe_hw_i/mipi_csi2_rx_subsyst_0/inst/rx/mipi_csi2_rx_ctrl_v1_0_14_top_dut/gen_pkt_fifo/pkt_fifo/gnuram_async_fifo.xpm_fifo_base_inst/gen_cdc_pntr.wr_pntr_cdc_inst/dest_graysync_ff_reg[0][0]} {video_pipe_hw_i/mipi_csi2_rx_subsyst_0/inst/rx/mipi_csi2_rx_ctrl_v1_0_14_top_dut/gen_pkt_fifo/pkt_fifo/gnuram_async_fifo.xpm_fifo_base_inst/gen_cdc_pntr.wr_pntr_cdc_inst/dest_graysync_ff_reg[0][1]} {video_pipe_hw_i/mipi_csi2_rx_subsyst_0/inst/rx/mipi_csi2_rx_ctrl_v1_0_14_top_dut/gen_pkt_fifo/pkt_fifo/gnuram_async_fifo.xpm_fifo_base_inst/gen_cdc_pntr.wr_pntr_cdc_inst/dest_graysync_ff_reg[0][2]} {video_pipe_hw_i/mipi_csi2_rx_subsyst_0/inst/rx/mipi_csi2_rx_ctrl_v1_0_14_top_dut/gen_pkt_fifo/pkt_fifo/gnuram_async_fifo.xpm_fifo_base_inst/gen_cdc_pntr.wr_pntr_cdc_inst/dest_graysync_ff_reg[0][3]} {video_pipe_hw_i/mipi_csi2_rx_subsyst_0/inst/rx/mipi_csi2_rx_ctrl_v1_0_14_top_dut/gen_pkt_fifo/pkt_fifo/gnuram_async_fifo.xpm_fifo_base_inst/gen_cdc_pntr.wr_pntr_cdc_inst/dest_graysync_ff_reg[0][4]}]] 16.460
Requirement: 16.460ns
Endpoints: 5

From Clock            To Clock              Endpoint Pin                    Reference Pin                   Corner  Actual(ns)  Slack(ns)
--------------------  --------------------  ------------------------------  ------------------------------  ------  ----------  ---------
mipi_phy_if_0_clk_p_FIFO_WRCLK_OUT
                      clk_out1_video_pipe_hw_clk_wiz_1_1_1
                                            video_pipe_hw_i/mipi_csi2_rx_subsyst_0/inst/rx/mipi_csi2_rx_ctrl_v1_0_14_top_dut/gen_pkt_fifo/pkt_fifo/gnuram_async_fifo.xpm_fifo_base_inst/gen_cdc_pntr.wr_pntr_cdc_inst/dest_graysync_ff_reg[0][0]/D
                                                                            video_pipe_hw_i/mipi_csi2_rx_subsyst_0/inst/rx/mipi_csi2_rx_ctrl_v1_0_14_top_dut/gen_pkt_fifo/pkt_fifo/gnuram_async_fifo.xpm_fifo_base_inst/gen_cdc_pntr.wr_pntr_cdc_inst/dest_graysync_ff_reg[0][2]/D
                                                                                                            Slow         0.779     15.681


Slack (MET) :             15.681ns  (requirement - actual skew)
  Endpoint Source:        video_pipe_hw_wrapper/video_pipe_hw/video_pipe_hw_mipi_csi2_rx_subsyst_0_0/video_pipe_hw_mipi_csi2_rx_subsyst_0_0_bd_0c52/bd_0c52_rx_0/<hidden>/<hidden>/<hidden>/<hidden>/<hidden>
                            (rising edge-triggered cell FDRE clocked by mipi_phy_if_0_clk_p_FIFO_WRCLK_OUT)
  Endpoint Destination:   video_pipe_hw_wrapper/video_pipe_hw/video_pipe_hw_mipi_csi2_rx_subsyst_0_0/video_pipe_hw_mipi_csi2_rx_subsyst_0_0_bd_0c52/bd_0c52_rx_0/<hidden>/<hidden>/<hidden>/<hidden>/<hidden>
                            (rising edge-triggered cell FDRE clocked by clk_out1_video_pipe_hw_clk_wiz_1_1_1)
  Reference Source:       video_pipe_hw_wrapper/video_pipe_hw/video_pipe_hw_mipi_csi2_rx_subsyst_0_0/video_pipe_hw_mipi_csi2_rx_subsyst_0_0_bd_0c52/bd_0c52_rx_0/<hidden>/<hidden>/<hidden>/<hidden>/<hidden>
                            (rising edge-triggered cell FDRE clocked by mipi_phy_if_0_clk_p_FIFO_WRCLK_OUT)
  Reference Destination:  video_pipe_hw_wrapper/video_pipe_hw/video_pipe_hw_mipi_csi2_rx_subsyst_0_0/video_pipe_hw_mipi_csi2_rx_subsyst_0_0_bd_0c52/bd_0c52_rx_0/<hidden>/<hidden>/<hidden>/<hidden>/<hidden>
                            (rising edge-triggered cell FDRE clocked by clk_out1_video_pipe_hw_clk_wiz_1_1_1)
  Path Type:              Bus Skew (Max at Slow Process Corner)
  Requirement:            16.460ns
  Endpoint Relative Delay:    0.464ns
  Reference Relative Delay:  -1.123ns
  Relative CRPR:              0.808ns
  Actual Bus Skew:            0.779ns  (Endpoint Relative Delay - Reference Relative Delay - Relative CRPR)

Endpoint path:
    Location             Delay type                Incr(ns)  Path(ns)    Netlist Resource(s)
  -------------------------------------------------------------------    -------------------
                         (clock mipi_phy_if_0_clk_p_FIFO_WRCLK_OUT rise edge)
                                                      0.000     0.000 r  
    D7                                                0.000     0.000 f  mipi_phy_if_0_clk_p (IN)
                         net (fo=0)                   0.100     0.100    video_pipe_hw_i/mipi_csi2_rx_subsyst_0/inst/phy/inst/inst/bd_0c52_phy_0_rx_support_i/slave_rx.bd_0c52_phy_0_rx_hssio_i/inst/top_inst/iobuf_top_inst/io_gen[0].ibufds_dphy/I
    HPIOBDIFFINBUF_X0Y84 DPHY_DIFFINBUF (Prop_DPHY_DIFFINBUF_HPIOBDIFFINBUF_I_HSRX_O)
                                                      0.386     0.486 f  video_pipe_hw_i/mipi_csi2_rx_subsyst_0/inst/phy/inst/inst/bd_0c52_phy_0_rx_support_i/slave_rx.bd_0c52_phy_0_rx_hssio_i/inst/top_inst/iobuf_top_inst/io_gen[0].ibufds_dphy/DIFFINBUF_INST/HSRX_O
                         net (fo=1, routed)           0.050     0.536    video_pipe_hw_i/mipi_csi2_rx_subsyst_0/inst/phy/inst/inst/bd_0c52_phy_0_rx_support_i/slave_rx.bd_0c52_phy_0_rx_hssio_i/inst/top_inst/iobuf_top_inst/io_gen[0].ibufds_dphy/OUT
    D7                   IBUFCTRL (Prop_IBUFCTRL_HPIOB_M_I_O)
                                                      0.000     0.536 f  video_pipe_hw_i/mipi_csi2_rx_subsyst_0/inst/phy/inst/inst/bd_0c52_phy_0_rx_support_i/slave_rx.bd_0c52_phy_0_rx_hssio_i/inst/top_inst/iobuf_top_inst/io_gen[0].ibufds_dphy/IBUFCTRL_INST/O
                         net (fo=1, routed)           0.003     0.539    video_pipe_hw_i/mipi_csi2_rx_subsyst_0/inst/phy/inst/inst/bd_0c52_phy_0_rx_support_i/slave_rx.bd_0c52_phy_0_rx_hssio_i/inst/top_inst/bs_top_inst/u_rx_bs/data_to_bs_out[0]
    BITSLICE_RX_TX_X0Y182
                         RX_BITSLICE (Prop_RX_BITSLICE_BITSLICE_RXTX_RX_DATAIN_RX_BIT_CTRL_OUT[9])
                                                      0.050     0.589 r  video_pipe_hw_i/mipi_csi2_rx_subsyst_0/inst/phy/inst/inst/bd_0c52_phy_0_rx_support_i/slave_rx.bd_0c52_phy_0_rx_hssio_i/inst/top_inst/bs_top_inst/u_rx_bs/RX_BS[0].rx_bitslice_if_bs/RX_BIT_CTRL_OUT[9]
                         net (fo=1, routed)           0.006     0.595    video_pipe_hw_i/mipi_csi2_rx_subsyst_0/inst/phy/inst/inst/bd_0c52_phy_0_rx_support_i/slave_rx.bd_0c52_phy_0_rx_hssio_i/inst/top_inst/bs_ctrl_top_inst/rx_bs0_rx_bit_ctrl_out[9]
    BITSLICE_CONTROL_X0Y28
                         BITSLICE_CONTROL (Prop_CONTROL_BITSLICE_CONTROL_RX_BIT_CTRL_IN0[9]_RX_BIT_CTRL_OUT0[20])
                                                      0.705     1.300 r  video_pipe_hw_i/mipi_csi2_rx_subsyst_0/inst/phy/inst/inst/bd_0c52_phy_0_rx_support_i/slave_rx.bd_0c52_phy_0_rx_hssio_i/inst/top_inst/bs_ctrl_top_inst/BITSLICE_CTRL[0].bs_ctrl_inst/RX_BIT_CTRL_OUT0[20]
                         net (fo=1, routed)           0.013     1.313    video_pipe_hw_i/mipi_csi2_rx_subsyst_0/inst/phy/inst/inst/bd_0c52_phy_0_rx_support_i/slave_rx.bd_0c52_phy_0_rx_hssio_i/inst/top_inst/bs_top_inst/u_rx_bs/rx_bs0_rx_bit_ctrl_in[20]
    BITSLICE_RX_TX_X0Y182
                         RX_BITSLICE (Prop_RX_BITSLICE_BITSLICE_RXTX_RX_RX_BIT_CTRL_IN[20]_FIFO_WRCLK_OUT)
                                                      0.745     2.058 r  video_pipe_hw_i/mipi_csi2_rx_subsyst_0/inst/phy/inst/inst/bd_0c52_phy_0_rx_support_i/slave_rx.bd_0c52_phy_0_rx_hssio_i/inst/top_inst/bs_top_inst/u_rx_bs/RX_BS[0].rx_bitslice_if_bs/FIFO_WRCLK_OUT
                         net (fo=1, routed)           0.829     2.887    video_pipe_hw_i/mipi_csi2_rx_subsyst_0/inst/phy/inst/inst/bd_0c52_phy_0_rx_support_i/div4_clk_t
    BUFGCE_X0Y76         BUFGCE (Prop_BUFCE_BUFGCE_I_O)
                                                      0.044     2.931 r  video_pipe_hw_i/mipi_csi2_rx_subsyst_0/inst/phy/inst/inst/bd_0c52_phy_0_rx_support_i/slave_rx.rxbyteclkhs_buf/O
    X1Y3 (CLOCK_ROOT)    net (fo=523, routed)         1.711     4.642    video_pipe_hw_wrapper/video_pipe_hw/video_pipe_hw_mipi_csi2_rx_subsyst_0_0/video_pipe_hw_mipi_csi2_rx_subsyst_0_0_bd_0c52/bd_0c52_rx_0/<hidden>/<hidden>/<hidden>/<hidden>/<hidden>
    SLICE_X11Y193        FDRE                                         r  video_pipe_hw_wrapper/video_pipe_hw/video_pipe_hw_mipi_csi2_rx_subsyst_0_0/video_pipe_hw_mipi_csi2_rx_subsyst_0_0_bd_0c52/bd_0c52_rx_0/<hidden>/<hidden>/<hidden>/<hidden>/<hidden>
  -------------------------------------------------------------------    -------------------
    SLICE_X11Y193        FDRE (Prop_HFF_SLICEL_C_Q)
                                                      0.113     4.755 r  video_pipe_hw_wrapper/video_pipe_hw/video_pipe_hw_mipi_csi2_rx_subsyst_0_0/video_pipe_hw_mipi_csi2_rx_subsyst_0_0_bd_0c52/bd_0c52_rx_0/<hidden>/<hidden>/<hidden>/<hidden>/<hidden>
                         net (fo=1, routed)           0.703     5.458    video_pipe_hw_wrapper/video_pipe_hw/video_pipe_hw_mipi_csi2_rx_subsyst_0_0/video_pipe_hw_mipi_csi2_rx_subsyst_0_0_bd_0c52/bd_0c52_rx_0/<hidden>/<hidden>/<hidden>/<hidden>/<hidden>
    SLICE_X11Y193        FDRE                                         r  video_pipe_hw_wrapper/video_pipe_hw/video_pipe_hw_mipi_csi2_rx_subsyst_0_0/video_pipe_hw_mipi_csi2_rx_subsyst_0_0_bd_0c52/bd_0c52_rx_0/<hidden>/<hidden>/<hidden>/<hidden>/<hidden>
  -------------------------------------------------------------------    -------------------

                         (clock clk_out1_video_pipe_hw_clk_wiz_1_1_1 rise edge)
                                                      0.000     0.000 r  
    BUFG_PS_X0Y81        BUFG_PS                      0.000     0.000 r  video_pipe_hw_i/zynq_ultra_ps_e_0/inst/buffer_pl_clk_0.PL_CLK_0_BUFG/O
                         net (fo=9208, routed)        2.111     2.111    video_pipe_hw_i/clk_wiz_2/inst/clk_in1
    MMCM_X0Y2            MMCME4_ADV (Prop_MMCM_CLKIN1_CLKOUT0)
                                                      0.739     2.850 r  video_pipe_hw_i/clk_wiz_2/inst/mmcme4_adv_inst/CLKOUT0
                         net (fo=1, routed)           0.307     3.157    video_pipe_hw_i/clk_wiz_2/inst/clk_out1_video_pipe_hw_clk_wiz_1_1
    BUFGCE_X0Y63         BUFGCE (Prop_BUFCE_BUFGCE_I_O)
                                                      0.039     3.196 r  video_pipe_hw_i/clk_wiz_2/inst/clkout1_buf/O
    X1Y2 (CLOCK_ROOT)    net (fo=9202, routed)        1.752     4.948    video_pipe_hw_wrapper/video_pipe_hw/video_pipe_hw_mipi_csi2_rx_subsyst_0_0/video_pipe_hw_mipi_csi2_rx_subsyst_0_0_bd_0c52/bd_0c52_rx_0/<hidden>/<hidden>/<hidden>/<hidden>/<hidden>
    SLICE_X11Y193        FDRE                                         r  video_pipe_hw_wrapper/video_pipe_hw/video_pipe_hw_mipi_csi2_rx_subsyst_0_0/video_pipe_hw_mipi_csi2_rx_subsyst_0_0_bd_0c52/bd_0c52_rx_0/<hidden>/<hidden>/<hidden>/<hidden>/<hidden>
                         clock pessimism              0.000     4.948    
    SLICE_X11Y193        FDRE (Setup_DFF2_SLICEL_C_D)
                                                      0.046     4.994    video_pipe_hw_wrapper/video_pipe_hw/video_pipe_hw_mipi_csi2_rx_subsyst_0_0/video_pipe_hw_mipi_csi2_rx_subsyst_0_0_bd_0c52/bd_0c52_rx_0/<hidden>/<hidden>/<hidden>/<hidden>/<hidden>
  -------------------------------------------------------------------
                         data arrival                           5.458    
                         clock arrival                          4.994    
  -------------------------------------------------------------------
                         relative delay                         0.464    

Reference path:
    Location             Delay type                Incr(ns)  Path(ns)    Netlist Resource(s)
  -------------------------------------------------------------------    -------------------
                         (clock mipi_phy_if_0_clk_p_FIFO_WRCLK_OUT rise edge)
                                                      0.000     0.000 r  
    D7                                                0.000     0.000 f  mipi_phy_if_0_clk_p (IN)
                         net (fo=0)                   0.079     0.079    video_pipe_hw_i/mipi_csi2_rx_subsyst_0/inst/phy/inst/inst/bd_0c52_phy_0_rx_support_i/slave_rx.bd_0c52_phy_0_rx_hssio_i/inst/top_inst/iobuf_top_inst/io_gen[0].ibufds_dphy/I
    HPIOBDIFFINBUF_X0Y84 DPHY_DIFFINBUF (Prop_DPHY_DIFFINBUF_HPIOBDIFFINBUF_I_HSRX_O)
                                                      0.305     0.384 f  video_pipe_hw_i/mipi_csi2_rx_subsyst_0/inst/phy/inst/inst/bd_0c52_phy_0_rx_support_i/slave_rx.bd_0c52_phy_0_rx_hssio_i/inst/top_inst/iobuf_top_inst/io_gen[0].ibufds_dphy/DIFFINBUF_INST/HSRX_O
                         net (fo=1, routed)           0.040     0.424    video_pipe_hw_i/mipi_csi2_rx_subsyst_0/inst/phy/inst/inst/bd_0c52_phy_0_rx_support_i/slave_rx.bd_0c52_phy_0_rx_hssio_i/inst/top_inst/iobuf_top_inst/io_gen[0].ibufds_dphy/OUT
    D7                   IBUFCTRL (Prop_IBUFCTRL_HPIOB_M_I_O)
                                                      0.000     0.424 f  video_pipe_hw_i/mipi_csi2_rx_subsyst_0/inst/phy/inst/inst/bd_0c52_phy_0_rx_support_i/slave_rx.bd_0c52_phy_0_rx_hssio_i/inst/top_inst/iobuf_top_inst/io_gen[0].ibufds_dphy/IBUFCTRL_INST/O
                         net (fo=1, routed)           0.002     0.426    video_pipe_hw_i/mipi_csi2_rx_subsyst_0/inst/phy/inst/inst/bd_0c52_phy_0_rx_support_i/slave_rx.bd_0c52_phy_0_rx_hssio_i/inst/top_inst/bs_top_inst/u_rx_bs/data_to_bs_out[0]
    BITSLICE_RX_TX_X0Y182
                         RX_BITSLICE (Prop_RX_BITSLICE_BITSLICE_RXTX_RX_DATAIN_RX_BIT_CTRL_OUT[9])
                                                      0.025     0.451 r  video_pipe_hw_i/mipi_csi2_rx_subsyst_0/inst/phy/inst/inst/bd_0c52_phy_0_rx_support_i/slave_rx.bd_0c52_phy_0_rx_hssio_i/inst/top_inst/bs_top_inst/u_rx_bs/RX_BS[0].rx_bitslice_if_bs/RX_BIT_CTRL_OUT[9]
                         net (fo=1, routed)           0.003     0.454    video_pipe_hw_i/mipi_csi2_rx_subsyst_0/inst/phy/inst/inst/bd_0c52_phy_0_rx_support_i/slave_rx.bd_0c52_phy_0_rx_hssio_i/inst/top_inst/bs_ctrl_top_inst/rx_bs0_rx_bit_ctrl_out[9]
    BITSLICE_CONTROL_X0Y28
                         BITSLICE_CONTROL (Prop_CONTROL_BITSLICE_CONTROL_RX_BIT_CTRL_IN0[9]_RX_BIT_CTRL_OUT0[20])
                                                      0.254     0.708 r  video_pipe_hw_i/mipi_csi2_rx_subsyst_0/inst/phy/inst/inst/bd_0c52_phy_0_rx_support_i/slave_rx.bd_0c52_phy_0_rx_hssio_i/inst/top_inst/bs_ctrl_top_inst/BITSLICE_CTRL[0].bs_ctrl_inst/RX_BIT_CTRL_OUT0[20]
                         net (fo=1, routed)           0.006     0.714    video_pipe_hw_i/mipi_csi2_rx_subsyst_0/inst/phy/inst/inst/bd_0c52_phy_0_rx_support_i/slave_rx.bd_0c52_phy_0_rx_hssio_i/inst/top_inst/bs_top_inst/u_rx_bs/rx_bs0_rx_bit_ctrl_in[20]
    BITSLICE_RX_TX_X0Y182
                         RX_BITSLICE (Prop_RX_BITSLICE_BITSLICE_RXTX_RX_RX_BIT_CTRL_IN[20]_FIFO_WRCLK_OUT)
                                                      0.382     1.096 r  video_pipe_hw_i/mipi_csi2_rx_subsyst_0/inst/phy/inst/inst/bd_0c52_phy_0_rx_support_i/slave_rx.bd_0c52_phy_0_rx_hssio_i/inst/top_inst/bs_top_inst/u_rx_bs/RX_BS[0].rx_bitslice_if_bs/FIFO_WRCLK_OUT
                         net (fo=1, routed)           0.653     1.749    video_pipe_hw_i/mipi_csi2_rx_subsyst_0/inst/phy/inst/inst/bd_0c52_phy_0_rx_support_i/div4_clk_t
    BUFGCE_X0Y76         BUFGCE (Prop_BUFCE_BUFGCE_I_O)
                                                      0.039     1.788 r  video_pipe_hw_i/mipi_csi2_rx_subsyst_0/inst/phy/inst/inst/bd_0c52_phy_0_rx_support_i/slave_rx.rxbyteclkhs_buf/O
    X1Y3 (CLOCK_ROOT)    net (fo=523, routed)         1.538     3.326    video_pipe_hw_wrapper/video_pipe_hw/video_pipe_hw_mipi_csi2_rx_subsyst_0_0/video_pipe_hw_mipi_csi2_rx_subsyst_0_0_bd_0c52/bd_0c52_rx_0/<hidden>/<hidden>/<hidden>/<hidden>/<hidden>
    SLICE_X11Y193        FDRE                                         r  video_pipe_hw_wrapper/video_pipe_hw/video_pipe_hw_mipi_csi2_rx_subsyst_0_0/video_pipe_hw_mipi_csi2_rx_subsyst_0_0_bd_0c52/bd_0c52_rx_0/<hidden>/<hidden>/<hidden>/<hidden>/<hidden>
  -------------------------------------------------------------------    -------------------
    SLICE_X11Y193        FDRE (Prop_GFF_SLICEL_C_Q)
                                                      0.112     3.438 r  video_pipe_hw_wrapper/video_pipe_hw/video_pipe_hw_mipi_csi2_rx_subsyst_0_0/video_pipe_hw_mipi_csi2_rx_subsyst_0_0_bd_0c52/bd_0c52_rx_0/<hidden>/<hidden>/<hidden>/<hidden>/<hidden>
                         net (fo=1, routed)           0.110     3.548    video_pipe_hw_wrapper/video_pipe_hw/video_pipe_hw_mipi_csi2_rx_subsyst_0_0/video_pipe_hw_mipi_csi2_rx_subsyst_0_0_bd_0c52/bd_0c52_rx_0/<hidden>/<hidden>/<hidden>/<hidden>/<hidden>
    SLICE_X12Y193        FDRE                                         r  video_pipe_hw_wrapper/video_pipe_hw/video_pipe_hw_mipi_csi2_rx_subsyst_0_0/video_pipe_hw_mipi_csi2_rx_subsyst_0_0_bd_0c52/bd_0c52_rx_0/<hidden>/<hidden>/<hidden>/<hidden>/<hidden>
  -------------------------------------------------------------------    -------------------

                         (clock clk_out1_video_pipe_hw_clk_wiz_1_1_1 rise edge)
                                                      0.000     0.000 r  
    BUFG_PS_X0Y81        BUFG_PS                      0.000     0.000 r  video_pipe_hw_i/zynq_ultra_ps_e_0/inst/buffer_pl_clk_0.PL_CLK_0_BUFG/O
                         net (fo=9208, routed)        2.318     2.318    video_pipe_hw_i/clk_wiz_2/inst/clk_in1
    MMCM_X0Y2            MMCME4_ADV (Prop_MMCM_CLKIN1_CLKOUT0)
                                                     -0.103     2.215 r  video_pipe_hw_i/clk_wiz_2/inst/mmcme4_adv_inst/CLKOUT0
                         net (fo=1, routed)           0.348     2.563    video_pipe_hw_i/clk_wiz_2/inst/clk_out1_video_pipe_hw_clk_wiz_1_1
    BUFGCE_X0Y63         BUFGCE (Prop_BUFCE_BUFGCE_I_O)
                                                      0.044     2.607 r  video_pipe_hw_i/clk_wiz_2/inst/clkout1_buf/O
    X1Y2 (CLOCK_ROOT)    net (fo=9202, routed)        1.962     4.569    video_pipe_hw_wrapper/video_pipe_hw/video_pipe_hw_mipi_csi2_rx_subsyst_0_0/video_pipe_hw_mipi_csi2_rx_subsyst_0_0_bd_0c52/bd_0c52_rx_0/<hidden>/<hidden>/<hidden>/<hidden>/<hidden>
    SLICE_X12Y193        FDRE                                         r  video_pipe_hw_wrapper/video_pipe_hw/video_pipe_hw_mipi_csi2_rx_subsyst_0_0/video_pipe_hw_mipi_csi2_rx_subsyst_0_0_bd_0c52/bd_0c52_rx_0/<hidden>/<hidden>/<hidden>/<hidden>/<hidden>
                         clock pessimism              0.000     4.569    
    SLICE_X12Y193        FDRE (Hold_DFF2_SLICEM_C_D)
                                                      0.102     4.671    video_pipe_hw_wrapper/video_pipe_hw/video_pipe_hw_mipi_csi2_rx_subsyst_0_0/video_pipe_hw_mipi_csi2_rx_subsyst_0_0_bd_0c52/bd_0c52_rx_0/<hidden>/<hidden>/<hidden>/<hidden>/<hidden>
  -------------------------------------------------------------------
                         data arrival                           3.548    
                         clock arrival                          4.671    
  -------------------------------------------------------------------
                         relative delay                        -1.123    



Id: 3
set_bus_skew -from [get_cells [list {video_pipe_hw_i/mipi_csi2_rx_subsyst_0/inst/rx/mipi_csi2_rx_ctrl_v1_0_14_top_dut/gen_pkt_fifo/pkt_fifo/gnuram_async_fifo.xpm_fifo_base_inst/gen_cdc_pntr.rd_pntr_cdc_dc_inst/src_gray_ff_reg[0]} {video_pipe_hw_i/mipi_csi2_rx_subsyst_0/inst/rx/mipi_csi2_rx_ctrl_v1_0_14_top_dut/gen_pkt_fifo/pkt_fifo/gnuram_async_fifo.xpm_fifo_base_inst/gen_cdc_pntr.rd_pntr_cdc_dc_inst/src_gray_ff_reg[1]} {video_pipe_hw_i/mipi_csi2_rx_subsyst_0/inst/rx/mipi_csi2_rx_ctrl_v1_0_14_top_dut/gen_pkt_fifo/pkt_fifo/gnuram_async_fifo.xpm_fifo_base_inst/gen_cdc_pntr.rd_pntr_cdc_dc_inst/src_gray_ff_reg[2]} {video_pipe_hw_i/mipi_csi2_rx_subsyst_0/inst/rx/mipi_csi2_rx_ctrl_v1_0_14_top_dut/gen_pkt_fifo/pkt_fifo/gnuram_async_fifo.xpm_fifo_base_inst/gen_cdc_pntr.rd_pntr_cdc_dc_inst/src_gray_ff_reg[3]} {video_pipe_hw_i/mipi_csi2_rx_subsyst_0/inst/rx/mipi_csi2_rx_ctrl_v1_0_14_top_dut/gen_pkt_fifo/pkt_fifo/gnuram_async_fifo.xpm_fifo_base_inst/gen_cdc_pntr.rd_pntr_cdc_dc_inst/src_gray_ff_reg[4]} {video_pipe_hw_i/mipi_csi2_rx_subsyst_0/inst/rx/mipi_csi2_rx_ctrl_v1_0_14_top_dut/gen_pkt_fifo/pkt_fifo/gnuram_async_fifo.xpm_fifo_base_inst/gen_cdc_pntr.rd_pntr_cdc_dc_inst/src_gray_ff_reg[5]}]] -to [get_cells [list {video_pipe_hw_i/mipi_csi2_rx_subsyst_0/inst/rx/mipi_csi2_rx_ctrl_v1_0_14_top_dut/gen_pkt_fifo/pkt_fifo/gnuram_async_fifo.xpm_fifo_base_inst/gen_cdc_pntr.rd_pntr_cdc_dc_inst/dest_graysync_ff_reg[0][0]} {video_pipe_hw_i/mipi_csi2_rx_subsyst_0/inst/rx/mipi_csi2_rx_ctrl_v1_0_14_top_dut/gen_pkt_fifo/pkt_fifo/gnuram_async_fifo.xpm_fifo_base_inst/gen_cdc_pntr.rd_pntr_cdc_dc_inst/dest_graysync_ff_reg[0][1]} {video_pipe_hw_i/mipi_csi2_rx_subsyst_0/inst/rx/mipi_csi2_rx_ctrl_v1_0_14_top_dut/gen_pkt_fifo/pkt_fifo/gnuram_async_fifo.xpm_fifo_base_inst/gen_cdc_pntr.rd_pntr_cdc_dc_inst/dest_graysync_ff_reg[0][2]} {video_pipe_hw_i/mipi_csi2_rx_subsyst_0/inst/rx/mipi_csi2_rx_ctrl_v1_0_14_top_dut/gen_pkt_fifo/pkt_fifo/gnuram_async_fifo.xpm_fifo_base_inst/gen_cdc_pntr.rd_pntr_cdc_dc_inst/dest_graysync_ff_reg[0][3]} {video_pipe_hw_i/mipi_csi2_rx_subsyst_0/inst/rx/mipi_csi2_rx_ctrl_v1_0_14_top_dut/gen_pkt_fifo/pkt_fifo/gnuram_async_fifo.xpm_fifo_base_inst/gen_cdc_pntr.rd_pntr_cdc_dc_inst/dest_graysync_ff_reg[0][4]} {video_pipe_hw_i/mipi_csi2_rx_subsyst_0/inst/rx/mipi_csi2_rx_ctrl_v1_0_14_top_dut/gen_pkt_fifo/pkt_fifo/gnuram_async_fifo.xpm_fifo_base_inst/gen_cdc_pntr.rd_pntr_cdc_dc_inst/dest_graysync_ff_reg[0][5]}]] 16.460
Requirement: 16.460ns
Endpoints: 6

From Clock            To Clock              Endpoint Pin                    Reference Pin                   Corner  Actual(ns)  Slack(ns)
--------------------  --------------------  ------------------------------  ------------------------------  ------  ----------  ---------
clk_out1_video_pipe_hw_clk_wiz_1_1_1
                      mipi_phy_if_0_clk_p_FIFO_WRCLK_OUT
                                            video_pipe_hw_i/mipi_csi2_rx_subsyst_0/inst/rx/mipi_csi2_rx_ctrl_v1_0_14_top_dut/gen_pkt_fifo/pkt_fifo/gnuram_async_fifo.xpm_fifo_base_inst/gen_cdc_pntr.rd_pntr_cdc_dc_inst/dest_graysync_ff_reg[0][5]/D
                                                                            video_pipe_hw_i/mipi_csi2_rx_subsyst_0/inst/rx/mipi_csi2_rx_ctrl_v1_0_14_top_dut/gen_pkt_fifo/pkt_fifo/gnuram_async_fifo.xpm_fifo_base_inst/gen_cdc_pntr.rd_pntr_cdc_dc_inst/dest_graysync_ff_reg[0][3]/D
                                                                                                            Slow         0.834     15.626


Slack (MET) :             15.626ns  (requirement - actual skew)
  Endpoint Source:        video_pipe_hw_wrapper/video_pipe_hw/video_pipe_hw_mipi_csi2_rx_subsyst_0_0/video_pipe_hw_mipi_csi2_rx_subsyst_0_0_bd_0c52/bd_0c52_rx_0/<hidden>/<hidden>/<hidden>/<hidden>/<hidden>
                            (rising edge-triggered cell FDRE clocked by clk_out1_video_pipe_hw_clk_wiz_1_1_1)
  Endpoint Destination:   video_pipe_hw_wrapper/video_pipe_hw/video_pipe_hw_mipi_csi2_rx_subsyst_0_0/video_pipe_hw_mipi_csi2_rx_subsyst_0_0_bd_0c52/bd_0c52_rx_0/<hidden>/<hidden>/<hidden>/<hidden>/<hidden>
                            (rising edge-triggered cell FDRE clocked by mipi_phy_if_0_clk_p_FIFO_WRCLK_OUT)
  Reference Source:       video_pipe_hw_wrapper/video_pipe_hw/video_pipe_hw_mipi_csi2_rx_subsyst_0_0/video_pipe_hw_mipi_csi2_rx_subsyst_0_0_bd_0c52/bd_0c52_rx_0/<hidden>/<hidden>/<hidden>/<hidden>/<hidden>
                            (rising edge-triggered cell FDRE clocked by clk_out1_video_pipe_hw_clk_wiz_1_1_1)
  Reference Destination:  video_pipe_hw_wrapper/video_pipe_hw/video_pipe_hw_mipi_csi2_rx_subsyst_0_0/video_pipe_hw_mipi_csi2_rx_subsyst_0_0_bd_0c52/bd_0c52_rx_0/<hidden>/<hidden>/<hidden>/<hidden>/<hidden>
                            (rising edge-triggered cell FDRE clocked by mipi_phy_if_0_clk_p_FIFO_WRCLK_OUT)
  Path Type:              Bus Skew (Max at Slow Process Corner)
  Requirement:            16.460ns
  Endpoint Relative Delay:    2.030ns
  Reference Relative Delay:   0.468ns
  Relative CRPR:              0.727ns
  Actual Bus Skew:            0.834ns  (Endpoint Relative Delay - Reference Relative Delay - Relative CRPR)

Endpoint path:
    Location             Delay type                Incr(ns)  Path(ns)    Netlist Resource(s)
  -------------------------------------------------------------------    -------------------
                         (clock clk_out1_video_pipe_hw_clk_wiz_1_1_1 rise edge)
                                                      0.000     0.000 r  
    BUFG_PS_X0Y81        BUFG_PS                      0.000     0.000 r  video_pipe_hw_i/zynq_ultra_ps_e_0/inst/buffer_pl_clk_0.PL_CLK_0_BUFG/O
                         net (fo=9208, routed)        2.318     2.318    video_pipe_hw_i/clk_wiz_2/inst/clk_in1
    MMCM_X0Y2            MMCME4_ADV (Prop_MMCM_CLKIN1_CLKOUT0)
                                                     -0.103     2.215 r  video_pipe_hw_i/clk_wiz_2/inst/mmcme4_adv_inst/CLKOUT0
                         net (fo=1, routed)           0.348     2.563    video_pipe_hw_i/clk_wiz_2/inst/clk_out1_video_pipe_hw_clk_wiz_1_1
    BUFGCE_X0Y63         BUFGCE (Prop_BUFCE_BUFGCE_I_O)
                                                      0.044     2.607 r  video_pipe_hw_i/clk_wiz_2/inst/clkout1_buf/O
    X1Y2 (CLOCK_ROOT)    net (fo=9202, routed)        1.960     4.567    video_pipe_hw_wrapper/video_pipe_hw/video_pipe_hw_mipi_csi2_rx_subsyst_0_0/video_pipe_hw_mipi_csi2_rx_subsyst_0_0_bd_0c52/bd_0c52_rx_0/<hidden>/<hidden>/<hidden>/<hidden>/<hidden>
    SLICE_X10Y197        FDRE                                         r  video_pipe_hw_wrapper/video_pipe_hw/video_pipe_hw_mipi_csi2_rx_subsyst_0_0/video_pipe_hw_mipi_csi2_rx_subsyst_0_0_bd_0c52/bd_0c52_rx_0/<hidden>/<hidden>/<hidden>/<hidden>/<hidden>
  -------------------------------------------------------------------    -------------------
    SLICE_X10Y197        FDRE (Prop_AFF_SLICEM_C_Q)
                                                      0.113     4.680 r  video_pipe_hw_wrapper/video_pipe_hw/video_pipe_hw_mipi_csi2_rx_subsyst_0_0/video_pipe_hw_mipi_csi2_rx_subsyst_0_0_bd_0c52/bd_0c52_rx_0/<hidden>/<hidden>/<hidden>/<hidden>/<hidden>
                         net (fo=1, routed)           0.732     5.412    video_pipe_hw_wrapper/video_pipe_hw/video_pipe_hw_mipi_csi2_rx_subsyst_0_0/video_pipe_hw_mipi_csi2_rx_subsyst_0_0_bd_0c52/bd_0c52_rx_0/<hidden>/<hidden>/<hidden>/<hidden>/<hidden>
    SLICE_X10Y197        FDRE                                         r  video_pipe_hw_wrapper/video_pipe_hw/video_pipe_hw_mipi_csi2_rx_subsyst_0_0/video_pipe_hw_mipi_csi2_rx_subsyst_0_0_bd_0c52/bd_0c52_rx_0/<hidden>/<hidden>/<hidden>/<hidden>/<hidden>
  -------------------------------------------------------------------    -------------------

                         (clock mipi_phy_if_0_clk_p_FIFO_WRCLK_OUT rise edge)
                                                      0.000     0.000 f  
    D7                                                0.000     0.000 f  mipi_phy_if_0_clk_p (IN)
                         net (fo=0)                   0.079     0.079    video_pipe_hw_i/mipi_csi2_rx_subsyst_0/inst/phy/inst/inst/bd_0c52_phy_0_rx_support_i/slave_rx.bd_0c52_phy_0_rx_hssio_i/inst/top_inst/iobuf_top_inst/io_gen[0].ibufds_dphy/I
    HPIOBDIFFINBUF_X0Y84 DPHY_DIFFINBUF (Prop_DPHY_DIFFINBUF_HPIOBDIFFINBUF_I_HSRX_O)
                                                      0.305     0.384 f  video_pipe_hw_i/mipi_csi2_rx_subsyst_0/inst/phy/inst/inst/bd_0c52_phy_0_rx_support_i/slave_rx.bd_0c52_phy_0_rx_hssio_i/inst/top_inst/iobuf_top_inst/io_gen[0].ibufds_dphy/DIFFINBUF_INST/HSRX_O
                         net (fo=1, routed)           0.040     0.424    video_pipe_hw_i/mipi_csi2_rx_subsyst_0/inst/phy/inst/inst/bd_0c52_phy_0_rx_support_i/slave_rx.bd_0c52_phy_0_rx_hssio_i/inst/top_inst/iobuf_top_inst/io_gen[0].ibufds_dphy/OUT
    D7                   IBUFCTRL (Prop_IBUFCTRL_HPIOB_M_I_O)
                                                      0.000     0.424 f  video_pipe_hw_i/mipi_csi2_rx_subsyst_0/inst/phy/inst/inst/bd_0c52_phy_0_rx_support_i/slave_rx.bd_0c52_phy_0_rx_hssio_i/inst/top_inst/iobuf_top_inst/io_gen[0].ibufds_dphy/IBUFCTRL_INST/O
                         net (fo=1, routed)           0.002     0.426    video_pipe_hw_i/mipi_csi2_rx_subsyst_0/inst/phy/inst/inst/bd_0c52_phy_0_rx_support_i/slave_rx.bd_0c52_phy_0_rx_hssio_i/inst/top_inst/bs_top_inst/u_rx_bs/data_to_bs_out[0]
    BITSLICE_RX_TX_X0Y182
                         RX_BITSLICE (Prop_RX_BITSLICE_BITSLICE_RXTX_RX_DATAIN_RX_BIT_CTRL_OUT[9])
                                                      0.025     0.451 r  video_pipe_hw_i/mipi_csi2_rx_subsyst_0/inst/phy/inst/inst/bd_0c52_phy_0_rx_support_i/slave_rx.bd_0c52_phy_0_rx_hssio_i/inst/top_inst/bs_top_inst/u_rx_bs/RX_BS[0].rx_bitslice_if_bs/RX_BIT_CTRL_OUT[9]
                         net (fo=1, routed)           0.003     0.454    video_pipe_hw_i/mipi_csi2_rx_subsyst_0/inst/phy/inst/inst/bd_0c52_phy_0_rx_support_i/slave_rx.bd_0c52_phy_0_rx_hssio_i/inst/top_inst/bs_ctrl_top_inst/rx_bs0_rx_bit_ctrl_out[9]
    BITSLICE_CONTROL_X0Y28
                         BITSLICE_CONTROL (Prop_CONTROL_BITSLICE_CONTROL_RX_BIT_CTRL_IN0[9]_RX_BIT_CTRL_OUT0[20])
                                                      0.254     0.708 r  video_pipe_hw_i/mipi_csi2_rx_subsyst_0/inst/phy/inst/inst/bd_0c52_phy_0_rx_support_i/slave_rx.bd_0c52_phy_0_rx_hssio_i/inst/top_inst/bs_ctrl_top_inst/BITSLICE_CTRL[0].bs_ctrl_inst/RX_BIT_CTRL_OUT0[20]
                         net (fo=1, routed)           0.006     0.714    video_pipe_hw_i/mipi_csi2_rx_subsyst_0/inst/phy/inst/inst/bd_0c52_phy_0_rx_support_i/slave_rx.bd_0c52_phy_0_rx_hssio_i/inst/top_inst/bs_top_inst/u_rx_bs/rx_bs0_rx_bit_ctrl_in[20]
    BITSLICE_RX_TX_X0Y182
                         RX_BITSLICE (Prop_RX_BITSLICE_BITSLICE_RXTX_RX_RX_BIT_CTRL_IN[20]_FIFO_WRCLK_OUT)
                                                      0.382     1.096 r  video_pipe_hw_i/mipi_csi2_rx_subsyst_0/inst/phy/inst/inst/bd_0c52_phy_0_rx_support_i/slave_rx.bd_0c52_phy_0_rx_hssio_i/inst/top_inst/bs_top_inst/u_rx_bs/RX_BS[0].rx_bitslice_if_bs/FIFO_WRCLK_OUT
                         net (fo=1, routed)           0.653     1.749    video_pipe_hw_i/mipi_csi2_rx_subsyst_0/inst/phy/inst/inst/bd_0c52_phy_0_rx_support_i/div4_clk_t
    BUFGCE_X0Y76         BUFGCE (Prop_BUFCE_BUFGCE_I_O)
                                                      0.039     1.788 r  video_pipe_hw_i/mipi_csi2_rx_subsyst_0/inst/phy/inst/inst/bd_0c52_phy_0_rx_support_i/slave_rx.rxbyteclkhs_buf/O
    X1Y3 (CLOCK_ROOT)    net (fo=523, routed)         1.549     3.337    video_pipe_hw_wrapper/video_pipe_hw/video_pipe_hw_mipi_csi2_rx_subsyst_0_0/video_pipe_hw_mipi_csi2_rx_subsyst_0_0_bd_0c52/bd_0c52_rx_0/<hidden>/<hidden>/<hidden>/<hidden>/<hidden>
    SLICE_X10Y197        FDRE                                         r  video_pipe_hw_wrapper/video_pipe_hw/video_pipe_hw_mipi_csi2_rx_subsyst_0_0/video_pipe_hw_mipi_csi2_rx_subsyst_0_0_bd_0c52/bd_0c52_rx_0/<hidden>/<hidden>/<hidden>/<hidden>/<hidden>
                         clock pessimism              0.000     3.337    
    SLICE_X10Y197        FDRE (Setup_FFF2_SLICEM_C_D)
                                                      0.045     3.382    video_pipe_hw_wrapper/video_pipe_hw/video_pipe_hw_mipi_csi2_rx_subsyst_0_0/video_pipe_hw_mipi_csi2_rx_subsyst_0_0_bd_0c52/bd_0c52_rx_0/<hidden>/<hidden>/<hidden>/<hidden>/<hidden>
  -------------------------------------------------------------------
                         data arrival                           5.412    
                         clock arrival                          3.382    
  -------------------------------------------------------------------
                         relative delay                         2.030    

Reference path:
    Location             Delay type                Incr(ns)  Path(ns)    Netlist Resource(s)
  -------------------------------------------------------------------    -------------------
                         (clock clk_out1_video_pipe_hw_clk_wiz_1_1_1 rise edge)
                                                      0.000     0.000 r  
    BUFG_PS_X0Y81        BUFG_PS                      0.000     0.000 r  video_pipe_hw_i/zynq_ultra_ps_e_0/inst/buffer_pl_clk_0.PL_CLK_0_BUFG/O
                         net (fo=9208, routed)        2.111     2.111    video_pipe_hw_i/clk_wiz_2/inst/clk_in1
    MMCM_X0Y2            MMCME4_ADV (Prop_MMCM_CLKIN1_CLKOUT0)
                                                      0.739     2.850 r  video_pipe_hw_i/clk_wiz_2/inst/mmcme4_adv_inst/CLKOUT0
                         net (fo=1, routed)           0.307     3.157    video_pipe_hw_i/clk_wiz_2/inst/clk_out1_video_pipe_hw_clk_wiz_1_1
    BUFGCE_X0Y63         BUFGCE (Prop_BUFCE_BUFGCE_I_O)
                                                      0.039     3.196 r  video_pipe_hw_i/clk_wiz_2/inst/clkout1_buf/O
    X1Y2 (CLOCK_ROOT)    net (fo=9202, routed)        1.779     4.975    video_pipe_hw_wrapper/video_pipe_hw/video_pipe_hw_mipi_csi2_rx_subsyst_0_0/video_pipe_hw_mipi_csi2_rx_subsyst_0_0_bd_0c52/bd_0c52_rx_0/<hidden>/<hidden>/<hidden>/<hidden>/<hidden>
    SLICE_X9Y195         FDRE                                         r  video_pipe_hw_wrapper/video_pipe_hw/video_pipe_hw_mipi_csi2_rx_subsyst_0_0/video_pipe_hw_mipi_csi2_rx_subsyst_0_0_bd_0c52/bd_0c52_rx_0/<hidden>/<hidden>/<hidden>/<hidden>/<hidden>
  -------------------------------------------------------------------    -------------------
    SLICE_X9Y195         FDRE (Prop_HFF2_SLICEL_C_Q)
                                                      0.113     5.088 r  video_pipe_hw_wrapper/video_pipe_hw/video_pipe_hw_mipi_csi2_rx_subsyst_0_0/video_pipe_hw_mipi_csi2_rx_subsyst_0_0_bd_0c52/bd_0c52_rx_0/<hidden>/<hidden>/<hidden>/<hidden>/<hidden>
                         net (fo=1, routed)           0.135     5.223    video_pipe_hw_wrapper/video_pipe_hw/video_pipe_hw_mipi_csi2_rx_subsyst_0_0/video_pipe_hw_mipi_csi2_rx_subsyst_0_0_bd_0c52/bd_0c52_rx_0/<hidden>/<hidden>/<hidden>/<hidden>/<hidden>
    SLICE_X9Y195         FDRE                                         r  video_pipe_hw_wrapper/video_pipe_hw/video_pipe_hw_mipi_csi2_rx_subsyst_0_0/video_pipe_hw_mipi_csi2_rx_subsyst_0_0_bd_0c52/bd_0c52_rx_0/<hidden>/<hidden>/<hidden>/<hidden>/<hidden>
  -------------------------------------------------------------------    -------------------

                         (clock mipi_phy_if_0_clk_p_FIFO_WRCLK_OUT rise edge)
                                                      0.000     0.000 f  
    D7                                                0.000     0.000 f  mipi_phy_if_0_clk_p (IN)
                         net (fo=0)                   0.100     0.100    video_pipe_hw_i/mipi_csi2_rx_subsyst_0/inst/phy/inst/inst/bd_0c52_phy_0_rx_support_i/slave_rx.bd_0c52_phy_0_rx_hssio_i/inst/top_inst/iobuf_top_inst/io_gen[0].ibufds_dphy/I
    HPIOBDIFFINBUF_X0Y84 DPHY_DIFFINBUF (Prop_DPHY_DIFFINBUF_HPIOBDIFFINBUF_I_HSRX_O)
                                                      0.386     0.486 f  video_pipe_hw_i/mipi_csi2_rx_subsyst_0/inst/phy/inst/inst/bd_0c52_phy_0_rx_support_i/slave_rx.bd_0c52_phy_0_rx_hssio_i/inst/top_inst/iobuf_top_inst/io_gen[0].ibufds_dphy/DIFFINBUF_INST/HSRX_O
                         net (fo=1, routed)           0.050     0.536    video_pipe_hw_i/mipi_csi2_rx_subsyst_0/inst/phy/inst/inst/bd_0c52_phy_0_rx_support_i/slave_rx.bd_0c52_phy_0_rx_hssio_i/inst/top_inst/iobuf_top_inst/io_gen[0].ibufds_dphy/OUT
    D7                   IBUFCTRL (Prop_IBUFCTRL_HPIOB_M_I_O)
                                                      0.000     0.536 f  video_pipe_hw_i/mipi_csi2_rx_subsyst_0/inst/phy/inst/inst/bd_0c52_phy_0_rx_support_i/slave_rx.bd_0c52_phy_0_rx_hssio_i/inst/top_inst/iobuf_top_inst/io_gen[0].ibufds_dphy/IBUFCTRL_INST/O
                         net (fo=1, routed)           0.003     0.539    video_pipe_hw_i/mipi_csi2_rx_subsyst_0/inst/phy/inst/inst/bd_0c52_phy_0_rx_support_i/slave_rx.bd_0c52_phy_0_rx_hssio_i/inst/top_inst/bs_top_inst/u_rx_bs/data_to_bs_out[0]
    BITSLICE_RX_TX_X0Y182
                         RX_BITSLICE (Prop_RX_BITSLICE_BITSLICE_RXTX_RX_DATAIN_RX_BIT_CTRL_OUT[9])
                                                      0.050     0.589 r  video_pipe_hw_i/mipi_csi2_rx_subsyst_0/inst/phy/inst/inst/bd_0c52_phy_0_rx_support_i/slave_rx.bd_0c52_phy_0_rx_hssio_i/inst/top_inst/bs_top_inst/u_rx_bs/RX_BS[0].rx_bitslice_if_bs/RX_BIT_CTRL_OUT[9]
                         net (fo=1, routed)           0.006     0.595    video_pipe_hw_i/mipi_csi2_rx_subsyst_0/inst/phy/inst/inst/bd_0c52_phy_0_rx_support_i/slave_rx.bd_0c52_phy_0_rx_hssio_i/inst/top_inst/bs_ctrl_top_inst/rx_bs0_rx_bit_ctrl_out[9]
    BITSLICE_CONTROL_X0Y28
                         BITSLICE_CONTROL (Prop_CONTROL_BITSLICE_CONTROL_RX_BIT_CTRL_IN0[9]_RX_BIT_CTRL_OUT0[20])
                                                      0.705     1.300 r  video_pipe_hw_i/mipi_csi2_rx_subsyst_0/inst/phy/inst/inst/bd_0c52_phy_0_rx_support_i/slave_rx.bd_0c52_phy_0_rx_hssio_i/inst/top_inst/bs_ctrl_top_inst/BITSLICE_CTRL[0].bs_ctrl_inst/RX_BIT_CTRL_OUT0[20]
                         net (fo=1, routed)           0.013     1.313    video_pipe_hw_i/mipi_csi2_rx_subsyst_0/inst/phy/inst/inst/bd_0c52_phy_0_rx_support_i/slave_rx.bd_0c52_phy_0_rx_hssio_i/inst/top_inst/bs_top_inst/u_rx_bs/rx_bs0_rx_bit_ctrl_in[20]
    BITSLICE_RX_TX_X0Y182
                         RX_BITSLICE (Prop_RX_BITSLICE_BITSLICE_RXTX_RX_RX_BIT_CTRL_IN[20]_FIFO_WRCLK_OUT)
                                                      0.745     2.058 r  video_pipe_hw_i/mipi_csi2_rx_subsyst_0/inst/phy/inst/inst/bd_0c52_phy_0_rx_support_i/slave_rx.bd_0c52_phy_0_rx_hssio_i/inst/top_inst/bs_top_inst/u_rx_bs/RX_BS[0].rx_bitslice_if_bs/FIFO_WRCLK_OUT
                         net (fo=1, routed)           0.829     2.887    video_pipe_hw_i/mipi_csi2_rx_subsyst_0/inst/phy/inst/inst/bd_0c52_phy_0_rx_support_i/div4_clk_t
    BUFGCE_X0Y76         BUFGCE (Prop_BUFCE_BUFGCE_I_O)
                                                      0.044     2.931 r  video_pipe_hw_i/mipi_csi2_rx_subsyst_0/inst/phy/inst/inst/bd_0c52_phy_0_rx_support_i/slave_rx.rxbyteclkhs_buf/O
    X1Y3 (CLOCK_ROOT)    net (fo=523, routed)         1.721     4.652    video_pipe_hw_wrapper/video_pipe_hw/video_pipe_hw_mipi_csi2_rx_subsyst_0_0/video_pipe_hw_mipi_csi2_rx_subsyst_0_0_bd_0c52/bd_0c52_rx_0/<hidden>/<hidden>/<hidden>/<hidden>/<hidden>
    SLICE_X9Y195         FDRE                                         r  video_pipe_hw_wrapper/video_pipe_hw/video_pipe_hw_mipi_csi2_rx_subsyst_0_0/video_pipe_hw_mipi_csi2_rx_subsyst_0_0_bd_0c52/bd_0c52_rx_0/<hidden>/<hidden>/<hidden>/<hidden>/<hidden>
                         clock pessimism              0.000     4.652    
    SLICE_X9Y195         FDRE (Hold_CFF2_SLICEL_C_D)
                                                      0.103     4.755    video_pipe_hw_wrapper/video_pipe_hw/video_pipe_hw_mipi_csi2_rx_subsyst_0_0/video_pipe_hw_mipi_csi2_rx_subsyst_0_0_bd_0c52/bd_0c52_rx_0/<hidden>/<hidden>/<hidden>/<hidden>/<hidden>
  -------------------------------------------------------------------
                         data arrival                           5.223    
                         clock arrival                          4.755    
  -------------------------------------------------------------------
                         relative delay                         0.468    



Id: 4
set_bus_skew -from [get_cells [list {video_pipe_hw_i/mipi_csi2_rx_subsyst_0/inst/rx/mipi_csi2_rx_ctrl_v1_0_14_top_dut/gen_pkt_fifo/pkt_fifo/gnuram_async_fifo.xpm_fifo_base_inst/gen_cdc_pntr.wr_pntr_cdc_dc_inst/src_gray_ff_reg[0]} {video_pipe_hw_i/mipi_csi2_rx_subsyst_0/inst/rx/mipi_csi2_rx_ctrl_v1_0_14_top_dut/gen_pkt_fifo/pkt_fifo/gnuram_async_fifo.xpm_fifo_base_inst/gen_cdc_pntr.wr_pntr_cdc_dc_inst/src_gray_ff_reg[1]} {video_pipe_hw_i/mipi_csi2_rx_subsyst_0/inst/rx/mipi_csi2_rx_ctrl_v1_0_14_top_dut/gen_pkt_fifo/pkt_fifo/gnuram_async_fifo.xpm_fifo_base_inst/gen_cdc_pntr.wr_pntr_cdc_dc_inst/src_gray_ff_reg[2]} {video_pipe_hw_i/mipi_csi2_rx_subsyst_0/inst/rx/mipi_csi2_rx_ctrl_v1_0_14_top_dut/gen_pkt_fifo/pkt_fifo/gnuram_async_fifo.xpm_fifo_base_inst/gen_cdc_pntr.wr_pntr_cdc_dc_inst/src_gray_ff_reg[3]} {video_pipe_hw_i/mipi_csi2_rx_subsyst_0/inst/rx/mipi_csi2_rx_ctrl_v1_0_14_top_dut/gen_pkt_fifo/pkt_fifo/gnuram_async_fifo.xpm_fifo_base_inst/gen_cdc_pntr.wr_pntr_cdc_dc_inst/src_gray_ff_reg[4]} {video_pipe_hw_i/mipi_csi2_rx_subsyst_0/inst/rx/mipi_csi2_rx_ctrl_v1_0_14_top_dut/gen_pkt_fifo/pkt_fifo/gnuram_async_fifo.xpm_fifo_base_inst/gen_cdc_pntr.wr_pntr_cdc_dc_inst/src_gray_ff_reg[5]}]] -to [get_cells [list {video_pipe_hw_i/mipi_csi2_rx_subsyst_0/inst/rx/mipi_csi2_rx_ctrl_v1_0_14_top_dut/gen_pkt_fifo/pkt_fifo/gnuram_async_fifo.xpm_fifo_base_inst/gen_cdc_pntr.wr_pntr_cdc_dc_inst/dest_graysync_ff_reg[0][0]} {video_pipe_hw_i/mipi_csi2_rx_subsyst_0/inst/rx/mipi_csi2_rx_ctrl_v1_0_14_top_dut/gen_pkt_fifo/pkt_fifo/gnuram_async_fifo.xpm_fifo_base_inst/gen_cdc_pntr.wr_pntr_cdc_dc_inst/dest_graysync_ff_reg[0][1]} {video_pipe_hw_i/mipi_csi2_rx_subsyst_0/inst/rx/mipi_csi2_rx_ctrl_v1_0_14_top_dut/gen_pkt_fifo/pkt_fifo/gnuram_async_fifo.xpm_fifo_base_inst/gen_cdc_pntr.wr_pntr_cdc_dc_inst/dest_graysync_ff_reg[0][2]} {video_pipe_hw_i/mipi_csi2_rx_subsyst_0/inst/rx/mipi_csi2_rx_ctrl_v1_0_14_top_dut/gen_pkt_fifo/pkt_fifo/gnuram_async_fifo.xpm_fifo_base_inst/gen_cdc_pntr.wr_pntr_cdc_dc_inst/dest_graysync_ff_reg[0][3]} {video_pipe_hw_i/mipi_csi2_rx_subsyst_0/inst/rx/mipi_csi2_rx_ctrl_v1_0_14_top_dut/gen_pkt_fifo/pkt_fifo/gnuram_async_fifo.xpm_fifo_base_inst/gen_cdc_pntr.wr_pntr_cdc_dc_inst/dest_graysync_ff_reg[0][4]} {video_pipe_hw_i/mipi_csi2_rx_subsyst_0/inst/rx/mipi_csi2_rx_ctrl_v1_0_14_top_dut/gen_pkt_fifo/pkt_fifo/gnuram_async_fifo.xpm_fifo_base_inst/gen_cdc_pntr.wr_pntr_cdc_dc_inst/dest_graysync_ff_reg[0][5]}]] 16.460
Requirement: 16.460ns
Endpoints: 6

From Clock            To Clock              Endpoint Pin                    Reference Pin                   Corner  Actual(ns)  Slack(ns)
--------------------  --------------------  ------------------------------  ------------------------------  ------  ----------  ---------
mipi_phy_if_0_clk_p_FIFO_WRCLK_OUT
                      clk_out1_video_pipe_hw_clk_wiz_1_1_1
                                            video_pipe_hw_i/mipi_csi2_rx_subsyst_0/inst/rx/mipi_csi2_rx_ctrl_v1_0_14_top_dut/gen_pkt_fifo/pkt_fifo/gnuram_async_fifo.xpm_fifo_base_inst/gen_cdc_pntr.wr_pntr_cdc_dc_inst/dest_graysync_ff_reg[0][1]/D
                                                                            video_pipe_hw_i/mipi_csi2_rx_subsyst_0/inst/rx/mipi_csi2_rx_ctrl_v1_0_14_top_dut/gen_pkt_fifo/pkt_fifo/gnuram_async_fifo.xpm_fifo_base_inst/gen_cdc_pntr.wr_pntr_cdc_dc_inst/dest_graysync_ff_reg[0][4]/D
                                                                                                            Slow         0.525     15.935


Slack (MET) :             15.935ns  (requirement - actual skew)
  Endpoint Source:        video_pipe_hw_wrapper/video_pipe_hw/video_pipe_hw_mipi_csi2_rx_subsyst_0_0/video_pipe_hw_mipi_csi2_rx_subsyst_0_0_bd_0c52/bd_0c52_rx_0/<hidden>/<hidden>/<hidden>/<hidden>/<hidden>
                            (rising edge-triggered cell FDRE clocked by mipi_phy_if_0_clk_p_FIFO_WRCLK_OUT)
  Endpoint Destination:   video_pipe_hw_wrapper/video_pipe_hw/video_pipe_hw_mipi_csi2_rx_subsyst_0_0/video_pipe_hw_mipi_csi2_rx_subsyst_0_0_bd_0c52/bd_0c52_rx_0/<hidden>/<hidden>/<hidden>/<hidden>/<hidden>
                            (rising edge-triggered cell FDRE clocked by clk_out1_video_pipe_hw_clk_wiz_1_1_1)
  Reference Source:       video_pipe_hw_wrapper/video_pipe_hw/video_pipe_hw_mipi_csi2_rx_subsyst_0_0/video_pipe_hw_mipi_csi2_rx_subsyst_0_0_bd_0c52/bd_0c52_rx_0/<hidden>/<hidden>/<hidden>/<hidden>/<hidden>
                            (rising edge-triggered cell FDRE clocked by mipi_phy_if_0_clk_p_FIFO_WRCLK_OUT)
  Reference Destination:  video_pipe_hw_wrapper/video_pipe_hw/video_pipe_hw_mipi_csi2_rx_subsyst_0_0/video_pipe_hw_mipi_csi2_rx_subsyst_0_0_bd_0c52/bd_0c52_rx_0/<hidden>/<hidden>/<hidden>/<hidden>/<hidden>
                            (rising edge-triggered cell FDRE clocked by clk_out1_video_pipe_hw_clk_wiz_1_1_1)
  Path Type:              Bus Skew (Max at Slow Process Corner)
  Requirement:            16.460ns
  Endpoint Relative Delay:    0.158ns
  Reference Relative Delay:  -1.094ns
  Relative CRPR:              0.727ns
  Actual Bus Skew:            0.525ns  (Endpoint Relative Delay - Reference Relative Delay - Relative CRPR)

Endpoint path:
    Location             Delay type                Incr(ns)  Path(ns)    Netlist Resource(s)
  -------------------------------------------------------------------    -------------------
                         (clock mipi_phy_if_0_clk_p_FIFO_WRCLK_OUT rise edge)
                                                      0.000     0.000 r  
    D7                                                0.000     0.000 f  mipi_phy_if_0_clk_p (IN)
                         net (fo=0)                   0.100     0.100    video_pipe_hw_i/mipi_csi2_rx_subsyst_0/inst/phy/inst/inst/bd_0c52_phy_0_rx_support_i/slave_rx.bd_0c52_phy_0_rx_hssio_i/inst/top_inst/iobuf_top_inst/io_gen[0].ibufds_dphy/I
    HPIOBDIFFINBUF_X0Y84 DPHY_DIFFINBUF (Prop_DPHY_DIFFINBUF_HPIOBDIFFINBUF_I_HSRX_O)
                                                      0.386     0.486 f  video_pipe_hw_i/mipi_csi2_rx_subsyst_0/inst/phy/inst/inst/bd_0c52_phy_0_rx_support_i/slave_rx.bd_0c52_phy_0_rx_hssio_i/inst/top_inst/iobuf_top_inst/io_gen[0].ibufds_dphy/DIFFINBUF_INST/HSRX_O
                         net (fo=1, routed)           0.050     0.536    video_pipe_hw_i/mipi_csi2_rx_subsyst_0/inst/phy/inst/inst/bd_0c52_phy_0_rx_support_i/slave_rx.bd_0c52_phy_0_rx_hssio_i/inst/top_inst/iobuf_top_inst/io_gen[0].ibufds_dphy/OUT
    D7                   IBUFCTRL (Prop_IBUFCTRL_HPIOB_M_I_O)
                                                      0.000     0.536 f  video_pipe_hw_i/mipi_csi2_rx_subsyst_0/inst/phy/inst/inst/bd_0c52_phy_0_rx_support_i/slave_rx.bd_0c52_phy_0_rx_hssio_i/inst/top_inst/iobuf_top_inst/io_gen[0].ibufds_dphy/IBUFCTRL_INST/O
                         net (fo=1, routed)           0.003     0.539    video_pipe_hw_i/mipi_csi2_rx_subsyst_0/inst/phy/inst/inst/bd_0c52_phy_0_rx_support_i/slave_rx.bd_0c52_phy_0_rx_hssio_i/inst/top_inst/bs_top_inst/u_rx_bs/data_to_bs_out[0]
    BITSLICE_RX_TX_X0Y182
                         RX_BITSLICE (Prop_RX_BITSLICE_BITSLICE_RXTX_RX_DATAIN_RX_BIT_CTRL_OUT[9])
                                                      0.050     0.589 r  video_pipe_hw_i/mipi_csi2_rx_subsyst_0/inst/phy/inst/inst/bd_0c52_phy_0_rx_support_i/slave_rx.bd_0c52_phy_0_rx_hssio_i/inst/top_inst/bs_top_inst/u_rx_bs/RX_BS[0].rx_bitslice_if_bs/RX_BIT_CTRL_OUT[9]
                         net (fo=1, routed)           0.006     0.595    video_pipe_hw_i/mipi_csi2_rx_subsyst_0/inst/phy/inst/inst/bd_0c52_phy_0_rx_support_i/slave_rx.bd_0c52_phy_0_rx_hssio_i/inst/top_inst/bs_ctrl_top_inst/rx_bs0_rx_bit_ctrl_out[9]
    BITSLICE_CONTROL_X0Y28
                         BITSLICE_CONTROL (Prop_CONTROL_BITSLICE_CONTROL_RX_BIT_CTRL_IN0[9]_RX_BIT_CTRL_OUT0[20])
                                                      0.705     1.300 r  video_pipe_hw_i/mipi_csi2_rx_subsyst_0/inst/phy/inst/inst/bd_0c52_phy_0_rx_support_i/slave_rx.bd_0c52_phy_0_rx_hssio_i/inst/top_inst/bs_ctrl_top_inst/BITSLICE_CTRL[0].bs_ctrl_inst/RX_BIT_CTRL_OUT0[20]
                         net (fo=1, routed)           0.013     1.313    video_pipe_hw_i/mipi_csi2_rx_subsyst_0/inst/phy/inst/inst/bd_0c52_phy_0_rx_support_i/slave_rx.bd_0c52_phy_0_rx_hssio_i/inst/top_inst/bs_top_inst/u_rx_bs/rx_bs0_rx_bit_ctrl_in[20]
    BITSLICE_RX_TX_X0Y182
                         RX_BITSLICE (Prop_RX_BITSLICE_BITSLICE_RXTX_RX_RX_BIT_CTRL_IN[20]_FIFO_WRCLK_OUT)
                                                      0.745     2.058 r  video_pipe_hw_i/mipi_csi2_rx_subsyst_0/inst/phy/inst/inst/bd_0c52_phy_0_rx_support_i/slave_rx.bd_0c52_phy_0_rx_hssio_i/inst/top_inst/bs_top_inst/u_rx_bs/RX_BS[0].rx_bitslice_if_bs/FIFO_WRCLK_OUT
                         net (fo=1, routed)           0.829     2.887    video_pipe_hw_i/mipi_csi2_rx_subsyst_0/inst/phy/inst/inst/bd_0c52_phy_0_rx_support_i/div4_clk_t
    BUFGCE_X0Y76         BUFGCE (Prop_BUFCE_BUFGCE_I_O)
                                                      0.044     2.931 r  video_pipe_hw_i/mipi_csi2_rx_subsyst_0/inst/phy/inst/inst/bd_0c52_phy_0_rx_support_i/slave_rx.rxbyteclkhs_buf/O
    X1Y3 (CLOCK_ROOT)    net (fo=523, routed)         1.723     4.654    video_pipe_hw_wrapper/video_pipe_hw/video_pipe_hw_mipi_csi2_rx_subsyst_0_0/video_pipe_hw_mipi_csi2_rx_subsyst_0_0_bd_0c52/bd_0c52_rx_0/<hidden>/<hidden>/<hidden>/<hidden>/<hidden>
    SLICE_X10Y197        FDRE                                         r  video_pipe_hw_wrapper/video_pipe_hw/video_pipe_hw_mipi_csi2_rx_subsyst_0_0/video_pipe_hw_mipi_csi2_rx_subsyst_0_0_bd_0c52/bd_0c52_rx_0/<hidden>/<hidden>/<hidden>/<hidden>/<hidden>
  -------------------------------------------------------------------    -------------------
    SLICE_X10Y197        FDRE (Prop_HFF2_SLICEM_C_Q)
                                                      0.114     4.768 r  video_pipe_hw_wrapper/video_pipe_hw/video_pipe_hw_mipi_csi2_rx_subsyst_0_0/video_pipe_hw_mipi_csi2_rx_subsyst_0_0_bd_0c52/bd_0c52_rx_0/<hidden>/<hidden>/<hidden>/<hidden>/<hidden>
                         net (fo=1, routed)           0.401     5.169    video_pipe_hw_wrapper/video_pipe_hw/video_pipe_hw_mipi_csi2_rx_subsyst_0_0/video_pipe_hw_mipi_csi2_rx_subsyst_0_0_bd_0c52/bd_0c52_rx_0/<hidden>/<hidden>/<hidden>/<hidden>/<hidden>
    SLICE_X10Y197        FDRE                                         r  video_pipe_hw_wrapper/video_pipe_hw/video_pipe_hw_mipi_csi2_rx_subsyst_0_0/video_pipe_hw_mipi_csi2_rx_subsyst_0_0_bd_0c52/bd_0c52_rx_0/<hidden>/<hidden>/<hidden>/<hidden>/<hidden>
  -------------------------------------------------------------------    -------------------

                         (clock clk_out1_video_pipe_hw_clk_wiz_1_1_1 rise edge)
                                                      0.000     0.000 r  
    BUFG_PS_X0Y81        BUFG_PS                      0.000     0.000 r  video_pipe_hw_i/zynq_ultra_ps_e_0/inst/buffer_pl_clk_0.PL_CLK_0_BUFG/O
                         net (fo=9208, routed)        2.111     2.111    video_pipe_hw_i/clk_wiz_2/inst/clk_in1
    MMCM_X0Y2            MMCME4_ADV (Prop_MMCM_CLKIN1_CLKOUT0)
                                                      0.739     2.850 r  video_pipe_hw_i/clk_wiz_2/inst/mmcme4_adv_inst/CLKOUT0
                         net (fo=1, routed)           0.307     3.157    video_pipe_hw_i/clk_wiz_2/inst/clk_out1_video_pipe_hw_clk_wiz_1_1
    BUFGCE_X0Y63         BUFGCE (Prop_BUFCE_BUFGCE_I_O)
                                                      0.039     3.196 r  video_pipe_hw_i/clk_wiz_2/inst/clkout1_buf/O
    X1Y2 (CLOCK_ROOT)    net (fo=9202, routed)        1.770     4.966    video_pipe_hw_wrapper/video_pipe_hw/video_pipe_hw_mipi_csi2_rx_subsyst_0_0/video_pipe_hw_mipi_csi2_rx_subsyst_0_0_bd_0c52/bd_0c52_rx_0/<hidden>/<hidden>/<hidden>/<hidden>/<hidden>
    SLICE_X10Y197        FDRE                                         r  video_pipe_hw_wrapper/video_pipe_hw/video_pipe_hw_mipi_csi2_rx_subsyst_0_0/video_pipe_hw_mipi_csi2_rx_subsyst_0_0_bd_0c52/bd_0c52_rx_0/<hidden>/<hidden>/<hidden>/<hidden>/<hidden>
                         clock pessimism              0.000     4.966    
    SLICE_X10Y197        FDRE (Setup_CFF2_SLICEM_C_D)
                                                      0.045     5.011    video_pipe_hw_wrapper/video_pipe_hw/video_pipe_hw_mipi_csi2_rx_subsyst_0_0/video_pipe_hw_mipi_csi2_rx_subsyst_0_0_bd_0c52/bd_0c52_rx_0/<hidden>/<hidden>/<hidden>/<hidden>/<hidden>
  -------------------------------------------------------------------
                         data arrival                           5.169    
                         clock arrival                          5.011    
  -------------------------------------------------------------------
                         relative delay                         0.158    

Reference path:
    Location             Delay type                Incr(ns)  Path(ns)    Netlist Resource(s)
  -------------------------------------------------------------------    -------------------
                         (clock mipi_phy_if_0_clk_p_FIFO_WRCLK_OUT rise edge)
                                                      0.000     0.000 r  
    D7                                                0.000     0.000 f  mipi_phy_if_0_clk_p (IN)
                         net (fo=0)                   0.079     0.079    video_pipe_hw_i/mipi_csi2_rx_subsyst_0/inst/phy/inst/inst/bd_0c52_phy_0_rx_support_i/slave_rx.bd_0c52_phy_0_rx_hssio_i/inst/top_inst/iobuf_top_inst/io_gen[0].ibufds_dphy/I
    HPIOBDIFFINBUF_X0Y84 DPHY_DIFFINBUF (Prop_DPHY_DIFFINBUF_HPIOBDIFFINBUF_I_HSRX_O)
                                                      0.305     0.384 f  video_pipe_hw_i/mipi_csi2_rx_subsyst_0/inst/phy/inst/inst/bd_0c52_phy_0_rx_support_i/slave_rx.bd_0c52_phy_0_rx_hssio_i/inst/top_inst/iobuf_top_inst/io_gen[0].ibufds_dphy/DIFFINBUF_INST/HSRX_O
                         net (fo=1, routed)           0.040     0.424    video_pipe_hw_i/mipi_csi2_rx_subsyst_0/inst/phy/inst/inst/bd_0c52_phy_0_rx_support_i/slave_rx.bd_0c52_phy_0_rx_hssio_i/inst/top_inst/iobuf_top_inst/io_gen[0].ibufds_dphy/OUT
    D7                   IBUFCTRL (Prop_IBUFCTRL_HPIOB_M_I_O)
                                                      0.000     0.424 f  video_pipe_hw_i/mipi_csi2_rx_subsyst_0/inst/phy/inst/inst/bd_0c52_phy_0_rx_support_i/slave_rx.bd_0c52_phy_0_rx_hssio_i/inst/top_inst/iobuf_top_inst/io_gen[0].ibufds_dphy/IBUFCTRL_INST/O
                         net (fo=1, routed)           0.002     0.426    video_pipe_hw_i/mipi_csi2_rx_subsyst_0/inst/phy/inst/inst/bd_0c52_phy_0_rx_support_i/slave_rx.bd_0c52_phy_0_rx_hssio_i/inst/top_inst/bs_top_inst/u_rx_bs/data_to_bs_out[0]
    BITSLICE_RX_TX_X0Y182
                         RX_BITSLICE (Prop_RX_BITSLICE_BITSLICE_RXTX_RX_DATAIN_RX_BIT_CTRL_OUT[9])
                                                      0.025     0.451 r  video_pipe_hw_i/mipi_csi2_rx_subsyst_0/inst/phy/inst/inst/bd_0c52_phy_0_rx_support_i/slave_rx.bd_0c52_phy_0_rx_hssio_i/inst/top_inst/bs_top_inst/u_rx_bs/RX_BS[0].rx_bitslice_if_bs/RX_BIT_CTRL_OUT[9]
                         net (fo=1, routed)           0.003     0.454    video_pipe_hw_i/mipi_csi2_rx_subsyst_0/inst/phy/inst/inst/bd_0c52_phy_0_rx_support_i/slave_rx.bd_0c52_phy_0_rx_hssio_i/inst/top_inst/bs_ctrl_top_inst/rx_bs0_rx_bit_ctrl_out[9]
    BITSLICE_CONTROL_X0Y28
                         BITSLICE_CONTROL (Prop_CONTROL_BITSLICE_CONTROL_RX_BIT_CTRL_IN0[9]_RX_BIT_CTRL_OUT0[20])
                                                      0.254     0.708 r  video_pipe_hw_i/mipi_csi2_rx_subsyst_0/inst/phy/inst/inst/bd_0c52_phy_0_rx_support_i/slave_rx.bd_0c52_phy_0_rx_hssio_i/inst/top_inst/bs_ctrl_top_inst/BITSLICE_CTRL[0].bs_ctrl_inst/RX_BIT_CTRL_OUT0[20]
                         net (fo=1, routed)           0.006     0.714    video_pipe_hw_i/mipi_csi2_rx_subsyst_0/inst/phy/inst/inst/bd_0c52_phy_0_rx_support_i/slave_rx.bd_0c52_phy_0_rx_hssio_i/inst/top_inst/bs_top_inst/u_rx_bs/rx_bs0_rx_bit_ctrl_in[20]
    BITSLICE_RX_TX_X0Y182
                         RX_BITSLICE (Prop_RX_BITSLICE_BITSLICE_RXTX_RX_RX_BIT_CTRL_IN[20]_FIFO_WRCLK_OUT)
                                                      0.382     1.096 r  video_pipe_hw_i/mipi_csi2_rx_subsyst_0/inst/phy/inst/inst/bd_0c52_phy_0_rx_support_i/slave_rx.bd_0c52_phy_0_rx_hssio_i/inst/top_inst/bs_top_inst/u_rx_bs/RX_BS[0].rx_bitslice_if_bs/FIFO_WRCLK_OUT
                         net (fo=1, routed)           0.653     1.749    video_pipe_hw_i/mipi_csi2_rx_subsyst_0/inst/phy/inst/inst/bd_0c52_phy_0_rx_support_i/div4_clk_t
    BUFGCE_X0Y76         BUFGCE (Prop_BUFCE_BUFGCE_I_O)
                                                      0.039     1.788 r  video_pipe_hw_i/mipi_csi2_rx_subsyst_0/inst/phy/inst/inst/bd_0c52_phy_0_rx_support_i/slave_rx.rxbyteclkhs_buf/O
    X1Y3 (CLOCK_ROOT)    net (fo=523, routed)         1.530     3.318    video_pipe_hw_wrapper/video_pipe_hw/video_pipe_hw_mipi_csi2_rx_subsyst_0_0/video_pipe_hw_mipi_csi2_rx_subsyst_0_0_bd_0c52/bd_0c52_rx_0/<hidden>/<hidden>/<hidden>/<hidden>/<hidden>
    SLICE_X11Y199        FDRE                                         r  video_pipe_hw_wrapper/video_pipe_hw/video_pipe_hw_mipi_csi2_rx_subsyst_0_0/video_pipe_hw_mipi_csi2_rx_subsyst_0_0_bd_0c52/bd_0c52_rx_0/<hidden>/<hidden>/<hidden>/<hidden>/<hidden>
  -------------------------------------------------------------------    -------------------
    SLICE_X11Y199        FDRE (Prop_DFF2_SLICEL_C_Q)
                                                      0.115     3.433 r  video_pipe_hw_wrapper/video_pipe_hw/video_pipe_hw_mipi_csi2_rx_subsyst_0_0/video_pipe_hw_mipi_csi2_rx_subsyst_0_0_bd_0c52/bd_0c52_rx_0/<hidden>/<hidden>/<hidden>/<hidden>/<hidden>
                         net (fo=1, routed)           0.121     3.554    video_pipe_hw_wrapper/video_pipe_hw/video_pipe_hw_mipi_csi2_rx_subsyst_0_0/video_pipe_hw_mipi_csi2_rx_subsyst_0_0_bd_0c52/bd_0c52_rx_0/<hidden>/<hidden>/<hidden>/<hidden>/<hidden>
    SLICE_X11Y199        FDRE                                         r  video_pipe_hw_wrapper/video_pipe_hw/video_pipe_hw_mipi_csi2_rx_subsyst_0_0/video_pipe_hw_mipi_csi2_rx_subsyst_0_0_bd_0c52/bd_0c52_rx_0/<hidden>/<hidden>/<hidden>/<hidden>/<hidden>
  -------------------------------------------------------------------    -------------------

                         (clock clk_out1_video_pipe_hw_clk_wiz_1_1_1 rise edge)
                                                      0.000     0.000 r  
    BUFG_PS_X0Y81        BUFG_PS                      0.000     0.000 r  video_pipe_hw_i/zynq_ultra_ps_e_0/inst/buffer_pl_clk_0.PL_CLK_0_BUFG/O
                         net (fo=9208, routed)        2.318     2.318    video_pipe_hw_i/clk_wiz_2/inst/clk_in1
    MMCM_X0Y2            MMCME4_ADV (Prop_MMCM_CLKIN1_CLKOUT0)
                                                     -0.103     2.215 r  video_pipe_hw_i/clk_wiz_2/inst/mmcme4_adv_inst/CLKOUT0
                         net (fo=1, routed)           0.348     2.563    video_pipe_hw_i/clk_wiz_2/inst/clk_out1_video_pipe_hw_clk_wiz_1_1
    BUFGCE_X0Y63         BUFGCE (Prop_BUFCE_BUFGCE_I_O)
                                                      0.044     2.607 r  video_pipe_hw_i/clk_wiz_2/inst/clkout1_buf/O
    X1Y2 (CLOCK_ROOT)    net (fo=9202, routed)        1.938     4.545    video_pipe_hw_wrapper/video_pipe_hw/video_pipe_hw_mipi_csi2_rx_subsyst_0_0/video_pipe_hw_mipi_csi2_rx_subsyst_0_0_bd_0c52/bd_0c52_rx_0/<hidden>/<hidden>/<hidden>/<hidden>/<hidden>
    SLICE_X11Y199        FDRE                                         r  video_pipe_hw_wrapper/video_pipe_hw/video_pipe_hw_mipi_csi2_rx_subsyst_0_0/video_pipe_hw_mipi_csi2_rx_subsyst_0_0_bd_0c52/bd_0c52_rx_0/<hidden>/<hidden>/<hidden>/<hidden>/<hidden>
                         clock pessimism              0.000     4.545    
    SLICE_X11Y199        FDRE (Hold_HFF2_SLICEL_C_D)
                                                      0.103     4.648    video_pipe_hw_wrapper/video_pipe_hw/video_pipe_hw_mipi_csi2_rx_subsyst_0_0/video_pipe_hw_mipi_csi2_rx_subsyst_0_0_bd_0c52/bd_0c52_rx_0/<hidden>/<hidden>/<hidden>/<hidden>/<hidden>
  -------------------------------------------------------------------
                         data arrival                           3.554    
                         clock arrival                          4.648    
  -------------------------------------------------------------------
                         relative delay                        -1.094    



Id: 5
set_bus_skew -from [get_cells [list {dbg_hub/inst/BSCANID.u_xsdbm_id/CORE_XSDB.UUT_MASTER/U_ICON_INTERFACE/U_CMD6_RD/U_RD_FIFO/SUBCORE_FIFO.xsdbm_v3_0_5_rdfifo_inst/inst_fifo_gen/gconvfifo.rf/grf.rf/gntv_or_sync_fifo.gcx.clkx/gnxpm_cdc.rd_pntr_gc_reg[0]} {dbg_hub/inst/BSCANID.u_xsdbm_id/CORE_XSDB.UUT_MASTER/U_ICON_INTERFACE/U_CMD6_RD/U_RD_FIFO/SUBCORE_FIFO.xsdbm_v3_0_5_rdfifo_inst/inst_fifo_gen/gconvfifo.rf/grf.rf/gntv_or_sync_fifo.gcx.clkx/gnxpm_cdc.rd_pntr_gc_reg[1]} {dbg_hub/inst/BSCANID.u_xsdbm_id/CORE_XSDB.UUT_MASTER/U_ICON_INTERFACE/U_CMD6_RD/U_RD_FIFO/SUBCORE_FIFO.xsdbm_v3_0_5_rdfifo_inst/inst_fifo_gen/gconvfifo.rf/grf.rf/gntv_or_sync_fifo.gcx.clkx/gnxpm_cdc.rd_pntr_gc_reg[2]} {dbg_hub/inst/BSCANID.u_xsdbm_id/CORE_XSDB.UUT_MASTER/U_ICON_INTERFACE/U_CMD6_RD/U_RD_FIFO/SUBCORE_FIFO.xsdbm_v3_0_5_rdfifo_inst/inst_fifo_gen/gconvfifo.rf/grf.rf/gntv_or_sync_fifo.gcx.clkx/gnxpm_cdc.rd_pntr_gc_reg[3]}]] -to [get_cells [list {dbg_hub/inst/BSCANID.u_xsdbm_id/CORE_XSDB.UUT_MASTER/U_ICON_INTERFACE/U_CMD6_RD/U_RD_FIFO/SUBCORE_FIFO.xsdbm_v3_0_5_rdfifo_inst/inst_fifo_gen/gconvfifo.rf/grf.rf/gntv_or_sync_fifo.gcx.clkx/gnxpm_cdc.gsync_stage[1].wr_stg_inst/Q_reg_reg[0]} {dbg_hub/inst/BSCANID.u_xsdbm_id/CORE_XSDB.UUT_MASTER/U_ICON_INTERFACE/U_CMD6_RD/U_RD_FIFO/SUBCORE_FIFO.xsdbm_v3_0_5_rdfifo_inst/inst_fifo_gen/gconvfifo.rf/grf.rf/gntv_or_sync_fifo.gcx.clkx/gnxpm_cdc.gsync_stage[1].wr_stg_inst/Q_reg_reg[1]} {dbg_hub/inst/BSCANID.u_xsdbm_id/CORE_XSDB.UUT_MASTER/U_ICON_INTERFACE/U_CMD6_RD/U_RD_FIFO/SUBCORE_FIFO.xsdbm_v3_0_5_rdfifo_inst/inst_fifo_gen/gconvfifo.rf/grf.rf/gntv_or_sync_fifo.gcx.clkx/gnxpm_cdc.gsync_stage[1].wr_stg_inst/Q_reg_reg[2]} {dbg_hub/inst/BSCANID.u_xsdbm_id/CORE_XSDB.UUT_MASTER/U_ICON_INTERFACE/U_CMD6_RD/U_RD_FIFO/SUBCORE_FIFO.xsdbm_v3_0_5_rdfifo_inst/inst_fifo_gen/gconvfifo.rf/grf.rf/gntv_or_sync_fifo.gcx.clkx/gnxpm_cdc.gsync_stage[1].wr_stg_inst/Q_reg_reg[3]}]] 6.734
Requirement: 6.734ns
Endpoints: 4

From Clock            To Clock              Endpoint Pin                    Reference Pin                   Corner  Actual(ns)  Slack(ns)
--------------------  --------------------  ------------------------------  ------------------------------  ------  ----------  ---------
dbg_hub/inst/BSCANID.u_xsdbm_id/SWITCH_N_EXT_BSCAN.bscan_inst/SERIES7_BSCAN.bscan_inst/INTERNAL_TCK
                      clk_out1_video_pipe_hw_clk_wiz_1_0_1
                                            dbg_hub/inst/BSCANID.u_xsdbm_id/CORE_XSDB.UUT_MASTER/U_ICON_INTERFACE/U_CMD6_RD/U_RD_FIFO/SUBCORE_FIFO.xsdbm_v3_0_5_rdfifo_inst/inst_fifo_gen/gconvfifo.rf/grf.rf/gntv_or_sync_fifo.gcx.clkx/gnxpm_cdc.gsync_stage[1].wr_stg_inst/Q_reg_reg[3]/D
                                                                            dbg_hub/inst/BSCANID.u_xsdbm_id/CORE_XSDB.UUT_MASTER/U_ICON_INTERFACE/U_CMD6_RD/U_RD_FIFO/SUBCORE_FIFO.xsdbm_v3_0_5_rdfifo_inst/inst_fifo_gen/gconvfifo.rf/grf.rf/gntv_or_sync_fifo.gcx.clkx/gnxpm_cdc.gsync_stage[1].wr_stg_inst/Q_reg_reg[0]/D
                                                                                                            Slow         0.471      6.263


Slack (MET) :             6.263ns  (requirement - actual skew)
  Endpoint Source:        dbg_hub/inst/BSCANID.u_xsdbm_id/CORE_XSDB.UUT_MASTER/U_ICON_INTERFACE/U_CMD6_RD/U_RD_FIFO/SUBCORE_FIFO.xsdbm_v3_0_5_rdfifo_inst/inst_fifo_gen/gconvfifo.rf/grf.rf/gntv_or_sync_fifo.gcx.clkx/gnxpm_cdc.rd_pntr_gc_reg[3]/C
                            (rising edge-triggered cell FDCE clocked by dbg_hub/inst/BSCANID.u_xsdbm_id/SWITCH_N_EXT_BSCAN.bscan_inst/SERIES7_BSCAN.bscan_inst/INTERNAL_TCK)
  Endpoint Destination:   dbg_hub/inst/BSCANID.u_xsdbm_id/CORE_XSDB.UUT_MASTER/U_ICON_INTERFACE/U_CMD6_RD/U_RD_FIFO/SUBCORE_FIFO.xsdbm_v3_0_5_rdfifo_inst/inst_fifo_gen/gconvfifo.rf/grf.rf/gntv_or_sync_fifo.gcx.clkx/gnxpm_cdc.gsync_stage[1].wr_stg_inst/Q_reg_reg[3]/D
                            (rising edge-triggered cell FDCE clocked by clk_out1_video_pipe_hw_clk_wiz_1_0_1)
  Reference Source:       dbg_hub/inst/BSCANID.u_xsdbm_id/CORE_XSDB.UUT_MASTER/U_ICON_INTERFACE/U_CMD6_RD/U_RD_FIFO/SUBCORE_FIFO.xsdbm_v3_0_5_rdfifo_inst/inst_fifo_gen/gconvfifo.rf/grf.rf/gntv_or_sync_fifo.gcx.clkx/gnxpm_cdc.rd_pntr_gc_reg[0]/C
                            (rising edge-triggered cell FDCE clocked by dbg_hub/inst/BSCANID.u_xsdbm_id/SWITCH_N_EXT_BSCAN.bscan_inst/SERIES7_BSCAN.bscan_inst/INTERNAL_TCK)
  Reference Destination:  dbg_hub/inst/BSCANID.u_xsdbm_id/CORE_XSDB.UUT_MASTER/U_ICON_INTERFACE/U_CMD6_RD/U_RD_FIFO/SUBCORE_FIFO.xsdbm_v3_0_5_rdfifo_inst/inst_fifo_gen/gconvfifo.rf/grf.rf/gntv_or_sync_fifo.gcx.clkx/gnxpm_cdc.gsync_stage[1].wr_stg_inst/Q_reg_reg[0]/D
                            (rising edge-triggered cell FDCE clocked by clk_out1_video_pipe_hw_clk_wiz_1_0_1)
  Path Type:              Bus Skew (Max at Slow Process Corner)
  Requirement:            6.734ns
  Endpoint Relative Delay:    4.301ns
  Reference Relative Delay:  -1.099ns
  Relative CRPR:              4.930ns
  Actual Bus Skew:            0.471ns  (Endpoint Relative Delay - Reference Relative Delay - Relative CRPR)

Endpoint path:
    Location             Delay type                Incr(ns)  Path(ns)    Netlist Resource(s)
  -------------------------------------------------------------------    -------------------
                         (clock dbg_hub/inst/BSCANID.u_xsdbm_id/SWITCH_N_EXT_BSCAN.bscan_inst/SERIES7_BSCAN.bscan_inst/INTERNAL_TCK rise edge)
                                                      0.000     0.000 r  
    CONFIG_SITE_X0Y0     BSCANE2                      0.000     0.000 r  dbg_hub/inst/BSCANID.u_xsdbm_id/SWITCH_N_EXT_BSCAN.bscan_inst/SERIES7_BSCAN.bscan_inst/INTERNAL_TCK
    CONFIG_SITE_X0Y0     BSCANE2 (Prop_BSCAN1_CONFIG_SITE_INTERNAL_TCK_TCK)
                                                      4.800     4.800 r  dbg_hub/inst/BSCANID.u_xsdbm_id/SWITCH_N_EXT_BSCAN.bscan_inst/SERIES7_BSCAN.bscan_inst/TCK
                         net (fo=1, routed)           2.368     7.168    dbg_hub/inst/BSCANID.u_xsdbm_id/tck_bs
    BUFGCE_X0Y23         BUFGCE (Prop_BUFCE_BUFGCE_I_O)
                                                      0.044     7.212 r  dbg_hub/inst/BSCANID.u_xsdbm_id/SWITCH_N_EXT_BSCAN.u_bufg_icon_tck/O
    X1Y2 (CLOCK_ROOT)    net (fo=486, routed)         2.451     9.663    dbg_hub/inst/BSCANID.u_xsdbm_id/CORE_XSDB.UUT_MASTER/U_ICON_INTERFACE/U_CMD6_RD/U_RD_FIFO/SUBCORE_FIFO.xsdbm_v3_0_5_rdfifo_inst/inst_fifo_gen/gconvfifo.rf/grf.rf/gntv_or_sync_fifo.gcx.clkx/rd_clk
    SLICE_X8Y162         FDCE                                         r  dbg_hub/inst/BSCANID.u_xsdbm_id/CORE_XSDB.UUT_MASTER/U_ICON_INTERFACE/U_CMD6_RD/U_RD_FIFO/SUBCORE_FIFO.xsdbm_v3_0_5_rdfifo_inst/inst_fifo_gen/gconvfifo.rf/grf.rf/gntv_or_sync_fifo.gcx.clkx/gnxpm_cdc.rd_pntr_gc_reg[3]/C
  -------------------------------------------------------------------    -------------------
    SLICE_X8Y162         FDCE (Prop_EFF_SLICEM_C_Q)
                                                      0.113     9.776 r  dbg_hub/inst/BSCANID.u_xsdbm_id/CORE_XSDB.UUT_MASTER/U_ICON_INTERFACE/U_CMD6_RD/U_RD_FIFO/SUBCORE_FIFO.xsdbm_v3_0_5_rdfifo_inst/inst_fifo_gen/gconvfifo.rf/grf.rf/gntv_or_sync_fifo.gcx.clkx/gnxpm_cdc.rd_pntr_gc_reg[3]/Q
                         net (fo=1, routed)           0.424    10.200    dbg_hub/inst/BSCANID.u_xsdbm_id/CORE_XSDB.UUT_MASTER/U_ICON_INTERFACE/U_CMD6_RD/U_RD_FIFO/SUBCORE_FIFO.xsdbm_v3_0_5_rdfifo_inst/inst_fifo_gen/gconvfifo.rf/grf.rf/gntv_or_sync_fifo.gcx.clkx/gnxpm_cdc.gsync_stage[1].wr_stg_inst/Q[3]
    SLICE_X8Y162         FDCE                                         r  dbg_hub/inst/BSCANID.u_xsdbm_id/CORE_XSDB.UUT_MASTER/U_ICON_INTERFACE/U_CMD6_RD/U_RD_FIFO/SUBCORE_FIFO.xsdbm_v3_0_5_rdfifo_inst/inst_fifo_gen/gconvfifo.rf/grf.rf/gntv_or_sync_fifo.gcx.clkx/gnxpm_cdc.gsync_stage[1].wr_stg_inst/Q_reg_reg[3]/D
  -------------------------------------------------------------------    -------------------

                         (clock clk_out1_video_pipe_hw_clk_wiz_1_0_1 rise edge)
                                                      0.000     0.000 r  
    BUFG_PS_X0Y81        BUFG_PS                      0.000     0.000 r  video_pipe_hw_i/zynq_ultra_ps_e_0/inst/buffer_pl_clk_0.PL_CLK_0_BUFG/O
                         net (fo=9208, routed)        2.119     2.119    video_pipe_hw_i/clk_wiz_1/inst/clk_in1
    MMCM_X0Y3            MMCME4_ADV (Prop_MMCM_CLKIN1_CLKOUT0)
                                                      0.739     2.858 r  video_pipe_hw_i/clk_wiz_1/inst/mmcme4_adv_inst/CLKOUT0
                         net (fo=1, routed)           0.306     3.164    video_pipe_hw_i/clk_wiz_1/inst/clk_out1_video_pipe_hw_clk_wiz_1_0
    BUFGCE_X0Y80         BUFGCE (Prop_BUFCE_BUFGCE_I_O)
                                                      0.039     3.203 r  video_pipe_hw_i/clk_wiz_1/inst/clkout1_buf/O
    X0Y1 (CLOCK_ROOT)    net (fo=6771, routed)        2.651     5.854    dbg_hub/inst/BSCANID.u_xsdbm_id/CORE_XSDB.UUT_MASTER/U_ICON_INTERFACE/U_CMD6_RD/U_RD_FIFO/SUBCORE_FIFO.xsdbm_v3_0_5_rdfifo_inst/inst_fifo_gen/gconvfifo.rf/grf.rf/gntv_or_sync_fifo.gcx.clkx/gnxpm_cdc.gsync_stage[1].wr_stg_inst/wr_clk
    SLICE_X8Y162         FDCE                                         r  dbg_hub/inst/BSCANID.u_xsdbm_id/CORE_XSDB.UUT_MASTER/U_ICON_INTERFACE/U_CMD6_RD/U_RD_FIFO/SUBCORE_FIFO.xsdbm_v3_0_5_rdfifo_inst/inst_fifo_gen/gconvfifo.rf/grf.rf/gntv_or_sync_fifo.gcx.clkx/gnxpm_cdc.gsync_stage[1].wr_stg_inst/Q_reg_reg[3]/C
                         clock pessimism              0.000     5.854    
    SLICE_X8Y162         FDCE (Setup_DFF2_SLICEM_C_D)
                                                      0.045     5.899    dbg_hub/inst/BSCANID.u_xsdbm_id/CORE_XSDB.UUT_MASTER/U_ICON_INTERFACE/U_CMD6_RD/U_RD_FIFO/SUBCORE_FIFO.xsdbm_v3_0_5_rdfifo_inst/inst_fifo_gen/gconvfifo.rf/grf.rf/gntv_or_sync_fifo.gcx.clkx/gnxpm_cdc.gsync_stage[1].wr_stg_inst/Q_reg_reg[3]
  -------------------------------------------------------------------
                         data arrival                          10.200    
                         clock arrival                          5.899    
  -------------------------------------------------------------------
                         relative delay                         4.301    

Reference path:
    Location             Delay type                Incr(ns)  Path(ns)    Netlist Resource(s)
  -------------------------------------------------------------------    -------------------
                         (clock dbg_hub/inst/BSCANID.u_xsdbm_id/SWITCH_N_EXT_BSCAN.bscan_inst/SERIES7_BSCAN.bscan_inst/INTERNAL_TCK rise edge)
                                                      0.000     0.000 r  
    CONFIG_SITE_X0Y0     BSCANE2                      0.000     0.000 r  dbg_hub/inst/BSCANID.u_xsdbm_id/SWITCH_N_EXT_BSCAN.bscan_inst/SERIES7_BSCAN.bscan_inst/INTERNAL_TCK
    CONFIG_SITE_X0Y0     BSCANE2 (Prop_BSCAN1_CONFIG_SITE_INTERNAL_TCK_TCK)
                                                      0.465     0.465 r  dbg_hub/inst/BSCANID.u_xsdbm_id/SWITCH_N_EXT_BSCAN.bscan_inst/SERIES7_BSCAN.bscan_inst/TCK
                         net (fo=1, routed)           1.608     2.073    dbg_hub/inst/BSCANID.u_xsdbm_id/tck_bs
    BUFGCE_X0Y23         BUFGCE (Prop_BUFCE_BUFGCE_I_O)
                                                      0.039     2.112 r  dbg_hub/inst/BSCANID.u_xsdbm_id/SWITCH_N_EXT_BSCAN.u_bufg_icon_tck/O
    X1Y2 (CLOCK_ROOT)    net (fo=486, routed)         2.214     4.326    dbg_hub/inst/BSCANID.u_xsdbm_id/CORE_XSDB.UUT_MASTER/U_ICON_INTERFACE/U_CMD6_RD/U_RD_FIFO/SUBCORE_FIFO.xsdbm_v3_0_5_rdfifo_inst/inst_fifo_gen/gconvfifo.rf/grf.rf/gntv_or_sync_fifo.gcx.clkx/rd_clk
    SLICE_X8Y160         FDCE                                         r  dbg_hub/inst/BSCANID.u_xsdbm_id/CORE_XSDB.UUT_MASTER/U_ICON_INTERFACE/U_CMD6_RD/U_RD_FIFO/SUBCORE_FIFO.xsdbm_v3_0_5_rdfifo_inst/inst_fifo_gen/gconvfifo.rf/grf.rf/gntv_or_sync_fifo.gcx.clkx/gnxpm_cdc.rd_pntr_gc_reg[0]/C
  -------------------------------------------------------------------    -------------------
    SLICE_X8Y160         FDCE (Prop_EFF_SLICEM_C_Q)
                                                      0.112     4.438 r  dbg_hub/inst/BSCANID.u_xsdbm_id/CORE_XSDB.UUT_MASTER/U_ICON_INTERFACE/U_CMD6_RD/U_RD_FIFO/SUBCORE_FIFO.xsdbm_v3_0_5_rdfifo_inst/inst_fifo_gen/gconvfifo.rf/grf.rf/gntv_or_sync_fifo.gcx.clkx/gnxpm_cdc.rd_pntr_gc_reg[0]/Q
                         net (fo=1, routed)           0.103     4.541    dbg_hub/inst/BSCANID.u_xsdbm_id/CORE_XSDB.UUT_MASTER/U_ICON_INTERFACE/U_CMD6_RD/U_RD_FIFO/SUBCORE_FIFO.xsdbm_v3_0_5_rdfifo_inst/inst_fifo_gen/gconvfifo.rf/grf.rf/gntv_or_sync_fifo.gcx.clkx/gnxpm_cdc.gsync_stage[1].wr_stg_inst/Q[0]
    SLICE_X8Y159         FDCE                                         r  dbg_hub/inst/BSCANID.u_xsdbm_id/CORE_XSDB.UUT_MASTER/U_ICON_INTERFACE/U_CMD6_RD/U_RD_FIFO/SUBCORE_FIFO.xsdbm_v3_0_5_rdfifo_inst/inst_fifo_gen/gconvfifo.rf/grf.rf/gntv_or_sync_fifo.gcx.clkx/gnxpm_cdc.gsync_stage[1].wr_stg_inst/Q_reg_reg[0]/D
  -------------------------------------------------------------------    -------------------

                         (clock clk_out1_video_pipe_hw_clk_wiz_1_0_1 rise edge)
                                                      0.000     0.000 r  
    BUFG_PS_X0Y81        BUFG_PS                      0.000     0.000 r  video_pipe_hw_i/zynq_ultra_ps_e_0/inst/buffer_pl_clk_0.PL_CLK_0_BUFG/O
                         net (fo=9208, routed)        2.319     2.319    video_pipe_hw_i/clk_wiz_1/inst/clk_in1
    MMCM_X0Y3            MMCME4_ADV (Prop_MMCM_CLKIN1_CLKOUT0)
                                                     -0.103     2.216 r  video_pipe_hw_i/clk_wiz_1/inst/mmcme4_adv_inst/CLKOUT0
                         net (fo=1, routed)           0.347     2.563    video_pipe_hw_i/clk_wiz_1/inst/clk_out1_video_pipe_hw_clk_wiz_1_0
    BUFGCE_X0Y80         BUFGCE (Prop_BUFCE_BUFGCE_I_O)
                                                      0.044     2.607 r  video_pipe_hw_i/clk_wiz_1/inst/clkout1_buf/O
    X0Y1 (CLOCK_ROOT)    net (fo=6771, routed)        2.930     5.537    dbg_hub/inst/BSCANID.u_xsdbm_id/CORE_XSDB.UUT_MASTER/U_ICON_INTERFACE/U_CMD6_RD/U_RD_FIFO/SUBCORE_FIFO.xsdbm_v3_0_5_rdfifo_inst/inst_fifo_gen/gconvfifo.rf/grf.rf/gntv_or_sync_fifo.gcx.clkx/gnxpm_cdc.gsync_stage[1].wr_stg_inst/wr_clk
    SLICE_X8Y159         FDCE                                         r  dbg_hub/inst/BSCANID.u_xsdbm_id/CORE_XSDB.UUT_MASTER/U_ICON_INTERFACE/U_CMD6_RD/U_RD_FIFO/SUBCORE_FIFO.xsdbm_v3_0_5_rdfifo_inst/inst_fifo_gen/gconvfifo.rf/grf.rf/gntv_or_sync_fifo.gcx.clkx/gnxpm_cdc.gsync_stage[1].wr_stg_inst/Q_reg_reg[0]/C
                         clock pessimism              0.000     5.537    
    SLICE_X8Y159         FDCE (Hold_HFF2_SLICEM_C_D)
                                                      0.103     5.640    dbg_hub/inst/BSCANID.u_xsdbm_id/CORE_XSDB.UUT_MASTER/U_ICON_INTERFACE/U_CMD6_RD/U_RD_FIFO/SUBCORE_FIFO.xsdbm_v3_0_5_rdfifo_inst/inst_fifo_gen/gconvfifo.rf/grf.rf/gntv_or_sync_fifo.gcx.clkx/gnxpm_cdc.gsync_stage[1].wr_stg_inst/Q_reg_reg[0]
  -------------------------------------------------------------------
                         data arrival                           4.541    
                         clock arrival                          5.640    
  -------------------------------------------------------------------
                         relative delay                        -1.099    



Id: 6
set_bus_skew -from [get_cells [list {dbg_hub/inst/BSCANID.u_xsdbm_id/CORE_XSDB.UUT_MASTER/U_ICON_INTERFACE/U_CMD6_RD/U_RD_FIFO/SUBCORE_FIFO.xsdbm_v3_0_5_rdfifo_inst/inst_fifo_gen/gconvfifo.rf/grf.rf/gntv_or_sync_fifo.gcx.clkx/gnxpm_cdc.wr_pntr_gc_reg[0]} {dbg_hub/inst/BSCANID.u_xsdbm_id/CORE_XSDB.UUT_MASTER/U_ICON_INTERFACE/U_CMD6_RD/U_RD_FIFO/SUBCORE_FIFO.xsdbm_v3_0_5_rdfifo_inst/inst_fifo_gen/gconvfifo.rf/grf.rf/gntv_or_sync_fifo.gcx.clkx/gnxpm_cdc.wr_pntr_gc_reg[1]} {dbg_hub/inst/BSCANID.u_xsdbm_id/CORE_XSDB.UUT_MASTER/U_ICON_INTERFACE/U_CMD6_RD/U_RD_FIFO/SUBCORE_FIFO.xsdbm_v3_0_5_rdfifo_inst/inst_fifo_gen/gconvfifo.rf/grf.rf/gntv_or_sync_fifo.gcx.clkx/gnxpm_cdc.wr_pntr_gc_reg[2]} {dbg_hub/inst/BSCANID.u_xsdbm_id/CORE_XSDB.UUT_MASTER/U_ICON_INTERFACE/U_CMD6_RD/U_RD_FIFO/SUBCORE_FIFO.xsdbm_v3_0_5_rdfifo_inst/inst_fifo_gen/gconvfifo.rf/grf.rf/gntv_or_sync_fifo.gcx.clkx/gnxpm_cdc.wr_pntr_gc_reg[3]}]] -to [get_cells [list {dbg_hub/inst/BSCANID.u_xsdbm_id/CORE_XSDB.UUT_MASTER/U_ICON_INTERFACE/U_CMD6_RD/U_RD_FIFO/SUBCORE_FIFO.xsdbm_v3_0_5_rdfifo_inst/inst_fifo_gen/gconvfifo.rf/grf.rf/gntv_or_sync_fifo.gcx.clkx/gnxpm_cdc.gsync_stage[1].rd_stg_inst/Q_reg_reg[0]} {dbg_hub/inst/BSCANID.u_xsdbm_id/CORE_XSDB.UUT_MASTER/U_ICON_INTERFACE/U_CMD6_RD/U_RD_FIFO/SUBCORE_FIFO.xsdbm_v3_0_5_rdfifo_inst/inst_fifo_gen/gconvfifo.rf/grf.rf/gntv_or_sync_fifo.gcx.clkx/gnxpm_cdc.gsync_stage[1].rd_stg_inst/Q_reg_reg[1]} {dbg_hub/inst/BSCANID.u_xsdbm_id/CORE_XSDB.UUT_MASTER/U_ICON_INTERFACE/U_CMD6_RD/U_RD_FIFO/SUBCORE_FIFO.xsdbm_v3_0_5_rdfifo_inst/inst_fifo_gen/gconvfifo.rf/grf.rf/gntv_or_sync_fifo.gcx.clkx/gnxpm_cdc.gsync_stage[1].rd_stg_inst/Q_reg_reg[2]} {dbg_hub/inst/BSCANID.u_xsdbm_id/CORE_XSDB.UUT_MASTER/U_ICON_INTERFACE/U_CMD6_RD/U_RD_FIFO/SUBCORE_FIFO.xsdbm_v3_0_5_rdfifo_inst/inst_fifo_gen/gconvfifo.rf/grf.rf/gntv_or_sync_fifo.gcx.clkx/gnxpm_cdc.gsync_stage[1].rd_stg_inst/Q_reg_reg[3]}]] 6.734
Requirement: 6.734ns
Endpoints: 4

From Clock            To Clock              Endpoint Pin                    Reference Pin                   Corner  Actual(ns)  Slack(ns)
--------------------  --------------------  ------------------------------  ------------------------------  ------  ----------  ---------
clk_out1_video_pipe_hw_clk_wiz_1_0_1
                      dbg_hub/inst/BSCANID.u_xsdbm_id/SWITCH_N_EXT_BSCAN.bscan_inst/SERIES7_BSCAN.bscan_inst/INTERNAL_TCK
                                            dbg_hub/inst/BSCANID.u_xsdbm_id/CORE_XSDB.UUT_MASTER/U_ICON_INTERFACE/U_CMD6_RD/U_RD_FIFO/SUBCORE_FIFO.xsdbm_v3_0_5_rdfifo_inst/inst_fifo_gen/gconvfifo.rf/grf.rf/gntv_or_sync_fifo.gcx.clkx/gnxpm_cdc.gsync_stage[1].rd_stg_inst/Q_reg_reg[2]/D
                                                                            dbg_hub/inst/BSCANID.u_xsdbm_id/CORE_XSDB.UUT_MASTER/U_ICON_INTERFACE/U_CMD6_RD/U_RD_FIFO/SUBCORE_FIFO.xsdbm_v3_0_5_rdfifo_inst/inst_fifo_gen/gconvfifo.rf/grf.rf/gntv_or_sync_fifo.gcx.clkx/gnxpm_cdc.gsync_stage[1].rd_stg_inst/Q_reg_reg[0]/D
                                                                                                            Slow         0.430      6.304


Slack (MET) :             6.304ns  (requirement - actual skew)
  Endpoint Source:        dbg_hub/inst/BSCANID.u_xsdbm_id/CORE_XSDB.UUT_MASTER/U_ICON_INTERFACE/U_CMD6_RD/U_RD_FIFO/SUBCORE_FIFO.xsdbm_v3_0_5_rdfifo_inst/inst_fifo_gen/gconvfifo.rf/grf.rf/gntv_or_sync_fifo.gcx.clkx/gnxpm_cdc.wr_pntr_gc_reg[2]/C
                            (rising edge-triggered cell FDCE clocked by clk_out1_video_pipe_hw_clk_wiz_1_0_1)
  Endpoint Destination:   dbg_hub/inst/BSCANID.u_xsdbm_id/CORE_XSDB.UUT_MASTER/U_ICON_INTERFACE/U_CMD6_RD/U_RD_FIFO/SUBCORE_FIFO.xsdbm_v3_0_5_rdfifo_inst/inst_fifo_gen/gconvfifo.rf/grf.rf/gntv_or_sync_fifo.gcx.clkx/gnxpm_cdc.gsync_stage[1].rd_stg_inst/Q_reg_reg[2]/D
                            (rising edge-triggered cell FDCE clocked by dbg_hub/inst/BSCANID.u_xsdbm_id/SWITCH_N_EXT_BSCAN.bscan_inst/SERIES7_BSCAN.bscan_inst/INTERNAL_TCK)
  Reference Source:       dbg_hub/inst/BSCANID.u_xsdbm_id/CORE_XSDB.UUT_MASTER/U_ICON_INTERFACE/U_CMD6_RD/U_RD_FIFO/SUBCORE_FIFO.xsdbm_v3_0_5_rdfifo_inst/inst_fifo_gen/gconvfifo.rf/grf.rf/gntv_or_sync_fifo.gcx.clkx/gnxpm_cdc.wr_pntr_gc_reg[0]/C
                            (rising edge-triggered cell FDCE clocked by clk_out1_video_pipe_hw_clk_wiz_1_0_1)
  Reference Destination:  dbg_hub/inst/BSCANID.u_xsdbm_id/CORE_XSDB.UUT_MASTER/U_ICON_INTERFACE/U_CMD6_RD/U_RD_FIFO/SUBCORE_FIFO.xsdbm_v3_0_5_rdfifo_inst/inst_fifo_gen/gconvfifo.rf/grf.rf/gntv_or_sync_fifo.gcx.clkx/gnxpm_cdc.gsync_stage[1].rd_stg_inst/Q_reg_reg[0]/D
                            (rising edge-triggered cell FDCE clocked by dbg_hub/inst/BSCANID.u_xsdbm_id/SWITCH_N_EXT_BSCAN.bscan_inst/SERIES7_BSCAN.bscan_inst/INTERNAL_TCK)
  Path Type:              Bus Skew (Max at Slow Process Corner)
  Requirement:            6.734ns
  Endpoint Relative Delay:    1.642ns
  Reference Relative Delay:  -3.719ns
  Relative CRPR:              4.930ns
  Actual Bus Skew:            0.430ns  (Endpoint Relative Delay - Reference Relative Delay - Relative CRPR)

Endpoint path:
    Location             Delay type                Incr(ns)  Path(ns)    Netlist Resource(s)
  -------------------------------------------------------------------    -------------------
                         (clock clk_out1_video_pipe_hw_clk_wiz_1_0_1 rise edge)
                                                      0.000     0.000 r  
    BUFG_PS_X0Y81        BUFG_PS                      0.000     0.000 r  video_pipe_hw_i/zynq_ultra_ps_e_0/inst/buffer_pl_clk_0.PL_CLK_0_BUFG/O
                         net (fo=9208, routed)        2.319     2.319    video_pipe_hw_i/clk_wiz_1/inst/clk_in1
    MMCM_X0Y3            MMCME4_ADV (Prop_MMCM_CLKIN1_CLKOUT0)
                                                     -0.103     2.216 r  video_pipe_hw_i/clk_wiz_1/inst/mmcme4_adv_inst/CLKOUT0
                         net (fo=1, routed)           0.347     2.563    video_pipe_hw_i/clk_wiz_1/inst/clk_out1_video_pipe_hw_clk_wiz_1_0
    BUFGCE_X0Y80         BUFGCE (Prop_BUFCE_BUFGCE_I_O)
                                                      0.044     2.607 r  video_pipe_hw_i/clk_wiz_1/inst/clkout1_buf/O
    X0Y1 (CLOCK_ROOT)    net (fo=6771, routed)        2.920     5.527    dbg_hub/inst/BSCANID.u_xsdbm_id/CORE_XSDB.UUT_MASTER/U_ICON_INTERFACE/U_CMD6_RD/U_RD_FIFO/SUBCORE_FIFO.xsdbm_v3_0_5_rdfifo_inst/inst_fifo_gen/gconvfifo.rf/grf.rf/gntv_or_sync_fifo.gcx.clkx/wr_clk
    SLICE_X8Y162         FDCE                                         r  dbg_hub/inst/BSCANID.u_xsdbm_id/CORE_XSDB.UUT_MASTER/U_ICON_INTERFACE/U_CMD6_RD/U_RD_FIFO/SUBCORE_FIFO.xsdbm_v3_0_5_rdfifo_inst/inst_fifo_gen/gconvfifo.rf/grf.rf/gntv_or_sync_fifo.gcx.clkx/gnxpm_cdc.wr_pntr_gc_reg[2]/C
  -------------------------------------------------------------------    -------------------
    SLICE_X8Y162         FDCE (Prop_DFF_SLICEM_C_Q)
                                                      0.116     5.643 r  dbg_hub/inst/BSCANID.u_xsdbm_id/CORE_XSDB.UUT_MASTER/U_ICON_INTERFACE/U_CMD6_RD/U_RD_FIFO/SUBCORE_FIFO.xsdbm_v3_0_5_rdfifo_inst/inst_fifo_gen/gconvfifo.rf/grf.rf/gntv_or_sync_fifo.gcx.clkx/gnxpm_cdc.wr_pntr_gc_reg[2]/Q
                         net (fo=1, routed)           0.366     6.009    dbg_hub/inst/BSCANID.u_xsdbm_id/CORE_XSDB.UUT_MASTER/U_ICON_INTERFACE/U_CMD6_RD/U_RD_FIFO/SUBCORE_FIFO.xsdbm_v3_0_5_rdfifo_inst/inst_fifo_gen/gconvfifo.rf/grf.rf/gntv_or_sync_fifo.gcx.clkx/gnxpm_cdc.gsync_stage[1].rd_stg_inst/Q[2]
    SLICE_X8Y162         FDCE                                         r  dbg_hub/inst/BSCANID.u_xsdbm_id/CORE_XSDB.UUT_MASTER/U_ICON_INTERFACE/U_CMD6_RD/U_RD_FIFO/SUBCORE_FIFO.xsdbm_v3_0_5_rdfifo_inst/inst_fifo_gen/gconvfifo.rf/grf.rf/gntv_or_sync_fifo.gcx.clkx/gnxpm_cdc.gsync_stage[1].rd_stg_inst/Q_reg_reg[2]/D
  -------------------------------------------------------------------    -------------------

                         (clock dbg_hub/inst/BSCANID.u_xsdbm_id/SWITCH_N_EXT_BSCAN.bscan_inst/SERIES7_BSCAN.bscan_inst/INTERNAL_TCK rise edge)
                                                      0.000     0.000 r  
    CONFIG_SITE_X0Y0     BSCANE2                      0.000     0.000 r  dbg_hub/inst/BSCANID.u_xsdbm_id/SWITCH_N_EXT_BSCAN.bscan_inst/SERIES7_BSCAN.bscan_inst/INTERNAL_TCK
    CONFIG_SITE_X0Y0     BSCANE2 (Prop_BSCAN1_CONFIG_SITE_INTERNAL_TCK_TCK)
                                                      0.465     0.465 r  dbg_hub/inst/BSCANID.u_xsdbm_id/SWITCH_N_EXT_BSCAN.bscan_inst/SERIES7_BSCAN.bscan_inst/TCK
                         net (fo=1, routed)           1.608     2.073    dbg_hub/inst/BSCANID.u_xsdbm_id/tck_bs
    BUFGCE_X0Y23         BUFGCE (Prop_BUFCE_BUFGCE_I_O)
                                                      0.039     2.112 r  dbg_hub/inst/BSCANID.u_xsdbm_id/SWITCH_N_EXT_BSCAN.u_bufg_icon_tck/O
    X1Y2 (CLOCK_ROOT)    net (fo=486, routed)         2.209     4.321    dbg_hub/inst/BSCANID.u_xsdbm_id/CORE_XSDB.UUT_MASTER/U_ICON_INTERFACE/U_CMD6_RD/U_RD_FIFO/SUBCORE_FIFO.xsdbm_v3_0_5_rdfifo_inst/inst_fifo_gen/gconvfifo.rf/grf.rf/gntv_or_sync_fifo.gcx.clkx/gnxpm_cdc.gsync_stage[1].rd_stg_inst/rd_clk
    SLICE_X8Y162         FDCE                                         r  dbg_hub/inst/BSCANID.u_xsdbm_id/CORE_XSDB.UUT_MASTER/U_ICON_INTERFACE/U_CMD6_RD/U_RD_FIFO/SUBCORE_FIFO.xsdbm_v3_0_5_rdfifo_inst/inst_fifo_gen/gconvfifo.rf/grf.rf/gntv_or_sync_fifo.gcx.clkx/gnxpm_cdc.gsync_stage[1].rd_stg_inst/Q_reg_reg[2]/C
                         clock pessimism              0.000     4.321    
    SLICE_X8Y162         FDCE (Setup_HFF2_SLICEM_C_D)
                                                      0.046     4.367    dbg_hub/inst/BSCANID.u_xsdbm_id/CORE_XSDB.UUT_MASTER/U_ICON_INTERFACE/U_CMD6_RD/U_RD_FIFO/SUBCORE_FIFO.xsdbm_v3_0_5_rdfifo_inst/inst_fifo_gen/gconvfifo.rf/grf.rf/gntv_or_sync_fifo.gcx.clkx/gnxpm_cdc.gsync_stage[1].rd_stg_inst/Q_reg_reg[2]
  -------------------------------------------------------------------
                         data arrival                           6.009    
                         clock arrival                          4.367    
  -------------------------------------------------------------------
                         relative delay                         1.642    

Reference path:
    Location             Delay type                Incr(ns)  Path(ns)    Netlist Resource(s)
  -------------------------------------------------------------------    -------------------
                         (clock clk_out1_video_pipe_hw_clk_wiz_1_0_1 rise edge)
                                                      0.000     0.000 r  
    BUFG_PS_X0Y81        BUFG_PS                      0.000     0.000 r  video_pipe_hw_i/zynq_ultra_ps_e_0/inst/buffer_pl_clk_0.PL_CLK_0_BUFG/O
                         net (fo=9208, routed)        2.119     2.119    video_pipe_hw_i/clk_wiz_1/inst/clk_in1
    MMCM_X0Y3            MMCME4_ADV (Prop_MMCM_CLKIN1_CLKOUT0)
                                                      0.739     2.858 r  video_pipe_hw_i/clk_wiz_1/inst/mmcme4_adv_inst/CLKOUT0
                         net (fo=1, routed)           0.306     3.164    video_pipe_hw_i/clk_wiz_1/inst/clk_out1_video_pipe_hw_clk_wiz_1_0
    BUFGCE_X0Y80         BUFGCE (Prop_BUFCE_BUFGCE_I_O)
                                                      0.039     3.203 r  video_pipe_hw_i/clk_wiz_1/inst/clkout1_buf/O
    X0Y1 (CLOCK_ROOT)    net (fo=6771, routed)        2.650     5.853    dbg_hub/inst/BSCANID.u_xsdbm_id/CORE_XSDB.UUT_MASTER/U_ICON_INTERFACE/U_CMD6_RD/U_RD_FIFO/SUBCORE_FIFO.xsdbm_v3_0_5_rdfifo_inst/inst_fifo_gen/gconvfifo.rf/grf.rf/gntv_or_sync_fifo.gcx.clkx/wr_clk
    SLICE_X8Y161         FDCE                                         r  dbg_hub/inst/BSCANID.u_xsdbm_id/CORE_XSDB.UUT_MASTER/U_ICON_INTERFACE/U_CMD6_RD/U_RD_FIFO/SUBCORE_FIFO.xsdbm_v3_0_5_rdfifo_inst/inst_fifo_gen/gconvfifo.rf/grf.rf/gntv_or_sync_fifo.gcx.clkx/gnxpm_cdc.wr_pntr_gc_reg[0]/C
  -------------------------------------------------------------------    -------------------
    SLICE_X8Y161         FDCE (Prop_HFF_SLICEM_C_Q)
                                                      0.112     5.965 r  dbg_hub/inst/BSCANID.u_xsdbm_id/CORE_XSDB.UUT_MASTER/U_ICON_INTERFACE/U_CMD6_RD/U_RD_FIFO/SUBCORE_FIFO.xsdbm_v3_0_5_rdfifo_inst/inst_fifo_gen/gconvfifo.rf/grf.rf/gntv_or_sync_fifo.gcx.clkx/gnxpm_cdc.wr_pntr_gc_reg[0]/Q
                         net (fo=1, routed)           0.096     6.061    dbg_hub/inst/BSCANID.u_xsdbm_id/CORE_XSDB.UUT_MASTER/U_ICON_INTERFACE/U_CMD6_RD/U_RD_FIFO/SUBCORE_FIFO.xsdbm_v3_0_5_rdfifo_inst/inst_fifo_gen/gconvfifo.rf/grf.rf/gntv_or_sync_fifo.gcx.clkx/gnxpm_cdc.gsync_stage[1].rd_stg_inst/Q[0]
    SLICE_X8Y160         FDCE                                         r  dbg_hub/inst/BSCANID.u_xsdbm_id/CORE_XSDB.UUT_MASTER/U_ICON_INTERFACE/U_CMD6_RD/U_RD_FIFO/SUBCORE_FIFO.xsdbm_v3_0_5_rdfifo_inst/inst_fifo_gen/gconvfifo.rf/grf.rf/gntv_or_sync_fifo.gcx.clkx/gnxpm_cdc.gsync_stage[1].rd_stg_inst/Q_reg_reg[0]/D
  -------------------------------------------------------------------    -------------------

                         (clock dbg_hub/inst/BSCANID.u_xsdbm_id/SWITCH_N_EXT_BSCAN.bscan_inst/SERIES7_BSCAN.bscan_inst/INTERNAL_TCK rise edge)
                                                      0.000     0.000 r  
    CONFIG_SITE_X0Y0     BSCANE2                      0.000     0.000 r  dbg_hub/inst/BSCANID.u_xsdbm_id/SWITCH_N_EXT_BSCAN.bscan_inst/SERIES7_BSCAN.bscan_inst/INTERNAL_TCK
    CONFIG_SITE_X0Y0     BSCANE2 (Prop_BSCAN1_CONFIG_SITE_INTERNAL_TCK_TCK)
                                                      4.800     4.800 r  dbg_hub/inst/BSCANID.u_xsdbm_id/SWITCH_N_EXT_BSCAN.bscan_inst/SERIES7_BSCAN.bscan_inst/TCK
                         net (fo=1, routed)           2.368     7.168    dbg_hub/inst/BSCANID.u_xsdbm_id/tck_bs
    BUFGCE_X0Y23         BUFGCE (Prop_BUFCE_BUFGCE_I_O)
                                                      0.044     7.212 r  dbg_hub/inst/BSCANID.u_xsdbm_id/SWITCH_N_EXT_BSCAN.u_bufg_icon_tck/O
    X1Y2 (CLOCK_ROOT)    net (fo=486, routed)         2.465     9.677    dbg_hub/inst/BSCANID.u_xsdbm_id/CORE_XSDB.UUT_MASTER/U_ICON_INTERFACE/U_CMD6_RD/U_RD_FIFO/SUBCORE_FIFO.xsdbm_v3_0_5_rdfifo_inst/inst_fifo_gen/gconvfifo.rf/grf.rf/gntv_or_sync_fifo.gcx.clkx/gnxpm_cdc.gsync_stage[1].rd_stg_inst/rd_clk
    SLICE_X8Y160         FDCE                                         r  dbg_hub/inst/BSCANID.u_xsdbm_id/CORE_XSDB.UUT_MASTER/U_ICON_INTERFACE/U_CMD6_RD/U_RD_FIFO/SUBCORE_FIFO.xsdbm_v3_0_5_rdfifo_inst/inst_fifo_gen/gconvfifo.rf/grf.rf/gntv_or_sync_fifo.gcx.clkx/gnxpm_cdc.gsync_stage[1].rd_stg_inst/Q_reg_reg[0]/C
                         clock pessimism              0.000     9.677    
    SLICE_X8Y160         FDCE (Hold_HFF2_SLICEM_C_D)
                                                      0.103     9.780    dbg_hub/inst/BSCANID.u_xsdbm_id/CORE_XSDB.UUT_MASTER/U_ICON_INTERFACE/U_CMD6_RD/U_RD_FIFO/SUBCORE_FIFO.xsdbm_v3_0_5_rdfifo_inst/inst_fifo_gen/gconvfifo.rf/grf.rf/gntv_or_sync_fifo.gcx.clkx/gnxpm_cdc.gsync_stage[1].rd_stg_inst/Q_reg_reg[0]
  -------------------------------------------------------------------
                         data arrival                           6.061    
                         clock arrival                          9.780    
  -------------------------------------------------------------------
                         relative delay                        -3.719    



Id: 7
set_bus_skew -from [get_cells [list {dbg_hub/inst/BSCANID.u_xsdbm_id/CORE_XSDB.UUT_MASTER/U_ICON_INTERFACE/U_CMD6_WR/U_WR_FIFO/SUBCORE_FIFO.xsdbm_v3_0_5_wrfifo_inst/inst_fifo_gen/gconvfifo.rf/grf.rf/gntv_or_sync_fifo.gcx.clkx/gnxpm_cdc.rd_pntr_gc_reg[0]} {dbg_hub/inst/BSCANID.u_xsdbm_id/CORE_XSDB.UUT_MASTER/U_ICON_INTERFACE/U_CMD6_WR/U_WR_FIFO/SUBCORE_FIFO.xsdbm_v3_0_5_wrfifo_inst/inst_fifo_gen/gconvfifo.rf/grf.rf/gntv_or_sync_fifo.gcx.clkx/gnxpm_cdc.rd_pntr_gc_reg[1]} {dbg_hub/inst/BSCANID.u_xsdbm_id/CORE_XSDB.UUT_MASTER/U_ICON_INTERFACE/U_CMD6_WR/U_WR_FIFO/SUBCORE_FIFO.xsdbm_v3_0_5_wrfifo_inst/inst_fifo_gen/gconvfifo.rf/grf.rf/gntv_or_sync_fifo.gcx.clkx/gnxpm_cdc.rd_pntr_gc_reg[2]} {dbg_hub/inst/BSCANID.u_xsdbm_id/CORE_XSDB.UUT_MASTER/U_ICON_INTERFACE/U_CMD6_WR/U_WR_FIFO/SUBCORE_FIFO.xsdbm_v3_0_5_wrfifo_inst/inst_fifo_gen/gconvfifo.rf/grf.rf/gntv_or_sync_fifo.gcx.clkx/gnxpm_cdc.rd_pntr_gc_reg[3]}]] -to [get_cells [list {dbg_hub/inst/BSCANID.u_xsdbm_id/CORE_XSDB.UUT_MASTER/U_ICON_INTERFACE/U_CMD6_WR/U_WR_FIFO/SUBCORE_FIFO.xsdbm_v3_0_5_wrfifo_inst/inst_fifo_gen/gconvfifo.rf/grf.rf/gntv_or_sync_fifo.gcx.clkx/gnxpm_cdc.gsync_stage[1].wr_stg_inst/Q_reg_reg[0]} {dbg_hub/inst/BSCANID.u_xsdbm_id/CORE_XSDB.UUT_MASTER/U_ICON_INTERFACE/U_CMD6_WR/U_WR_FIFO/SUBCORE_FIFO.xsdbm_v3_0_5_wrfifo_inst/inst_fifo_gen/gconvfifo.rf/grf.rf/gntv_or_sync_fifo.gcx.clkx/gnxpm_cdc.gsync_stage[1].wr_stg_inst/Q_reg_reg[1]} {dbg_hub/inst/BSCANID.u_xsdbm_id/CORE_XSDB.UUT_MASTER/U_ICON_INTERFACE/U_CMD6_WR/U_WR_FIFO/SUBCORE_FIFO.xsdbm_v3_0_5_wrfifo_inst/inst_fifo_gen/gconvfifo.rf/grf.rf/gntv_or_sync_fifo.gcx.clkx/gnxpm_cdc.gsync_stage[1].wr_stg_inst/Q_reg_reg[2]} {dbg_hub/inst/BSCANID.u_xsdbm_id/CORE_XSDB.UUT_MASTER/U_ICON_INTERFACE/U_CMD6_WR/U_WR_FIFO/SUBCORE_FIFO.xsdbm_v3_0_5_wrfifo_inst/inst_fifo_gen/gconvfifo.rf/grf.rf/gntv_or_sync_fifo.gcx.clkx/gnxpm_cdc.gsync_stage[1].wr_stg_inst/Q_reg_reg[3]}]] 6.734
Requirement: 6.734ns
Endpoints: 4

From Clock            To Clock              Endpoint Pin                    Reference Pin                   Corner  Actual(ns)  Slack(ns)
--------------------  --------------------  ------------------------------  ------------------------------  ------  ----------  ---------
clk_out1_video_pipe_hw_clk_wiz_1_0_1
                      dbg_hub/inst/BSCANID.u_xsdbm_id/SWITCH_N_EXT_BSCAN.bscan_inst/SERIES7_BSCAN.bscan_inst/INTERNAL_TCK
                                            dbg_hub/inst/BSCANID.u_xsdbm_id/CORE_XSDB.UUT_MASTER/U_ICON_INTERFACE/U_CMD6_WR/U_WR_FIFO/SUBCORE_FIFO.xsdbm_v3_0_5_wrfifo_inst/inst_fifo_gen/gconvfifo.rf/grf.rf/gntv_or_sync_fifo.gcx.clkx/gnxpm_cdc.gsync_stage[1].wr_stg_inst/Q_reg_reg[3]/D
                                                                            dbg_hub/inst/BSCANID.u_xsdbm_id/CORE_XSDB.UUT_MASTER/U_ICON_INTERFACE/U_CMD6_WR/U_WR_FIFO/SUBCORE_FIFO.xsdbm_v3_0_5_wrfifo_inst/inst_fifo_gen/gconvfifo.rf/grf.rf/gntv_or_sync_fifo.gcx.clkx/gnxpm_cdc.gsync_stage[1].wr_stg_inst/Q_reg_reg[2]/D
                                                                                                            Slow         0.514      6.220


Slack (MET) :             6.220ns  (requirement - actual skew)
  Endpoint Source:        dbg_hub/inst/BSCANID.u_xsdbm_id/CORE_XSDB.UUT_MASTER/U_ICON_INTERFACE/U_CMD6_WR/U_WR_FIFO/SUBCORE_FIFO.xsdbm_v3_0_5_wrfifo_inst/inst_fifo_gen/gconvfifo.rf/grf.rf/gntv_or_sync_fifo.gcx.clkx/gnxpm_cdc.rd_pntr_gc_reg[3]/C
                            (rising edge-triggered cell FDCE clocked by clk_out1_video_pipe_hw_clk_wiz_1_0_1)
  Endpoint Destination:   dbg_hub/inst/BSCANID.u_xsdbm_id/CORE_XSDB.UUT_MASTER/U_ICON_INTERFACE/U_CMD6_WR/U_WR_FIFO/SUBCORE_FIFO.xsdbm_v3_0_5_wrfifo_inst/inst_fifo_gen/gconvfifo.rf/grf.rf/gntv_or_sync_fifo.gcx.clkx/gnxpm_cdc.gsync_stage[1].wr_stg_inst/Q_reg_reg[3]/D
                            (rising edge-triggered cell FDCE clocked by dbg_hub/inst/BSCANID.u_xsdbm_id/SWITCH_N_EXT_BSCAN.bscan_inst/SERIES7_BSCAN.bscan_inst/INTERNAL_TCK)
  Reference Source:       dbg_hub/inst/BSCANID.u_xsdbm_id/CORE_XSDB.UUT_MASTER/U_ICON_INTERFACE/U_CMD6_WR/U_WR_FIFO/SUBCORE_FIFO.xsdbm_v3_0_5_wrfifo_inst/inst_fifo_gen/gconvfifo.rf/grf.rf/gntv_or_sync_fifo.gcx.clkx/gnxpm_cdc.rd_pntr_gc_reg[2]/C
                            (rising edge-triggered cell FDCE clocked by clk_out1_video_pipe_hw_clk_wiz_1_0_1)
  Reference Destination:  dbg_hub/inst/BSCANID.u_xsdbm_id/CORE_XSDB.UUT_MASTER/U_ICON_INTERFACE/U_CMD6_WR/U_WR_FIFO/SUBCORE_FIFO.xsdbm_v3_0_5_wrfifo_inst/inst_fifo_gen/gconvfifo.rf/grf.rf/gntv_or_sync_fifo.gcx.clkx/gnxpm_cdc.gsync_stage[1].wr_stg_inst/Q_reg_reg[2]/D
                            (rising edge-triggered cell FDCE clocked by dbg_hub/inst/BSCANID.u_xsdbm_id/SWITCH_N_EXT_BSCAN.bscan_inst/SERIES7_BSCAN.bscan_inst/INTERNAL_TCK)
  Path Type:              Bus Skew (Max at Slow Process Corner)
  Requirement:            6.734ns
  Endpoint Relative Delay:    1.627ns
  Reference Relative Delay:  -3.702ns
  Relative CRPR:              4.815ns
  Actual Bus Skew:            0.514ns  (Endpoint Relative Delay - Reference Relative Delay - Relative CRPR)

Endpoint path:
    Location             Delay type                Incr(ns)  Path(ns)    Netlist Resource(s)
  -------------------------------------------------------------------    -------------------
                         (clock clk_out1_video_pipe_hw_clk_wiz_1_0_1 rise edge)
                                                      0.000     0.000 r  
    BUFG_PS_X0Y81        BUFG_PS                      0.000     0.000 r  video_pipe_hw_i/zynq_ultra_ps_e_0/inst/buffer_pl_clk_0.PL_CLK_0_BUFG/O
                         net (fo=9208, routed)        2.319     2.319    video_pipe_hw_i/clk_wiz_1/inst/clk_in1
    MMCM_X0Y3            MMCME4_ADV (Prop_MMCM_CLKIN1_CLKOUT0)
                                                     -0.103     2.216 r  video_pipe_hw_i/clk_wiz_1/inst/mmcme4_adv_inst/CLKOUT0
                         net (fo=1, routed)           0.347     2.563    video_pipe_hw_i/clk_wiz_1/inst/clk_out1_video_pipe_hw_clk_wiz_1_0
    BUFGCE_X0Y80         BUFGCE (Prop_BUFCE_BUFGCE_I_O)
                                                      0.044     2.607 r  video_pipe_hw_i/clk_wiz_1/inst/clkout1_buf/O
    X0Y1 (CLOCK_ROOT)    net (fo=6771, routed)        2.930     5.537    dbg_hub/inst/BSCANID.u_xsdbm_id/CORE_XSDB.UUT_MASTER/U_ICON_INTERFACE/U_CMD6_WR/U_WR_FIFO/SUBCORE_FIFO.xsdbm_v3_0_5_wrfifo_inst/inst_fifo_gen/gconvfifo.rf/grf.rf/gntv_or_sync_fifo.gcx.clkx/rd_clk
    SLICE_X10Y168        FDCE                                         r  dbg_hub/inst/BSCANID.u_xsdbm_id/CORE_XSDB.UUT_MASTER/U_ICON_INTERFACE/U_CMD6_WR/U_WR_FIFO/SUBCORE_FIFO.xsdbm_v3_0_5_wrfifo_inst/inst_fifo_gen/gconvfifo.rf/grf.rf/gntv_or_sync_fifo.gcx.clkx/gnxpm_cdc.rd_pntr_gc_reg[3]/C
  -------------------------------------------------------------------    -------------------
    SLICE_X10Y168        FDCE (Prop_AFF_SLICEM_C_Q)
                                                      0.113     5.650 r  dbg_hub/inst/BSCANID.u_xsdbm_id/CORE_XSDB.UUT_MASTER/U_ICON_INTERFACE/U_CMD6_WR/U_WR_FIFO/SUBCORE_FIFO.xsdbm_v3_0_5_wrfifo_inst/inst_fifo_gen/gconvfifo.rf/grf.rf/gntv_or_sync_fifo.gcx.clkx/gnxpm_cdc.rd_pntr_gc_reg[3]/Q
                         net (fo=1, routed)           0.334     5.984    dbg_hub/inst/BSCANID.u_xsdbm_id/CORE_XSDB.UUT_MASTER/U_ICON_INTERFACE/U_CMD6_WR/U_WR_FIFO/SUBCORE_FIFO.xsdbm_v3_0_5_wrfifo_inst/inst_fifo_gen/gconvfifo.rf/grf.rf/gntv_or_sync_fifo.gcx.clkx/gnxpm_cdc.gsync_stage[1].wr_stg_inst/Q[3]
    SLICE_X10Y168        FDCE                                         r  dbg_hub/inst/BSCANID.u_xsdbm_id/CORE_XSDB.UUT_MASTER/U_ICON_INTERFACE/U_CMD6_WR/U_WR_FIFO/SUBCORE_FIFO.xsdbm_v3_0_5_wrfifo_inst/inst_fifo_gen/gconvfifo.rf/grf.rf/gntv_or_sync_fifo.gcx.clkx/gnxpm_cdc.gsync_stage[1].wr_stg_inst/Q_reg_reg[3]/D
  -------------------------------------------------------------------    -------------------

                         (clock dbg_hub/inst/BSCANID.u_xsdbm_id/SWITCH_N_EXT_BSCAN.bscan_inst/SERIES7_BSCAN.bscan_inst/INTERNAL_TCK rise edge)
                                                      0.000     0.000 r  
    CONFIG_SITE_X0Y0     BSCANE2                      0.000     0.000 r  dbg_hub/inst/BSCANID.u_xsdbm_id/SWITCH_N_EXT_BSCAN.bscan_inst/SERIES7_BSCAN.bscan_inst/INTERNAL_TCK
    CONFIG_SITE_X0Y0     BSCANE2 (Prop_BSCAN1_CONFIG_SITE_INTERNAL_TCK_TCK)
                                                      0.465     0.465 r  dbg_hub/inst/BSCANID.u_xsdbm_id/SWITCH_N_EXT_BSCAN.bscan_inst/SERIES7_BSCAN.bscan_inst/TCK
                         net (fo=1, routed)           1.608     2.073    dbg_hub/inst/BSCANID.u_xsdbm_id/tck_bs
    BUFGCE_X0Y23         BUFGCE (Prop_BUFCE_BUFGCE_I_O)
                                                      0.039     2.112 r  dbg_hub/inst/BSCANID.u_xsdbm_id/SWITCH_N_EXT_BSCAN.u_bufg_icon_tck/O
    X1Y2 (CLOCK_ROOT)    net (fo=486, routed)         2.199     4.311    dbg_hub/inst/BSCANID.u_xsdbm_id/CORE_XSDB.UUT_MASTER/U_ICON_INTERFACE/U_CMD6_WR/U_WR_FIFO/SUBCORE_FIFO.xsdbm_v3_0_5_wrfifo_inst/inst_fifo_gen/gconvfifo.rf/grf.rf/gntv_or_sync_fifo.gcx.clkx/gnxpm_cdc.gsync_stage[1].wr_stg_inst/wr_clk
    SLICE_X10Y168        FDCE                                         r  dbg_hub/inst/BSCANID.u_xsdbm_id/CORE_XSDB.UUT_MASTER/U_ICON_INTERFACE/U_CMD6_WR/U_WR_FIFO/SUBCORE_FIFO.xsdbm_v3_0_5_wrfifo_inst/inst_fifo_gen/gconvfifo.rf/grf.rf/gntv_or_sync_fifo.gcx.clkx/gnxpm_cdc.gsync_stage[1].wr_stg_inst/Q_reg_reg[3]/C
                         clock pessimism              0.000     4.311    
    SLICE_X10Y168        FDCE (Setup_GFF2_SLICEM_C_D)
                                                      0.046     4.357    dbg_hub/inst/BSCANID.u_xsdbm_id/CORE_XSDB.UUT_MASTER/U_ICON_INTERFACE/U_CMD6_WR/U_WR_FIFO/SUBCORE_FIFO.xsdbm_v3_0_5_wrfifo_inst/inst_fifo_gen/gconvfifo.rf/grf.rf/gntv_or_sync_fifo.gcx.clkx/gnxpm_cdc.gsync_stage[1].wr_stg_inst/Q_reg_reg[3]
  -------------------------------------------------------------------
                         data arrival                           5.984    
                         clock arrival                          4.357    
  -------------------------------------------------------------------
                         relative delay                         1.627    

Reference path:
    Location             Delay type                Incr(ns)  Path(ns)    Netlist Resource(s)
  -------------------------------------------------------------------    -------------------
                         (clock clk_out1_video_pipe_hw_clk_wiz_1_0_1 rise edge)
                                                      0.000     0.000 r  
    BUFG_PS_X0Y81        BUFG_PS                      0.000     0.000 r  video_pipe_hw_i/zynq_ultra_ps_e_0/inst/buffer_pl_clk_0.PL_CLK_0_BUFG/O
                         net (fo=9208, routed)        2.119     2.119    video_pipe_hw_i/clk_wiz_1/inst/clk_in1
    MMCM_X0Y3            MMCME4_ADV (Prop_MMCM_CLKIN1_CLKOUT0)
                                                      0.739     2.858 r  video_pipe_hw_i/clk_wiz_1/inst/mmcme4_adv_inst/CLKOUT0
                         net (fo=1, routed)           0.306     3.164    video_pipe_hw_i/clk_wiz_1/inst/clk_out1_video_pipe_hw_clk_wiz_1_0
    BUFGCE_X0Y80         BUFGCE (Prop_BUFCE_BUFGCE_I_O)
                                                      0.039     3.203 r  video_pipe_hw_i/clk_wiz_1/inst/clkout1_buf/O
    X0Y1 (CLOCK_ROOT)    net (fo=6771, routed)        2.660     5.863    dbg_hub/inst/BSCANID.u_xsdbm_id/CORE_XSDB.UUT_MASTER/U_ICON_INTERFACE/U_CMD6_WR/U_WR_FIFO/SUBCORE_FIFO.xsdbm_v3_0_5_wrfifo_inst/inst_fifo_gen/gconvfifo.rf/grf.rf/gntv_or_sync_fifo.gcx.clkx/rd_clk
    SLICE_X9Y168         FDCE                                         r  dbg_hub/inst/BSCANID.u_xsdbm_id/CORE_XSDB.UUT_MASTER/U_ICON_INTERFACE/U_CMD6_WR/U_WR_FIFO/SUBCORE_FIFO.xsdbm_v3_0_5_wrfifo_inst/inst_fifo_gen/gconvfifo.rf/grf.rf/gntv_or_sync_fifo.gcx.clkx/gnxpm_cdc.rd_pntr_gc_reg[2]/C
  -------------------------------------------------------------------    -------------------
    SLICE_X9Y168         FDCE (Prop_HFF2_SLICEL_C_Q)
                                                      0.113     5.976 r  dbg_hub/inst/BSCANID.u_xsdbm_id/CORE_XSDB.UUT_MASTER/U_ICON_INTERFACE/U_CMD6_WR/U_WR_FIFO/SUBCORE_FIFO.xsdbm_v3_0_5_wrfifo_inst/inst_fifo_gen/gconvfifo.rf/grf.rf/gntv_or_sync_fifo.gcx.clkx/gnxpm_cdc.rd_pntr_gc_reg[2]/Q
                         net (fo=1, routed)           0.096     6.072    dbg_hub/inst/BSCANID.u_xsdbm_id/CORE_XSDB.UUT_MASTER/U_ICON_INTERFACE/U_CMD6_WR/U_WR_FIFO/SUBCORE_FIFO.xsdbm_v3_0_5_wrfifo_inst/inst_fifo_gen/gconvfifo.rf/grf.rf/gntv_or_sync_fifo.gcx.clkx/gnxpm_cdc.gsync_stage[1].wr_stg_inst/Q[2]
    SLICE_X9Y167         FDCE                                         r  dbg_hub/inst/BSCANID.u_xsdbm_id/CORE_XSDB.UUT_MASTER/U_ICON_INTERFACE/U_CMD6_WR/U_WR_FIFO/SUBCORE_FIFO.xsdbm_v3_0_5_wrfifo_inst/inst_fifo_gen/gconvfifo.rf/grf.rf/gntv_or_sync_fifo.gcx.clkx/gnxpm_cdc.gsync_stage[1].wr_stg_inst/Q_reg_reg[2]/D
  -------------------------------------------------------------------    -------------------

                         (clock dbg_hub/inst/BSCANID.u_xsdbm_id/SWITCH_N_EXT_BSCAN.bscan_inst/SERIES7_BSCAN.bscan_inst/INTERNAL_TCK rise edge)
                                                      0.000     0.000 r  
    CONFIG_SITE_X0Y0     BSCANE2                      0.000     0.000 r  dbg_hub/inst/BSCANID.u_xsdbm_id/SWITCH_N_EXT_BSCAN.bscan_inst/SERIES7_BSCAN.bscan_inst/INTERNAL_TCK
    CONFIG_SITE_X0Y0     BSCANE2 (Prop_BSCAN1_CONFIG_SITE_INTERNAL_TCK_TCK)
                                                      4.800     4.800 r  dbg_hub/inst/BSCANID.u_xsdbm_id/SWITCH_N_EXT_BSCAN.bscan_inst/SERIES7_BSCAN.bscan_inst/TCK
                         net (fo=1, routed)           2.368     7.168    dbg_hub/inst/BSCANID.u_xsdbm_id/tck_bs
    BUFGCE_X0Y23         BUFGCE (Prop_BUFCE_BUFGCE_I_O)
                                                      0.044     7.212 r  dbg_hub/inst/BSCANID.u_xsdbm_id/SWITCH_N_EXT_BSCAN.u_bufg_icon_tck/O
    X1Y2 (CLOCK_ROOT)    net (fo=486, routed)         2.459     9.671    dbg_hub/inst/BSCANID.u_xsdbm_id/CORE_XSDB.UUT_MASTER/U_ICON_INTERFACE/U_CMD6_WR/U_WR_FIFO/SUBCORE_FIFO.xsdbm_v3_0_5_wrfifo_inst/inst_fifo_gen/gconvfifo.rf/grf.rf/gntv_or_sync_fifo.gcx.clkx/gnxpm_cdc.gsync_stage[1].wr_stg_inst/wr_clk
    SLICE_X9Y167         FDCE                                         r  dbg_hub/inst/BSCANID.u_xsdbm_id/CORE_XSDB.UUT_MASTER/U_ICON_INTERFACE/U_CMD6_WR/U_WR_FIFO/SUBCORE_FIFO.xsdbm_v3_0_5_wrfifo_inst/inst_fifo_gen/gconvfifo.rf/grf.rf/gntv_or_sync_fifo.gcx.clkx/gnxpm_cdc.gsync_stage[1].wr_stg_inst/Q_reg_reg[2]/C
                         clock pessimism              0.000     9.671    
    SLICE_X9Y167         FDCE (Hold_CFF2_SLICEL_C_D)
                                                      0.103     9.774    dbg_hub/inst/BSCANID.u_xsdbm_id/CORE_XSDB.UUT_MASTER/U_ICON_INTERFACE/U_CMD6_WR/U_WR_FIFO/SUBCORE_FIFO.xsdbm_v3_0_5_wrfifo_inst/inst_fifo_gen/gconvfifo.rf/grf.rf/gntv_or_sync_fifo.gcx.clkx/gnxpm_cdc.gsync_stage[1].wr_stg_inst/Q_reg_reg[2]
  -------------------------------------------------------------------
                         data arrival                           6.072    
                         clock arrival                          9.774    
  -------------------------------------------------------------------
                         relative delay                        -3.702    



Id: 8
set_bus_skew -from [get_cells [list {dbg_hub/inst/BSCANID.u_xsdbm_id/CORE_XSDB.UUT_MASTER/U_ICON_INTERFACE/U_CMD6_WR/U_WR_FIFO/SUBCORE_FIFO.xsdbm_v3_0_5_wrfifo_inst/inst_fifo_gen/gconvfifo.rf/grf.rf/gntv_or_sync_fifo.gcx.clkx/gnxpm_cdc.wr_pntr_gc_reg[0]} {dbg_hub/inst/BSCANID.u_xsdbm_id/CORE_XSDB.UUT_MASTER/U_ICON_INTERFACE/U_CMD6_WR/U_WR_FIFO/SUBCORE_FIFO.xsdbm_v3_0_5_wrfifo_inst/inst_fifo_gen/gconvfifo.rf/grf.rf/gntv_or_sync_fifo.gcx.clkx/gnxpm_cdc.wr_pntr_gc_reg[1]} {dbg_hub/inst/BSCANID.u_xsdbm_id/CORE_XSDB.UUT_MASTER/U_ICON_INTERFACE/U_CMD6_WR/U_WR_FIFO/SUBCORE_FIFO.xsdbm_v3_0_5_wrfifo_inst/inst_fifo_gen/gconvfifo.rf/grf.rf/gntv_or_sync_fifo.gcx.clkx/gnxpm_cdc.wr_pntr_gc_reg[2]} {dbg_hub/inst/BSCANID.u_xsdbm_id/CORE_XSDB.UUT_MASTER/U_ICON_INTERFACE/U_CMD6_WR/U_WR_FIFO/SUBCORE_FIFO.xsdbm_v3_0_5_wrfifo_inst/inst_fifo_gen/gconvfifo.rf/grf.rf/gntv_or_sync_fifo.gcx.clkx/gnxpm_cdc.wr_pntr_gc_reg[3]}]] -to [get_cells [list {dbg_hub/inst/BSCANID.u_xsdbm_id/CORE_XSDB.UUT_MASTER/U_ICON_INTERFACE/U_CMD6_WR/U_WR_FIFO/SUBCORE_FIFO.xsdbm_v3_0_5_wrfifo_inst/inst_fifo_gen/gconvfifo.rf/grf.rf/gntv_or_sync_fifo.gcx.clkx/gnxpm_cdc.gsync_stage[1].rd_stg_inst/Q_reg_reg[0]} {dbg_hub/inst/BSCANID.u_xsdbm_id/CORE_XSDB.UUT_MASTER/U_ICON_INTERFACE/U_CMD6_WR/U_WR_FIFO/SUBCORE_FIFO.xsdbm_v3_0_5_wrfifo_inst/inst_fifo_gen/gconvfifo.rf/grf.rf/gntv_or_sync_fifo.gcx.clkx/gnxpm_cdc.gsync_stage[1].rd_stg_inst/Q_reg_reg[1]} {dbg_hub/inst/BSCANID.u_xsdbm_id/CORE_XSDB.UUT_MASTER/U_ICON_INTERFACE/U_CMD6_WR/U_WR_FIFO/SUBCORE_FIFO.xsdbm_v3_0_5_wrfifo_inst/inst_fifo_gen/gconvfifo.rf/grf.rf/gntv_or_sync_fifo.gcx.clkx/gnxpm_cdc.gsync_stage[1].rd_stg_inst/Q_reg_reg[2]} {dbg_hub/inst/BSCANID.u_xsdbm_id/CORE_XSDB.UUT_MASTER/U_ICON_INTERFACE/U_CMD6_WR/U_WR_FIFO/SUBCORE_FIFO.xsdbm_v3_0_5_wrfifo_inst/inst_fifo_gen/gconvfifo.rf/grf.rf/gntv_or_sync_fifo.gcx.clkx/gnxpm_cdc.gsync_stage[1].rd_stg_inst/Q_reg_reg[3]}]] 6.734
Requirement: 6.734ns
Endpoints: 4

From Clock            To Clock              Endpoint Pin                    Reference Pin                   Corner  Actual(ns)  Slack(ns)
--------------------  --------------------  ------------------------------  ------------------------------  ------  ----------  ---------
dbg_hub/inst/BSCANID.u_xsdbm_id/SWITCH_N_EXT_BSCAN.bscan_inst/SERIES7_BSCAN.bscan_inst/INTERNAL_TCK
                      clk_out1_video_pipe_hw_clk_wiz_1_0_1
                                            dbg_hub/inst/BSCANID.u_xsdbm_id/CORE_XSDB.UUT_MASTER/U_ICON_INTERFACE/U_CMD6_WR/U_WR_FIFO/SUBCORE_FIFO.xsdbm_v3_0_5_wrfifo_inst/inst_fifo_gen/gconvfifo.rf/grf.rf/gntv_or_sync_fifo.gcx.clkx/gnxpm_cdc.gsync_stage[1].rd_stg_inst/Q_reg_reg[2]/D
                                                                            dbg_hub/inst/BSCANID.u_xsdbm_id/CORE_XSDB.UUT_MASTER/U_ICON_INTERFACE/U_CMD6_WR/U_WR_FIFO/SUBCORE_FIFO.xsdbm_v3_0_5_wrfifo_inst/inst_fifo_gen/gconvfifo.rf/grf.rf/gntv_or_sync_fifo.gcx.clkx/gnxpm_cdc.gsync_stage[1].rd_stg_inst/Q_reg_reg[0]/D
                                                                                                            Slow         0.573      6.161


Slack (MET) :             6.161ns  (requirement - actual skew)
  Endpoint Source:        dbg_hub/inst/BSCANID.u_xsdbm_id/CORE_XSDB.UUT_MASTER/U_ICON_INTERFACE/U_CMD6_WR/U_WR_FIFO/SUBCORE_FIFO.xsdbm_v3_0_5_wrfifo_inst/inst_fifo_gen/gconvfifo.rf/grf.rf/gntv_or_sync_fifo.gcx.clkx/gnxpm_cdc.wr_pntr_gc_reg[2]/C
                            (rising edge-triggered cell FDCE clocked by dbg_hub/inst/BSCANID.u_xsdbm_id/SWITCH_N_EXT_BSCAN.bscan_inst/SERIES7_BSCAN.bscan_inst/INTERNAL_TCK)
  Endpoint Destination:   dbg_hub/inst/BSCANID.u_xsdbm_id/CORE_XSDB.UUT_MASTER/U_ICON_INTERFACE/U_CMD6_WR/U_WR_FIFO/SUBCORE_FIFO.xsdbm_v3_0_5_wrfifo_inst/inst_fifo_gen/gconvfifo.rf/grf.rf/gntv_or_sync_fifo.gcx.clkx/gnxpm_cdc.gsync_stage[1].rd_stg_inst/Q_reg_reg[2]/D
                            (rising edge-triggered cell FDCE clocked by clk_out1_video_pipe_hw_clk_wiz_1_0_1)
  Reference Source:       dbg_hub/inst/BSCANID.u_xsdbm_id/CORE_XSDB.UUT_MASTER/U_ICON_INTERFACE/U_CMD6_WR/U_WR_FIFO/SUBCORE_FIFO.xsdbm_v3_0_5_wrfifo_inst/inst_fifo_gen/gconvfifo.rf/grf.rf/gntv_or_sync_fifo.gcx.clkx/gnxpm_cdc.wr_pntr_gc_reg[0]/C
                            (rising edge-triggered cell FDCE clocked by dbg_hub/inst/BSCANID.u_xsdbm_id/SWITCH_N_EXT_BSCAN.bscan_inst/SERIES7_BSCAN.bscan_inst/INTERNAL_TCK)
  Reference Destination:  dbg_hub/inst/BSCANID.u_xsdbm_id/CORE_XSDB.UUT_MASTER/U_ICON_INTERFACE/U_CMD6_WR/U_WR_FIFO/SUBCORE_FIFO.xsdbm_v3_0_5_wrfifo_inst/inst_fifo_gen/gconvfifo.rf/grf.rf/gntv_or_sync_fifo.gcx.clkx/gnxpm_cdc.gsync_stage[1].rd_stg_inst/Q_reg_reg[0]/D
                            (rising edge-triggered cell FDCE clocked by clk_out1_video_pipe_hw_clk_wiz_1_0_1)
  Path Type:              Bus Skew (Max at Slow Process Corner)
  Requirement:            6.734ns
  Endpoint Relative Delay:    4.397ns
  Reference Relative Delay:  -1.129ns
  Relative CRPR:              4.953ns
  Actual Bus Skew:            0.573ns  (Endpoint Relative Delay - Reference Relative Delay - Relative CRPR)

Endpoint path:
    Location             Delay type                Incr(ns)  Path(ns)    Netlist Resource(s)
  -------------------------------------------------------------------    -------------------
                         (clock dbg_hub/inst/BSCANID.u_xsdbm_id/SWITCH_N_EXT_BSCAN.bscan_inst/SERIES7_BSCAN.bscan_inst/INTERNAL_TCK rise edge)
                                                      0.000     0.000 r  
    CONFIG_SITE_X0Y0     BSCANE2                      0.000     0.000 r  dbg_hub/inst/BSCANID.u_xsdbm_id/SWITCH_N_EXT_BSCAN.bscan_inst/SERIES7_BSCAN.bscan_inst/INTERNAL_TCK
    CONFIG_SITE_X0Y0     BSCANE2 (Prop_BSCAN1_CONFIG_SITE_INTERNAL_TCK_TCK)
                                                      4.800     4.800 r  dbg_hub/inst/BSCANID.u_xsdbm_id/SWITCH_N_EXT_BSCAN.bscan_inst/SERIES7_BSCAN.bscan_inst/TCK
                         net (fo=1, routed)           2.368     7.168    dbg_hub/inst/BSCANID.u_xsdbm_id/tck_bs
    BUFGCE_X0Y23         BUFGCE (Prop_BUFCE_BUFGCE_I_O)
                                                      0.044     7.212 r  dbg_hub/inst/BSCANID.u_xsdbm_id/SWITCH_N_EXT_BSCAN.u_bufg_icon_tck/O
    X1Y2 (CLOCK_ROOT)    net (fo=486, routed)         2.424     9.636    dbg_hub/inst/BSCANID.u_xsdbm_id/CORE_XSDB.UUT_MASTER/U_ICON_INTERFACE/U_CMD6_WR/U_WR_FIFO/SUBCORE_FIFO.xsdbm_v3_0_5_wrfifo_inst/inst_fifo_gen/gconvfifo.rf/grf.rf/gntv_or_sync_fifo.gcx.clkx/wr_clk
    SLICE_X10Y168        FDCE                                         r  dbg_hub/inst/BSCANID.u_xsdbm_id/CORE_XSDB.UUT_MASTER/U_ICON_INTERFACE/U_CMD6_WR/U_WR_FIFO/SUBCORE_FIFO.xsdbm_v3_0_5_wrfifo_inst/inst_fifo_gen/gconvfifo.rf/grf.rf/gntv_or_sync_fifo.gcx.clkx/gnxpm_cdc.wr_pntr_gc_reg[2]/C
  -------------------------------------------------------------------    -------------------
    SLICE_X10Y168        FDCE (Prop_GFF_SLICEM_C_Q)
                                                      0.116     9.752 r  dbg_hub/inst/BSCANID.u_xsdbm_id/CORE_XSDB.UUT_MASTER/U_ICON_INTERFACE/U_CMD6_WR/U_WR_FIFO/SUBCORE_FIFO.xsdbm_v3_0_5_wrfifo_inst/inst_fifo_gen/gconvfifo.rf/grf.rf/gntv_or_sync_fifo.gcx.clkx/gnxpm_cdc.wr_pntr_gc_reg[2]/Q
                         net (fo=1, routed)           0.553    10.305    dbg_hub/inst/BSCANID.u_xsdbm_id/CORE_XSDB.UUT_MASTER/U_ICON_INTERFACE/U_CMD6_WR/U_WR_FIFO/SUBCORE_FIFO.xsdbm_v3_0_5_wrfifo_inst/inst_fifo_gen/gconvfifo.rf/grf.rf/gntv_or_sync_fifo.gcx.clkx/gnxpm_cdc.gsync_stage[1].rd_stg_inst/Q[2]
    SLICE_X10Y168        FDCE                                         r  dbg_hub/inst/BSCANID.u_xsdbm_id/CORE_XSDB.UUT_MASTER/U_ICON_INTERFACE/U_CMD6_WR/U_WR_FIFO/SUBCORE_FIFO.xsdbm_v3_0_5_wrfifo_inst/inst_fifo_gen/gconvfifo.rf/grf.rf/gntv_or_sync_fifo.gcx.clkx/gnxpm_cdc.gsync_stage[1].rd_stg_inst/Q_reg_reg[2]/D
  -------------------------------------------------------------------    -------------------

                         (clock clk_out1_video_pipe_hw_clk_wiz_1_0_1 rise edge)
                                                      0.000     0.000 r  
    BUFG_PS_X0Y81        BUFG_PS                      0.000     0.000 r  video_pipe_hw_i/zynq_ultra_ps_e_0/inst/buffer_pl_clk_0.PL_CLK_0_BUFG/O
                         net (fo=9208, routed)        2.119     2.119    video_pipe_hw_i/clk_wiz_1/inst/clk_in1
    MMCM_X0Y3            MMCME4_ADV (Prop_MMCM_CLKIN1_CLKOUT0)
                                                      0.739     2.858 r  video_pipe_hw_i/clk_wiz_1/inst/mmcme4_adv_inst/CLKOUT0
                         net (fo=1, routed)           0.306     3.164    video_pipe_hw_i/clk_wiz_1/inst/clk_out1_video_pipe_hw_clk_wiz_1_0
    BUFGCE_X0Y80         BUFGCE (Prop_BUFCE_BUFGCE_I_O)
                                                      0.039     3.203 r  video_pipe_hw_i/clk_wiz_1/inst/clkout1_buf/O
    X0Y1 (CLOCK_ROOT)    net (fo=6771, routed)        2.660     5.863    dbg_hub/inst/BSCANID.u_xsdbm_id/CORE_XSDB.UUT_MASTER/U_ICON_INTERFACE/U_CMD6_WR/U_WR_FIFO/SUBCORE_FIFO.xsdbm_v3_0_5_wrfifo_inst/inst_fifo_gen/gconvfifo.rf/grf.rf/gntv_or_sync_fifo.gcx.clkx/gnxpm_cdc.gsync_stage[1].rd_stg_inst/rd_clk
    SLICE_X10Y168        FDCE                                         r  dbg_hub/inst/BSCANID.u_xsdbm_id/CORE_XSDB.UUT_MASTER/U_ICON_INTERFACE/U_CMD6_WR/U_WR_FIFO/SUBCORE_FIFO.xsdbm_v3_0_5_wrfifo_inst/inst_fifo_gen/gconvfifo.rf/grf.rf/gntv_or_sync_fifo.gcx.clkx/gnxpm_cdc.gsync_stage[1].rd_stg_inst/Q_reg_reg[2]/C
                         clock pessimism              0.000     5.863    
    SLICE_X10Y168        FDCE (Setup_DFF2_SLICEM_C_D)
                                                      0.045     5.908    dbg_hub/inst/BSCANID.u_xsdbm_id/CORE_XSDB.UUT_MASTER/U_ICON_INTERFACE/U_CMD6_WR/U_WR_FIFO/SUBCORE_FIFO.xsdbm_v3_0_5_wrfifo_inst/inst_fifo_gen/gconvfifo.rf/grf.rf/gntv_or_sync_fifo.gcx.clkx/gnxpm_cdc.gsync_stage[1].rd_stg_inst/Q_reg_reg[2]
  -------------------------------------------------------------------
                         data arrival                          10.305    
                         clock arrival                          5.908    
  -------------------------------------------------------------------
                         relative delay                         4.397    

Reference path:
    Location             Delay type                Incr(ns)  Path(ns)    Netlist Resource(s)
  -------------------------------------------------------------------    -------------------
                         (clock dbg_hub/inst/BSCANID.u_xsdbm_id/SWITCH_N_EXT_BSCAN.bscan_inst/SERIES7_BSCAN.bscan_inst/INTERNAL_TCK rise edge)
                                                      0.000     0.000 r  
    CONFIG_SITE_X0Y0     BSCANE2                      0.000     0.000 r  dbg_hub/inst/BSCANID.u_xsdbm_id/SWITCH_N_EXT_BSCAN.bscan_inst/SERIES7_BSCAN.bscan_inst/INTERNAL_TCK
    CONFIG_SITE_X0Y0     BSCANE2 (Prop_BSCAN1_CONFIG_SITE_INTERNAL_TCK_TCK)
                                                      0.465     0.465 r  dbg_hub/inst/BSCANID.u_xsdbm_id/SWITCH_N_EXT_BSCAN.bscan_inst/SERIES7_BSCAN.bscan_inst/TCK
                         net (fo=1, routed)           1.608     2.073    dbg_hub/inst/BSCANID.u_xsdbm_id/tck_bs
    BUFGCE_X0Y23         BUFGCE (Prop_BUFCE_BUFGCE_I_O)
                                                      0.039     2.112 r  dbg_hub/inst/BSCANID.u_xsdbm_id/SWITCH_N_EXT_BSCAN.u_bufg_icon_tck/O
    X1Y2 (CLOCK_ROOT)    net (fo=486, routed)         2.199     4.311    dbg_hub/inst/BSCANID.u_xsdbm_id/CORE_XSDB.UUT_MASTER/U_ICON_INTERFACE/U_CMD6_WR/U_WR_FIFO/SUBCORE_FIFO.xsdbm_v3_0_5_wrfifo_inst/inst_fifo_gen/gconvfifo.rf/grf.rf/gntv_or_sync_fifo.gcx.clkx/wr_clk
    SLICE_X10Y168        FDCE                                         r  dbg_hub/inst/BSCANID.u_xsdbm_id/CORE_XSDB.UUT_MASTER/U_ICON_INTERFACE/U_CMD6_WR/U_WR_FIFO/SUBCORE_FIFO.xsdbm_v3_0_5_wrfifo_inst/inst_fifo_gen/gconvfifo.rf/grf.rf/gntv_or_sync_fifo.gcx.clkx/gnxpm_cdc.wr_pntr_gc_reg[0]/C
  -------------------------------------------------------------------    -------------------
    SLICE_X10Y168        FDCE (Prop_HFF_SLICEM_C_Q)
                                                      0.112     4.423 r  dbg_hub/inst/BSCANID.u_xsdbm_id/CORE_XSDB.UUT_MASTER/U_ICON_INTERFACE/U_CMD6_WR/U_WR_FIFO/SUBCORE_FIFO.xsdbm_v3_0_5_wrfifo_inst/inst_fifo_gen/gconvfifo.rf/grf.rf/gntv_or_sync_fifo.gcx.clkx/gnxpm_cdc.wr_pntr_gc_reg[0]/Q
                         net (fo=1, routed)           0.101     4.524    dbg_hub/inst/BSCANID.u_xsdbm_id/CORE_XSDB.UUT_MASTER/U_ICON_INTERFACE/U_CMD6_WR/U_WR_FIFO/SUBCORE_FIFO.xsdbm_v3_0_5_wrfifo_inst/inst_fifo_gen/gconvfifo.rf/grf.rf/gntv_or_sync_fifo.gcx.clkx/gnxpm_cdc.gsync_stage[1].rd_stg_inst/Q[0]
    SLICE_X10Y169        FDCE                                         r  dbg_hub/inst/BSCANID.u_xsdbm_id/CORE_XSDB.UUT_MASTER/U_ICON_INTERFACE/U_CMD6_WR/U_WR_FIFO/SUBCORE_FIFO.xsdbm_v3_0_5_wrfifo_inst/inst_fifo_gen/gconvfifo.rf/grf.rf/gntv_or_sync_fifo.gcx.clkx/gnxpm_cdc.gsync_stage[1].rd_stg_inst/Q_reg_reg[0]/D
  -------------------------------------------------------------------    -------------------

                         (clock clk_out1_video_pipe_hw_clk_wiz_1_0_1 rise edge)
                                                      0.000     0.000 r  
    BUFG_PS_X0Y81        BUFG_PS                      0.000     0.000 r  video_pipe_hw_i/zynq_ultra_ps_e_0/inst/buffer_pl_clk_0.PL_CLK_0_BUFG/O
                         net (fo=9208, routed)        2.319     2.319    video_pipe_hw_i/clk_wiz_1/inst/clk_in1
    MMCM_X0Y3            MMCME4_ADV (Prop_MMCM_CLKIN1_CLKOUT0)
                                                     -0.103     2.216 r  video_pipe_hw_i/clk_wiz_1/inst/mmcme4_adv_inst/CLKOUT0
                         net (fo=1, routed)           0.347     2.563    video_pipe_hw_i/clk_wiz_1/inst/clk_out1_video_pipe_hw_clk_wiz_1_0
    BUFGCE_X0Y80         BUFGCE (Prop_BUFCE_BUFGCE_I_O)
                                                      0.044     2.607 r  video_pipe_hw_i/clk_wiz_1/inst/clkout1_buf/O
    X0Y1 (CLOCK_ROOT)    net (fo=6771, routed)        2.944     5.551    dbg_hub/inst/BSCANID.u_xsdbm_id/CORE_XSDB.UUT_MASTER/U_ICON_INTERFACE/U_CMD6_WR/U_WR_FIFO/SUBCORE_FIFO.xsdbm_v3_0_5_wrfifo_inst/inst_fifo_gen/gconvfifo.rf/grf.rf/gntv_or_sync_fifo.gcx.clkx/gnxpm_cdc.gsync_stage[1].rd_stg_inst/rd_clk
    SLICE_X10Y169        FDCE                                         r  dbg_hub/inst/BSCANID.u_xsdbm_id/CORE_XSDB.UUT_MASTER/U_ICON_INTERFACE/U_CMD6_WR/U_WR_FIFO/SUBCORE_FIFO.xsdbm_v3_0_5_wrfifo_inst/inst_fifo_gen/gconvfifo.rf/grf.rf/gntv_or_sync_fifo.gcx.clkx/gnxpm_cdc.gsync_stage[1].rd_stg_inst/Q_reg_reg[0]/C
                         clock pessimism              0.000     5.551    
    SLICE_X10Y169        FDCE (Hold_GFF2_SLICEM_C_D)
                                                      0.102     5.653    dbg_hub/inst/BSCANID.u_xsdbm_id/CORE_XSDB.UUT_MASTER/U_ICON_INTERFACE/U_CMD6_WR/U_WR_FIFO/SUBCORE_FIFO.xsdbm_v3_0_5_wrfifo_inst/inst_fifo_gen/gconvfifo.rf/grf.rf/gntv_or_sync_fifo.gcx.clkx/gnxpm_cdc.gsync_stage[1].rd_stg_inst/Q_reg_reg[0]
  -------------------------------------------------------------------
                         data arrival                           4.524    
                         clock arrival                          5.653    
  -------------------------------------------------------------------
                         relative delay                        -1.129    



