

================================================================
== Vitis HLS Report for 'hscale_polyphase'
================================================================
* Date:           Wed Dec 20 19:01:19 2023

* Version:        2023.2 (Build 4023990 on Oct 11 2023)
* Project:        prj
* Solution:       sol (Vivado IP Flow Target)
* Product family: zynq
* Target device:  xc7z020-clg484-1


================================================================
== Performance Estimates
================================================================
+ Timing: 
    * Summary: 
    +--------+---------+----------+------------+
    |  Clock |  Target | Estimated| Uncertainty|
    +--------+---------+----------+------------+
    |ap_clk  |  7.00 ns|  4.200 ns|     1.89 ns|
    +--------+---------+----------+------------+

+ Latency: 
    * Summary: 
    +---------+---------+-----------+-----------+-----+-----+---------+
    |  Latency (cycles) |   Latency (absolute)  |  Interval | Pipeline|
    |   min   |   max   |    min    |    max    | min | max |   Type  |
    +---------+---------+-----------+-----------+-----+-----+---------+
    |       10|       10|  70.000 ns|  70.000 ns|    1|    1|      yes|
    +---------+---------+-----------+-----------+-----+-----+---------+

    + Detail: 
        * Instance: 
        N/A

        * Loop: 
        N/A

============================================================
+ Verbose Summary: Synthesis Manager
============================================================
InlineROM: 1
ExposeGlobal: 0
============================================================
+ Verbose Summary: CDFG Model
============================================================
IsTopModel: 0
ResetActiveHigh: 1
IsCombinational: 0
IsDatapathOnly: 0
HasWiredReturn: 1
HasMFsm: 2
HasVarLatency: 0
IsPipeline: 1
IsRtlPipelined: 1
IsInstanceOverlapped: 0
IsDontTouch: 0
HasImplIP: 0
IsGatedGlobalClock: 0

+ Individual pipeline summary: 
  * Pipeline-0: initiation interval (II) = 1, depth = 11


============================================================
+ Verbose Summary: Schedule
============================================================
* Number of FSM states : 11
* Pipeline : 1
  Pipeline-0 : II = 1, D = 11, States = { 1 2 3 4 5 6 7 8 9 10 11 }
* Dataflow Pipeline: 0

* FSM state transitions: 
1 --> 2 
2 --> 3 
3 --> 4 
4 --> 5 
5 --> 6 
6 --> 7 
7 --> 8 
8 --> 9 
9 --> 10 
10 --> 11 
11 --> 

* FSM state operations: 

State 1 <SV = 0> <Delay = 3.39>
ST_1 : Operation 12 [1/1] (0.00ns)   --->   "%ArrayIdx_val_read = read i2 @_ssdm_op_Read.ap_auto.i2, i2 %ArrayIdx_val" [G:/Project-Workspace/zynq-7020-video-pipe-3/hw/video-pipe-hw-v3/hw_011223.runs/bd_8126_hsc_0_synth_1/prj/sol/.autopilot/db/v_hscaler.cpp:990]   --->   Operation 12 'read' 'ArrayIdx_val_read' <Predicate = true> <Delay = 0.00>
ST_1 : Operation 13 [1/1] (0.00ns)   --->   "%PhasesH_0_0_val_read = read i6 @_ssdm_op_Read.ap_auto.i6, i6 %PhasesH_0_0_val" [G:/Project-Workspace/zynq-7020-video-pipe-3/hw/video-pipe-hw-v3/hw_011223.runs/bd_8126_hsc_0_synth_1/prj/sol/.autopilot/db/v_hscaler.cpp:990]   --->   Operation 13 'read' 'PhasesH_0_0_val_read' <Predicate = true> <Delay = 0.00>
ST_1 : Operation 14 [1/1] (0.00ns)   --->   "%PixArray_7_2_val_read = read i8 @_ssdm_op_Read.ap_auto.i8, i8 %PixArray_7_2_val" [G:/Project-Workspace/zynq-7020-video-pipe-3/hw/video-pipe-hw-v3/hw_011223.runs/bd_8126_hsc_0_synth_1/prj/sol/.autopilot/db/v_hscaler.cpp:990]   --->   Operation 14 'read' 'PixArray_7_2_val_read' <Predicate = true> <Delay = 0.00>
ST_1 : Operation 15 [1/1] (0.00ns)   --->   "%PixArray_7_1_val_read = read i8 @_ssdm_op_Read.ap_auto.i8, i8 %PixArray_7_1_val" [G:/Project-Workspace/zynq-7020-video-pipe-3/hw/video-pipe-hw-v3/hw_011223.runs/bd_8126_hsc_0_synth_1/prj/sol/.autopilot/db/v_hscaler.cpp:990]   --->   Operation 15 'read' 'PixArray_7_1_val_read' <Predicate = true> <Delay = 0.00>
ST_1 : Operation 16 [1/1] (0.00ns)   --->   "%PixArray_7_0_val_read = read i8 @_ssdm_op_Read.ap_auto.i8, i8 %PixArray_7_0_val" [G:/Project-Workspace/zynq-7020-video-pipe-3/hw/video-pipe-hw-v3/hw_011223.runs/bd_8126_hsc_0_synth_1/prj/sol/.autopilot/db/v_hscaler.cpp:990]   --->   Operation 16 'read' 'PixArray_7_0_val_read' <Predicate = true> <Delay = 0.00>
ST_1 : Operation 17 [1/1] (0.00ns)   --->   "%PixArray_6_2_val_read = read i8 @_ssdm_op_Read.ap_auto.i8, i8 %PixArray_6_2_val" [G:/Project-Workspace/zynq-7020-video-pipe-3/hw/video-pipe-hw-v3/hw_011223.runs/bd_8126_hsc_0_synth_1/prj/sol/.autopilot/db/v_hscaler.cpp:990]   --->   Operation 17 'read' 'PixArray_6_2_val_read' <Predicate = true> <Delay = 0.00>
ST_1 : Operation 18 [1/1] (0.00ns)   --->   "%PixArray_6_1_val_read = read i8 @_ssdm_op_Read.ap_auto.i8, i8 %PixArray_6_1_val" [G:/Project-Workspace/zynq-7020-video-pipe-3/hw/video-pipe-hw-v3/hw_011223.runs/bd_8126_hsc_0_synth_1/prj/sol/.autopilot/db/v_hscaler.cpp:990]   --->   Operation 18 'read' 'PixArray_6_1_val_read' <Predicate = true> <Delay = 0.00>
ST_1 : Operation 19 [1/1] (0.00ns)   --->   "%PixArray_6_0_val_read = read i8 @_ssdm_op_Read.ap_auto.i8, i8 %PixArray_6_0_val" [G:/Project-Workspace/zynq-7020-video-pipe-3/hw/video-pipe-hw-v3/hw_011223.runs/bd_8126_hsc_0_synth_1/prj/sol/.autopilot/db/v_hscaler.cpp:990]   --->   Operation 19 'read' 'PixArray_6_0_val_read' <Predicate = true> <Delay = 0.00>
ST_1 : Operation 20 [1/1] (0.00ns)   --->   "%PixArray_5_2_val_read = read i8 @_ssdm_op_Read.ap_auto.i8, i8 %PixArray_5_2_val" [G:/Project-Workspace/zynq-7020-video-pipe-3/hw/video-pipe-hw-v3/hw_011223.runs/bd_8126_hsc_0_synth_1/prj/sol/.autopilot/db/v_hscaler.cpp:990]   --->   Operation 20 'read' 'PixArray_5_2_val_read' <Predicate = true> <Delay = 0.00>
ST_1 : Operation 21 [1/1] (0.00ns)   --->   "%PixArray_5_1_val_read = read i8 @_ssdm_op_Read.ap_auto.i8, i8 %PixArray_5_1_val" [G:/Project-Workspace/zynq-7020-video-pipe-3/hw/video-pipe-hw-v3/hw_011223.runs/bd_8126_hsc_0_synth_1/prj/sol/.autopilot/db/v_hscaler.cpp:990]   --->   Operation 21 'read' 'PixArray_5_1_val_read' <Predicate = true> <Delay = 0.00>
ST_1 : Operation 22 [1/1] (0.00ns)   --->   "%PixArray_5_0_val_read = read i8 @_ssdm_op_Read.ap_auto.i8, i8 %PixArray_5_0_val" [G:/Project-Workspace/zynq-7020-video-pipe-3/hw/video-pipe-hw-v3/hw_011223.runs/bd_8126_hsc_0_synth_1/prj/sol/.autopilot/db/v_hscaler.cpp:990]   --->   Operation 22 'read' 'PixArray_5_0_val_read' <Predicate = true> <Delay = 0.00>
ST_1 : Operation 23 [1/1] (0.00ns)   --->   "%PixArray_4_2_val_read = read i8 @_ssdm_op_Read.ap_auto.i8, i8 %PixArray_4_2_val" [G:/Project-Workspace/zynq-7020-video-pipe-3/hw/video-pipe-hw-v3/hw_011223.runs/bd_8126_hsc_0_synth_1/prj/sol/.autopilot/db/v_hscaler.cpp:990]   --->   Operation 23 'read' 'PixArray_4_2_val_read' <Predicate = true> <Delay = 0.00>
ST_1 : Operation 24 [1/1] (0.00ns)   --->   "%PixArray_4_1_val_read = read i8 @_ssdm_op_Read.ap_auto.i8, i8 %PixArray_4_1_val" [G:/Project-Workspace/zynq-7020-video-pipe-3/hw/video-pipe-hw-v3/hw_011223.runs/bd_8126_hsc_0_synth_1/prj/sol/.autopilot/db/v_hscaler.cpp:990]   --->   Operation 24 'read' 'PixArray_4_1_val_read' <Predicate = true> <Delay = 0.00>
ST_1 : Operation 25 [1/1] (0.00ns)   --->   "%PixArray_4_0_val_read = read i8 @_ssdm_op_Read.ap_auto.i8, i8 %PixArray_4_0_val" [G:/Project-Workspace/zynq-7020-video-pipe-3/hw/video-pipe-hw-v3/hw_011223.runs/bd_8126_hsc_0_synth_1/prj/sol/.autopilot/db/v_hscaler.cpp:990]   --->   Operation 25 'read' 'PixArray_4_0_val_read' <Predicate = true> <Delay = 0.00>
ST_1 : Operation 26 [1/1] (0.00ns)   --->   "%PixArray_3_2_val_read = read i8 @_ssdm_op_Read.ap_auto.i8, i8 %PixArray_3_2_val" [G:/Project-Workspace/zynq-7020-video-pipe-3/hw/video-pipe-hw-v3/hw_011223.runs/bd_8126_hsc_0_synth_1/prj/sol/.autopilot/db/v_hscaler.cpp:990]   --->   Operation 26 'read' 'PixArray_3_2_val_read' <Predicate = true> <Delay = 0.00>
ST_1 : Operation 27 [1/1] (0.00ns)   --->   "%PixArray_3_1_val_read = read i8 @_ssdm_op_Read.ap_auto.i8, i8 %PixArray_3_1_val" [G:/Project-Workspace/zynq-7020-video-pipe-3/hw/video-pipe-hw-v3/hw_011223.runs/bd_8126_hsc_0_synth_1/prj/sol/.autopilot/db/v_hscaler.cpp:990]   --->   Operation 27 'read' 'PixArray_3_1_val_read' <Predicate = true> <Delay = 0.00>
ST_1 : Operation 28 [1/1] (0.00ns)   --->   "%PixArray_3_0_val_read = read i8 @_ssdm_op_Read.ap_auto.i8, i8 %PixArray_3_0_val" [G:/Project-Workspace/zynq-7020-video-pipe-3/hw/video-pipe-hw-v3/hw_011223.runs/bd_8126_hsc_0_synth_1/prj/sol/.autopilot/db/v_hscaler.cpp:990]   --->   Operation 28 'read' 'PixArray_3_0_val_read' <Predicate = true> <Delay = 0.00>
ST_1 : Operation 29 [1/1] (0.00ns)   --->   "%PixArray_2_2_val_read = read i8 @_ssdm_op_Read.ap_auto.i8, i8 %PixArray_2_2_val" [G:/Project-Workspace/zynq-7020-video-pipe-3/hw/video-pipe-hw-v3/hw_011223.runs/bd_8126_hsc_0_synth_1/prj/sol/.autopilot/db/v_hscaler.cpp:990]   --->   Operation 29 'read' 'PixArray_2_2_val_read' <Predicate = true> <Delay = 0.00>
ST_1 : Operation 30 [1/1] (0.00ns)   --->   "%PixArray_2_1_val_read = read i8 @_ssdm_op_Read.ap_auto.i8, i8 %PixArray_2_1_val" [G:/Project-Workspace/zynq-7020-video-pipe-3/hw/video-pipe-hw-v3/hw_011223.runs/bd_8126_hsc_0_synth_1/prj/sol/.autopilot/db/v_hscaler.cpp:990]   --->   Operation 30 'read' 'PixArray_2_1_val_read' <Predicate = true> <Delay = 0.00>
ST_1 : Operation 31 [1/1] (0.00ns)   --->   "%PixArray_2_0_val_read = read i8 @_ssdm_op_Read.ap_auto.i8, i8 %PixArray_2_0_val" [G:/Project-Workspace/zynq-7020-video-pipe-3/hw/video-pipe-hw-v3/hw_011223.runs/bd_8126_hsc_0_synth_1/prj/sol/.autopilot/db/v_hscaler.cpp:990]   --->   Operation 31 'read' 'PixArray_2_0_val_read' <Predicate = true> <Delay = 0.00>
ST_1 : Operation 32 [1/1] (0.00ns)   --->   "%PixArray_1_2_val_read = read i8 @_ssdm_op_Read.ap_auto.i8, i8 %PixArray_1_2_val" [G:/Project-Workspace/zynq-7020-video-pipe-3/hw/video-pipe-hw-v3/hw_011223.runs/bd_8126_hsc_0_synth_1/prj/sol/.autopilot/db/v_hscaler.cpp:990]   --->   Operation 32 'read' 'PixArray_1_2_val_read' <Predicate = true> <Delay = 0.00>
ST_1 : Operation 33 [1/1] (0.00ns)   --->   "%PixArray_1_1_val_read = read i8 @_ssdm_op_Read.ap_auto.i8, i8 %PixArray_1_1_val" [G:/Project-Workspace/zynq-7020-video-pipe-3/hw/video-pipe-hw-v3/hw_011223.runs/bd_8126_hsc_0_synth_1/prj/sol/.autopilot/db/v_hscaler.cpp:990]   --->   Operation 33 'read' 'PixArray_1_1_val_read' <Predicate = true> <Delay = 0.00>
ST_1 : Operation 34 [1/1] (0.00ns)   --->   "%PixArray_1_0_val_read = read i8 @_ssdm_op_Read.ap_auto.i8, i8 %PixArray_1_0_val" [G:/Project-Workspace/zynq-7020-video-pipe-3/hw/video-pipe-hw-v3/hw_011223.runs/bd_8126_hsc_0_synth_1/prj/sol/.autopilot/db/v_hscaler.cpp:990]   --->   Operation 34 'read' 'PixArray_1_0_val_read' <Predicate = true> <Delay = 0.00>
ST_1 : Operation 35 [1/1] (0.00ns)   --->   "%PixArray_0_2_val_read = read i8 @_ssdm_op_Read.ap_auto.i8, i8 %PixArray_0_2_val" [G:/Project-Workspace/zynq-7020-video-pipe-3/hw/video-pipe-hw-v3/hw_011223.runs/bd_8126_hsc_0_synth_1/prj/sol/.autopilot/db/v_hscaler.cpp:990]   --->   Operation 35 'read' 'PixArray_0_2_val_read' <Predicate = true> <Delay = 0.00>
ST_1 : Operation 36 [1/1] (0.00ns)   --->   "%PixArray_0_1_val_read = read i8 @_ssdm_op_Read.ap_auto.i8, i8 %PixArray_0_1_val" [G:/Project-Workspace/zynq-7020-video-pipe-3/hw/video-pipe-hw-v3/hw_011223.runs/bd_8126_hsc_0_synth_1/prj/sol/.autopilot/db/v_hscaler.cpp:990]   --->   Operation 36 'read' 'PixArray_0_1_val_read' <Predicate = true> <Delay = 0.00>
ST_1 : Operation 37 [1/1] (0.00ns)   --->   "%PixArray_0_0_val_read = read i8 @_ssdm_op_Read.ap_auto.i8, i8 %PixArray_0_0_val" [G:/Project-Workspace/zynq-7020-video-pipe-3/hw/video-pipe-hw-v3/hw_011223.runs/bd_8126_hsc_0_synth_1/prj/sol/.autopilot/db/v_hscaler.cpp:990]   --->   Operation 37 'read' 'PixArray_0_0_val_read' <Predicate = true> <Delay = 0.00>
ST_1 : Operation 38 [1/1] (0.00ns)   --->   "%zext_ln991 = zext i2 %ArrayIdx_val_read" [G:/Project-Workspace/zynq-7020-video-pipe-3/hw/video-pipe-hw-v3/hw_011223.runs/bd_8126_hsc_0_synth_1/prj/sol/.autopilot/db/v_hscaler.cpp:991]   --->   Operation 38 'zext' 'zext_ln991' <Predicate = true> <Delay = 0.00>
ST_1 : Operation 39 [1/1] (0.00ns)   --->   "%idxprom8 = zext i6 %PhasesH_0_0_val_read" [G:/Project-Workspace/zynq-7020-video-pipe-3/hw/video-pipe-hw-v3/hw_011223.runs/bd_8126_hsc_0_synth_1/prj/sol/.autopilot/db/v_hscaler.cpp:990]   --->   Operation 39 'zext' 'idxprom8' <Predicate = true> <Delay = 0.00>
ST_1 : Operation 40 [1/1] (0.00ns)   --->   "%FiltCoeff_0_addr = getelementptr i16 %FiltCoeff_0, i64 0, i64 %idxprom8" [G:/Project-Workspace/zynq-7020-video-pipe-3/hw/video-pipe-hw-v3/hw_011223.runs/bd_8126_hsc_0_synth_1/prj/sol/.autopilot/db/v_hscaler.cpp:996]   --->   Operation 40 'getelementptr' 'FiltCoeff_0_addr' <Predicate = true> <Delay = 0.00>
ST_1 : Operation 41 [2/2] (2.32ns)   --->   "%FiltCoeff_0_load = load i6 %FiltCoeff_0_addr" [G:/Project-Workspace/zynq-7020-video-pipe-3/hw/video-pipe-hw-v3/hw_011223.runs/bd_8126_hsc_0_synth_1/prj/sol/.autopilot/db/v_hscaler.cpp:996]   --->   Operation 41 'load' 'FiltCoeff_0_load' <Predicate = true> <Delay = 2.32> <CoreInst = "RAM_1P_LUTRAM">   --->   Core 87 'RAM_1P_LUTRAM' <Latency = 1> <II = 1> <Delay = 2.32> <Storage> <Opcode : 'load' 'store'> <Ports = 1> <Width = 16> <Depth = 64> <RAM>
ST_1 : Operation 42 [1/1] (1.56ns)   --->   "%add_ln998 = add i3 %zext_ln991, i3 1" [G:/Project-Workspace/zynq-7020-video-pipe-3/hw/video-pipe-hw-v3/hw_011223.runs/bd_8126_hsc_0_synth_1/prj/sol/.autopilot/db/v_hscaler.cpp:998]   --->   Operation 42 'add' 'add_ln998' <Predicate = true> <Delay = 1.56> <CoreInst = "Adder">   --->   Core 1 'Adder' <Latency = 0> <II = 1> <Delay = 1.56> <FuncUnit> <Opcode : 'add' 'sub'> <InPorts = 2> <OutPorts = 1>
ST_1 : Operation 43 [1/1] (1.82ns)   --->   "%tmp = sparsemux i8 @_ssdm_op_SparseMux.ap_auto.4i8.i8.i3, i3 1, i8 %PixArray_1_0_val_read, i3 2, i8 %PixArray_2_0_val_read, i3 3, i8 %PixArray_3_0_val_read, i3 4, i8 %PixArray_4_0_val_read, i8 0, i3 %add_ln998" [G:/Project-Workspace/zynq-7020-video-pipe-3/hw/video-pipe-hw-v3/hw_011223.runs/bd_8126_hsc_0_synth_1/prj/sol/.autopilot/db/v_hscaler.cpp:1010]   --->   Operation 43 'sparsemux' 'tmp' <Predicate = true> <Delay = 1.82> <CoreInst = "SparseMux">   --->   Core 135 'SparseMux' <Latency = 0> <II = 1> <Delay = 1.82> <FuncUnit> <Opcode : 'sparsemux'> <InPorts = 2> <OutPorts = 1>
ST_1 : Operation 44 [1/1] (1.82ns)   --->   "%tmp_s = sparsemux i8 @_ssdm_op_SparseMux.ap_auto.4i8.i8.i3, i3 1, i8 %PixArray_2_0_val_read, i3 2, i8 %PixArray_3_0_val_read, i3 3, i8 %PixArray_4_0_val_read, i3 4, i8 %PixArray_5_0_val_read, i8 0, i3 %add_ln998" [G:/Project-Workspace/zynq-7020-video-pipe-3/hw/video-pipe-hw-v3/hw_011223.runs/bd_8126_hsc_0_synth_1/prj/sol/.autopilot/db/v_hscaler.cpp:1010]   --->   Operation 44 'sparsemux' 'tmp_s' <Predicate = true> <Delay = 1.82> <CoreInst = "SparseMux">   --->   Core 135 'SparseMux' <Latency = 0> <II = 1> <Delay = 1.82> <FuncUnit> <Opcode : 'sparsemux'> <InPorts = 2> <OutPorts = 1>
ST_1 : Operation 45 [1/1] (1.82ns)   --->   "%tmp_9 = sparsemux i8 @_ssdm_op_SparseMux.ap_auto.4i8.i8.i3, i3 1, i8 %PixArray_3_0_val_read, i3 2, i8 %PixArray_4_0_val_read, i3 3, i8 %PixArray_5_0_val_read, i3 4, i8 %PixArray_6_0_val_read, i8 0, i3 %add_ln998" [G:/Project-Workspace/zynq-7020-video-pipe-3/hw/video-pipe-hw-v3/hw_011223.runs/bd_8126_hsc_0_synth_1/prj/sol/.autopilot/db/v_hscaler.cpp:1010]   --->   Operation 45 'sparsemux' 'tmp_9' <Predicate = true> <Delay = 1.82> <CoreInst = "SparseMux">   --->   Core 135 'SparseMux' <Latency = 0> <II = 1> <Delay = 1.82> <FuncUnit> <Opcode : 'sparsemux'> <InPorts = 2> <OutPorts = 1>
ST_1 : Operation 46 [1/1] (1.82ns)   --->   "%tmp_1 = sparsemux i8 @_ssdm_op_SparseMux.ap_auto.4i8.i8.i3, i3 1, i8 %PixArray_4_0_val_read, i3 2, i8 %PixArray_5_0_val_read, i3 3, i8 %PixArray_6_0_val_read, i3 4, i8 %PixArray_7_0_val_read, i8 0, i3 %add_ln998" [G:/Project-Workspace/zynq-7020-video-pipe-3/hw/video-pipe-hw-v3/hw_011223.runs/bd_8126_hsc_0_synth_1/prj/sol/.autopilot/db/v_hscaler.cpp:1010]   --->   Operation 46 'sparsemux' 'tmp_1' <Predicate = true> <Delay = 1.82> <CoreInst = "SparseMux">   --->   Core 135 'SparseMux' <Latency = 0> <II = 1> <Delay = 1.82> <FuncUnit> <Opcode : 'sparsemux'> <InPorts = 2> <OutPorts = 1>
ST_1 : Operation 47 [1/1] (1.82ns)   --->   "%tmp_2 = sparsemux i8 @_ssdm_op_SparseMux.ap_auto.4i8.i8.i3, i3 4, i8 %PixArray_0_0_val_read, i3 1, i8 %PixArray_5_0_val_read, i3 2, i8 %PixArray_6_0_val_read, i3 3, i8 %PixArray_7_0_val_read, i8 0, i3 %add_ln998" [G:/Project-Workspace/zynq-7020-video-pipe-3/hw/video-pipe-hw-v3/hw_011223.runs/bd_8126_hsc_0_synth_1/prj/sol/.autopilot/db/v_hscaler.cpp:1010]   --->   Operation 47 'sparsemux' 'tmp_2' <Predicate = true> <Delay = 1.82> <CoreInst = "SparseMux">   --->   Core 135 'SparseMux' <Latency = 0> <II = 1> <Delay = 1.82> <FuncUnit> <Opcode : 'sparsemux'> <InPorts = 2> <OutPorts = 1>
ST_1 : Operation 48 [1/1] (1.82ns)   --->   "%tmp_3 = sparsemux i8 @_ssdm_op_SparseMux.ap_auto.4i8.i8.i3, i3 3, i8 %PixArray_0_0_val_read, i3 4, i8 %PixArray_1_0_val_read, i3 1, i8 %PixArray_6_0_val_read, i3 2, i8 %PixArray_7_0_val_read, i8 0, i3 %add_ln998" [G:/Project-Workspace/zynq-7020-video-pipe-3/hw/video-pipe-hw-v3/hw_011223.runs/bd_8126_hsc_0_synth_1/prj/sol/.autopilot/db/v_hscaler.cpp:1010]   --->   Operation 48 'sparsemux' 'tmp_3' <Predicate = true> <Delay = 1.82> <CoreInst = "SparseMux">   --->   Core 135 'SparseMux' <Latency = 0> <II = 1> <Delay = 1.82> <FuncUnit> <Opcode : 'sparsemux'> <InPorts = 2> <OutPorts = 1>
ST_1 : Operation 49 [1/1] (1.82ns)   --->   "%tmp_4 = sparsemux i8 @_ssdm_op_SparseMux.ap_auto.4i8.i8.i3, i3 1, i8 %PixArray_1_1_val_read, i3 2, i8 %PixArray_2_1_val_read, i3 3, i8 %PixArray_3_1_val_read, i3 4, i8 %PixArray_4_1_val_read, i8 0, i3 %add_ln998" [G:/Project-Workspace/zynq-7020-video-pipe-3/hw/video-pipe-hw-v3/hw_011223.runs/bd_8126_hsc_0_synth_1/prj/sol/.autopilot/db/v_hscaler.cpp:1010]   --->   Operation 49 'sparsemux' 'tmp_4' <Predicate = true> <Delay = 1.82> <CoreInst = "SparseMux">   --->   Core 135 'SparseMux' <Latency = 0> <II = 1> <Delay = 1.82> <FuncUnit> <Opcode : 'sparsemux'> <InPorts = 2> <OutPorts = 1>
ST_1 : Operation 50 [1/1] (1.82ns)   --->   "%tmp_5 = sparsemux i8 @_ssdm_op_SparseMux.ap_auto.4i8.i8.i3, i3 1, i8 %PixArray_2_1_val_read, i3 2, i8 %PixArray_3_1_val_read, i3 3, i8 %PixArray_4_1_val_read, i3 4, i8 %PixArray_5_1_val_read, i8 0, i3 %add_ln998" [G:/Project-Workspace/zynq-7020-video-pipe-3/hw/video-pipe-hw-v3/hw_011223.runs/bd_8126_hsc_0_synth_1/prj/sol/.autopilot/db/v_hscaler.cpp:1010]   --->   Operation 50 'sparsemux' 'tmp_5' <Predicate = true> <Delay = 1.82> <CoreInst = "SparseMux">   --->   Core 135 'SparseMux' <Latency = 0> <II = 1> <Delay = 1.82> <FuncUnit> <Opcode : 'sparsemux'> <InPorts = 2> <OutPorts = 1>
ST_1 : Operation 51 [1/1] (1.82ns)   --->   "%tmp_6 = sparsemux i8 @_ssdm_op_SparseMux.ap_auto.4i8.i8.i3, i3 1, i8 %PixArray_3_1_val_read, i3 2, i8 %PixArray_4_1_val_read, i3 3, i8 %PixArray_5_1_val_read, i3 4, i8 %PixArray_6_1_val_read, i8 0, i3 %add_ln998" [G:/Project-Workspace/zynq-7020-video-pipe-3/hw/video-pipe-hw-v3/hw_011223.runs/bd_8126_hsc_0_synth_1/prj/sol/.autopilot/db/v_hscaler.cpp:1010]   --->   Operation 51 'sparsemux' 'tmp_6' <Predicate = true> <Delay = 1.82> <CoreInst = "SparseMux">   --->   Core 135 'SparseMux' <Latency = 0> <II = 1> <Delay = 1.82> <FuncUnit> <Opcode : 'sparsemux'> <InPorts = 2> <OutPorts = 1>
ST_1 : Operation 52 [1/1] (1.82ns)   --->   "%tmp_7 = sparsemux i8 @_ssdm_op_SparseMux.ap_auto.4i8.i8.i3, i3 1, i8 %PixArray_4_1_val_read, i3 2, i8 %PixArray_5_1_val_read, i3 3, i8 %PixArray_6_1_val_read, i3 4, i8 %PixArray_7_1_val_read, i8 0, i3 %add_ln998" [G:/Project-Workspace/zynq-7020-video-pipe-3/hw/video-pipe-hw-v3/hw_011223.runs/bd_8126_hsc_0_synth_1/prj/sol/.autopilot/db/v_hscaler.cpp:1010]   --->   Operation 52 'sparsemux' 'tmp_7' <Predicate = true> <Delay = 1.82> <CoreInst = "SparseMux">   --->   Core 135 'SparseMux' <Latency = 0> <II = 1> <Delay = 1.82> <FuncUnit> <Opcode : 'sparsemux'> <InPorts = 2> <OutPorts = 1>
ST_1 : Operation 53 [1/1] (1.82ns)   --->   "%tmp_8 = sparsemux i8 @_ssdm_op_SparseMux.ap_auto.4i8.i8.i3, i3 4, i8 %PixArray_0_1_val_read, i3 1, i8 %PixArray_5_1_val_read, i3 2, i8 %PixArray_6_1_val_read, i3 3, i8 %PixArray_7_1_val_read, i8 0, i3 %add_ln998" [G:/Project-Workspace/zynq-7020-video-pipe-3/hw/video-pipe-hw-v3/hw_011223.runs/bd_8126_hsc_0_synth_1/prj/sol/.autopilot/db/v_hscaler.cpp:1010]   --->   Operation 53 'sparsemux' 'tmp_8' <Predicate = true> <Delay = 1.82> <CoreInst = "SparseMux">   --->   Core 135 'SparseMux' <Latency = 0> <II = 1> <Delay = 1.82> <FuncUnit> <Opcode : 'sparsemux'> <InPorts = 2> <OutPorts = 1>
ST_1 : Operation 54 [1/1] (1.82ns)   --->   "%tmp_10 = sparsemux i8 @_ssdm_op_SparseMux.ap_auto.4i8.i8.i3, i3 3, i8 %PixArray_0_1_val_read, i3 4, i8 %PixArray_1_1_val_read, i3 1, i8 %PixArray_6_1_val_read, i3 2, i8 %PixArray_7_1_val_read, i8 0, i3 %add_ln998" [G:/Project-Workspace/zynq-7020-video-pipe-3/hw/video-pipe-hw-v3/hw_011223.runs/bd_8126_hsc_0_synth_1/prj/sol/.autopilot/db/v_hscaler.cpp:1010]   --->   Operation 54 'sparsemux' 'tmp_10' <Predicate = true> <Delay = 1.82> <CoreInst = "SparseMux">   --->   Core 135 'SparseMux' <Latency = 0> <II = 1> <Delay = 1.82> <FuncUnit> <Opcode : 'sparsemux'> <InPorts = 2> <OutPorts = 1>
ST_1 : Operation 55 [1/1] (1.82ns)   --->   "%tmp_11 = sparsemux i8 @_ssdm_op_SparseMux.ap_auto.4i8.i8.i3, i3 1, i8 %PixArray_1_2_val_read, i3 2, i8 %PixArray_2_2_val_read, i3 3, i8 %PixArray_3_2_val_read, i3 4, i8 %PixArray_4_2_val_read, i8 0, i3 %add_ln998" [G:/Project-Workspace/zynq-7020-video-pipe-3/hw/video-pipe-hw-v3/hw_011223.runs/bd_8126_hsc_0_synth_1/prj/sol/.autopilot/db/v_hscaler.cpp:1010]   --->   Operation 55 'sparsemux' 'tmp_11' <Predicate = true> <Delay = 1.82> <CoreInst = "SparseMux">   --->   Core 135 'SparseMux' <Latency = 0> <II = 1> <Delay = 1.82> <FuncUnit> <Opcode : 'sparsemux'> <InPorts = 2> <OutPorts = 1>
ST_1 : Operation 56 [1/1] (1.82ns)   --->   "%tmp_12 = sparsemux i8 @_ssdm_op_SparseMux.ap_auto.4i8.i8.i3, i3 1, i8 %PixArray_2_2_val_read, i3 2, i8 %PixArray_3_2_val_read, i3 3, i8 %PixArray_4_2_val_read, i3 4, i8 %PixArray_5_2_val_read, i8 0, i3 %add_ln998" [G:/Project-Workspace/zynq-7020-video-pipe-3/hw/video-pipe-hw-v3/hw_011223.runs/bd_8126_hsc_0_synth_1/prj/sol/.autopilot/db/v_hscaler.cpp:1010]   --->   Operation 56 'sparsemux' 'tmp_12' <Predicate = true> <Delay = 1.82> <CoreInst = "SparseMux">   --->   Core 135 'SparseMux' <Latency = 0> <II = 1> <Delay = 1.82> <FuncUnit> <Opcode : 'sparsemux'> <InPorts = 2> <OutPorts = 1>
ST_1 : Operation 57 [1/1] (1.82ns)   --->   "%tmp_13 = sparsemux i8 @_ssdm_op_SparseMux.ap_auto.4i8.i8.i3, i3 1, i8 %PixArray_3_2_val_read, i3 2, i8 %PixArray_4_2_val_read, i3 3, i8 %PixArray_5_2_val_read, i3 4, i8 %PixArray_6_2_val_read, i8 0, i3 %add_ln998" [G:/Project-Workspace/zynq-7020-video-pipe-3/hw/video-pipe-hw-v3/hw_011223.runs/bd_8126_hsc_0_synth_1/prj/sol/.autopilot/db/v_hscaler.cpp:1010]   --->   Operation 57 'sparsemux' 'tmp_13' <Predicate = true> <Delay = 1.82> <CoreInst = "SparseMux">   --->   Core 135 'SparseMux' <Latency = 0> <II = 1> <Delay = 1.82> <FuncUnit> <Opcode : 'sparsemux'> <InPorts = 2> <OutPorts = 1>
ST_1 : Operation 58 [1/1] (1.82ns)   --->   "%tmp_14 = sparsemux i8 @_ssdm_op_SparseMux.ap_auto.4i8.i8.i3, i3 1, i8 %PixArray_4_2_val_read, i3 2, i8 %PixArray_5_2_val_read, i3 3, i8 %PixArray_6_2_val_read, i3 4, i8 %PixArray_7_2_val_read, i8 0, i3 %add_ln998" [G:/Project-Workspace/zynq-7020-video-pipe-3/hw/video-pipe-hw-v3/hw_011223.runs/bd_8126_hsc_0_synth_1/prj/sol/.autopilot/db/v_hscaler.cpp:1010]   --->   Operation 58 'sparsemux' 'tmp_14' <Predicate = true> <Delay = 1.82> <CoreInst = "SparseMux">   --->   Core 135 'SparseMux' <Latency = 0> <II = 1> <Delay = 1.82> <FuncUnit> <Opcode : 'sparsemux'> <InPorts = 2> <OutPorts = 1>
ST_1 : Operation 59 [1/1] (1.82ns)   --->   "%tmp_15 = sparsemux i8 @_ssdm_op_SparseMux.ap_auto.4i8.i8.i3, i3 4, i8 %PixArray_0_2_val_read, i3 1, i8 %PixArray_5_2_val_read, i3 2, i8 %PixArray_6_2_val_read, i3 3, i8 %PixArray_7_2_val_read, i8 0, i3 %add_ln998" [G:/Project-Workspace/zynq-7020-video-pipe-3/hw/video-pipe-hw-v3/hw_011223.runs/bd_8126_hsc_0_synth_1/prj/sol/.autopilot/db/v_hscaler.cpp:1010]   --->   Operation 59 'sparsemux' 'tmp_15' <Predicate = true> <Delay = 1.82> <CoreInst = "SparseMux">   --->   Core 135 'SparseMux' <Latency = 0> <II = 1> <Delay = 1.82> <FuncUnit> <Opcode : 'sparsemux'> <InPorts = 2> <OutPorts = 1>
ST_1 : Operation 60 [1/1] (1.82ns)   --->   "%tmp_16 = sparsemux i8 @_ssdm_op_SparseMux.ap_auto.4i8.i8.i3, i3 3, i8 %PixArray_0_2_val_read, i3 4, i8 %PixArray_1_2_val_read, i3 1, i8 %PixArray_6_2_val_read, i3 2, i8 %PixArray_7_2_val_read, i8 0, i3 %add_ln998" [G:/Project-Workspace/zynq-7020-video-pipe-3/hw/video-pipe-hw-v3/hw_011223.runs/bd_8126_hsc_0_synth_1/prj/sol/.autopilot/db/v_hscaler.cpp:1010]   --->   Operation 60 'sparsemux' 'tmp_16' <Predicate = true> <Delay = 1.82> <CoreInst = "SparseMux">   --->   Core 135 'SparseMux' <Latency = 0> <II = 1> <Delay = 1.82> <FuncUnit> <Opcode : 'sparsemux'> <InPorts = 2> <OutPorts = 1>

State 2 <SV = 1> <Delay = 3.37>
ST_2 : Operation 61 [1/1] (0.00ns)   --->   "%FiltCoeff_1_addr = getelementptr i16 %FiltCoeff_1, i64 0, i64 %idxprom8" [G:/Project-Workspace/zynq-7020-video-pipe-3/hw/video-pipe-hw-v3/hw_011223.runs/bd_8126_hsc_0_synth_1/prj/sol/.autopilot/db/v_hscaler.cpp:996]   --->   Operation 61 'getelementptr' 'FiltCoeff_1_addr' <Predicate = true> <Delay = 0.00>
ST_2 : Operation 62 [1/2] (2.32ns)   --->   "%FiltCoeff_0_load = load i6 %FiltCoeff_0_addr" [G:/Project-Workspace/zynq-7020-video-pipe-3/hw/video-pipe-hw-v3/hw_011223.runs/bd_8126_hsc_0_synth_1/prj/sol/.autopilot/db/v_hscaler.cpp:996]   --->   Operation 62 'load' 'FiltCoeff_0_load' <Predicate = true> <Delay = 2.32> <CoreInst = "RAM_1P_LUTRAM">   --->   Core 87 'RAM_1P_LUTRAM' <Latency = 1> <II = 1> <Delay = 2.32> <Storage> <Opcode : 'load' 'store'> <Ports = 1> <Width = 16> <Depth = 64> <RAM>
ST_2 : Operation 63 [2/2] (2.32ns)   --->   "%FiltCoeff_1_load = load i6 %FiltCoeff_1_addr" [G:/Project-Workspace/zynq-7020-video-pipe-3/hw/video-pipe-hw-v3/hw_011223.runs/bd_8126_hsc_0_synth_1/prj/sol/.autopilot/db/v_hscaler.cpp:996]   --->   Operation 63 'load' 'FiltCoeff_1_load' <Predicate = true> <Delay = 2.32> <CoreInst = "RAM_1P_LUTRAM">   --->   Core 87 'RAM_1P_LUTRAM' <Latency = 1> <II = 1> <Delay = 2.32> <Storage> <Opcode : 'load' 'store'> <Ports = 1> <Width = 16> <Depth = 64> <RAM>
ST_2 : Operation 64 [1/1] (0.00ns)   --->   "%zext_ln1010 = zext i8 %tmp" [G:/Project-Workspace/zynq-7020-video-pipe-3/hw/video-pipe-hw-v3/hw_011223.runs/bd_8126_hsc_0_synth_1/prj/sol/.autopilot/db/v_hscaler.cpp:1010]   --->   Operation 64 'zext' 'zext_ln1010' <Predicate = true> <Delay = 0.00>
ST_2 : Operation 65 [1/1] (0.00ns)   --->   "%sext_ln1010 = sext i16 %FiltCoeff_0_load" [G:/Project-Workspace/zynq-7020-video-pipe-3/hw/video-pipe-hw-v3/hw_011223.runs/bd_8126_hsc_0_synth_1/prj/sol/.autopilot/db/v_hscaler.cpp:1010]   --->   Operation 65 'sext' 'sext_ln1010' <Predicate = true> <Delay = 0.00>
ST_2 : Operation 66 [3/3] (1.05ns) (grouped into DSP with root node sum)   --->   "%mul_ln1010 = mul i24 %zext_ln1010, i24 %sext_ln1010" [G:/Project-Workspace/zynq-7020-video-pipe-3/hw/video-pipe-hw-v3/hw_011223.runs/bd_8126_hsc_0_synth_1/prj/sol/.autopilot/db/v_hscaler.cpp:1010]   --->   Operation 66 'mul' 'mul_ln1010' <Predicate = true> <Delay = 1.05> <CoreInst = "DSP48">   --->   Core 119 'DSP48' <Latency = 3> <II = 1> <Delay = 2.15> <IPBlock> <Opcode : '' 'add' 'sub' 'mul' 'select'> <InPorts = 0> <OutPorts = 1> <Sync> <CReg>
ST_2 : Operation 67 [1/1] (0.00ns)   --->   "%zext_ln1010_6 = zext i8 %tmp_4" [G:/Project-Workspace/zynq-7020-video-pipe-3/hw/video-pipe-hw-v3/hw_011223.runs/bd_8126_hsc_0_synth_1/prj/sol/.autopilot/db/v_hscaler.cpp:1010]   --->   Operation 67 'zext' 'zext_ln1010_6' <Predicate = true> <Delay = 0.00>
ST_2 : Operation 68 [3/3] (1.05ns) (grouped into DSP with root node sum_18)   --->   "%mul_ln1010_6 = mul i24 %zext_ln1010_6, i24 %sext_ln1010" [G:/Project-Workspace/zynq-7020-video-pipe-3/hw/video-pipe-hw-v3/hw_011223.runs/bd_8126_hsc_0_synth_1/prj/sol/.autopilot/db/v_hscaler.cpp:1010]   --->   Operation 68 'mul' 'mul_ln1010_6' <Predicate = true> <Delay = 1.05> <CoreInst = "DSP48">   --->   Core 119 'DSP48' <Latency = 3> <II = 1> <Delay = 2.15> <IPBlock> <Opcode : '' 'add' 'sub' 'mul' 'select'> <InPorts = 0> <OutPorts = 1> <Sync> <CReg>
ST_2 : Operation 69 [1/1] (0.00ns)   --->   "%zext_ln1010_12 = zext i8 %tmp_11" [G:/Project-Workspace/zynq-7020-video-pipe-3/hw/video-pipe-hw-v3/hw_011223.runs/bd_8126_hsc_0_synth_1/prj/sol/.autopilot/db/v_hscaler.cpp:1010]   --->   Operation 69 'zext' 'zext_ln1010_12' <Predicate = true> <Delay = 0.00>
ST_2 : Operation 70 [3/3] (1.05ns) (grouped into DSP with root node sum_24)   --->   "%mul_ln1010_12 = mul i24 %zext_ln1010_12, i24 %sext_ln1010" [G:/Project-Workspace/zynq-7020-video-pipe-3/hw/video-pipe-hw-v3/hw_011223.runs/bd_8126_hsc_0_synth_1/prj/sol/.autopilot/db/v_hscaler.cpp:1010]   --->   Operation 70 'mul' 'mul_ln1010_12' <Predicate = true> <Delay = 1.05> <CoreInst = "DSP48">   --->   Core 119 'DSP48' <Latency = 3> <II = 1> <Delay = 2.15> <IPBlock> <Opcode : '' 'add' 'sub' 'mul' 'select'> <InPorts = 0> <OutPorts = 1> <Sync> <CReg>

State 3 <SV = 2> <Delay = 3.37>
ST_3 : Operation 71 [1/1] (0.00ns)   --->   "%FiltCoeff_2_addr = getelementptr i16 %FiltCoeff_2, i64 0, i64 %idxprom8" [G:/Project-Workspace/zynq-7020-video-pipe-3/hw/video-pipe-hw-v3/hw_011223.runs/bd_8126_hsc_0_synth_1/prj/sol/.autopilot/db/v_hscaler.cpp:996]   --->   Operation 71 'getelementptr' 'FiltCoeff_2_addr' <Predicate = true> <Delay = 0.00>
ST_3 : Operation 72 [1/2] (2.32ns)   --->   "%FiltCoeff_1_load = load i6 %FiltCoeff_1_addr" [G:/Project-Workspace/zynq-7020-video-pipe-3/hw/video-pipe-hw-v3/hw_011223.runs/bd_8126_hsc_0_synth_1/prj/sol/.autopilot/db/v_hscaler.cpp:996]   --->   Operation 72 'load' 'FiltCoeff_1_load' <Predicate = true> <Delay = 2.32> <CoreInst = "RAM_1P_LUTRAM">   --->   Core 87 'RAM_1P_LUTRAM' <Latency = 1> <II = 1> <Delay = 2.32> <Storage> <Opcode : 'load' 'store'> <Ports = 1> <Width = 16> <Depth = 64> <RAM>
ST_3 : Operation 73 [2/2] (2.32ns)   --->   "%FiltCoeff_2_load = load i6 %FiltCoeff_2_addr" [G:/Project-Workspace/zynq-7020-video-pipe-3/hw/video-pipe-hw-v3/hw_011223.runs/bd_8126_hsc_0_synth_1/prj/sol/.autopilot/db/v_hscaler.cpp:996]   --->   Operation 73 'load' 'FiltCoeff_2_load' <Predicate = true> <Delay = 2.32> <CoreInst = "RAM_1P_LUTRAM">   --->   Core 87 'RAM_1P_LUTRAM' <Latency = 1> <II = 1> <Delay = 2.32> <Storage> <Opcode : 'load' 'store'> <Ports = 1> <Width = 16> <Depth = 64> <RAM>
ST_3 : Operation 74 [2/3] (1.05ns) (grouped into DSP with root node sum)   --->   "%mul_ln1010 = mul i24 %zext_ln1010, i24 %sext_ln1010" [G:/Project-Workspace/zynq-7020-video-pipe-3/hw/video-pipe-hw-v3/hw_011223.runs/bd_8126_hsc_0_synth_1/prj/sol/.autopilot/db/v_hscaler.cpp:1010]   --->   Operation 74 'mul' 'mul_ln1010' <Predicate = true> <Delay = 1.05> <CoreInst = "DSP48">   --->   Core 119 'DSP48' <Latency = 3> <II = 1> <Delay = 2.15> <IPBlock> <Opcode : '' 'add' 'sub' 'mul' 'select'> <InPorts = 0> <OutPorts = 1> <Sync> <CReg>
ST_3 : Operation 75 [1/1] (0.00ns)   --->   "%zext_ln1010_1 = zext i8 %tmp_s" [G:/Project-Workspace/zynq-7020-video-pipe-3/hw/video-pipe-hw-v3/hw_011223.runs/bd_8126_hsc_0_synth_1/prj/sol/.autopilot/db/v_hscaler.cpp:1010]   --->   Operation 75 'zext' 'zext_ln1010_1' <Predicate = true> <Delay = 0.00>
ST_3 : Operation 76 [1/1] (0.00ns)   --->   "%sext_ln1010_1 = sext i16 %FiltCoeff_1_load" [G:/Project-Workspace/zynq-7020-video-pipe-3/hw/video-pipe-hw-v3/hw_011223.runs/bd_8126_hsc_0_synth_1/prj/sol/.autopilot/db/v_hscaler.cpp:1010]   --->   Operation 76 'sext' 'sext_ln1010_1' <Predicate = true> <Delay = 0.00>
ST_3 : Operation 77 [3/3] (1.05ns) (grouped into DSP with root node sum_1)   --->   "%mul_ln1010_1 = mul i24 %zext_ln1010_1, i24 %sext_ln1010_1" [G:/Project-Workspace/zynq-7020-video-pipe-3/hw/video-pipe-hw-v3/hw_011223.runs/bd_8126_hsc_0_synth_1/prj/sol/.autopilot/db/v_hscaler.cpp:1010]   --->   Operation 77 'mul' 'mul_ln1010_1' <Predicate = true> <Delay = 1.05> <CoreInst = "DSP48">   --->   Core 119 'DSP48' <Latency = 3> <II = 1> <Delay = 2.15> <IPBlock> <Opcode : '' 'add' 'sub' 'mul' 'select'> <InPorts = 0> <OutPorts = 1> <Sync> <CReg>
ST_3 : Operation 78 [2/3] (1.05ns) (grouped into DSP with root node sum_18)   --->   "%mul_ln1010_6 = mul i24 %zext_ln1010_6, i24 %sext_ln1010" [G:/Project-Workspace/zynq-7020-video-pipe-3/hw/video-pipe-hw-v3/hw_011223.runs/bd_8126_hsc_0_synth_1/prj/sol/.autopilot/db/v_hscaler.cpp:1010]   --->   Operation 78 'mul' 'mul_ln1010_6' <Predicate = true> <Delay = 1.05> <CoreInst = "DSP48">   --->   Core 119 'DSP48' <Latency = 3> <II = 1> <Delay = 2.15> <IPBlock> <Opcode : '' 'add' 'sub' 'mul' 'select'> <InPorts = 0> <OutPorts = 1> <Sync> <CReg>
ST_3 : Operation 79 [1/1] (0.00ns)   --->   "%zext_ln1010_7 = zext i8 %tmp_5" [G:/Project-Workspace/zynq-7020-video-pipe-3/hw/video-pipe-hw-v3/hw_011223.runs/bd_8126_hsc_0_synth_1/prj/sol/.autopilot/db/v_hscaler.cpp:1010]   --->   Operation 79 'zext' 'zext_ln1010_7' <Predicate = true> <Delay = 0.00>
ST_3 : Operation 80 [3/3] (1.05ns) (grouped into DSP with root node sum_19)   --->   "%mul_ln1010_7 = mul i24 %zext_ln1010_7, i24 %sext_ln1010_1" [G:/Project-Workspace/zynq-7020-video-pipe-3/hw/video-pipe-hw-v3/hw_011223.runs/bd_8126_hsc_0_synth_1/prj/sol/.autopilot/db/v_hscaler.cpp:1010]   --->   Operation 80 'mul' 'mul_ln1010_7' <Predicate = true> <Delay = 1.05> <CoreInst = "DSP48">   --->   Core 119 'DSP48' <Latency = 3> <II = 1> <Delay = 2.15> <IPBlock> <Opcode : '' 'add' 'sub' 'mul' 'select'> <InPorts = 0> <OutPorts = 1> <Sync> <CReg>
ST_3 : Operation 81 [2/3] (1.05ns) (grouped into DSP with root node sum_24)   --->   "%mul_ln1010_12 = mul i24 %zext_ln1010_12, i24 %sext_ln1010" [G:/Project-Workspace/zynq-7020-video-pipe-3/hw/video-pipe-hw-v3/hw_011223.runs/bd_8126_hsc_0_synth_1/prj/sol/.autopilot/db/v_hscaler.cpp:1010]   --->   Operation 81 'mul' 'mul_ln1010_12' <Predicate = true> <Delay = 1.05> <CoreInst = "DSP48">   --->   Core 119 'DSP48' <Latency = 3> <II = 1> <Delay = 2.15> <IPBlock> <Opcode : '' 'add' 'sub' 'mul' 'select'> <InPorts = 0> <OutPorts = 1> <Sync> <CReg>
ST_3 : Operation 82 [1/1] (0.00ns)   --->   "%zext_ln1010_13 = zext i8 %tmp_12" [G:/Project-Workspace/zynq-7020-video-pipe-3/hw/video-pipe-hw-v3/hw_011223.runs/bd_8126_hsc_0_synth_1/prj/sol/.autopilot/db/v_hscaler.cpp:1010]   --->   Operation 82 'zext' 'zext_ln1010_13' <Predicate = true> <Delay = 0.00>
ST_3 : Operation 83 [3/3] (1.05ns) (grouped into DSP with root node sum_25)   --->   "%mul_ln1010_13 = mul i24 %zext_ln1010_13, i24 %sext_ln1010_1" [G:/Project-Workspace/zynq-7020-video-pipe-3/hw/video-pipe-hw-v3/hw_011223.runs/bd_8126_hsc_0_synth_1/prj/sol/.autopilot/db/v_hscaler.cpp:1010]   --->   Operation 83 'mul' 'mul_ln1010_13' <Predicate = true> <Delay = 1.05> <CoreInst = "DSP48">   --->   Core 119 'DSP48' <Latency = 3> <II = 1> <Delay = 2.15> <IPBlock> <Opcode : '' 'add' 'sub' 'mul' 'select'> <InPorts = 0> <OutPorts = 1> <Sync> <CReg>

State 4 <SV = 3> <Delay = 3.37>
ST_4 : Operation 84 [1/1] (0.00ns)   --->   "%FiltCoeff_3_addr = getelementptr i16 %FiltCoeff_3, i64 0, i64 %idxprom8" [G:/Project-Workspace/zynq-7020-video-pipe-3/hw/video-pipe-hw-v3/hw_011223.runs/bd_8126_hsc_0_synth_1/prj/sol/.autopilot/db/v_hscaler.cpp:996]   --->   Operation 84 'getelementptr' 'FiltCoeff_3_addr' <Predicate = true> <Delay = 0.00>
ST_4 : Operation 85 [1/2] (2.32ns)   --->   "%FiltCoeff_2_load = load i6 %FiltCoeff_2_addr" [G:/Project-Workspace/zynq-7020-video-pipe-3/hw/video-pipe-hw-v3/hw_011223.runs/bd_8126_hsc_0_synth_1/prj/sol/.autopilot/db/v_hscaler.cpp:996]   --->   Operation 85 'load' 'FiltCoeff_2_load' <Predicate = true> <Delay = 2.32> <CoreInst = "RAM_1P_LUTRAM">   --->   Core 87 'RAM_1P_LUTRAM' <Latency = 1> <II = 1> <Delay = 2.32> <Storage> <Opcode : 'load' 'store'> <Ports = 1> <Width = 16> <Depth = 64> <RAM>
ST_4 : Operation 86 [2/2] (2.32ns)   --->   "%FiltCoeff_3_load = load i6 %FiltCoeff_3_addr" [G:/Project-Workspace/zynq-7020-video-pipe-3/hw/video-pipe-hw-v3/hw_011223.runs/bd_8126_hsc_0_synth_1/prj/sol/.autopilot/db/v_hscaler.cpp:996]   --->   Operation 86 'load' 'FiltCoeff_3_load' <Predicate = true> <Delay = 2.32> <CoreInst = "RAM_1P_LUTRAM">   --->   Core 87 'RAM_1P_LUTRAM' <Latency = 1> <II = 1> <Delay = 2.32> <Storage> <Opcode : 'load' 'store'> <Ports = 1> <Width = 16> <Depth = 64> <RAM>
ST_4 : Operation 87 [1/3] (0.00ns) (grouped into DSP with root node sum)   --->   "%mul_ln1010 = mul i24 %zext_ln1010, i24 %sext_ln1010" [G:/Project-Workspace/zynq-7020-video-pipe-3/hw/video-pipe-hw-v3/hw_011223.runs/bd_8126_hsc_0_synth_1/prj/sol/.autopilot/db/v_hscaler.cpp:1010]   --->   Operation 87 'mul' 'mul_ln1010' <Predicate = true> <Delay = 0.00> <CoreInst = "DSP48">   --->   Core 119 'DSP48' <Latency = 3> <II = 1> <Delay = 2.15> <IPBlock> <Opcode : '' 'add' 'sub' 'mul' 'select'> <InPorts = 0> <OutPorts = 1> <Sync> <CReg>
ST_4 : Operation 88 [2/2] (2.10ns) (root node of the DSP)   --->   "%sum = add i24 %mul_ln1010, i24 2048" [G:/Project-Workspace/zynq-7020-video-pipe-3/hw/video-pipe-hw-v3/hw_011223.runs/bd_8126_hsc_0_synth_1/prj/sol/.autopilot/db/v_hscaler.cpp:1010]   --->   Operation 88 'add' 'sum' <Predicate = true> <Delay = 2.10> <CoreInst = "DSP48">   --->   Core 119 'DSP48' <Latency = 3> <II = 1> <Delay = 2.15> <IPBlock> <Opcode : '' 'add' 'sub' 'mul' 'select'> <InPorts = 0> <OutPorts = 1> <Sync> <CReg>
ST_4 : Operation 89 [2/3] (1.05ns) (grouped into DSP with root node sum_1)   --->   "%mul_ln1010_1 = mul i24 %zext_ln1010_1, i24 %sext_ln1010_1" [G:/Project-Workspace/zynq-7020-video-pipe-3/hw/video-pipe-hw-v3/hw_011223.runs/bd_8126_hsc_0_synth_1/prj/sol/.autopilot/db/v_hscaler.cpp:1010]   --->   Operation 89 'mul' 'mul_ln1010_1' <Predicate = true> <Delay = 1.05> <CoreInst = "DSP48">   --->   Core 119 'DSP48' <Latency = 3> <II = 1> <Delay = 2.15> <IPBlock> <Opcode : '' 'add' 'sub' 'mul' 'select'> <InPorts = 0> <OutPorts = 1> <Sync> <CReg>
ST_4 : Operation 90 [1/1] (0.00ns)   --->   "%zext_ln1010_2 = zext i8 %tmp_9" [G:/Project-Workspace/zynq-7020-video-pipe-3/hw/video-pipe-hw-v3/hw_011223.runs/bd_8126_hsc_0_synth_1/prj/sol/.autopilot/db/v_hscaler.cpp:1010]   --->   Operation 90 'zext' 'zext_ln1010_2' <Predicate = true> <Delay = 0.00>
ST_4 : Operation 91 [1/1] (0.00ns)   --->   "%sext_ln1010_3 = sext i16 %FiltCoeff_2_load" [G:/Project-Workspace/zynq-7020-video-pipe-3/hw/video-pipe-hw-v3/hw_011223.runs/bd_8126_hsc_0_synth_1/prj/sol/.autopilot/db/v_hscaler.cpp:1010]   --->   Operation 91 'sext' 'sext_ln1010_3' <Predicate = true> <Delay = 0.00>
ST_4 : Operation 92 [3/3] (1.05ns) (grouped into DSP with root node sum_2)   --->   "%mul_ln1010_2 = mul i24 %zext_ln1010_2, i24 %sext_ln1010_3" [G:/Project-Workspace/zynq-7020-video-pipe-3/hw/video-pipe-hw-v3/hw_011223.runs/bd_8126_hsc_0_synth_1/prj/sol/.autopilot/db/v_hscaler.cpp:1010]   --->   Operation 92 'mul' 'mul_ln1010_2' <Predicate = true> <Delay = 1.05> <CoreInst = "DSP48">   --->   Core 119 'DSP48' <Latency = 3> <II = 1> <Delay = 2.15> <IPBlock> <Opcode : '' 'add' 'sub' 'mul' 'select'> <InPorts = 0> <OutPorts = 1> <Sync> <CReg>
ST_4 : Operation 93 [1/3] (0.00ns) (grouped into DSP with root node sum_18)   --->   "%mul_ln1010_6 = mul i24 %zext_ln1010_6, i24 %sext_ln1010" [G:/Project-Workspace/zynq-7020-video-pipe-3/hw/video-pipe-hw-v3/hw_011223.runs/bd_8126_hsc_0_synth_1/prj/sol/.autopilot/db/v_hscaler.cpp:1010]   --->   Operation 93 'mul' 'mul_ln1010_6' <Predicate = true> <Delay = 0.00> <CoreInst = "DSP48">   --->   Core 119 'DSP48' <Latency = 3> <II = 1> <Delay = 2.15> <IPBlock> <Opcode : '' 'add' 'sub' 'mul' 'select'> <InPorts = 0> <OutPorts = 1> <Sync> <CReg>
ST_4 : Operation 94 [2/2] (2.10ns) (root node of the DSP)   --->   "%sum_18 = add i24 %mul_ln1010_6, i24 2048" [G:/Project-Workspace/zynq-7020-video-pipe-3/hw/video-pipe-hw-v3/hw_011223.runs/bd_8126_hsc_0_synth_1/prj/sol/.autopilot/db/v_hscaler.cpp:1010]   --->   Operation 94 'add' 'sum_18' <Predicate = true> <Delay = 2.10> <CoreInst = "DSP48">   --->   Core 119 'DSP48' <Latency = 3> <II = 1> <Delay = 2.15> <IPBlock> <Opcode : '' 'add' 'sub' 'mul' 'select'> <InPorts = 0> <OutPorts = 1> <Sync> <CReg>
ST_4 : Operation 95 [2/3] (1.05ns) (grouped into DSP with root node sum_19)   --->   "%mul_ln1010_7 = mul i24 %zext_ln1010_7, i24 %sext_ln1010_1" [G:/Project-Workspace/zynq-7020-video-pipe-3/hw/video-pipe-hw-v3/hw_011223.runs/bd_8126_hsc_0_synth_1/prj/sol/.autopilot/db/v_hscaler.cpp:1010]   --->   Operation 95 'mul' 'mul_ln1010_7' <Predicate = true> <Delay = 1.05> <CoreInst = "DSP48">   --->   Core 119 'DSP48' <Latency = 3> <II = 1> <Delay = 2.15> <IPBlock> <Opcode : '' 'add' 'sub' 'mul' 'select'> <InPorts = 0> <OutPorts = 1> <Sync> <CReg>
ST_4 : Operation 96 [1/1] (0.00ns)   --->   "%zext_ln1010_8 = zext i8 %tmp_6" [G:/Project-Workspace/zynq-7020-video-pipe-3/hw/video-pipe-hw-v3/hw_011223.runs/bd_8126_hsc_0_synth_1/prj/sol/.autopilot/db/v_hscaler.cpp:1010]   --->   Operation 96 'zext' 'zext_ln1010_8' <Predicate = true> <Delay = 0.00>
ST_4 : Operation 97 [3/3] (1.05ns) (grouped into DSP with root node sum_20)   --->   "%mul_ln1010_8 = mul i24 %zext_ln1010_8, i24 %sext_ln1010_3" [G:/Project-Workspace/zynq-7020-video-pipe-3/hw/video-pipe-hw-v3/hw_011223.runs/bd_8126_hsc_0_synth_1/prj/sol/.autopilot/db/v_hscaler.cpp:1010]   --->   Operation 97 'mul' 'mul_ln1010_8' <Predicate = true> <Delay = 1.05> <CoreInst = "DSP48">   --->   Core 119 'DSP48' <Latency = 3> <II = 1> <Delay = 2.15> <IPBlock> <Opcode : '' 'add' 'sub' 'mul' 'select'> <InPorts = 0> <OutPorts = 1> <Sync> <CReg>
ST_4 : Operation 98 [1/3] (0.00ns) (grouped into DSP with root node sum_24)   --->   "%mul_ln1010_12 = mul i24 %zext_ln1010_12, i24 %sext_ln1010" [G:/Project-Workspace/zynq-7020-video-pipe-3/hw/video-pipe-hw-v3/hw_011223.runs/bd_8126_hsc_0_synth_1/prj/sol/.autopilot/db/v_hscaler.cpp:1010]   --->   Operation 98 'mul' 'mul_ln1010_12' <Predicate = true> <Delay = 0.00> <CoreInst = "DSP48">   --->   Core 119 'DSP48' <Latency = 3> <II = 1> <Delay = 2.15> <IPBlock> <Opcode : '' 'add' 'sub' 'mul' 'select'> <InPorts = 0> <OutPorts = 1> <Sync> <CReg>
ST_4 : Operation 99 [2/2] (2.10ns) (root node of the DSP)   --->   "%sum_24 = add i24 %mul_ln1010_12, i24 2048" [G:/Project-Workspace/zynq-7020-video-pipe-3/hw/video-pipe-hw-v3/hw_011223.runs/bd_8126_hsc_0_synth_1/prj/sol/.autopilot/db/v_hscaler.cpp:1010]   --->   Operation 99 'add' 'sum_24' <Predicate = true> <Delay = 2.10> <CoreInst = "DSP48">   --->   Core 119 'DSP48' <Latency = 3> <II = 1> <Delay = 2.15> <IPBlock> <Opcode : '' 'add' 'sub' 'mul' 'select'> <InPorts = 0> <OutPorts = 1> <Sync> <CReg>
ST_4 : Operation 100 [2/3] (1.05ns) (grouped into DSP with root node sum_25)   --->   "%mul_ln1010_13 = mul i24 %zext_ln1010_13, i24 %sext_ln1010_1" [G:/Project-Workspace/zynq-7020-video-pipe-3/hw/video-pipe-hw-v3/hw_011223.runs/bd_8126_hsc_0_synth_1/prj/sol/.autopilot/db/v_hscaler.cpp:1010]   --->   Operation 100 'mul' 'mul_ln1010_13' <Predicate = true> <Delay = 1.05> <CoreInst = "DSP48">   --->   Core 119 'DSP48' <Latency = 3> <II = 1> <Delay = 2.15> <IPBlock> <Opcode : '' 'add' 'sub' 'mul' 'select'> <InPorts = 0> <OutPorts = 1> <Sync> <CReg>
ST_4 : Operation 101 [1/1] (0.00ns)   --->   "%zext_ln1010_14 = zext i8 %tmp_13" [G:/Project-Workspace/zynq-7020-video-pipe-3/hw/video-pipe-hw-v3/hw_011223.runs/bd_8126_hsc_0_synth_1/prj/sol/.autopilot/db/v_hscaler.cpp:1010]   --->   Operation 101 'zext' 'zext_ln1010_14' <Predicate = true> <Delay = 0.00>
ST_4 : Operation 102 [3/3] (1.05ns) (grouped into DSP with root node sum_26)   --->   "%mul_ln1010_14 = mul i24 %zext_ln1010_14, i24 %sext_ln1010_3" [G:/Project-Workspace/zynq-7020-video-pipe-3/hw/video-pipe-hw-v3/hw_011223.runs/bd_8126_hsc_0_synth_1/prj/sol/.autopilot/db/v_hscaler.cpp:1010]   --->   Operation 102 'mul' 'mul_ln1010_14' <Predicate = true> <Delay = 1.05> <CoreInst = "DSP48">   --->   Core 119 'DSP48' <Latency = 3> <II = 1> <Delay = 2.15> <IPBlock> <Opcode : '' 'add' 'sub' 'mul' 'select'> <InPorts = 0> <OutPorts = 1> <Sync> <CReg>

State 5 <SV = 4> <Delay = 4.20>
ST_5 : Operation 103 [1/1] (0.00ns)   --->   "%FiltCoeff_4_addr = getelementptr i16 %FiltCoeff_4, i64 0, i64 %idxprom8" [G:/Project-Workspace/zynq-7020-video-pipe-3/hw/video-pipe-hw-v3/hw_011223.runs/bd_8126_hsc_0_synth_1/prj/sol/.autopilot/db/v_hscaler.cpp:996]   --->   Operation 103 'getelementptr' 'FiltCoeff_4_addr' <Predicate = true> <Delay = 0.00>
ST_5 : Operation 104 [1/2] (2.32ns)   --->   "%FiltCoeff_3_load = load i6 %FiltCoeff_3_addr" [G:/Project-Workspace/zynq-7020-video-pipe-3/hw/video-pipe-hw-v3/hw_011223.runs/bd_8126_hsc_0_synth_1/prj/sol/.autopilot/db/v_hscaler.cpp:996]   --->   Operation 104 'load' 'FiltCoeff_3_load' <Predicate = true> <Delay = 2.32> <CoreInst = "RAM_1P_LUTRAM">   --->   Core 87 'RAM_1P_LUTRAM' <Latency = 1> <II = 1> <Delay = 2.32> <Storage> <Opcode : 'load' 'store'> <Ports = 1> <Width = 16> <Depth = 64> <RAM>
ST_5 : Operation 105 [2/2] (2.32ns)   --->   "%FiltCoeff_4_load = load i6 %FiltCoeff_4_addr" [G:/Project-Workspace/zynq-7020-video-pipe-3/hw/video-pipe-hw-v3/hw_011223.runs/bd_8126_hsc_0_synth_1/prj/sol/.autopilot/db/v_hscaler.cpp:996]   --->   Operation 105 'load' 'FiltCoeff_4_load' <Predicate = true> <Delay = 2.32> <CoreInst = "RAM_1P_LUTRAM">   --->   Core 87 'RAM_1P_LUTRAM' <Latency = 1> <II = 1> <Delay = 2.32> <Storage> <Opcode : 'load' 'store'> <Ports = 1> <Width = 16> <Depth = 64> <RAM>
ST_5 : Operation 106 [1/2] (2.10ns) (root node of the DSP)   --->   "%sum = add i24 %mul_ln1010, i24 2048" [G:/Project-Workspace/zynq-7020-video-pipe-3/hw/video-pipe-hw-v3/hw_011223.runs/bd_8126_hsc_0_synth_1/prj/sol/.autopilot/db/v_hscaler.cpp:1010]   --->   Operation 106 'add' 'sum' <Predicate = true> <Delay = 2.10> <CoreInst = "DSP48">   --->   Core 119 'DSP48' <Latency = 3> <II = 1> <Delay = 2.15> <IPBlock> <Opcode : '' 'add' 'sub' 'mul' 'select'> <InPorts = 0> <OutPorts = 1> <Sync> <CReg>
ST_5 : Operation 107 [1/1] (0.00ns)   --->   "%sext_ln1001 = sext i24 %sum" [G:/Project-Workspace/zynq-7020-video-pipe-3/hw/video-pipe-hw-v3/hw_011223.runs/bd_8126_hsc_0_synth_1/prj/sol/.autopilot/db/v_hscaler.cpp:1001]   --->   Operation 107 'sext' 'sext_ln1001' <Predicate = true> <Delay = 0.00>
ST_5 : Operation 108 [1/3] (0.00ns) (grouped into DSP with root node sum_1)   --->   "%mul_ln1010_1 = mul i24 %zext_ln1010_1, i24 %sext_ln1010_1" [G:/Project-Workspace/zynq-7020-video-pipe-3/hw/video-pipe-hw-v3/hw_011223.runs/bd_8126_hsc_0_synth_1/prj/sol/.autopilot/db/v_hscaler.cpp:1010]   --->   Operation 108 'mul' 'mul_ln1010_1' <Predicate = true> <Delay = 0.00> <CoreInst = "DSP48">   --->   Core 119 'DSP48' <Latency = 3> <II = 1> <Delay = 2.15> <IPBlock> <Opcode : '' 'add' 'sub' 'mul' 'select'> <InPorts = 0> <OutPorts = 1> <Sync> <CReg>
ST_5 : Operation 109 [1/1] (0.00ns) (grouped into DSP with root node sum_1)   --->   "%sext_ln1010_2 = sext i24 %mul_ln1010_1" [G:/Project-Workspace/zynq-7020-video-pipe-3/hw/video-pipe-hw-v3/hw_011223.runs/bd_8126_hsc_0_synth_1/prj/sol/.autopilot/db/v_hscaler.cpp:1010]   --->   Operation 109 'sext' 'sext_ln1010_2' <Predicate = true> <Delay = 0.00>
ST_5 : Operation 110 [2/2] (2.10ns) (root node of the DSP)   --->   "%sum_1 = add i25 %sext_ln1001, i25 %sext_ln1010_2" [G:/Project-Workspace/zynq-7020-video-pipe-3/hw/video-pipe-hw-v3/hw_011223.runs/bd_8126_hsc_0_synth_1/prj/sol/.autopilot/db/v_hscaler.cpp:1010]   --->   Operation 110 'add' 'sum_1' <Predicate = true> <Delay = 2.10> <CoreInst = "DSP48">   --->   Core 119 'DSP48' <Latency = 3> <II = 1> <Delay = 2.15> <IPBlock> <Opcode : '' 'add' 'sub' 'mul' 'select'> <InPorts = 0> <OutPorts = 1> <Sync> <CReg>
ST_5 : Operation 111 [2/3] (1.05ns) (grouped into DSP with root node sum_2)   --->   "%mul_ln1010_2 = mul i24 %zext_ln1010_2, i24 %sext_ln1010_3" [G:/Project-Workspace/zynq-7020-video-pipe-3/hw/video-pipe-hw-v3/hw_011223.runs/bd_8126_hsc_0_synth_1/prj/sol/.autopilot/db/v_hscaler.cpp:1010]   --->   Operation 111 'mul' 'mul_ln1010_2' <Predicate = true> <Delay = 1.05> <CoreInst = "DSP48">   --->   Core 119 'DSP48' <Latency = 3> <II = 1> <Delay = 2.15> <IPBlock> <Opcode : '' 'add' 'sub' 'mul' 'select'> <InPorts = 0> <OutPorts = 1> <Sync> <CReg>
ST_5 : Operation 112 [1/1] (0.00ns)   --->   "%zext_ln1010_3 = zext i8 %tmp_1" [G:/Project-Workspace/zynq-7020-video-pipe-3/hw/video-pipe-hw-v3/hw_011223.runs/bd_8126_hsc_0_synth_1/prj/sol/.autopilot/db/v_hscaler.cpp:1010]   --->   Operation 112 'zext' 'zext_ln1010_3' <Predicate = true> <Delay = 0.00>
ST_5 : Operation 113 [1/1] (0.00ns)   --->   "%sext_ln1010_5 = sext i16 %FiltCoeff_3_load" [G:/Project-Workspace/zynq-7020-video-pipe-3/hw/video-pipe-hw-v3/hw_011223.runs/bd_8126_hsc_0_synth_1/prj/sol/.autopilot/db/v_hscaler.cpp:1010]   --->   Operation 113 'sext' 'sext_ln1010_5' <Predicate = true> <Delay = 0.00>
ST_5 : Operation 114 [3/3] (1.05ns) (grouped into DSP with root node sum_3)   --->   "%mul_ln1010_3 = mul i24 %zext_ln1010_3, i24 %sext_ln1010_5" [G:/Project-Workspace/zynq-7020-video-pipe-3/hw/video-pipe-hw-v3/hw_011223.runs/bd_8126_hsc_0_synth_1/prj/sol/.autopilot/db/v_hscaler.cpp:1010]   --->   Operation 114 'mul' 'mul_ln1010_3' <Predicate = true> <Delay = 1.05> <CoreInst = "DSP48">   --->   Core 119 'DSP48' <Latency = 3> <II = 1> <Delay = 2.15> <IPBlock> <Opcode : '' 'add' 'sub' 'mul' 'select'> <InPorts = 0> <OutPorts = 1> <Sync> <CReg>
ST_5 : Operation 115 [1/2] (2.10ns) (root node of the DSP)   --->   "%sum_18 = add i24 %mul_ln1010_6, i24 2048" [G:/Project-Workspace/zynq-7020-video-pipe-3/hw/video-pipe-hw-v3/hw_011223.runs/bd_8126_hsc_0_synth_1/prj/sol/.autopilot/db/v_hscaler.cpp:1010]   --->   Operation 115 'add' 'sum_18' <Predicate = true> <Delay = 2.10> <CoreInst = "DSP48">   --->   Core 119 'DSP48' <Latency = 3> <II = 1> <Delay = 2.15> <IPBlock> <Opcode : '' 'add' 'sub' 'mul' 'select'> <InPorts = 0> <OutPorts = 1> <Sync> <CReg>
ST_5 : Operation 116 [1/1] (0.00ns)   --->   "%sext_ln1010_11 = sext i24 %sum_18" [G:/Project-Workspace/zynq-7020-video-pipe-3/hw/video-pipe-hw-v3/hw_011223.runs/bd_8126_hsc_0_synth_1/prj/sol/.autopilot/db/v_hscaler.cpp:1010]   --->   Operation 116 'sext' 'sext_ln1010_11' <Predicate = true> <Delay = 0.00>
ST_5 : Operation 117 [1/3] (0.00ns) (grouped into DSP with root node sum_19)   --->   "%mul_ln1010_7 = mul i24 %zext_ln1010_7, i24 %sext_ln1010_1" [G:/Project-Workspace/zynq-7020-video-pipe-3/hw/video-pipe-hw-v3/hw_011223.runs/bd_8126_hsc_0_synth_1/prj/sol/.autopilot/db/v_hscaler.cpp:1010]   --->   Operation 117 'mul' 'mul_ln1010_7' <Predicate = true> <Delay = 0.00> <CoreInst = "DSP48">   --->   Core 119 'DSP48' <Latency = 3> <II = 1> <Delay = 2.15> <IPBlock> <Opcode : '' 'add' 'sub' 'mul' 'select'> <InPorts = 0> <OutPorts = 1> <Sync> <CReg>
ST_5 : Operation 118 [1/1] (0.00ns) (grouped into DSP with root node sum_19)   --->   "%sext_ln1010_12 = sext i24 %mul_ln1010_7" [G:/Project-Workspace/zynq-7020-video-pipe-3/hw/video-pipe-hw-v3/hw_011223.runs/bd_8126_hsc_0_synth_1/prj/sol/.autopilot/db/v_hscaler.cpp:1010]   --->   Operation 118 'sext' 'sext_ln1010_12' <Predicate = true> <Delay = 0.00>
ST_5 : Operation 119 [2/2] (2.10ns) (root node of the DSP)   --->   "%sum_19 = add i25 %sext_ln1010_11, i25 %sext_ln1010_12" [G:/Project-Workspace/zynq-7020-video-pipe-3/hw/video-pipe-hw-v3/hw_011223.runs/bd_8126_hsc_0_synth_1/prj/sol/.autopilot/db/v_hscaler.cpp:1010]   --->   Operation 119 'add' 'sum_19' <Predicate = true> <Delay = 2.10> <CoreInst = "DSP48">   --->   Core 119 'DSP48' <Latency = 3> <II = 1> <Delay = 2.15> <IPBlock> <Opcode : '' 'add' 'sub' 'mul' 'select'> <InPorts = 0> <OutPorts = 1> <Sync> <CReg>
ST_5 : Operation 120 [2/3] (1.05ns) (grouped into DSP with root node sum_20)   --->   "%mul_ln1010_8 = mul i24 %zext_ln1010_8, i24 %sext_ln1010_3" [G:/Project-Workspace/zynq-7020-video-pipe-3/hw/video-pipe-hw-v3/hw_011223.runs/bd_8126_hsc_0_synth_1/prj/sol/.autopilot/db/v_hscaler.cpp:1010]   --->   Operation 120 'mul' 'mul_ln1010_8' <Predicate = true> <Delay = 1.05> <CoreInst = "DSP48">   --->   Core 119 'DSP48' <Latency = 3> <II = 1> <Delay = 2.15> <IPBlock> <Opcode : '' 'add' 'sub' 'mul' 'select'> <InPorts = 0> <OutPorts = 1> <Sync> <CReg>
ST_5 : Operation 121 [1/1] (0.00ns)   --->   "%zext_ln1010_9 = zext i8 %tmp_7" [G:/Project-Workspace/zynq-7020-video-pipe-3/hw/video-pipe-hw-v3/hw_011223.runs/bd_8126_hsc_0_synth_1/prj/sol/.autopilot/db/v_hscaler.cpp:1010]   --->   Operation 121 'zext' 'zext_ln1010_9' <Predicate = true> <Delay = 0.00>
ST_5 : Operation 122 [3/3] (1.05ns) (grouped into DSP with root node sum_21)   --->   "%mul_ln1010_9 = mul i24 %zext_ln1010_9, i24 %sext_ln1010_5" [G:/Project-Workspace/zynq-7020-video-pipe-3/hw/video-pipe-hw-v3/hw_011223.runs/bd_8126_hsc_0_synth_1/prj/sol/.autopilot/db/v_hscaler.cpp:1010]   --->   Operation 122 'mul' 'mul_ln1010_9' <Predicate = true> <Delay = 1.05> <CoreInst = "DSP48">   --->   Core 119 'DSP48' <Latency = 3> <II = 1> <Delay = 2.15> <IPBlock> <Opcode : '' 'add' 'sub' 'mul' 'select'> <InPorts = 0> <OutPorts = 1> <Sync> <CReg>
ST_5 : Operation 123 [1/2] (2.10ns) (root node of the DSP)   --->   "%sum_24 = add i24 %mul_ln1010_12, i24 2048" [G:/Project-Workspace/zynq-7020-video-pipe-3/hw/video-pipe-hw-v3/hw_011223.runs/bd_8126_hsc_0_synth_1/prj/sol/.autopilot/db/v_hscaler.cpp:1010]   --->   Operation 123 'add' 'sum_24' <Predicate = true> <Delay = 2.10> <CoreInst = "DSP48">   --->   Core 119 'DSP48' <Latency = 3> <II = 1> <Delay = 2.15> <IPBlock> <Opcode : '' 'add' 'sub' 'mul' 'select'> <InPorts = 0> <OutPorts = 1> <Sync> <CReg>
ST_5 : Operation 124 [1/1] (0.00ns)   --->   "%sext_ln1010_19 = sext i24 %sum_24" [G:/Project-Workspace/zynq-7020-video-pipe-3/hw/video-pipe-hw-v3/hw_011223.runs/bd_8126_hsc_0_synth_1/prj/sol/.autopilot/db/v_hscaler.cpp:1010]   --->   Operation 124 'sext' 'sext_ln1010_19' <Predicate = true> <Delay = 0.00>
ST_5 : Operation 125 [1/3] (0.00ns) (grouped into DSP with root node sum_25)   --->   "%mul_ln1010_13 = mul i24 %zext_ln1010_13, i24 %sext_ln1010_1" [G:/Project-Workspace/zynq-7020-video-pipe-3/hw/video-pipe-hw-v3/hw_011223.runs/bd_8126_hsc_0_synth_1/prj/sol/.autopilot/db/v_hscaler.cpp:1010]   --->   Operation 125 'mul' 'mul_ln1010_13' <Predicate = true> <Delay = 0.00> <CoreInst = "DSP48">   --->   Core 119 'DSP48' <Latency = 3> <II = 1> <Delay = 2.15> <IPBlock> <Opcode : '' 'add' 'sub' 'mul' 'select'> <InPorts = 0> <OutPorts = 1> <Sync> <CReg>
ST_5 : Operation 126 [1/1] (0.00ns) (grouped into DSP with root node sum_25)   --->   "%sext_ln1010_20 = sext i24 %mul_ln1010_13" [G:/Project-Workspace/zynq-7020-video-pipe-3/hw/video-pipe-hw-v3/hw_011223.runs/bd_8126_hsc_0_synth_1/prj/sol/.autopilot/db/v_hscaler.cpp:1010]   --->   Operation 126 'sext' 'sext_ln1010_20' <Predicate = true> <Delay = 0.00>
ST_5 : Operation 127 [2/2] (2.10ns) (root node of the DSP)   --->   "%sum_25 = add i25 %sext_ln1010_19, i25 %sext_ln1010_20" [G:/Project-Workspace/zynq-7020-video-pipe-3/hw/video-pipe-hw-v3/hw_011223.runs/bd_8126_hsc_0_synth_1/prj/sol/.autopilot/db/v_hscaler.cpp:1010]   --->   Operation 127 'add' 'sum_25' <Predicate = true> <Delay = 2.10> <CoreInst = "DSP48">   --->   Core 119 'DSP48' <Latency = 3> <II = 1> <Delay = 2.15> <IPBlock> <Opcode : '' 'add' 'sub' 'mul' 'select'> <InPorts = 0> <OutPorts = 1> <Sync> <CReg>
ST_5 : Operation 128 [2/3] (1.05ns) (grouped into DSP with root node sum_26)   --->   "%mul_ln1010_14 = mul i24 %zext_ln1010_14, i24 %sext_ln1010_3" [G:/Project-Workspace/zynq-7020-video-pipe-3/hw/video-pipe-hw-v3/hw_011223.runs/bd_8126_hsc_0_synth_1/prj/sol/.autopilot/db/v_hscaler.cpp:1010]   --->   Operation 128 'mul' 'mul_ln1010_14' <Predicate = true> <Delay = 1.05> <CoreInst = "DSP48">   --->   Core 119 'DSP48' <Latency = 3> <II = 1> <Delay = 2.15> <IPBlock> <Opcode : '' 'add' 'sub' 'mul' 'select'> <InPorts = 0> <OutPorts = 1> <Sync> <CReg>
ST_5 : Operation 129 [1/1] (0.00ns)   --->   "%zext_ln1010_15 = zext i8 %tmp_14" [G:/Project-Workspace/zynq-7020-video-pipe-3/hw/video-pipe-hw-v3/hw_011223.runs/bd_8126_hsc_0_synth_1/prj/sol/.autopilot/db/v_hscaler.cpp:1010]   --->   Operation 129 'zext' 'zext_ln1010_15' <Predicate = true> <Delay = 0.00>
ST_5 : Operation 130 [3/3] (1.05ns) (grouped into DSP with root node sum_27)   --->   "%mul_ln1010_15 = mul i24 %zext_ln1010_15, i24 %sext_ln1010_5" [G:/Project-Workspace/zynq-7020-video-pipe-3/hw/video-pipe-hw-v3/hw_011223.runs/bd_8126_hsc_0_synth_1/prj/sol/.autopilot/db/v_hscaler.cpp:1010]   --->   Operation 130 'mul' 'mul_ln1010_15' <Predicate = true> <Delay = 1.05> <CoreInst = "DSP48">   --->   Core 119 'DSP48' <Latency = 3> <II = 1> <Delay = 2.15> <IPBlock> <Opcode : '' 'add' 'sub' 'mul' 'select'> <InPorts = 0> <OutPorts = 1> <Sync> <CReg>

State 6 <SV = 5> <Delay = 4.20>
ST_6 : Operation 131 [1/1] (0.00ns)   --->   "%FiltCoeff_5_addr = getelementptr i16 %FiltCoeff_5, i64 0, i64 %idxprom8" [G:/Project-Workspace/zynq-7020-video-pipe-3/hw/video-pipe-hw-v3/hw_011223.runs/bd_8126_hsc_0_synth_1/prj/sol/.autopilot/db/v_hscaler.cpp:996]   --->   Operation 131 'getelementptr' 'FiltCoeff_5_addr' <Predicate = true> <Delay = 0.00>
ST_6 : Operation 132 [1/2] (2.32ns)   --->   "%FiltCoeff_4_load = load i6 %FiltCoeff_4_addr" [G:/Project-Workspace/zynq-7020-video-pipe-3/hw/video-pipe-hw-v3/hw_011223.runs/bd_8126_hsc_0_synth_1/prj/sol/.autopilot/db/v_hscaler.cpp:996]   --->   Operation 132 'load' 'FiltCoeff_4_load' <Predicate = true> <Delay = 2.32> <CoreInst = "RAM_1P_LUTRAM">   --->   Core 87 'RAM_1P_LUTRAM' <Latency = 1> <II = 1> <Delay = 2.32> <Storage> <Opcode : 'load' 'store'> <Ports = 1> <Width = 16> <Depth = 64> <RAM>
ST_6 : Operation 133 [2/2] (2.32ns)   --->   "%FiltCoeff_5_load = load i6 %FiltCoeff_5_addr" [G:/Project-Workspace/zynq-7020-video-pipe-3/hw/video-pipe-hw-v3/hw_011223.runs/bd_8126_hsc_0_synth_1/prj/sol/.autopilot/db/v_hscaler.cpp:996]   --->   Operation 133 'load' 'FiltCoeff_5_load' <Predicate = true> <Delay = 2.32> <CoreInst = "RAM_1P_LUTRAM">   --->   Core 87 'RAM_1P_LUTRAM' <Latency = 1> <II = 1> <Delay = 2.32> <Storage> <Opcode : 'load' 'store'> <Ports = 1> <Width = 16> <Depth = 64> <RAM>
ST_6 : Operation 134 [1/2] (2.10ns) (root node of the DSP)   --->   "%sum_1 = add i25 %sext_ln1001, i25 %sext_ln1010_2" [G:/Project-Workspace/zynq-7020-video-pipe-3/hw/video-pipe-hw-v3/hw_011223.runs/bd_8126_hsc_0_synth_1/prj/sol/.autopilot/db/v_hscaler.cpp:1010]   --->   Operation 134 'add' 'sum_1' <Predicate = true> <Delay = 2.10> <CoreInst = "DSP48">   --->   Core 119 'DSP48' <Latency = 3> <II = 1> <Delay = 2.15> <IPBlock> <Opcode : '' 'add' 'sub' 'mul' 'select'> <InPorts = 0> <OutPorts = 1> <Sync> <CReg>
ST_6 : Operation 135 [1/1] (0.00ns)   --->   "%sext_ln1001_1 = sext i25 %sum_1" [G:/Project-Workspace/zynq-7020-video-pipe-3/hw/video-pipe-hw-v3/hw_011223.runs/bd_8126_hsc_0_synth_1/prj/sol/.autopilot/db/v_hscaler.cpp:1001]   --->   Operation 135 'sext' 'sext_ln1001_1' <Predicate = true> <Delay = 0.00>
ST_6 : Operation 136 [1/3] (0.00ns) (grouped into DSP with root node sum_2)   --->   "%mul_ln1010_2 = mul i24 %zext_ln1010_2, i24 %sext_ln1010_3" [G:/Project-Workspace/zynq-7020-video-pipe-3/hw/video-pipe-hw-v3/hw_011223.runs/bd_8126_hsc_0_synth_1/prj/sol/.autopilot/db/v_hscaler.cpp:1010]   --->   Operation 136 'mul' 'mul_ln1010_2' <Predicate = true> <Delay = 0.00> <CoreInst = "DSP48">   --->   Core 119 'DSP48' <Latency = 3> <II = 1> <Delay = 2.15> <IPBlock> <Opcode : '' 'add' 'sub' 'mul' 'select'> <InPorts = 0> <OutPorts = 1> <Sync> <CReg>
ST_6 : Operation 137 [1/1] (0.00ns) (grouped into DSP with root node sum_2)   --->   "%sext_ln1010_4 = sext i24 %mul_ln1010_2" [G:/Project-Workspace/zynq-7020-video-pipe-3/hw/video-pipe-hw-v3/hw_011223.runs/bd_8126_hsc_0_synth_1/prj/sol/.autopilot/db/v_hscaler.cpp:1010]   --->   Operation 137 'sext' 'sext_ln1010_4' <Predicate = true> <Delay = 0.00>
ST_6 : Operation 138 [2/2] (2.10ns) (root node of the DSP)   --->   "%sum_2 = add i26 %sext_ln1001_1, i26 %sext_ln1010_4" [G:/Project-Workspace/zynq-7020-video-pipe-3/hw/video-pipe-hw-v3/hw_011223.runs/bd_8126_hsc_0_synth_1/prj/sol/.autopilot/db/v_hscaler.cpp:1010]   --->   Operation 138 'add' 'sum_2' <Predicate = true> <Delay = 2.10> <CoreInst = "DSP48">   --->   Core 119 'DSP48' <Latency = 3> <II = 1> <Delay = 2.15> <IPBlock> <Opcode : '' 'add' 'sub' 'mul' 'select'> <InPorts = 0> <OutPorts = 1> <Sync> <CReg>
ST_6 : Operation 139 [2/3] (1.05ns) (grouped into DSP with root node sum_3)   --->   "%mul_ln1010_3 = mul i24 %zext_ln1010_3, i24 %sext_ln1010_5" [G:/Project-Workspace/zynq-7020-video-pipe-3/hw/video-pipe-hw-v3/hw_011223.runs/bd_8126_hsc_0_synth_1/prj/sol/.autopilot/db/v_hscaler.cpp:1010]   --->   Operation 139 'mul' 'mul_ln1010_3' <Predicate = true> <Delay = 1.05> <CoreInst = "DSP48">   --->   Core 119 'DSP48' <Latency = 3> <II = 1> <Delay = 2.15> <IPBlock> <Opcode : '' 'add' 'sub' 'mul' 'select'> <InPorts = 0> <OutPorts = 1> <Sync> <CReg>
ST_6 : Operation 140 [1/1] (0.00ns)   --->   "%zext_ln1010_4 = zext i8 %tmp_2" [G:/Project-Workspace/zynq-7020-video-pipe-3/hw/video-pipe-hw-v3/hw_011223.runs/bd_8126_hsc_0_synth_1/prj/sol/.autopilot/db/v_hscaler.cpp:1010]   --->   Operation 140 'zext' 'zext_ln1010_4' <Predicate = true> <Delay = 0.00>
ST_6 : Operation 141 [1/1] (0.00ns)   --->   "%sext_ln1010_7 = sext i16 %FiltCoeff_4_load" [G:/Project-Workspace/zynq-7020-video-pipe-3/hw/video-pipe-hw-v3/hw_011223.runs/bd_8126_hsc_0_synth_1/prj/sol/.autopilot/db/v_hscaler.cpp:1010]   --->   Operation 141 'sext' 'sext_ln1010_7' <Predicate = true> <Delay = 0.00>
ST_6 : Operation 142 [3/3] (1.05ns) (grouped into DSP with root node sum_4)   --->   "%mul_ln1010_4 = mul i24 %zext_ln1010_4, i24 %sext_ln1010_7" [G:/Project-Workspace/zynq-7020-video-pipe-3/hw/video-pipe-hw-v3/hw_011223.runs/bd_8126_hsc_0_synth_1/prj/sol/.autopilot/db/v_hscaler.cpp:1010]   --->   Operation 142 'mul' 'mul_ln1010_4' <Predicate = true> <Delay = 1.05> <CoreInst = "DSP48">   --->   Core 119 'DSP48' <Latency = 3> <II = 1> <Delay = 2.15> <IPBlock> <Opcode : '' 'add' 'sub' 'mul' 'select'> <InPorts = 0> <OutPorts = 1> <Sync> <CReg>
ST_6 : Operation 143 [1/2] (2.10ns) (root node of the DSP)   --->   "%sum_19 = add i25 %sext_ln1010_11, i25 %sext_ln1010_12" [G:/Project-Workspace/zynq-7020-video-pipe-3/hw/video-pipe-hw-v3/hw_011223.runs/bd_8126_hsc_0_synth_1/prj/sol/.autopilot/db/v_hscaler.cpp:1010]   --->   Operation 143 'add' 'sum_19' <Predicate = true> <Delay = 2.10> <CoreInst = "DSP48">   --->   Core 119 'DSP48' <Latency = 3> <II = 1> <Delay = 2.15> <IPBlock> <Opcode : '' 'add' 'sub' 'mul' 'select'> <InPorts = 0> <OutPorts = 1> <Sync> <CReg>
ST_6 : Operation 144 [1/1] (0.00ns)   --->   "%sext_ln1010_13 = sext i25 %sum_19" [G:/Project-Workspace/zynq-7020-video-pipe-3/hw/video-pipe-hw-v3/hw_011223.runs/bd_8126_hsc_0_synth_1/prj/sol/.autopilot/db/v_hscaler.cpp:1010]   --->   Operation 144 'sext' 'sext_ln1010_13' <Predicate = true> <Delay = 0.00>
ST_6 : Operation 145 [1/3] (0.00ns) (grouped into DSP with root node sum_20)   --->   "%mul_ln1010_8 = mul i24 %zext_ln1010_8, i24 %sext_ln1010_3" [G:/Project-Workspace/zynq-7020-video-pipe-3/hw/video-pipe-hw-v3/hw_011223.runs/bd_8126_hsc_0_synth_1/prj/sol/.autopilot/db/v_hscaler.cpp:1010]   --->   Operation 145 'mul' 'mul_ln1010_8' <Predicate = true> <Delay = 0.00> <CoreInst = "DSP48">   --->   Core 119 'DSP48' <Latency = 3> <II = 1> <Delay = 2.15> <IPBlock> <Opcode : '' 'add' 'sub' 'mul' 'select'> <InPorts = 0> <OutPorts = 1> <Sync> <CReg>
ST_6 : Operation 146 [1/1] (0.00ns) (grouped into DSP with root node sum_20)   --->   "%sext_ln1010_14 = sext i24 %mul_ln1010_8" [G:/Project-Workspace/zynq-7020-video-pipe-3/hw/video-pipe-hw-v3/hw_011223.runs/bd_8126_hsc_0_synth_1/prj/sol/.autopilot/db/v_hscaler.cpp:1010]   --->   Operation 146 'sext' 'sext_ln1010_14' <Predicate = true> <Delay = 0.00>
ST_6 : Operation 147 [2/2] (2.10ns) (root node of the DSP)   --->   "%sum_20 = add i26 %sext_ln1010_13, i26 %sext_ln1010_14" [G:/Project-Workspace/zynq-7020-video-pipe-3/hw/video-pipe-hw-v3/hw_011223.runs/bd_8126_hsc_0_synth_1/prj/sol/.autopilot/db/v_hscaler.cpp:1010]   --->   Operation 147 'add' 'sum_20' <Predicate = true> <Delay = 2.10> <CoreInst = "DSP48">   --->   Core 119 'DSP48' <Latency = 3> <II = 1> <Delay = 2.15> <IPBlock> <Opcode : '' 'add' 'sub' 'mul' 'select'> <InPorts = 0> <OutPorts = 1> <Sync> <CReg>
ST_6 : Operation 148 [2/3] (1.05ns) (grouped into DSP with root node sum_21)   --->   "%mul_ln1010_9 = mul i24 %zext_ln1010_9, i24 %sext_ln1010_5" [G:/Project-Workspace/zynq-7020-video-pipe-3/hw/video-pipe-hw-v3/hw_011223.runs/bd_8126_hsc_0_synth_1/prj/sol/.autopilot/db/v_hscaler.cpp:1010]   --->   Operation 148 'mul' 'mul_ln1010_9' <Predicate = true> <Delay = 1.05> <CoreInst = "DSP48">   --->   Core 119 'DSP48' <Latency = 3> <II = 1> <Delay = 2.15> <IPBlock> <Opcode : '' 'add' 'sub' 'mul' 'select'> <InPorts = 0> <OutPorts = 1> <Sync> <CReg>
ST_6 : Operation 149 [1/1] (0.00ns)   --->   "%zext_ln1010_10 = zext i8 %tmp_8" [G:/Project-Workspace/zynq-7020-video-pipe-3/hw/video-pipe-hw-v3/hw_011223.runs/bd_8126_hsc_0_synth_1/prj/sol/.autopilot/db/v_hscaler.cpp:1010]   --->   Operation 149 'zext' 'zext_ln1010_10' <Predicate = true> <Delay = 0.00>
ST_6 : Operation 150 [3/3] (1.05ns) (grouped into DSP with root node sum_22)   --->   "%mul_ln1010_10 = mul i24 %zext_ln1010_10, i24 %sext_ln1010_7" [G:/Project-Workspace/zynq-7020-video-pipe-3/hw/video-pipe-hw-v3/hw_011223.runs/bd_8126_hsc_0_synth_1/prj/sol/.autopilot/db/v_hscaler.cpp:1010]   --->   Operation 150 'mul' 'mul_ln1010_10' <Predicate = true> <Delay = 1.05> <CoreInst = "DSP48">   --->   Core 119 'DSP48' <Latency = 3> <II = 1> <Delay = 2.15> <IPBlock> <Opcode : '' 'add' 'sub' 'mul' 'select'> <InPorts = 0> <OutPorts = 1> <Sync> <CReg>
ST_6 : Operation 151 [1/2] (2.10ns) (root node of the DSP)   --->   "%sum_25 = add i25 %sext_ln1010_19, i25 %sext_ln1010_20" [G:/Project-Workspace/zynq-7020-video-pipe-3/hw/video-pipe-hw-v3/hw_011223.runs/bd_8126_hsc_0_synth_1/prj/sol/.autopilot/db/v_hscaler.cpp:1010]   --->   Operation 151 'add' 'sum_25' <Predicate = true> <Delay = 2.10> <CoreInst = "DSP48">   --->   Core 119 'DSP48' <Latency = 3> <II = 1> <Delay = 2.15> <IPBlock> <Opcode : '' 'add' 'sub' 'mul' 'select'> <InPorts = 0> <OutPorts = 1> <Sync> <CReg>
ST_6 : Operation 152 [1/1] (0.00ns)   --->   "%sext_ln1010_21 = sext i25 %sum_25" [G:/Project-Workspace/zynq-7020-video-pipe-3/hw/video-pipe-hw-v3/hw_011223.runs/bd_8126_hsc_0_synth_1/prj/sol/.autopilot/db/v_hscaler.cpp:1010]   --->   Operation 152 'sext' 'sext_ln1010_21' <Predicate = true> <Delay = 0.00>
ST_6 : Operation 153 [1/3] (0.00ns) (grouped into DSP with root node sum_26)   --->   "%mul_ln1010_14 = mul i24 %zext_ln1010_14, i24 %sext_ln1010_3" [G:/Project-Workspace/zynq-7020-video-pipe-3/hw/video-pipe-hw-v3/hw_011223.runs/bd_8126_hsc_0_synth_1/prj/sol/.autopilot/db/v_hscaler.cpp:1010]   --->   Operation 153 'mul' 'mul_ln1010_14' <Predicate = true> <Delay = 0.00> <CoreInst = "DSP48">   --->   Core 119 'DSP48' <Latency = 3> <II = 1> <Delay = 2.15> <IPBlock> <Opcode : '' 'add' 'sub' 'mul' 'select'> <InPorts = 0> <OutPorts = 1> <Sync> <CReg>
ST_6 : Operation 154 [1/1] (0.00ns) (grouped into DSP with root node sum_26)   --->   "%sext_ln1010_22 = sext i24 %mul_ln1010_14" [G:/Project-Workspace/zynq-7020-video-pipe-3/hw/video-pipe-hw-v3/hw_011223.runs/bd_8126_hsc_0_synth_1/prj/sol/.autopilot/db/v_hscaler.cpp:1010]   --->   Operation 154 'sext' 'sext_ln1010_22' <Predicate = true> <Delay = 0.00>
ST_6 : Operation 155 [2/2] (2.10ns) (root node of the DSP)   --->   "%sum_26 = add i26 %sext_ln1010_21, i26 %sext_ln1010_22" [G:/Project-Workspace/zynq-7020-video-pipe-3/hw/video-pipe-hw-v3/hw_011223.runs/bd_8126_hsc_0_synth_1/prj/sol/.autopilot/db/v_hscaler.cpp:1010]   --->   Operation 155 'add' 'sum_26' <Predicate = true> <Delay = 2.10> <CoreInst = "DSP48">   --->   Core 119 'DSP48' <Latency = 3> <II = 1> <Delay = 2.15> <IPBlock> <Opcode : '' 'add' 'sub' 'mul' 'select'> <InPorts = 0> <OutPorts = 1> <Sync> <CReg>
ST_6 : Operation 156 [2/3] (1.05ns) (grouped into DSP with root node sum_27)   --->   "%mul_ln1010_15 = mul i24 %zext_ln1010_15, i24 %sext_ln1010_5" [G:/Project-Workspace/zynq-7020-video-pipe-3/hw/video-pipe-hw-v3/hw_011223.runs/bd_8126_hsc_0_synth_1/prj/sol/.autopilot/db/v_hscaler.cpp:1010]   --->   Operation 156 'mul' 'mul_ln1010_15' <Predicate = true> <Delay = 1.05> <CoreInst = "DSP48">   --->   Core 119 'DSP48' <Latency = 3> <II = 1> <Delay = 2.15> <IPBlock> <Opcode : '' 'add' 'sub' 'mul' 'select'> <InPorts = 0> <OutPorts = 1> <Sync> <CReg>
ST_6 : Operation 157 [1/1] (0.00ns)   --->   "%zext_ln1010_16 = zext i8 %tmp_15" [G:/Project-Workspace/zynq-7020-video-pipe-3/hw/video-pipe-hw-v3/hw_011223.runs/bd_8126_hsc_0_synth_1/prj/sol/.autopilot/db/v_hscaler.cpp:1010]   --->   Operation 157 'zext' 'zext_ln1010_16' <Predicate = true> <Delay = 0.00>
ST_6 : Operation 158 [3/3] (1.05ns) (grouped into DSP with root node sum_28)   --->   "%mul_ln1010_16 = mul i24 %zext_ln1010_16, i24 %sext_ln1010_7" [G:/Project-Workspace/zynq-7020-video-pipe-3/hw/video-pipe-hw-v3/hw_011223.runs/bd_8126_hsc_0_synth_1/prj/sol/.autopilot/db/v_hscaler.cpp:1010]   --->   Operation 158 'mul' 'mul_ln1010_16' <Predicate = true> <Delay = 1.05> <CoreInst = "DSP48">   --->   Core 119 'DSP48' <Latency = 3> <II = 1> <Delay = 2.15> <IPBlock> <Opcode : '' 'add' 'sub' 'mul' 'select'> <InPorts = 0> <OutPorts = 1> <Sync> <CReg>

State 7 <SV = 6> <Delay = 4.20>
ST_7 : Operation 159 [1/2] (2.32ns)   --->   "%FiltCoeff_5_load = load i6 %FiltCoeff_5_addr" [G:/Project-Workspace/zynq-7020-video-pipe-3/hw/video-pipe-hw-v3/hw_011223.runs/bd_8126_hsc_0_synth_1/prj/sol/.autopilot/db/v_hscaler.cpp:996]   --->   Operation 159 'load' 'FiltCoeff_5_load' <Predicate = true> <Delay = 2.32> <CoreInst = "RAM_1P_LUTRAM">   --->   Core 87 'RAM_1P_LUTRAM' <Latency = 1> <II = 1> <Delay = 2.32> <Storage> <Opcode : 'load' 'store'> <Ports = 1> <Width = 16> <Depth = 64> <RAM>
ST_7 : Operation 160 [1/2] (2.10ns) (root node of the DSP)   --->   "%sum_2 = add i26 %sext_ln1001_1, i26 %sext_ln1010_4" [G:/Project-Workspace/zynq-7020-video-pipe-3/hw/video-pipe-hw-v3/hw_011223.runs/bd_8126_hsc_0_synth_1/prj/sol/.autopilot/db/v_hscaler.cpp:1010]   --->   Operation 160 'add' 'sum_2' <Predicate = true> <Delay = 2.10> <CoreInst = "DSP48">   --->   Core 119 'DSP48' <Latency = 3> <II = 1> <Delay = 2.15> <IPBlock> <Opcode : '' 'add' 'sub' 'mul' 'select'> <InPorts = 0> <OutPorts = 1> <Sync> <CReg>
ST_7 : Operation 161 [1/3] (0.00ns) (grouped into DSP with root node sum_3)   --->   "%mul_ln1010_3 = mul i24 %zext_ln1010_3, i24 %sext_ln1010_5" [G:/Project-Workspace/zynq-7020-video-pipe-3/hw/video-pipe-hw-v3/hw_011223.runs/bd_8126_hsc_0_synth_1/prj/sol/.autopilot/db/v_hscaler.cpp:1010]   --->   Operation 161 'mul' 'mul_ln1010_3' <Predicate = true> <Delay = 0.00> <CoreInst = "DSP48">   --->   Core 119 'DSP48' <Latency = 3> <II = 1> <Delay = 2.15> <IPBlock> <Opcode : '' 'add' 'sub' 'mul' 'select'> <InPorts = 0> <OutPorts = 1> <Sync> <CReg>
ST_7 : Operation 162 [1/1] (0.00ns) (grouped into DSP with root node sum_3)   --->   "%sext_ln1010_6 = sext i24 %mul_ln1010_3" [G:/Project-Workspace/zynq-7020-video-pipe-3/hw/video-pipe-hw-v3/hw_011223.runs/bd_8126_hsc_0_synth_1/prj/sol/.autopilot/db/v_hscaler.cpp:1010]   --->   Operation 162 'sext' 'sext_ln1010_6' <Predicate = true> <Delay = 0.00>
ST_7 : Operation 163 [2/2] (2.10ns) (root node of the DSP)   --->   "%sum_3 = add i26 %sum_2, i26 %sext_ln1010_6" [G:/Project-Workspace/zynq-7020-video-pipe-3/hw/video-pipe-hw-v3/hw_011223.runs/bd_8126_hsc_0_synth_1/prj/sol/.autopilot/db/v_hscaler.cpp:1010]   --->   Operation 163 'add' 'sum_3' <Predicate = true> <Delay = 2.10> <CoreInst = "DSP48">   --->   Core 119 'DSP48' <Latency = 3> <II = 1> <Delay = 2.15> <IPBlock> <Opcode : '' 'add' 'sub' 'mul' 'select'> <InPorts = 0> <OutPorts = 1> <Sync> <CReg>
ST_7 : Operation 164 [2/3] (1.05ns) (grouped into DSP with root node sum_4)   --->   "%mul_ln1010_4 = mul i24 %zext_ln1010_4, i24 %sext_ln1010_7" [G:/Project-Workspace/zynq-7020-video-pipe-3/hw/video-pipe-hw-v3/hw_011223.runs/bd_8126_hsc_0_synth_1/prj/sol/.autopilot/db/v_hscaler.cpp:1010]   --->   Operation 164 'mul' 'mul_ln1010_4' <Predicate = true> <Delay = 1.05> <CoreInst = "DSP48">   --->   Core 119 'DSP48' <Latency = 3> <II = 1> <Delay = 2.15> <IPBlock> <Opcode : '' 'add' 'sub' 'mul' 'select'> <InPorts = 0> <OutPorts = 1> <Sync> <CReg>
ST_7 : Operation 165 [1/1] (0.00ns)   --->   "%zext_ln1010_5 = zext i8 %tmp_3" [G:/Project-Workspace/zynq-7020-video-pipe-3/hw/video-pipe-hw-v3/hw_011223.runs/bd_8126_hsc_0_synth_1/prj/sol/.autopilot/db/v_hscaler.cpp:1010]   --->   Operation 165 'zext' 'zext_ln1010_5' <Predicate = true> <Delay = 0.00>
ST_7 : Operation 166 [1/1] (0.00ns)   --->   "%sext_ln1010_9 = sext i16 %FiltCoeff_5_load" [G:/Project-Workspace/zynq-7020-video-pipe-3/hw/video-pipe-hw-v3/hw_011223.runs/bd_8126_hsc_0_synth_1/prj/sol/.autopilot/db/v_hscaler.cpp:1010]   --->   Operation 166 'sext' 'sext_ln1010_9' <Predicate = true> <Delay = 0.00>
ST_7 : Operation 167 [3/3] (1.05ns) (grouped into DSP with root node sum_5)   --->   "%mul_ln1010_5 = mul i24 %zext_ln1010_5, i24 %sext_ln1010_9" [G:/Project-Workspace/zynq-7020-video-pipe-3/hw/video-pipe-hw-v3/hw_011223.runs/bd_8126_hsc_0_synth_1/prj/sol/.autopilot/db/v_hscaler.cpp:1010]   --->   Operation 167 'mul' 'mul_ln1010_5' <Predicate = true> <Delay = 1.05> <CoreInst = "DSP48">   --->   Core 119 'DSP48' <Latency = 3> <II = 1> <Delay = 2.15> <IPBlock> <Opcode : '' 'add' 'sub' 'mul' 'select'> <InPorts = 0> <OutPorts = 1> <Sync> <CReg>
ST_7 : Operation 168 [1/2] (2.10ns) (root node of the DSP)   --->   "%sum_20 = add i26 %sext_ln1010_13, i26 %sext_ln1010_14" [G:/Project-Workspace/zynq-7020-video-pipe-3/hw/video-pipe-hw-v3/hw_011223.runs/bd_8126_hsc_0_synth_1/prj/sol/.autopilot/db/v_hscaler.cpp:1010]   --->   Operation 168 'add' 'sum_20' <Predicate = true> <Delay = 2.10> <CoreInst = "DSP48">   --->   Core 119 'DSP48' <Latency = 3> <II = 1> <Delay = 2.15> <IPBlock> <Opcode : '' 'add' 'sub' 'mul' 'select'> <InPorts = 0> <OutPorts = 1> <Sync> <CReg>
ST_7 : Operation 169 [1/3] (0.00ns) (grouped into DSP with root node sum_21)   --->   "%mul_ln1010_9 = mul i24 %zext_ln1010_9, i24 %sext_ln1010_5" [G:/Project-Workspace/zynq-7020-video-pipe-3/hw/video-pipe-hw-v3/hw_011223.runs/bd_8126_hsc_0_synth_1/prj/sol/.autopilot/db/v_hscaler.cpp:1010]   --->   Operation 169 'mul' 'mul_ln1010_9' <Predicate = true> <Delay = 0.00> <CoreInst = "DSP48">   --->   Core 119 'DSP48' <Latency = 3> <II = 1> <Delay = 2.15> <IPBlock> <Opcode : '' 'add' 'sub' 'mul' 'select'> <InPorts = 0> <OutPorts = 1> <Sync> <CReg>
ST_7 : Operation 170 [1/1] (0.00ns) (grouped into DSP with root node sum_21)   --->   "%sext_ln1010_15 = sext i24 %mul_ln1010_9" [G:/Project-Workspace/zynq-7020-video-pipe-3/hw/video-pipe-hw-v3/hw_011223.runs/bd_8126_hsc_0_synth_1/prj/sol/.autopilot/db/v_hscaler.cpp:1010]   --->   Operation 170 'sext' 'sext_ln1010_15' <Predicate = true> <Delay = 0.00>
ST_7 : Operation 171 [2/2] (2.10ns) (root node of the DSP)   --->   "%sum_21 = add i26 %sum_20, i26 %sext_ln1010_15" [G:/Project-Workspace/zynq-7020-video-pipe-3/hw/video-pipe-hw-v3/hw_011223.runs/bd_8126_hsc_0_synth_1/prj/sol/.autopilot/db/v_hscaler.cpp:1010]   --->   Operation 171 'add' 'sum_21' <Predicate = true> <Delay = 2.10> <CoreInst = "DSP48">   --->   Core 119 'DSP48' <Latency = 3> <II = 1> <Delay = 2.15> <IPBlock> <Opcode : '' 'add' 'sub' 'mul' 'select'> <InPorts = 0> <OutPorts = 1> <Sync> <CReg>
ST_7 : Operation 172 [2/3] (1.05ns) (grouped into DSP with root node sum_22)   --->   "%mul_ln1010_10 = mul i24 %zext_ln1010_10, i24 %sext_ln1010_7" [G:/Project-Workspace/zynq-7020-video-pipe-3/hw/video-pipe-hw-v3/hw_011223.runs/bd_8126_hsc_0_synth_1/prj/sol/.autopilot/db/v_hscaler.cpp:1010]   --->   Operation 172 'mul' 'mul_ln1010_10' <Predicate = true> <Delay = 1.05> <CoreInst = "DSP48">   --->   Core 119 'DSP48' <Latency = 3> <II = 1> <Delay = 2.15> <IPBlock> <Opcode : '' 'add' 'sub' 'mul' 'select'> <InPorts = 0> <OutPorts = 1> <Sync> <CReg>
ST_7 : Operation 173 [1/1] (0.00ns)   --->   "%zext_ln1010_11 = zext i8 %tmp_10" [G:/Project-Workspace/zynq-7020-video-pipe-3/hw/video-pipe-hw-v3/hw_011223.runs/bd_8126_hsc_0_synth_1/prj/sol/.autopilot/db/v_hscaler.cpp:1010]   --->   Operation 173 'zext' 'zext_ln1010_11' <Predicate = true> <Delay = 0.00>
ST_7 : Operation 174 [3/3] (1.05ns) (grouped into DSP with root node sum_23)   --->   "%mul_ln1010_11 = mul i24 %zext_ln1010_11, i24 %sext_ln1010_9" [G:/Project-Workspace/zynq-7020-video-pipe-3/hw/video-pipe-hw-v3/hw_011223.runs/bd_8126_hsc_0_synth_1/prj/sol/.autopilot/db/v_hscaler.cpp:1010]   --->   Operation 174 'mul' 'mul_ln1010_11' <Predicate = true> <Delay = 1.05> <CoreInst = "DSP48">   --->   Core 119 'DSP48' <Latency = 3> <II = 1> <Delay = 2.15> <IPBlock> <Opcode : '' 'add' 'sub' 'mul' 'select'> <InPorts = 0> <OutPorts = 1> <Sync> <CReg>
ST_7 : Operation 175 [1/2] (2.10ns) (root node of the DSP)   --->   "%sum_26 = add i26 %sext_ln1010_21, i26 %sext_ln1010_22" [G:/Project-Workspace/zynq-7020-video-pipe-3/hw/video-pipe-hw-v3/hw_011223.runs/bd_8126_hsc_0_synth_1/prj/sol/.autopilot/db/v_hscaler.cpp:1010]   --->   Operation 175 'add' 'sum_26' <Predicate = true> <Delay = 2.10> <CoreInst = "DSP48">   --->   Core 119 'DSP48' <Latency = 3> <II = 1> <Delay = 2.15> <IPBlock> <Opcode : '' 'add' 'sub' 'mul' 'select'> <InPorts = 0> <OutPorts = 1> <Sync> <CReg>
ST_7 : Operation 176 [1/3] (0.00ns) (grouped into DSP with root node sum_27)   --->   "%mul_ln1010_15 = mul i24 %zext_ln1010_15, i24 %sext_ln1010_5" [G:/Project-Workspace/zynq-7020-video-pipe-3/hw/video-pipe-hw-v3/hw_011223.runs/bd_8126_hsc_0_synth_1/prj/sol/.autopilot/db/v_hscaler.cpp:1010]   --->   Operation 176 'mul' 'mul_ln1010_15' <Predicate = true> <Delay = 0.00> <CoreInst = "DSP48">   --->   Core 119 'DSP48' <Latency = 3> <II = 1> <Delay = 2.15> <IPBlock> <Opcode : '' 'add' 'sub' 'mul' 'select'> <InPorts = 0> <OutPorts = 1> <Sync> <CReg>
ST_7 : Operation 177 [1/1] (0.00ns) (grouped into DSP with root node sum_27)   --->   "%sext_ln1010_23 = sext i24 %mul_ln1010_15" [G:/Project-Workspace/zynq-7020-video-pipe-3/hw/video-pipe-hw-v3/hw_011223.runs/bd_8126_hsc_0_synth_1/prj/sol/.autopilot/db/v_hscaler.cpp:1010]   --->   Operation 177 'sext' 'sext_ln1010_23' <Predicate = true> <Delay = 0.00>
ST_7 : Operation 178 [2/2] (2.10ns) (root node of the DSP)   --->   "%sum_27 = add i26 %sum_26, i26 %sext_ln1010_23" [G:/Project-Workspace/zynq-7020-video-pipe-3/hw/video-pipe-hw-v3/hw_011223.runs/bd_8126_hsc_0_synth_1/prj/sol/.autopilot/db/v_hscaler.cpp:1010]   --->   Operation 178 'add' 'sum_27' <Predicate = true> <Delay = 2.10> <CoreInst = "DSP48">   --->   Core 119 'DSP48' <Latency = 3> <II = 1> <Delay = 2.15> <IPBlock> <Opcode : '' 'add' 'sub' 'mul' 'select'> <InPorts = 0> <OutPorts = 1> <Sync> <CReg>
ST_7 : Operation 179 [2/3] (1.05ns) (grouped into DSP with root node sum_28)   --->   "%mul_ln1010_16 = mul i24 %zext_ln1010_16, i24 %sext_ln1010_7" [G:/Project-Workspace/zynq-7020-video-pipe-3/hw/video-pipe-hw-v3/hw_011223.runs/bd_8126_hsc_0_synth_1/prj/sol/.autopilot/db/v_hscaler.cpp:1010]   --->   Operation 179 'mul' 'mul_ln1010_16' <Predicate = true> <Delay = 1.05> <CoreInst = "DSP48">   --->   Core 119 'DSP48' <Latency = 3> <II = 1> <Delay = 2.15> <IPBlock> <Opcode : '' 'add' 'sub' 'mul' 'select'> <InPorts = 0> <OutPorts = 1> <Sync> <CReg>
ST_7 : Operation 180 [1/1] (0.00ns)   --->   "%zext_ln1010_17 = zext i8 %tmp_16" [G:/Project-Workspace/zynq-7020-video-pipe-3/hw/video-pipe-hw-v3/hw_011223.runs/bd_8126_hsc_0_synth_1/prj/sol/.autopilot/db/v_hscaler.cpp:1010]   --->   Operation 180 'zext' 'zext_ln1010_17' <Predicate = true> <Delay = 0.00>
ST_7 : Operation 181 [3/3] (1.05ns) (grouped into DSP with root node sum_17)   --->   "%mul_ln1010_17 = mul i24 %zext_ln1010_17, i24 %sext_ln1010_9" [G:/Project-Workspace/zynq-7020-video-pipe-3/hw/video-pipe-hw-v3/hw_011223.runs/bd_8126_hsc_0_synth_1/prj/sol/.autopilot/db/v_hscaler.cpp:1010]   --->   Operation 181 'mul' 'mul_ln1010_17' <Predicate = true> <Delay = 1.05> <CoreInst = "DSP48">   --->   Core 119 'DSP48' <Latency = 3> <II = 1> <Delay = 2.15> <IPBlock> <Opcode : '' 'add' 'sub' 'mul' 'select'> <InPorts = 0> <OutPorts = 1> <Sync> <CReg>

State 8 <SV = 7> <Delay = 4.20>
ST_8 : Operation 182 [1/2] (2.10ns) (root node of the DSP)   --->   "%sum_3 = add i26 %sum_2, i26 %sext_ln1010_6" [G:/Project-Workspace/zynq-7020-video-pipe-3/hw/video-pipe-hw-v3/hw_011223.runs/bd_8126_hsc_0_synth_1/prj/sol/.autopilot/db/v_hscaler.cpp:1010]   --->   Operation 182 'add' 'sum_3' <Predicate = true> <Delay = 2.10> <CoreInst = "DSP48">   --->   Core 119 'DSP48' <Latency = 3> <II = 1> <Delay = 2.15> <IPBlock> <Opcode : '' 'add' 'sub' 'mul' 'select'> <InPorts = 0> <OutPorts = 1> <Sync> <CReg>
ST_8 : Operation 183 [1/1] (0.00ns)   --->   "%sext_ln1001_2 = sext i26 %sum_3" [G:/Project-Workspace/zynq-7020-video-pipe-3/hw/video-pipe-hw-v3/hw_011223.runs/bd_8126_hsc_0_synth_1/prj/sol/.autopilot/db/v_hscaler.cpp:1001]   --->   Operation 183 'sext' 'sext_ln1001_2' <Predicate = true> <Delay = 0.00>
ST_8 : Operation 184 [1/3] (0.00ns) (grouped into DSP with root node sum_4)   --->   "%mul_ln1010_4 = mul i24 %zext_ln1010_4, i24 %sext_ln1010_7" [G:/Project-Workspace/zynq-7020-video-pipe-3/hw/video-pipe-hw-v3/hw_011223.runs/bd_8126_hsc_0_synth_1/prj/sol/.autopilot/db/v_hscaler.cpp:1010]   --->   Operation 184 'mul' 'mul_ln1010_4' <Predicate = true> <Delay = 0.00> <CoreInst = "DSP48">   --->   Core 119 'DSP48' <Latency = 3> <II = 1> <Delay = 2.15> <IPBlock> <Opcode : '' 'add' 'sub' 'mul' 'select'> <InPorts = 0> <OutPorts = 1> <Sync> <CReg>
ST_8 : Operation 185 [1/1] (0.00ns) (grouped into DSP with root node sum_4)   --->   "%sext_ln1010_8 = sext i24 %mul_ln1010_4" [G:/Project-Workspace/zynq-7020-video-pipe-3/hw/video-pipe-hw-v3/hw_011223.runs/bd_8126_hsc_0_synth_1/prj/sol/.autopilot/db/v_hscaler.cpp:1010]   --->   Operation 185 'sext' 'sext_ln1010_8' <Predicate = true> <Delay = 0.00>
ST_8 : Operation 186 [2/2] (2.10ns) (root node of the DSP)   --->   "%sum_4 = add i27 %sext_ln1001_2, i27 %sext_ln1010_8" [G:/Project-Workspace/zynq-7020-video-pipe-3/hw/video-pipe-hw-v3/hw_011223.runs/bd_8126_hsc_0_synth_1/prj/sol/.autopilot/db/v_hscaler.cpp:1010]   --->   Operation 186 'add' 'sum_4' <Predicate = true> <Delay = 2.10> <CoreInst = "DSP48">   --->   Core 119 'DSP48' <Latency = 3> <II = 1> <Delay = 2.15> <IPBlock> <Opcode : '' 'add' 'sub' 'mul' 'select'> <InPorts = 0> <OutPorts = 1> <Sync> <CReg>
ST_8 : Operation 187 [2/3] (1.05ns) (grouped into DSP with root node sum_5)   --->   "%mul_ln1010_5 = mul i24 %zext_ln1010_5, i24 %sext_ln1010_9" [G:/Project-Workspace/zynq-7020-video-pipe-3/hw/video-pipe-hw-v3/hw_011223.runs/bd_8126_hsc_0_synth_1/prj/sol/.autopilot/db/v_hscaler.cpp:1010]   --->   Operation 187 'mul' 'mul_ln1010_5' <Predicate = true> <Delay = 1.05> <CoreInst = "DSP48">   --->   Core 119 'DSP48' <Latency = 3> <II = 1> <Delay = 2.15> <IPBlock> <Opcode : '' 'add' 'sub' 'mul' 'select'> <InPorts = 0> <OutPorts = 1> <Sync> <CReg>
ST_8 : Operation 188 [1/2] (2.10ns) (root node of the DSP)   --->   "%sum_21 = add i26 %sum_20, i26 %sext_ln1010_15" [G:/Project-Workspace/zynq-7020-video-pipe-3/hw/video-pipe-hw-v3/hw_011223.runs/bd_8126_hsc_0_synth_1/prj/sol/.autopilot/db/v_hscaler.cpp:1010]   --->   Operation 188 'add' 'sum_21' <Predicate = true> <Delay = 2.10> <CoreInst = "DSP48">   --->   Core 119 'DSP48' <Latency = 3> <II = 1> <Delay = 2.15> <IPBlock> <Opcode : '' 'add' 'sub' 'mul' 'select'> <InPorts = 0> <OutPorts = 1> <Sync> <CReg>
ST_8 : Operation 189 [1/1] (0.00ns)   --->   "%sext_ln1010_16 = sext i26 %sum_21" [G:/Project-Workspace/zynq-7020-video-pipe-3/hw/video-pipe-hw-v3/hw_011223.runs/bd_8126_hsc_0_synth_1/prj/sol/.autopilot/db/v_hscaler.cpp:1010]   --->   Operation 189 'sext' 'sext_ln1010_16' <Predicate = true> <Delay = 0.00>
ST_8 : Operation 190 [1/3] (0.00ns) (grouped into DSP with root node sum_22)   --->   "%mul_ln1010_10 = mul i24 %zext_ln1010_10, i24 %sext_ln1010_7" [G:/Project-Workspace/zynq-7020-video-pipe-3/hw/video-pipe-hw-v3/hw_011223.runs/bd_8126_hsc_0_synth_1/prj/sol/.autopilot/db/v_hscaler.cpp:1010]   --->   Operation 190 'mul' 'mul_ln1010_10' <Predicate = true> <Delay = 0.00> <CoreInst = "DSP48">   --->   Core 119 'DSP48' <Latency = 3> <II = 1> <Delay = 2.15> <IPBlock> <Opcode : '' 'add' 'sub' 'mul' 'select'> <InPorts = 0> <OutPorts = 1> <Sync> <CReg>
ST_8 : Operation 191 [1/1] (0.00ns) (grouped into DSP with root node sum_22)   --->   "%sext_ln1010_17 = sext i24 %mul_ln1010_10" [G:/Project-Workspace/zynq-7020-video-pipe-3/hw/video-pipe-hw-v3/hw_011223.runs/bd_8126_hsc_0_synth_1/prj/sol/.autopilot/db/v_hscaler.cpp:1010]   --->   Operation 191 'sext' 'sext_ln1010_17' <Predicate = true> <Delay = 0.00>
ST_8 : Operation 192 [2/2] (2.10ns) (root node of the DSP)   --->   "%sum_22 = add i27 %sext_ln1010_16, i27 %sext_ln1010_17" [G:/Project-Workspace/zynq-7020-video-pipe-3/hw/video-pipe-hw-v3/hw_011223.runs/bd_8126_hsc_0_synth_1/prj/sol/.autopilot/db/v_hscaler.cpp:1010]   --->   Operation 192 'add' 'sum_22' <Predicate = true> <Delay = 2.10> <CoreInst = "DSP48">   --->   Core 119 'DSP48' <Latency = 3> <II = 1> <Delay = 2.15> <IPBlock> <Opcode : '' 'add' 'sub' 'mul' 'select'> <InPorts = 0> <OutPorts = 1> <Sync> <CReg>
ST_8 : Operation 193 [2/3] (1.05ns) (grouped into DSP with root node sum_23)   --->   "%mul_ln1010_11 = mul i24 %zext_ln1010_11, i24 %sext_ln1010_9" [G:/Project-Workspace/zynq-7020-video-pipe-3/hw/video-pipe-hw-v3/hw_011223.runs/bd_8126_hsc_0_synth_1/prj/sol/.autopilot/db/v_hscaler.cpp:1010]   --->   Operation 193 'mul' 'mul_ln1010_11' <Predicate = true> <Delay = 1.05> <CoreInst = "DSP48">   --->   Core 119 'DSP48' <Latency = 3> <II = 1> <Delay = 2.15> <IPBlock> <Opcode : '' 'add' 'sub' 'mul' 'select'> <InPorts = 0> <OutPorts = 1> <Sync> <CReg>
ST_8 : Operation 194 [1/2] (2.10ns) (root node of the DSP)   --->   "%sum_27 = add i26 %sum_26, i26 %sext_ln1010_23" [G:/Project-Workspace/zynq-7020-video-pipe-3/hw/video-pipe-hw-v3/hw_011223.runs/bd_8126_hsc_0_synth_1/prj/sol/.autopilot/db/v_hscaler.cpp:1010]   --->   Operation 194 'add' 'sum_27' <Predicate = true> <Delay = 2.10> <CoreInst = "DSP48">   --->   Core 119 'DSP48' <Latency = 3> <II = 1> <Delay = 2.15> <IPBlock> <Opcode : '' 'add' 'sub' 'mul' 'select'> <InPorts = 0> <OutPorts = 1> <Sync> <CReg>
ST_8 : Operation 195 [1/1] (0.00ns)   --->   "%sext_ln1010_24 = sext i26 %sum_27" [G:/Project-Workspace/zynq-7020-video-pipe-3/hw/video-pipe-hw-v3/hw_011223.runs/bd_8126_hsc_0_synth_1/prj/sol/.autopilot/db/v_hscaler.cpp:1010]   --->   Operation 195 'sext' 'sext_ln1010_24' <Predicate = true> <Delay = 0.00>
ST_8 : Operation 196 [1/3] (0.00ns) (grouped into DSP with root node sum_28)   --->   "%mul_ln1010_16 = mul i24 %zext_ln1010_16, i24 %sext_ln1010_7" [G:/Project-Workspace/zynq-7020-video-pipe-3/hw/video-pipe-hw-v3/hw_011223.runs/bd_8126_hsc_0_synth_1/prj/sol/.autopilot/db/v_hscaler.cpp:1010]   --->   Operation 196 'mul' 'mul_ln1010_16' <Predicate = true> <Delay = 0.00> <CoreInst = "DSP48">   --->   Core 119 'DSP48' <Latency = 3> <II = 1> <Delay = 2.15> <IPBlock> <Opcode : '' 'add' 'sub' 'mul' 'select'> <InPorts = 0> <OutPorts = 1> <Sync> <CReg>
ST_8 : Operation 197 [1/1] (0.00ns) (grouped into DSP with root node sum_28)   --->   "%sext_ln1010_25 = sext i24 %mul_ln1010_16" [G:/Project-Workspace/zynq-7020-video-pipe-3/hw/video-pipe-hw-v3/hw_011223.runs/bd_8126_hsc_0_synth_1/prj/sol/.autopilot/db/v_hscaler.cpp:1010]   --->   Operation 197 'sext' 'sext_ln1010_25' <Predicate = true> <Delay = 0.00>
ST_8 : Operation 198 [2/2] (2.10ns) (root node of the DSP)   --->   "%sum_28 = add i27 %sext_ln1010_24, i27 %sext_ln1010_25" [G:/Project-Workspace/zynq-7020-video-pipe-3/hw/video-pipe-hw-v3/hw_011223.runs/bd_8126_hsc_0_synth_1/prj/sol/.autopilot/db/v_hscaler.cpp:1010]   --->   Operation 198 'add' 'sum_28' <Predicate = true> <Delay = 2.10> <CoreInst = "DSP48">   --->   Core 119 'DSP48' <Latency = 3> <II = 1> <Delay = 2.15> <IPBlock> <Opcode : '' 'add' 'sub' 'mul' 'select'> <InPorts = 0> <OutPorts = 1> <Sync> <CReg>
ST_8 : Operation 199 [2/3] (1.05ns) (grouped into DSP with root node sum_17)   --->   "%mul_ln1010_17 = mul i24 %zext_ln1010_17, i24 %sext_ln1010_9" [G:/Project-Workspace/zynq-7020-video-pipe-3/hw/video-pipe-hw-v3/hw_011223.runs/bd_8126_hsc_0_synth_1/prj/sol/.autopilot/db/v_hscaler.cpp:1010]   --->   Operation 199 'mul' 'mul_ln1010_17' <Predicate = true> <Delay = 1.05> <CoreInst = "DSP48">   --->   Core 119 'DSP48' <Latency = 3> <II = 1> <Delay = 2.15> <IPBlock> <Opcode : '' 'add' 'sub' 'mul' 'select'> <InPorts = 0> <OutPorts = 1> <Sync> <CReg>

State 9 <SV = 8> <Delay = 4.20>
ST_9 : Operation 200 [1/2] (2.10ns) (root node of the DSP)   --->   "%sum_4 = add i27 %sext_ln1001_2, i27 %sext_ln1010_8" [G:/Project-Workspace/zynq-7020-video-pipe-3/hw/video-pipe-hw-v3/hw_011223.runs/bd_8126_hsc_0_synth_1/prj/sol/.autopilot/db/v_hscaler.cpp:1010]   --->   Operation 200 'add' 'sum_4' <Predicate = true> <Delay = 2.10> <CoreInst = "DSP48">   --->   Core 119 'DSP48' <Latency = 3> <II = 1> <Delay = 2.15> <IPBlock> <Opcode : '' 'add' 'sub' 'mul' 'select'> <InPorts = 0> <OutPorts = 1> <Sync> <CReg>
ST_9 : Operation 201 [1/3] (0.00ns) (grouped into DSP with root node sum_5)   --->   "%mul_ln1010_5 = mul i24 %zext_ln1010_5, i24 %sext_ln1010_9" [G:/Project-Workspace/zynq-7020-video-pipe-3/hw/video-pipe-hw-v3/hw_011223.runs/bd_8126_hsc_0_synth_1/prj/sol/.autopilot/db/v_hscaler.cpp:1010]   --->   Operation 201 'mul' 'mul_ln1010_5' <Predicate = true> <Delay = 0.00> <CoreInst = "DSP48">   --->   Core 119 'DSP48' <Latency = 3> <II = 1> <Delay = 2.15> <IPBlock> <Opcode : '' 'add' 'sub' 'mul' 'select'> <InPorts = 0> <OutPorts = 1> <Sync> <CReg>
ST_9 : Operation 202 [1/1] (0.00ns) (grouped into DSP with root node sum_5)   --->   "%sext_ln1010_10 = sext i24 %mul_ln1010_5" [G:/Project-Workspace/zynq-7020-video-pipe-3/hw/video-pipe-hw-v3/hw_011223.runs/bd_8126_hsc_0_synth_1/prj/sol/.autopilot/db/v_hscaler.cpp:1010]   --->   Operation 202 'sext' 'sext_ln1010_10' <Predicate = true> <Delay = 0.00>
ST_9 : Operation 203 [2/2] (2.10ns) (root node of the DSP)   --->   "%sum_5 = add i27 %sum_4, i27 %sext_ln1010_10" [G:/Project-Workspace/zynq-7020-video-pipe-3/hw/video-pipe-hw-v3/hw_011223.runs/bd_8126_hsc_0_synth_1/prj/sol/.autopilot/db/v_hscaler.cpp:1010]   --->   Operation 203 'add' 'sum_5' <Predicate = true> <Delay = 2.10> <CoreInst = "DSP48">   --->   Core 119 'DSP48' <Latency = 3> <II = 1> <Delay = 2.15> <IPBlock> <Opcode : '' 'add' 'sub' 'mul' 'select'> <InPorts = 0> <OutPorts = 1> <Sync> <CReg>
ST_9 : Operation 204 [1/2] (2.10ns) (root node of the DSP)   --->   "%sum_22 = add i27 %sext_ln1010_16, i27 %sext_ln1010_17" [G:/Project-Workspace/zynq-7020-video-pipe-3/hw/video-pipe-hw-v3/hw_011223.runs/bd_8126_hsc_0_synth_1/prj/sol/.autopilot/db/v_hscaler.cpp:1010]   --->   Operation 204 'add' 'sum_22' <Predicate = true> <Delay = 2.10> <CoreInst = "DSP48">   --->   Core 119 'DSP48' <Latency = 3> <II = 1> <Delay = 2.15> <IPBlock> <Opcode : '' 'add' 'sub' 'mul' 'select'> <InPorts = 0> <OutPorts = 1> <Sync> <CReg>
ST_9 : Operation 205 [1/3] (0.00ns) (grouped into DSP with root node sum_23)   --->   "%mul_ln1010_11 = mul i24 %zext_ln1010_11, i24 %sext_ln1010_9" [G:/Project-Workspace/zynq-7020-video-pipe-3/hw/video-pipe-hw-v3/hw_011223.runs/bd_8126_hsc_0_synth_1/prj/sol/.autopilot/db/v_hscaler.cpp:1010]   --->   Operation 205 'mul' 'mul_ln1010_11' <Predicate = true> <Delay = 0.00> <CoreInst = "DSP48">   --->   Core 119 'DSP48' <Latency = 3> <II = 1> <Delay = 2.15> <IPBlock> <Opcode : '' 'add' 'sub' 'mul' 'select'> <InPorts = 0> <OutPorts = 1> <Sync> <CReg>
ST_9 : Operation 206 [1/1] (0.00ns) (grouped into DSP with root node sum_23)   --->   "%sext_ln1010_18 = sext i24 %mul_ln1010_11" [G:/Project-Workspace/zynq-7020-video-pipe-3/hw/video-pipe-hw-v3/hw_011223.runs/bd_8126_hsc_0_synth_1/prj/sol/.autopilot/db/v_hscaler.cpp:1010]   --->   Operation 206 'sext' 'sext_ln1010_18' <Predicate = true> <Delay = 0.00>
ST_9 : Operation 207 [2/2] (2.10ns) (root node of the DSP)   --->   "%sum_23 = add i27 %sum_22, i27 %sext_ln1010_18" [G:/Project-Workspace/zynq-7020-video-pipe-3/hw/video-pipe-hw-v3/hw_011223.runs/bd_8126_hsc_0_synth_1/prj/sol/.autopilot/db/v_hscaler.cpp:1010]   --->   Operation 207 'add' 'sum_23' <Predicate = true> <Delay = 2.10> <CoreInst = "DSP48">   --->   Core 119 'DSP48' <Latency = 3> <II = 1> <Delay = 2.15> <IPBlock> <Opcode : '' 'add' 'sub' 'mul' 'select'> <InPorts = 0> <OutPorts = 1> <Sync> <CReg>
ST_9 : Operation 208 [1/2] (2.10ns) (root node of the DSP)   --->   "%sum_28 = add i27 %sext_ln1010_24, i27 %sext_ln1010_25" [G:/Project-Workspace/zynq-7020-video-pipe-3/hw/video-pipe-hw-v3/hw_011223.runs/bd_8126_hsc_0_synth_1/prj/sol/.autopilot/db/v_hscaler.cpp:1010]   --->   Operation 208 'add' 'sum_28' <Predicate = true> <Delay = 2.10> <CoreInst = "DSP48">   --->   Core 119 'DSP48' <Latency = 3> <II = 1> <Delay = 2.15> <IPBlock> <Opcode : '' 'add' 'sub' 'mul' 'select'> <InPorts = 0> <OutPorts = 1> <Sync> <CReg>
ST_9 : Operation 209 [1/3] (0.00ns) (grouped into DSP with root node sum_17)   --->   "%mul_ln1010_17 = mul i24 %zext_ln1010_17, i24 %sext_ln1010_9" [G:/Project-Workspace/zynq-7020-video-pipe-3/hw/video-pipe-hw-v3/hw_011223.runs/bd_8126_hsc_0_synth_1/prj/sol/.autopilot/db/v_hscaler.cpp:1010]   --->   Operation 209 'mul' 'mul_ln1010_17' <Predicate = true> <Delay = 0.00> <CoreInst = "DSP48">   --->   Core 119 'DSP48' <Latency = 3> <II = 1> <Delay = 2.15> <IPBlock> <Opcode : '' 'add' 'sub' 'mul' 'select'> <InPorts = 0> <OutPorts = 1> <Sync> <CReg>
ST_9 : Operation 210 [1/1] (0.00ns) (grouped into DSP with root node sum_17)   --->   "%sext_ln1010_26 = sext i24 %mul_ln1010_17" [G:/Project-Workspace/zynq-7020-video-pipe-3/hw/video-pipe-hw-v3/hw_011223.runs/bd_8126_hsc_0_synth_1/prj/sol/.autopilot/db/v_hscaler.cpp:1010]   --->   Operation 210 'sext' 'sext_ln1010_26' <Predicate = true> <Delay = 0.00>
ST_9 : Operation 211 [2/2] (2.10ns) (root node of the DSP)   --->   "%sum_17 = add i27 %sum_28, i27 %sext_ln1010_26" [G:/Project-Workspace/zynq-7020-video-pipe-3/hw/video-pipe-hw-v3/hw_011223.runs/bd_8126_hsc_0_synth_1/prj/sol/.autopilot/db/v_hscaler.cpp:1010]   --->   Operation 211 'add' 'sum_17' <Predicate = true> <Delay = 2.10> <CoreInst = "DSP48">   --->   Core 119 'DSP48' <Latency = 3> <II = 1> <Delay = 2.15> <IPBlock> <Opcode : '' 'add' 'sub' 'mul' 'select'> <InPorts = 0> <OutPorts = 1> <Sync> <CReg>

State 10 <SV = 9> <Delay = 3.97>
ST_10 : Operation 212 [1/2] (2.10ns) (root node of the DSP)   --->   "%sum_5 = add i27 %sum_4, i27 %sext_ln1010_10" [G:/Project-Workspace/zynq-7020-video-pipe-3/hw/video-pipe-hw-v3/hw_011223.runs/bd_8126_hsc_0_synth_1/prj/sol/.autopilot/db/v_hscaler.cpp:1010]   --->   Operation 212 'add' 'sum_5' <Predicate = true> <Delay = 2.10> <CoreInst = "DSP48">   --->   Core 119 'DSP48' <Latency = 3> <II = 1> <Delay = 2.15> <IPBlock> <Opcode : '' 'add' 'sub' 'mul' 'select'> <InPorts = 0> <OutPorts = 1> <Sync> <CReg>
ST_10 : Operation 213 [1/1] (0.00ns)   --->   "%tmp_17 = bitselect i1 @_ssdm_op_BitSelect.i1.i27.i32, i27 %sum_5, i32 26" [G:/Project-Workspace/zynq-7020-video-pipe-3/hw/video-pipe-hw-v3/hw_011223.runs/bd_8126_hsc_0_synth_1/prj/sol/.autopilot/db/v_hscaler.cpp:1013]   --->   Operation 213 'bitselect' 'tmp_17' <Predicate = true> <Delay = 0.00>
ST_10 : Operation 214 [1/1] (0.00ns)   --->   "%tmp_18 = partselect i7 @_ssdm_op_PartSelect.i7.i27.i32.i32, i27 %sum_5, i32 20, i32 26" [G:/Project-Workspace/zynq-7020-video-pipe-3/hw/video-pipe-hw-v3/hw_011223.runs/bd_8126_hsc_0_synth_1/prj/sol/.autopilot/db/v_hscaler.cpp:1013]   --->   Operation 214 'partselect' 'tmp_18' <Predicate = true> <Delay = 0.00>
ST_10 : Operation 215 [1/1] (1.87ns)   --->   "%icmp_ln1013 = icmp_sgt  i7 %tmp_18, i7 0" [G:/Project-Workspace/zynq-7020-video-pipe-3/hw/video-pipe-hw-v3/hw_011223.runs/bd_8126_hsc_0_synth_1/prj/sol/.autopilot/db/v_hscaler.cpp:1013]   --->   Operation 215 'icmp' 'icmp_ln1013' <Predicate = true> <Delay = 1.87> <CoreInst = "Cmp">   --->   Core 9 'Cmp' <Latency = 0> <II = 1> <Delay = 1.87> <FuncUnit> <Opcode : 'icmp'> <InPorts = 2> <OutPorts = 1>
ST_10 : Operation 216 [1/2] (2.10ns) (root node of the DSP)   --->   "%sum_23 = add i27 %sum_22, i27 %sext_ln1010_18" [G:/Project-Workspace/zynq-7020-video-pipe-3/hw/video-pipe-hw-v3/hw_011223.runs/bd_8126_hsc_0_synth_1/prj/sol/.autopilot/db/v_hscaler.cpp:1010]   --->   Operation 216 'add' 'sum_23' <Predicate = true> <Delay = 2.10> <CoreInst = "DSP48">   --->   Core 119 'DSP48' <Latency = 3> <II = 1> <Delay = 2.15> <IPBlock> <Opcode : '' 'add' 'sub' 'mul' 'select'> <InPorts = 0> <OutPorts = 1> <Sync> <CReg>
ST_10 : Operation 217 [1/1] (0.00ns)   --->   "%tmp_19 = bitselect i1 @_ssdm_op_BitSelect.i1.i27.i32, i27 %sum_23, i32 26" [G:/Project-Workspace/zynq-7020-video-pipe-3/hw/video-pipe-hw-v3/hw_011223.runs/bd_8126_hsc_0_synth_1/prj/sol/.autopilot/db/v_hscaler.cpp:1013]   --->   Operation 217 'bitselect' 'tmp_19' <Predicate = true> <Delay = 0.00>
ST_10 : Operation 218 [1/1] (0.00ns)   --->   "%tmp_20 = partselect i7 @_ssdm_op_PartSelect.i7.i27.i32.i32, i27 %sum_23, i32 20, i32 26" [G:/Project-Workspace/zynq-7020-video-pipe-3/hw/video-pipe-hw-v3/hw_011223.runs/bd_8126_hsc_0_synth_1/prj/sol/.autopilot/db/v_hscaler.cpp:1013]   --->   Operation 218 'partselect' 'tmp_20' <Predicate = true> <Delay = 0.00>
ST_10 : Operation 219 [1/1] (1.87ns)   --->   "%icmp_ln1013_1 = icmp_sgt  i7 %tmp_20, i7 0" [G:/Project-Workspace/zynq-7020-video-pipe-3/hw/video-pipe-hw-v3/hw_011223.runs/bd_8126_hsc_0_synth_1/prj/sol/.autopilot/db/v_hscaler.cpp:1013]   --->   Operation 219 'icmp' 'icmp_ln1013_1' <Predicate = true> <Delay = 1.87> <CoreInst = "Cmp">   --->   Core 9 'Cmp' <Latency = 0> <II = 1> <Delay = 1.87> <FuncUnit> <Opcode : 'icmp'> <InPorts = 2> <OutPorts = 1>
ST_10 : Operation 220 [1/2] (2.10ns) (root node of the DSP)   --->   "%sum_17 = add i27 %sum_28, i27 %sext_ln1010_26" [G:/Project-Workspace/zynq-7020-video-pipe-3/hw/video-pipe-hw-v3/hw_011223.runs/bd_8126_hsc_0_synth_1/prj/sol/.autopilot/db/v_hscaler.cpp:1010]   --->   Operation 220 'add' 'sum_17' <Predicate = true> <Delay = 2.10> <CoreInst = "DSP48">   --->   Core 119 'DSP48' <Latency = 3> <II = 1> <Delay = 2.15> <IPBlock> <Opcode : '' 'add' 'sub' 'mul' 'select'> <InPorts = 0> <OutPorts = 1> <Sync> <CReg>
ST_10 : Operation 221 [1/1] (0.00ns)   --->   "%tmp_21 = bitselect i1 @_ssdm_op_BitSelect.i1.i27.i32, i27 %sum_17, i32 26" [G:/Project-Workspace/zynq-7020-video-pipe-3/hw/video-pipe-hw-v3/hw_011223.runs/bd_8126_hsc_0_synth_1/prj/sol/.autopilot/db/v_hscaler.cpp:1013]   --->   Operation 221 'bitselect' 'tmp_21' <Predicate = true> <Delay = 0.00>
ST_10 : Operation 222 [1/1] (0.00ns)   --->   "%tmp_22 = partselect i7 @_ssdm_op_PartSelect.i7.i27.i32.i32, i27 %sum_17, i32 20, i32 26" [G:/Project-Workspace/zynq-7020-video-pipe-3/hw/video-pipe-hw-v3/hw_011223.runs/bd_8126_hsc_0_synth_1/prj/sol/.autopilot/db/v_hscaler.cpp:1013]   --->   Operation 222 'partselect' 'tmp_22' <Predicate = true> <Delay = 0.00>
ST_10 : Operation 223 [1/1] (1.87ns)   --->   "%icmp_ln1013_2 = icmp_sgt  i7 %tmp_22, i7 0" [G:/Project-Workspace/zynq-7020-video-pipe-3/hw/video-pipe-hw-v3/hw_011223.runs/bd_8126_hsc_0_synth_1/prj/sol/.autopilot/db/v_hscaler.cpp:1013]   --->   Operation 223 'icmp' 'icmp_ln1013_2' <Predicate = true> <Delay = 1.87> <CoreInst = "Cmp">   --->   Core 9 'Cmp' <Latency = 0> <II = 1> <Delay = 1.87> <FuncUnit> <Opcode : 'icmp'> <InPorts = 2> <OutPorts = 1>

State 11 <SV = 10> <Delay = 1.24>
ST_11 : Operation 224 [1/1] (0.00ns)   --->   "%specmemcore_ln0 = specmemcore void @_ssdm_op_SpecMemCore, i16 %FiltCoeff_0, i64 666, i64 19, i64 18446744073709551615"   --->   Operation 224 'specmemcore' 'specmemcore_ln0' <Predicate = true> <Delay = 0.00>
ST_11 : Operation 225 [1/1] (0.00ns)   --->   "%specmemcore_ln0 = specmemcore void @_ssdm_op_SpecMemCore, i16 %FiltCoeff_1, i64 666, i64 19, i64 18446744073709551615"   --->   Operation 225 'specmemcore' 'specmemcore_ln0' <Predicate = true> <Delay = 0.00>
ST_11 : Operation 226 [1/1] (0.00ns)   --->   "%specmemcore_ln0 = specmemcore void @_ssdm_op_SpecMemCore, i16 %FiltCoeff_2, i64 666, i64 19, i64 18446744073709551615"   --->   Operation 226 'specmemcore' 'specmemcore_ln0' <Predicate = true> <Delay = 0.00>
ST_11 : Operation 227 [1/1] (0.00ns)   --->   "%specmemcore_ln0 = specmemcore void @_ssdm_op_SpecMemCore, i16 %FiltCoeff_3, i64 666, i64 19, i64 18446744073709551615"   --->   Operation 227 'specmemcore' 'specmemcore_ln0' <Predicate = true> <Delay = 0.00>
ST_11 : Operation 228 [1/1] (0.00ns)   --->   "%specmemcore_ln0 = specmemcore void @_ssdm_op_SpecMemCore, i16 %FiltCoeff_4, i64 666, i64 19, i64 18446744073709551615"   --->   Operation 228 'specmemcore' 'specmemcore_ln0' <Predicate = true> <Delay = 0.00>
ST_11 : Operation 229 [1/1] (0.00ns)   --->   "%specmemcore_ln0 = specmemcore void @_ssdm_op_SpecMemCore, i16 %FiltCoeff_5, i64 666, i64 19, i64 18446744073709551615"   --->   Operation 229 'specmemcore' 'specmemcore_ln0' <Predicate = true> <Delay = 0.00>
ST_11 : Operation 230 [1/1] (0.00ns) (grouped into LUT with out node select_ln1015)   --->   "%trunc_ln = partselect i8 @_ssdm_op_PartSelect.i8.i27.i32.i32, i27 %sum_5, i32 12, i32 19" [G:/Project-Workspace/zynq-7020-video-pipe-3/hw/video-pipe-hw-v3/hw_011223.runs/bd_8126_hsc_0_synth_1/prj/sol/.autopilot/db/v_hscaler.cpp:1015]   --->   Operation 230 'partselect' 'trunc_ln' <Predicate = true> <Delay = 0.00>
ST_11 : Operation 231 [1/1] (0.00ns) (grouped into LUT with out node select_ln1015)   --->   "%xor_ln1015 = xor i1 %tmp_17, i1 1" [G:/Project-Workspace/zynq-7020-video-pipe-3/hw/video-pipe-hw-v3/hw_011223.runs/bd_8126_hsc_0_synth_1/prj/sol/.autopilot/db/v_hscaler.cpp:1015]   --->   Operation 231 'xor' 'xor_ln1015' <Predicate = true> <Delay = 0.00> <CoreInst = "LogicGate">   --->   Core 74 'LogicGate' <Latency = 0> <II = 1> <Delay = 0.97> <FuncUnit> <Opcode : 'and' 'or' 'xor'> <InPorts = 2> <OutPorts = 1>
ST_11 : Operation 232 [1/1] (0.00ns) (grouped into LUT with out node select_ln1015)   --->   "%select_ln1015_3 = select i1 %xor_ln1015, i8 255, i8 0" [G:/Project-Workspace/zynq-7020-video-pipe-3/hw/video-pipe-hw-v3/hw_011223.runs/bd_8126_hsc_0_synth_1/prj/sol/.autopilot/db/v_hscaler.cpp:1015]   --->   Operation 232 'select' 'select_ln1015_3' <Predicate = true> <Delay = 0.00> <CoreInst = "Sel">   --->   Core 73 'Sel' <Latency = 0> <II = 1> <Delay = 0.99> <FuncUnit> <Opcode : 'select'> <InPorts = 3> <OutPorts = 1>
ST_11 : Operation 233 [1/1] (0.00ns) (grouped into LUT with out node select_ln1015)   --->   "%or_ln1015 = or i1 %tmp_17, i1 %icmp_ln1013" [G:/Project-Workspace/zynq-7020-video-pipe-3/hw/video-pipe-hw-v3/hw_011223.runs/bd_8126_hsc_0_synth_1/prj/sol/.autopilot/db/v_hscaler.cpp:1015]   --->   Operation 233 'or' 'or_ln1015' <Predicate = true> <Delay = 0.00> <CoreInst = "LogicGate">   --->   Core 74 'LogicGate' <Latency = 0> <II = 1> <Delay = 0.97> <FuncUnit> <Opcode : 'and' 'or' 'xor'> <InPorts = 2> <OutPorts = 1>
ST_11 : Operation 234 [1/1] (1.24ns) (out node of the LUT)   --->   "%select_ln1015 = select i1 %or_ln1015, i8 %select_ln1015_3, i8 %trunc_ln" [G:/Project-Workspace/zynq-7020-video-pipe-3/hw/video-pipe-hw-v3/hw_011223.runs/bd_8126_hsc_0_synth_1/prj/sol/.autopilot/db/v_hscaler.cpp:1015]   --->   Operation 234 'select' 'select_ln1015' <Predicate = true> <Delay = 1.24> <CoreInst = "Sel">   --->   Core 73 'Sel' <Latency = 0> <II = 1> <Delay = 1.24> <FuncUnit> <Opcode : 'select'> <InPorts = 3> <OutPorts = 1>
ST_11 : Operation 235 [1/1] (0.00ns) (grouped into LUT with out node select_ln1015_1)   --->   "%trunc_ln1015_1 = partselect i8 @_ssdm_op_PartSelect.i8.i27.i32.i32, i27 %sum_23, i32 12, i32 19" [G:/Project-Workspace/zynq-7020-video-pipe-3/hw/video-pipe-hw-v3/hw_011223.runs/bd_8126_hsc_0_synth_1/prj/sol/.autopilot/db/v_hscaler.cpp:1015]   --->   Operation 235 'partselect' 'trunc_ln1015_1' <Predicate = true> <Delay = 0.00>
ST_11 : Operation 236 [1/1] (0.00ns) (grouped into LUT with out node select_ln1015_1)   --->   "%xor_ln1015_1 = xor i1 %tmp_19, i1 1" [G:/Project-Workspace/zynq-7020-video-pipe-3/hw/video-pipe-hw-v3/hw_011223.runs/bd_8126_hsc_0_synth_1/prj/sol/.autopilot/db/v_hscaler.cpp:1015]   --->   Operation 236 'xor' 'xor_ln1015_1' <Predicate = true> <Delay = 0.00> <CoreInst = "LogicGate">   --->   Core 74 'LogicGate' <Latency = 0> <II = 1> <Delay = 0.97> <FuncUnit> <Opcode : 'and' 'or' 'xor'> <InPorts = 2> <OutPorts = 1>
ST_11 : Operation 237 [1/1] (0.00ns) (grouped into LUT with out node select_ln1015_1)   --->   "%select_ln1015_4 = select i1 %xor_ln1015_1, i8 255, i8 0" [G:/Project-Workspace/zynq-7020-video-pipe-3/hw/video-pipe-hw-v3/hw_011223.runs/bd_8126_hsc_0_synth_1/prj/sol/.autopilot/db/v_hscaler.cpp:1015]   --->   Operation 237 'select' 'select_ln1015_4' <Predicate = true> <Delay = 0.00> <CoreInst = "Sel">   --->   Core 73 'Sel' <Latency = 0> <II = 1> <Delay = 0.99> <FuncUnit> <Opcode : 'select'> <InPorts = 3> <OutPorts = 1>
ST_11 : Operation 238 [1/1] (0.00ns) (grouped into LUT with out node select_ln1015_1)   --->   "%or_ln1015_1 = or i1 %tmp_19, i1 %icmp_ln1013_1" [G:/Project-Workspace/zynq-7020-video-pipe-3/hw/video-pipe-hw-v3/hw_011223.runs/bd_8126_hsc_0_synth_1/prj/sol/.autopilot/db/v_hscaler.cpp:1015]   --->   Operation 238 'or' 'or_ln1015_1' <Predicate = true> <Delay = 0.00> <CoreInst = "LogicGate">   --->   Core 74 'LogicGate' <Latency = 0> <II = 1> <Delay = 0.97> <FuncUnit> <Opcode : 'and' 'or' 'xor'> <InPorts = 2> <OutPorts = 1>
ST_11 : Operation 239 [1/1] (1.24ns) (out node of the LUT)   --->   "%select_ln1015_1 = select i1 %or_ln1015_1, i8 %select_ln1015_4, i8 %trunc_ln1015_1" [G:/Project-Workspace/zynq-7020-video-pipe-3/hw/video-pipe-hw-v3/hw_011223.runs/bd_8126_hsc_0_synth_1/prj/sol/.autopilot/db/v_hscaler.cpp:1015]   --->   Operation 239 'select' 'select_ln1015_1' <Predicate = true> <Delay = 1.24> <CoreInst = "Sel">   --->   Core 73 'Sel' <Latency = 0> <II = 1> <Delay = 1.24> <FuncUnit> <Opcode : 'select'> <InPorts = 3> <OutPorts = 1>
ST_11 : Operation 240 [1/1] (0.00ns) (grouped into LUT with out node select_ln1015_2)   --->   "%trunc_ln1015_2 = partselect i8 @_ssdm_op_PartSelect.i8.i27.i32.i32, i27 %sum_17, i32 12, i32 19" [G:/Project-Workspace/zynq-7020-video-pipe-3/hw/video-pipe-hw-v3/hw_011223.runs/bd_8126_hsc_0_synth_1/prj/sol/.autopilot/db/v_hscaler.cpp:1015]   --->   Operation 240 'partselect' 'trunc_ln1015_2' <Predicate = true> <Delay = 0.00>
ST_11 : Operation 241 [1/1] (0.00ns) (grouped into LUT with out node select_ln1015_2)   --->   "%xor_ln1015_2 = xor i1 %tmp_21, i1 1" [G:/Project-Workspace/zynq-7020-video-pipe-3/hw/video-pipe-hw-v3/hw_011223.runs/bd_8126_hsc_0_synth_1/prj/sol/.autopilot/db/v_hscaler.cpp:1015]   --->   Operation 241 'xor' 'xor_ln1015_2' <Predicate = true> <Delay = 0.00> <CoreInst = "LogicGate">   --->   Core 74 'LogicGate' <Latency = 0> <II = 1> <Delay = 0.97> <FuncUnit> <Opcode : 'and' 'or' 'xor'> <InPorts = 2> <OutPorts = 1>
ST_11 : Operation 242 [1/1] (0.00ns) (grouped into LUT with out node select_ln1015_2)   --->   "%select_ln1015_5 = select i1 %xor_ln1015_2, i8 255, i8 0" [G:/Project-Workspace/zynq-7020-video-pipe-3/hw/video-pipe-hw-v3/hw_011223.runs/bd_8126_hsc_0_synth_1/prj/sol/.autopilot/db/v_hscaler.cpp:1015]   --->   Operation 242 'select' 'select_ln1015_5' <Predicate = true> <Delay = 0.00> <CoreInst = "Sel">   --->   Core 73 'Sel' <Latency = 0> <II = 1> <Delay = 0.99> <FuncUnit> <Opcode : 'select'> <InPorts = 3> <OutPorts = 1>
ST_11 : Operation 243 [1/1] (0.00ns) (grouped into LUT with out node select_ln1015_2)   --->   "%or_ln1015_2 = or i1 %tmp_21, i1 %icmp_ln1013_2" [G:/Project-Workspace/zynq-7020-video-pipe-3/hw/video-pipe-hw-v3/hw_011223.runs/bd_8126_hsc_0_synth_1/prj/sol/.autopilot/db/v_hscaler.cpp:1015]   --->   Operation 243 'or' 'or_ln1015_2' <Predicate = true> <Delay = 0.00> <CoreInst = "LogicGate">   --->   Core 74 'LogicGate' <Latency = 0> <II = 1> <Delay = 0.97> <FuncUnit> <Opcode : 'and' 'or' 'xor'> <InPorts = 2> <OutPorts = 1>
ST_11 : Operation 244 [1/1] (1.24ns) (out node of the LUT)   --->   "%select_ln1015_2 = select i1 %or_ln1015_2, i8 %select_ln1015_5, i8 %trunc_ln1015_2" [G:/Project-Workspace/zynq-7020-video-pipe-3/hw/video-pipe-hw-v3/hw_011223.runs/bd_8126_hsc_0_synth_1/prj/sol/.autopilot/db/v_hscaler.cpp:1015]   --->   Operation 244 'select' 'select_ln1015_2' <Predicate = true> <Delay = 1.24> <CoreInst = "Sel">   --->   Core 73 'Sel' <Latency = 0> <II = 1> <Delay = 1.24> <FuncUnit> <Opcode : 'select'> <InPorts = 3> <OutPorts = 1>
ST_11 : Operation 245 [1/1] (0.00ns)   --->   "%mrv = insertvalue i24 <undef>, i8 %select_ln1015" [G:/Project-Workspace/zynq-7020-video-pipe-3/hw/video-pipe-hw-v3/hw_011223.runs/bd_8126_hsc_0_synth_1/prj/sol/.autopilot/db/v_hscaler.cpp:1018]   --->   Operation 245 'insertvalue' 'mrv' <Predicate = true> <Delay = 0.00>
ST_11 : Operation 246 [1/1] (0.00ns)   --->   "%mrv_1 = insertvalue i24 %mrv, i8 %select_ln1015_1" [G:/Project-Workspace/zynq-7020-video-pipe-3/hw/video-pipe-hw-v3/hw_011223.runs/bd_8126_hsc_0_synth_1/prj/sol/.autopilot/db/v_hscaler.cpp:1018]   --->   Operation 246 'insertvalue' 'mrv_1' <Predicate = true> <Delay = 0.00>
ST_11 : Operation 247 [1/1] (0.00ns)   --->   "%mrv_2 = insertvalue i24 %mrv_1, i8 %select_ln1015_2" [G:/Project-Workspace/zynq-7020-video-pipe-3/hw/video-pipe-hw-v3/hw_011223.runs/bd_8126_hsc_0_synth_1/prj/sol/.autopilot/db/v_hscaler.cpp:1018]   --->   Operation 247 'insertvalue' 'mrv_2' <Predicate = true> <Delay = 0.00>
ST_11 : Operation 248 [1/1] (0.00ns)   --->   "%ret_ln1018 = ret i24 %mrv_2" [G:/Project-Workspace/zynq-7020-video-pipe-3/hw/video-pipe-hw-v3/hw_011223.runs/bd_8126_hsc_0_synth_1/prj/sol/.autopilot/db/v_hscaler.cpp:1018]   --->   Operation 248 'ret' 'ret_ln1018' <Predicate = true> <Delay = 0.00>


============================================================
+ Verbose Summary: Binding
============================================================
STG Binding: 
---------------- STG Properties BEGIN ----------------
- Is combinational: 0
- Is one-state seq: 0
- Is datapath-only: 0
- Is pipelined: 1
- Is top level: 0
Port [ Return ] is wired: 1; IO mode=ap_ctrl_hs:ce=0
Port [ FiltCoeff_0]:  wired=1; compound=1; hidden=0; nouse=0; global=0; static=0; extern=0; dir=0; type=1; pingpong=0; private_global=0; MemPort=[1]; IO mode=ap_memory:ce=0
Port [ FiltCoeff_1]:  wired=1; compound=1; hidden=0; nouse=0; global=0; static=0; extern=0; dir=0; type=1; pingpong=0; private_global=0; MemPort=[1]; IO mode=ap_memory:ce=0
Port [ FiltCoeff_2]:  wired=1; compound=1; hidden=0; nouse=0; global=0; static=0; extern=0; dir=0; type=1; pingpong=0; private_global=0; MemPort=[1]; IO mode=ap_memory:ce=0
Port [ FiltCoeff_3]:  wired=1; compound=1; hidden=0; nouse=0; global=0; static=0; extern=0; dir=0; type=1; pingpong=0; private_global=0; MemPort=[1]; IO mode=ap_memory:ce=0
Port [ FiltCoeff_4]:  wired=1; compound=1; hidden=0; nouse=0; global=0; static=0; extern=0; dir=0; type=1; pingpong=0; private_global=0; MemPort=[1]; IO mode=ap_memory:ce=0
Port [ FiltCoeff_5]:  wired=1; compound=1; hidden=0; nouse=0; global=0; static=0; extern=0; dir=0; type=1; pingpong=0; private_global=0; MemPort=[1]; IO mode=ap_memory:ce=0
Port [ PixArray_0_0_val]:  wired=1; compound=0; hidden=0; nouse=0; global=0; static=0; extern=0; dir=0; type=0; pingpong=0; private_global=0; IO mode=ap_none:ce=0
Port [ PixArray_0_1_val]:  wired=1; compound=0; hidden=0; nouse=0; global=0; static=0; extern=0; dir=0; type=0; pingpong=0; private_global=0; IO mode=ap_none:ce=0
Port [ PixArray_0_2_val]:  wired=1; compound=0; hidden=0; nouse=0; global=0; static=0; extern=0; dir=0; type=0; pingpong=0; private_global=0; IO mode=ap_none:ce=0
Port [ PixArray_1_0_val]:  wired=1; compound=0; hidden=0; nouse=0; global=0; static=0; extern=0; dir=0; type=0; pingpong=0; private_global=0; IO mode=ap_none:ce=0
Port [ PixArray_1_1_val]:  wired=1; compound=0; hidden=0; nouse=0; global=0; static=0; extern=0; dir=0; type=0; pingpong=0; private_global=0; IO mode=ap_none:ce=0
Port [ PixArray_1_2_val]:  wired=1; compound=0; hidden=0; nouse=0; global=0; static=0; extern=0; dir=0; type=0; pingpong=0; private_global=0; IO mode=ap_none:ce=0
Port [ PixArray_2_0_val]:  wired=1; compound=0; hidden=0; nouse=0; global=0; static=0; extern=0; dir=0; type=0; pingpong=0; private_global=0; IO mode=ap_none:ce=0
Port [ PixArray_2_1_val]:  wired=1; compound=0; hidden=0; nouse=0; global=0; static=0; extern=0; dir=0; type=0; pingpong=0; private_global=0; IO mode=ap_none:ce=0
Port [ PixArray_2_2_val]:  wired=1; compound=0; hidden=0; nouse=0; global=0; static=0; extern=0; dir=0; type=0; pingpong=0; private_global=0; IO mode=ap_none:ce=0
Port [ PixArray_3_0_val]:  wired=1; compound=0; hidden=0; nouse=0; global=0; static=0; extern=0; dir=0; type=0; pingpong=0; private_global=0; IO mode=ap_none:ce=0
Port [ PixArray_3_1_val]:  wired=1; compound=0; hidden=0; nouse=0; global=0; static=0; extern=0; dir=0; type=0; pingpong=0; private_global=0; IO mode=ap_none:ce=0
Port [ PixArray_3_2_val]:  wired=1; compound=0; hidden=0; nouse=0; global=0; static=0; extern=0; dir=0; type=0; pingpong=0; private_global=0; IO mode=ap_none:ce=0
Port [ PixArray_4_0_val]:  wired=1; compound=0; hidden=0; nouse=0; global=0; static=0; extern=0; dir=0; type=0; pingpong=0; private_global=0; IO mode=ap_none:ce=0
Port [ PixArray_4_1_val]:  wired=1; compound=0; hidden=0; nouse=0; global=0; static=0; extern=0; dir=0; type=0; pingpong=0; private_global=0; IO mode=ap_none:ce=0
Port [ PixArray_4_2_val]:  wired=1; compound=0; hidden=0; nouse=0; global=0; static=0; extern=0; dir=0; type=0; pingpong=0; private_global=0; IO mode=ap_none:ce=0
Port [ PixArray_5_0_val]:  wired=1; compound=0; hidden=0; nouse=0; global=0; static=0; extern=0; dir=0; type=0; pingpong=0; private_global=0; IO mode=ap_none:ce=0
Port [ PixArray_5_1_val]:  wired=1; compound=0; hidden=0; nouse=0; global=0; static=0; extern=0; dir=0; type=0; pingpong=0; private_global=0; IO mode=ap_none:ce=0
Port [ PixArray_5_2_val]:  wired=1; compound=0; hidden=0; nouse=0; global=0; static=0; extern=0; dir=0; type=0; pingpong=0; private_global=0; IO mode=ap_none:ce=0
Port [ PixArray_6_0_val]:  wired=1; compound=0; hidden=0; nouse=0; global=0; static=0; extern=0; dir=0; type=0; pingpong=0; private_global=0; IO mode=ap_none:ce=0
Port [ PixArray_6_1_val]:  wired=1; compound=0; hidden=0; nouse=0; global=0; static=0; extern=0; dir=0; type=0; pingpong=0; private_global=0; IO mode=ap_none:ce=0
Port [ PixArray_6_2_val]:  wired=1; compound=0; hidden=0; nouse=0; global=0; static=0; extern=0; dir=0; type=0; pingpong=0; private_global=0; IO mode=ap_none:ce=0
Port [ PixArray_7_0_val]:  wired=1; compound=0; hidden=0; nouse=0; global=0; static=0; extern=0; dir=0; type=0; pingpong=0; private_global=0; IO mode=ap_none:ce=0
Port [ PixArray_7_1_val]:  wired=1; compound=0; hidden=0; nouse=0; global=0; static=0; extern=0; dir=0; type=0; pingpong=0; private_global=0; IO mode=ap_none:ce=0
Port [ PixArray_7_2_val]:  wired=1; compound=0; hidden=0; nouse=0; global=0; static=0; extern=0; dir=0; type=0; pingpong=0; private_global=0; IO mode=ap_none:ce=0
Port [ PhasesH_0_0_val]:  wired=1; compound=0; hidden=0; nouse=0; global=0; static=0; extern=0; dir=0; type=0; pingpong=0; private_global=0; IO mode=ap_none:ce=0
Port [ ArrayIdx_val]:  wired=1; compound=0; hidden=0; nouse=0; global=0; static=0; extern=0; dir=0; type=0; pingpong=0; private_global=0; IO mode=ap_none:ce=0
---------------- STG Properties END ------------------

---------------- Datapath Model BEGIN ----------------

<LifeTime>
<method=bitvector/>
ArrayIdx_val_read     (read         ) [ 000000000000]
PhasesH_0_0_val_read  (read         ) [ 000000000000]
PixArray_7_2_val_read (read         ) [ 000000000000]
PixArray_7_1_val_read (read         ) [ 000000000000]
PixArray_7_0_val_read (read         ) [ 000000000000]
PixArray_6_2_val_read (read         ) [ 000000000000]
PixArray_6_1_val_read (read         ) [ 000000000000]
PixArray_6_0_val_read (read         ) [ 000000000000]
PixArray_5_2_val_read (read         ) [ 000000000000]
PixArray_5_1_val_read (read         ) [ 000000000000]
PixArray_5_0_val_read (read         ) [ 000000000000]
PixArray_4_2_val_read (read         ) [ 000000000000]
PixArray_4_1_val_read (read         ) [ 000000000000]
PixArray_4_0_val_read (read         ) [ 000000000000]
PixArray_3_2_val_read (read         ) [ 000000000000]
PixArray_3_1_val_read (read         ) [ 000000000000]
PixArray_3_0_val_read (read         ) [ 000000000000]
PixArray_2_2_val_read (read         ) [ 000000000000]
PixArray_2_1_val_read (read         ) [ 000000000000]
PixArray_2_0_val_read (read         ) [ 000000000000]
PixArray_1_2_val_read (read         ) [ 000000000000]
PixArray_1_1_val_read (read         ) [ 000000000000]
PixArray_1_0_val_read (read         ) [ 000000000000]
PixArray_0_2_val_read (read         ) [ 000000000000]
PixArray_0_1_val_read (read         ) [ 000000000000]
PixArray_0_0_val_read (read         ) [ 000000000000]
zext_ln991            (zext         ) [ 000000000000]
idxprom8              (zext         ) [ 011111100000]
FiltCoeff_0_addr      (getelementptr) [ 011000000000]
add_ln998             (add          ) [ 000000000000]
tmp                   (sparsemux    ) [ 011000000000]
tmp_s                 (sparsemux    ) [ 011100000000]
tmp_9                 (sparsemux    ) [ 011110000000]
tmp_1                 (sparsemux    ) [ 011111000000]
tmp_2                 (sparsemux    ) [ 011111100000]
tmp_3                 (sparsemux    ) [ 011111110000]
tmp_4                 (sparsemux    ) [ 011000000000]
tmp_5                 (sparsemux    ) [ 011100000000]
tmp_6                 (sparsemux    ) [ 011110000000]
tmp_7                 (sparsemux    ) [ 011111000000]
tmp_8                 (sparsemux    ) [ 011111100000]
tmp_10                (sparsemux    ) [ 011111110000]
tmp_11                (sparsemux    ) [ 011000000000]
tmp_12                (sparsemux    ) [ 011100000000]
tmp_13                (sparsemux    ) [ 011110000000]
tmp_14                (sparsemux    ) [ 011111000000]
tmp_15                (sparsemux    ) [ 011111100000]
tmp_16                (sparsemux    ) [ 011111110000]
FiltCoeff_1_addr      (getelementptr) [ 010100000000]
FiltCoeff_0_load      (load         ) [ 000000000000]
zext_ln1010           (zext         ) [ 010110000000]
sext_ln1010           (sext         ) [ 010110000000]
zext_ln1010_6         (zext         ) [ 010110000000]
zext_ln1010_12        (zext         ) [ 010110000000]
FiltCoeff_2_addr      (getelementptr) [ 010010000000]
FiltCoeff_1_load      (load         ) [ 000000000000]
zext_ln1010_1         (zext         ) [ 010011000000]
sext_ln1010_1         (sext         ) [ 010011000000]
zext_ln1010_7         (zext         ) [ 010011000000]
zext_ln1010_13        (zext         ) [ 010011000000]
FiltCoeff_3_addr      (getelementptr) [ 010001000000]
FiltCoeff_2_load      (load         ) [ 000000000000]
mul_ln1010            (mul          ) [ 010001000000]
zext_ln1010_2         (zext         ) [ 010001100000]
sext_ln1010_3         (sext         ) [ 010001100000]
mul_ln1010_6          (mul          ) [ 010001000000]
zext_ln1010_8         (zext         ) [ 010001100000]
mul_ln1010_12         (mul          ) [ 010001000000]
zext_ln1010_14        (zext         ) [ 010001100000]
FiltCoeff_4_addr      (getelementptr) [ 010000100000]
FiltCoeff_3_load      (load         ) [ 000000000000]
sum                   (add          ) [ 000000000000]
sext_ln1001           (sext         ) [ 010000100000]
mul_ln1010_1          (mul          ) [ 000000000000]
sext_ln1010_2         (sext         ) [ 010000100000]
zext_ln1010_3         (zext         ) [ 010000110000]
sext_ln1010_5         (sext         ) [ 010000110000]
sum_18                (add          ) [ 000000000000]
sext_ln1010_11        (sext         ) [ 010000100000]
mul_ln1010_7          (mul          ) [ 000000000000]
sext_ln1010_12        (sext         ) [ 010000100000]
zext_ln1010_9         (zext         ) [ 010000110000]
sum_24                (add          ) [ 000000000000]
sext_ln1010_19        (sext         ) [ 010000100000]
mul_ln1010_13         (mul          ) [ 000000000000]
sext_ln1010_20        (sext         ) [ 010000100000]
zext_ln1010_15        (zext         ) [ 010000110000]
FiltCoeff_5_addr      (getelementptr) [ 010000010000]
FiltCoeff_4_load      (load         ) [ 000000000000]
sum_1                 (add          ) [ 000000000000]
sext_ln1001_1         (sext         ) [ 010000010000]
mul_ln1010_2          (mul          ) [ 000000000000]
sext_ln1010_4         (sext         ) [ 010000010000]
zext_ln1010_4         (zext         ) [ 010000011000]
sext_ln1010_7         (sext         ) [ 010000011000]
sum_19                (add          ) [ 000000000000]
sext_ln1010_13        (sext         ) [ 010000010000]
mul_ln1010_8          (mul          ) [ 000000000000]
sext_ln1010_14        (sext         ) [ 010000010000]
zext_ln1010_10        (zext         ) [ 010000011000]
sum_25                (add          ) [ 000000000000]
sext_ln1010_21        (sext         ) [ 010000010000]
mul_ln1010_14         (mul          ) [ 000000000000]
sext_ln1010_22        (sext         ) [ 010000010000]
zext_ln1010_16        (zext         ) [ 010000011000]
FiltCoeff_5_load      (load         ) [ 000000000000]
sum_2                 (add          ) [ 010000001000]
mul_ln1010_3          (mul          ) [ 000000000000]
sext_ln1010_6         (sext         ) [ 010000001000]
zext_ln1010_5         (zext         ) [ 010000001100]
sext_ln1010_9         (sext         ) [ 010000001100]
sum_20                (add          ) [ 010000001000]
mul_ln1010_9          (mul          ) [ 000000000000]
sext_ln1010_15        (sext         ) [ 010000001000]
zext_ln1010_11        (zext         ) [ 010000001100]
sum_26                (add          ) [ 010000001000]
mul_ln1010_15         (mul          ) [ 000000000000]
sext_ln1010_23        (sext         ) [ 010000001000]
zext_ln1010_17        (zext         ) [ 010000001100]
sum_3                 (add          ) [ 000000000000]
sext_ln1001_2         (sext         ) [ 010000000100]
mul_ln1010_4          (mul          ) [ 000000000000]
sext_ln1010_8         (sext         ) [ 010000000100]
sum_21                (add          ) [ 000000000000]
sext_ln1010_16        (sext         ) [ 010000000100]
mul_ln1010_10         (mul          ) [ 000000000000]
sext_ln1010_17        (sext         ) [ 010000000100]
sum_27                (add          ) [ 000000000000]
sext_ln1010_24        (sext         ) [ 010000000100]
mul_ln1010_16         (mul          ) [ 000000000000]
sext_ln1010_25        (sext         ) [ 010000000100]
sum_4                 (add          ) [ 010000000010]
mul_ln1010_5          (mul          ) [ 000000000000]
sext_ln1010_10        (sext         ) [ 010000000010]
sum_22                (add          ) [ 010000000010]
mul_ln1010_11         (mul          ) [ 000000000000]
sext_ln1010_18        (sext         ) [ 010000000010]
sum_28                (add          ) [ 010000000010]
mul_ln1010_17         (mul          ) [ 000000000000]
sext_ln1010_26        (sext         ) [ 010000000010]
sum_5                 (add          ) [ 010000000001]
tmp_17                (bitselect    ) [ 010000000001]
tmp_18                (partselect   ) [ 000000000000]
icmp_ln1013           (icmp         ) [ 010000000001]
sum_23                (add          ) [ 010000000001]
tmp_19                (bitselect    ) [ 010000000001]
tmp_20                (partselect   ) [ 000000000000]
icmp_ln1013_1         (icmp         ) [ 010000000001]
sum_17                (add          ) [ 010000000001]
tmp_21                (bitselect    ) [ 010000000001]
tmp_22                (partselect   ) [ 000000000000]
icmp_ln1013_2         (icmp         ) [ 010000000001]
specmemcore_ln0       (specmemcore  ) [ 000000000000]
specmemcore_ln0       (specmemcore  ) [ 000000000000]
specmemcore_ln0       (specmemcore  ) [ 000000000000]
specmemcore_ln0       (specmemcore  ) [ 000000000000]
specmemcore_ln0       (specmemcore  ) [ 000000000000]
specmemcore_ln0       (specmemcore  ) [ 000000000000]
trunc_ln              (partselect   ) [ 000000000000]
xor_ln1015            (xor          ) [ 000000000000]
select_ln1015_3       (select       ) [ 000000000000]
or_ln1015             (or           ) [ 000000000000]
select_ln1015         (select       ) [ 000000000000]
trunc_ln1015_1        (partselect   ) [ 000000000000]
xor_ln1015_1          (xor          ) [ 000000000000]
select_ln1015_4       (select       ) [ 000000000000]
or_ln1015_1           (or           ) [ 000000000000]
select_ln1015_1       (select       ) [ 000000000000]
trunc_ln1015_2        (partselect   ) [ 000000000000]
xor_ln1015_2          (xor          ) [ 000000000000]
select_ln1015_5       (select       ) [ 000000000000]
or_ln1015_2           (or           ) [ 000000000000]
select_ln1015_2       (select       ) [ 000000000000]
mrv                   (insertvalue  ) [ 000000000000]
mrv_1                 (insertvalue  ) [ 000000000000]
mrv_2                 (insertvalue  ) [ 000000000000]
ret_ln1018            (ret          ) [ 000000000000]
</LifeTime>

<model>

<comp_list>
<comp id="0" class="1000" name="FiltCoeff_0">
<pin_list>
<pin id="1" dir="1" index="0" bw="1" slack="0"/>
</pin_list>
<bind>
<StgValue><ssdm name="FiltCoeff_0"/><MemPortTyVec>1 </MemPortTyVec>
</StgValue>
</bind>
</comp>

<comp id="2" class="1000" name="FiltCoeff_1">
<pin_list>
<pin id="3" dir="1" index="0" bw="1" slack="0"/>
</pin_list>
<bind>
<StgValue><ssdm name="FiltCoeff_1"/><MemPortTyVec>1 </MemPortTyVec>
</StgValue>
</bind>
</comp>

<comp id="4" class="1000" name="FiltCoeff_2">
<pin_list>
<pin id="5" dir="1" index="0" bw="1" slack="0"/>
</pin_list>
<bind>
<StgValue><ssdm name="FiltCoeff_2"/><MemPortTyVec>1 </MemPortTyVec>
</StgValue>
</bind>
</comp>

<comp id="6" class="1000" name="FiltCoeff_3">
<pin_list>
<pin id="7" dir="1" index="0" bw="1" slack="0"/>
</pin_list>
<bind>
<StgValue><ssdm name="FiltCoeff_3"/><MemPortTyVec>1 </MemPortTyVec>
</StgValue>
</bind>
</comp>

<comp id="8" class="1000" name="FiltCoeff_4">
<pin_list>
<pin id="9" dir="1" index="0" bw="1" slack="0"/>
</pin_list>
<bind>
<StgValue><ssdm name="FiltCoeff_4"/><MemPortTyVec>1 </MemPortTyVec>
</StgValue>
</bind>
</comp>

<comp id="10" class="1000" name="FiltCoeff_5">
<pin_list>
<pin id="11" dir="1" index="0" bw="1" slack="0"/>
</pin_list>
<bind>
<StgValue><ssdm name="FiltCoeff_5"/><MemPortTyVec>1 </MemPortTyVec>
</StgValue>
</bind>
</comp>

<comp id="12" class="1000" name="PixArray_0_0_val">
<pin_list>
<pin id="13" dir="1" index="0" bw="1" slack="0"/>
</pin_list>
<bind>
<StgValue><ssdm name="PixArray_0_0_val"/></StgValue>
</bind>
</comp>

<comp id="14" class="1000" name="PixArray_0_1_val">
<pin_list>
<pin id="15" dir="1" index="0" bw="1" slack="0"/>
</pin_list>
<bind>
<StgValue><ssdm name="PixArray_0_1_val"/></StgValue>
</bind>
</comp>

<comp id="16" class="1000" name="PixArray_0_2_val">
<pin_list>
<pin id="17" dir="1" index="0" bw="1" slack="0"/>
</pin_list>
<bind>
<StgValue><ssdm name="PixArray_0_2_val"/></StgValue>
</bind>
</comp>

<comp id="18" class="1000" name="PixArray_1_0_val">
<pin_list>
<pin id="19" dir="1" index="0" bw="1" slack="0"/>
</pin_list>
<bind>
<StgValue><ssdm name="PixArray_1_0_val"/></StgValue>
</bind>
</comp>

<comp id="20" class="1000" name="PixArray_1_1_val">
<pin_list>
<pin id="21" dir="1" index="0" bw="1" slack="0"/>
</pin_list>
<bind>
<StgValue><ssdm name="PixArray_1_1_val"/></StgValue>
</bind>
</comp>

<comp id="22" class="1000" name="PixArray_1_2_val">
<pin_list>
<pin id="23" dir="1" index="0" bw="1" slack="0"/>
</pin_list>
<bind>
<StgValue><ssdm name="PixArray_1_2_val"/></StgValue>
</bind>
</comp>

<comp id="24" class="1000" name="PixArray_2_0_val">
<pin_list>
<pin id="25" dir="1" index="0" bw="1" slack="0"/>
</pin_list>
<bind>
<StgValue><ssdm name="PixArray_2_0_val"/></StgValue>
</bind>
</comp>

<comp id="26" class="1000" name="PixArray_2_1_val">
<pin_list>
<pin id="27" dir="1" index="0" bw="1" slack="0"/>
</pin_list>
<bind>
<StgValue><ssdm name="PixArray_2_1_val"/></StgValue>
</bind>
</comp>

<comp id="28" class="1000" name="PixArray_2_2_val">
<pin_list>
<pin id="29" dir="1" index="0" bw="1" slack="0"/>
</pin_list>
<bind>
<StgValue><ssdm name="PixArray_2_2_val"/></StgValue>
</bind>
</comp>

<comp id="30" class="1000" name="PixArray_3_0_val">
<pin_list>
<pin id="31" dir="1" index="0" bw="1" slack="0"/>
</pin_list>
<bind>
<StgValue><ssdm name="PixArray_3_0_val"/></StgValue>
</bind>
</comp>

<comp id="32" class="1000" name="PixArray_3_1_val">
<pin_list>
<pin id="33" dir="1" index="0" bw="1" slack="0"/>
</pin_list>
<bind>
<StgValue><ssdm name="PixArray_3_1_val"/></StgValue>
</bind>
</comp>

<comp id="34" class="1000" name="PixArray_3_2_val">
<pin_list>
<pin id="35" dir="1" index="0" bw="1" slack="0"/>
</pin_list>
<bind>
<StgValue><ssdm name="PixArray_3_2_val"/></StgValue>
</bind>
</comp>

<comp id="36" class="1000" name="PixArray_4_0_val">
<pin_list>
<pin id="37" dir="1" index="0" bw="1" slack="0"/>
</pin_list>
<bind>
<StgValue><ssdm name="PixArray_4_0_val"/></StgValue>
</bind>
</comp>

<comp id="38" class="1000" name="PixArray_4_1_val">
<pin_list>
<pin id="39" dir="1" index="0" bw="1" slack="0"/>
</pin_list>
<bind>
<StgValue><ssdm name="PixArray_4_1_val"/></StgValue>
</bind>
</comp>

<comp id="40" class="1000" name="PixArray_4_2_val">
<pin_list>
<pin id="41" dir="1" index="0" bw="1" slack="0"/>
</pin_list>
<bind>
<StgValue><ssdm name="PixArray_4_2_val"/></StgValue>
</bind>
</comp>

<comp id="42" class="1000" name="PixArray_5_0_val">
<pin_list>
<pin id="43" dir="1" index="0" bw="1" slack="0"/>
</pin_list>
<bind>
<StgValue><ssdm name="PixArray_5_0_val"/></StgValue>
</bind>
</comp>

<comp id="44" class="1000" name="PixArray_5_1_val">
<pin_list>
<pin id="45" dir="1" index="0" bw="1" slack="0"/>
</pin_list>
<bind>
<StgValue><ssdm name="PixArray_5_1_val"/></StgValue>
</bind>
</comp>

<comp id="46" class="1000" name="PixArray_5_2_val">
<pin_list>
<pin id="47" dir="1" index="0" bw="1" slack="0"/>
</pin_list>
<bind>
<StgValue><ssdm name="PixArray_5_2_val"/></StgValue>
</bind>
</comp>

<comp id="48" class="1000" name="PixArray_6_0_val">
<pin_list>
<pin id="49" dir="1" index="0" bw="1" slack="0"/>
</pin_list>
<bind>
<StgValue><ssdm name="PixArray_6_0_val"/></StgValue>
</bind>
</comp>

<comp id="50" class="1000" name="PixArray_6_1_val">
<pin_list>
<pin id="51" dir="1" index="0" bw="1" slack="0"/>
</pin_list>
<bind>
<StgValue><ssdm name="PixArray_6_1_val"/></StgValue>
</bind>
</comp>

<comp id="52" class="1000" name="PixArray_6_2_val">
<pin_list>
<pin id="53" dir="1" index="0" bw="1" slack="0"/>
</pin_list>
<bind>
<StgValue><ssdm name="PixArray_6_2_val"/></StgValue>
</bind>
</comp>

<comp id="54" class="1000" name="PixArray_7_0_val">
<pin_list>
<pin id="55" dir="1" index="0" bw="1" slack="0"/>
</pin_list>
<bind>
<StgValue><ssdm name="PixArray_7_0_val"/></StgValue>
</bind>
</comp>

<comp id="56" class="1000" name="PixArray_7_1_val">
<pin_list>
<pin id="57" dir="1" index="0" bw="1" slack="0"/>
</pin_list>
<bind>
<StgValue><ssdm name="PixArray_7_1_val"/></StgValue>
</bind>
</comp>

<comp id="58" class="1000" name="PixArray_7_2_val">
<pin_list>
<pin id="59" dir="1" index="0" bw="1" slack="0"/>
</pin_list>
<bind>
<StgValue><ssdm name="PixArray_7_2_val"/></StgValue>
</bind>
</comp>

<comp id="60" class="1000" name="PhasesH_0_0_val">
<pin_list>
<pin id="61" dir="1" index="0" bw="1" slack="0"/>
</pin_list>
<bind>
<StgValue><ssdm name="PhasesH_0_0_val"/></StgValue>
</bind>
</comp>

<comp id="62" class="1000" name="ArrayIdx_val">
<pin_list>
<pin id="63" dir="1" index="0" bw="1" slack="0"/>
</pin_list>
<bind>
<StgValue><ssdm name="ArrayIdx_val"/></StgValue>
</bind>
</comp>

<comp id="64" class="1001" name="const_64">
<pin_list>
<pin id="65" dir="1" index="0" bw="1" slack="0"/>
</pin_list>
<bind>
<StgValue><ssdm name="_ssdm_op_Read.ap_auto.i2"/></StgValue>
</bind>
</comp>

<comp id="66" class="1001" name="const_66">
<pin_list>
<pin id="67" dir="1" index="0" bw="1" slack="0"/>
</pin_list>
<bind>
<StgValue><ssdm name="_ssdm_op_Read.ap_auto.i6"/></StgValue>
</bind>
</comp>

<comp id="68" class="1001" name="const_68">
<pin_list>
<pin id="69" dir="1" index="0" bw="1" slack="0"/>
</pin_list>
<bind>
<StgValue><ssdm name="_ssdm_op_Read.ap_auto.i8"/></StgValue>
</bind>
</comp>

<comp id="70" class="1001" name="const_70">
<pin_list>
<pin id="71" dir="1" index="0" bw="1" slack="0"/>
</pin_list>
<bind>
<StgValue><ssdm name=""/></StgValue>
</bind>
</comp>

<comp id="72" class="1001" name="const_72">
<pin_list>
<pin id="73" dir="1" index="0" bw="1" slack="0"/>
</pin_list>
<bind>
<StgValue><ssdm name=""/></StgValue>
</bind>
</comp>

<comp id="74" class="1001" name="const_74">
<pin_list>
<pin id="75" dir="1" index="0" bw="1" slack="0"/>
</pin_list>
<bind>
<StgValue><ssdm name="_ssdm_op_SparseMux.ap_auto.4i8.i8.i3"/></StgValue>
</bind>
</comp>

<comp id="76" class="1001" name="const_76">
<pin_list>
<pin id="77" dir="1" index="0" bw="1" slack="0"/>
</pin_list>
<bind>
<StgValue><ssdm name=""/></StgValue>
</bind>
</comp>

<comp id="78" class="1001" name="const_78">
<pin_list>
<pin id="79" dir="1" index="0" bw="1" slack="0"/>
</pin_list>
<bind>
<StgValue><ssdm name=""/></StgValue>
</bind>
</comp>

<comp id="80" class="1001" name="const_80">
<pin_list>
<pin id="81" dir="1" index="0" bw="1" slack="0"/>
</pin_list>
<bind>
<StgValue><ssdm name=""/></StgValue>
</bind>
</comp>

<comp id="82" class="1001" name="const_82">
<pin_list>
<pin id="83" dir="1" index="0" bw="1" slack="0"/>
</pin_list>
<bind>
<StgValue><ssdm name=""/></StgValue>
</bind>
</comp>

<comp id="84" class="1001" name="const_84">
<pin_list>
<pin id="85" dir="1" index="0" bw="1" slack="0"/>
</pin_list>
<bind>
<StgValue><ssdm name=""/></StgValue>
</bind>
</comp>

<comp id="86" class="1001" name="const_86">
<pin_list>
<pin id="87" dir="1" index="0" bw="1" slack="0"/>
</pin_list>
<bind>
<StgValue><ssdm name="_ssdm_op_BitSelect.i1.i27.i32"/></StgValue>
</bind>
</comp>

<comp id="88" class="1001" name="const_88">
<pin_list>
<pin id="89" dir="1" index="0" bw="1" slack="0"/>
</pin_list>
<bind>
<StgValue><ssdm name=""/></StgValue>
</bind>
</comp>

<comp id="90" class="1001" name="const_90">
<pin_list>
<pin id="91" dir="1" index="0" bw="1" slack="0"/>
</pin_list>
<bind>
<StgValue><ssdm name="_ssdm_op_PartSelect.i7.i27.i32.i32"/></StgValue>
</bind>
</comp>

<comp id="92" class="1001" name="const_92">
<pin_list>
<pin id="93" dir="1" index="0" bw="1" slack="0"/>
</pin_list>
<bind>
<StgValue><ssdm name=""/></StgValue>
</bind>
</comp>

<comp id="94" class="1001" name="const_94">
<pin_list>
<pin id="95" dir="1" index="0" bw="1" slack="0"/>
</pin_list>
<bind>
<StgValue><ssdm name=""/></StgValue>
</bind>
</comp>

<comp id="96" class="1001" name="const_96">
<pin_list>
<pin id="97" dir="1" index="0" bw="1" slack="2147483647"/>
</pin_list>
<bind>
<StgValue><ssdm name="_ssdm_op_SpecMemCore"/></StgValue>
</bind>
</comp>

<comp id="98" class="1001" name="const_98">
<pin_list>
<pin id="99" dir="1" index="0" bw="1" slack="2147483647"/>
</pin_list>
<bind>
<StgValue><ssdm name=""/></StgValue>
</bind>
</comp>

<comp id="100" class="1001" name="const_100">
<pin_list>
<pin id="101" dir="1" index="0" bw="1" slack="2147483647"/>
</pin_list>
<bind>
<StgValue><ssdm name=""/></StgValue>
</bind>
</comp>

<comp id="102" class="1001" name="const_102">
<pin_list>
<pin id="103" dir="1" index="0" bw="1" slack="2147483647"/>
</pin_list>
<bind>
<StgValue><ssdm name=""/></StgValue>
</bind>
</comp>

<comp id="104" class="1001" name="const_104">
<pin_list>
<pin id="105" dir="1" index="0" bw="1" slack="0"/>
</pin_list>
<bind>
<StgValue><ssdm name="_ssdm_op_PartSelect.i8.i27.i32.i32"/></StgValue>
</bind>
</comp>

<comp id="106" class="1001" name="const_106">
<pin_list>
<pin id="107" dir="1" index="0" bw="1" slack="0"/>
</pin_list>
<bind>
<StgValue><ssdm name=""/></StgValue>
</bind>
</comp>

<comp id="108" class="1001" name="const_108">
<pin_list>
<pin id="109" dir="1" index="0" bw="1" slack="0"/>
</pin_list>
<bind>
<StgValue><ssdm name=""/></StgValue>
</bind>
</comp>

<comp id="110" class="1001" name="const_110">
<pin_list>
<pin id="111" dir="1" index="0" bw="1" slack="0"/>
</pin_list>
<bind>
<StgValue><ssdm name=""/></StgValue>
</bind>
</comp>

<comp id="112" class="1001" name="const_112">
<pin_list>
<pin id="113" dir="1" index="0" bw="1" slack="0"/>
</pin_list>
<bind>
<StgValue><ssdm name=""/></StgValue>
</bind>
</comp>

<comp id="114" class="1001" name="const_114">
<pin_list>
<pin id="115" dir="1" index="0" bw="1" slack="0"/>
</pin_list>
<bind>
<StgValue><ssdm name=""/></StgValue>
</bind>
</comp>

<comp id="116" class="1001" name="const_116">
<pin_list>
<pin id="117" dir="1" index="0" bw="1" slack="0"/>
</pin_list>
<bind>
<StgValue><ssdm name=""/></StgValue>
</bind>
</comp>

<comp id="118" class="1004" name="ArrayIdx_val_read_read_fu_118">
<pin_list>
<pin id="119" dir="0" index="0" bw="2" slack="0"/>
<pin id="120" dir="0" index="1" bw="2" slack="0"/>
<pin id="121" dir="1" index="2" bw="2" slack="0"/>
</pin_list>
<bind>
<opcode="read(1150) " fcode="read"/>
<opset="ArrayIdx_val_read/1 "/>
</bind>
</comp>

<comp id="124" class="1004" name="PhasesH_0_0_val_read_read_fu_124">
<pin_list>
<pin id="125" dir="0" index="0" bw="6" slack="0"/>
<pin id="126" dir="0" index="1" bw="6" slack="0"/>
<pin id="127" dir="1" index="2" bw="6" slack="0"/>
</pin_list>
<bind>
<opcode="read(1150) " fcode="read"/>
<opset="PhasesH_0_0_val_read/1 "/>
</bind>
</comp>

<comp id="130" class="1004" name="PixArray_7_2_val_read_read_fu_130">
<pin_list>
<pin id="131" dir="0" index="0" bw="8" slack="0"/>
<pin id="132" dir="0" index="1" bw="8" slack="0"/>
<pin id="133" dir="1" index="2" bw="8" slack="0"/>
</pin_list>
<bind>
<opcode="read(1150) " fcode="read"/>
<opset="PixArray_7_2_val_read/1 "/>
</bind>
</comp>

<comp id="136" class="1004" name="PixArray_7_1_val_read_read_fu_136">
<pin_list>
<pin id="137" dir="0" index="0" bw="8" slack="0"/>
<pin id="138" dir="0" index="1" bw="8" slack="0"/>
<pin id="139" dir="1" index="2" bw="8" slack="0"/>
</pin_list>
<bind>
<opcode="read(1150) " fcode="read"/>
<opset="PixArray_7_1_val_read/1 "/>
</bind>
</comp>

<comp id="142" class="1004" name="PixArray_7_0_val_read_read_fu_142">
<pin_list>
<pin id="143" dir="0" index="0" bw="8" slack="0"/>
<pin id="144" dir="0" index="1" bw="8" slack="0"/>
<pin id="145" dir="1" index="2" bw="8" slack="0"/>
</pin_list>
<bind>
<opcode="read(1150) " fcode="read"/>
<opset="PixArray_7_0_val_read/1 "/>
</bind>
</comp>

<comp id="148" class="1004" name="PixArray_6_2_val_read_read_fu_148">
<pin_list>
<pin id="149" dir="0" index="0" bw="8" slack="0"/>
<pin id="150" dir="0" index="1" bw="8" slack="0"/>
<pin id="151" dir="1" index="2" bw="8" slack="0"/>
</pin_list>
<bind>
<opcode="read(1150) " fcode="read"/>
<opset="PixArray_6_2_val_read/1 "/>
</bind>
</comp>

<comp id="154" class="1004" name="PixArray_6_1_val_read_read_fu_154">
<pin_list>
<pin id="155" dir="0" index="0" bw="8" slack="0"/>
<pin id="156" dir="0" index="1" bw="8" slack="0"/>
<pin id="157" dir="1" index="2" bw="8" slack="0"/>
</pin_list>
<bind>
<opcode="read(1150) " fcode="read"/>
<opset="PixArray_6_1_val_read/1 "/>
</bind>
</comp>

<comp id="160" class="1004" name="PixArray_6_0_val_read_read_fu_160">
<pin_list>
<pin id="161" dir="0" index="0" bw="8" slack="0"/>
<pin id="162" dir="0" index="1" bw="8" slack="0"/>
<pin id="163" dir="1" index="2" bw="8" slack="0"/>
</pin_list>
<bind>
<opcode="read(1150) " fcode="read"/>
<opset="PixArray_6_0_val_read/1 "/>
</bind>
</comp>

<comp id="166" class="1004" name="PixArray_5_2_val_read_read_fu_166">
<pin_list>
<pin id="167" dir="0" index="0" bw="8" slack="0"/>
<pin id="168" dir="0" index="1" bw="8" slack="0"/>
<pin id="169" dir="1" index="2" bw="8" slack="0"/>
</pin_list>
<bind>
<opcode="read(1150) " fcode="read"/>
<opset="PixArray_5_2_val_read/1 "/>
</bind>
</comp>

<comp id="172" class="1004" name="PixArray_5_1_val_read_read_fu_172">
<pin_list>
<pin id="173" dir="0" index="0" bw="8" slack="0"/>
<pin id="174" dir="0" index="1" bw="8" slack="0"/>
<pin id="175" dir="1" index="2" bw="8" slack="0"/>
</pin_list>
<bind>
<opcode="read(1150) " fcode="read"/>
<opset="PixArray_5_1_val_read/1 "/>
</bind>
</comp>

<comp id="178" class="1004" name="PixArray_5_0_val_read_read_fu_178">
<pin_list>
<pin id="179" dir="0" index="0" bw="8" slack="0"/>
<pin id="180" dir="0" index="1" bw="8" slack="0"/>
<pin id="181" dir="1" index="2" bw="8" slack="0"/>
</pin_list>
<bind>
<opcode="read(1150) " fcode="read"/>
<opset="PixArray_5_0_val_read/1 "/>
</bind>
</comp>

<comp id="184" class="1004" name="PixArray_4_2_val_read_read_fu_184">
<pin_list>
<pin id="185" dir="0" index="0" bw="8" slack="0"/>
<pin id="186" dir="0" index="1" bw="8" slack="0"/>
<pin id="187" dir="1" index="2" bw="8" slack="0"/>
</pin_list>
<bind>
<opcode="read(1150) " fcode="read"/>
<opset="PixArray_4_2_val_read/1 "/>
</bind>
</comp>

<comp id="190" class="1004" name="PixArray_4_1_val_read_read_fu_190">
<pin_list>
<pin id="191" dir="0" index="0" bw="8" slack="0"/>
<pin id="192" dir="0" index="1" bw="8" slack="0"/>
<pin id="193" dir="1" index="2" bw="8" slack="0"/>
</pin_list>
<bind>
<opcode="read(1150) " fcode="read"/>
<opset="PixArray_4_1_val_read/1 "/>
</bind>
</comp>

<comp id="196" class="1004" name="PixArray_4_0_val_read_read_fu_196">
<pin_list>
<pin id="197" dir="0" index="0" bw="8" slack="0"/>
<pin id="198" dir="0" index="1" bw="8" slack="0"/>
<pin id="199" dir="1" index="2" bw="8" slack="0"/>
</pin_list>
<bind>
<opcode="read(1150) " fcode="read"/>
<opset="PixArray_4_0_val_read/1 "/>
</bind>
</comp>

<comp id="202" class="1004" name="PixArray_3_2_val_read_read_fu_202">
<pin_list>
<pin id="203" dir="0" index="0" bw="8" slack="0"/>
<pin id="204" dir="0" index="1" bw="8" slack="0"/>
<pin id="205" dir="1" index="2" bw="8" slack="0"/>
</pin_list>
<bind>
<opcode="read(1150) " fcode="read"/>
<opset="PixArray_3_2_val_read/1 "/>
</bind>
</comp>

<comp id="208" class="1004" name="PixArray_3_1_val_read_read_fu_208">
<pin_list>
<pin id="209" dir="0" index="0" bw="8" slack="0"/>
<pin id="210" dir="0" index="1" bw="8" slack="0"/>
<pin id="211" dir="1" index="2" bw="8" slack="0"/>
</pin_list>
<bind>
<opcode="read(1150) " fcode="read"/>
<opset="PixArray_3_1_val_read/1 "/>
</bind>
</comp>

<comp id="214" class="1004" name="PixArray_3_0_val_read_read_fu_214">
<pin_list>
<pin id="215" dir="0" index="0" bw="8" slack="0"/>
<pin id="216" dir="0" index="1" bw="8" slack="0"/>
<pin id="217" dir="1" index="2" bw="8" slack="0"/>
</pin_list>
<bind>
<opcode="read(1150) " fcode="read"/>
<opset="PixArray_3_0_val_read/1 "/>
</bind>
</comp>

<comp id="220" class="1004" name="PixArray_2_2_val_read_read_fu_220">
<pin_list>
<pin id="221" dir="0" index="0" bw="8" slack="0"/>
<pin id="222" dir="0" index="1" bw="8" slack="0"/>
<pin id="223" dir="1" index="2" bw="8" slack="0"/>
</pin_list>
<bind>
<opcode="read(1150) " fcode="read"/>
<opset="PixArray_2_2_val_read/1 "/>
</bind>
</comp>

<comp id="226" class="1004" name="PixArray_2_1_val_read_read_fu_226">
<pin_list>
<pin id="227" dir="0" index="0" bw="8" slack="0"/>
<pin id="228" dir="0" index="1" bw="8" slack="0"/>
<pin id="229" dir="1" index="2" bw="8" slack="0"/>
</pin_list>
<bind>
<opcode="read(1150) " fcode="read"/>
<opset="PixArray_2_1_val_read/1 "/>
</bind>
</comp>

<comp id="232" class="1004" name="PixArray_2_0_val_read_read_fu_232">
<pin_list>
<pin id="233" dir="0" index="0" bw="8" slack="0"/>
<pin id="234" dir="0" index="1" bw="8" slack="0"/>
<pin id="235" dir="1" index="2" bw="8" slack="0"/>
</pin_list>
<bind>
<opcode="read(1150) " fcode="read"/>
<opset="PixArray_2_0_val_read/1 "/>
</bind>
</comp>

<comp id="238" class="1004" name="PixArray_1_2_val_read_read_fu_238">
<pin_list>
<pin id="239" dir="0" index="0" bw="8" slack="0"/>
<pin id="240" dir="0" index="1" bw="8" slack="0"/>
<pin id="241" dir="1" index="2" bw="8" slack="0"/>
</pin_list>
<bind>
<opcode="read(1150) " fcode="read"/>
<opset="PixArray_1_2_val_read/1 "/>
</bind>
</comp>

<comp id="244" class="1004" name="PixArray_1_1_val_read_read_fu_244">
<pin_list>
<pin id="245" dir="0" index="0" bw="8" slack="0"/>
<pin id="246" dir="0" index="1" bw="8" slack="0"/>
<pin id="247" dir="1" index="2" bw="8" slack="0"/>
</pin_list>
<bind>
<opcode="read(1150) " fcode="read"/>
<opset="PixArray_1_1_val_read/1 "/>
</bind>
</comp>

<comp id="250" class="1004" name="PixArray_1_0_val_read_read_fu_250">
<pin_list>
<pin id="251" dir="0" index="0" bw="8" slack="0"/>
<pin id="252" dir="0" index="1" bw="8" slack="0"/>
<pin id="253" dir="1" index="2" bw="8" slack="0"/>
</pin_list>
<bind>
<opcode="read(1150) " fcode="read"/>
<opset="PixArray_1_0_val_read/1 "/>
</bind>
</comp>

<comp id="256" class="1004" name="PixArray_0_2_val_read_read_fu_256">
<pin_list>
<pin id="257" dir="0" index="0" bw="8" slack="0"/>
<pin id="258" dir="0" index="1" bw="8" slack="0"/>
<pin id="259" dir="1" index="2" bw="8" slack="0"/>
</pin_list>
<bind>
<opcode="read(1150) " fcode="read"/>
<opset="PixArray_0_2_val_read/1 "/>
</bind>
</comp>

<comp id="262" class="1004" name="PixArray_0_1_val_read_read_fu_262">
<pin_list>
<pin id="263" dir="0" index="0" bw="8" slack="0"/>
<pin id="264" dir="0" index="1" bw="8" slack="0"/>
<pin id="265" dir="1" index="2" bw="8" slack="0"/>
</pin_list>
<bind>
<opcode="read(1150) " fcode="read"/>
<opset="PixArray_0_1_val_read/1 "/>
</bind>
</comp>

<comp id="268" class="1004" name="PixArray_0_0_val_read_read_fu_268">
<pin_list>
<pin id="269" dir="0" index="0" bw="8" slack="0"/>
<pin id="270" dir="0" index="1" bw="8" slack="0"/>
<pin id="271" dir="1" index="2" bw="8" slack="0"/>
</pin_list>
<bind>
<opcode="read(1150) " fcode="read"/>
<opset="PixArray_0_0_val_read/1 "/>
</bind>
</comp>

<comp id="274" class="1004" name="FiltCoeff_0_addr_gep_fu_274">
<pin_list>
<pin id="275" dir="0" index="0" bw="16" slack="0"/>
<pin id="276" dir="0" index="1" bw="1" slack="0"/>
<pin id="277" dir="0" index="2" bw="6" slack="0"/>
<pin id="278" dir="1" index="3" bw="6" slack="0"/>
</pin_list>
<bind>
<opcode="getelementptr(29) " fcode="getelementptr"/>
<opset="FiltCoeff_0_addr/1 "/>
</bind>
</comp>

<comp id="281" class="1004" name="grp_access_fu_281">
<pin_list>
<pin id="282" dir="0" index="0" bw="6" slack="0"/>
<pin id="283" dir="0" index="1" bw="16" slack="2147483647"/>
<pin id="284" dir="0" index="2" bw="0" slack="2147483647"/>
<pin id="285" dir="1" index="3" bw="16" slack="0"/>
</pin_list>
<bind>
<opcode="load(27) " fcode="load"/>
<opset="FiltCoeff_0_load/1 "/>
</bind>
</comp>

<comp id="287" class="1004" name="FiltCoeff_1_addr_gep_fu_287">
<pin_list>
<pin id="288" dir="0" index="0" bw="16" slack="0"/>
<pin id="289" dir="0" index="1" bw="1" slack="0"/>
<pin id="290" dir="0" index="2" bw="6" slack="1"/>
<pin id="291" dir="1" index="3" bw="6" slack="0"/>
</pin_list>
<bind>
<opcode="getelementptr(29) " fcode="getelementptr"/>
<opset="FiltCoeff_1_addr/2 "/>
</bind>
</comp>

<comp id="294" class="1004" name="grp_access_fu_294">
<pin_list>
<pin id="295" dir="0" index="0" bw="6" slack="0"/>
<pin id="296" dir="0" index="1" bw="16" slack="2147483647"/>
<pin id="297" dir="0" index="2" bw="0" slack="2147483647"/>
<pin id="298" dir="1" index="3" bw="16" slack="0"/>
</pin_list>
<bind>
<opcode="load(27) " fcode="load"/>
<opset="FiltCoeff_1_load/2 "/>
</bind>
</comp>

<comp id="300" class="1004" name="FiltCoeff_2_addr_gep_fu_300">
<pin_list>
<pin id="301" dir="0" index="0" bw="16" slack="0"/>
<pin id="302" dir="0" index="1" bw="1" slack="0"/>
<pin id="303" dir="0" index="2" bw="6" slack="2"/>
<pin id="304" dir="1" index="3" bw="6" slack="0"/>
</pin_list>
<bind>
<opcode="getelementptr(29) " fcode="getelementptr"/>
<opset="FiltCoeff_2_addr/3 "/>
</bind>
</comp>

<comp id="307" class="1004" name="grp_access_fu_307">
<pin_list>
<pin id="308" dir="0" index="0" bw="6" slack="0"/>
<pin id="309" dir="0" index="1" bw="16" slack="2147483647"/>
<pin id="310" dir="0" index="2" bw="0" slack="2147483647"/>
<pin id="311" dir="1" index="3" bw="16" slack="0"/>
</pin_list>
<bind>
<opcode="load(27) " fcode="load"/>
<opset="FiltCoeff_2_load/3 "/>
</bind>
</comp>

<comp id="313" class="1004" name="FiltCoeff_3_addr_gep_fu_313">
<pin_list>
<pin id="314" dir="0" index="0" bw="16" slack="0"/>
<pin id="315" dir="0" index="1" bw="1" slack="0"/>
<pin id="316" dir="0" index="2" bw="6" slack="3"/>
<pin id="317" dir="1" index="3" bw="6" slack="0"/>
</pin_list>
<bind>
<opcode="getelementptr(29) " fcode="getelementptr"/>
<opset="FiltCoeff_3_addr/4 "/>
</bind>
</comp>

<comp id="320" class="1004" name="grp_access_fu_320">
<pin_list>
<pin id="321" dir="0" index="0" bw="6" slack="0"/>
<pin id="322" dir="0" index="1" bw="16" slack="2147483647"/>
<pin id="323" dir="0" index="2" bw="0" slack="2147483647"/>
<pin id="324" dir="1" index="3" bw="16" slack="0"/>
</pin_list>
<bind>
<opcode="load(27) " fcode="load"/>
<opset="FiltCoeff_3_load/4 "/>
</bind>
</comp>

<comp id="326" class="1004" name="FiltCoeff_4_addr_gep_fu_326">
<pin_list>
<pin id="327" dir="0" index="0" bw="16" slack="0"/>
<pin id="328" dir="0" index="1" bw="1" slack="0"/>
<pin id="329" dir="0" index="2" bw="6" slack="4"/>
<pin id="330" dir="1" index="3" bw="6" slack="0"/>
</pin_list>
<bind>
<opcode="getelementptr(29) " fcode="getelementptr"/>
<opset="FiltCoeff_4_addr/5 "/>
</bind>
</comp>

<comp id="333" class="1004" name="grp_access_fu_333">
<pin_list>
<pin id="334" dir="0" index="0" bw="6" slack="0"/>
<pin id="335" dir="0" index="1" bw="16" slack="2147483647"/>
<pin id="336" dir="0" index="2" bw="0" slack="2147483647"/>
<pin id="337" dir="1" index="3" bw="16" slack="0"/>
</pin_list>
<bind>
<opcode="load(27) " fcode="load"/>
<opset="FiltCoeff_4_load/5 "/>
</bind>
</comp>

<comp id="339" class="1004" name="FiltCoeff_5_addr_gep_fu_339">
<pin_list>
<pin id="340" dir="0" index="0" bw="16" slack="0"/>
<pin id="341" dir="0" index="1" bw="1" slack="0"/>
<pin id="342" dir="0" index="2" bw="6" slack="5"/>
<pin id="343" dir="1" index="3" bw="6" slack="0"/>
</pin_list>
<bind>
<opcode="getelementptr(29) " fcode="getelementptr"/>
<opset="FiltCoeff_5_addr/6 "/>
</bind>
</comp>

<comp id="346" class="1004" name="grp_access_fu_346">
<pin_list>
<pin id="347" dir="0" index="0" bw="6" slack="0"/>
<pin id="348" dir="0" index="1" bw="16" slack="2147483647"/>
<pin id="349" dir="0" index="2" bw="0" slack="2147483647"/>
<pin id="350" dir="1" index="3" bw="16" slack="0"/>
</pin_list>
<bind>
<opcode="load(27) " fcode="load"/>
<opset="FiltCoeff_5_load/6 "/>
</bind>
</comp>

<comp id="352" class="1004" name="zext_ln991_fu_352">
<pin_list>
<pin id="353" dir="0" index="0" bw="2" slack="0"/>
<pin id="354" dir="1" index="1" bw="3" slack="0"/>
</pin_list>
<bind>
<opcode="zext(34) " fcode="zext"/>
<opset="zext_ln991/1 "/>
</bind>
</comp>

<comp id="356" class="1004" name="idxprom8_fu_356">
<pin_list>
<pin id="357" dir="0" index="0" bw="6" slack="0"/>
<pin id="358" dir="1" index="1" bw="64" slack="0"/>
</pin_list>
<bind>
<opcode="zext(34) " fcode="zext"/>
<opset="idxprom8/1 "/>
</bind>
</comp>

<comp id="361" class="1004" name="add_ln998_fu_361">
<pin_list>
<pin id="362" dir="0" index="0" bw="2" slack="0"/>
<pin id="363" dir="0" index="1" bw="1" slack="0"/>
<pin id="364" dir="1" index="2" bw="3" slack="0"/>
</pin_list>
<bind>
<opcode="add(8) " fcode="add"/>
<opset="add_ln998/1 "/>
</bind>
</comp>

<comp id="367" class="1004" name="tmp_fu_367">
<pin_list>
<pin id="368" dir="0" index="0" bw="8" slack="0"/>
<pin id="369" dir="0" index="1" bw="1" slack="0"/>
<pin id="370" dir="0" index="2" bw="8" slack="0"/>
<pin id="371" dir="0" index="3" bw="3" slack="0"/>
<pin id="372" dir="0" index="4" bw="8" slack="0"/>
<pin id="373" dir="0" index="5" bw="3" slack="0"/>
<pin id="374" dir="0" index="6" bw="8" slack="0"/>
<pin id="375" dir="0" index="7" bw="3" slack="0"/>
<pin id="376" dir="0" index="8" bw="8" slack="0"/>
<pin id="377" dir="0" index="9" bw="1" slack="0"/>
<pin id="378" dir="0" index="10" bw="3" slack="0"/>
<pin id="379" dir="1" index="11" bw="8" slack="1"/>
</pin_list>
<bind>
<opcode="sparsemux(1197) " fcode="sparsemux"/>
<opset="tmp/1 "/>
</bind>
</comp>

<comp id="391" class="1004" name="tmp_s_fu_391">
<pin_list>
<pin id="392" dir="0" index="0" bw="8" slack="0"/>
<pin id="393" dir="0" index="1" bw="1" slack="0"/>
<pin id="394" dir="0" index="2" bw="8" slack="0"/>
<pin id="395" dir="0" index="3" bw="3" slack="0"/>
<pin id="396" dir="0" index="4" bw="8" slack="0"/>
<pin id="397" dir="0" index="5" bw="3" slack="0"/>
<pin id="398" dir="0" index="6" bw="8" slack="0"/>
<pin id="399" dir="0" index="7" bw="3" slack="0"/>
<pin id="400" dir="0" index="8" bw="8" slack="0"/>
<pin id="401" dir="0" index="9" bw="1" slack="0"/>
<pin id="402" dir="0" index="10" bw="3" slack="0"/>
<pin id="403" dir="1" index="11" bw="8" slack="2"/>
</pin_list>
<bind>
<opcode="sparsemux(1197) " fcode="sparsemux"/>
<opset="tmp_s/1 "/>
</bind>
</comp>

<comp id="415" class="1004" name="tmp_9_fu_415">
<pin_list>
<pin id="416" dir="0" index="0" bw="8" slack="0"/>
<pin id="417" dir="0" index="1" bw="1" slack="0"/>
<pin id="418" dir="0" index="2" bw="8" slack="0"/>
<pin id="419" dir="0" index="3" bw="3" slack="0"/>
<pin id="420" dir="0" index="4" bw="8" slack="0"/>
<pin id="421" dir="0" index="5" bw="3" slack="0"/>
<pin id="422" dir="0" index="6" bw="8" slack="0"/>
<pin id="423" dir="0" index="7" bw="3" slack="0"/>
<pin id="424" dir="0" index="8" bw="8" slack="0"/>
<pin id="425" dir="0" index="9" bw="1" slack="0"/>
<pin id="426" dir="0" index="10" bw="3" slack="0"/>
<pin id="427" dir="1" index="11" bw="8" slack="3"/>
</pin_list>
<bind>
<opcode="sparsemux(1197) " fcode="sparsemux"/>
<opset="tmp_9/1 "/>
</bind>
</comp>

<comp id="439" class="1004" name="tmp_1_fu_439">
<pin_list>
<pin id="440" dir="0" index="0" bw="8" slack="0"/>
<pin id="441" dir="0" index="1" bw="1" slack="0"/>
<pin id="442" dir="0" index="2" bw="8" slack="0"/>
<pin id="443" dir="0" index="3" bw="3" slack="0"/>
<pin id="444" dir="0" index="4" bw="8" slack="0"/>
<pin id="445" dir="0" index="5" bw="3" slack="0"/>
<pin id="446" dir="0" index="6" bw="8" slack="0"/>
<pin id="447" dir="0" index="7" bw="3" slack="0"/>
<pin id="448" dir="0" index="8" bw="8" slack="0"/>
<pin id="449" dir="0" index="9" bw="1" slack="0"/>
<pin id="450" dir="0" index="10" bw="3" slack="0"/>
<pin id="451" dir="1" index="11" bw="8" slack="4"/>
</pin_list>
<bind>
<opcode="sparsemux(1197) " fcode="sparsemux"/>
<opset="tmp_1/1 "/>
</bind>
</comp>

<comp id="463" class="1004" name="tmp_2_fu_463">
<pin_list>
<pin id="464" dir="0" index="0" bw="8" slack="0"/>
<pin id="465" dir="0" index="1" bw="3" slack="0"/>
<pin id="466" dir="0" index="2" bw="8" slack="0"/>
<pin id="467" dir="0" index="3" bw="1" slack="0"/>
<pin id="468" dir="0" index="4" bw="8" slack="0"/>
<pin id="469" dir="0" index="5" bw="3" slack="0"/>
<pin id="470" dir="0" index="6" bw="8" slack="0"/>
<pin id="471" dir="0" index="7" bw="3" slack="0"/>
<pin id="472" dir="0" index="8" bw="8" slack="0"/>
<pin id="473" dir="0" index="9" bw="1" slack="0"/>
<pin id="474" dir="0" index="10" bw="3" slack="0"/>
<pin id="475" dir="1" index="11" bw="8" slack="5"/>
</pin_list>
<bind>
<opcode="sparsemux(1197) " fcode="sparsemux"/>
<opset="tmp_2/1 "/>
</bind>
</comp>

<comp id="487" class="1004" name="tmp_3_fu_487">
<pin_list>
<pin id="488" dir="0" index="0" bw="8" slack="0"/>
<pin id="489" dir="0" index="1" bw="3" slack="0"/>
<pin id="490" dir="0" index="2" bw="8" slack="0"/>
<pin id="491" dir="0" index="3" bw="3" slack="0"/>
<pin id="492" dir="0" index="4" bw="8" slack="0"/>
<pin id="493" dir="0" index="5" bw="1" slack="0"/>
<pin id="494" dir="0" index="6" bw="8" slack="0"/>
<pin id="495" dir="0" index="7" bw="3" slack="0"/>
<pin id="496" dir="0" index="8" bw="8" slack="0"/>
<pin id="497" dir="0" index="9" bw="1" slack="0"/>
<pin id="498" dir="0" index="10" bw="3" slack="0"/>
<pin id="499" dir="1" index="11" bw="8" slack="6"/>
</pin_list>
<bind>
<opcode="sparsemux(1197) " fcode="sparsemux"/>
<opset="tmp_3/1 "/>
</bind>
</comp>

<comp id="511" class="1004" name="tmp_4_fu_511">
<pin_list>
<pin id="512" dir="0" index="0" bw="8" slack="0"/>
<pin id="513" dir="0" index="1" bw="1" slack="0"/>
<pin id="514" dir="0" index="2" bw="8" slack="0"/>
<pin id="515" dir="0" index="3" bw="3" slack="0"/>
<pin id="516" dir="0" index="4" bw="8" slack="0"/>
<pin id="517" dir="0" index="5" bw="3" slack="0"/>
<pin id="518" dir="0" index="6" bw="8" slack="0"/>
<pin id="519" dir="0" index="7" bw="3" slack="0"/>
<pin id="520" dir="0" index="8" bw="8" slack="0"/>
<pin id="521" dir="0" index="9" bw="1" slack="0"/>
<pin id="522" dir="0" index="10" bw="3" slack="0"/>
<pin id="523" dir="1" index="11" bw="8" slack="1"/>
</pin_list>
<bind>
<opcode="sparsemux(1197) " fcode="sparsemux"/>
<opset="tmp_4/1 "/>
</bind>
</comp>

<comp id="535" class="1004" name="tmp_5_fu_535">
<pin_list>
<pin id="536" dir="0" index="0" bw="8" slack="0"/>
<pin id="537" dir="0" index="1" bw="1" slack="0"/>
<pin id="538" dir="0" index="2" bw="8" slack="0"/>
<pin id="539" dir="0" index="3" bw="3" slack="0"/>
<pin id="540" dir="0" index="4" bw="8" slack="0"/>
<pin id="541" dir="0" index="5" bw="3" slack="0"/>
<pin id="542" dir="0" index="6" bw="8" slack="0"/>
<pin id="543" dir="0" index="7" bw="3" slack="0"/>
<pin id="544" dir="0" index="8" bw="8" slack="0"/>
<pin id="545" dir="0" index="9" bw="1" slack="0"/>
<pin id="546" dir="0" index="10" bw="3" slack="0"/>
<pin id="547" dir="1" index="11" bw="8" slack="2"/>
</pin_list>
<bind>
<opcode="sparsemux(1197) " fcode="sparsemux"/>
<opset="tmp_5/1 "/>
</bind>
</comp>

<comp id="559" class="1004" name="tmp_6_fu_559">
<pin_list>
<pin id="560" dir="0" index="0" bw="8" slack="0"/>
<pin id="561" dir="0" index="1" bw="1" slack="0"/>
<pin id="562" dir="0" index="2" bw="8" slack="0"/>
<pin id="563" dir="0" index="3" bw="3" slack="0"/>
<pin id="564" dir="0" index="4" bw="8" slack="0"/>
<pin id="565" dir="0" index="5" bw="3" slack="0"/>
<pin id="566" dir="0" index="6" bw="8" slack="0"/>
<pin id="567" dir="0" index="7" bw="3" slack="0"/>
<pin id="568" dir="0" index="8" bw="8" slack="0"/>
<pin id="569" dir="0" index="9" bw="1" slack="0"/>
<pin id="570" dir="0" index="10" bw="3" slack="0"/>
<pin id="571" dir="1" index="11" bw="8" slack="3"/>
</pin_list>
<bind>
<opcode="sparsemux(1197) " fcode="sparsemux"/>
<opset="tmp_6/1 "/>
</bind>
</comp>

<comp id="583" class="1004" name="tmp_7_fu_583">
<pin_list>
<pin id="584" dir="0" index="0" bw="8" slack="0"/>
<pin id="585" dir="0" index="1" bw="1" slack="0"/>
<pin id="586" dir="0" index="2" bw="8" slack="0"/>
<pin id="587" dir="0" index="3" bw="3" slack="0"/>
<pin id="588" dir="0" index="4" bw="8" slack="0"/>
<pin id="589" dir="0" index="5" bw="3" slack="0"/>
<pin id="590" dir="0" index="6" bw="8" slack="0"/>
<pin id="591" dir="0" index="7" bw="3" slack="0"/>
<pin id="592" dir="0" index="8" bw="8" slack="0"/>
<pin id="593" dir="0" index="9" bw="1" slack="0"/>
<pin id="594" dir="0" index="10" bw="3" slack="0"/>
<pin id="595" dir="1" index="11" bw="8" slack="4"/>
</pin_list>
<bind>
<opcode="sparsemux(1197) " fcode="sparsemux"/>
<opset="tmp_7/1 "/>
</bind>
</comp>

<comp id="607" class="1004" name="tmp_8_fu_607">
<pin_list>
<pin id="608" dir="0" index="0" bw="8" slack="0"/>
<pin id="609" dir="0" index="1" bw="3" slack="0"/>
<pin id="610" dir="0" index="2" bw="8" slack="0"/>
<pin id="611" dir="0" index="3" bw="1" slack="0"/>
<pin id="612" dir="0" index="4" bw="8" slack="0"/>
<pin id="613" dir="0" index="5" bw="3" slack="0"/>
<pin id="614" dir="0" index="6" bw="8" slack="0"/>
<pin id="615" dir="0" index="7" bw="3" slack="0"/>
<pin id="616" dir="0" index="8" bw="8" slack="0"/>
<pin id="617" dir="0" index="9" bw="1" slack="0"/>
<pin id="618" dir="0" index="10" bw="3" slack="0"/>
<pin id="619" dir="1" index="11" bw="8" slack="5"/>
</pin_list>
<bind>
<opcode="sparsemux(1197) " fcode="sparsemux"/>
<opset="tmp_8/1 "/>
</bind>
</comp>

<comp id="631" class="1004" name="tmp_10_fu_631">
<pin_list>
<pin id="632" dir="0" index="0" bw="8" slack="0"/>
<pin id="633" dir="0" index="1" bw="3" slack="0"/>
<pin id="634" dir="0" index="2" bw="8" slack="0"/>
<pin id="635" dir="0" index="3" bw="3" slack="0"/>
<pin id="636" dir="0" index="4" bw="8" slack="0"/>
<pin id="637" dir="0" index="5" bw="1" slack="0"/>
<pin id="638" dir="0" index="6" bw="8" slack="0"/>
<pin id="639" dir="0" index="7" bw="3" slack="0"/>
<pin id="640" dir="0" index="8" bw="8" slack="0"/>
<pin id="641" dir="0" index="9" bw="1" slack="0"/>
<pin id="642" dir="0" index="10" bw="3" slack="0"/>
<pin id="643" dir="1" index="11" bw="8" slack="6"/>
</pin_list>
<bind>
<opcode="sparsemux(1197) " fcode="sparsemux"/>
<opset="tmp_10/1 "/>
</bind>
</comp>

<comp id="655" class="1004" name="tmp_11_fu_655">
<pin_list>
<pin id="656" dir="0" index="0" bw="8" slack="0"/>
<pin id="657" dir="0" index="1" bw="1" slack="0"/>
<pin id="658" dir="0" index="2" bw="8" slack="0"/>
<pin id="659" dir="0" index="3" bw="3" slack="0"/>
<pin id="660" dir="0" index="4" bw="8" slack="0"/>
<pin id="661" dir="0" index="5" bw="3" slack="0"/>
<pin id="662" dir="0" index="6" bw="8" slack="0"/>
<pin id="663" dir="0" index="7" bw="3" slack="0"/>
<pin id="664" dir="0" index="8" bw="8" slack="0"/>
<pin id="665" dir="0" index="9" bw="1" slack="0"/>
<pin id="666" dir="0" index="10" bw="3" slack="0"/>
<pin id="667" dir="1" index="11" bw="8" slack="1"/>
</pin_list>
<bind>
<opcode="sparsemux(1197) " fcode="sparsemux"/>
<opset="tmp_11/1 "/>
</bind>
</comp>

<comp id="679" class="1004" name="tmp_12_fu_679">
<pin_list>
<pin id="680" dir="0" index="0" bw="8" slack="0"/>
<pin id="681" dir="0" index="1" bw="1" slack="0"/>
<pin id="682" dir="0" index="2" bw="8" slack="0"/>
<pin id="683" dir="0" index="3" bw="3" slack="0"/>
<pin id="684" dir="0" index="4" bw="8" slack="0"/>
<pin id="685" dir="0" index="5" bw="3" slack="0"/>
<pin id="686" dir="0" index="6" bw="8" slack="0"/>
<pin id="687" dir="0" index="7" bw="3" slack="0"/>
<pin id="688" dir="0" index="8" bw="8" slack="0"/>
<pin id="689" dir="0" index="9" bw="1" slack="0"/>
<pin id="690" dir="0" index="10" bw="3" slack="0"/>
<pin id="691" dir="1" index="11" bw="8" slack="2"/>
</pin_list>
<bind>
<opcode="sparsemux(1197) " fcode="sparsemux"/>
<opset="tmp_12/1 "/>
</bind>
</comp>

<comp id="703" class="1004" name="tmp_13_fu_703">
<pin_list>
<pin id="704" dir="0" index="0" bw="8" slack="0"/>
<pin id="705" dir="0" index="1" bw="1" slack="0"/>
<pin id="706" dir="0" index="2" bw="8" slack="0"/>
<pin id="707" dir="0" index="3" bw="3" slack="0"/>
<pin id="708" dir="0" index="4" bw="8" slack="0"/>
<pin id="709" dir="0" index="5" bw="3" slack="0"/>
<pin id="710" dir="0" index="6" bw="8" slack="0"/>
<pin id="711" dir="0" index="7" bw="3" slack="0"/>
<pin id="712" dir="0" index="8" bw="8" slack="0"/>
<pin id="713" dir="0" index="9" bw="1" slack="0"/>
<pin id="714" dir="0" index="10" bw="3" slack="0"/>
<pin id="715" dir="1" index="11" bw="8" slack="3"/>
</pin_list>
<bind>
<opcode="sparsemux(1197) " fcode="sparsemux"/>
<opset="tmp_13/1 "/>
</bind>
</comp>

<comp id="727" class="1004" name="tmp_14_fu_727">
<pin_list>
<pin id="728" dir="0" index="0" bw="8" slack="0"/>
<pin id="729" dir="0" index="1" bw="1" slack="0"/>
<pin id="730" dir="0" index="2" bw="8" slack="0"/>
<pin id="731" dir="0" index="3" bw="3" slack="0"/>
<pin id="732" dir="0" index="4" bw="8" slack="0"/>
<pin id="733" dir="0" index="5" bw="3" slack="0"/>
<pin id="734" dir="0" index="6" bw="8" slack="0"/>
<pin id="735" dir="0" index="7" bw="3" slack="0"/>
<pin id="736" dir="0" index="8" bw="8" slack="0"/>
<pin id="737" dir="0" index="9" bw="1" slack="0"/>
<pin id="738" dir="0" index="10" bw="3" slack="0"/>
<pin id="739" dir="1" index="11" bw="8" slack="4"/>
</pin_list>
<bind>
<opcode="sparsemux(1197) " fcode="sparsemux"/>
<opset="tmp_14/1 "/>
</bind>
</comp>

<comp id="751" class="1004" name="tmp_15_fu_751">
<pin_list>
<pin id="752" dir="0" index="0" bw="8" slack="0"/>
<pin id="753" dir="0" index="1" bw="3" slack="0"/>
<pin id="754" dir="0" index="2" bw="8" slack="0"/>
<pin id="755" dir="0" index="3" bw="1" slack="0"/>
<pin id="756" dir="0" index="4" bw="8" slack="0"/>
<pin id="757" dir="0" index="5" bw="3" slack="0"/>
<pin id="758" dir="0" index="6" bw="8" slack="0"/>
<pin id="759" dir="0" index="7" bw="3" slack="0"/>
<pin id="760" dir="0" index="8" bw="8" slack="0"/>
<pin id="761" dir="0" index="9" bw="1" slack="0"/>
<pin id="762" dir="0" index="10" bw="3" slack="0"/>
<pin id="763" dir="1" index="11" bw="8" slack="5"/>
</pin_list>
<bind>
<opcode="sparsemux(1197) " fcode="sparsemux"/>
<opset="tmp_15/1 "/>
</bind>
</comp>

<comp id="775" class="1004" name="tmp_16_fu_775">
<pin_list>
<pin id="776" dir="0" index="0" bw="8" slack="0"/>
<pin id="777" dir="0" index="1" bw="3" slack="0"/>
<pin id="778" dir="0" index="2" bw="8" slack="0"/>
<pin id="779" dir="0" index="3" bw="3" slack="0"/>
<pin id="780" dir="0" index="4" bw="8" slack="0"/>
<pin id="781" dir="0" index="5" bw="1" slack="0"/>
<pin id="782" dir="0" index="6" bw="8" slack="0"/>
<pin id="783" dir="0" index="7" bw="3" slack="0"/>
<pin id="784" dir="0" index="8" bw="8" slack="0"/>
<pin id="785" dir="0" index="9" bw="1" slack="0"/>
<pin id="786" dir="0" index="10" bw="3" slack="0"/>
<pin id="787" dir="1" index="11" bw="8" slack="6"/>
</pin_list>
<bind>
<opcode="sparsemux(1197) " fcode="sparsemux"/>
<opset="tmp_16/1 "/>
</bind>
</comp>

<comp id="799" class="1004" name="zext_ln1010_fu_799">
<pin_list>
<pin id="800" dir="0" index="0" bw="8" slack="1"/>
<pin id="801" dir="1" index="1" bw="24" slack="0"/>
</pin_list>
<bind>
<opcode="zext(34) " fcode="zext"/>
<opset="zext_ln1010/2 "/>
</bind>
</comp>

<comp id="802" class="1004" name="sext_ln1010_fu_802">
<pin_list>
<pin id="803" dir="0" index="0" bw="16" slack="0"/>
<pin id="804" dir="1" index="1" bw="24" slack="0"/>
</pin_list>
<bind>
<opcode="sext(35) " fcode="sext"/>
<opset="sext_ln1010/2 "/>
</bind>
</comp>

<comp id="806" class="1004" name="zext_ln1010_6_fu_806">
<pin_list>
<pin id="807" dir="0" index="0" bw="8" slack="1"/>
<pin id="808" dir="1" index="1" bw="24" slack="0"/>
</pin_list>
<bind>
<opcode="zext(34) " fcode="zext"/>
<opset="zext_ln1010_6/2 "/>
</bind>
</comp>

<comp id="809" class="1004" name="zext_ln1010_12_fu_809">
<pin_list>
<pin id="810" dir="0" index="0" bw="8" slack="1"/>
<pin id="811" dir="1" index="1" bw="24" slack="0"/>
</pin_list>
<bind>
<opcode="zext(34) " fcode="zext"/>
<opset="zext_ln1010_12/2 "/>
</bind>
</comp>

<comp id="812" class="1004" name="zext_ln1010_1_fu_812">
<pin_list>
<pin id="813" dir="0" index="0" bw="8" slack="2"/>
<pin id="814" dir="1" index="1" bw="24" slack="0"/>
</pin_list>
<bind>
<opcode="zext(34) " fcode="zext"/>
<opset="zext_ln1010_1/3 "/>
</bind>
</comp>

<comp id="815" class="1004" name="sext_ln1010_1_fu_815">
<pin_list>
<pin id="816" dir="0" index="0" bw="16" slack="0"/>
<pin id="817" dir="1" index="1" bw="24" slack="0"/>
</pin_list>
<bind>
<opcode="sext(35) " fcode="sext"/>
<opset="sext_ln1010_1/3 "/>
</bind>
</comp>

<comp id="819" class="1004" name="zext_ln1010_7_fu_819">
<pin_list>
<pin id="820" dir="0" index="0" bw="8" slack="2"/>
<pin id="821" dir="1" index="1" bw="24" slack="0"/>
</pin_list>
<bind>
<opcode="zext(34) " fcode="zext"/>
<opset="zext_ln1010_7/3 "/>
</bind>
</comp>

<comp id="822" class="1004" name="zext_ln1010_13_fu_822">
<pin_list>
<pin id="823" dir="0" index="0" bw="8" slack="2"/>
<pin id="824" dir="1" index="1" bw="24" slack="0"/>
</pin_list>
<bind>
<opcode="zext(34) " fcode="zext"/>
<opset="zext_ln1010_13/3 "/>
</bind>
</comp>

<comp id="825" class="1004" name="zext_ln1010_2_fu_825">
<pin_list>
<pin id="826" dir="0" index="0" bw="8" slack="3"/>
<pin id="827" dir="1" index="1" bw="24" slack="0"/>
</pin_list>
<bind>
<opcode="zext(34) " fcode="zext"/>
<opset="zext_ln1010_2/4 "/>
</bind>
</comp>

<comp id="828" class="1004" name="sext_ln1010_3_fu_828">
<pin_list>
<pin id="829" dir="0" index="0" bw="16" slack="0"/>
<pin id="830" dir="1" index="1" bw="24" slack="0"/>
</pin_list>
<bind>
<opcode="sext(35) " fcode="sext"/>
<opset="sext_ln1010_3/4 "/>
</bind>
</comp>

<comp id="832" class="1004" name="zext_ln1010_8_fu_832">
<pin_list>
<pin id="833" dir="0" index="0" bw="8" slack="3"/>
<pin id="834" dir="1" index="1" bw="24" slack="0"/>
</pin_list>
<bind>
<opcode="zext(34) " fcode="zext"/>
<opset="zext_ln1010_8/4 "/>
</bind>
</comp>

<comp id="835" class="1004" name="zext_ln1010_14_fu_835">
<pin_list>
<pin id="836" dir="0" index="0" bw="8" slack="3"/>
<pin id="837" dir="1" index="1" bw="24" slack="0"/>
</pin_list>
<bind>
<opcode="zext(34) " fcode="zext"/>
<opset="zext_ln1010_14/4 "/>
</bind>
</comp>

<comp id="838" class="1004" name="sext_ln1001_fu_838">
<pin_list>
<pin id="839" dir="0" index="0" bw="24" slack="0"/>
<pin id="840" dir="1" index="1" bw="25" slack="0"/>
</pin_list>
<bind>
<opcode="sext(35) " fcode="sext"/>
<opset="sext_ln1001/5 "/>
</bind>
</comp>

<comp id="841" class="1004" name="zext_ln1010_3_fu_841">
<pin_list>
<pin id="842" dir="0" index="0" bw="8" slack="4"/>
<pin id="843" dir="1" index="1" bw="24" slack="0"/>
</pin_list>
<bind>
<opcode="zext(34) " fcode="zext"/>
<opset="zext_ln1010_3/5 "/>
</bind>
</comp>

<comp id="844" class="1004" name="sext_ln1010_5_fu_844">
<pin_list>
<pin id="845" dir="0" index="0" bw="16" slack="0"/>
<pin id="846" dir="1" index="1" bw="24" slack="0"/>
</pin_list>
<bind>
<opcode="sext(35) " fcode="sext"/>
<opset="sext_ln1010_5/5 "/>
</bind>
</comp>

<comp id="848" class="1004" name="sext_ln1010_11_fu_848">
<pin_list>
<pin id="849" dir="0" index="0" bw="24" slack="0"/>
<pin id="850" dir="1" index="1" bw="25" slack="0"/>
</pin_list>
<bind>
<opcode="sext(35) " fcode="sext"/>
<opset="sext_ln1010_11/5 "/>
</bind>
</comp>

<comp id="851" class="1004" name="zext_ln1010_9_fu_851">
<pin_list>
<pin id="852" dir="0" index="0" bw="8" slack="4"/>
<pin id="853" dir="1" index="1" bw="24" slack="0"/>
</pin_list>
<bind>
<opcode="zext(34) " fcode="zext"/>
<opset="zext_ln1010_9/5 "/>
</bind>
</comp>

<comp id="854" class="1004" name="sext_ln1010_19_fu_854">
<pin_list>
<pin id="855" dir="0" index="0" bw="24" slack="0"/>
<pin id="856" dir="1" index="1" bw="25" slack="0"/>
</pin_list>
<bind>
<opcode="sext(35) " fcode="sext"/>
<opset="sext_ln1010_19/5 "/>
</bind>
</comp>

<comp id="857" class="1004" name="zext_ln1010_15_fu_857">
<pin_list>
<pin id="858" dir="0" index="0" bw="8" slack="4"/>
<pin id="859" dir="1" index="1" bw="24" slack="0"/>
</pin_list>
<bind>
<opcode="zext(34) " fcode="zext"/>
<opset="zext_ln1010_15/5 "/>
</bind>
</comp>

<comp id="860" class="1004" name="sext_ln1001_1_fu_860">
<pin_list>
<pin id="861" dir="0" index="0" bw="25" slack="0"/>
<pin id="862" dir="1" index="1" bw="26" slack="0"/>
</pin_list>
<bind>
<opcode="sext(35) " fcode="sext"/>
<opset="sext_ln1001_1/6 "/>
</bind>
</comp>

<comp id="863" class="1004" name="zext_ln1010_4_fu_863">
<pin_list>
<pin id="864" dir="0" index="0" bw="8" slack="5"/>
<pin id="865" dir="1" index="1" bw="24" slack="0"/>
</pin_list>
<bind>
<opcode="zext(34) " fcode="zext"/>
<opset="zext_ln1010_4/6 "/>
</bind>
</comp>

<comp id="866" class="1004" name="sext_ln1010_7_fu_866">
<pin_list>
<pin id="867" dir="0" index="0" bw="16" slack="0"/>
<pin id="868" dir="1" index="1" bw="24" slack="0"/>
</pin_list>
<bind>
<opcode="sext(35) " fcode="sext"/>
<opset="sext_ln1010_7/6 "/>
</bind>
</comp>

<comp id="870" class="1004" name="sext_ln1010_13_fu_870">
<pin_list>
<pin id="871" dir="0" index="0" bw="25" slack="0"/>
<pin id="872" dir="1" index="1" bw="26" slack="0"/>
</pin_list>
<bind>
<opcode="sext(35) " fcode="sext"/>
<opset="sext_ln1010_13/6 "/>
</bind>
</comp>

<comp id="873" class="1004" name="zext_ln1010_10_fu_873">
<pin_list>
<pin id="874" dir="0" index="0" bw="8" slack="5"/>
<pin id="875" dir="1" index="1" bw="24" slack="0"/>
</pin_list>
<bind>
<opcode="zext(34) " fcode="zext"/>
<opset="zext_ln1010_10/6 "/>
</bind>
</comp>

<comp id="876" class="1004" name="sext_ln1010_21_fu_876">
<pin_list>
<pin id="877" dir="0" index="0" bw="25" slack="0"/>
<pin id="878" dir="1" index="1" bw="26" slack="0"/>
</pin_list>
<bind>
<opcode="sext(35) " fcode="sext"/>
<opset="sext_ln1010_21/6 "/>
</bind>
</comp>

<comp id="879" class="1004" name="zext_ln1010_16_fu_879">
<pin_list>
<pin id="880" dir="0" index="0" bw="8" slack="5"/>
<pin id="881" dir="1" index="1" bw="24" slack="0"/>
</pin_list>
<bind>
<opcode="zext(34) " fcode="zext"/>
<opset="zext_ln1010_16/6 "/>
</bind>
</comp>

<comp id="882" class="1004" name="zext_ln1010_5_fu_882">
<pin_list>
<pin id="883" dir="0" index="0" bw="8" slack="6"/>
<pin id="884" dir="1" index="1" bw="24" slack="0"/>
</pin_list>
<bind>
<opcode="zext(34) " fcode="zext"/>
<opset="zext_ln1010_5/7 "/>
</bind>
</comp>

<comp id="885" class="1004" name="sext_ln1010_9_fu_885">
<pin_list>
<pin id="886" dir="0" index="0" bw="16" slack="0"/>
<pin id="887" dir="1" index="1" bw="24" slack="0"/>
</pin_list>
<bind>
<opcode="sext(35) " fcode="sext"/>
<opset="sext_ln1010_9/7 "/>
</bind>
</comp>

<comp id="889" class="1004" name="zext_ln1010_11_fu_889">
<pin_list>
<pin id="890" dir="0" index="0" bw="8" slack="6"/>
<pin id="891" dir="1" index="1" bw="24" slack="0"/>
</pin_list>
<bind>
<opcode="zext(34) " fcode="zext"/>
<opset="zext_ln1010_11/7 "/>
</bind>
</comp>

<comp id="892" class="1004" name="zext_ln1010_17_fu_892">
<pin_list>
<pin id="893" dir="0" index="0" bw="8" slack="6"/>
<pin id="894" dir="1" index="1" bw="24" slack="0"/>
</pin_list>
<bind>
<opcode="zext(34) " fcode="zext"/>
<opset="zext_ln1010_17/7 "/>
</bind>
</comp>

<comp id="895" class="1004" name="sext_ln1001_2_fu_895">
<pin_list>
<pin id="896" dir="0" index="0" bw="26" slack="0"/>
<pin id="897" dir="1" index="1" bw="27" slack="0"/>
</pin_list>
<bind>
<opcode="sext(35) " fcode="sext"/>
<opset="sext_ln1001_2/8 "/>
</bind>
</comp>

<comp id="898" class="1004" name="sext_ln1010_16_fu_898">
<pin_list>
<pin id="899" dir="0" index="0" bw="26" slack="0"/>
<pin id="900" dir="1" index="1" bw="27" slack="0"/>
</pin_list>
<bind>
<opcode="sext(35) " fcode="sext"/>
<opset="sext_ln1010_16/8 "/>
</bind>
</comp>

<comp id="901" class="1004" name="sext_ln1010_24_fu_901">
<pin_list>
<pin id="902" dir="0" index="0" bw="26" slack="0"/>
<pin id="903" dir="1" index="1" bw="27" slack="0"/>
</pin_list>
<bind>
<opcode="sext(35) " fcode="sext"/>
<opset="sext_ln1010_24/8 "/>
</bind>
</comp>

<comp id="904" class="1004" name="tmp_17_fu_904">
<pin_list>
<pin id="905" dir="0" index="0" bw="1" slack="0"/>
<pin id="906" dir="0" index="1" bw="27" slack="0"/>
<pin id="907" dir="0" index="2" bw="6" slack="0"/>
<pin id="908" dir="1" index="3" bw="1" slack="1"/>
</pin_list>
<bind>
<opcode="bitselect(1000) " fcode="bitselect"/>
<opset="tmp_17/10 "/>
</bind>
</comp>

<comp id="911" class="1004" name="tmp_18_fu_911">
<pin_list>
<pin id="912" dir="0" index="0" bw="7" slack="0"/>
<pin id="913" dir="0" index="1" bw="27" slack="0"/>
<pin id="914" dir="0" index="2" bw="6" slack="0"/>
<pin id="915" dir="0" index="3" bw="6" slack="0"/>
<pin id="916" dir="1" index="4" bw="7" slack="0"/>
</pin_list>
<bind>
<opcode="partselect(1002) " fcode="partselect"/>
<opset="tmp_18/10 "/>
</bind>
</comp>

<comp id="920" class="1004" name="icmp_ln1013_fu_920">
<pin_list>
<pin id="921" dir="0" index="0" bw="7" slack="0"/>
<pin id="922" dir="0" index="1" bw="1" slack="0"/>
<pin id="923" dir="1" index="2" bw="1" slack="1"/>
</pin_list>
<bind>
<opcode="icmp(45) " fcode="icmp"/>
<opset="icmp_ln1013/10 "/>
</bind>
</comp>

<comp id="926" class="1004" name="tmp_19_fu_926">
<pin_list>
<pin id="927" dir="0" index="0" bw="1" slack="0"/>
<pin id="928" dir="0" index="1" bw="27" slack="0"/>
<pin id="929" dir="0" index="2" bw="6" slack="0"/>
<pin id="930" dir="1" index="3" bw="1" slack="1"/>
</pin_list>
<bind>
<opcode="bitselect(1000) " fcode="bitselect"/>
<opset="tmp_19/10 "/>
</bind>
</comp>

<comp id="933" class="1004" name="tmp_20_fu_933">
<pin_list>
<pin id="934" dir="0" index="0" bw="7" slack="0"/>
<pin id="935" dir="0" index="1" bw="27" slack="0"/>
<pin id="936" dir="0" index="2" bw="6" slack="0"/>
<pin id="937" dir="0" index="3" bw="6" slack="0"/>
<pin id="938" dir="1" index="4" bw="7" slack="0"/>
</pin_list>
<bind>
<opcode="partselect(1002) " fcode="partselect"/>
<opset="tmp_20/10 "/>
</bind>
</comp>

<comp id="942" class="1004" name="icmp_ln1013_1_fu_942">
<pin_list>
<pin id="943" dir="0" index="0" bw="7" slack="0"/>
<pin id="944" dir="0" index="1" bw="1" slack="0"/>
<pin id="945" dir="1" index="2" bw="1" slack="1"/>
</pin_list>
<bind>
<opcode="icmp(45) " fcode="icmp"/>
<opset="icmp_ln1013_1/10 "/>
</bind>
</comp>

<comp id="948" class="1004" name="tmp_21_fu_948">
<pin_list>
<pin id="949" dir="0" index="0" bw="1" slack="0"/>
<pin id="950" dir="0" index="1" bw="27" slack="0"/>
<pin id="951" dir="0" index="2" bw="6" slack="0"/>
<pin id="952" dir="1" index="3" bw="1" slack="1"/>
</pin_list>
<bind>
<opcode="bitselect(1000) " fcode="bitselect"/>
<opset="tmp_21/10 "/>
</bind>
</comp>

<comp id="955" class="1004" name="tmp_22_fu_955">
<pin_list>
<pin id="956" dir="0" index="0" bw="7" slack="0"/>
<pin id="957" dir="0" index="1" bw="27" slack="0"/>
<pin id="958" dir="0" index="2" bw="6" slack="0"/>
<pin id="959" dir="0" index="3" bw="6" slack="0"/>
<pin id="960" dir="1" index="4" bw="7" slack="0"/>
</pin_list>
<bind>
<opcode="partselect(1002) " fcode="partselect"/>
<opset="tmp_22/10 "/>
</bind>
</comp>

<comp id="964" class="1004" name="icmp_ln1013_2_fu_964">
<pin_list>
<pin id="965" dir="0" index="0" bw="7" slack="0"/>
<pin id="966" dir="0" index="1" bw="1" slack="0"/>
<pin id="967" dir="1" index="2" bw="1" slack="1"/>
</pin_list>
<bind>
<opcode="icmp(45) " fcode="icmp"/>
<opset="icmp_ln1013_2/10 "/>
</bind>
</comp>

<comp id="970" class="1004" name="trunc_ln_fu_970">
<pin_list>
<pin id="971" dir="0" index="0" bw="8" slack="0"/>
<pin id="972" dir="0" index="1" bw="27" slack="1"/>
<pin id="973" dir="0" index="2" bw="5" slack="0"/>
<pin id="974" dir="0" index="3" bw="6" slack="0"/>
<pin id="975" dir="1" index="4" bw="8" slack="0"/>
</pin_list>
<bind>
<opcode="partselect(1002) " fcode="partselect"/>
<opset="trunc_ln/11 "/>
</bind>
</comp>

<comp id="979" class="1004" name="xor_ln1015_fu_979">
<pin_list>
<pin id="980" dir="0" index="0" bw="1" slack="1"/>
<pin id="981" dir="0" index="1" bw="1" slack="0"/>
<pin id="982" dir="1" index="2" bw="1" slack="0"/>
</pin_list>
<bind>
<opcode="xor(25) " fcode="xor"/>
<opset="xor_ln1015/11 "/>
</bind>
</comp>

<comp id="984" class="1004" name="select_ln1015_3_fu_984">
<pin_list>
<pin id="985" dir="0" index="0" bw="1" slack="0"/>
<pin id="986" dir="0" index="1" bw="1" slack="0"/>
<pin id="987" dir="0" index="2" bw="1" slack="0"/>
<pin id="988" dir="1" index="3" bw="8" slack="0"/>
</pin_list>
<bind>
<opcode="select(49) " fcode="select"/>
<opset="select_ln1015_3/11 "/>
</bind>
</comp>

<comp id="992" class="1004" name="or_ln1015_fu_992">
<pin_list>
<pin id="993" dir="0" index="0" bw="1" slack="1"/>
<pin id="994" dir="0" index="1" bw="1" slack="1"/>
<pin id="995" dir="1" index="2" bw="1" slack="0"/>
</pin_list>
<bind>
<opcode="or(24) " fcode="or"/>
<opset="or_ln1015/11 "/>
</bind>
</comp>

<comp id="996" class="1004" name="select_ln1015_fu_996">
<pin_list>
<pin id="997" dir="0" index="0" bw="1" slack="0"/>
<pin id="998" dir="0" index="1" bw="8" slack="0"/>
<pin id="999" dir="0" index="2" bw="8" slack="0"/>
<pin id="1000" dir="1" index="3" bw="8" slack="0"/>
</pin_list>
<bind>
<opcode="select(49) " fcode="select"/>
<opset="select_ln1015/11 "/>
</bind>
</comp>

<comp id="1004" class="1004" name="trunc_ln1015_1_fu_1004">
<pin_list>
<pin id="1005" dir="0" index="0" bw="8" slack="0"/>
<pin id="1006" dir="0" index="1" bw="27" slack="1"/>
<pin id="1007" dir="0" index="2" bw="5" slack="0"/>
<pin id="1008" dir="0" index="3" bw="6" slack="0"/>
<pin id="1009" dir="1" index="4" bw="8" slack="0"/>
</pin_list>
<bind>
<opcode="partselect(1002) " fcode="partselect"/>
<opset="trunc_ln1015_1/11 "/>
</bind>
</comp>

<comp id="1013" class="1004" name="xor_ln1015_1_fu_1013">
<pin_list>
<pin id="1014" dir="0" index="0" bw="1" slack="1"/>
<pin id="1015" dir="0" index="1" bw="1" slack="0"/>
<pin id="1016" dir="1" index="2" bw="1" slack="0"/>
</pin_list>
<bind>
<opcode="xor(25) " fcode="xor"/>
<opset="xor_ln1015_1/11 "/>
</bind>
</comp>

<comp id="1018" class="1004" name="select_ln1015_4_fu_1018">
<pin_list>
<pin id="1019" dir="0" index="0" bw="1" slack="0"/>
<pin id="1020" dir="0" index="1" bw="1" slack="0"/>
<pin id="1021" dir="0" index="2" bw="1" slack="0"/>
<pin id="1022" dir="1" index="3" bw="8" slack="0"/>
</pin_list>
<bind>
<opcode="select(49) " fcode="select"/>
<opset="select_ln1015_4/11 "/>
</bind>
</comp>

<comp id="1026" class="1004" name="or_ln1015_1_fu_1026">
<pin_list>
<pin id="1027" dir="0" index="0" bw="1" slack="1"/>
<pin id="1028" dir="0" index="1" bw="1" slack="1"/>
<pin id="1029" dir="1" index="2" bw="1" slack="0"/>
</pin_list>
<bind>
<opcode="or(24) " fcode="or"/>
<opset="or_ln1015_1/11 "/>
</bind>
</comp>

<comp id="1030" class="1004" name="select_ln1015_1_fu_1030">
<pin_list>
<pin id="1031" dir="0" index="0" bw="1" slack="0"/>
<pin id="1032" dir="0" index="1" bw="8" slack="0"/>
<pin id="1033" dir="0" index="2" bw="8" slack="0"/>
<pin id="1034" dir="1" index="3" bw="8" slack="0"/>
</pin_list>
<bind>
<opcode="select(49) " fcode="select"/>
<opset="select_ln1015_1/11 "/>
</bind>
</comp>

<comp id="1038" class="1004" name="trunc_ln1015_2_fu_1038">
<pin_list>
<pin id="1039" dir="0" index="0" bw="8" slack="0"/>
<pin id="1040" dir="0" index="1" bw="27" slack="1"/>
<pin id="1041" dir="0" index="2" bw="5" slack="0"/>
<pin id="1042" dir="0" index="3" bw="6" slack="0"/>
<pin id="1043" dir="1" index="4" bw="8" slack="0"/>
</pin_list>
<bind>
<opcode="partselect(1002) " fcode="partselect"/>
<opset="trunc_ln1015_2/11 "/>
</bind>
</comp>

<comp id="1047" class="1004" name="xor_ln1015_2_fu_1047">
<pin_list>
<pin id="1048" dir="0" index="0" bw="1" slack="1"/>
<pin id="1049" dir="0" index="1" bw="1" slack="0"/>
<pin id="1050" dir="1" index="2" bw="1" slack="0"/>
</pin_list>
<bind>
<opcode="xor(25) " fcode="xor"/>
<opset="xor_ln1015_2/11 "/>
</bind>
</comp>

<comp id="1052" class="1004" name="select_ln1015_5_fu_1052">
<pin_list>
<pin id="1053" dir="0" index="0" bw="1" slack="0"/>
<pin id="1054" dir="0" index="1" bw="1" slack="0"/>
<pin id="1055" dir="0" index="2" bw="1" slack="0"/>
<pin id="1056" dir="1" index="3" bw="8" slack="0"/>
</pin_list>
<bind>
<opcode="select(49) " fcode="select"/>
<opset="select_ln1015_5/11 "/>
</bind>
</comp>

<comp id="1060" class="1004" name="or_ln1015_2_fu_1060">
<pin_list>
<pin id="1061" dir="0" index="0" bw="1" slack="1"/>
<pin id="1062" dir="0" index="1" bw="1" slack="1"/>
<pin id="1063" dir="1" index="2" bw="1" slack="0"/>
</pin_list>
<bind>
<opcode="or(24) " fcode="or"/>
<opset="or_ln1015_2/11 "/>
</bind>
</comp>

<comp id="1064" class="1004" name="select_ln1015_2_fu_1064">
<pin_list>
<pin id="1065" dir="0" index="0" bw="1" slack="0"/>
<pin id="1066" dir="0" index="1" bw="8" slack="0"/>
<pin id="1067" dir="0" index="2" bw="8" slack="0"/>
<pin id="1068" dir="1" index="3" bw="8" slack="0"/>
</pin_list>
<bind>
<opcode="select(49) " fcode="select"/>
<opset="select_ln1015_2/11 "/>
</bind>
</comp>

<comp id="1072" class="1004" name="mrv_fu_1072">
<pin_list>
<pin id="1073" dir="0" index="0" bw="24" slack="0"/>
<pin id="1074" dir="0" index="1" bw="8" slack="0"/>
<pin id="1075" dir="1" index="2" bw="24" slack="0"/>
</pin_list>
<bind>
<opcode="insertvalue(57) " fcode="insertvalue"/>
<opset="mrv/11 "/>
</bind>
</comp>

<comp id="1078" class="1004" name="mrv_1_fu_1078">
<pin_list>
<pin id="1079" dir="0" index="0" bw="24" slack="0"/>
<pin id="1080" dir="0" index="1" bw="8" slack="0"/>
<pin id="1081" dir="1" index="2" bw="24" slack="0"/>
</pin_list>
<bind>
<opcode="insertvalue(57) " fcode="insertvalue"/>
<opset="mrv_1/11 "/>
</bind>
</comp>

<comp id="1084" class="1004" name="mrv_2_fu_1084">
<pin_list>
<pin id="1085" dir="0" index="0" bw="24" slack="0"/>
<pin id="1086" dir="0" index="1" bw="8" slack="0"/>
<pin id="1087" dir="1" index="2" bw="24" slack="2147483647"/>
</pin_list>
<bind>
<opcode="insertvalue(57) " fcode="insertvalue"/>
<opset="mrv_2/11 "/>
</bind>
</comp>

<comp id="1090" class="1007" name="grp_fu_1090">
<pin_list>
<pin id="1091" dir="0" index="0" bw="8" slack="0"/>
<pin id="1092" dir="0" index="1" bw="16" slack="0"/>
<pin id="1093" dir="0" index="2" bw="12" slack="0"/>
<pin id="1094" dir="1" index="3" bw="24" slack="0"/>
</pin_list>
<bind>
<opcode="muladd(1172) " fcode="muladd"/>
<opset="mul_ln1010/2 sum/4 "/>
</bind>
</comp>

<comp id="1099" class="1007" name="grp_fu_1099">
<pin_list>
<pin id="1100" dir="0" index="0" bw="8" slack="0"/>
<pin id="1101" dir="0" index="1" bw="16" slack="0"/>
<pin id="1102" dir="0" index="2" bw="12" slack="0"/>
<pin id="1103" dir="1" index="3" bw="24" slack="0"/>
</pin_list>
<bind>
<opcode="muladd(1172) " fcode="muladd"/>
<opset="mul_ln1010_6/2 sum_18/4 "/>
</bind>
</comp>

<comp id="1108" class="1007" name="grp_fu_1108">
<pin_list>
<pin id="1109" dir="0" index="0" bw="8" slack="0"/>
<pin id="1110" dir="0" index="1" bw="16" slack="0"/>
<pin id="1111" dir="0" index="2" bw="12" slack="0"/>
<pin id="1112" dir="1" index="3" bw="24" slack="0"/>
</pin_list>
<bind>
<opcode="muladd(1172) " fcode="muladd"/>
<opset="mul_ln1010_12/2 sum_24/4 "/>
</bind>
</comp>

<comp id="1117" class="1007" name="grp_fu_1117">
<pin_list>
<pin id="1118" dir="0" index="0" bw="8" slack="0"/>
<pin id="1119" dir="0" index="1" bw="16" slack="0"/>
<pin id="1120" dir="0" index="2" bw="24" slack="0"/>
<pin id="1121" dir="1" index="3" bw="25" slack="0"/>
</pin_list>
<bind>
<opcode="muladd(1172) " fcode="muladd"/>
<opset="mul_ln1010_1/3 sext_ln1010_2/5 sum_1/5 "/>
</bind>
</comp>

<comp id="1126" class="1007" name="grp_fu_1126">
<pin_list>
<pin id="1127" dir="0" index="0" bw="8" slack="0"/>
<pin id="1128" dir="0" index="1" bw="16" slack="0"/>
<pin id="1129" dir="0" index="2" bw="24" slack="0"/>
<pin id="1130" dir="1" index="3" bw="25" slack="0"/>
</pin_list>
<bind>
<opcode="muladd(1172) " fcode="muladd"/>
<opset="mul_ln1010_7/3 sext_ln1010_12/5 sum_19/5 "/>
</bind>
</comp>

<comp id="1135" class="1007" name="grp_fu_1135">
<pin_list>
<pin id="1136" dir="0" index="0" bw="8" slack="0"/>
<pin id="1137" dir="0" index="1" bw="16" slack="0"/>
<pin id="1138" dir="0" index="2" bw="24" slack="0"/>
<pin id="1139" dir="1" index="3" bw="25" slack="0"/>
</pin_list>
<bind>
<opcode="muladd(1172) " fcode="muladd"/>
<opset="mul_ln1010_13/3 sext_ln1010_20/5 sum_25/5 "/>
</bind>
</comp>

<comp id="1144" class="1007" name="grp_fu_1144">
<pin_list>
<pin id="1145" dir="0" index="0" bw="8" slack="0"/>
<pin id="1146" dir="0" index="1" bw="16" slack="0"/>
<pin id="1147" dir="0" index="2" bw="25" slack="0"/>
<pin id="1148" dir="1" index="3" bw="26" slack="0"/>
</pin_list>
<bind>
<opcode="muladd(1172) " fcode="muladd"/>
<opset="mul_ln1010_2/4 sext_ln1010_4/6 sum_2/6 "/>
</bind>
</comp>

<comp id="1152" class="1007" name="grp_fu_1152">
<pin_list>
<pin id="1153" dir="0" index="0" bw="8" slack="0"/>
<pin id="1154" dir="0" index="1" bw="16" slack="0"/>
<pin id="1155" dir="0" index="2" bw="25" slack="0"/>
<pin id="1156" dir="1" index="3" bw="26" slack="0"/>
</pin_list>
<bind>
<opcode="muladd(1172) " fcode="muladd"/>
<opset="mul_ln1010_8/4 sext_ln1010_14/6 sum_20/6 "/>
</bind>
</comp>

<comp id="1160" class="1007" name="grp_fu_1160">
<pin_list>
<pin id="1161" dir="0" index="0" bw="8" slack="0"/>
<pin id="1162" dir="0" index="1" bw="16" slack="0"/>
<pin id="1163" dir="0" index="2" bw="25" slack="0"/>
<pin id="1164" dir="1" index="3" bw="26" slack="0"/>
</pin_list>
<bind>
<opcode="muladd(1172) " fcode="muladd"/>
<opset="mul_ln1010_14/4 sext_ln1010_22/6 sum_26/6 "/>
</bind>
</comp>

<comp id="1168" class="1007" name="grp_fu_1168">
<pin_list>
<pin id="1169" dir="0" index="0" bw="8" slack="0"/>
<pin id="1170" dir="0" index="1" bw="16" slack="0"/>
<pin id="1171" dir="0" index="2" bw="26" slack="0"/>
<pin id="1172" dir="1" index="3" bw="26" slack="0"/>
</pin_list>
<bind>
<opcode="muladd(1172) " fcode="muladd"/>
<opset="mul_ln1010_3/5 sext_ln1010_6/7 sum_3/7 "/>
</bind>
</comp>

<comp id="1177" class="1007" name="grp_fu_1177">
<pin_list>
<pin id="1178" dir="0" index="0" bw="8" slack="0"/>
<pin id="1179" dir="0" index="1" bw="16" slack="0"/>
<pin id="1180" dir="0" index="2" bw="26" slack="0"/>
<pin id="1181" dir="1" index="3" bw="26" slack="0"/>
</pin_list>
<bind>
<opcode="muladd(1172) " fcode="muladd"/>
<opset="mul_ln1010_9/5 sext_ln1010_15/7 sum_21/7 "/>
</bind>
</comp>

<comp id="1186" class="1007" name="grp_fu_1186">
<pin_list>
<pin id="1187" dir="0" index="0" bw="8" slack="0"/>
<pin id="1188" dir="0" index="1" bw="16" slack="0"/>
<pin id="1189" dir="0" index="2" bw="26" slack="0"/>
<pin id="1190" dir="1" index="3" bw="26" slack="0"/>
</pin_list>
<bind>
<opcode="muladd(1172) " fcode="muladd"/>
<opset="mul_ln1010_15/5 sext_ln1010_23/7 sum_27/7 "/>
</bind>
</comp>

<comp id="1195" class="1007" name="grp_fu_1195">
<pin_list>
<pin id="1196" dir="0" index="0" bw="8" slack="0"/>
<pin id="1197" dir="0" index="1" bw="16" slack="0"/>
<pin id="1198" dir="0" index="2" bw="26" slack="0"/>
<pin id="1199" dir="1" index="3" bw="27" slack="0"/>
</pin_list>
<bind>
<opcode="muladd(1172) " fcode="muladd"/>
<opset="mul_ln1010_4/6 sext_ln1010_8/8 sum_4/8 "/>
</bind>
</comp>

<comp id="1203" class="1007" name="grp_fu_1203">
<pin_list>
<pin id="1204" dir="0" index="0" bw="8" slack="0"/>
<pin id="1205" dir="0" index="1" bw="16" slack="0"/>
<pin id="1206" dir="0" index="2" bw="26" slack="0"/>
<pin id="1207" dir="1" index="3" bw="27" slack="0"/>
</pin_list>
<bind>
<opcode="muladd(1172) " fcode="muladd"/>
<opset="mul_ln1010_10/6 sext_ln1010_17/8 sum_22/8 "/>
</bind>
</comp>

<comp id="1211" class="1007" name="grp_fu_1211">
<pin_list>
<pin id="1212" dir="0" index="0" bw="8" slack="0"/>
<pin id="1213" dir="0" index="1" bw="16" slack="0"/>
<pin id="1214" dir="0" index="2" bw="26" slack="0"/>
<pin id="1215" dir="1" index="3" bw="27" slack="0"/>
</pin_list>
<bind>
<opcode="muladd(1172) " fcode="muladd"/>
<opset="mul_ln1010_16/6 sext_ln1010_25/8 sum_28/8 "/>
</bind>
</comp>

<comp id="1219" class="1007" name="grp_fu_1219">
<pin_list>
<pin id="1220" dir="0" index="0" bw="8" slack="0"/>
<pin id="1221" dir="0" index="1" bw="16" slack="0"/>
<pin id="1222" dir="0" index="2" bw="27" slack="0"/>
<pin id="1223" dir="1" index="3" bw="27" slack="0"/>
</pin_list>
<bind>
<opcode="muladd(1172) " fcode="muladd"/>
<opset="mul_ln1010_5/7 sext_ln1010_10/9 sum_5/9 "/>
</bind>
</comp>

<comp id="1229" class="1007" name="grp_fu_1229">
<pin_list>
<pin id="1230" dir="0" index="0" bw="8" slack="0"/>
<pin id="1231" dir="0" index="1" bw="16" slack="0"/>
<pin id="1232" dir="0" index="2" bw="27" slack="0"/>
<pin id="1233" dir="1" index="3" bw="27" slack="0"/>
</pin_list>
<bind>
<opcode="muladd(1172) " fcode="muladd"/>
<opset="mul_ln1010_11/7 sext_ln1010_18/9 sum_23/9 "/>
</bind>
</comp>

<comp id="1239" class="1007" name="grp_fu_1239">
<pin_list>
<pin id="1240" dir="0" index="0" bw="8" slack="0"/>
<pin id="1241" dir="0" index="1" bw="16" slack="0"/>
<pin id="1242" dir="0" index="2" bw="27" slack="0"/>
<pin id="1243" dir="1" index="3" bw="27" slack="0"/>
</pin_list>
<bind>
<opcode="muladd(1172) " fcode="muladd"/>
<opset="mul_ln1010_17/7 sext_ln1010_26/9 sum_17/9 "/>
</bind>
</comp>

<comp id="1249" class="1005" name="idxprom8_reg_1249">
<pin_list>
<pin id="1250" dir="0" index="0" bw="64" slack="1"/>
<pin id="1251" dir="1" index="1" bw="64" slack="1"/>
</pin_list>
<bind>
<opset="idxprom8 "/>
</bind>
</comp>

<comp id="1258" class="1005" name="FiltCoeff_0_addr_reg_1258">
<pin_list>
<pin id="1259" dir="0" index="0" bw="6" slack="1"/>
<pin id="1260" dir="1" index="1" bw="6" slack="1"/>
</pin_list>
<bind>
<opset="FiltCoeff_0_addr "/>
</bind>
</comp>

<comp id="1263" class="1005" name="tmp_reg_1263">
<pin_list>
<pin id="1264" dir="0" index="0" bw="8" slack="1"/>
<pin id="1265" dir="1" index="1" bw="8" slack="1"/>
</pin_list>
<bind>
<opset="tmp "/>
</bind>
</comp>

<comp id="1268" class="1005" name="tmp_s_reg_1268">
<pin_list>
<pin id="1269" dir="0" index="0" bw="8" slack="2"/>
<pin id="1270" dir="1" index="1" bw="8" slack="2"/>
</pin_list>
<bind>
<opset="tmp_s "/>
</bind>
</comp>

<comp id="1273" class="1005" name="tmp_9_reg_1273">
<pin_list>
<pin id="1274" dir="0" index="0" bw="8" slack="3"/>
<pin id="1275" dir="1" index="1" bw="8" slack="3"/>
</pin_list>
<bind>
<opset="tmp_9 "/>
</bind>
</comp>

<comp id="1278" class="1005" name="tmp_1_reg_1278">
<pin_list>
<pin id="1279" dir="0" index="0" bw="8" slack="4"/>
<pin id="1280" dir="1" index="1" bw="8" slack="4"/>
</pin_list>
<bind>
<opset="tmp_1 "/>
</bind>
</comp>

<comp id="1283" class="1005" name="tmp_2_reg_1283">
<pin_list>
<pin id="1284" dir="0" index="0" bw="8" slack="5"/>
<pin id="1285" dir="1" index="1" bw="8" slack="5"/>
</pin_list>
<bind>
<opset="tmp_2 "/>
</bind>
</comp>

<comp id="1288" class="1005" name="tmp_3_reg_1288">
<pin_list>
<pin id="1289" dir="0" index="0" bw="8" slack="6"/>
<pin id="1290" dir="1" index="1" bw="8" slack="6"/>
</pin_list>
<bind>
<opset="tmp_3 "/>
</bind>
</comp>

<comp id="1293" class="1005" name="tmp_4_reg_1293">
<pin_list>
<pin id="1294" dir="0" index="0" bw="8" slack="1"/>
<pin id="1295" dir="1" index="1" bw="8" slack="1"/>
</pin_list>
<bind>
<opset="tmp_4 "/>
</bind>
</comp>

<comp id="1298" class="1005" name="tmp_5_reg_1298">
<pin_list>
<pin id="1299" dir="0" index="0" bw="8" slack="2"/>
<pin id="1300" dir="1" index="1" bw="8" slack="2"/>
</pin_list>
<bind>
<opset="tmp_5 "/>
</bind>
</comp>

<comp id="1303" class="1005" name="tmp_6_reg_1303">
<pin_list>
<pin id="1304" dir="0" index="0" bw="8" slack="3"/>
<pin id="1305" dir="1" index="1" bw="8" slack="3"/>
</pin_list>
<bind>
<opset="tmp_6 "/>
</bind>
</comp>

<comp id="1308" class="1005" name="tmp_7_reg_1308">
<pin_list>
<pin id="1309" dir="0" index="0" bw="8" slack="4"/>
<pin id="1310" dir="1" index="1" bw="8" slack="4"/>
</pin_list>
<bind>
<opset="tmp_7 "/>
</bind>
</comp>

<comp id="1313" class="1005" name="tmp_8_reg_1313">
<pin_list>
<pin id="1314" dir="0" index="0" bw="8" slack="5"/>
<pin id="1315" dir="1" index="1" bw="8" slack="5"/>
</pin_list>
<bind>
<opset="tmp_8 "/>
</bind>
</comp>

<comp id="1318" class="1005" name="tmp_10_reg_1318">
<pin_list>
<pin id="1319" dir="0" index="0" bw="8" slack="6"/>
<pin id="1320" dir="1" index="1" bw="8" slack="6"/>
</pin_list>
<bind>
<opset="tmp_10 "/>
</bind>
</comp>

<comp id="1323" class="1005" name="tmp_11_reg_1323">
<pin_list>
<pin id="1324" dir="0" index="0" bw="8" slack="1"/>
<pin id="1325" dir="1" index="1" bw="8" slack="1"/>
</pin_list>
<bind>
<opset="tmp_11 "/>
</bind>
</comp>

<comp id="1328" class="1005" name="tmp_12_reg_1328">
<pin_list>
<pin id="1329" dir="0" index="0" bw="8" slack="2"/>
<pin id="1330" dir="1" index="1" bw="8" slack="2"/>
</pin_list>
<bind>
<opset="tmp_12 "/>
</bind>
</comp>

<comp id="1333" class="1005" name="tmp_13_reg_1333">
<pin_list>
<pin id="1334" dir="0" index="0" bw="8" slack="3"/>
<pin id="1335" dir="1" index="1" bw="8" slack="3"/>
</pin_list>
<bind>
<opset="tmp_13 "/>
</bind>
</comp>

<comp id="1338" class="1005" name="tmp_14_reg_1338">
<pin_list>
<pin id="1339" dir="0" index="0" bw="8" slack="4"/>
<pin id="1340" dir="1" index="1" bw="8" slack="4"/>
</pin_list>
<bind>
<opset="tmp_14 "/>
</bind>
</comp>

<comp id="1343" class="1005" name="tmp_15_reg_1343">
<pin_list>
<pin id="1344" dir="0" index="0" bw="8" slack="5"/>
<pin id="1345" dir="1" index="1" bw="8" slack="5"/>
</pin_list>
<bind>
<opset="tmp_15 "/>
</bind>
</comp>

<comp id="1348" class="1005" name="tmp_16_reg_1348">
<pin_list>
<pin id="1349" dir="0" index="0" bw="8" slack="6"/>
<pin id="1350" dir="1" index="1" bw="8" slack="6"/>
</pin_list>
<bind>
<opset="tmp_16 "/>
</bind>
</comp>

<comp id="1353" class="1005" name="FiltCoeff_1_addr_reg_1353">
<pin_list>
<pin id="1354" dir="0" index="0" bw="6" slack="1"/>
<pin id="1355" dir="1" index="1" bw="6" slack="1"/>
</pin_list>
<bind>
<opset="FiltCoeff_1_addr "/>
</bind>
</comp>

<comp id="1358" class="1005" name="zext_ln1010_reg_1358">
<pin_list>
<pin id="1359" dir="0" index="0" bw="24" slack="1"/>
<pin id="1360" dir="1" index="1" bw="24" slack="1"/>
</pin_list>
<bind>
<opset="zext_ln1010 "/>
</bind>
</comp>

<comp id="1363" class="1005" name="sext_ln1010_reg_1363">
<pin_list>
<pin id="1364" dir="0" index="0" bw="24" slack="1"/>
<pin id="1365" dir="1" index="1" bw="24" slack="1"/>
</pin_list>
<bind>
<opset="sext_ln1010 "/>
</bind>
</comp>

<comp id="1370" class="1005" name="zext_ln1010_6_reg_1370">
<pin_list>
<pin id="1371" dir="0" index="0" bw="24" slack="1"/>
<pin id="1372" dir="1" index="1" bw="24" slack="1"/>
</pin_list>
<bind>
<opset="zext_ln1010_6 "/>
</bind>
</comp>

<comp id="1375" class="1005" name="zext_ln1010_12_reg_1375">
<pin_list>
<pin id="1376" dir="0" index="0" bw="24" slack="1"/>
<pin id="1377" dir="1" index="1" bw="24" slack="1"/>
</pin_list>
<bind>
<opset="zext_ln1010_12 "/>
</bind>
</comp>

<comp id="1380" class="1005" name="FiltCoeff_2_addr_reg_1380">
<pin_list>
<pin id="1381" dir="0" index="0" bw="6" slack="1"/>
<pin id="1382" dir="1" index="1" bw="6" slack="1"/>
</pin_list>
<bind>
<opset="FiltCoeff_2_addr "/>
</bind>
</comp>

<comp id="1385" class="1005" name="zext_ln1010_1_reg_1385">
<pin_list>
<pin id="1386" dir="0" index="0" bw="24" slack="1"/>
<pin id="1387" dir="1" index="1" bw="24" slack="1"/>
</pin_list>
<bind>
<opset="zext_ln1010_1 "/>
</bind>
</comp>

<comp id="1390" class="1005" name="sext_ln1010_1_reg_1390">
<pin_list>
<pin id="1391" dir="0" index="0" bw="24" slack="1"/>
<pin id="1392" dir="1" index="1" bw="24" slack="1"/>
</pin_list>
<bind>
<opset="sext_ln1010_1 "/>
</bind>
</comp>

<comp id="1397" class="1005" name="zext_ln1010_7_reg_1397">
<pin_list>
<pin id="1398" dir="0" index="0" bw="24" slack="1"/>
<pin id="1399" dir="1" index="1" bw="24" slack="1"/>
</pin_list>
<bind>
<opset="zext_ln1010_7 "/>
</bind>
</comp>

<comp id="1402" class="1005" name="zext_ln1010_13_reg_1402">
<pin_list>
<pin id="1403" dir="0" index="0" bw="24" slack="1"/>
<pin id="1404" dir="1" index="1" bw="24" slack="1"/>
</pin_list>
<bind>
<opset="zext_ln1010_13 "/>
</bind>
</comp>

<comp id="1407" class="1005" name="FiltCoeff_3_addr_reg_1407">
<pin_list>
<pin id="1408" dir="0" index="0" bw="6" slack="1"/>
<pin id="1409" dir="1" index="1" bw="6" slack="1"/>
</pin_list>
<bind>
<opset="FiltCoeff_3_addr "/>
</bind>
</comp>

<comp id="1412" class="1005" name="zext_ln1010_2_reg_1412">
<pin_list>
<pin id="1413" dir="0" index="0" bw="24" slack="1"/>
<pin id="1414" dir="1" index="1" bw="24" slack="1"/>
</pin_list>
<bind>
<opset="zext_ln1010_2 "/>
</bind>
</comp>

<comp id="1417" class="1005" name="sext_ln1010_3_reg_1417">
<pin_list>
<pin id="1418" dir="0" index="0" bw="24" slack="1"/>
<pin id="1419" dir="1" index="1" bw="24" slack="1"/>
</pin_list>
<bind>
<opset="sext_ln1010_3 "/>
</bind>
</comp>

<comp id="1424" class="1005" name="zext_ln1010_8_reg_1424">
<pin_list>
<pin id="1425" dir="0" index="0" bw="24" slack="1"/>
<pin id="1426" dir="1" index="1" bw="24" slack="1"/>
</pin_list>
<bind>
<opset="zext_ln1010_8 "/>
</bind>
</comp>

<comp id="1429" class="1005" name="zext_ln1010_14_reg_1429">
<pin_list>
<pin id="1430" dir="0" index="0" bw="24" slack="1"/>
<pin id="1431" dir="1" index="1" bw="24" slack="1"/>
</pin_list>
<bind>
<opset="zext_ln1010_14 "/>
</bind>
</comp>

<comp id="1434" class="1005" name="FiltCoeff_4_addr_reg_1434">
<pin_list>
<pin id="1435" dir="0" index="0" bw="6" slack="1"/>
<pin id="1436" dir="1" index="1" bw="6" slack="1"/>
</pin_list>
<bind>
<opset="FiltCoeff_4_addr "/>
</bind>
</comp>

<comp id="1439" class="1005" name="sext_ln1001_reg_1439">
<pin_list>
<pin id="1440" dir="0" index="0" bw="25" slack="1"/>
<pin id="1441" dir="1" index="1" bw="25" slack="1"/>
</pin_list>
<bind>
<opset="sext_ln1001 "/>
</bind>
</comp>

<comp id="1444" class="1005" name="zext_ln1010_3_reg_1444">
<pin_list>
<pin id="1445" dir="0" index="0" bw="24" slack="1"/>
<pin id="1446" dir="1" index="1" bw="24" slack="1"/>
</pin_list>
<bind>
<opset="zext_ln1010_3 "/>
</bind>
</comp>

<comp id="1449" class="1005" name="sext_ln1010_5_reg_1449">
<pin_list>
<pin id="1450" dir="0" index="0" bw="24" slack="1"/>
<pin id="1451" dir="1" index="1" bw="24" slack="1"/>
</pin_list>
<bind>
<opset="sext_ln1010_5 "/>
</bind>
</comp>

<comp id="1456" class="1005" name="sext_ln1010_11_reg_1456">
<pin_list>
<pin id="1457" dir="0" index="0" bw="25" slack="1"/>
<pin id="1458" dir="1" index="1" bw="25" slack="1"/>
</pin_list>
<bind>
<opset="sext_ln1010_11 "/>
</bind>
</comp>

<comp id="1461" class="1005" name="zext_ln1010_9_reg_1461">
<pin_list>
<pin id="1462" dir="0" index="0" bw="24" slack="1"/>
<pin id="1463" dir="1" index="1" bw="24" slack="1"/>
</pin_list>
<bind>
<opset="zext_ln1010_9 "/>
</bind>
</comp>

<comp id="1466" class="1005" name="sext_ln1010_19_reg_1466">
<pin_list>
<pin id="1467" dir="0" index="0" bw="25" slack="1"/>
<pin id="1468" dir="1" index="1" bw="25" slack="1"/>
</pin_list>
<bind>
<opset="sext_ln1010_19 "/>
</bind>
</comp>

<comp id="1471" class="1005" name="zext_ln1010_15_reg_1471">
<pin_list>
<pin id="1472" dir="0" index="0" bw="24" slack="1"/>
<pin id="1473" dir="1" index="1" bw="24" slack="1"/>
</pin_list>
<bind>
<opset="zext_ln1010_15 "/>
</bind>
</comp>

<comp id="1476" class="1005" name="FiltCoeff_5_addr_reg_1476">
<pin_list>
<pin id="1477" dir="0" index="0" bw="6" slack="1"/>
<pin id="1478" dir="1" index="1" bw="6" slack="1"/>
</pin_list>
<bind>
<opset="FiltCoeff_5_addr "/>
</bind>
</comp>

<comp id="1481" class="1005" name="sext_ln1001_1_reg_1481">
<pin_list>
<pin id="1482" dir="0" index="0" bw="26" slack="1"/>
<pin id="1483" dir="1" index="1" bw="26" slack="1"/>
</pin_list>
<bind>
<opset="sext_ln1001_1 "/>
</bind>
</comp>

<comp id="1486" class="1005" name="zext_ln1010_4_reg_1486">
<pin_list>
<pin id="1487" dir="0" index="0" bw="24" slack="1"/>
<pin id="1488" dir="1" index="1" bw="24" slack="1"/>
</pin_list>
<bind>
<opset="zext_ln1010_4 "/>
</bind>
</comp>

<comp id="1491" class="1005" name="sext_ln1010_7_reg_1491">
<pin_list>
<pin id="1492" dir="0" index="0" bw="24" slack="1"/>
<pin id="1493" dir="1" index="1" bw="24" slack="1"/>
</pin_list>
<bind>
<opset="sext_ln1010_7 "/>
</bind>
</comp>

<comp id="1498" class="1005" name="sext_ln1010_13_reg_1498">
<pin_list>
<pin id="1499" dir="0" index="0" bw="26" slack="1"/>
<pin id="1500" dir="1" index="1" bw="26" slack="1"/>
</pin_list>
<bind>
<opset="sext_ln1010_13 "/>
</bind>
</comp>

<comp id="1503" class="1005" name="zext_ln1010_10_reg_1503">
<pin_list>
<pin id="1504" dir="0" index="0" bw="24" slack="1"/>
<pin id="1505" dir="1" index="1" bw="24" slack="1"/>
</pin_list>
<bind>
<opset="zext_ln1010_10 "/>
</bind>
</comp>

<comp id="1508" class="1005" name="sext_ln1010_21_reg_1508">
<pin_list>
<pin id="1509" dir="0" index="0" bw="26" slack="1"/>
<pin id="1510" dir="1" index="1" bw="26" slack="1"/>
</pin_list>
<bind>
<opset="sext_ln1010_21 "/>
</bind>
</comp>

<comp id="1513" class="1005" name="zext_ln1010_16_reg_1513">
<pin_list>
<pin id="1514" dir="0" index="0" bw="24" slack="1"/>
<pin id="1515" dir="1" index="1" bw="24" slack="1"/>
</pin_list>
<bind>
<opset="zext_ln1010_16 "/>
</bind>
</comp>

<comp id="1518" class="1005" name="sum_2_reg_1518">
<pin_list>
<pin id="1519" dir="0" index="0" bw="26" slack="1"/>
<pin id="1520" dir="1" index="1" bw="26" slack="1"/>
</pin_list>
<bind>
<opset="sum_2 "/>
</bind>
</comp>

<comp id="1523" class="1005" name="zext_ln1010_5_reg_1523">
<pin_list>
<pin id="1524" dir="0" index="0" bw="24" slack="1"/>
<pin id="1525" dir="1" index="1" bw="24" slack="1"/>
</pin_list>
<bind>
<opset="zext_ln1010_5 "/>
</bind>
</comp>

<comp id="1528" class="1005" name="sext_ln1010_9_reg_1528">
<pin_list>
<pin id="1529" dir="0" index="0" bw="24" slack="1"/>
<pin id="1530" dir="1" index="1" bw="24" slack="1"/>
</pin_list>
<bind>
<opset="sext_ln1010_9 "/>
</bind>
</comp>

<comp id="1535" class="1005" name="sum_20_reg_1535">
<pin_list>
<pin id="1536" dir="0" index="0" bw="26" slack="1"/>
<pin id="1537" dir="1" index="1" bw="26" slack="1"/>
</pin_list>
<bind>
<opset="sum_20 "/>
</bind>
</comp>

<comp id="1540" class="1005" name="zext_ln1010_11_reg_1540">
<pin_list>
<pin id="1541" dir="0" index="0" bw="24" slack="1"/>
<pin id="1542" dir="1" index="1" bw="24" slack="1"/>
</pin_list>
<bind>
<opset="zext_ln1010_11 "/>
</bind>
</comp>

<comp id="1545" class="1005" name="sum_26_reg_1545">
<pin_list>
<pin id="1546" dir="0" index="0" bw="26" slack="1"/>
<pin id="1547" dir="1" index="1" bw="26" slack="1"/>
</pin_list>
<bind>
<opset="sum_26 "/>
</bind>
</comp>

<comp id="1550" class="1005" name="zext_ln1010_17_reg_1550">
<pin_list>
<pin id="1551" dir="0" index="0" bw="24" slack="1"/>
<pin id="1552" dir="1" index="1" bw="24" slack="1"/>
</pin_list>
<bind>
<opset="zext_ln1010_17 "/>
</bind>
</comp>

<comp id="1555" class="1005" name="sext_ln1001_2_reg_1555">
<pin_list>
<pin id="1556" dir="0" index="0" bw="27" slack="1"/>
<pin id="1557" dir="1" index="1" bw="27" slack="1"/>
</pin_list>
<bind>
<opset="sext_ln1001_2 "/>
</bind>
</comp>

<comp id="1560" class="1005" name="sext_ln1010_16_reg_1560">
<pin_list>
<pin id="1561" dir="0" index="0" bw="27" slack="1"/>
<pin id="1562" dir="1" index="1" bw="27" slack="1"/>
</pin_list>
<bind>
<opset="sext_ln1010_16 "/>
</bind>
</comp>

<comp id="1565" class="1005" name="sext_ln1010_24_reg_1565">
<pin_list>
<pin id="1566" dir="0" index="0" bw="27" slack="1"/>
<pin id="1567" dir="1" index="1" bw="27" slack="1"/>
</pin_list>
<bind>
<opset="sext_ln1010_24 "/>
</bind>
</comp>

<comp id="1570" class="1005" name="sum_4_reg_1570">
<pin_list>
<pin id="1571" dir="0" index="0" bw="27" slack="1"/>
<pin id="1572" dir="1" index="1" bw="27" slack="1"/>
</pin_list>
<bind>
<opset="sum_4 "/>
</bind>
</comp>

<comp id="1575" class="1005" name="sum_22_reg_1575">
<pin_list>
<pin id="1576" dir="0" index="0" bw="27" slack="1"/>
<pin id="1577" dir="1" index="1" bw="27" slack="1"/>
</pin_list>
<bind>
<opset="sum_22 "/>
</bind>
</comp>

<comp id="1580" class="1005" name="sum_28_reg_1580">
<pin_list>
<pin id="1581" dir="0" index="0" bw="27" slack="1"/>
<pin id="1582" dir="1" index="1" bw="27" slack="1"/>
</pin_list>
<bind>
<opset="sum_28 "/>
</bind>
</comp>

<comp id="1585" class="1005" name="sum_5_reg_1585">
<pin_list>
<pin id="1586" dir="0" index="0" bw="27" slack="1"/>
<pin id="1587" dir="1" index="1" bw="27" slack="1"/>
</pin_list>
<bind>
<opset="sum_5 "/>
</bind>
</comp>

<comp id="1590" class="1005" name="tmp_17_reg_1590">
<pin_list>
<pin id="1591" dir="0" index="0" bw="1" slack="1"/>
<pin id="1592" dir="1" index="1" bw="1" slack="1"/>
</pin_list>
<bind>
<opset="tmp_17 "/>
</bind>
</comp>

<comp id="1596" class="1005" name="icmp_ln1013_reg_1596">
<pin_list>
<pin id="1597" dir="0" index="0" bw="1" slack="1"/>
<pin id="1598" dir="1" index="1" bw="1" slack="1"/>
</pin_list>
<bind>
<opset="icmp_ln1013 "/>
</bind>
</comp>

<comp id="1601" class="1005" name="sum_23_reg_1601">
<pin_list>
<pin id="1602" dir="0" index="0" bw="27" slack="1"/>
<pin id="1603" dir="1" index="1" bw="27" slack="1"/>
</pin_list>
<bind>
<opset="sum_23 "/>
</bind>
</comp>

<comp id="1606" class="1005" name="tmp_19_reg_1606">
<pin_list>
<pin id="1607" dir="0" index="0" bw="1" slack="1"/>
<pin id="1608" dir="1" index="1" bw="1" slack="1"/>
</pin_list>
<bind>
<opset="tmp_19 "/>
</bind>
</comp>

<comp id="1612" class="1005" name="icmp_ln1013_1_reg_1612">
<pin_list>
<pin id="1613" dir="0" index="0" bw="1" slack="1"/>
<pin id="1614" dir="1" index="1" bw="1" slack="1"/>
</pin_list>
<bind>
<opset="icmp_ln1013_1 "/>
</bind>
</comp>

<comp id="1617" class="1005" name="sum_17_reg_1617">
<pin_list>
<pin id="1618" dir="0" index="0" bw="27" slack="1"/>
<pin id="1619" dir="1" index="1" bw="27" slack="1"/>
</pin_list>
<bind>
<opset="sum_17 "/>
</bind>
</comp>

<comp id="1622" class="1005" name="tmp_21_reg_1622">
<pin_list>
<pin id="1623" dir="0" index="0" bw="1" slack="1"/>
<pin id="1624" dir="1" index="1" bw="1" slack="1"/>
</pin_list>
<bind>
<opset="tmp_21 "/>
</bind>
</comp>

<comp id="1628" class="1005" name="icmp_ln1013_2_reg_1628">
<pin_list>
<pin id="1629" dir="0" index="0" bw="1" slack="1"/>
<pin id="1630" dir="1" index="1" bw="1" slack="1"/>
</pin_list>
<bind>
<opset="icmp_ln1013_2 "/>
</bind>
</comp>

</comp_list>

<net_list>
<net id="122"><net_src comp="64" pin="0"/><net_sink comp="118" pin=0"/></net>

<net id="123"><net_src comp="62" pin="0"/><net_sink comp="118" pin=1"/></net>

<net id="128"><net_src comp="66" pin="0"/><net_sink comp="124" pin=0"/></net>

<net id="129"><net_src comp="60" pin="0"/><net_sink comp="124" pin=1"/></net>

<net id="134"><net_src comp="68" pin="0"/><net_sink comp="130" pin=0"/></net>

<net id="135"><net_src comp="58" pin="0"/><net_sink comp="130" pin=1"/></net>

<net id="140"><net_src comp="68" pin="0"/><net_sink comp="136" pin=0"/></net>

<net id="141"><net_src comp="56" pin="0"/><net_sink comp="136" pin=1"/></net>

<net id="146"><net_src comp="68" pin="0"/><net_sink comp="142" pin=0"/></net>

<net id="147"><net_src comp="54" pin="0"/><net_sink comp="142" pin=1"/></net>

<net id="152"><net_src comp="68" pin="0"/><net_sink comp="148" pin=0"/></net>

<net id="153"><net_src comp="52" pin="0"/><net_sink comp="148" pin=1"/></net>

<net id="158"><net_src comp="68" pin="0"/><net_sink comp="154" pin=0"/></net>

<net id="159"><net_src comp="50" pin="0"/><net_sink comp="154" pin=1"/></net>

<net id="164"><net_src comp="68" pin="0"/><net_sink comp="160" pin=0"/></net>

<net id="165"><net_src comp="48" pin="0"/><net_sink comp="160" pin=1"/></net>

<net id="170"><net_src comp="68" pin="0"/><net_sink comp="166" pin=0"/></net>

<net id="171"><net_src comp="46" pin="0"/><net_sink comp="166" pin=1"/></net>

<net id="176"><net_src comp="68" pin="0"/><net_sink comp="172" pin=0"/></net>

<net id="177"><net_src comp="44" pin="0"/><net_sink comp="172" pin=1"/></net>

<net id="182"><net_src comp="68" pin="0"/><net_sink comp="178" pin=0"/></net>

<net id="183"><net_src comp="42" pin="0"/><net_sink comp="178" pin=1"/></net>

<net id="188"><net_src comp="68" pin="0"/><net_sink comp="184" pin=0"/></net>

<net id="189"><net_src comp="40" pin="0"/><net_sink comp="184" pin=1"/></net>

<net id="194"><net_src comp="68" pin="0"/><net_sink comp="190" pin=0"/></net>

<net id="195"><net_src comp="38" pin="0"/><net_sink comp="190" pin=1"/></net>

<net id="200"><net_src comp="68" pin="0"/><net_sink comp="196" pin=0"/></net>

<net id="201"><net_src comp="36" pin="0"/><net_sink comp="196" pin=1"/></net>

<net id="206"><net_src comp="68" pin="0"/><net_sink comp="202" pin=0"/></net>

<net id="207"><net_src comp="34" pin="0"/><net_sink comp="202" pin=1"/></net>

<net id="212"><net_src comp="68" pin="0"/><net_sink comp="208" pin=0"/></net>

<net id="213"><net_src comp="32" pin="0"/><net_sink comp="208" pin=1"/></net>

<net id="218"><net_src comp="68" pin="0"/><net_sink comp="214" pin=0"/></net>

<net id="219"><net_src comp="30" pin="0"/><net_sink comp="214" pin=1"/></net>

<net id="224"><net_src comp="68" pin="0"/><net_sink comp="220" pin=0"/></net>

<net id="225"><net_src comp="28" pin="0"/><net_sink comp="220" pin=1"/></net>

<net id="230"><net_src comp="68" pin="0"/><net_sink comp="226" pin=0"/></net>

<net id="231"><net_src comp="26" pin="0"/><net_sink comp="226" pin=1"/></net>

<net id="236"><net_src comp="68" pin="0"/><net_sink comp="232" pin=0"/></net>

<net id="237"><net_src comp="24" pin="0"/><net_sink comp="232" pin=1"/></net>

<net id="242"><net_src comp="68" pin="0"/><net_sink comp="238" pin=0"/></net>

<net id="243"><net_src comp="22" pin="0"/><net_sink comp="238" pin=1"/></net>

<net id="248"><net_src comp="68" pin="0"/><net_sink comp="244" pin=0"/></net>

<net id="249"><net_src comp="20" pin="0"/><net_sink comp="244" pin=1"/></net>

<net id="254"><net_src comp="68" pin="0"/><net_sink comp="250" pin=0"/></net>

<net id="255"><net_src comp="18" pin="0"/><net_sink comp="250" pin=1"/></net>

<net id="260"><net_src comp="68" pin="0"/><net_sink comp="256" pin=0"/></net>

<net id="261"><net_src comp="16" pin="0"/><net_sink comp="256" pin=1"/></net>

<net id="266"><net_src comp="68" pin="0"/><net_sink comp="262" pin=0"/></net>

<net id="267"><net_src comp="14" pin="0"/><net_sink comp="262" pin=1"/></net>

<net id="272"><net_src comp="68" pin="0"/><net_sink comp="268" pin=0"/></net>

<net id="273"><net_src comp="12" pin="0"/><net_sink comp="268" pin=1"/></net>

<net id="279"><net_src comp="0" pin="0"/><net_sink comp="274" pin=0"/></net>

<net id="280"><net_src comp="70" pin="0"/><net_sink comp="274" pin=1"/></net>

<net id="286"><net_src comp="274" pin="3"/><net_sink comp="281" pin=0"/></net>

<net id="292"><net_src comp="2" pin="0"/><net_sink comp="287" pin=0"/></net>

<net id="293"><net_src comp="70" pin="0"/><net_sink comp="287" pin=1"/></net>

<net id="299"><net_src comp="287" pin="3"/><net_sink comp="294" pin=0"/></net>

<net id="305"><net_src comp="4" pin="0"/><net_sink comp="300" pin=0"/></net>

<net id="306"><net_src comp="70" pin="0"/><net_sink comp="300" pin=1"/></net>

<net id="312"><net_src comp="300" pin="3"/><net_sink comp="307" pin=0"/></net>

<net id="318"><net_src comp="6" pin="0"/><net_sink comp="313" pin=0"/></net>

<net id="319"><net_src comp="70" pin="0"/><net_sink comp="313" pin=1"/></net>

<net id="325"><net_src comp="313" pin="3"/><net_sink comp="320" pin=0"/></net>

<net id="331"><net_src comp="8" pin="0"/><net_sink comp="326" pin=0"/></net>

<net id="332"><net_src comp="70" pin="0"/><net_sink comp="326" pin=1"/></net>

<net id="338"><net_src comp="326" pin="3"/><net_sink comp="333" pin=0"/></net>

<net id="344"><net_src comp="10" pin="0"/><net_sink comp="339" pin=0"/></net>

<net id="345"><net_src comp="70" pin="0"/><net_sink comp="339" pin=1"/></net>

<net id="351"><net_src comp="339" pin="3"/><net_sink comp="346" pin=0"/></net>

<net id="355"><net_src comp="118" pin="2"/><net_sink comp="352" pin=0"/></net>

<net id="359"><net_src comp="124" pin="2"/><net_sink comp="356" pin=0"/></net>

<net id="360"><net_src comp="356" pin="1"/><net_sink comp="274" pin=2"/></net>

<net id="365"><net_src comp="352" pin="1"/><net_sink comp="361" pin=0"/></net>

<net id="366"><net_src comp="72" pin="0"/><net_sink comp="361" pin=1"/></net>

<net id="380"><net_src comp="74" pin="0"/><net_sink comp="367" pin=0"/></net>

<net id="381"><net_src comp="72" pin="0"/><net_sink comp="367" pin=1"/></net>

<net id="382"><net_src comp="250" pin="2"/><net_sink comp="367" pin=2"/></net>

<net id="383"><net_src comp="76" pin="0"/><net_sink comp="367" pin=3"/></net>

<net id="384"><net_src comp="232" pin="2"/><net_sink comp="367" pin=4"/></net>

<net id="385"><net_src comp="78" pin="0"/><net_sink comp="367" pin=5"/></net>

<net id="386"><net_src comp="214" pin="2"/><net_sink comp="367" pin=6"/></net>

<net id="387"><net_src comp="80" pin="0"/><net_sink comp="367" pin=7"/></net>

<net id="388"><net_src comp="196" pin="2"/><net_sink comp="367" pin=8"/></net>

<net id="389"><net_src comp="82" pin="0"/><net_sink comp="367" pin=9"/></net>

<net id="390"><net_src comp="361" pin="2"/><net_sink comp="367" pin=10"/></net>

<net id="404"><net_src comp="74" pin="0"/><net_sink comp="391" pin=0"/></net>

<net id="405"><net_src comp="72" pin="0"/><net_sink comp="391" pin=1"/></net>

<net id="406"><net_src comp="232" pin="2"/><net_sink comp="391" pin=2"/></net>

<net id="407"><net_src comp="76" pin="0"/><net_sink comp="391" pin=3"/></net>

<net id="408"><net_src comp="214" pin="2"/><net_sink comp="391" pin=4"/></net>

<net id="409"><net_src comp="78" pin="0"/><net_sink comp="391" pin=5"/></net>

<net id="410"><net_src comp="196" pin="2"/><net_sink comp="391" pin=6"/></net>

<net id="411"><net_src comp="80" pin="0"/><net_sink comp="391" pin=7"/></net>

<net id="412"><net_src comp="178" pin="2"/><net_sink comp="391" pin=8"/></net>

<net id="413"><net_src comp="82" pin="0"/><net_sink comp="391" pin=9"/></net>

<net id="414"><net_src comp="361" pin="2"/><net_sink comp="391" pin=10"/></net>

<net id="428"><net_src comp="74" pin="0"/><net_sink comp="415" pin=0"/></net>

<net id="429"><net_src comp="72" pin="0"/><net_sink comp="415" pin=1"/></net>

<net id="430"><net_src comp="214" pin="2"/><net_sink comp="415" pin=2"/></net>

<net id="431"><net_src comp="76" pin="0"/><net_sink comp="415" pin=3"/></net>

<net id="432"><net_src comp="196" pin="2"/><net_sink comp="415" pin=4"/></net>

<net id="433"><net_src comp="78" pin="0"/><net_sink comp="415" pin=5"/></net>

<net id="434"><net_src comp="178" pin="2"/><net_sink comp="415" pin=6"/></net>

<net id="435"><net_src comp="80" pin="0"/><net_sink comp="415" pin=7"/></net>

<net id="436"><net_src comp="160" pin="2"/><net_sink comp="415" pin=8"/></net>

<net id="437"><net_src comp="82" pin="0"/><net_sink comp="415" pin=9"/></net>

<net id="438"><net_src comp="361" pin="2"/><net_sink comp="415" pin=10"/></net>

<net id="452"><net_src comp="74" pin="0"/><net_sink comp="439" pin=0"/></net>

<net id="453"><net_src comp="72" pin="0"/><net_sink comp="439" pin=1"/></net>

<net id="454"><net_src comp="196" pin="2"/><net_sink comp="439" pin=2"/></net>

<net id="455"><net_src comp="76" pin="0"/><net_sink comp="439" pin=3"/></net>

<net id="456"><net_src comp="178" pin="2"/><net_sink comp="439" pin=4"/></net>

<net id="457"><net_src comp="78" pin="0"/><net_sink comp="439" pin=5"/></net>

<net id="458"><net_src comp="160" pin="2"/><net_sink comp="439" pin=6"/></net>

<net id="459"><net_src comp="80" pin="0"/><net_sink comp="439" pin=7"/></net>

<net id="460"><net_src comp="142" pin="2"/><net_sink comp="439" pin=8"/></net>

<net id="461"><net_src comp="82" pin="0"/><net_sink comp="439" pin=9"/></net>

<net id="462"><net_src comp="361" pin="2"/><net_sink comp="439" pin=10"/></net>

<net id="476"><net_src comp="74" pin="0"/><net_sink comp="463" pin=0"/></net>

<net id="477"><net_src comp="80" pin="0"/><net_sink comp="463" pin=1"/></net>

<net id="478"><net_src comp="268" pin="2"/><net_sink comp="463" pin=2"/></net>

<net id="479"><net_src comp="72" pin="0"/><net_sink comp="463" pin=3"/></net>

<net id="480"><net_src comp="178" pin="2"/><net_sink comp="463" pin=4"/></net>

<net id="481"><net_src comp="76" pin="0"/><net_sink comp="463" pin=5"/></net>

<net id="482"><net_src comp="160" pin="2"/><net_sink comp="463" pin=6"/></net>

<net id="483"><net_src comp="78" pin="0"/><net_sink comp="463" pin=7"/></net>

<net id="484"><net_src comp="142" pin="2"/><net_sink comp="463" pin=8"/></net>

<net id="485"><net_src comp="82" pin="0"/><net_sink comp="463" pin=9"/></net>

<net id="486"><net_src comp="361" pin="2"/><net_sink comp="463" pin=10"/></net>

<net id="500"><net_src comp="74" pin="0"/><net_sink comp="487" pin=0"/></net>

<net id="501"><net_src comp="78" pin="0"/><net_sink comp="487" pin=1"/></net>

<net id="502"><net_src comp="268" pin="2"/><net_sink comp="487" pin=2"/></net>

<net id="503"><net_src comp="80" pin="0"/><net_sink comp="487" pin=3"/></net>

<net id="504"><net_src comp="250" pin="2"/><net_sink comp="487" pin=4"/></net>

<net id="505"><net_src comp="72" pin="0"/><net_sink comp="487" pin=5"/></net>

<net id="506"><net_src comp="160" pin="2"/><net_sink comp="487" pin=6"/></net>

<net id="507"><net_src comp="76" pin="0"/><net_sink comp="487" pin=7"/></net>

<net id="508"><net_src comp="142" pin="2"/><net_sink comp="487" pin=8"/></net>

<net id="509"><net_src comp="82" pin="0"/><net_sink comp="487" pin=9"/></net>

<net id="510"><net_src comp="361" pin="2"/><net_sink comp="487" pin=10"/></net>

<net id="524"><net_src comp="74" pin="0"/><net_sink comp="511" pin=0"/></net>

<net id="525"><net_src comp="72" pin="0"/><net_sink comp="511" pin=1"/></net>

<net id="526"><net_src comp="244" pin="2"/><net_sink comp="511" pin=2"/></net>

<net id="527"><net_src comp="76" pin="0"/><net_sink comp="511" pin=3"/></net>

<net id="528"><net_src comp="226" pin="2"/><net_sink comp="511" pin=4"/></net>

<net id="529"><net_src comp="78" pin="0"/><net_sink comp="511" pin=5"/></net>

<net id="530"><net_src comp="208" pin="2"/><net_sink comp="511" pin=6"/></net>

<net id="531"><net_src comp="80" pin="0"/><net_sink comp="511" pin=7"/></net>

<net id="532"><net_src comp="190" pin="2"/><net_sink comp="511" pin=8"/></net>

<net id="533"><net_src comp="82" pin="0"/><net_sink comp="511" pin=9"/></net>

<net id="534"><net_src comp="361" pin="2"/><net_sink comp="511" pin=10"/></net>

<net id="548"><net_src comp="74" pin="0"/><net_sink comp="535" pin=0"/></net>

<net id="549"><net_src comp="72" pin="0"/><net_sink comp="535" pin=1"/></net>

<net id="550"><net_src comp="226" pin="2"/><net_sink comp="535" pin=2"/></net>

<net id="551"><net_src comp="76" pin="0"/><net_sink comp="535" pin=3"/></net>

<net id="552"><net_src comp="208" pin="2"/><net_sink comp="535" pin=4"/></net>

<net id="553"><net_src comp="78" pin="0"/><net_sink comp="535" pin=5"/></net>

<net id="554"><net_src comp="190" pin="2"/><net_sink comp="535" pin=6"/></net>

<net id="555"><net_src comp="80" pin="0"/><net_sink comp="535" pin=7"/></net>

<net id="556"><net_src comp="172" pin="2"/><net_sink comp="535" pin=8"/></net>

<net id="557"><net_src comp="82" pin="0"/><net_sink comp="535" pin=9"/></net>

<net id="558"><net_src comp="361" pin="2"/><net_sink comp="535" pin=10"/></net>

<net id="572"><net_src comp="74" pin="0"/><net_sink comp="559" pin=0"/></net>

<net id="573"><net_src comp="72" pin="0"/><net_sink comp="559" pin=1"/></net>

<net id="574"><net_src comp="208" pin="2"/><net_sink comp="559" pin=2"/></net>

<net id="575"><net_src comp="76" pin="0"/><net_sink comp="559" pin=3"/></net>

<net id="576"><net_src comp="190" pin="2"/><net_sink comp="559" pin=4"/></net>

<net id="577"><net_src comp="78" pin="0"/><net_sink comp="559" pin=5"/></net>

<net id="578"><net_src comp="172" pin="2"/><net_sink comp="559" pin=6"/></net>

<net id="579"><net_src comp="80" pin="0"/><net_sink comp="559" pin=7"/></net>

<net id="580"><net_src comp="154" pin="2"/><net_sink comp="559" pin=8"/></net>

<net id="581"><net_src comp="82" pin="0"/><net_sink comp="559" pin=9"/></net>

<net id="582"><net_src comp="361" pin="2"/><net_sink comp="559" pin=10"/></net>

<net id="596"><net_src comp="74" pin="0"/><net_sink comp="583" pin=0"/></net>

<net id="597"><net_src comp="72" pin="0"/><net_sink comp="583" pin=1"/></net>

<net id="598"><net_src comp="190" pin="2"/><net_sink comp="583" pin=2"/></net>

<net id="599"><net_src comp="76" pin="0"/><net_sink comp="583" pin=3"/></net>

<net id="600"><net_src comp="172" pin="2"/><net_sink comp="583" pin=4"/></net>

<net id="601"><net_src comp="78" pin="0"/><net_sink comp="583" pin=5"/></net>

<net id="602"><net_src comp="154" pin="2"/><net_sink comp="583" pin=6"/></net>

<net id="603"><net_src comp="80" pin="0"/><net_sink comp="583" pin=7"/></net>

<net id="604"><net_src comp="136" pin="2"/><net_sink comp="583" pin=8"/></net>

<net id="605"><net_src comp="82" pin="0"/><net_sink comp="583" pin=9"/></net>

<net id="606"><net_src comp="361" pin="2"/><net_sink comp="583" pin=10"/></net>

<net id="620"><net_src comp="74" pin="0"/><net_sink comp="607" pin=0"/></net>

<net id="621"><net_src comp="80" pin="0"/><net_sink comp="607" pin=1"/></net>

<net id="622"><net_src comp="262" pin="2"/><net_sink comp="607" pin=2"/></net>

<net id="623"><net_src comp="72" pin="0"/><net_sink comp="607" pin=3"/></net>

<net id="624"><net_src comp="172" pin="2"/><net_sink comp="607" pin=4"/></net>

<net id="625"><net_src comp="76" pin="0"/><net_sink comp="607" pin=5"/></net>

<net id="626"><net_src comp="154" pin="2"/><net_sink comp="607" pin=6"/></net>

<net id="627"><net_src comp="78" pin="0"/><net_sink comp="607" pin=7"/></net>

<net id="628"><net_src comp="136" pin="2"/><net_sink comp="607" pin=8"/></net>

<net id="629"><net_src comp="82" pin="0"/><net_sink comp="607" pin=9"/></net>

<net id="630"><net_src comp="361" pin="2"/><net_sink comp="607" pin=10"/></net>

<net id="644"><net_src comp="74" pin="0"/><net_sink comp="631" pin=0"/></net>

<net id="645"><net_src comp="78" pin="0"/><net_sink comp="631" pin=1"/></net>

<net id="646"><net_src comp="262" pin="2"/><net_sink comp="631" pin=2"/></net>

<net id="647"><net_src comp="80" pin="0"/><net_sink comp="631" pin=3"/></net>

<net id="648"><net_src comp="244" pin="2"/><net_sink comp="631" pin=4"/></net>

<net id="649"><net_src comp="72" pin="0"/><net_sink comp="631" pin=5"/></net>

<net id="650"><net_src comp="154" pin="2"/><net_sink comp="631" pin=6"/></net>

<net id="651"><net_src comp="76" pin="0"/><net_sink comp="631" pin=7"/></net>

<net id="652"><net_src comp="136" pin="2"/><net_sink comp="631" pin=8"/></net>

<net id="653"><net_src comp="82" pin="0"/><net_sink comp="631" pin=9"/></net>

<net id="654"><net_src comp="361" pin="2"/><net_sink comp="631" pin=10"/></net>

<net id="668"><net_src comp="74" pin="0"/><net_sink comp="655" pin=0"/></net>

<net id="669"><net_src comp="72" pin="0"/><net_sink comp="655" pin=1"/></net>

<net id="670"><net_src comp="238" pin="2"/><net_sink comp="655" pin=2"/></net>

<net id="671"><net_src comp="76" pin="0"/><net_sink comp="655" pin=3"/></net>

<net id="672"><net_src comp="220" pin="2"/><net_sink comp="655" pin=4"/></net>

<net id="673"><net_src comp="78" pin="0"/><net_sink comp="655" pin=5"/></net>

<net id="674"><net_src comp="202" pin="2"/><net_sink comp="655" pin=6"/></net>

<net id="675"><net_src comp="80" pin="0"/><net_sink comp="655" pin=7"/></net>

<net id="676"><net_src comp="184" pin="2"/><net_sink comp="655" pin=8"/></net>

<net id="677"><net_src comp="82" pin="0"/><net_sink comp="655" pin=9"/></net>

<net id="678"><net_src comp="361" pin="2"/><net_sink comp="655" pin=10"/></net>

<net id="692"><net_src comp="74" pin="0"/><net_sink comp="679" pin=0"/></net>

<net id="693"><net_src comp="72" pin="0"/><net_sink comp="679" pin=1"/></net>

<net id="694"><net_src comp="220" pin="2"/><net_sink comp="679" pin=2"/></net>

<net id="695"><net_src comp="76" pin="0"/><net_sink comp="679" pin=3"/></net>

<net id="696"><net_src comp="202" pin="2"/><net_sink comp="679" pin=4"/></net>

<net id="697"><net_src comp="78" pin="0"/><net_sink comp="679" pin=5"/></net>

<net id="698"><net_src comp="184" pin="2"/><net_sink comp="679" pin=6"/></net>

<net id="699"><net_src comp="80" pin="0"/><net_sink comp="679" pin=7"/></net>

<net id="700"><net_src comp="166" pin="2"/><net_sink comp="679" pin=8"/></net>

<net id="701"><net_src comp="82" pin="0"/><net_sink comp="679" pin=9"/></net>

<net id="702"><net_src comp="361" pin="2"/><net_sink comp="679" pin=10"/></net>

<net id="716"><net_src comp="74" pin="0"/><net_sink comp="703" pin=0"/></net>

<net id="717"><net_src comp="72" pin="0"/><net_sink comp="703" pin=1"/></net>

<net id="718"><net_src comp="202" pin="2"/><net_sink comp="703" pin=2"/></net>

<net id="719"><net_src comp="76" pin="0"/><net_sink comp="703" pin=3"/></net>

<net id="720"><net_src comp="184" pin="2"/><net_sink comp="703" pin=4"/></net>

<net id="721"><net_src comp="78" pin="0"/><net_sink comp="703" pin=5"/></net>

<net id="722"><net_src comp="166" pin="2"/><net_sink comp="703" pin=6"/></net>

<net id="723"><net_src comp="80" pin="0"/><net_sink comp="703" pin=7"/></net>

<net id="724"><net_src comp="148" pin="2"/><net_sink comp="703" pin=8"/></net>

<net id="725"><net_src comp="82" pin="0"/><net_sink comp="703" pin=9"/></net>

<net id="726"><net_src comp="361" pin="2"/><net_sink comp="703" pin=10"/></net>

<net id="740"><net_src comp="74" pin="0"/><net_sink comp="727" pin=0"/></net>

<net id="741"><net_src comp="72" pin="0"/><net_sink comp="727" pin=1"/></net>

<net id="742"><net_src comp="184" pin="2"/><net_sink comp="727" pin=2"/></net>

<net id="743"><net_src comp="76" pin="0"/><net_sink comp="727" pin=3"/></net>

<net id="744"><net_src comp="166" pin="2"/><net_sink comp="727" pin=4"/></net>

<net id="745"><net_src comp="78" pin="0"/><net_sink comp="727" pin=5"/></net>

<net id="746"><net_src comp="148" pin="2"/><net_sink comp="727" pin=6"/></net>

<net id="747"><net_src comp="80" pin="0"/><net_sink comp="727" pin=7"/></net>

<net id="748"><net_src comp="130" pin="2"/><net_sink comp="727" pin=8"/></net>

<net id="749"><net_src comp="82" pin="0"/><net_sink comp="727" pin=9"/></net>

<net id="750"><net_src comp="361" pin="2"/><net_sink comp="727" pin=10"/></net>

<net id="764"><net_src comp="74" pin="0"/><net_sink comp="751" pin=0"/></net>

<net id="765"><net_src comp="80" pin="0"/><net_sink comp="751" pin=1"/></net>

<net id="766"><net_src comp="256" pin="2"/><net_sink comp="751" pin=2"/></net>

<net id="767"><net_src comp="72" pin="0"/><net_sink comp="751" pin=3"/></net>

<net id="768"><net_src comp="166" pin="2"/><net_sink comp="751" pin=4"/></net>

<net id="769"><net_src comp="76" pin="0"/><net_sink comp="751" pin=5"/></net>

<net id="770"><net_src comp="148" pin="2"/><net_sink comp="751" pin=6"/></net>

<net id="771"><net_src comp="78" pin="0"/><net_sink comp="751" pin=7"/></net>

<net id="772"><net_src comp="130" pin="2"/><net_sink comp="751" pin=8"/></net>

<net id="773"><net_src comp="82" pin="0"/><net_sink comp="751" pin=9"/></net>

<net id="774"><net_src comp="361" pin="2"/><net_sink comp="751" pin=10"/></net>

<net id="788"><net_src comp="74" pin="0"/><net_sink comp="775" pin=0"/></net>

<net id="789"><net_src comp="78" pin="0"/><net_sink comp="775" pin=1"/></net>

<net id="790"><net_src comp="256" pin="2"/><net_sink comp="775" pin=2"/></net>

<net id="791"><net_src comp="80" pin="0"/><net_sink comp="775" pin=3"/></net>

<net id="792"><net_src comp="238" pin="2"/><net_sink comp="775" pin=4"/></net>

<net id="793"><net_src comp="72" pin="0"/><net_sink comp="775" pin=5"/></net>

<net id="794"><net_src comp="148" pin="2"/><net_sink comp="775" pin=6"/></net>

<net id="795"><net_src comp="76" pin="0"/><net_sink comp="775" pin=7"/></net>

<net id="796"><net_src comp="130" pin="2"/><net_sink comp="775" pin=8"/></net>

<net id="797"><net_src comp="82" pin="0"/><net_sink comp="775" pin=9"/></net>

<net id="798"><net_src comp="361" pin="2"/><net_sink comp="775" pin=10"/></net>

<net id="805"><net_src comp="281" pin="3"/><net_sink comp="802" pin=0"/></net>

<net id="818"><net_src comp="294" pin="3"/><net_sink comp="815" pin=0"/></net>

<net id="831"><net_src comp="307" pin="3"/><net_sink comp="828" pin=0"/></net>

<net id="847"><net_src comp="320" pin="3"/><net_sink comp="844" pin=0"/></net>

<net id="869"><net_src comp="333" pin="3"/><net_sink comp="866" pin=0"/></net>

<net id="888"><net_src comp="346" pin="3"/><net_sink comp="885" pin=0"/></net>

<net id="909"><net_src comp="86" pin="0"/><net_sink comp="904" pin=0"/></net>

<net id="910"><net_src comp="88" pin="0"/><net_sink comp="904" pin=2"/></net>

<net id="917"><net_src comp="90" pin="0"/><net_sink comp="911" pin=0"/></net>

<net id="918"><net_src comp="92" pin="0"/><net_sink comp="911" pin=2"/></net>

<net id="919"><net_src comp="88" pin="0"/><net_sink comp="911" pin=3"/></net>

<net id="924"><net_src comp="911" pin="4"/><net_sink comp="920" pin=0"/></net>

<net id="925"><net_src comp="94" pin="0"/><net_sink comp="920" pin=1"/></net>

<net id="931"><net_src comp="86" pin="0"/><net_sink comp="926" pin=0"/></net>

<net id="932"><net_src comp="88" pin="0"/><net_sink comp="926" pin=2"/></net>

<net id="939"><net_src comp="90" pin="0"/><net_sink comp="933" pin=0"/></net>

<net id="940"><net_src comp="92" pin="0"/><net_sink comp="933" pin=2"/></net>

<net id="941"><net_src comp="88" pin="0"/><net_sink comp="933" pin=3"/></net>

<net id="946"><net_src comp="933" pin="4"/><net_sink comp="942" pin=0"/></net>

<net id="947"><net_src comp="94" pin="0"/><net_sink comp="942" pin=1"/></net>

<net id="953"><net_src comp="86" pin="0"/><net_sink comp="948" pin=0"/></net>

<net id="954"><net_src comp="88" pin="0"/><net_sink comp="948" pin=2"/></net>

<net id="961"><net_src comp="90" pin="0"/><net_sink comp="955" pin=0"/></net>

<net id="962"><net_src comp="92" pin="0"/><net_sink comp="955" pin=2"/></net>

<net id="963"><net_src comp="88" pin="0"/><net_sink comp="955" pin=3"/></net>

<net id="968"><net_src comp="955" pin="4"/><net_sink comp="964" pin=0"/></net>

<net id="969"><net_src comp="94" pin="0"/><net_sink comp="964" pin=1"/></net>

<net id="976"><net_src comp="104" pin="0"/><net_sink comp="970" pin=0"/></net>

<net id="977"><net_src comp="106" pin="0"/><net_sink comp="970" pin=2"/></net>

<net id="978"><net_src comp="108" pin="0"/><net_sink comp="970" pin=3"/></net>

<net id="983"><net_src comp="110" pin="0"/><net_sink comp="979" pin=1"/></net>

<net id="989"><net_src comp="979" pin="2"/><net_sink comp="984" pin=0"/></net>

<net id="990"><net_src comp="112" pin="0"/><net_sink comp="984" pin=1"/></net>

<net id="991"><net_src comp="114" pin="0"/><net_sink comp="984" pin=2"/></net>

<net id="1001"><net_src comp="992" pin="2"/><net_sink comp="996" pin=0"/></net>

<net id="1002"><net_src comp="984" pin="3"/><net_sink comp="996" pin=1"/></net>

<net id="1003"><net_src comp="970" pin="4"/><net_sink comp="996" pin=2"/></net>

<net id="1010"><net_src comp="104" pin="0"/><net_sink comp="1004" pin=0"/></net>

<net id="1011"><net_src comp="106" pin="0"/><net_sink comp="1004" pin=2"/></net>

<net id="1012"><net_src comp="108" pin="0"/><net_sink comp="1004" pin=3"/></net>

<net id="1017"><net_src comp="110" pin="0"/><net_sink comp="1013" pin=1"/></net>

<net id="1023"><net_src comp="1013" pin="2"/><net_sink comp="1018" pin=0"/></net>

<net id="1024"><net_src comp="112" pin="0"/><net_sink comp="1018" pin=1"/></net>

<net id="1025"><net_src comp="114" pin="0"/><net_sink comp="1018" pin=2"/></net>

<net id="1035"><net_src comp="1026" pin="2"/><net_sink comp="1030" pin=0"/></net>

<net id="1036"><net_src comp="1018" pin="3"/><net_sink comp="1030" pin=1"/></net>

<net id="1037"><net_src comp="1004" pin="4"/><net_sink comp="1030" pin=2"/></net>

<net id="1044"><net_src comp="104" pin="0"/><net_sink comp="1038" pin=0"/></net>

<net id="1045"><net_src comp="106" pin="0"/><net_sink comp="1038" pin=2"/></net>

<net id="1046"><net_src comp="108" pin="0"/><net_sink comp="1038" pin=3"/></net>

<net id="1051"><net_src comp="110" pin="0"/><net_sink comp="1047" pin=1"/></net>

<net id="1057"><net_src comp="1047" pin="2"/><net_sink comp="1052" pin=0"/></net>

<net id="1058"><net_src comp="112" pin="0"/><net_sink comp="1052" pin=1"/></net>

<net id="1059"><net_src comp="114" pin="0"/><net_sink comp="1052" pin=2"/></net>

<net id="1069"><net_src comp="1060" pin="2"/><net_sink comp="1064" pin=0"/></net>

<net id="1070"><net_src comp="1052" pin="3"/><net_sink comp="1064" pin=1"/></net>

<net id="1071"><net_src comp="1038" pin="4"/><net_sink comp="1064" pin=2"/></net>

<net id="1076"><net_src comp="116" pin="0"/><net_sink comp="1072" pin=0"/></net>

<net id="1077"><net_src comp="996" pin="3"/><net_sink comp="1072" pin=1"/></net>

<net id="1082"><net_src comp="1072" pin="2"/><net_sink comp="1078" pin=0"/></net>

<net id="1083"><net_src comp="1030" pin="3"/><net_sink comp="1078" pin=1"/></net>

<net id="1088"><net_src comp="1078" pin="2"/><net_sink comp="1084" pin=0"/></net>

<net id="1089"><net_src comp="1064" pin="3"/><net_sink comp="1084" pin=1"/></net>

<net id="1095"><net_src comp="799" pin="1"/><net_sink comp="1090" pin=0"/></net>

<net id="1096"><net_src comp="802" pin="1"/><net_sink comp="1090" pin=1"/></net>

<net id="1097"><net_src comp="84" pin="0"/><net_sink comp="1090" pin=2"/></net>

<net id="1098"><net_src comp="1090" pin="3"/><net_sink comp="838" pin=0"/></net>

<net id="1104"><net_src comp="806" pin="1"/><net_sink comp="1099" pin=0"/></net>

<net id="1105"><net_src comp="802" pin="1"/><net_sink comp="1099" pin=1"/></net>

<net id="1106"><net_src comp="84" pin="0"/><net_sink comp="1099" pin=2"/></net>

<net id="1107"><net_src comp="1099" pin="3"/><net_sink comp="848" pin=0"/></net>

<net id="1113"><net_src comp="809" pin="1"/><net_sink comp="1108" pin=0"/></net>

<net id="1114"><net_src comp="802" pin="1"/><net_sink comp="1108" pin=1"/></net>

<net id="1115"><net_src comp="84" pin="0"/><net_sink comp="1108" pin=2"/></net>

<net id="1116"><net_src comp="1108" pin="3"/><net_sink comp="854" pin=0"/></net>

<net id="1122"><net_src comp="812" pin="1"/><net_sink comp="1117" pin=0"/></net>

<net id="1123"><net_src comp="815" pin="1"/><net_sink comp="1117" pin=1"/></net>

<net id="1124"><net_src comp="838" pin="1"/><net_sink comp="1117" pin=2"/></net>

<net id="1125"><net_src comp="1117" pin="3"/><net_sink comp="860" pin=0"/></net>

<net id="1131"><net_src comp="819" pin="1"/><net_sink comp="1126" pin=0"/></net>

<net id="1132"><net_src comp="815" pin="1"/><net_sink comp="1126" pin=1"/></net>

<net id="1133"><net_src comp="848" pin="1"/><net_sink comp="1126" pin=2"/></net>

<net id="1134"><net_src comp="1126" pin="3"/><net_sink comp="870" pin=0"/></net>

<net id="1140"><net_src comp="822" pin="1"/><net_sink comp="1135" pin=0"/></net>

<net id="1141"><net_src comp="815" pin="1"/><net_sink comp="1135" pin=1"/></net>

<net id="1142"><net_src comp="854" pin="1"/><net_sink comp="1135" pin=2"/></net>

<net id="1143"><net_src comp="1135" pin="3"/><net_sink comp="876" pin=0"/></net>

<net id="1149"><net_src comp="825" pin="1"/><net_sink comp="1144" pin=0"/></net>

<net id="1150"><net_src comp="828" pin="1"/><net_sink comp="1144" pin=1"/></net>

<net id="1151"><net_src comp="860" pin="1"/><net_sink comp="1144" pin=2"/></net>

<net id="1157"><net_src comp="832" pin="1"/><net_sink comp="1152" pin=0"/></net>

<net id="1158"><net_src comp="828" pin="1"/><net_sink comp="1152" pin=1"/></net>

<net id="1159"><net_src comp="870" pin="1"/><net_sink comp="1152" pin=2"/></net>

<net id="1165"><net_src comp="835" pin="1"/><net_sink comp="1160" pin=0"/></net>

<net id="1166"><net_src comp="828" pin="1"/><net_sink comp="1160" pin=1"/></net>

<net id="1167"><net_src comp="876" pin="1"/><net_sink comp="1160" pin=2"/></net>

<net id="1173"><net_src comp="841" pin="1"/><net_sink comp="1168" pin=0"/></net>

<net id="1174"><net_src comp="844" pin="1"/><net_sink comp="1168" pin=1"/></net>

<net id="1175"><net_src comp="1144" pin="3"/><net_sink comp="1168" pin=2"/></net>

<net id="1176"><net_src comp="1168" pin="3"/><net_sink comp="895" pin=0"/></net>

<net id="1182"><net_src comp="851" pin="1"/><net_sink comp="1177" pin=0"/></net>

<net id="1183"><net_src comp="844" pin="1"/><net_sink comp="1177" pin=1"/></net>

<net id="1184"><net_src comp="1152" pin="3"/><net_sink comp="1177" pin=2"/></net>

<net id="1185"><net_src comp="1177" pin="3"/><net_sink comp="898" pin=0"/></net>

<net id="1191"><net_src comp="857" pin="1"/><net_sink comp="1186" pin=0"/></net>

<net id="1192"><net_src comp="844" pin="1"/><net_sink comp="1186" pin=1"/></net>

<net id="1193"><net_src comp="1160" pin="3"/><net_sink comp="1186" pin=2"/></net>

<net id="1194"><net_src comp="1186" pin="3"/><net_sink comp="901" pin=0"/></net>

<net id="1200"><net_src comp="863" pin="1"/><net_sink comp="1195" pin=0"/></net>

<net id="1201"><net_src comp="866" pin="1"/><net_sink comp="1195" pin=1"/></net>

<net id="1202"><net_src comp="895" pin="1"/><net_sink comp="1195" pin=2"/></net>

<net id="1208"><net_src comp="873" pin="1"/><net_sink comp="1203" pin=0"/></net>

<net id="1209"><net_src comp="866" pin="1"/><net_sink comp="1203" pin=1"/></net>

<net id="1210"><net_src comp="898" pin="1"/><net_sink comp="1203" pin=2"/></net>

<net id="1216"><net_src comp="879" pin="1"/><net_sink comp="1211" pin=0"/></net>

<net id="1217"><net_src comp="866" pin="1"/><net_sink comp="1211" pin=1"/></net>

<net id="1218"><net_src comp="901" pin="1"/><net_sink comp="1211" pin=2"/></net>

<net id="1224"><net_src comp="882" pin="1"/><net_sink comp="1219" pin=0"/></net>

<net id="1225"><net_src comp="885" pin="1"/><net_sink comp="1219" pin=1"/></net>

<net id="1226"><net_src comp="1195" pin="3"/><net_sink comp="1219" pin=2"/></net>

<net id="1227"><net_src comp="1219" pin="3"/><net_sink comp="904" pin=1"/></net>

<net id="1228"><net_src comp="1219" pin="3"/><net_sink comp="911" pin=1"/></net>

<net id="1234"><net_src comp="889" pin="1"/><net_sink comp="1229" pin=0"/></net>

<net id="1235"><net_src comp="885" pin="1"/><net_sink comp="1229" pin=1"/></net>

<net id="1236"><net_src comp="1203" pin="3"/><net_sink comp="1229" pin=2"/></net>

<net id="1237"><net_src comp="1229" pin="3"/><net_sink comp="926" pin=1"/></net>

<net id="1238"><net_src comp="1229" pin="3"/><net_sink comp="933" pin=1"/></net>

<net id="1244"><net_src comp="892" pin="1"/><net_sink comp="1239" pin=0"/></net>

<net id="1245"><net_src comp="885" pin="1"/><net_sink comp="1239" pin=1"/></net>

<net id="1246"><net_src comp="1211" pin="3"/><net_sink comp="1239" pin=2"/></net>

<net id="1247"><net_src comp="1239" pin="3"/><net_sink comp="948" pin=1"/></net>

<net id="1248"><net_src comp="1239" pin="3"/><net_sink comp="955" pin=1"/></net>

<net id="1252"><net_src comp="356" pin="1"/><net_sink comp="1249" pin=0"/></net>

<net id="1253"><net_src comp="1249" pin="1"/><net_sink comp="287" pin=2"/></net>

<net id="1254"><net_src comp="1249" pin="1"/><net_sink comp="300" pin=2"/></net>

<net id="1255"><net_src comp="1249" pin="1"/><net_sink comp="313" pin=2"/></net>

<net id="1256"><net_src comp="1249" pin="1"/><net_sink comp="326" pin=2"/></net>

<net id="1257"><net_src comp="1249" pin="1"/><net_sink comp="339" pin=2"/></net>

<net id="1261"><net_src comp="274" pin="3"/><net_sink comp="1258" pin=0"/></net>

<net id="1262"><net_src comp="1258" pin="1"/><net_sink comp="281" pin=0"/></net>

<net id="1266"><net_src comp="367" pin="11"/><net_sink comp="1263" pin=0"/></net>

<net id="1267"><net_src comp="1263" pin="1"/><net_sink comp="799" pin=0"/></net>

<net id="1271"><net_src comp="391" pin="11"/><net_sink comp="1268" pin=0"/></net>

<net id="1272"><net_src comp="1268" pin="1"/><net_sink comp="812" pin=0"/></net>

<net id="1276"><net_src comp="415" pin="11"/><net_sink comp="1273" pin=0"/></net>

<net id="1277"><net_src comp="1273" pin="1"/><net_sink comp="825" pin=0"/></net>

<net id="1281"><net_src comp="439" pin="11"/><net_sink comp="1278" pin=0"/></net>

<net id="1282"><net_src comp="1278" pin="1"/><net_sink comp="841" pin=0"/></net>

<net id="1286"><net_src comp="463" pin="11"/><net_sink comp="1283" pin=0"/></net>

<net id="1287"><net_src comp="1283" pin="1"/><net_sink comp="863" pin=0"/></net>

<net id="1291"><net_src comp="487" pin="11"/><net_sink comp="1288" pin=0"/></net>

<net id="1292"><net_src comp="1288" pin="1"/><net_sink comp="882" pin=0"/></net>

<net id="1296"><net_src comp="511" pin="11"/><net_sink comp="1293" pin=0"/></net>

<net id="1297"><net_src comp="1293" pin="1"/><net_sink comp="806" pin=0"/></net>

<net id="1301"><net_src comp="535" pin="11"/><net_sink comp="1298" pin=0"/></net>

<net id="1302"><net_src comp="1298" pin="1"/><net_sink comp="819" pin=0"/></net>

<net id="1306"><net_src comp="559" pin="11"/><net_sink comp="1303" pin=0"/></net>

<net id="1307"><net_src comp="1303" pin="1"/><net_sink comp="832" pin=0"/></net>

<net id="1311"><net_src comp="583" pin="11"/><net_sink comp="1308" pin=0"/></net>

<net id="1312"><net_src comp="1308" pin="1"/><net_sink comp="851" pin=0"/></net>

<net id="1316"><net_src comp="607" pin="11"/><net_sink comp="1313" pin=0"/></net>

<net id="1317"><net_src comp="1313" pin="1"/><net_sink comp="873" pin=0"/></net>

<net id="1321"><net_src comp="631" pin="11"/><net_sink comp="1318" pin=0"/></net>

<net id="1322"><net_src comp="1318" pin="1"/><net_sink comp="889" pin=0"/></net>

<net id="1326"><net_src comp="655" pin="11"/><net_sink comp="1323" pin=0"/></net>

<net id="1327"><net_src comp="1323" pin="1"/><net_sink comp="809" pin=0"/></net>

<net id="1331"><net_src comp="679" pin="11"/><net_sink comp="1328" pin=0"/></net>

<net id="1332"><net_src comp="1328" pin="1"/><net_sink comp="822" pin=0"/></net>

<net id="1336"><net_src comp="703" pin="11"/><net_sink comp="1333" pin=0"/></net>

<net id="1337"><net_src comp="1333" pin="1"/><net_sink comp="835" pin=0"/></net>

<net id="1341"><net_src comp="727" pin="11"/><net_sink comp="1338" pin=0"/></net>

<net id="1342"><net_src comp="1338" pin="1"/><net_sink comp="857" pin=0"/></net>

<net id="1346"><net_src comp="751" pin="11"/><net_sink comp="1343" pin=0"/></net>

<net id="1347"><net_src comp="1343" pin="1"/><net_sink comp="879" pin=0"/></net>

<net id="1351"><net_src comp="775" pin="11"/><net_sink comp="1348" pin=0"/></net>

<net id="1352"><net_src comp="1348" pin="1"/><net_sink comp="892" pin=0"/></net>

<net id="1356"><net_src comp="287" pin="3"/><net_sink comp="1353" pin=0"/></net>

<net id="1357"><net_src comp="1353" pin="1"/><net_sink comp="294" pin=0"/></net>

<net id="1361"><net_src comp="799" pin="1"/><net_sink comp="1358" pin=0"/></net>

<net id="1362"><net_src comp="1358" pin="1"/><net_sink comp="1090" pin=0"/></net>

<net id="1366"><net_src comp="802" pin="1"/><net_sink comp="1363" pin=0"/></net>

<net id="1367"><net_src comp="1363" pin="1"/><net_sink comp="1090" pin=1"/></net>

<net id="1368"><net_src comp="1363" pin="1"/><net_sink comp="1099" pin=1"/></net>

<net id="1369"><net_src comp="1363" pin="1"/><net_sink comp="1108" pin=1"/></net>

<net id="1373"><net_src comp="806" pin="1"/><net_sink comp="1370" pin=0"/></net>

<net id="1374"><net_src comp="1370" pin="1"/><net_sink comp="1099" pin=0"/></net>

<net id="1378"><net_src comp="809" pin="1"/><net_sink comp="1375" pin=0"/></net>

<net id="1379"><net_src comp="1375" pin="1"/><net_sink comp="1108" pin=0"/></net>

<net id="1383"><net_src comp="300" pin="3"/><net_sink comp="1380" pin=0"/></net>

<net id="1384"><net_src comp="1380" pin="1"/><net_sink comp="307" pin=0"/></net>

<net id="1388"><net_src comp="812" pin="1"/><net_sink comp="1385" pin=0"/></net>

<net id="1389"><net_src comp="1385" pin="1"/><net_sink comp="1117" pin=0"/></net>

<net id="1393"><net_src comp="815" pin="1"/><net_sink comp="1390" pin=0"/></net>

<net id="1394"><net_src comp="1390" pin="1"/><net_sink comp="1117" pin=1"/></net>

<net id="1395"><net_src comp="1390" pin="1"/><net_sink comp="1126" pin=1"/></net>

<net id="1396"><net_src comp="1390" pin="1"/><net_sink comp="1135" pin=1"/></net>

<net id="1400"><net_src comp="819" pin="1"/><net_sink comp="1397" pin=0"/></net>

<net id="1401"><net_src comp="1397" pin="1"/><net_sink comp="1126" pin=0"/></net>

<net id="1405"><net_src comp="822" pin="1"/><net_sink comp="1402" pin=0"/></net>

<net id="1406"><net_src comp="1402" pin="1"/><net_sink comp="1135" pin=0"/></net>

<net id="1410"><net_src comp="313" pin="3"/><net_sink comp="1407" pin=0"/></net>

<net id="1411"><net_src comp="1407" pin="1"/><net_sink comp="320" pin=0"/></net>

<net id="1415"><net_src comp="825" pin="1"/><net_sink comp="1412" pin=0"/></net>

<net id="1416"><net_src comp="1412" pin="1"/><net_sink comp="1144" pin=0"/></net>

<net id="1420"><net_src comp="828" pin="1"/><net_sink comp="1417" pin=0"/></net>

<net id="1421"><net_src comp="1417" pin="1"/><net_sink comp="1144" pin=1"/></net>

<net id="1422"><net_src comp="1417" pin="1"/><net_sink comp="1152" pin=1"/></net>

<net id="1423"><net_src comp="1417" pin="1"/><net_sink comp="1160" pin=1"/></net>

<net id="1427"><net_src comp="832" pin="1"/><net_sink comp="1424" pin=0"/></net>

<net id="1428"><net_src comp="1424" pin="1"/><net_sink comp="1152" pin=0"/></net>

<net id="1432"><net_src comp="835" pin="1"/><net_sink comp="1429" pin=0"/></net>

<net id="1433"><net_src comp="1429" pin="1"/><net_sink comp="1160" pin=0"/></net>

<net id="1437"><net_src comp="326" pin="3"/><net_sink comp="1434" pin=0"/></net>

<net id="1438"><net_src comp="1434" pin="1"/><net_sink comp="333" pin=0"/></net>

<net id="1442"><net_src comp="838" pin="1"/><net_sink comp="1439" pin=0"/></net>

<net id="1443"><net_src comp="1439" pin="1"/><net_sink comp="1117" pin=0"/></net>

<net id="1447"><net_src comp="841" pin="1"/><net_sink comp="1444" pin=0"/></net>

<net id="1448"><net_src comp="1444" pin="1"/><net_sink comp="1168" pin=0"/></net>

<net id="1452"><net_src comp="844" pin="1"/><net_sink comp="1449" pin=0"/></net>

<net id="1453"><net_src comp="1449" pin="1"/><net_sink comp="1168" pin=1"/></net>

<net id="1454"><net_src comp="1449" pin="1"/><net_sink comp="1177" pin=1"/></net>

<net id="1455"><net_src comp="1449" pin="1"/><net_sink comp="1186" pin=1"/></net>

<net id="1459"><net_src comp="848" pin="1"/><net_sink comp="1456" pin=0"/></net>

<net id="1460"><net_src comp="1456" pin="1"/><net_sink comp="1126" pin=0"/></net>

<net id="1464"><net_src comp="851" pin="1"/><net_sink comp="1461" pin=0"/></net>

<net id="1465"><net_src comp="1461" pin="1"/><net_sink comp="1177" pin=0"/></net>

<net id="1469"><net_src comp="854" pin="1"/><net_sink comp="1466" pin=0"/></net>

<net id="1470"><net_src comp="1466" pin="1"/><net_sink comp="1135" pin=0"/></net>

<net id="1474"><net_src comp="857" pin="1"/><net_sink comp="1471" pin=0"/></net>

<net id="1475"><net_src comp="1471" pin="1"/><net_sink comp="1186" pin=0"/></net>

<net id="1479"><net_src comp="339" pin="3"/><net_sink comp="1476" pin=0"/></net>

<net id="1480"><net_src comp="1476" pin="1"/><net_sink comp="346" pin=0"/></net>

<net id="1484"><net_src comp="860" pin="1"/><net_sink comp="1481" pin=0"/></net>

<net id="1485"><net_src comp="1481" pin="1"/><net_sink comp="1144" pin=0"/></net>

<net id="1489"><net_src comp="863" pin="1"/><net_sink comp="1486" pin=0"/></net>

<net id="1490"><net_src comp="1486" pin="1"/><net_sink comp="1195" pin=0"/></net>

<net id="1494"><net_src comp="866" pin="1"/><net_sink comp="1491" pin=0"/></net>

<net id="1495"><net_src comp="1491" pin="1"/><net_sink comp="1195" pin=1"/></net>

<net id="1496"><net_src comp="1491" pin="1"/><net_sink comp="1203" pin=1"/></net>

<net id="1497"><net_src comp="1491" pin="1"/><net_sink comp="1211" pin=1"/></net>

<net id="1501"><net_src comp="870" pin="1"/><net_sink comp="1498" pin=0"/></net>

<net id="1502"><net_src comp="1498" pin="1"/><net_sink comp="1152" pin=0"/></net>

<net id="1506"><net_src comp="873" pin="1"/><net_sink comp="1503" pin=0"/></net>

<net id="1507"><net_src comp="1503" pin="1"/><net_sink comp="1203" pin=0"/></net>

<net id="1511"><net_src comp="876" pin="1"/><net_sink comp="1508" pin=0"/></net>

<net id="1512"><net_src comp="1508" pin="1"/><net_sink comp="1160" pin=0"/></net>

<net id="1516"><net_src comp="879" pin="1"/><net_sink comp="1513" pin=0"/></net>

<net id="1517"><net_src comp="1513" pin="1"/><net_sink comp="1211" pin=0"/></net>

<net id="1521"><net_src comp="1144" pin="3"/><net_sink comp="1518" pin=0"/></net>

<net id="1522"><net_src comp="1518" pin="1"/><net_sink comp="1168" pin=0"/></net>

<net id="1526"><net_src comp="882" pin="1"/><net_sink comp="1523" pin=0"/></net>

<net id="1527"><net_src comp="1523" pin="1"/><net_sink comp="1219" pin=0"/></net>

<net id="1531"><net_src comp="885" pin="1"/><net_sink comp="1528" pin=0"/></net>

<net id="1532"><net_src comp="1528" pin="1"/><net_sink comp="1219" pin=1"/></net>

<net id="1533"><net_src comp="1528" pin="1"/><net_sink comp="1229" pin=1"/></net>

<net id="1534"><net_src comp="1528" pin="1"/><net_sink comp="1239" pin=1"/></net>

<net id="1538"><net_src comp="1152" pin="3"/><net_sink comp="1535" pin=0"/></net>

<net id="1539"><net_src comp="1535" pin="1"/><net_sink comp="1177" pin=0"/></net>

<net id="1543"><net_src comp="889" pin="1"/><net_sink comp="1540" pin=0"/></net>

<net id="1544"><net_src comp="1540" pin="1"/><net_sink comp="1229" pin=0"/></net>

<net id="1548"><net_src comp="1160" pin="3"/><net_sink comp="1545" pin=0"/></net>

<net id="1549"><net_src comp="1545" pin="1"/><net_sink comp="1186" pin=0"/></net>

<net id="1553"><net_src comp="892" pin="1"/><net_sink comp="1550" pin=0"/></net>

<net id="1554"><net_src comp="1550" pin="1"/><net_sink comp="1239" pin=0"/></net>

<net id="1558"><net_src comp="895" pin="1"/><net_sink comp="1555" pin=0"/></net>

<net id="1559"><net_src comp="1555" pin="1"/><net_sink comp="1195" pin=0"/></net>

<net id="1563"><net_src comp="898" pin="1"/><net_sink comp="1560" pin=0"/></net>

<net id="1564"><net_src comp="1560" pin="1"/><net_sink comp="1203" pin=0"/></net>

<net id="1568"><net_src comp="901" pin="1"/><net_sink comp="1565" pin=0"/></net>

<net id="1569"><net_src comp="1565" pin="1"/><net_sink comp="1211" pin=0"/></net>

<net id="1573"><net_src comp="1195" pin="3"/><net_sink comp="1570" pin=0"/></net>

<net id="1574"><net_src comp="1570" pin="1"/><net_sink comp="1219" pin=0"/></net>

<net id="1578"><net_src comp="1203" pin="3"/><net_sink comp="1575" pin=0"/></net>

<net id="1579"><net_src comp="1575" pin="1"/><net_sink comp="1229" pin=0"/></net>

<net id="1583"><net_src comp="1211" pin="3"/><net_sink comp="1580" pin=0"/></net>

<net id="1584"><net_src comp="1580" pin="1"/><net_sink comp="1239" pin=0"/></net>

<net id="1588"><net_src comp="1219" pin="3"/><net_sink comp="1585" pin=0"/></net>

<net id="1589"><net_src comp="1585" pin="1"/><net_sink comp="970" pin=1"/></net>

<net id="1593"><net_src comp="904" pin="3"/><net_sink comp="1590" pin=0"/></net>

<net id="1594"><net_src comp="1590" pin="1"/><net_sink comp="979" pin=0"/></net>

<net id="1595"><net_src comp="1590" pin="1"/><net_sink comp="992" pin=0"/></net>

<net id="1599"><net_src comp="920" pin="2"/><net_sink comp="1596" pin=0"/></net>

<net id="1600"><net_src comp="1596" pin="1"/><net_sink comp="992" pin=1"/></net>

<net id="1604"><net_src comp="1229" pin="3"/><net_sink comp="1601" pin=0"/></net>

<net id="1605"><net_src comp="1601" pin="1"/><net_sink comp="1004" pin=1"/></net>

<net id="1609"><net_src comp="926" pin="3"/><net_sink comp="1606" pin=0"/></net>

<net id="1610"><net_src comp="1606" pin="1"/><net_sink comp="1013" pin=0"/></net>

<net id="1611"><net_src comp="1606" pin="1"/><net_sink comp="1026" pin=0"/></net>

<net id="1615"><net_src comp="942" pin="2"/><net_sink comp="1612" pin=0"/></net>

<net id="1616"><net_src comp="1612" pin="1"/><net_sink comp="1026" pin=1"/></net>

<net id="1620"><net_src comp="1239" pin="3"/><net_sink comp="1617" pin=0"/></net>

<net id="1621"><net_src comp="1617" pin="1"/><net_sink comp="1038" pin=1"/></net>

<net id="1625"><net_src comp="948" pin="3"/><net_sink comp="1622" pin=0"/></net>

<net id="1626"><net_src comp="1622" pin="1"/><net_sink comp="1047" pin=0"/></net>

<net id="1627"><net_src comp="1622" pin="1"/><net_sink comp="1060" pin=0"/></net>

<net id="1631"><net_src comp="964" pin="2"/><net_sink comp="1628" pin=0"/></net>

<net id="1632"><net_src comp="1628" pin="1"/><net_sink comp="1060" pin=1"/></net>

</net_list>

</model> 
---------------- Datapath Model END ------------------

* FSMD analyzer results:
  - Output states:
 - Input state : 
	Port: hscale_polyphase : FiltCoeff_0 | {1 2 }
	Port: hscale_polyphase : FiltCoeff_1 | {2 3 }
	Port: hscale_polyphase : FiltCoeff_2 | {3 4 }
	Port: hscale_polyphase : FiltCoeff_3 | {4 5 }
	Port: hscale_polyphase : FiltCoeff_4 | {5 6 }
	Port: hscale_polyphase : FiltCoeff_5 | {6 7 }
	Port: hscale_polyphase : PixArray_0_0_val | {1 }
	Port: hscale_polyphase : PixArray_0_1_val | {1 }
	Port: hscale_polyphase : PixArray_0_2_val | {1 }
	Port: hscale_polyphase : PixArray_1_0_val | {1 }
	Port: hscale_polyphase : PixArray_1_1_val | {1 }
	Port: hscale_polyphase : PixArray_1_2_val | {1 }
	Port: hscale_polyphase : PixArray_2_0_val | {1 }
	Port: hscale_polyphase : PixArray_2_1_val | {1 }
	Port: hscale_polyphase : PixArray_2_2_val | {1 }
	Port: hscale_polyphase : PixArray_3_0_val | {1 }
	Port: hscale_polyphase : PixArray_3_1_val | {1 }
	Port: hscale_polyphase : PixArray_3_2_val | {1 }
	Port: hscale_polyphase : PixArray_4_0_val | {1 }
	Port: hscale_polyphase : PixArray_4_1_val | {1 }
	Port: hscale_polyphase : PixArray_4_2_val | {1 }
	Port: hscale_polyphase : PixArray_5_0_val | {1 }
	Port: hscale_polyphase : PixArray_5_1_val | {1 }
	Port: hscale_polyphase : PixArray_5_2_val | {1 }
	Port: hscale_polyphase : PixArray_6_0_val | {1 }
	Port: hscale_polyphase : PixArray_6_1_val | {1 }
	Port: hscale_polyphase : PixArray_6_2_val | {1 }
	Port: hscale_polyphase : PixArray_7_0_val | {1 }
	Port: hscale_polyphase : PixArray_7_1_val | {1 }
	Port: hscale_polyphase : PixArray_7_2_val | {1 }
	Port: hscale_polyphase : PhasesH_0_0_val | {1 }
	Port: hscale_polyphase : ArrayIdx_val | {1 }
  - Chain level:
	State 1
		FiltCoeff_0_addr : 1
		FiltCoeff_0_load : 2
		add_ln998 : 1
		tmp : 2
		tmp_s : 2
		tmp_9 : 2
		tmp_1 : 2
		tmp_2 : 2
		tmp_3 : 2
		tmp_4 : 2
		tmp_5 : 2
		tmp_6 : 2
		tmp_7 : 2
		tmp_8 : 2
		tmp_10 : 2
		tmp_11 : 2
		tmp_12 : 2
		tmp_13 : 2
		tmp_14 : 2
		tmp_15 : 2
		tmp_16 : 2
	State 2
		FiltCoeff_1_load : 1
		sext_ln1010 : 1
		mul_ln1010 : 2
		mul_ln1010_6 : 2
		mul_ln1010_12 : 2
	State 3
		FiltCoeff_2_load : 1
		sext_ln1010_1 : 1
		mul_ln1010_1 : 2
		mul_ln1010_7 : 2
		mul_ln1010_13 : 2
	State 4
		FiltCoeff_3_load : 1
		sum : 1
		sext_ln1010_3 : 1
		mul_ln1010_2 : 2
		sum_18 : 1
		mul_ln1010_8 : 2
		sum_24 : 1
		mul_ln1010_14 : 2
	State 5
		FiltCoeff_4_load : 1
		sext_ln1001 : 1
		sext_ln1010_2 : 1
		sum_1 : 2
		sext_ln1010_5 : 1
		mul_ln1010_3 : 2
		sext_ln1010_11 : 1
		sext_ln1010_12 : 1
		sum_19 : 2
		mul_ln1010_9 : 2
		sext_ln1010_19 : 1
		sext_ln1010_20 : 1
		sum_25 : 2
		mul_ln1010_15 : 2
	State 6
		FiltCoeff_5_load : 1
		sext_ln1001_1 : 1
		sext_ln1010_4 : 1
		sum_2 : 2
		sext_ln1010_7 : 1
		mul_ln1010_4 : 2
		sext_ln1010_13 : 1
		sext_ln1010_14 : 1
		sum_20 : 2
		mul_ln1010_10 : 2
		sext_ln1010_21 : 1
		sext_ln1010_22 : 1
		sum_26 : 2
		mul_ln1010_16 : 2
	State 7
		sext_ln1010_6 : 1
		sum_3 : 2
		sext_ln1010_9 : 1
		mul_ln1010_5 : 2
		sext_ln1010_15 : 1
		sum_21 : 2
		mul_ln1010_11 : 2
		sext_ln1010_23 : 1
		sum_27 : 2
		mul_ln1010_17 : 2
	State 8
		sext_ln1001_2 : 1
		sext_ln1010_8 : 1
		sum_4 : 2
		sext_ln1010_16 : 1
		sext_ln1010_17 : 1
		sum_22 : 2
		sext_ln1010_24 : 1
		sext_ln1010_25 : 1
		sum_28 : 2
	State 9
		sext_ln1010_10 : 1
		sum_5 : 2
		sext_ln1010_18 : 1
		sum_23 : 2
		sext_ln1010_26 : 1
		sum_17 : 2
	State 10
		tmp_17 : 1
		tmp_18 : 1
		icmp_ln1013 : 2
		tmp_19 : 1
		tmp_20 : 1
		icmp_ln1013_1 : 2
		tmp_21 : 1
		tmp_22 : 1
		icmp_ln1013_2 : 2
	State 11
		select_ln1015 : 1
		select_ln1015_1 : 1
		select_ln1015_2 : 1
		mrv : 2
		mrv_1 : 3
		mrv_2 : 4
		ret_ln1018 : 5


============================================================
+ Verbose Summary: Datapath Resource usage 
============================================================

* Functional unit list:
|----------|-----------------------------------|---------|---------|---------|
| Operation|          Functional Unit          |   DSP   |    FF   |   LUT   |
|----------|-----------------------------------|---------|---------|---------|
|          |             tmp_fu_367            |    0    |    0    |    20   |
|          |            tmp_s_fu_391           |    0    |    0    |    20   |
|          |            tmp_9_fu_415           |    0    |    0    |    20   |
|          |            tmp_1_fu_439           |    0    |    0    |    20   |
|          |            tmp_2_fu_463           |    0    |    0    |    20   |
|          |            tmp_3_fu_487           |    0    |    0    |    20   |
|          |            tmp_4_fu_511           |    0    |    0    |    20   |
|          |            tmp_5_fu_535           |    0    |    0    |    20   |
| sparsemux|            tmp_6_fu_559           |    0    |    0    |    20   |
|          |            tmp_7_fu_583           |    0    |    0    |    20   |
|          |            tmp_8_fu_607           |    0    |    0    |    20   |
|          |           tmp_10_fu_631           |    0    |    0    |    20   |
|          |           tmp_11_fu_655           |    0    |    0    |    20   |
|          |           tmp_12_fu_679           |    0    |    0    |    20   |
|          |           tmp_13_fu_703           |    0    |    0    |    20   |
|          |           tmp_14_fu_727           |    0    |    0    |    20   |
|          |           tmp_15_fu_751           |    0    |    0    |    20   |
|          |           tmp_16_fu_775           |    0    |    0    |    20   |
|----------|-----------------------------------|---------|---------|---------|
|          |         icmp_ln1013_fu_920        |    0    |    0    |    14   |
|   icmp   |        icmp_ln1013_1_fu_942       |    0    |    0    |    14   |
|          |        icmp_ln1013_2_fu_964       |    0    |    0    |    14   |
|----------|-----------------------------------|---------|---------|---------|
|          |       select_ln1015_3_fu_984      |    0    |    0    |    2    |
|          |        select_ln1015_fu_996       |    0    |    0    |    8    |
|  select  |      select_ln1015_4_fu_1018      |    0    |    0    |    2    |
|          |      select_ln1015_1_fu_1030      |    0    |    0    |    8    |
|          |      select_ln1015_5_fu_1052      |    0    |    0    |    2    |
|          |      select_ln1015_2_fu_1064      |    0    |    0    |    8    |
|----------|-----------------------------------|---------|---------|---------|
|          |            grp_fu_1090            |    1    |    0    |    0    |
|          |            grp_fu_1099            |    1    |    0    |    0    |
|          |            grp_fu_1108            |    1    |    0    |    0    |
|          |            grp_fu_1117            |    1    |    0    |    0    |
|          |            grp_fu_1126            |    1    |    0    |    0    |
|          |            grp_fu_1135            |    1    |    0    |    0    |
|          |            grp_fu_1144            |    1    |    0    |    0    |
|          |            grp_fu_1152            |    1    |    0    |    0    |
|  muladd  |            grp_fu_1160            |    1    |    0    |    0    |
|          |            grp_fu_1168            |    1    |    0    |    0    |
|          |            grp_fu_1177            |    1    |    0    |    0    |
|          |            grp_fu_1186            |    1    |    0    |    0    |
|          |            grp_fu_1195            |    1    |    0    |    0    |
|          |            grp_fu_1203            |    1    |    0    |    0    |
|          |            grp_fu_1211            |    1    |    0    |    0    |
|          |            grp_fu_1219            |    1    |    0    |    0    |
|          |            grp_fu_1229            |    1    |    0    |    0    |
|          |            grp_fu_1239            |    1    |    0    |    0    |
|----------|-----------------------------------|---------|---------|---------|
|    add   |          add_ln998_fu_361         |    0    |    0    |    10   |
|----------|-----------------------------------|---------|---------|---------|
|          |         xor_ln1015_fu_979         |    0    |    0    |    2    |
|    xor   |        xor_ln1015_1_fu_1013       |    0    |    0    |    2    |
|          |        xor_ln1015_2_fu_1047       |    0    |    0    |    2    |
|----------|-----------------------------------|---------|---------|---------|
|          |          or_ln1015_fu_992         |    0    |    0    |    2    |
|    or    |        or_ln1015_1_fu_1026        |    0    |    0    |    2    |
|          |        or_ln1015_2_fu_1060        |    0    |    0    |    2    |
|----------|-----------------------------------|---------|---------|---------|
|          |   ArrayIdx_val_read_read_fu_118   |    0    |    0    |    0    |
|          |  PhasesH_0_0_val_read_read_fu_124 |    0    |    0    |    0    |
|          | PixArray_7_2_val_read_read_fu_130 |    0    |    0    |    0    |
|          | PixArray_7_1_val_read_read_fu_136 |    0    |    0    |    0    |
|          | PixArray_7_0_val_read_read_fu_142 |    0    |    0    |    0    |
|          | PixArray_6_2_val_read_read_fu_148 |    0    |    0    |    0    |
|          | PixArray_6_1_val_read_read_fu_154 |    0    |    0    |    0    |
|          | PixArray_6_0_val_read_read_fu_160 |    0    |    0    |    0    |
|          | PixArray_5_2_val_read_read_fu_166 |    0    |    0    |    0    |
|          | PixArray_5_1_val_read_read_fu_172 |    0    |    0    |    0    |
|          | PixArray_5_0_val_read_read_fu_178 |    0    |    0    |    0    |
|          | PixArray_4_2_val_read_read_fu_184 |    0    |    0    |    0    |
|   read   | PixArray_4_1_val_read_read_fu_190 |    0    |    0    |    0    |
|          | PixArray_4_0_val_read_read_fu_196 |    0    |    0    |    0    |
|          | PixArray_3_2_val_read_read_fu_202 |    0    |    0    |    0    |
|          | PixArray_3_1_val_read_read_fu_208 |    0    |    0    |    0    |
|          | PixArray_3_0_val_read_read_fu_214 |    0    |    0    |    0    |
|          | PixArray_2_2_val_read_read_fu_220 |    0    |    0    |    0    |
|          | PixArray_2_1_val_read_read_fu_226 |    0    |    0    |    0    |
|          | PixArray_2_0_val_read_read_fu_232 |    0    |    0    |    0    |
|          | PixArray_1_2_val_read_read_fu_238 |    0    |    0    |    0    |
|          | PixArray_1_1_val_read_read_fu_244 |    0    |    0    |    0    |
|          | PixArray_1_0_val_read_read_fu_250 |    0    |    0    |    0    |
|          | PixArray_0_2_val_read_read_fu_256 |    0    |    0    |    0    |
|          | PixArray_0_1_val_read_read_fu_262 |    0    |    0    |    0    |
|          | PixArray_0_0_val_read_read_fu_268 |    0    |    0    |    0    |
|----------|-----------------------------------|---------|---------|---------|
|          |         zext_ln991_fu_352         |    0    |    0    |    0    |
|          |          idxprom8_fu_356          |    0    |    0    |    0    |
|          |         zext_ln1010_fu_799        |    0    |    0    |    0    |
|          |        zext_ln1010_6_fu_806       |    0    |    0    |    0    |
|          |       zext_ln1010_12_fu_809       |    0    |    0    |    0    |
|          |        zext_ln1010_1_fu_812       |    0    |    0    |    0    |
|          |        zext_ln1010_7_fu_819       |    0    |    0    |    0    |
|          |       zext_ln1010_13_fu_822       |    0    |    0    |    0    |
|          |        zext_ln1010_2_fu_825       |    0    |    0    |    0    |
|   zext   |        zext_ln1010_8_fu_832       |    0    |    0    |    0    |
|          |       zext_ln1010_14_fu_835       |    0    |    0    |    0    |
|          |        zext_ln1010_3_fu_841       |    0    |    0    |    0    |
|          |        zext_ln1010_9_fu_851       |    0    |    0    |    0    |
|          |       zext_ln1010_15_fu_857       |    0    |    0    |    0    |
|          |        zext_ln1010_4_fu_863       |    0    |    0    |    0    |
|          |       zext_ln1010_10_fu_873       |    0    |    0    |    0    |
|          |       zext_ln1010_16_fu_879       |    0    |    0    |    0    |
|          |        zext_ln1010_5_fu_882       |    0    |    0    |    0    |
|          |       zext_ln1010_11_fu_889       |    0    |    0    |    0    |
|          |       zext_ln1010_17_fu_892       |    0    |    0    |    0    |
|----------|-----------------------------------|---------|---------|---------|
|          |         sext_ln1010_fu_802        |    0    |    0    |    0    |
|          |        sext_ln1010_1_fu_815       |    0    |    0    |    0    |
|          |        sext_ln1010_3_fu_828       |    0    |    0    |    0    |
|          |         sext_ln1001_fu_838        |    0    |    0    |    0    |
|          |        sext_ln1010_5_fu_844       |    0    |    0    |    0    |
|          |       sext_ln1010_11_fu_848       |    0    |    0    |    0    |
|          |       sext_ln1010_19_fu_854       |    0    |    0    |    0    |
|   sext   |        sext_ln1001_1_fu_860       |    0    |    0    |    0    |
|          |        sext_ln1010_7_fu_866       |    0    |    0    |    0    |
|          |       sext_ln1010_13_fu_870       |    0    |    0    |    0    |
|          |       sext_ln1010_21_fu_876       |    0    |    0    |    0    |
|          |        sext_ln1010_9_fu_885       |    0    |    0    |    0    |
|          |        sext_ln1001_2_fu_895       |    0    |    0    |    0    |
|          |       sext_ln1010_16_fu_898       |    0    |    0    |    0    |
|          |       sext_ln1010_24_fu_901       |    0    |    0    |    0    |
|----------|-----------------------------------|---------|---------|---------|
|          |           tmp_17_fu_904           |    0    |    0    |    0    |
| bitselect|           tmp_19_fu_926           |    0    |    0    |    0    |
|          |           tmp_21_fu_948           |    0    |    0    |    0    |
|----------|-----------------------------------|---------|---------|---------|
|          |           tmp_18_fu_911           |    0    |    0    |    0    |
|          |           tmp_20_fu_933           |    0    |    0    |    0    |
|partselect|           tmp_22_fu_955           |    0    |    0    |    0    |
|          |          trunc_ln_fu_970          |    0    |    0    |    0    |
|          |       trunc_ln1015_1_fu_1004      |    0    |    0    |    0    |
|          |       trunc_ln1015_2_fu_1038      |    0    |    0    |    0    |
|----------|-----------------------------------|---------|---------|---------|
|          |            mrv_fu_1072            |    0    |    0    |    0    |
|insertvalue|           mrv_1_fu_1078           |    0    |    0    |    0    |
|          |           mrv_2_fu_1084           |    0    |    0    |    0    |
|----------|-----------------------------------|---------|---------|---------|
|   Total  |                                   |    18   |    0    |   454   |
|----------|-----------------------------------|---------|---------|---------|

Memories:
N/A

* Register list:
+-------------------------+--------+
|                         |   FF   |
+-------------------------+--------+
|FiltCoeff_0_addr_reg_1258|    6   |
|FiltCoeff_1_addr_reg_1353|    6   |
|FiltCoeff_2_addr_reg_1380|    6   |
|FiltCoeff_3_addr_reg_1407|    6   |
|FiltCoeff_4_addr_reg_1434|    6   |
|FiltCoeff_5_addr_reg_1476|    6   |
|  icmp_ln1013_1_reg_1612 |    1   |
|  icmp_ln1013_2_reg_1628 |    1   |
|   icmp_ln1013_reg_1596  |    1   |
|    idxprom8_reg_1249    |   64   |
|  sext_ln1001_1_reg_1481 |   26   |
|  sext_ln1001_2_reg_1555 |   27   |
|   sext_ln1001_reg_1439  |   25   |
| sext_ln1010_11_reg_1456 |   25   |
| sext_ln1010_13_reg_1498 |   26   |
| sext_ln1010_16_reg_1560 |   27   |
| sext_ln1010_19_reg_1466 |   25   |
|  sext_ln1010_1_reg_1390 |   24   |
| sext_ln1010_21_reg_1508 |   26   |
| sext_ln1010_24_reg_1565 |   27   |
|  sext_ln1010_3_reg_1417 |   24   |
|  sext_ln1010_5_reg_1449 |   24   |
|  sext_ln1010_7_reg_1491 |   24   |
|  sext_ln1010_9_reg_1528 |   24   |
|   sext_ln1010_reg_1363  |   24   |
|     sum_17_reg_1617     |   27   |
|     sum_20_reg_1535     |   26   |
|     sum_22_reg_1575     |   27   |
|     sum_23_reg_1601     |   27   |
|     sum_26_reg_1545     |   26   |
|     sum_28_reg_1580     |   27   |
|      sum_2_reg_1518     |   26   |
|      sum_4_reg_1570     |   27   |
|      sum_5_reg_1585     |   27   |
|     tmp_10_reg_1318     |    8   |
|     tmp_11_reg_1323     |    8   |
|     tmp_12_reg_1328     |    8   |
|     tmp_13_reg_1333     |    8   |
|     tmp_14_reg_1338     |    8   |
|     tmp_15_reg_1343     |    8   |
|     tmp_16_reg_1348     |    8   |
|     tmp_17_reg_1590     |    1   |
|     tmp_19_reg_1606     |    1   |
|      tmp_1_reg_1278     |    8   |
|     tmp_21_reg_1622     |    1   |
|      tmp_2_reg_1283     |    8   |
|      tmp_3_reg_1288     |    8   |
|      tmp_4_reg_1293     |    8   |
|      tmp_5_reg_1298     |    8   |
|      tmp_6_reg_1303     |    8   |
|      tmp_7_reg_1308     |    8   |
|      tmp_8_reg_1313     |    8   |
|      tmp_9_reg_1273     |    8   |
|       tmp_reg_1263      |    8   |
|      tmp_s_reg_1268     |    8   |
| zext_ln1010_10_reg_1503 |   24   |
| zext_ln1010_11_reg_1540 |   24   |
| zext_ln1010_12_reg_1375 |   24   |
| zext_ln1010_13_reg_1402 |   24   |
| zext_ln1010_14_reg_1429 |   24   |
| zext_ln1010_15_reg_1471 |   24   |
| zext_ln1010_16_reg_1513 |   24   |
| zext_ln1010_17_reg_1550 |   24   |
|  zext_ln1010_1_reg_1385 |   24   |
|  zext_ln1010_2_reg_1412 |   24   |
|  zext_ln1010_3_reg_1444 |   24   |
|  zext_ln1010_4_reg_1486 |   24   |
|  zext_ln1010_5_reg_1523 |   24   |
|  zext_ln1010_6_reg_1370 |   24   |
|  zext_ln1010_7_reg_1397 |   24   |
|  zext_ln1010_8_reg_1424 |   24   |
|  zext_ln1010_9_reg_1461 |   24   |
|   zext_ln1010_reg_1358  |   24   |
+-------------------------+--------+
|          Total          |  1300  |
+-------------------------+--------+

* Multiplexer (MUX) list: 
|-------------------|------|------|------|--------||---------||---------|
|        Comp       |  Pin | Size |  BW  | S x BW ||  Delay  ||   LUT   |
|-------------------|------|------|------|--------||---------||---------|
| grp_access_fu_281 |  p0  |   2  |   6  |   12   ||    9    |
| grp_access_fu_294 |  p0  |   2  |   6  |   12   ||    9    |
| grp_access_fu_307 |  p0  |   2  |   6  |   12   ||    9    |
| grp_access_fu_320 |  p0  |   2  |   6  |   12   ||    9    |
| grp_access_fu_333 |  p0  |   2  |   6  |   12   ||    9    |
| grp_access_fu_346 |  p0  |   2  |   6  |   12   ||    9    |
|    grp_fu_1090    |  p0  |   2  |   8  |   16   ||    9    |
|    grp_fu_1090    |  p1  |   2  |  16  |   32   ||    9    |
|    grp_fu_1099    |  p0  |   2  |   8  |   16   ||    9    |
|    grp_fu_1099    |  p1  |   2  |  16  |   32   ||    9    |
|    grp_fu_1108    |  p0  |   2  |   8  |   16   ||    9    |
|    grp_fu_1108    |  p1  |   2  |  16  |   32   ||    9    |
|    grp_fu_1117    |  p0  |   3  |   8  |   24   ||    14   |
|    grp_fu_1117    |  p1  |   2  |  16  |   32   ||    9    |
|    grp_fu_1126    |  p0  |   3  |   8  |   24   ||    14   |
|    grp_fu_1126    |  p1  |   2  |  16  |   32   ||    9    |
|    grp_fu_1135    |  p0  |   3  |   8  |   24   ||    14   |
|    grp_fu_1135    |  p1  |   2  |  16  |   32   ||    9    |
|    grp_fu_1144    |  p0  |   3  |   8  |   24   ||    14   |
|    grp_fu_1144    |  p1  |   2  |  16  |   32   ||    9    |
|    grp_fu_1152    |  p0  |   3  |   8  |   24   ||    14   |
|    grp_fu_1152    |  p1  |   2  |  16  |   32   ||    9    |
|    grp_fu_1160    |  p0  |   3  |   8  |   24   ||    14   |
|    grp_fu_1160    |  p1  |   2  |  16  |   32   ||    9    |
|    grp_fu_1168    |  p0  |   3  |   8  |   24   ||    14   |
|    grp_fu_1168    |  p1  |   2  |  16  |   32   ||    9    |
|    grp_fu_1177    |  p0  |   3  |   8  |   24   ||    14   |
|    grp_fu_1177    |  p1  |   2  |  16  |   32   ||    9    |
|    grp_fu_1186    |  p0  |   3  |   8  |   24   ||    14   |
|    grp_fu_1186    |  p1  |   2  |  16  |   32   ||    9    |
|    grp_fu_1195    |  p0  |   3  |   8  |   24   ||    14   |
|    grp_fu_1195    |  p1  |   2  |  16  |   32   ||    9    |
|    grp_fu_1203    |  p0  |   3  |   8  |   24   ||    14   |
|    grp_fu_1203    |  p1  |   2  |  16  |   32   ||    9    |
|    grp_fu_1211    |  p0  |   3  |   8  |   24   ||    14   |
|    grp_fu_1211    |  p1  |   2  |  16  |   32   ||    9    |
|    grp_fu_1219    |  p0  |   3  |   8  |   24   ||    14   |
|    grp_fu_1219    |  p1  |   2  |  16  |   32   ||    9    |
|    grp_fu_1229    |  p0  |   3  |   8  |   24   ||    14   |
|    grp_fu_1229    |  p1  |   2  |  16  |   32   ||    9    |
|    grp_fu_1239    |  p0  |   3  |   8  |   24   ||    14   |
|    grp_fu_1239    |  p1  |   2  |  16  |   32   ||    9    |
|-------------------|------|------|------|--------||---------||---------|
|       Total       |      |      |      |  1056  || 68.4855 ||   453   |
|-------------------|------|------|------|--------||---------||---------|



* Summary:
+-----------+--------+--------+--------+--------+
|           |   DSP  |  Delay |   FF   |   LUT  |
+-----------+--------+--------+--------+--------+
|  Function |   18   |    -   |    0   |   454  |
|   Memory  |    -   |    -   |    -   |    -   |
|Multiplexer|    -   |   68   |    -   |   453  |
|  Register |    -   |    -   |  1300  |    -   |
+-----------+--------+--------+--------+--------+
|   Total   |   18   |   68   |  1300  |   907  |
+-----------+--------+--------+--------+--------+
