

================================================================
== Vitis HLS Report for 'v_csc_core_Pipeline_VITIS_LOOP_2080_2'
================================================================
* Date:           Wed Dec 20 19:01:23 2023

* Version:        2023.2 (Build 4023990 on Oct 11 2023)
* Project:        prj
* Solution:       sol (Vivado IP Flow Target)
* Product family: zynq
* Target device:  xc7z020-clg484-1


================================================================
== Performance Estimates
================================================================
+ Timing: 
    * Summary: 
    +--------+---------+----------+------------+
    |  Clock |  Target | Estimated| Uncertainty|
    +--------+---------+----------+------------+
    |ap_clk  |  7.00 ns|  5.110 ns|     1.89 ns|
    +--------+---------+----------+------------+

+ Latency: 
    * Summary: 
    +---------+---------+-----------+-----------+-----+------+---------+
    |  Latency (cycles) |   Latency (absolute)  |  Interval  | Pipeline|
    |   min   |   max   |    min    |    max    | min |  max |   Type  |
    +---------+---------+-----------+-----------+-----+------+---------+
    |        2|     1930|  14.000 ns|  13.510 us|    2|  1930|       no|
    +---------+---------+-----------+-----------+-----+------+---------+

    + Detail: 
        * Instance: 
        N/A

        * Loop: 
        +---------------------+---------+---------+----------+-----------+-----------+----------+----------+
        |                     |  Latency (cycles) | Iteration|  Initiation Interval  |   Trip   |          |
        |      Loop Name      |   min   |   max   |  Latency |  achieved |   target  |   Count  | Pipelined|
        +---------------------+---------+---------+----------+-----------+-----------+----------+----------+
        |- VITIS_LOOP_2080_2  |        0|     1928|        10|          1|          1|  0 ~ 1920|       yes|
        +---------------------+---------+---------+----------+-----------+-----------+----------+----------+

============================================================
+ Verbose Summary: Synthesis Manager
============================================================
InlineROM: 1
ExposeGlobal: 0
============================================================
+ Verbose Summary: CDFG Model
============================================================
IsTopModel: 0
ResetActiveHigh: 1
IsCombinational: 0
IsDatapathOnly: 0
HasWiredReturn: 1
HasMFsm: 2
HasVarLatency: 1
IsPipeline: 0
IsRtlPipelined: 0
IsInstanceOverlapped: 0
IsDontTouch: 0
HasImplIP: 0
IsGatedGlobalClock: 0

+ Individual pipeline summary: 
  * Pipeline-0: initiation interval (II) = 1, depth = 10


============================================================
+ Verbose Summary: Schedule
============================================================
* Number of FSM states : 10
* Pipeline : 1
  Pipeline-0 : II = 1, D = 10, States = { 1 2 3 4 5 6 7 8 9 10 }
* Dataflow Pipeline: 0

* FSM state transitions: 
1 --> 2 
2 --> 3 
3 --> 4 
4 --> 5 
5 --> 6 
6 --> 7 
7 --> 8 
8 --> 9 
9 --> 10 
10 --> 

* FSM state operations: 

State 1 <SV = 0> <Delay = 4.81>
ST_1 : Operation 13 [1/1] (0.00ns)   --->   "%x = alloca i32 1" [G:/Project-Workspace/zynq-7020-video-pipe-3/hw/video-pipe-hw-v3/hw_011223.runs/bd_8126_hsc_0_synth_1/prj/sol/.autopilot/db/v_hscaler.cpp:2071]   --->   Operation 13 'alloca' 'x' <Predicate = true> <Delay = 0.00>
ST_1 : Operation 14 [1/1] (0.00ns)   --->   "%specinterface_ln0 = specinterface void @_ssdm_op_SpecInterface, i24 %stream_scaled, void @empty_23, i32 0, i32 0, void @empty_10, i32 0, i32 0, void @empty_10, void @empty_10, void @empty_10, i32 0, i32 0, i32 0, i32 0, void @empty_10, void @empty_10, i32 4294967295, i32 0"   --->   Operation 14 'specinterface' 'specinterface_ln0' <Predicate = true> <Delay = 0.00>
ST_1 : Operation 15 [1/1] (0.00ns)   --->   "%specinterface_ln0 = specinterface void @_ssdm_op_SpecInterface, i24 %stream_scaled_csc, void @empty_23, i32 0, i32 0, void @empty_10, i32 0, i32 0, void @empty_10, void @empty_10, void @empty_10, i32 0, i32 0, i32 0, i32 0, void @empty_10, void @empty_10, i32 4294967295, i32 0"   --->   Operation 15 'specinterface' 'specinterface_ln0' <Predicate = true> <Delay = 0.00>
ST_1 : Operation 16 [1/1] (0.00ns)   --->   "%bPassThru_read_1 = read i1 @_ssdm_op_Read.ap_auto.i1, i1 %bPassThru_read" [G:/Project-Workspace/zynq-7020-video-pipe-3/hw/video-pipe-hw-v3/hw_011223.runs/bd_8126_hsc_0_synth_1/prj/sol/.autopilot/db/v_hscaler.cpp:2068]   --->   Operation 16 'read' 'bPassThru_read_1' <Predicate = true> <Delay = 0.00>
ST_1 : Operation 17 [1/1] (0.00ns)   --->   "%cmp74_read = read i1 @_ssdm_op_Read.ap_auto.i1, i1 %cmp74" [G:/Project-Workspace/zynq-7020-video-pipe-3/hw/video-pipe-hw-v3/hw_011223.runs/bd_8126_hsc_0_synth_1/prj/sol/.autopilot/db/v_hscaler.cpp:2068]   --->   Operation 17 'read' 'cmp74_read' <Predicate = true> <Delay = 0.00>
ST_1 : Operation 18 [1/1] (0.00ns)   --->   "%tmp_3 = read i11 @_ssdm_op_Read.ap_auto.i11, i11 %empty" [G:/Project-Workspace/zynq-7020-video-pipe-3/hw/video-pipe-hw-v3/hw_011223.runs/bd_8126_hsc_0_synth_1/prj/sol/.autopilot/db/v_hscaler.cpp:2068]   --->   Operation 18 'read' 'tmp_3' <Predicate = true> <Delay = 0.00>
ST_1 : Operation 19 [1/1] (1.58ns)   --->   "%store_ln2071 = store i11 0, i11 %x" [G:/Project-Workspace/zynq-7020-video-pipe-3/hw/video-pipe-hw-v3/hw_011223.runs/bd_8126_hsc_0_synth_1/prj/sol/.autopilot/db/v_hscaler.cpp:2071]   --->   Operation 19 'store' 'store_ln2071' <Predicate = true> <Delay = 1.58>
ST_1 : Operation 20 [1/1] (0.00ns)   --->   "%br_ln0 = br void %VITIS_LOOP_2085_3"   --->   Operation 20 'br' 'br_ln0' <Predicate = true> <Delay = 0.00>
ST_1 : Operation 21 [1/1] (0.00ns)   --->   "%x_3 = load i11 %x" [G:/Project-Workspace/zynq-7020-video-pipe-3/hw/video-pipe-hw-v3/hw_011223.runs/bd_8126_hsc_0_synth_1/prj/sol/.autopilot/db/v_hscaler.cpp:2080]   --->   Operation 21 'load' 'x_3' <Predicate = true> <Delay = 0.00>
ST_1 : Operation 22 [1/1] (1.63ns)   --->   "%icmp_ln2080 = icmp_eq  i11 %x_3, i11 %tmp_3" [G:/Project-Workspace/zynq-7020-video-pipe-3/hw/video-pipe-hw-v3/hw_011223.runs/bd_8126_hsc_0_synth_1/prj/sol/.autopilot/db/v_hscaler.cpp:2080]   --->   Operation 22 'icmp' 'icmp_ln2080' <Predicate = true> <Delay = 1.63> <CoreInst = "Cmp">   --->   Core 9 'Cmp' <Latency = 0> <II = 1> <Delay = 1.63> <FuncUnit> <Opcode : 'icmp'> <InPorts = 2> <OutPorts = 1>
ST_1 : Operation 23 [1/1] (0.00ns)   --->   "%speclooptripcount_ln0 = speclooptripcount void @_ssdm_op_SpecLoopTripCount, i64 0, i64 1920, i64 0"   --->   Operation 23 'speclooptripcount' 'speclooptripcount_ln0' <Predicate = true> <Delay = 0.00>
ST_1 : Operation 24 [1/1] (1.63ns)   --->   "%x_4 = add i11 %x_3, i11 1" [G:/Project-Workspace/zynq-7020-video-pipe-3/hw/video-pipe-hw-v3/hw_011223.runs/bd_8126_hsc_0_synth_1/prj/sol/.autopilot/db/v_hscaler.cpp:2080]   --->   Operation 24 'add' 'x_4' <Predicate = true> <Delay = 1.63> <CoreInst = "Adder">   --->   Core 1 'Adder' <Latency = 0> <II = 1> <Delay = 1.63> <FuncUnit> <Opcode : 'add' 'sub'> <InPorts = 2> <OutPorts = 1>
ST_1 : Operation 25 [1/1] (0.00ns)   --->   "%br_ln2080 = br i1 %icmp_ln2080, void %VITIS_LOOP_2085_3.split, void %for.inc209.loopexit.exitStub" [G:/Project-Workspace/zynq-7020-video-pipe-3/hw/video-pipe-hw-v3/hw_011223.runs/bd_8126_hsc_0_synth_1/prj/sol/.autopilot/db/v_hscaler.cpp:2080]   --->   Operation 25 'br' 'br_ln2080' <Predicate = true> <Delay = 0.00>
ST_1 : Operation 26 [1/1] (0.00ns)   --->   "%br_ln2112 = br i1 %bPassThru_read_1, void %if.else, void %if.then" [G:/Project-Workspace/zynq-7020-video-pipe-3/hw/video-pipe-hw-v3/hw_011223.runs/bd_8126_hsc_0_synth_1/prj/sol/.autopilot/db/v_hscaler.cpp:2112]   --->   Operation 26 'br' 'br_ln2112' <Predicate = (!icmp_ln2080)> <Delay = 0.00>
ST_1 : Operation 27 [1/1] (1.58ns)   --->   "%store_ln2071 = store i11 %x_4, i11 %x" [G:/Project-Workspace/zynq-7020-video-pipe-3/hw/video-pipe-hw-v3/hw_011223.runs/bd_8126_hsc_0_synth_1/prj/sol/.autopilot/db/v_hscaler.cpp:2071]   --->   Operation 27 'store' 'store_ln2071' <Predicate = (!icmp_ln2080)> <Delay = 1.58>
ST_1 : Operation 28 [1/1] (0.00ns)   --->   "%br_ln2080 = br void %VITIS_LOOP_2085_3" [G:/Project-Workspace/zynq-7020-video-pipe-3/hw/video-pipe-hw-v3/hw_011223.runs/bd_8126_hsc_0_synth_1/prj/sol/.autopilot/db/v_hscaler.cpp:2080]   --->   Operation 28 'br' 'br_ln2080' <Predicate = (!icmp_ln2080)> <Delay = 0.00>

State 2 <SV = 1> <Delay = 5.11>
ST_2 : Operation 29 [1/1] (2.55ns)   --->   "%stream_scaled_read = read i24 @_ssdm_op_Read.ap_fifo.volatile.i24P0A, i24 %stream_scaled" [G:/Project-Workspace/zynq-7020-video-pipe-3/hw/video-pipe-hw-v3/hw_011223.runs/bd_8126_hsc_0_synth_1/prj/sol/.autopilot/db/v_hscaler.cpp:2084]   --->   Operation 29 'read' 'stream_scaled_read' <Predicate = true> <Delay = 2.55> <CoreInst = "FIFO_SRL">   --->   Core 81 'FIFO_SRL' <Latency = 0> <II = 1> <Delay = 3.80> <Storage> <Opcode : 'read' 'write' 'nbread' 'nbwrite'> <Ports = 0> <Width = 24> <Depth = 16> <FIFO>
ST_2 : Operation 30 [1/1] (0.00ns)   --->   "%r_y = trunc i24 %stream_scaled_read" [G:/Project-Workspace/zynq-7020-video-pipe-3/hw/video-pipe-hw-v3/hw_011223.runs/bd_8126_hsc_0_synth_1/prj/sol/.autopilot/db/v_hscaler.cpp:2084]   --->   Operation 30 'trunc' 'r_y' <Predicate = true> <Delay = 0.00>
ST_2 : Operation 31 [1/1] (0.00ns)   --->   "%g_u = partselect i8 @_ssdm_op_PartSelect.i8.i24.i32.i32, i24 %stream_scaled_read, i32 8, i32 15" [G:/Project-Workspace/zynq-7020-video-pipe-3/hw/video-pipe-hw-v3/hw_011223.runs/bd_8126_hsc_0_synth_1/prj/sol/.autopilot/db/v_hscaler.cpp:2084]   --->   Operation 31 'partselect' 'g_u' <Predicate = true> <Delay = 0.00>
ST_2 : Operation 32 [1/1] (0.00ns)   --->   "%tmp = partselect i8 @_ssdm_op_PartSelect.i8.i24.i32.i32, i24 %stream_scaled_read, i32 16, i32 23" [G:/Project-Workspace/zynq-7020-video-pipe-3/hw/video-pipe-hw-v3/hw_011223.runs/bd_8126_hsc_0_synth_1/prj/sol/.autopilot/db/v_hscaler.cpp:2094]   --->   Operation 32 'partselect' 'tmp' <Predicate = true> <Delay = 0.00>
ST_2 : Operation 33 [1/1] (0.00ns)   --->   "%zext_ln2094_1 = zext i8 %tmp" [G:/Project-Workspace/zynq-7020-video-pipe-3/hw/video-pipe-hw-v3/hw_011223.runs/bd_8126_hsc_0_synth_1/prj/sol/.autopilot/db/v_hscaler.cpp:2094]   --->   Operation 33 'zext' 'zext_ln2094_1' <Predicate = true> <Delay = 0.00>
ST_2 : Operation 34 [3/3] (1.05ns) (grouped into DSP with root node add_ln2101)   --->   "%mul_ln2101_2 = mul i15 %zext_ln2094_1, i15 117" [G:/Project-Workspace/zynq-7020-video-pipe-3/hw/video-pipe-hw-v3/hw_011223.runs/bd_8126_hsc_0_synth_1/prj/sol/.autopilot/db/v_hscaler.cpp:2101]   --->   Operation 34 'mul' 'mul_ln2101_2' <Predicate = true> <Delay = 1.05> <CoreInst = "DSP48">   --->   Core 119 'DSP48' <Latency = 3> <II = 1> <Delay = 2.15> <IPBlock> <Opcode : '' 'add' 'sub' 'mul' 'select'> <InPorts = 0> <OutPorts = 1> <Sync> <CReg>
ST_2 : Operation 35 [1/1] (2.55ns)   --->   "%write_ln2113 = write void @_ssdm_op_Write.ap_fifo.volatile.i24P0A, i24 %stream_scaled_csc, i24 %stream_scaled_read" [G:/Project-Workspace/zynq-7020-video-pipe-3/hw/video-pipe-hw-v3/hw_011223.runs/bd_8126_hsc_0_synth_1/prj/sol/.autopilot/db/v_hscaler.cpp:2113]   --->   Operation 35 'write' 'write_ln2113' <Predicate = (bPassThru_read_1)> <Delay = 2.55> <CoreInst = "FIFO_SRL">   --->   Core 81 'FIFO_SRL' <Latency = 0> <II = 1> <Delay = 3.80> <Storage> <Opcode : 'read' 'write' 'nbread' 'nbwrite'> <Ports = 0> <Width = 24> <Depth = 16> <FIFO>
ST_2 : Operation 36 [1/1] (0.00ns)   --->   "%br_ln2113 = br void %for.inc206" [G:/Project-Workspace/zynq-7020-video-pipe-3/hw/video-pipe-hw-v3/hw_011223.runs/bd_8126_hsc_0_synth_1/prj/sol/.autopilot/db/v_hscaler.cpp:2113]   --->   Operation 36 'br' 'br_ln2113' <Predicate = (bPassThru_read_1)> <Delay = 0.00>

State 3 <SV = 2> <Delay = 4.52>
ST_3 : Operation 37 [1/1] (0.00ns)   --->   "%zext_ln2095 = zext i8 %g_u" [G:/Project-Workspace/zynq-7020-video-pipe-3/hw/video-pipe-hw-v3/hw_011223.runs/bd_8126_hsc_0_synth_1/prj/sol/.autopilot/db/v_hscaler.cpp:2095]   --->   Operation 37 'zext' 'zext_ln2095' <Predicate = true> <Delay = 0.00>
ST_3 : Operation 38 [1/1] (0.00ns)   --->   "%zext_ln2096_1 = zext i8 %r_y" [G:/Project-Workspace/zynq-7020-video-pipe-3/hw/video-pipe-hw-v3/hw_011223.runs/bd_8126_hsc_0_synth_1/prj/sol/.autopilot/db/v_hscaler.cpp:2096]   --->   Operation 38 'zext' 'zext_ln2096_1' <Predicate = true> <Delay = 0.00>
ST_3 : Operation 39 [1/1] (4.52ns)   --->   "%mul_ln2101 = mul i17 %zext_ln2096_1, i17 306" [G:/Project-Workspace/zynq-7020-video-pipe-3/hw/video-pipe-hw-v3/hw_011223.runs/bd_8126_hsc_0_synth_1/prj/sol/.autopilot/db/v_hscaler.cpp:2101]   --->   Operation 39 'mul' 'mul_ln2101' <Predicate = true> <Delay = 4.52> <CoreInst = "Multiplier">   --->   Core 3 'Multiplier' <Latency = 0> <II = 1> <Delay = 4.52> <FuncUnit> <Opcode : 'mul'> <InPorts = 2> <OutPorts = 1>
ST_3 : Operation 40 [3/3] (1.05ns) (grouped into DSP with root node add_ln2101_1)   --->   "%mul_ln2101_1 = mul i18 %zext_ln2095, i18 601" [G:/Project-Workspace/zynq-7020-video-pipe-3/hw/video-pipe-hw-v3/hw_011223.runs/bd_8126_hsc_0_synth_1/prj/sol/.autopilot/db/v_hscaler.cpp:2101]   --->   Operation 40 'mul' 'mul_ln2101_1' <Predicate = true> <Delay = 1.05> <CoreInst = "DSP48">   --->   Core 119 'DSP48' <Latency = 3> <II = 1> <Delay = 2.15> <IPBlock> <Opcode : '' 'add' 'sub' 'mul' 'select'> <InPorts = 0> <OutPorts = 1> <Sync> <CReg>
ST_3 : Operation 41 [2/3] (1.05ns) (grouped into DSP with root node add_ln2101)   --->   "%mul_ln2101_2 = mul i15 %zext_ln2094_1, i15 117" [G:/Project-Workspace/zynq-7020-video-pipe-3/hw/video-pipe-hw-v3/hw_011223.runs/bd_8126_hsc_0_synth_1/prj/sol/.autopilot/db/v_hscaler.cpp:2101]   --->   Operation 41 'mul' 'mul_ln2101_2' <Predicate = true> <Delay = 1.05> <CoreInst = "DSP48">   --->   Core 119 'DSP48' <Latency = 3> <II = 1> <Delay = 2.15> <IPBlock> <Opcode : '' 'add' 'sub' 'mul' 'select'> <InPorts = 0> <OutPorts = 1> <Sync> <CReg>

State 4 <SV = 3> <Delay = 4.33>
ST_4 : Operation 42 [1/1] (0.99ns)   --->   "%Cr = xor i8 %tmp, i8 128" [G:/Project-Workspace/zynq-7020-video-pipe-3/hw/video-pipe-hw-v3/hw_011223.runs/bd_8126_hsc_0_synth_1/prj/sol/.autopilot/db/v_hscaler.cpp:2094]   --->   Operation 42 'xor' 'Cr' <Predicate = true> <Delay = 0.99> <CoreInst = "LogicGate">   --->   Core 74 'LogicGate' <Latency = 0> <II = 1> <Delay = 0.99> <FuncUnit> <Opcode : 'and' 'or' 'xor'> <InPorts = 2> <OutPorts = 1>
ST_4 : Operation 43 [1/1] (0.00ns)   --->   "%sext_ln2097 = sext i8 %Cr" [G:/Project-Workspace/zynq-7020-video-pipe-3/hw/video-pipe-hw-v3/hw_011223.runs/bd_8126_hsc_0_synth_1/prj/sol/.autopilot/db/v_hscaler.cpp:2097]   --->   Operation 43 'sext' 'sext_ln2097' <Predicate = (cmp74_read)> <Delay = 0.00>
ST_4 : Operation 44 [1/1] (0.00ns)   --->   "%sext_ln2094 = sext i8 %Cr" [G:/Project-Workspace/zynq-7020-video-pipe-3/hw/video-pipe-hw-v3/hw_011223.runs/bd_8126_hsc_0_synth_1/prj/sol/.autopilot/db/v_hscaler.cpp:2094]   --->   Operation 44 'sext' 'sext_ln2094' <Predicate = (cmp74_read)> <Delay = 0.00>
ST_4 : Operation 45 [1/1] (0.99ns)   --->   "%Cb = xor i8 %g_u, i8 128" [G:/Project-Workspace/zynq-7020-video-pipe-3/hw/video-pipe-hw-v3/hw_011223.runs/bd_8126_hsc_0_synth_1/prj/sol/.autopilot/db/v_hscaler.cpp:2095]   --->   Operation 45 'xor' 'Cb' <Predicate = true> <Delay = 0.99> <CoreInst = "LogicGate">   --->   Core 74 'LogicGate' <Latency = 0> <II = 1> <Delay = 0.99> <FuncUnit> <Opcode : 'and' 'or' 'xor'> <InPorts = 2> <OutPorts = 1>
ST_4 : Operation 46 [1/1] (0.00ns)   --->   "%sext_ln2095_1 = sext i8 %Cb" [G:/Project-Workspace/zynq-7020-video-pipe-3/hw/video-pipe-hw-v3/hw_011223.runs/bd_8126_hsc_0_synth_1/prj/sol/.autopilot/db/v_hscaler.cpp:2095]   --->   Operation 46 'sext' 'sext_ln2095_1' <Predicate = (cmp74_read)> <Delay = 0.00>
ST_4 : Operation 47 [2/2] (3.34ns)   --->   "%mul_ln2096 = mul i20 %sext_ln2094, i20 1733" [G:/Project-Workspace/zynq-7020-video-pipe-3/hw/video-pipe-hw-v3/hw_011223.runs/bd_8126_hsc_0_synth_1/prj/sol/.autopilot/db/v_hscaler.cpp:2096]   --->   Operation 47 'mul' 'mul_ln2096' <Predicate = (cmp74_read)> <Delay = 3.34> <CoreInst = "Multiplier">   --->   Core 3 'Multiplier' <Latency = 1> <II = 1> <Delay = 3.34> <FuncUnit> <Opcode : 'mul'> <InPorts = 2> <OutPorts = 1>
ST_4 : Operation 48 [3/3] (1.05ns) (grouped into DSP with root node add_ln2097)   --->   "%mul_ln2097 = mul i18 %sext_ln2095_1, i18 404" [G:/Project-Workspace/zynq-7020-video-pipe-3/hw/video-pipe-hw-v3/hw_011223.runs/bd_8126_hsc_0_synth_1/prj/sol/.autopilot/db/v_hscaler.cpp:2097]   --->   Operation 48 'mul' 'mul_ln2097' <Predicate = (cmp74_read)> <Delay = 1.05> <CoreInst = "DSP48">   --->   Core 119 'DSP48' <Latency = 3> <II = 1> <Delay = 2.15> <IPBlock> <Opcode : '' 'add' 'sub' 'mul' 'select'> <InPorts = 0> <OutPorts = 1> <Sync> <CReg>
ST_4 : Operation 49 [2/2] (3.34ns)   --->   "%mul_ln2097_1 = mul i18 %sext_ln2097, i18 595" [G:/Project-Workspace/zynq-7020-video-pipe-3/hw/video-pipe-hw-v3/hw_011223.runs/bd_8126_hsc_0_synth_1/prj/sol/.autopilot/db/v_hscaler.cpp:2097]   --->   Operation 49 'mul' 'mul_ln2097_1' <Predicate = (cmp74_read)> <Delay = 3.34> <CoreInst = "Multiplier">   --->   Core 3 'Multiplier' <Latency = 1> <II = 1> <Delay = 3.34> <FuncUnit> <Opcode : 'mul'> <InPorts = 2> <OutPorts = 1>
ST_4 : Operation 50 [2/3] (1.05ns) (grouped into DSP with root node add_ln2101_1)   --->   "%mul_ln2101_1 = mul i18 %zext_ln2095, i18 601" [G:/Project-Workspace/zynq-7020-video-pipe-3/hw/video-pipe-hw-v3/hw_011223.runs/bd_8126_hsc_0_synth_1/prj/sol/.autopilot/db/v_hscaler.cpp:2101]   --->   Operation 50 'mul' 'mul_ln2101_1' <Predicate = true> <Delay = 1.05> <CoreInst = "DSP48">   --->   Core 119 'DSP48' <Latency = 3> <II = 1> <Delay = 2.15> <IPBlock> <Opcode : '' 'add' 'sub' 'mul' 'select'> <InPorts = 0> <OutPorts = 1> <Sync> <CReg>
ST_4 : Operation 51 [1/3] (0.00ns) (grouped into DSP with root node add_ln2101)   --->   "%mul_ln2101_2 = mul i15 %zext_ln2094_1, i15 117" [G:/Project-Workspace/zynq-7020-video-pipe-3/hw/video-pipe-hw-v3/hw_011223.runs/bd_8126_hsc_0_synth_1/prj/sol/.autopilot/db/v_hscaler.cpp:2101]   --->   Operation 51 'mul' 'mul_ln2101_2' <Predicate = true> <Delay = 0.00> <CoreInst = "DSP48">   --->   Core 119 'DSP48' <Latency = 3> <II = 1> <Delay = 2.15> <IPBlock> <Opcode : '' 'add' 'sub' 'mul' 'select'> <InPorts = 0> <OutPorts = 1> <Sync> <CReg>
ST_4 : Operation 52 [1/1] (0.00ns) (grouped into DSP with root node add_ln2101)   --->   "%zext_ln2101 = zext i15 %mul_ln2101_2" [G:/Project-Workspace/zynq-7020-video-pipe-3/hw/video-pipe-hw-v3/hw_011223.runs/bd_8126_hsc_0_synth_1/prj/sol/.autopilot/db/v_hscaler.cpp:2101]   --->   Operation 52 'zext' 'zext_ln2101' <Predicate = true> <Delay = 0.00>
ST_4 : Operation 53 [2/2] (2.10ns) (root node of the DSP)   --->   "%add_ln2101 = add i17 %mul_ln2101, i17 %zext_ln2101" [G:/Project-Workspace/zynq-7020-video-pipe-3/hw/video-pipe-hw-v3/hw_011223.runs/bd_8126_hsc_0_synth_1/prj/sol/.autopilot/db/v_hscaler.cpp:2101]   --->   Operation 53 'add' 'add_ln2101' <Predicate = true> <Delay = 2.10> <CoreInst = "DSP48">   --->   Core 119 'DSP48' <Latency = 3> <II = 1> <Delay = 2.15> <IPBlock> <Opcode : '' 'add' 'sub' 'mul' 'select'> <InPorts = 0> <OutPorts = 1> <Sync> <CReg>

State 5 <SV = 4> <Delay = 4.20>
ST_5 : Operation 54 [1/2] (3.34ns)   --->   "%mul_ln2096 = mul i20 %sext_ln2094, i20 1733" [G:/Project-Workspace/zynq-7020-video-pipe-3/hw/video-pipe-hw-v3/hw_011223.runs/bd_8126_hsc_0_synth_1/prj/sol/.autopilot/db/v_hscaler.cpp:2096]   --->   Operation 54 'mul' 'mul_ln2096' <Predicate = (cmp74_read)> <Delay = 3.34> <CoreInst = "Multiplier">   --->   Core 3 'Multiplier' <Latency = 1> <II = 1> <Delay = 3.34> <FuncUnit> <Opcode : 'mul'> <InPorts = 2> <OutPorts = 1>
ST_5 : Operation 55 [1/1] (0.00ns)   --->   "%trunc_ln = partselect i10 @_ssdm_op_PartSelect.i10.i20.i32.i32, i20 %mul_ln2096, i32 10, i32 19" [G:/Project-Workspace/zynq-7020-video-pipe-3/hw/video-pipe-hw-v3/hw_011223.runs/bd_8126_hsc_0_synth_1/prj/sol/.autopilot/db/v_hscaler.cpp:2096]   --->   Operation 55 'partselect' 'trunc_ln' <Predicate = (cmp74_read)> <Delay = 0.00>
ST_5 : Operation 56 [2/3] (1.05ns) (grouped into DSP with root node add_ln2097)   --->   "%mul_ln2097 = mul i18 %sext_ln2095_1, i18 404" [G:/Project-Workspace/zynq-7020-video-pipe-3/hw/video-pipe-hw-v3/hw_011223.runs/bd_8126_hsc_0_synth_1/prj/sol/.autopilot/db/v_hscaler.cpp:2097]   --->   Operation 56 'mul' 'mul_ln2097' <Predicate = (cmp74_read)> <Delay = 1.05> <CoreInst = "DSP48">   --->   Core 119 'DSP48' <Latency = 3> <II = 1> <Delay = 2.15> <IPBlock> <Opcode : '' 'add' 'sub' 'mul' 'select'> <InPorts = 0> <OutPorts = 1> <Sync> <CReg>
ST_5 : Operation 57 [1/2] (3.34ns)   --->   "%mul_ln2097_1 = mul i18 %sext_ln2097, i18 595" [G:/Project-Workspace/zynq-7020-video-pipe-3/hw/video-pipe-hw-v3/hw_011223.runs/bd_8126_hsc_0_synth_1/prj/sol/.autopilot/db/v_hscaler.cpp:2097]   --->   Operation 57 'mul' 'mul_ln2097_1' <Predicate = (cmp74_read)> <Delay = 3.34> <CoreInst = "Multiplier">   --->   Core 3 'Multiplier' <Latency = 1> <II = 1> <Delay = 3.34> <FuncUnit> <Opcode : 'mul'> <InPorts = 2> <OutPorts = 1>
ST_5 : Operation 58 [1/3] (0.00ns) (grouped into DSP with root node add_ln2101_1)   --->   "%mul_ln2101_1 = mul i18 %zext_ln2095, i18 601" [G:/Project-Workspace/zynq-7020-video-pipe-3/hw/video-pipe-hw-v3/hw_011223.runs/bd_8126_hsc_0_synth_1/prj/sol/.autopilot/db/v_hscaler.cpp:2101]   --->   Operation 58 'mul' 'mul_ln2101_1' <Predicate = true> <Delay = 0.00> <CoreInst = "DSP48">   --->   Core 119 'DSP48' <Latency = 3> <II = 1> <Delay = 2.15> <IPBlock> <Opcode : '' 'add' 'sub' 'mul' 'select'> <InPorts = 0> <OutPorts = 1> <Sync> <CReg>
ST_5 : Operation 59 [1/2] (2.10ns) (root node of the DSP)   --->   "%add_ln2101 = add i17 %mul_ln2101, i17 %zext_ln2101" [G:/Project-Workspace/zynq-7020-video-pipe-3/hw/video-pipe-hw-v3/hw_011223.runs/bd_8126_hsc_0_synth_1/prj/sol/.autopilot/db/v_hscaler.cpp:2101]   --->   Operation 59 'add' 'add_ln2101' <Predicate = true> <Delay = 2.10> <CoreInst = "DSP48">   --->   Core 119 'DSP48' <Latency = 3> <II = 1> <Delay = 2.15> <IPBlock> <Opcode : '' 'add' 'sub' 'mul' 'select'> <InPorts = 0> <OutPorts = 1> <Sync> <CReg>
ST_5 : Operation 60 [1/1] (0.00ns)   --->   "%zext_ln2101_1 = zext i17 %add_ln2101" [G:/Project-Workspace/zynq-7020-video-pipe-3/hw/video-pipe-hw-v3/hw_011223.runs/bd_8126_hsc_0_synth_1/prj/sol/.autopilot/db/v_hscaler.cpp:2101]   --->   Operation 60 'zext' 'zext_ln2101_1' <Predicate = true> <Delay = 0.00>
ST_5 : Operation 61 [2/2] (2.10ns) (root node of the DSP)   --->   "%add_ln2101_1 = add i18 %zext_ln2101_1, i18 %mul_ln2101_1" [G:/Project-Workspace/zynq-7020-video-pipe-3/hw/video-pipe-hw-v3/hw_011223.runs/bd_8126_hsc_0_synth_1/prj/sol/.autopilot/db/v_hscaler.cpp:2101]   --->   Operation 61 'add' 'add_ln2101_1' <Predicate = true> <Delay = 2.10> <CoreInst = "DSP48">   --->   Core 119 'DSP48' <Latency = 3> <II = 1> <Delay = 2.15> <IPBlock> <Opcode : '' 'add' 'sub' 'mul' 'select'> <InPorts = 0> <OutPorts = 1> <Sync> <CReg>

State 6 <SV = 5> <Delay = 4.43>
ST_6 : Operation 62 [1/1] (0.00ns)   --->   "%zext_ln2094 = zext i8 %tmp" [G:/Project-Workspace/zynq-7020-video-pipe-3/hw/video-pipe-hw-v3/hw_011223.runs/bd_8126_hsc_0_synth_1/prj/sol/.autopilot/db/v_hscaler.cpp:2094]   --->   Operation 62 'zext' 'zext_ln2094' <Predicate = (!cmp74_read)> <Delay = 0.00>
ST_6 : Operation 63 [1/1] (0.00ns)   --->   "%sext_ln2095 = sext i8 %Cb" [G:/Project-Workspace/zynq-7020-video-pipe-3/hw/video-pipe-hw-v3/hw_011223.runs/bd_8126_hsc_0_synth_1/prj/sol/.autopilot/db/v_hscaler.cpp:2095]   --->   Operation 63 'sext' 'sext_ln2095' <Predicate = (cmp74_read)> <Delay = 0.00>
ST_6 : Operation 64 [1/1] (0.00ns)   --->   "%zext_ln2096 = zext i8 %r_y" [G:/Project-Workspace/zynq-7020-video-pipe-3/hw/video-pipe-hw-v3/hw_011223.runs/bd_8126_hsc_0_synth_1/prj/sol/.autopilot/db/v_hscaler.cpp:2096]   --->   Operation 64 'zext' 'zext_ln2096' <Predicate = (!cmp74_read)> <Delay = 0.00>
ST_6 : Operation 65 [1/1] (0.00ns)   --->   "%zext_ln2096_4 = zext i8 %r_y" [G:/Project-Workspace/zynq-7020-video-pipe-3/hw/video-pipe-hw-v3/hw_011223.runs/bd_8126_hsc_0_synth_1/prj/sol/.autopilot/db/v_hscaler.cpp:2096]   --->   Operation 65 'zext' 'zext_ln2096_4' <Predicate = (cmp74_read)> <Delay = 0.00>
ST_6 : Operation 66 [1/1] (0.00ns)   --->   "%sext_ln2096 = sext i10 %trunc_ln" [G:/Project-Workspace/zynq-7020-video-pipe-3/hw/video-pipe-hw-v3/hw_011223.runs/bd_8126_hsc_0_synth_1/prj/sol/.autopilot/db/v_hscaler.cpp:2096]   --->   Operation 66 'sext' 'sext_ln2096' <Predicate = (cmp74_read)> <Delay = 0.00>
ST_6 : Operation 67 [1/1] (1.73ns)   --->   "%r = add i11 %sext_ln2096, i11 %zext_ln2096_4" [G:/Project-Workspace/zynq-7020-video-pipe-3/hw/video-pipe-hw-v3/hw_011223.runs/bd_8126_hsc_0_synth_1/prj/sol/.autopilot/db/v_hscaler.cpp:2096]   --->   Operation 67 'add' 'r' <Predicate = (cmp74_read)> <Delay = 1.73> <CoreInst = "Adder">   --->   Core 1 'Adder' <Latency = 0> <II = 1> <Delay = 1.73> <FuncUnit> <Opcode : 'add' 'sub'> <InPorts = 2> <OutPorts = 1>
ST_6 : Operation 68 [1/3] (0.00ns) (grouped into DSP with root node add_ln2097)   --->   "%mul_ln2097 = mul i18 %sext_ln2095_1, i18 404" [G:/Project-Workspace/zynq-7020-video-pipe-3/hw/video-pipe-hw-v3/hw_011223.runs/bd_8126_hsc_0_synth_1/prj/sol/.autopilot/db/v_hscaler.cpp:2097]   --->   Operation 68 'mul' 'mul_ln2097' <Predicate = (cmp74_read)> <Delay = 0.00> <CoreInst = "DSP48">   --->   Core 119 'DSP48' <Latency = 3> <II = 1> <Delay = 2.15> <IPBlock> <Opcode : '' 'add' 'sub' 'mul' 'select'> <InPorts = 0> <OutPorts = 1> <Sync> <CReg>
ST_6 : Operation 69 [2/2] (2.10ns) (root node of the DSP)   --->   "%add_ln2097 = add i18 %mul_ln2097_1, i18 %mul_ln2097" [G:/Project-Workspace/zynq-7020-video-pipe-3/hw/video-pipe-hw-v3/hw_011223.runs/bd_8126_hsc_0_synth_1/prj/sol/.autopilot/db/v_hscaler.cpp:2097]   --->   Operation 69 'add' 'add_ln2097' <Predicate = (cmp74_read)> <Delay = 2.10> <CoreInst = "DSP48">   --->   Core 119 'DSP48' <Latency = 3> <II = 1> <Delay = 2.15> <IPBlock> <Opcode : '' 'add' 'sub' 'mul' 'select'> <InPorts = 0> <OutPorts = 1> <Sync> <CReg>
ST_6 : Operation 70 [2/2] (3.34ns)   --->   "%mul_ln2098 = mul i21 %sext_ln2095, i21 2081" [G:/Project-Workspace/zynq-7020-video-pipe-3/hw/video-pipe-hw-v3/hw_011223.runs/bd_8126_hsc_0_synth_1/prj/sol/.autopilot/db/v_hscaler.cpp:2098]   --->   Operation 70 'mul' 'mul_ln2098' <Predicate = (cmp74_read)> <Delay = 3.34> <CoreInst = "Multiplier">   --->   Core 3 'Multiplier' <Latency = 1> <II = 1> <Delay = 3.34> <FuncUnit> <Opcode : 'mul'> <InPorts = 2> <OutPorts = 1>
ST_6 : Operation 71 [1/2] (2.10ns) (root node of the DSP)   --->   "%add_ln2101_1 = add i18 %zext_ln2101_1, i18 %mul_ln2101_1" [G:/Project-Workspace/zynq-7020-video-pipe-3/hw/video-pipe-hw-v3/hw_011223.runs/bd_8126_hsc_0_synth_1/prj/sol/.autopilot/db/v_hscaler.cpp:2101]   --->   Operation 71 'add' 'add_ln2101_1' <Predicate = true> <Delay = 2.10> <CoreInst = "DSP48">   --->   Core 119 'DSP48' <Latency = 3> <II = 1> <Delay = 2.15> <IPBlock> <Opcode : '' 'add' 'sub' 'mul' 'select'> <InPorts = 0> <OutPorts = 1> <Sync> <CReg>
ST_6 : Operation 72 [1/1] (0.00ns)   --->   "%tmp_2 = partselect i8 @_ssdm_op_PartSelect.i8.i18.i32.i32, i18 %add_ln2101_1, i32 10, i32 17" [G:/Project-Workspace/zynq-7020-video-pipe-3/hw/video-pipe-hw-v3/hw_011223.runs/bd_8126_hsc_0_synth_1/prj/sol/.autopilot/db/v_hscaler.cpp:2101]   --->   Operation 72 'partselect' 'tmp_2' <Predicate = true> <Delay = 0.00>
ST_6 : Operation 73 [1/1] (0.00ns)   --->   "%zext_ln2101_2 = zext i8 %tmp_2" [G:/Project-Workspace/zynq-7020-video-pipe-3/hw/video-pipe-hw-v3/hw_011223.runs/bd_8126_hsc_0_synth_1/prj/sol/.autopilot/db/v_hscaler.cpp:2101]   --->   Operation 73 'zext' 'zext_ln2101_2' <Predicate = (!cmp74_read)> <Delay = 0.00>
ST_6 : Operation 74 [1/1] (0.00ns)   --->   "%zext_ln2101_3 = zext i8 %tmp_2" [G:/Project-Workspace/zynq-7020-video-pipe-3/hw/video-pipe-hw-v3/hw_011223.runs/bd_8126_hsc_0_synth_1/prj/sol/.autopilot/db/v_hscaler.cpp:2101]   --->   Operation 74 'zext' 'zext_ln2101_3' <Predicate = true> <Delay = 0.00>
ST_6 : Operation 75 [1/1] (1.91ns)   --->   "%sub_ln2102 = sub i9 %zext_ln2094, i9 %zext_ln2101_3" [G:/Project-Workspace/zynq-7020-video-pipe-3/hw/video-pipe-hw-v3/hw_011223.runs/bd_8126_hsc_0_synth_1/prj/sol/.autopilot/db/v_hscaler.cpp:2102]   --->   Operation 75 'sub' 'sub_ln2102' <Predicate = (!cmp74_read)> <Delay = 1.91> <CoreInst = "Adder">   --->   Core 1 'Adder' <Latency = 0> <II = 1> <Delay = 1.91> <FuncUnit> <Opcode : 'add' 'sub'> <InPorts = 2> <OutPorts = 1>
ST_6 : Operation 76 [1/1] (1.91ns)   --->   "%sub_ln2103 = sub i9 %zext_ln2096, i9 %zext_ln2101_3" [G:/Project-Workspace/zynq-7020-video-pipe-3/hw/video-pipe-hw-v3/hw_011223.runs/bd_8126_hsc_0_synth_1/prj/sol/.autopilot/db/v_hscaler.cpp:2103]   --->   Operation 76 'sub' 'sub_ln2103' <Predicate = (!cmp74_read)> <Delay = 1.91> <CoreInst = "Adder">   --->   Core 1 'Adder' <Latency = 0> <II = 1> <Delay = 1.91> <FuncUnit> <Opcode : 'add' 'sub'> <InPorts = 2> <OutPorts = 1>
ST_6 : Operation 77 [1/1] (0.69ns)   --->   "%select_ln2105 = select i1 %cmp74_read, i11 %r, i11 %zext_ln2101_2" [G:/Project-Workspace/zynq-7020-video-pipe-3/hw/video-pipe-hw-v3/hw_011223.runs/bd_8126_hsc_0_synth_1/prj/sol/.autopilot/db/v_hscaler.cpp:2105]   --->   Operation 77 'select' 'select_ln2105' <Predicate = true> <Delay = 0.69> <CoreInst = "Sel">   --->   Core 73 'Sel' <Latency = 0> <II = 1> <Delay = 0.69> <FuncUnit> <Opcode : 'select'> <InPorts = 3> <OutPorts = 1>
ST_6 : Operation 78 [1/1] (0.00ns)   --->   "%trunc_ln2105 = trunc i11 %select_ln2105" [G:/Project-Workspace/zynq-7020-video-pipe-3/hw/video-pipe-hw-v3/hw_011223.runs/bd_8126_hsc_0_synth_1/prj/sol/.autopilot/db/v_hscaler.cpp:2105]   --->   Operation 78 'trunc' 'trunc_ln2105' <Predicate = true> <Delay = 0.00>
ST_6 : Operation 79 [1/1] (1.63ns)   --->   "%icmp_ln2105 = icmp_slt  i11 %select_ln2105, i11 255" [G:/Project-Workspace/zynq-7020-video-pipe-3/hw/video-pipe-hw-v3/hw_011223.runs/bd_8126_hsc_0_synth_1/prj/sol/.autopilot/db/v_hscaler.cpp:2105]   --->   Operation 79 'icmp' 'icmp_ln2105' <Predicate = true> <Delay = 1.63> <CoreInst = "Cmp">   --->   Core 9 'Cmp' <Latency = 0> <II = 1> <Delay = 1.63> <FuncUnit> <Opcode : 'icmp'> <InPorts = 2> <OutPorts = 1>

State 7 <SV = 6> <Delay = 4.98>
ST_7 : Operation 80 [1/1] (0.00ns)   --->   "%zext_ln2096_2 = zext i8 %r_y" [G:/Project-Workspace/zynq-7020-video-pipe-3/hw/video-pipe-hw-v3/hw_011223.runs/bd_8126_hsc_0_synth_1/prj/sol/.autopilot/db/v_hscaler.cpp:2096]   --->   Operation 80 'zext' 'zext_ln2096_2' <Predicate = (cmp74_read)> <Delay = 0.00>
ST_7 : Operation 81 [1/1] (0.00ns)   --->   "%zext_ln2096_3 = zext i8 %r_y" [G:/Project-Workspace/zynq-7020-video-pipe-3/hw/video-pipe-hw-v3/hw_011223.runs/bd_8126_hsc_0_synth_1/prj/sol/.autopilot/db/v_hscaler.cpp:2096]   --->   Operation 81 'zext' 'zext_ln2096_3' <Predicate = (cmp74_read)> <Delay = 0.00>
ST_7 : Operation 82 [1/2] (2.10ns) (root node of the DSP)   --->   "%add_ln2097 = add i18 %mul_ln2097_1, i18 %mul_ln2097" [G:/Project-Workspace/zynq-7020-video-pipe-3/hw/video-pipe-hw-v3/hw_011223.runs/bd_8126_hsc_0_synth_1/prj/sol/.autopilot/db/v_hscaler.cpp:2097]   --->   Operation 82 'add' 'add_ln2097' <Predicate = (cmp74_read)> <Delay = 2.10> <CoreInst = "DSP48">   --->   Core 119 'DSP48' <Latency = 3> <II = 1> <Delay = 2.15> <IPBlock> <Opcode : '' 'add' 'sub' 'mul' 'select'> <InPorts = 0> <OutPorts = 1> <Sync> <CReg>
ST_7 : Operation 83 [1/1] (0.00ns)   --->   "%trunc_ln6 = partselect i8 @_ssdm_op_PartSelect.i8.i18.i32.i32, i18 %add_ln2097, i32 10, i32 17" [G:/Project-Workspace/zynq-7020-video-pipe-3/hw/video-pipe-hw-v3/hw_011223.runs/bd_8126_hsc_0_synth_1/prj/sol/.autopilot/db/v_hscaler.cpp:2097]   --->   Operation 83 'partselect' 'trunc_ln6' <Predicate = (cmp74_read)> <Delay = 0.00>
ST_7 : Operation 84 [1/1] (0.00ns)   --->   "%sext_ln2097_1 = sext i8 %trunc_ln6" [G:/Project-Workspace/zynq-7020-video-pipe-3/hw/video-pipe-hw-v3/hw_011223.runs/bd_8126_hsc_0_synth_1/prj/sol/.autopilot/db/v_hscaler.cpp:2097]   --->   Operation 84 'sext' 'sext_ln2097_1' <Predicate = (cmp74_read)> <Delay = 0.00>
ST_7 : Operation 85 [1/1] (1.91ns)   --->   "%g = sub i10 %zext_ln2096_3, i10 %sext_ln2097_1" [G:/Project-Workspace/zynq-7020-video-pipe-3/hw/video-pipe-hw-v3/hw_011223.runs/bd_8126_hsc_0_synth_1/prj/sol/.autopilot/db/v_hscaler.cpp:2097]   --->   Operation 85 'sub' 'g' <Predicate = (cmp74_read)> <Delay = 1.91> <CoreInst = "Adder">   --->   Core 1 'Adder' <Latency = 0> <II = 1> <Delay = 1.91> <FuncUnit> <Opcode : 'add' 'sub'> <InPorts = 2> <OutPorts = 1>
ST_7 : Operation 86 [1/2] (3.34ns)   --->   "%mul_ln2098 = mul i21 %sext_ln2095, i21 2081" [G:/Project-Workspace/zynq-7020-video-pipe-3/hw/video-pipe-hw-v3/hw_011223.runs/bd_8126_hsc_0_synth_1/prj/sol/.autopilot/db/v_hscaler.cpp:2098]   --->   Operation 86 'mul' 'mul_ln2098' <Predicate = (cmp74_read)> <Delay = 3.34> <CoreInst = "Multiplier">   --->   Core 3 'Multiplier' <Latency = 1> <II = 1> <Delay = 3.34> <FuncUnit> <Opcode : 'mul'> <InPorts = 2> <OutPorts = 1>
ST_7 : Operation 87 [1/1] (0.00ns)   --->   "%trunc_ln7 = partselect i11 @_ssdm_op_PartSelect.i11.i21.i32.i32, i21 %mul_ln2098, i32 10, i32 20" [G:/Project-Workspace/zynq-7020-video-pipe-3/hw/video-pipe-hw-v3/hw_011223.runs/bd_8126_hsc_0_synth_1/prj/sol/.autopilot/db/v_hscaler.cpp:2098]   --->   Operation 87 'partselect' 'trunc_ln7' <Predicate = (cmp74_read)> <Delay = 0.00>
ST_7 : Operation 88 [1/1] (0.00ns)   --->   "%sext_ln2098 = sext i11 %trunc_ln7" [G:/Project-Workspace/zynq-7020-video-pipe-3/hw/video-pipe-hw-v3/hw_011223.runs/bd_8126_hsc_0_synth_1/prj/sol/.autopilot/db/v_hscaler.cpp:2098]   --->   Operation 88 'sext' 'sext_ln2098' <Predicate = (cmp74_read)> <Delay = 0.00>
ST_7 : Operation 89 [1/1] (1.63ns)   --->   "%b = add i12 %sext_ln2098, i12 %zext_ln2096_2" [G:/Project-Workspace/zynq-7020-video-pipe-3/hw/video-pipe-hw-v3/hw_011223.runs/bd_8126_hsc_0_synth_1/prj/sol/.autopilot/db/v_hscaler.cpp:2098]   --->   Operation 89 'add' 'b' <Predicate = (cmp74_read)> <Delay = 1.63> <CoreInst = "Adder">   --->   Core 1 'Adder' <Latency = 0> <II = 1> <Delay = 1.63> <FuncUnit> <Opcode : 'add' 'sub'> <InPorts = 2> <OutPorts = 1>
ST_7 : Operation 90 [1/1] (0.00ns)   --->   "%shl_ln = bitconcatenate i18 @_ssdm_op_BitConcatenate.i18.i9.i9, i9 %sub_ln2102, i9 0" [G:/Project-Workspace/zynq-7020-video-pipe-3/hw/video-pipe-hw-v3/hw_011223.runs/bd_8126_hsc_0_synth_1/prj/sol/.autopilot/db/v_hscaler.cpp:2102]   --->   Operation 90 'bitconcatenate' 'shl_ln' <Predicate = (!cmp74_read)> <Delay = 0.00>
ST_7 : Operation 91 [1/1] (0.00ns)   --->   "%sext_ln2102 = sext i18 %shl_ln" [G:/Project-Workspace/zynq-7020-video-pipe-3/hw/video-pipe-hw-v3/hw_011223.runs/bd_8126_hsc_0_synth_1/prj/sol/.autopilot/db/v_hscaler.cpp:2102]   --->   Operation 91 'sext' 'sext_ln2102' <Predicate = (!cmp74_read)> <Delay = 0.00>
ST_7 : Operation 92 [1/1] (0.00ns)   --->   "%shl_ln2102_1 = bitconcatenate i12 @_ssdm_op_BitConcatenate.i12.i9.i3, i9 %sub_ln2102, i3 0" [G:/Project-Workspace/zynq-7020-video-pipe-3/hw/video-pipe-hw-v3/hw_011223.runs/bd_8126_hsc_0_synth_1/prj/sol/.autopilot/db/v_hscaler.cpp:2102]   --->   Operation 92 'bitconcatenate' 'shl_ln2102_1' <Predicate = (!cmp74_read)> <Delay = 0.00>
ST_7 : Operation 93 [1/1] (0.00ns)   --->   "%sext_ln2102_1 = sext i12 %shl_ln2102_1" [G:/Project-Workspace/zynq-7020-video-pipe-3/hw/video-pipe-hw-v3/hw_011223.runs/bd_8126_hsc_0_synth_1/prj/sol/.autopilot/db/v_hscaler.cpp:2102]   --->   Operation 93 'sext' 'sext_ln2102_1' <Predicate = (!cmp74_read)> <Delay = 0.00>
ST_7 : Operation 94 [1/1] (2.13ns)   --->   "%sub_ln2102_1 = sub i19 %sext_ln2102, i19 %sext_ln2102_1" [G:/Project-Workspace/zynq-7020-video-pipe-3/hw/video-pipe-hw-v3/hw_011223.runs/bd_8126_hsc_0_synth_1/prj/sol/.autopilot/db/v_hscaler.cpp:2102]   --->   Operation 94 'sub' 'sub_ln2102_1' <Predicate = (!cmp74_read)> <Delay = 2.13> <CoreInst = "Adder">   --->   Core 1 'Adder' <Latency = 0> <II = 1> <Delay = 2.13> <FuncUnit> <Opcode : 'add' 'sub'> <InPorts = 2> <OutPorts = 1>
ST_7 : Operation 95 [1/1] (0.00ns)   --->   "%trunc_ln8 = partselect i9 @_ssdm_op_PartSelect.i9.i19.i32.i32, i19 %sub_ln2102_1, i32 10, i32 18" [G:/Project-Workspace/zynq-7020-video-pipe-3/hw/video-pipe-hw-v3/hw_011223.runs/bd_8126_hsc_0_synth_1/prj/sol/.autopilot/db/v_hscaler.cpp:2102]   --->   Operation 95 'partselect' 'trunc_ln8' <Predicate = (!cmp74_read)> <Delay = 0.00>
ST_7 : Operation 96 [1/1] (0.00ns)   --->   "%sext_ln2103 = sext i9 %sub_ln2103" [G:/Project-Workspace/zynq-7020-video-pipe-3/hw/video-pipe-hw-v3/hw_011223.runs/bd_8126_hsc_0_synth_1/prj/sol/.autopilot/db/v_hscaler.cpp:2103]   --->   Operation 96 'sext' 'sext_ln2103' <Predicate = (!cmp74_read)> <Delay = 0.00>
ST_7 : Operation 97 [2/2] (3.34ns)   --->   "%mul_ln2103 = mul i20 %sext_ln2103, i20 898" [G:/Project-Workspace/zynq-7020-video-pipe-3/hw/video-pipe-hw-v3/hw_011223.runs/bd_8126_hsc_0_synth_1/prj/sol/.autopilot/db/v_hscaler.cpp:2103]   --->   Operation 97 'mul' 'mul_ln2103' <Predicate = (!cmp74_read)> <Delay = 3.34> <CoreInst = "Multiplier">   --->   Core 3 'Multiplier' <Latency = 1> <II = 1> <Delay = 3.34> <FuncUnit> <Opcode : 'mul'> <InPorts = 2> <OutPorts = 1>
ST_7 : Operation 98 [1/1] (0.68ns)   --->   "%select_ln2105_1 = select i1 %icmp_ln2105, i10 %trunc_ln2105, i10 255" [G:/Project-Workspace/zynq-7020-video-pipe-3/hw/video-pipe-hw-v3/hw_011223.runs/bd_8126_hsc_0_synth_1/prj/sol/.autopilot/db/v_hscaler.cpp:2105]   --->   Operation 98 'select' 'select_ln2105_1' <Predicate = true> <Delay = 0.68> <CoreInst = "Sel">   --->   Core 73 'Sel' <Latency = 0> <II = 1> <Delay = 0.68> <FuncUnit> <Opcode : 'select'> <InPorts = 3> <OutPorts = 1>
ST_7 : Operation 99 [1/1] (1.73ns)   --->   "%icmp_ln2105_1 = icmp_sgt  i10 %select_ln2105_1, i10 0" [G:/Project-Workspace/zynq-7020-video-pipe-3/hw/video-pipe-hw-v3/hw_011223.runs/bd_8126_hsc_0_synth_1/prj/sol/.autopilot/db/v_hscaler.cpp:2105]   --->   Operation 99 'icmp' 'icmp_ln2105_1' <Predicate = true> <Delay = 1.73> <CoreInst = "Cmp">   --->   Core 9 'Cmp' <Latency = 0> <II = 1> <Delay = 1.73> <FuncUnit> <Opcode : 'icmp'> <InPorts = 2> <OutPorts = 1>
ST_7 : Operation 100 [1/1] (0.00ns)   --->   "%trunc_ln2105_1 = trunc i10 %select_ln2105_1" [G:/Project-Workspace/zynq-7020-video-pipe-3/hw/video-pipe-hw-v3/hw_011223.runs/bd_8126_hsc_0_synth_1/prj/sol/.autopilot/db/v_hscaler.cpp:2105]   --->   Operation 100 'trunc' 'trunc_ln2105_1' <Predicate = true> <Delay = 0.00>
ST_7 : Operation 101 [1/1] (1.24ns)   --->   "%select_ln2105_2 = select i1 %icmp_ln2105_1, i8 %trunc_ln2105_1, i8 0" [G:/Project-Workspace/zynq-7020-video-pipe-3/hw/video-pipe-hw-v3/hw_011223.runs/bd_8126_hsc_0_synth_1/prj/sol/.autopilot/db/v_hscaler.cpp:2105]   --->   Operation 101 'select' 'select_ln2105_2' <Predicate = true> <Delay = 1.24> <CoreInst = "Sel">   --->   Core 73 'Sel' <Latency = 0> <II = 1> <Delay = 1.24> <FuncUnit> <Opcode : 'select'> <InPorts = 3> <OutPorts = 1>

State 8 <SV = 7> <Delay = 5.08>
ST_8 : Operation 102 [1/1] (0.00ns)   --->   "%sext_ln2102_2 = sext i9 %trunc_ln8" [G:/Project-Workspace/zynq-7020-video-pipe-3/hw/video-pipe-hw-v3/hw_011223.runs/bd_8126_hsc_0_synth_1/prj/sol/.autopilot/db/v_hscaler.cpp:2102]   --->   Operation 102 'sext' 'sext_ln2102_2' <Predicate = (!cmp74_read)> <Delay = 0.00>
ST_8 : Operation 103 [1/1] (1.82ns)   --->   "%u = add i10 %sext_ln2102_2, i10 128" [G:/Project-Workspace/zynq-7020-video-pipe-3/hw/video-pipe-hw-v3/hw_011223.runs/bd_8126_hsc_0_synth_1/prj/sol/.autopilot/db/v_hscaler.cpp:2102]   --->   Operation 103 'add' 'u' <Predicate = (!cmp74_read)> <Delay = 1.82> <CoreInst = "Adder">   --->   Core 1 'Adder' <Latency = 0> <II = 1> <Delay = 1.82> <FuncUnit> <Opcode : 'add' 'sub'> <InPorts = 2> <OutPorts = 1>
ST_8 : Operation 104 [1/2] (3.34ns)   --->   "%mul_ln2103 = mul i20 %sext_ln2103, i20 898" [G:/Project-Workspace/zynq-7020-video-pipe-3/hw/video-pipe-hw-v3/hw_011223.runs/bd_8126_hsc_0_synth_1/prj/sol/.autopilot/db/v_hscaler.cpp:2103]   --->   Operation 104 'mul' 'mul_ln2103' <Predicate = (!cmp74_read)> <Delay = 3.34> <CoreInst = "Multiplier">   --->   Core 3 'Multiplier' <Latency = 1> <II = 1> <Delay = 3.34> <FuncUnit> <Opcode : 'mul'> <InPorts = 2> <OutPorts = 1>
ST_8 : Operation 105 [1/1] (0.00ns)   --->   "%trunc_ln9 = partselect i10 @_ssdm_op_PartSelect.i10.i20.i32.i32, i20 %mul_ln2103, i32 10, i32 19" [G:/Project-Workspace/zynq-7020-video-pipe-3/hw/video-pipe-hw-v3/hw_011223.runs/bd_8126_hsc_0_synth_1/prj/sol/.autopilot/db/v_hscaler.cpp:2103]   --->   Operation 105 'partselect' 'trunc_ln9' <Predicate = (!cmp74_read)> <Delay = 0.00>
ST_8 : Operation 106 [1/1] (0.00ns)   --->   "%sext_ln2103_1 = sext i10 %trunc_ln9" [G:/Project-Workspace/zynq-7020-video-pipe-3/hw/video-pipe-hw-v3/hw_011223.runs/bd_8126_hsc_0_synth_1/prj/sol/.autopilot/db/v_hscaler.cpp:2103]   --->   Operation 106 'sext' 'sext_ln2103_1' <Predicate = (!cmp74_read)> <Delay = 0.00>
ST_8 : Operation 107 [1/1] (1.73ns)   --->   "%v = add i11 %sext_ln2103_1, i11 128" [G:/Project-Workspace/zynq-7020-video-pipe-3/hw/video-pipe-hw-v3/hw_011223.runs/bd_8126_hsc_0_synth_1/prj/sol/.autopilot/db/v_hscaler.cpp:2103]   --->   Operation 107 'add' 'v' <Predicate = (!cmp74_read)> <Delay = 1.73> <CoreInst = "Adder">   --->   Core 1 'Adder' <Latency = 0> <II = 1> <Delay = 1.73> <FuncUnit> <Opcode : 'add' 'sub'> <InPorts = 2> <OutPorts = 1>
ST_8 : Operation 108 [1/1] (0.68ns)   --->   "%select_ln2107 = select i1 %cmp74_read, i10 %g, i10 %u" [G:/Project-Workspace/zynq-7020-video-pipe-3/hw/video-pipe-hw-v3/hw_011223.runs/bd_8126_hsc_0_synth_1/prj/sol/.autopilot/db/v_hscaler.cpp:2107]   --->   Operation 108 'select' 'select_ln2107' <Predicate = true> <Delay = 0.68> <CoreInst = "Sel">   --->   Core 73 'Sel' <Latency = 0> <II = 1> <Delay = 0.68> <FuncUnit> <Opcode : 'select'> <InPorts = 3> <OutPorts = 1>
ST_8 : Operation 109 [1/1] (0.00ns)   --->   "%trunc_ln2107 = trunc i10 %select_ln2107" [G:/Project-Workspace/zynq-7020-video-pipe-3/hw/video-pipe-hw-v3/hw_011223.runs/bd_8126_hsc_0_synth_1/prj/sol/.autopilot/db/v_hscaler.cpp:2107]   --->   Operation 109 'trunc' 'trunc_ln2107' <Predicate = true> <Delay = 0.00>
ST_8 : Operation 110 [1/1] (1.73ns)   --->   "%icmp_ln2107 = icmp_slt  i10 %select_ln2107, i10 255" [G:/Project-Workspace/zynq-7020-video-pipe-3/hw/video-pipe-hw-v3/hw_011223.runs/bd_8126_hsc_0_synth_1/prj/sol/.autopilot/db/v_hscaler.cpp:2107]   --->   Operation 110 'icmp' 'icmp_ln2107' <Predicate = true> <Delay = 1.73> <CoreInst = "Cmp">   --->   Core 9 'Cmp' <Latency = 0> <II = 1> <Delay = 1.73> <FuncUnit> <Opcode : 'icmp'> <InPorts = 2> <OutPorts = 1>

State 9 <SV = 8> <Delay = 4.57>
ST_9 : Operation 111 [1/1] (0.00ns)   --->   "%sext_ln2103_2 = sext i11 %v" [G:/Project-Workspace/zynq-7020-video-pipe-3/hw/video-pipe-hw-v3/hw_011223.runs/bd_8126_hsc_0_synth_1/prj/sol/.autopilot/db/v_hscaler.cpp:2103]   --->   Operation 111 'sext' 'sext_ln2103_2' <Predicate = (!cmp74_read)> <Delay = 0.00>
ST_9 : Operation 112 [1/1] (0.96ns)   --->   "%select_ln2107_1 = select i1 %icmp_ln2107, i9 %trunc_ln2107, i9 255" [G:/Project-Workspace/zynq-7020-video-pipe-3/hw/video-pipe-hw-v3/hw_011223.runs/bd_8126_hsc_0_synth_1/prj/sol/.autopilot/db/v_hscaler.cpp:2107]   --->   Operation 112 'select' 'select_ln2107_1' <Predicate = true> <Delay = 0.96> <CoreInst = "Sel">   --->   Core 73 'Sel' <Latency = 0> <II = 1> <Delay = 0.96> <FuncUnit> <Opcode : 'select'> <InPorts = 3> <OutPorts = 1>
ST_9 : Operation 113 [1/1] (1.82ns)   --->   "%icmp_ln2107_1 = icmp_sgt  i9 %select_ln2107_1, i9 0" [G:/Project-Workspace/zynq-7020-video-pipe-3/hw/video-pipe-hw-v3/hw_011223.runs/bd_8126_hsc_0_synth_1/prj/sol/.autopilot/db/v_hscaler.cpp:2107]   --->   Operation 113 'icmp' 'icmp_ln2107_1' <Predicate = true> <Delay = 1.82> <CoreInst = "Cmp">   --->   Core 9 'Cmp' <Latency = 0> <II = 1> <Delay = 1.82> <FuncUnit> <Opcode : 'icmp'> <InPorts = 2> <OutPorts = 1>
ST_9 : Operation 114 [1/1] (0.00ns)   --->   "%trunc_ln2107_1 = trunc i9 %select_ln2107_1" [G:/Project-Workspace/zynq-7020-video-pipe-3/hw/video-pipe-hw-v3/hw_011223.runs/bd_8126_hsc_0_synth_1/prj/sol/.autopilot/db/v_hscaler.cpp:2107]   --->   Operation 114 'trunc' 'trunc_ln2107_1' <Predicate = true> <Delay = 0.00>
ST_9 : Operation 115 [1/1] (1.24ns)   --->   "%select_ln2107_2 = select i1 %icmp_ln2107_1, i8 %trunc_ln2107_1, i8 0" [G:/Project-Workspace/zynq-7020-video-pipe-3/hw/video-pipe-hw-v3/hw_011223.runs/bd_8126_hsc_0_synth_1/prj/sol/.autopilot/db/v_hscaler.cpp:2107]   --->   Operation 115 'select' 'select_ln2107_2' <Predicate = true> <Delay = 1.24> <CoreInst = "Sel">   --->   Core 73 'Sel' <Latency = 0> <II = 1> <Delay = 1.24> <FuncUnit> <Opcode : 'select'> <InPorts = 3> <OutPorts = 1>
ST_9 : Operation 116 [1/1] (0.69ns)   --->   "%select_ln2109 = select i1 %cmp74_read, i12 %b, i12 %sext_ln2103_2" [G:/Project-Workspace/zynq-7020-video-pipe-3/hw/video-pipe-hw-v3/hw_011223.runs/bd_8126_hsc_0_synth_1/prj/sol/.autopilot/db/v_hscaler.cpp:2109]   --->   Operation 116 'select' 'select_ln2109' <Predicate = true> <Delay = 0.69> <CoreInst = "Sel">   --->   Core 73 'Sel' <Latency = 0> <II = 1> <Delay = 0.69> <FuncUnit> <Opcode : 'select'> <InPorts = 3> <OutPorts = 1>
ST_9 : Operation 117 [1/1] (0.00ns)   --->   "%trunc_ln2109 = trunc i12 %select_ln2109" [G:/Project-Workspace/zynq-7020-video-pipe-3/hw/video-pipe-hw-v3/hw_011223.runs/bd_8126_hsc_0_synth_1/prj/sol/.autopilot/db/v_hscaler.cpp:2109]   --->   Operation 117 'trunc' 'trunc_ln2109' <Predicate = true> <Delay = 0.00>
ST_9 : Operation 118 [1/1] (1.54ns)   --->   "%icmp_ln2109 = icmp_slt  i12 %select_ln2109, i12 255" [G:/Project-Workspace/zynq-7020-video-pipe-3/hw/video-pipe-hw-v3/hw_011223.runs/bd_8126_hsc_0_synth_1/prj/sol/.autopilot/db/v_hscaler.cpp:2109]   --->   Operation 118 'icmp' 'icmp_ln2109' <Predicate = true> <Delay = 1.54> <CoreInst = "Cmp">   --->   Core 9 'Cmp' <Latency = 0> <II = 1> <Delay = 1.54> <FuncUnit> <Opcode : 'icmp'> <InPorts = 2> <OutPorts = 1>
ST_9 : Operation 119 [1/1] (0.69ns)   --->   "%select_ln2109_1 = select i1 %icmp_ln2109, i11 %trunc_ln2109, i11 255" [G:/Project-Workspace/zynq-7020-video-pipe-3/hw/video-pipe-hw-v3/hw_011223.runs/bd_8126_hsc_0_synth_1/prj/sol/.autopilot/db/v_hscaler.cpp:2109]   --->   Operation 119 'select' 'select_ln2109_1' <Predicate = true> <Delay = 0.69> <CoreInst = "Sel">   --->   Core 73 'Sel' <Latency = 0> <II = 1> <Delay = 0.69> <FuncUnit> <Opcode : 'select'> <InPorts = 3> <OutPorts = 1>
ST_9 : Operation 120 [1/1] (1.63ns)   --->   "%icmp_ln2109_1 = icmp_sgt  i11 %select_ln2109_1, i11 0" [G:/Project-Workspace/zynq-7020-video-pipe-3/hw/video-pipe-hw-v3/hw_011223.runs/bd_8126_hsc_0_synth_1/prj/sol/.autopilot/db/v_hscaler.cpp:2109]   --->   Operation 120 'icmp' 'icmp_ln2109_1' <Predicate = true> <Delay = 1.63> <CoreInst = "Cmp">   --->   Core 9 'Cmp' <Latency = 0> <II = 1> <Delay = 1.63> <FuncUnit> <Opcode : 'icmp'> <InPorts = 2> <OutPorts = 1>
ST_9 : Operation 121 [1/1] (0.00ns)   --->   "%trunc_ln2109_1 = trunc i11 %select_ln2109_1" [G:/Project-Workspace/zynq-7020-video-pipe-3/hw/video-pipe-hw-v3/hw_011223.runs/bd_8126_hsc_0_synth_1/prj/sol/.autopilot/db/v_hscaler.cpp:2109]   --->   Operation 121 'trunc' 'trunc_ln2109_1' <Predicate = true> <Delay = 0.00>
ST_9 : Operation 128 [1/1] (0.00ns)   --->   "%ret_ln0 = ret"   --->   Operation 128 'ret' 'ret_ln0' <Predicate = (icmp_ln2080)> <Delay = 0.00>

State 10 <SV = 9> <Delay = 3.80>
ST_10 : Operation 122 [1/1] (0.00ns)   --->   "%specpipeline_ln2083 = specpipeline void @_ssdm_op_SpecPipeline, i32 4294967295, i32 0, i32 0, i32 0, void @empty_10" [G:/Project-Workspace/zynq-7020-video-pipe-3/hw/video-pipe-hw-v3/hw_011223.runs/bd_8126_hsc_0_synth_1/prj/sol/.autopilot/db/v_hscaler.cpp:2083]   --->   Operation 122 'specpipeline' 'specpipeline_ln2083' <Predicate = true> <Delay = 0.00>
ST_10 : Operation 123 [1/1] (0.00ns)   --->   "%specloopname_ln2080 = specloopname void @_ssdm_op_SpecLoopName, void @empty_30" [G:/Project-Workspace/zynq-7020-video-pipe-3/hw/video-pipe-hw-v3/hw_011223.runs/bd_8126_hsc_0_synth_1/prj/sol/.autopilot/db/v_hscaler.cpp:2080]   --->   Operation 123 'specloopname' 'specloopname_ln2080' <Predicate = true> <Delay = 0.00>
ST_10 : Operation 124 [1/1] (1.24ns)   --->   "%select_ln2109_2 = select i1 %icmp_ln2109_1, i8 %trunc_ln2109_1, i8 0" [G:/Project-Workspace/zynq-7020-video-pipe-3/hw/video-pipe-hw-v3/hw_011223.runs/bd_8126_hsc_0_synth_1/prj/sol/.autopilot/db/v_hscaler.cpp:2109]   --->   Operation 124 'select' 'select_ln2109_2' <Predicate = true> <Delay = 1.24> <CoreInst = "Sel">   --->   Core 73 'Sel' <Latency = 0> <II = 1> <Delay = 1.24> <FuncUnit> <Opcode : 'select'> <InPorts = 3> <OutPorts = 1>
ST_10 : Operation 125 [1/1] (0.00ns)   --->   "%p_0 = bitconcatenate i24 @_ssdm_op_BitConcatenate.i24.i8.i8.i8, i8 %select_ln2109_2, i8 %select_ln2107_2, i8 %select_ln2105_2" [G:/Project-Workspace/zynq-7020-video-pipe-3/hw/video-pipe-hw-v3/hw_011223.runs/bd_8126_hsc_0_synth_1/prj/sol/.autopilot/db/v_hscaler.cpp:2115]   --->   Operation 125 'bitconcatenate' 'p_0' <Predicate = (!bPassThru_read_1)> <Delay = 0.00>
ST_10 : Operation 126 [1/1] (2.55ns)   --->   "%write_ln2115 = write void @_ssdm_op_Write.ap_fifo.volatile.i24P0A, i24 %stream_scaled_csc, i24 %p_0" [G:/Project-Workspace/zynq-7020-video-pipe-3/hw/video-pipe-hw-v3/hw_011223.runs/bd_8126_hsc_0_synth_1/prj/sol/.autopilot/db/v_hscaler.cpp:2115]   --->   Operation 126 'write' 'write_ln2115' <Predicate = (!bPassThru_read_1)> <Delay = 2.55> <CoreInst = "FIFO_SRL">   --->   Core 81 'FIFO_SRL' <Latency = 0> <II = 1> <Delay = 3.80> <Storage> <Opcode : 'read' 'write' 'nbread' 'nbwrite'> <Ports = 0> <Width = 24> <Depth = 16> <FIFO>
ST_10 : Operation 127 [1/1] (0.00ns)   --->   "%br_ln0 = br void %for.inc206"   --->   Operation 127 'br' 'br_ln0' <Predicate = (!bPassThru_read_1)> <Delay = 0.00>


============================================================
+ Verbose Summary: Binding
============================================================
STG Binding: 
---------------- STG Properties BEGIN ----------------
- Is combinational: 0
- Is one-state seq: 0
- Is datapath-only: 0
- Is pipelined: 0
- Is top level: 0
Port [ Return ] is wired: 1; IO mode=ap_ctrl_hs:ce=0
Port [ empty]:  wired=1; compound=0; hidden=0; nouse=0; global=0; static=0; extern=0; dir=0; type=0; pingpong=0; private_global=0; IO mode=ap_stable:ce=0
Port [ stream_scaled_csc]:  wired=1; compound=1; hidden=0; nouse=0; global=0; static=0; extern=0; dir=1; type=3; pingpong=0; private_global=0; IO mode=ap_fifo:ce=0
Port [ stream_scaled]:  wired=1; compound=1; hidden=0; nouse=0; global=0; static=0; extern=0; dir=0; type=3; pingpong=0; private_global=0; IO mode=ap_fifo:ce=0
Port [ cmp74]:  wired=1; compound=0; hidden=0; nouse=0; global=0; static=0; extern=0; dir=0; type=0; pingpong=0; private_global=0; IO mode=ap_none:ce=0
Port [ bPassThru_read]:  wired=1; compound=0; hidden=0; nouse=0; global=0; static=0; extern=0; dir=0; type=0; pingpong=0; private_global=0; IO mode=ap_none:ce=0
---------------- STG Properties END ------------------

---------------- Datapath Model BEGIN ----------------

<LifeTime>
<method=bitvector/>
x                     (alloca           ) [ 01000000000]
specinterface_ln0     (specinterface    ) [ 00000000000]
specinterface_ln0     (specinterface    ) [ 00000000000]
bPassThru_read_1      (read             ) [ 01111111111]
cmp74_read            (read             ) [ 01111111110]
tmp_3                 (read             ) [ 00000000000]
store_ln2071          (store            ) [ 00000000000]
br_ln0                (br               ) [ 00000000000]
x_3                   (load             ) [ 00000000000]
icmp_ln2080           (icmp             ) [ 01111111110]
speclooptripcount_ln0 (speclooptripcount) [ 00000000000]
x_4                   (add              ) [ 00000000000]
br_ln2080             (br               ) [ 00000000000]
br_ln2112             (br               ) [ 00000000000]
store_ln2071          (store            ) [ 00000000000]
br_ln2080             (br               ) [ 00000000000]
stream_scaled_read    (read             ) [ 00000000000]
r_y                   (trunc            ) [ 01011111000]
g_u                   (partselect       ) [ 01011000000]
tmp                   (partselect       ) [ 01011110000]
zext_ln2094_1         (zext             ) [ 01011000000]
write_ln2113          (write            ) [ 00000000000]
br_ln2113             (br               ) [ 00000000000]
zext_ln2095           (zext             ) [ 01001100000]
zext_ln2096_1         (zext             ) [ 00000000000]
mul_ln2101            (mul              ) [ 01001100000]
Cr                    (xor              ) [ 00000000000]
sext_ln2097           (sext             ) [ 01000100000]
sext_ln2094           (sext             ) [ 01000100000]
Cb                    (xor              ) [ 01000110000]
sext_ln2095_1         (sext             ) [ 01000110000]
mul_ln2101_2          (mul              ) [ 00000000000]
zext_ln2101           (zext             ) [ 01000100000]
mul_ln2096            (mul              ) [ 00000000000]
trunc_ln              (partselect       ) [ 01000010000]
mul_ln2097_1          (mul              ) [ 01000011000]
mul_ln2101_1          (mul              ) [ 01000010000]
add_ln2101            (add              ) [ 00000000000]
zext_ln2101_1         (zext             ) [ 01000010000]
zext_ln2094           (zext             ) [ 00000000000]
sext_ln2095           (sext             ) [ 01000001000]
zext_ln2096           (zext             ) [ 00000000000]
zext_ln2096_4         (zext             ) [ 00000000000]
sext_ln2096           (sext             ) [ 00000000000]
r                     (add              ) [ 00000000000]
mul_ln2097            (mul              ) [ 01000001000]
add_ln2101_1          (add              ) [ 00000000000]
tmp_2                 (partselect       ) [ 00000000000]
zext_ln2101_2         (zext             ) [ 00000000000]
zext_ln2101_3         (zext             ) [ 00000000000]
sub_ln2102            (sub              ) [ 01000001000]
sub_ln2103            (sub              ) [ 01000001000]
select_ln2105         (select           ) [ 00000000000]
trunc_ln2105          (trunc            ) [ 01000001000]
icmp_ln2105           (icmp             ) [ 01000001000]
zext_ln2096_2         (zext             ) [ 00000000000]
zext_ln2096_3         (zext             ) [ 00000000000]
add_ln2097            (add              ) [ 00000000000]
trunc_ln6             (partselect       ) [ 00000000000]
sext_ln2097_1         (sext             ) [ 00000000000]
g                     (sub              ) [ 01000000100]
mul_ln2098            (mul              ) [ 00000000000]
trunc_ln7             (partselect       ) [ 00000000000]
sext_ln2098           (sext             ) [ 00000000000]
b                     (add              ) [ 01000000110]
shl_ln                (bitconcatenate   ) [ 00000000000]
sext_ln2102           (sext             ) [ 00000000000]
shl_ln2102_1          (bitconcatenate   ) [ 00000000000]
sext_ln2102_1         (sext             ) [ 00000000000]
sub_ln2102_1          (sub              ) [ 00000000000]
trunc_ln8             (partselect       ) [ 01000000100]
sext_ln2103           (sext             ) [ 01000000100]
select_ln2105_1       (select           ) [ 00000000000]
icmp_ln2105_1         (icmp             ) [ 00000000000]
trunc_ln2105_1        (trunc            ) [ 00000000000]
select_ln2105_2       (select           ) [ 01000000111]
sext_ln2102_2         (sext             ) [ 00000000000]
u                     (add              ) [ 00000000000]
mul_ln2103            (mul              ) [ 00000000000]
trunc_ln9             (partselect       ) [ 00000000000]
sext_ln2103_1         (sext             ) [ 00000000000]
v                     (add              ) [ 01000000010]
select_ln2107         (select           ) [ 00000000000]
trunc_ln2107          (trunc            ) [ 01000000010]
icmp_ln2107           (icmp             ) [ 01000000010]
sext_ln2103_2         (sext             ) [ 00000000000]
select_ln2107_1       (select           ) [ 00000000000]
icmp_ln2107_1         (icmp             ) [ 00000000000]
trunc_ln2107_1        (trunc            ) [ 00000000000]
select_ln2107_2       (select           ) [ 01000000001]
select_ln2109         (select           ) [ 00000000000]
trunc_ln2109          (trunc            ) [ 00000000000]
icmp_ln2109           (icmp             ) [ 00000000000]
select_ln2109_1       (select           ) [ 00000000000]
icmp_ln2109_1         (icmp             ) [ 01000000001]
trunc_ln2109_1        (trunc            ) [ 01000000001]
specpipeline_ln2083   (specpipeline     ) [ 00000000000]
specloopname_ln2080   (specloopname     ) [ 00000000000]
select_ln2109_2       (select           ) [ 00000000000]
p_0                   (bitconcatenate   ) [ 00000000000]
write_ln2115          (write            ) [ 00000000000]
br_ln0                (br               ) [ 00000000000]
ret_ln0               (ret              ) [ 00000000000]
</LifeTime>

<model>

<comp_list>
<comp id="0" class="1000" name="empty">
<pin_list>
<pin id="1" dir="1" index="0" bw="1" slack="0"/>
</pin_list>
<bind>
<StgValue><ssdm name="empty"/></StgValue>
</bind>
</comp>

<comp id="2" class="1000" name="stream_scaled_csc">
<pin_list>
<pin id="3" dir="1" index="0" bw="1" slack="0"/>
</pin_list>
<bind>
<StgValue><ssdm name="stream_scaled_csc"/></StgValue>
</bind>
</comp>

<comp id="4" class="1000" name="stream_scaled">
<pin_list>
<pin id="5" dir="1" index="0" bw="1" slack="0"/>
</pin_list>
<bind>
<StgValue><ssdm name="stream_scaled"/></StgValue>
</bind>
</comp>

<comp id="6" class="1000" name="cmp74">
<pin_list>
<pin id="7" dir="1" index="0" bw="1" slack="0"/>
</pin_list>
<bind>
<StgValue><ssdm name="cmp74"/></StgValue>
</bind>
</comp>

<comp id="8" class="1000" name="bPassThru_read">
<pin_list>
<pin id="9" dir="1" index="0" bw="1" slack="0"/>
</pin_list>
<bind>
<StgValue><ssdm name="bPassThru_read"/></StgValue>
</bind>
</comp>

<comp id="10" class="1001" name="const_10">
<pin_list>
<pin id="11" dir="1" index="0" bw="1" slack="0"/>
</pin_list>
<bind>
<StgValue><ssdm name=""/></StgValue>
</bind>
</comp>

<comp id="12" class="1001" name="const_12">
<pin_list>
<pin id="13" dir="1" index="0" bw="1" slack="2147483647"/>
</pin_list>
<bind>
<StgValue><ssdm name="_ssdm_op_SpecInterface"/></StgValue>
</bind>
</comp>

<comp id="14" class="1001" name="const_14">
<pin_list>
<pin id="15" dir="1" index="0" bw="1" slack="2147483647"/>
</pin_list>
<bind>
<StgValue><ssdm name="empty_23"/></StgValue>
</bind>
</comp>

<comp id="16" class="1001" name="const_16">
<pin_list>
<pin id="17" dir="1" index="0" bw="1" slack="2147483647"/>
</pin_list>
<bind>
<StgValue><ssdm name=""/></StgValue>
</bind>
</comp>

<comp id="18" class="1001" name="const_18">
<pin_list>
<pin id="19" dir="1" index="0" bw="1" slack="2147483647"/>
</pin_list>
<bind>
<StgValue><ssdm name="empty_10"/></StgValue>
</bind>
</comp>

<comp id="20" class="1001" name="const_20">
<pin_list>
<pin id="21" dir="1" index="0" bw="1" slack="2147483647"/>
</pin_list>
<bind>
<StgValue><ssdm name=""/></StgValue>
</bind>
</comp>

<comp id="22" class="1001" name="const_22">
<pin_list>
<pin id="23" dir="1" index="0" bw="1" slack="0"/>
</pin_list>
<bind>
<StgValue><ssdm name="_ssdm_op_Read.ap_auto.i1"/></StgValue>
</bind>
</comp>

<comp id="24" class="1001" name="const_24">
<pin_list>
<pin id="25" dir="1" index="0" bw="1" slack="0"/>
</pin_list>
<bind>
<StgValue><ssdm name="_ssdm_op_Read.ap_auto.i11"/></StgValue>
</bind>
</comp>

<comp id="26" class="1001" name="const_26">
<pin_list>
<pin id="27" dir="1" index="0" bw="1" slack="0"/>
</pin_list>
<bind>
<StgValue><ssdm name=""/></StgValue>
</bind>
</comp>

<comp id="28" class="1001" name="const_28">
<pin_list>
<pin id="29" dir="1" index="0" bw="1" slack="2147483647"/>
</pin_list>
<bind>
<StgValue><ssdm name="_ssdm_op_SpecLoopTripCount"/></StgValue>
</bind>
</comp>

<comp id="30" class="1001" name="const_30">
<pin_list>
<pin id="31" dir="1" index="0" bw="1" slack="2147483647"/>
</pin_list>
<bind>
<StgValue><ssdm name=""/></StgValue>
</bind>
</comp>

<comp id="32" class="1001" name="const_32">
<pin_list>
<pin id="33" dir="1" index="0" bw="1" slack="2147483647"/>
</pin_list>
<bind>
<StgValue><ssdm name=""/></StgValue>
</bind>
</comp>

<comp id="34" class="1001" name="const_34">
<pin_list>
<pin id="35" dir="1" index="0" bw="1" slack="0"/>
</pin_list>
<bind>
<StgValue><ssdm name=""/></StgValue>
</bind>
</comp>

<comp id="36" class="1001" name="const_36">
<pin_list>
<pin id="37" dir="1" index="0" bw="1" slack="0"/>
</pin_list>
<bind>
<StgValue><ssdm name="_ssdm_op_Read.ap_fifo.volatile.i24P0A"/></StgValue>
</bind>
</comp>

<comp id="38" class="1001" name="const_38">
<pin_list>
<pin id="39" dir="1" index="0" bw="1" slack="0"/>
</pin_list>
<bind>
<StgValue><ssdm name="_ssdm_op_PartSelect.i8.i24.i32.i32"/></StgValue>
</bind>
</comp>

<comp id="40" class="1001" name="const_40">
<pin_list>
<pin id="41" dir="1" index="0" bw="1" slack="0"/>
</pin_list>
<bind>
<StgValue><ssdm name=""/></StgValue>
</bind>
</comp>

<comp id="42" class="1001" name="const_42">
<pin_list>
<pin id="43" dir="1" index="0" bw="1" slack="0"/>
</pin_list>
<bind>
<StgValue><ssdm name=""/></StgValue>
</bind>
</comp>

<comp id="44" class="1001" name="const_44">
<pin_list>
<pin id="45" dir="1" index="0" bw="1" slack="0"/>
</pin_list>
<bind>
<StgValue><ssdm name=""/></StgValue>
</bind>
</comp>

<comp id="46" class="1001" name="const_46">
<pin_list>
<pin id="47" dir="1" index="0" bw="1" slack="0"/>
</pin_list>
<bind>
<StgValue><ssdm name=""/></StgValue>
</bind>
</comp>

<comp id="48" class="1001" name="const_48">
<pin_list>
<pin id="49" dir="1" index="0" bw="1" slack="0"/>
</pin_list>
<bind>
<StgValue><ssdm name=""/></StgValue>
</bind>
</comp>

<comp id="50" class="1001" name="const_50">
<pin_list>
<pin id="51" dir="1" index="0" bw="1" slack="0"/>
</pin_list>
<bind>
<StgValue><ssdm name="_ssdm_op_Write.ap_fifo.volatile.i24P0A"/></StgValue>
</bind>
</comp>

<comp id="52" class="1001" name="const_52">
<pin_list>
<pin id="53" dir="1" index="0" bw="1" slack="0"/>
</pin_list>
<bind>
<StgValue><ssdm name=""/></StgValue>
</bind>
</comp>

<comp id="54" class="1001" name="const_54">
<pin_list>
<pin id="55" dir="1" index="0" bw="1" slack="0"/>
</pin_list>
<bind>
<StgValue><ssdm name=""/></StgValue>
</bind>
</comp>

<comp id="56" class="1001" name="const_56">
<pin_list>
<pin id="57" dir="1" index="0" bw="1" slack="0"/>
</pin_list>
<bind>
<StgValue><ssdm name=""/></StgValue>
</bind>
</comp>

<comp id="58" class="1001" name="const_58">
<pin_list>
<pin id="59" dir="1" index="0" bw="1" slack="0"/>
</pin_list>
<bind>
<StgValue><ssdm name=""/></StgValue>
</bind>
</comp>

<comp id="60" class="1001" name="const_60">
<pin_list>
<pin id="61" dir="1" index="0" bw="1" slack="0"/>
</pin_list>
<bind>
<StgValue><ssdm name=""/></StgValue>
</bind>
</comp>

<comp id="62" class="1001" name="const_62">
<pin_list>
<pin id="63" dir="1" index="0" bw="1" slack="0"/>
</pin_list>
<bind>
<StgValue><ssdm name=""/></StgValue>
</bind>
</comp>

<comp id="64" class="1001" name="const_64">
<pin_list>
<pin id="65" dir="1" index="0" bw="1" slack="0"/>
</pin_list>
<bind>
<StgValue><ssdm name="_ssdm_op_PartSelect.i10.i20.i32.i32"/></StgValue>
</bind>
</comp>

<comp id="66" class="1001" name="const_66">
<pin_list>
<pin id="67" dir="1" index="0" bw="1" slack="0"/>
</pin_list>
<bind>
<StgValue><ssdm name=""/></StgValue>
</bind>
</comp>

<comp id="68" class="1001" name="const_68">
<pin_list>
<pin id="69" dir="1" index="0" bw="1" slack="0"/>
</pin_list>
<bind>
<StgValue><ssdm name=""/></StgValue>
</bind>
</comp>

<comp id="70" class="1001" name="const_70">
<pin_list>
<pin id="71" dir="1" index="0" bw="1" slack="0"/>
</pin_list>
<bind>
<StgValue><ssdm name=""/></StgValue>
</bind>
</comp>

<comp id="72" class="1001" name="const_72">
<pin_list>
<pin id="73" dir="1" index="0" bw="1" slack="0"/>
</pin_list>
<bind>
<StgValue><ssdm name="_ssdm_op_PartSelect.i8.i18.i32.i32"/></StgValue>
</bind>
</comp>

<comp id="74" class="1001" name="const_74">
<pin_list>
<pin id="75" dir="1" index="0" bw="1" slack="0"/>
</pin_list>
<bind>
<StgValue><ssdm name=""/></StgValue>
</bind>
</comp>

<comp id="76" class="1001" name="const_76">
<pin_list>
<pin id="77" dir="1" index="0" bw="1" slack="0"/>
</pin_list>
<bind>
<StgValue><ssdm name=""/></StgValue>
</bind>
</comp>

<comp id="78" class="1001" name="const_78">
<pin_list>
<pin id="79" dir="1" index="0" bw="1" slack="0"/>
</pin_list>
<bind>
<StgValue><ssdm name="_ssdm_op_PartSelect.i11.i21.i32.i32"/></StgValue>
</bind>
</comp>

<comp id="80" class="1001" name="const_80">
<pin_list>
<pin id="81" dir="1" index="0" bw="1" slack="0"/>
</pin_list>
<bind>
<StgValue><ssdm name=""/></StgValue>
</bind>
</comp>

<comp id="82" class="1001" name="const_82">
<pin_list>
<pin id="83" dir="1" index="0" bw="1" slack="0"/>
</pin_list>
<bind>
<StgValue><ssdm name="_ssdm_op_BitConcatenate.i18.i9.i9"/></StgValue>
</bind>
</comp>

<comp id="84" class="1001" name="const_84">
<pin_list>
<pin id="85" dir="1" index="0" bw="1" slack="0"/>
</pin_list>
<bind>
<StgValue><ssdm name=""/></StgValue>
</bind>
</comp>

<comp id="86" class="1001" name="const_86">
<pin_list>
<pin id="87" dir="1" index="0" bw="1" slack="0"/>
</pin_list>
<bind>
<StgValue><ssdm name="_ssdm_op_BitConcatenate.i12.i9.i3"/></StgValue>
</bind>
</comp>

<comp id="88" class="1001" name="const_88">
<pin_list>
<pin id="89" dir="1" index="0" bw="1" slack="0"/>
</pin_list>
<bind>
<StgValue><ssdm name=""/></StgValue>
</bind>
</comp>

<comp id="90" class="1001" name="const_90">
<pin_list>
<pin id="91" dir="1" index="0" bw="1" slack="0"/>
</pin_list>
<bind>
<StgValue><ssdm name="_ssdm_op_PartSelect.i9.i19.i32.i32"/></StgValue>
</bind>
</comp>

<comp id="92" class="1001" name="const_92">
<pin_list>
<pin id="93" dir="1" index="0" bw="1" slack="0"/>
</pin_list>
<bind>
<StgValue><ssdm name=""/></StgValue>
</bind>
</comp>

<comp id="94" class="1001" name="const_94">
<pin_list>
<pin id="95" dir="1" index="0" bw="1" slack="0"/>
</pin_list>
<bind>
<StgValue><ssdm name=""/></StgValue>
</bind>
</comp>

<comp id="96" class="1001" name="const_96">
<pin_list>
<pin id="97" dir="1" index="0" bw="1" slack="0"/>
</pin_list>
<bind>
<StgValue><ssdm name=""/></StgValue>
</bind>
</comp>

<comp id="98" class="1001" name="const_98">
<pin_list>
<pin id="99" dir="1" index="0" bw="1" slack="0"/>
</pin_list>
<bind>
<StgValue><ssdm name=""/></StgValue>
</bind>
</comp>

<comp id="100" class="1001" name="const_100">
<pin_list>
<pin id="101" dir="1" index="0" bw="1" slack="0"/>
</pin_list>
<bind>
<StgValue><ssdm name=""/></StgValue>
</bind>
</comp>

<comp id="102" class="1001" name="const_102">
<pin_list>
<pin id="103" dir="1" index="0" bw="1" slack="0"/>
</pin_list>
<bind>
<StgValue><ssdm name=""/></StgValue>
</bind>
</comp>

<comp id="104" class="1001" name="const_104">
<pin_list>
<pin id="105" dir="1" index="0" bw="1" slack="0"/>
</pin_list>
<bind>
<StgValue><ssdm name=""/></StgValue>
</bind>
</comp>

<comp id="106" class="1001" name="const_106">
<pin_list>
<pin id="107" dir="1" index="0" bw="1" slack="0"/>
</pin_list>
<bind>
<StgValue><ssdm name=""/></StgValue>
</bind>
</comp>

<comp id="108" class="1001" name="const_108">
<pin_list>
<pin id="109" dir="1" index="0" bw="1" slack="0"/>
</pin_list>
<bind>
<StgValue><ssdm name=""/></StgValue>
</bind>
</comp>

<comp id="110" class="1001" name="const_110">
<pin_list>
<pin id="111" dir="1" index="0" bw="1" slack="2147483647"/>
</pin_list>
<bind>
<StgValue><ssdm name="_ssdm_op_SpecPipeline"/></StgValue>
</bind>
</comp>

<comp id="112" class="1001" name="const_112">
<pin_list>
<pin id="113" dir="1" index="0" bw="1" slack="2147483647"/>
</pin_list>
<bind>
<StgValue><ssdm name="_ssdm_op_SpecLoopName"/></StgValue>
</bind>
</comp>

<comp id="114" class="1001" name="const_114">
<pin_list>
<pin id="115" dir="1" index="0" bw="1" slack="2147483647"/>
</pin_list>
<bind>
<StgValue><ssdm name="empty_30"/></StgValue>
</bind>
</comp>

<comp id="116" class="1001" name="const_116">
<pin_list>
<pin id="117" dir="1" index="0" bw="1" slack="0"/>
</pin_list>
<bind>
<StgValue><ssdm name="_ssdm_op_BitConcatenate.i24.i8.i8.i8"/></StgValue>
</bind>
</comp>

<comp id="118" class="1004" name="x_fu_118">
<pin_list>
<pin id="119" dir="0" index="0" bw="1" slack="0"/>
<pin id="120" dir="1" index="1" bw="11" slack="0"/>
</pin_list>
<bind>
<opcode="alloca(26) " fcode="alloca"/>
<opset="x/1 "/>
</bind>
</comp>

<comp id="122" class="1004" name="bPassThru_read_1_read_fu_122">
<pin_list>
<pin id="123" dir="0" index="0" bw="1" slack="0"/>
<pin id="124" dir="0" index="1" bw="1" slack="0"/>
<pin id="125" dir="1" index="2" bw="1" slack="1"/>
</pin_list>
<bind>
<opcode="read(1150) " fcode="read"/>
<opset="bPassThru_read_1/1 "/>
</bind>
</comp>

<comp id="128" class="1004" name="cmp74_read_read_fu_128">
<pin_list>
<pin id="129" dir="0" index="0" bw="1" slack="0"/>
<pin id="130" dir="0" index="1" bw="1" slack="0"/>
<pin id="131" dir="1" index="2" bw="1" slack="3"/>
</pin_list>
<bind>
<opcode="read(1150) " fcode="read"/>
<opset="cmp74_read/1 "/>
</bind>
</comp>

<comp id="134" class="1004" name="tmp_3_read_fu_134">
<pin_list>
<pin id="135" dir="0" index="0" bw="11" slack="0"/>
<pin id="136" dir="0" index="1" bw="11" slack="0"/>
<pin id="137" dir="1" index="2" bw="11" slack="0"/>
</pin_list>
<bind>
<opcode="read(1150) " fcode="read"/>
<opset="tmp_3/1 "/>
</bind>
</comp>

<comp id="140" class="1004" name="stream_scaled_read_read_fu_140">
<pin_list>
<pin id="141" dir="0" index="0" bw="24" slack="0"/>
<pin id="142" dir="0" index="1" bw="24" slack="0"/>
<pin id="143" dir="1" index="2" bw="24" slack="0"/>
</pin_list>
<bind>
<opcode="read(1150) " fcode="read"/>
<opset="stream_scaled_read/2 "/>
</bind>
</comp>

<comp id="146" class="1004" name="grp_write_fu_146">
<pin_list>
<pin id="147" dir="0" index="0" bw="0" slack="0"/>
<pin id="148" dir="0" index="1" bw="24" slack="0"/>
<pin id="149" dir="0" index="2" bw="24" slack="0"/>
<pin id="150" dir="1" index="3" bw="0" slack="2147483647"/>
</pin_list>
<bind>
<opcode="write(1151) " fcode="write"/>
<opset="write_ln2113/2 write_ln2115/10 "/>
</bind>
</comp>

<comp id="154" class="1004" name="store_ln2071_store_fu_154">
<pin_list>
<pin id="155" dir="0" index="0" bw="1" slack="0"/>
<pin id="156" dir="0" index="1" bw="11" slack="0"/>
<pin id="157" dir="1" index="2" bw="0" slack="2147483647"/>
</pin_list>
<bind>
<opcode="store(28) " fcode="store"/>
<opset="store_ln2071/1 "/>
</bind>
</comp>

<comp id="159" class="1004" name="x_3_load_fu_159">
<pin_list>
<pin id="160" dir="0" index="0" bw="11" slack="0"/>
<pin id="161" dir="1" index="1" bw="11" slack="0"/>
</pin_list>
<bind>
<opcode="load(27) " fcode="load"/>
<opset="x_3/1 "/>
</bind>
</comp>

<comp id="162" class="1004" name="icmp_ln2080_fu_162">
<pin_list>
<pin id="163" dir="0" index="0" bw="11" slack="0"/>
<pin id="164" dir="0" index="1" bw="11" slack="0"/>
<pin id="165" dir="1" index="2" bw="1" slack="8"/>
</pin_list>
<bind>
<opcode="icmp(45) " fcode="icmp"/>
<opset="icmp_ln2080/1 "/>
</bind>
</comp>

<comp id="168" class="1004" name="x_4_fu_168">
<pin_list>
<pin id="169" dir="0" index="0" bw="11" slack="0"/>
<pin id="170" dir="0" index="1" bw="1" slack="0"/>
<pin id="171" dir="1" index="2" bw="11" slack="0"/>
</pin_list>
<bind>
<opcode="add(8) " fcode="add"/>
<opset="x_4/1 "/>
</bind>
</comp>

<comp id="174" class="1004" name="store_ln2071_store_fu_174">
<pin_list>
<pin id="175" dir="0" index="0" bw="11" slack="0"/>
<pin id="176" dir="0" index="1" bw="11" slack="0"/>
<pin id="177" dir="1" index="2" bw="0" slack="2147483647"/>
</pin_list>
<bind>
<opcode="store(28) " fcode="store"/>
<opset="store_ln2071/1 "/>
</bind>
</comp>

<comp id="179" class="1004" name="r_y_fu_179">
<pin_list>
<pin id="180" dir="0" index="0" bw="24" slack="0"/>
<pin id="181" dir="1" index="1" bw="8" slack="1"/>
</pin_list>
<bind>
<opcode="trunc(33) " fcode="trunc"/>
<opset="r_y/2 "/>
</bind>
</comp>

<comp id="183" class="1004" name="g_u_fu_183">
<pin_list>
<pin id="184" dir="0" index="0" bw="8" slack="0"/>
<pin id="185" dir="0" index="1" bw="24" slack="0"/>
<pin id="186" dir="0" index="2" bw="5" slack="0"/>
<pin id="187" dir="0" index="3" bw="5" slack="0"/>
<pin id="188" dir="1" index="4" bw="8" slack="1"/>
</pin_list>
<bind>
<opcode="partselect(1002) " fcode="partselect"/>
<opset="g_u/2 "/>
</bind>
</comp>

<comp id="193" class="1004" name="tmp_fu_193">
<pin_list>
<pin id="194" dir="0" index="0" bw="8" slack="0"/>
<pin id="195" dir="0" index="1" bw="24" slack="0"/>
<pin id="196" dir="0" index="2" bw="6" slack="0"/>
<pin id="197" dir="0" index="3" bw="6" slack="0"/>
<pin id="198" dir="1" index="4" bw="8" slack="0"/>
</pin_list>
<bind>
<opcode="partselect(1002) " fcode="partselect"/>
<opset="tmp/2 "/>
</bind>
</comp>

<comp id="203" class="1004" name="zext_ln2094_1_fu_203">
<pin_list>
<pin id="204" dir="0" index="0" bw="8" slack="0"/>
<pin id="205" dir="1" index="1" bw="15" slack="0"/>
</pin_list>
<bind>
<opcode="zext(34) " fcode="zext"/>
<opset="zext_ln2094_1/2 "/>
</bind>
</comp>

<comp id="207" class="1004" name="zext_ln2095_fu_207">
<pin_list>
<pin id="208" dir="0" index="0" bw="8" slack="1"/>
<pin id="209" dir="1" index="1" bw="18" slack="0"/>
</pin_list>
<bind>
<opcode="zext(34) " fcode="zext"/>
<opset="zext_ln2095/3 "/>
</bind>
</comp>

<comp id="210" class="1004" name="zext_ln2096_1_fu_210">
<pin_list>
<pin id="211" dir="0" index="0" bw="8" slack="1"/>
<pin id="212" dir="1" index="1" bw="17" slack="0"/>
</pin_list>
<bind>
<opcode="zext(34) " fcode="zext"/>
<opset="zext_ln2096_1/3 "/>
</bind>
</comp>

<comp id="213" class="1004" name="mul_ln2101_fu_213">
<pin_list>
<pin id="214" dir="0" index="0" bw="8" slack="0"/>
<pin id="215" dir="0" index="1" bw="10" slack="0"/>
<pin id="216" dir="1" index="2" bw="17" slack="1"/>
</pin_list>
<bind>
<opcode="mul(12) " fcode="mul"/>
<opset="mul_ln2101/3 "/>
</bind>
</comp>

<comp id="219" class="1004" name="Cr_fu_219">
<pin_list>
<pin id="220" dir="0" index="0" bw="8" slack="2"/>
<pin id="221" dir="0" index="1" bw="8" slack="0"/>
<pin id="222" dir="1" index="2" bw="8" slack="0"/>
</pin_list>
<bind>
<opcode="xor(25) " fcode="xor"/>
<opset="Cr/4 "/>
</bind>
</comp>

<comp id="224" class="1004" name="sext_ln2097_fu_224">
<pin_list>
<pin id="225" dir="0" index="0" bw="8" slack="0"/>
<pin id="226" dir="1" index="1" bw="18" slack="0"/>
</pin_list>
<bind>
<opcode="sext(35) " fcode="sext"/>
<opset="sext_ln2097/4 "/>
</bind>
</comp>

<comp id="228" class="1004" name="sext_ln2094_fu_228">
<pin_list>
<pin id="229" dir="0" index="0" bw="8" slack="0"/>
<pin id="230" dir="1" index="1" bw="20" slack="0"/>
</pin_list>
<bind>
<opcode="sext(35) " fcode="sext"/>
<opset="sext_ln2094/4 "/>
</bind>
</comp>

<comp id="232" class="1004" name="Cb_fu_232">
<pin_list>
<pin id="233" dir="0" index="0" bw="8" slack="2"/>
<pin id="234" dir="0" index="1" bw="8" slack="0"/>
<pin id="235" dir="1" index="2" bw="8" slack="0"/>
</pin_list>
<bind>
<opcode="xor(25) " fcode="xor"/>
<opset="Cb/4 "/>
</bind>
</comp>

<comp id="237" class="1004" name="sext_ln2095_1_fu_237">
<pin_list>
<pin id="238" dir="0" index="0" bw="8" slack="0"/>
<pin id="239" dir="1" index="1" bw="18" slack="0"/>
</pin_list>
<bind>
<opcode="sext(35) " fcode="sext"/>
<opset="sext_ln2095_1/4 "/>
</bind>
</comp>

<comp id="241" class="1004" name="grp_fu_241">
<pin_list>
<pin id="242" dir="0" index="0" bw="8" slack="0"/>
<pin id="243" dir="0" index="1" bw="12" slack="0"/>
<pin id="244" dir="1" index="2" bw="20" slack="0"/>
</pin_list>
<bind>
<opcode="mul(12) " fcode="mul"/>
<opset="mul_ln2096/4 "/>
</bind>
</comp>

<comp id="247" class="1004" name="grp_fu_247">
<pin_list>
<pin id="248" dir="0" index="0" bw="8" slack="0"/>
<pin id="249" dir="0" index="1" bw="11" slack="0"/>
<pin id="250" dir="1" index="2" bw="18" slack="1"/>
</pin_list>
<bind>
<opcode="mul(12) " fcode="mul"/>
<opset="mul_ln2097_1/4 "/>
</bind>
</comp>

<comp id="253" class="1004" name="trunc_ln_fu_253">
<pin_list>
<pin id="254" dir="0" index="0" bw="10" slack="0"/>
<pin id="255" dir="0" index="1" bw="20" slack="0"/>
<pin id="256" dir="0" index="2" bw="5" slack="0"/>
<pin id="257" dir="0" index="3" bw="6" slack="0"/>
<pin id="258" dir="1" index="4" bw="10" slack="1"/>
</pin_list>
<bind>
<opcode="partselect(1002) " fcode="partselect"/>
<opset="trunc_ln/5 "/>
</bind>
</comp>

<comp id="263" class="1004" name="zext_ln2101_1_fu_263">
<pin_list>
<pin id="264" dir="0" index="0" bw="17" slack="0"/>
<pin id="265" dir="1" index="1" bw="18" slack="0"/>
</pin_list>
<bind>
<opcode="zext(34) " fcode="zext"/>
<opset="zext_ln2101_1/5 "/>
</bind>
</comp>

<comp id="266" class="1004" name="zext_ln2094_fu_266">
<pin_list>
<pin id="267" dir="0" index="0" bw="8" slack="4"/>
<pin id="268" dir="1" index="1" bw="9" slack="0"/>
</pin_list>
<bind>
<opcode="zext(34) " fcode="zext"/>
<opset="zext_ln2094/6 "/>
</bind>
</comp>

<comp id="269" class="1004" name="sext_ln2095_fu_269">
<pin_list>
<pin id="270" dir="0" index="0" bw="8" slack="2"/>
<pin id="271" dir="1" index="1" bw="21" slack="0"/>
</pin_list>
<bind>
<opcode="sext(35) " fcode="sext"/>
<opset="sext_ln2095/6 "/>
</bind>
</comp>

<comp id="272" class="1004" name="zext_ln2096_fu_272">
<pin_list>
<pin id="273" dir="0" index="0" bw="8" slack="4"/>
<pin id="274" dir="1" index="1" bw="9" slack="0"/>
</pin_list>
<bind>
<opcode="zext(34) " fcode="zext"/>
<opset="zext_ln2096/6 "/>
</bind>
</comp>

<comp id="275" class="1004" name="zext_ln2096_4_fu_275">
<pin_list>
<pin id="276" dir="0" index="0" bw="8" slack="4"/>
<pin id="277" dir="1" index="1" bw="11" slack="0"/>
</pin_list>
<bind>
<opcode="zext(34) " fcode="zext"/>
<opset="zext_ln2096_4/6 "/>
</bind>
</comp>

<comp id="278" class="1004" name="sext_ln2096_fu_278">
<pin_list>
<pin id="279" dir="0" index="0" bw="10" slack="1"/>
<pin id="280" dir="1" index="1" bw="11" slack="0"/>
</pin_list>
<bind>
<opcode="sext(35) " fcode="sext"/>
<opset="sext_ln2096/6 "/>
</bind>
</comp>

<comp id="281" class="1004" name="r_fu_281">
<pin_list>
<pin id="282" dir="0" index="0" bw="10" slack="0"/>
<pin id="283" dir="0" index="1" bw="8" slack="0"/>
<pin id="284" dir="1" index="2" bw="11" slack="0"/>
</pin_list>
<bind>
<opcode="add(8) " fcode="add"/>
<opset="r/6 "/>
</bind>
</comp>

<comp id="287" class="1004" name="grp_fu_287">
<pin_list>
<pin id="288" dir="0" index="0" bw="8" slack="0"/>
<pin id="289" dir="0" index="1" bw="13" slack="0"/>
<pin id="290" dir="1" index="2" bw="21" slack="0"/>
</pin_list>
<bind>
<opcode="mul(12) " fcode="mul"/>
<opset="mul_ln2098/6 "/>
</bind>
</comp>

<comp id="293" class="1004" name="tmp_2_fu_293">
<pin_list>
<pin id="294" dir="0" index="0" bw="8" slack="0"/>
<pin id="295" dir="0" index="1" bw="18" slack="0"/>
<pin id="296" dir="0" index="2" bw="5" slack="0"/>
<pin id="297" dir="0" index="3" bw="6" slack="0"/>
<pin id="298" dir="1" index="4" bw="8" slack="0"/>
</pin_list>
<bind>
<opcode="partselect(1002) " fcode="partselect"/>
<opset="tmp_2/6 "/>
</bind>
</comp>

<comp id="302" class="1004" name="zext_ln2101_2_fu_302">
<pin_list>
<pin id="303" dir="0" index="0" bw="8" slack="0"/>
<pin id="304" dir="1" index="1" bw="11" slack="0"/>
</pin_list>
<bind>
<opcode="zext(34) " fcode="zext"/>
<opset="zext_ln2101_2/6 "/>
</bind>
</comp>

<comp id="306" class="1004" name="zext_ln2101_3_fu_306">
<pin_list>
<pin id="307" dir="0" index="0" bw="8" slack="0"/>
<pin id="308" dir="1" index="1" bw="9" slack="0"/>
</pin_list>
<bind>
<opcode="zext(34) " fcode="zext"/>
<opset="zext_ln2101_3/6 "/>
</bind>
</comp>

<comp id="310" class="1004" name="sub_ln2102_fu_310">
<pin_list>
<pin id="311" dir="0" index="0" bw="8" slack="0"/>
<pin id="312" dir="0" index="1" bw="8" slack="0"/>
<pin id="313" dir="1" index="2" bw="9" slack="1"/>
</pin_list>
<bind>
<opcode="sub(10) " fcode="sub"/>
<opset="sub_ln2102/6 "/>
</bind>
</comp>

<comp id="316" class="1004" name="sub_ln2103_fu_316">
<pin_list>
<pin id="317" dir="0" index="0" bw="8" slack="0"/>
<pin id="318" dir="0" index="1" bw="8" slack="0"/>
<pin id="319" dir="1" index="2" bw="9" slack="1"/>
</pin_list>
<bind>
<opcode="sub(10) " fcode="sub"/>
<opset="sub_ln2103/6 "/>
</bind>
</comp>

<comp id="322" class="1004" name="select_ln2105_fu_322">
<pin_list>
<pin id="323" dir="0" index="0" bw="1" slack="5"/>
<pin id="324" dir="0" index="1" bw="11" slack="0"/>
<pin id="325" dir="0" index="2" bw="8" slack="0"/>
<pin id="326" dir="1" index="3" bw="11" slack="0"/>
</pin_list>
<bind>
<opcode="select(49) " fcode="select"/>
<opset="select_ln2105/6 "/>
</bind>
</comp>

<comp id="329" class="1004" name="trunc_ln2105_fu_329">
<pin_list>
<pin id="330" dir="0" index="0" bw="11" slack="0"/>
<pin id="331" dir="1" index="1" bw="10" slack="1"/>
</pin_list>
<bind>
<opcode="trunc(33) " fcode="trunc"/>
<opset="trunc_ln2105/6 "/>
</bind>
</comp>

<comp id="333" class="1004" name="icmp_ln2105_fu_333">
<pin_list>
<pin id="334" dir="0" index="0" bw="11" slack="0"/>
<pin id="335" dir="0" index="1" bw="9" slack="0"/>
<pin id="336" dir="1" index="2" bw="1" slack="1"/>
</pin_list>
<bind>
<opcode="icmp(45) " fcode="icmp"/>
<opset="icmp_ln2105/6 "/>
</bind>
</comp>

<comp id="339" class="1004" name="zext_ln2096_2_fu_339">
<pin_list>
<pin id="340" dir="0" index="0" bw="8" slack="5"/>
<pin id="341" dir="1" index="1" bw="12" slack="0"/>
</pin_list>
<bind>
<opcode="zext(34) " fcode="zext"/>
<opset="zext_ln2096_2/7 "/>
</bind>
</comp>

<comp id="342" class="1004" name="zext_ln2096_3_fu_342">
<pin_list>
<pin id="343" dir="0" index="0" bw="8" slack="5"/>
<pin id="344" dir="1" index="1" bw="10" slack="0"/>
</pin_list>
<bind>
<opcode="zext(34) " fcode="zext"/>
<opset="zext_ln2096_3/7 "/>
</bind>
</comp>

<comp id="345" class="1004" name="trunc_ln6_fu_345">
<pin_list>
<pin id="346" dir="0" index="0" bw="8" slack="0"/>
<pin id="347" dir="0" index="1" bw="18" slack="0"/>
<pin id="348" dir="0" index="2" bw="5" slack="0"/>
<pin id="349" dir="0" index="3" bw="6" slack="0"/>
<pin id="350" dir="1" index="4" bw="8" slack="0"/>
</pin_list>
<bind>
<opcode="partselect(1002) " fcode="partselect"/>
<opset="trunc_ln6/7 "/>
</bind>
</comp>

<comp id="354" class="1004" name="sext_ln2097_1_fu_354">
<pin_list>
<pin id="355" dir="0" index="0" bw="8" slack="0"/>
<pin id="356" dir="1" index="1" bw="10" slack="0"/>
</pin_list>
<bind>
<opcode="sext(35) " fcode="sext"/>
<opset="sext_ln2097_1/7 "/>
</bind>
</comp>

<comp id="358" class="1004" name="g_fu_358">
<pin_list>
<pin id="359" dir="0" index="0" bw="8" slack="0"/>
<pin id="360" dir="0" index="1" bw="8" slack="0"/>
<pin id="361" dir="1" index="2" bw="10" slack="1"/>
</pin_list>
<bind>
<opcode="sub(10) " fcode="sub"/>
<opset="g/7 "/>
</bind>
</comp>

<comp id="364" class="1004" name="trunc_ln7_fu_364">
<pin_list>
<pin id="365" dir="0" index="0" bw="11" slack="0"/>
<pin id="366" dir="0" index="1" bw="21" slack="0"/>
<pin id="367" dir="0" index="2" bw="5" slack="0"/>
<pin id="368" dir="0" index="3" bw="6" slack="0"/>
<pin id="369" dir="1" index="4" bw="11" slack="0"/>
</pin_list>
<bind>
<opcode="partselect(1002) " fcode="partselect"/>
<opset="trunc_ln7/7 "/>
</bind>
</comp>

<comp id="374" class="1004" name="sext_ln2098_fu_374">
<pin_list>
<pin id="375" dir="0" index="0" bw="11" slack="0"/>
<pin id="376" dir="1" index="1" bw="12" slack="0"/>
</pin_list>
<bind>
<opcode="sext(35) " fcode="sext"/>
<opset="sext_ln2098/7 "/>
</bind>
</comp>

<comp id="378" class="1004" name="b_fu_378">
<pin_list>
<pin id="379" dir="0" index="0" bw="11" slack="0"/>
<pin id="380" dir="0" index="1" bw="8" slack="0"/>
<pin id="381" dir="1" index="2" bw="12" slack="2"/>
</pin_list>
<bind>
<opcode="add(8) " fcode="add"/>
<opset="b/7 "/>
</bind>
</comp>

<comp id="384" class="1004" name="shl_ln_fu_384">
<pin_list>
<pin id="385" dir="0" index="0" bw="18" slack="0"/>
<pin id="386" dir="0" index="1" bw="9" slack="1"/>
<pin id="387" dir="0" index="2" bw="1" slack="0"/>
<pin id="388" dir="1" index="3" bw="18" slack="0"/>
</pin_list>
<bind>
<opcode="bitconcatenate(1004) " fcode="bitconcatenate"/>
<opset="shl_ln/7 "/>
</bind>
</comp>

<comp id="391" class="1004" name="sext_ln2102_fu_391">
<pin_list>
<pin id="392" dir="0" index="0" bw="18" slack="0"/>
<pin id="393" dir="1" index="1" bw="19" slack="0"/>
</pin_list>
<bind>
<opcode="sext(35) " fcode="sext"/>
<opset="sext_ln2102/7 "/>
</bind>
</comp>

<comp id="395" class="1004" name="shl_ln2102_1_fu_395">
<pin_list>
<pin id="396" dir="0" index="0" bw="12" slack="0"/>
<pin id="397" dir="0" index="1" bw="9" slack="1"/>
<pin id="398" dir="0" index="2" bw="1" slack="0"/>
<pin id="399" dir="1" index="3" bw="12" slack="0"/>
</pin_list>
<bind>
<opcode="bitconcatenate(1004) " fcode="bitconcatenate"/>
<opset="shl_ln2102_1/7 "/>
</bind>
</comp>

<comp id="402" class="1004" name="sext_ln2102_1_fu_402">
<pin_list>
<pin id="403" dir="0" index="0" bw="12" slack="0"/>
<pin id="404" dir="1" index="1" bw="19" slack="0"/>
</pin_list>
<bind>
<opcode="sext(35) " fcode="sext"/>
<opset="sext_ln2102_1/7 "/>
</bind>
</comp>

<comp id="406" class="1004" name="sub_ln2102_1_fu_406">
<pin_list>
<pin id="407" dir="0" index="0" bw="18" slack="0"/>
<pin id="408" dir="0" index="1" bw="12" slack="0"/>
<pin id="409" dir="1" index="2" bw="19" slack="0"/>
</pin_list>
<bind>
<opcode="sub(10) " fcode="sub"/>
<opset="sub_ln2102_1/7 "/>
</bind>
</comp>

<comp id="412" class="1004" name="trunc_ln8_fu_412">
<pin_list>
<pin id="413" dir="0" index="0" bw="9" slack="0"/>
<pin id="414" dir="0" index="1" bw="19" slack="0"/>
<pin id="415" dir="0" index="2" bw="5" slack="0"/>
<pin id="416" dir="0" index="3" bw="6" slack="0"/>
<pin id="417" dir="1" index="4" bw="9" slack="1"/>
</pin_list>
<bind>
<opcode="partselect(1002) " fcode="partselect"/>
<opset="trunc_ln8/7 "/>
</bind>
</comp>

<comp id="422" class="1004" name="sext_ln2103_fu_422">
<pin_list>
<pin id="423" dir="0" index="0" bw="9" slack="1"/>
<pin id="424" dir="1" index="1" bw="20" slack="0"/>
</pin_list>
<bind>
<opcode="sext(35) " fcode="sext"/>
<opset="sext_ln2103/7 "/>
</bind>
</comp>

<comp id="425" class="1004" name="grp_fu_425">
<pin_list>
<pin id="426" dir="0" index="0" bw="9" slack="0"/>
<pin id="427" dir="0" index="1" bw="11" slack="0"/>
<pin id="428" dir="1" index="2" bw="20" slack="0"/>
</pin_list>
<bind>
<opcode="mul(12) " fcode="mul"/>
<opset="mul_ln2103/7 "/>
</bind>
</comp>

<comp id="431" class="1004" name="select_ln2105_1_fu_431">
<pin_list>
<pin id="432" dir="0" index="0" bw="1" slack="1"/>
<pin id="433" dir="0" index="1" bw="10" slack="1"/>
<pin id="434" dir="0" index="2" bw="9" slack="0"/>
<pin id="435" dir="1" index="3" bw="10" slack="0"/>
</pin_list>
<bind>
<opcode="select(49) " fcode="select"/>
<opset="select_ln2105_1/7 "/>
</bind>
</comp>

<comp id="437" class="1004" name="icmp_ln2105_1_fu_437">
<pin_list>
<pin id="438" dir="0" index="0" bw="10" slack="0"/>
<pin id="439" dir="0" index="1" bw="1" slack="0"/>
<pin id="440" dir="1" index="2" bw="1" slack="0"/>
</pin_list>
<bind>
<opcode="icmp(45) " fcode="icmp"/>
<opset="icmp_ln2105_1/7 "/>
</bind>
</comp>

<comp id="443" class="1004" name="trunc_ln2105_1_fu_443">
<pin_list>
<pin id="444" dir="0" index="0" bw="10" slack="0"/>
<pin id="445" dir="1" index="1" bw="8" slack="0"/>
</pin_list>
<bind>
<opcode="trunc(33) " fcode="trunc"/>
<opset="trunc_ln2105_1/7 "/>
</bind>
</comp>

<comp id="447" class="1004" name="select_ln2105_2_fu_447">
<pin_list>
<pin id="448" dir="0" index="0" bw="1" slack="0"/>
<pin id="449" dir="0" index="1" bw="8" slack="0"/>
<pin id="450" dir="0" index="2" bw="1" slack="0"/>
<pin id="451" dir="1" index="3" bw="8" slack="3"/>
</pin_list>
<bind>
<opcode="select(49) " fcode="select"/>
<opset="select_ln2105_2/7 "/>
</bind>
</comp>

<comp id="455" class="1004" name="sext_ln2102_2_fu_455">
<pin_list>
<pin id="456" dir="0" index="0" bw="9" slack="1"/>
<pin id="457" dir="1" index="1" bw="10" slack="0"/>
</pin_list>
<bind>
<opcode="sext(35) " fcode="sext"/>
<opset="sext_ln2102_2/8 "/>
</bind>
</comp>

<comp id="458" class="1004" name="u_fu_458">
<pin_list>
<pin id="459" dir="0" index="0" bw="9" slack="0"/>
<pin id="460" dir="0" index="1" bw="9" slack="0"/>
<pin id="461" dir="1" index="2" bw="10" slack="0"/>
</pin_list>
<bind>
<opcode="add(8) " fcode="add"/>
<opset="u/8 "/>
</bind>
</comp>

<comp id="464" class="1004" name="trunc_ln9_fu_464">
<pin_list>
<pin id="465" dir="0" index="0" bw="10" slack="0"/>
<pin id="466" dir="0" index="1" bw="20" slack="0"/>
<pin id="467" dir="0" index="2" bw="5" slack="0"/>
<pin id="468" dir="0" index="3" bw="6" slack="0"/>
<pin id="469" dir="1" index="4" bw="10" slack="0"/>
</pin_list>
<bind>
<opcode="partselect(1002) " fcode="partselect"/>
<opset="trunc_ln9/8 "/>
</bind>
</comp>

<comp id="474" class="1004" name="sext_ln2103_1_fu_474">
<pin_list>
<pin id="475" dir="0" index="0" bw="10" slack="0"/>
<pin id="476" dir="1" index="1" bw="11" slack="0"/>
</pin_list>
<bind>
<opcode="sext(35) " fcode="sext"/>
<opset="sext_ln2103_1/8 "/>
</bind>
</comp>

<comp id="478" class="1004" name="v_fu_478">
<pin_list>
<pin id="479" dir="0" index="0" bw="10" slack="0"/>
<pin id="480" dir="0" index="1" bw="9" slack="0"/>
<pin id="481" dir="1" index="2" bw="11" slack="1"/>
</pin_list>
<bind>
<opcode="add(8) " fcode="add"/>
<opset="v/8 "/>
</bind>
</comp>

<comp id="484" class="1004" name="select_ln2107_fu_484">
<pin_list>
<pin id="485" dir="0" index="0" bw="1" slack="7"/>
<pin id="486" dir="0" index="1" bw="10" slack="1"/>
<pin id="487" dir="0" index="2" bw="10" slack="0"/>
<pin id="488" dir="1" index="3" bw="10" slack="0"/>
</pin_list>
<bind>
<opcode="select(49) " fcode="select"/>
<opset="select_ln2107/8 "/>
</bind>
</comp>

<comp id="490" class="1004" name="trunc_ln2107_fu_490">
<pin_list>
<pin id="491" dir="0" index="0" bw="10" slack="0"/>
<pin id="492" dir="1" index="1" bw="9" slack="1"/>
</pin_list>
<bind>
<opcode="trunc(33) " fcode="trunc"/>
<opset="trunc_ln2107/8 "/>
</bind>
</comp>

<comp id="494" class="1004" name="icmp_ln2107_fu_494">
<pin_list>
<pin id="495" dir="0" index="0" bw="10" slack="0"/>
<pin id="496" dir="0" index="1" bw="9" slack="0"/>
<pin id="497" dir="1" index="2" bw="1" slack="1"/>
</pin_list>
<bind>
<opcode="icmp(45) " fcode="icmp"/>
<opset="icmp_ln2107/8 "/>
</bind>
</comp>

<comp id="500" class="1004" name="sext_ln2103_2_fu_500">
<pin_list>
<pin id="501" dir="0" index="0" bw="11" slack="1"/>
<pin id="502" dir="1" index="1" bw="12" slack="0"/>
</pin_list>
<bind>
<opcode="sext(35) " fcode="sext"/>
<opset="sext_ln2103_2/9 "/>
</bind>
</comp>

<comp id="503" class="1004" name="select_ln2107_1_fu_503">
<pin_list>
<pin id="504" dir="0" index="0" bw="1" slack="1"/>
<pin id="505" dir="0" index="1" bw="9" slack="1"/>
<pin id="506" dir="0" index="2" bw="9" slack="0"/>
<pin id="507" dir="1" index="3" bw="9" slack="0"/>
</pin_list>
<bind>
<opcode="select(49) " fcode="select"/>
<opset="select_ln2107_1/9 "/>
</bind>
</comp>

<comp id="509" class="1004" name="icmp_ln2107_1_fu_509">
<pin_list>
<pin id="510" dir="0" index="0" bw="9" slack="0"/>
<pin id="511" dir="0" index="1" bw="1" slack="0"/>
<pin id="512" dir="1" index="2" bw="1" slack="0"/>
</pin_list>
<bind>
<opcode="icmp(45) " fcode="icmp"/>
<opset="icmp_ln2107_1/9 "/>
</bind>
</comp>

<comp id="515" class="1004" name="trunc_ln2107_1_fu_515">
<pin_list>
<pin id="516" dir="0" index="0" bw="9" slack="0"/>
<pin id="517" dir="1" index="1" bw="8" slack="0"/>
</pin_list>
<bind>
<opcode="trunc(33) " fcode="trunc"/>
<opset="trunc_ln2107_1/9 "/>
</bind>
</comp>

<comp id="519" class="1004" name="select_ln2107_2_fu_519">
<pin_list>
<pin id="520" dir="0" index="0" bw="1" slack="0"/>
<pin id="521" dir="0" index="1" bw="8" slack="0"/>
<pin id="522" dir="0" index="2" bw="1" slack="0"/>
<pin id="523" dir="1" index="3" bw="8" slack="1"/>
</pin_list>
<bind>
<opcode="select(49) " fcode="select"/>
<opset="select_ln2107_2/9 "/>
</bind>
</comp>

<comp id="527" class="1004" name="select_ln2109_fu_527">
<pin_list>
<pin id="528" dir="0" index="0" bw="1" slack="8"/>
<pin id="529" dir="0" index="1" bw="12" slack="2"/>
<pin id="530" dir="0" index="2" bw="11" slack="0"/>
<pin id="531" dir="1" index="3" bw="12" slack="0"/>
</pin_list>
<bind>
<opcode="select(49) " fcode="select"/>
<opset="select_ln2109/9 "/>
</bind>
</comp>

<comp id="533" class="1004" name="trunc_ln2109_fu_533">
<pin_list>
<pin id="534" dir="0" index="0" bw="12" slack="0"/>
<pin id="535" dir="1" index="1" bw="11" slack="0"/>
</pin_list>
<bind>
<opcode="trunc(33) " fcode="trunc"/>
<opset="trunc_ln2109/9 "/>
</bind>
</comp>

<comp id="537" class="1004" name="icmp_ln2109_fu_537">
<pin_list>
<pin id="538" dir="0" index="0" bw="12" slack="0"/>
<pin id="539" dir="0" index="1" bw="9" slack="0"/>
<pin id="540" dir="1" index="2" bw="1" slack="0"/>
</pin_list>
<bind>
<opcode="icmp(45) " fcode="icmp"/>
<opset="icmp_ln2109/9 "/>
</bind>
</comp>

<comp id="543" class="1004" name="select_ln2109_1_fu_543">
<pin_list>
<pin id="544" dir="0" index="0" bw="1" slack="0"/>
<pin id="545" dir="0" index="1" bw="11" slack="0"/>
<pin id="546" dir="0" index="2" bw="9" slack="0"/>
<pin id="547" dir="1" index="3" bw="11" slack="0"/>
</pin_list>
<bind>
<opcode="select(49) " fcode="select"/>
<opset="select_ln2109_1/9 "/>
</bind>
</comp>

<comp id="551" class="1004" name="icmp_ln2109_1_fu_551">
<pin_list>
<pin id="552" dir="0" index="0" bw="11" slack="0"/>
<pin id="553" dir="0" index="1" bw="1" slack="0"/>
<pin id="554" dir="1" index="2" bw="1" slack="1"/>
</pin_list>
<bind>
<opcode="icmp(45) " fcode="icmp"/>
<opset="icmp_ln2109_1/9 "/>
</bind>
</comp>

<comp id="557" class="1004" name="trunc_ln2109_1_fu_557">
<pin_list>
<pin id="558" dir="0" index="0" bw="11" slack="0"/>
<pin id="559" dir="1" index="1" bw="8" slack="1"/>
</pin_list>
<bind>
<opcode="trunc(33) " fcode="trunc"/>
<opset="trunc_ln2109_1/9 "/>
</bind>
</comp>

<comp id="561" class="1004" name="select_ln2109_2_fu_561">
<pin_list>
<pin id="562" dir="0" index="0" bw="1" slack="1"/>
<pin id="563" dir="0" index="1" bw="8" slack="1"/>
<pin id="564" dir="0" index="2" bw="1" slack="0"/>
<pin id="565" dir="1" index="3" bw="8" slack="0"/>
</pin_list>
<bind>
<opcode="select(49) " fcode="select"/>
<opset="select_ln2109_2/10 "/>
</bind>
</comp>

<comp id="567" class="1004" name="p_0_fu_567">
<pin_list>
<pin id="568" dir="0" index="0" bw="24" slack="0"/>
<pin id="569" dir="0" index="1" bw="8" slack="0"/>
<pin id="570" dir="0" index="2" bw="8" slack="1"/>
<pin id="571" dir="0" index="3" bw="8" slack="3"/>
<pin id="572" dir="1" index="4" bw="24" slack="0"/>
</pin_list>
<bind>
<opcode="bitconcatenate(1004) " fcode="bitconcatenate"/>
<opset="p_0/10 "/>
</bind>
</comp>

<comp id="576" class="1007" name="grp_fu_576">
<pin_list>
<pin id="577" dir="0" index="0" bw="8" slack="0"/>
<pin id="578" dir="0" index="1" bw="7" slack="0"/>
<pin id="579" dir="0" index="2" bw="17" slack="2147483647"/>
<pin id="580" dir="1" index="3" bw="17" slack="0"/>
</pin_list>
<bind>
<opcode="muladd(1172) " fcode="muladd"/>
<opset="mul_ln2101_2/2 zext_ln2101/4 add_ln2101/4 "/>
</bind>
</comp>

<comp id="584" class="1007" name="grp_fu_584">
<pin_list>
<pin id="585" dir="0" index="0" bw="8" slack="0"/>
<pin id="586" dir="0" index="1" bw="10" slack="0"/>
<pin id="587" dir="0" index="2" bw="17" slack="0"/>
<pin id="588" dir="1" index="3" bw="18" slack="0"/>
</pin_list>
<bind>
<opcode="muladd(1172) " fcode="muladd"/>
<opset="mul_ln2101_1/3 add_ln2101_1/5 "/>
</bind>
</comp>

<comp id="593" class="1007" name="grp_fu_593">
<pin_list>
<pin id="594" dir="0" index="0" bw="8" slack="0"/>
<pin id="595" dir="0" index="1" bw="9" slack="0"/>
<pin id="596" dir="0" index="2" bw="18" slack="2147483647"/>
<pin id="597" dir="1" index="3" bw="18" slack="0"/>
</pin_list>
<bind>
<opcode="muladd(1172) " fcode="muladd"/>
<opset="mul_ln2097/4 add_ln2097/6 "/>
</bind>
</comp>

<comp id="601" class="1005" name="x_reg_601">
<pin_list>
<pin id="602" dir="0" index="0" bw="11" slack="0"/>
<pin id="603" dir="1" index="1" bw="11" slack="0"/>
</pin_list>
<bind>
<opset="x "/>
</bind>
</comp>

<comp id="608" class="1005" name="bPassThru_read_1_reg_608">
<pin_list>
<pin id="609" dir="0" index="0" bw="1" slack="1"/>
<pin id="610" dir="1" index="1" bw="1" slack="2147483647"/>
</pin_list>
<bind>
<opset="bPassThru_read_1 "/>
</bind>
</comp>

<comp id="612" class="1005" name="cmp74_read_reg_612">
<pin_list>
<pin id="613" dir="0" index="0" bw="1" slack="3"/>
<pin id="614" dir="1" index="1" bw="1" slack="5"/>
</pin_list>
<bind>
<opset="cmp74_read "/>
</bind>
</comp>

<comp id="619" class="1005" name="icmp_ln2080_reg_619">
<pin_list>
<pin id="620" dir="0" index="0" bw="1" slack="8"/>
<pin id="621" dir="1" index="1" bw="1" slack="2147483647"/>
</pin_list>
<bind>
<opset="icmp_ln2080 "/>
</bind>
</comp>

<comp id="623" class="1005" name="r_y_reg_623">
<pin_list>
<pin id="624" dir="0" index="0" bw="8" slack="1"/>
<pin id="625" dir="1" index="1" bw="8" slack="1"/>
</pin_list>
<bind>
<opset="r_y "/>
</bind>
</comp>

<comp id="632" class="1005" name="g_u_reg_632">
<pin_list>
<pin id="633" dir="0" index="0" bw="8" slack="1"/>
<pin id="634" dir="1" index="1" bw="8" slack="1"/>
</pin_list>
<bind>
<opset="g_u "/>
</bind>
</comp>

<comp id="638" class="1005" name="tmp_reg_638">
<pin_list>
<pin id="639" dir="0" index="0" bw="8" slack="2"/>
<pin id="640" dir="1" index="1" bw="8" slack="2"/>
</pin_list>
<bind>
<opset="tmp "/>
</bind>
</comp>

<comp id="644" class="1005" name="zext_ln2094_1_reg_644">
<pin_list>
<pin id="645" dir="0" index="0" bw="15" slack="1"/>
<pin id="646" dir="1" index="1" bw="15" slack="1"/>
</pin_list>
<bind>
<opset="zext_ln2094_1 "/>
</bind>
</comp>

<comp id="649" class="1005" name="zext_ln2095_reg_649">
<pin_list>
<pin id="650" dir="0" index="0" bw="18" slack="1"/>
<pin id="651" dir="1" index="1" bw="18" slack="1"/>
</pin_list>
<bind>
<opset="zext_ln2095 "/>
</bind>
</comp>

<comp id="654" class="1005" name="mul_ln2101_reg_654">
<pin_list>
<pin id="655" dir="0" index="0" bw="17" slack="1"/>
<pin id="656" dir="1" index="1" bw="17" slack="1"/>
</pin_list>
<bind>
<opset="mul_ln2101 "/>
</bind>
</comp>

<comp id="659" class="1005" name="sext_ln2097_reg_659">
<pin_list>
<pin id="660" dir="0" index="0" bw="18" slack="1"/>
<pin id="661" dir="1" index="1" bw="18" slack="1"/>
</pin_list>
<bind>
<opset="sext_ln2097 "/>
</bind>
</comp>

<comp id="664" class="1005" name="sext_ln2094_reg_664">
<pin_list>
<pin id="665" dir="0" index="0" bw="20" slack="1"/>
<pin id="666" dir="1" index="1" bw="20" slack="1"/>
</pin_list>
<bind>
<opset="sext_ln2094 "/>
</bind>
</comp>

<comp id="669" class="1005" name="Cb_reg_669">
<pin_list>
<pin id="670" dir="0" index="0" bw="8" slack="2"/>
<pin id="671" dir="1" index="1" bw="8" slack="2"/>
</pin_list>
<bind>
<opset="Cb "/>
</bind>
</comp>

<comp id="674" class="1005" name="sext_ln2095_1_reg_674">
<pin_list>
<pin id="675" dir="0" index="0" bw="18" slack="1"/>
<pin id="676" dir="1" index="1" bw="18" slack="1"/>
</pin_list>
<bind>
<opset="sext_ln2095_1 "/>
</bind>
</comp>

<comp id="679" class="1005" name="trunc_ln_reg_679">
<pin_list>
<pin id="680" dir="0" index="0" bw="10" slack="1"/>
<pin id="681" dir="1" index="1" bw="10" slack="1"/>
</pin_list>
<bind>
<opset="trunc_ln "/>
</bind>
</comp>

<comp id="684" class="1005" name="mul_ln2097_1_reg_684">
<pin_list>
<pin id="685" dir="0" index="0" bw="18" slack="1"/>
<pin id="686" dir="1" index="1" bw="18" slack="1"/>
</pin_list>
<bind>
<opset="mul_ln2097_1 "/>
</bind>
</comp>

<comp id="689" class="1005" name="zext_ln2101_1_reg_689">
<pin_list>
<pin id="690" dir="0" index="0" bw="18" slack="1"/>
<pin id="691" dir="1" index="1" bw="18" slack="1"/>
</pin_list>
<bind>
<opset="zext_ln2101_1 "/>
</bind>
</comp>

<comp id="694" class="1005" name="sext_ln2095_reg_694">
<pin_list>
<pin id="695" dir="0" index="0" bw="21" slack="1"/>
<pin id="696" dir="1" index="1" bw="21" slack="1"/>
</pin_list>
<bind>
<opset="sext_ln2095 "/>
</bind>
</comp>

<comp id="699" class="1005" name="sub_ln2102_reg_699">
<pin_list>
<pin id="700" dir="0" index="0" bw="9" slack="1"/>
<pin id="701" dir="1" index="1" bw="9" slack="1"/>
</pin_list>
<bind>
<opset="sub_ln2102 "/>
</bind>
</comp>

<comp id="705" class="1005" name="sub_ln2103_reg_705">
<pin_list>
<pin id="706" dir="0" index="0" bw="9" slack="1"/>
<pin id="707" dir="1" index="1" bw="9" slack="1"/>
</pin_list>
<bind>
<opset="sub_ln2103 "/>
</bind>
</comp>

<comp id="710" class="1005" name="trunc_ln2105_reg_710">
<pin_list>
<pin id="711" dir="0" index="0" bw="10" slack="1"/>
<pin id="712" dir="1" index="1" bw="10" slack="1"/>
</pin_list>
<bind>
<opset="trunc_ln2105 "/>
</bind>
</comp>

<comp id="715" class="1005" name="icmp_ln2105_reg_715">
<pin_list>
<pin id="716" dir="0" index="0" bw="1" slack="1"/>
<pin id="717" dir="1" index="1" bw="1" slack="1"/>
</pin_list>
<bind>
<opset="icmp_ln2105 "/>
</bind>
</comp>

<comp id="720" class="1005" name="g_reg_720">
<pin_list>
<pin id="721" dir="0" index="0" bw="10" slack="1"/>
<pin id="722" dir="1" index="1" bw="10" slack="1"/>
</pin_list>
<bind>
<opset="g "/>
</bind>
</comp>

<comp id="725" class="1005" name="b_reg_725">
<pin_list>
<pin id="726" dir="0" index="0" bw="12" slack="2"/>
<pin id="727" dir="1" index="1" bw="12" slack="2"/>
</pin_list>
<bind>
<opset="b "/>
</bind>
</comp>

<comp id="730" class="1005" name="trunc_ln8_reg_730">
<pin_list>
<pin id="731" dir="0" index="0" bw="9" slack="1"/>
<pin id="732" dir="1" index="1" bw="9" slack="1"/>
</pin_list>
<bind>
<opset="trunc_ln8 "/>
</bind>
</comp>

<comp id="735" class="1005" name="sext_ln2103_reg_735">
<pin_list>
<pin id="736" dir="0" index="0" bw="20" slack="1"/>
<pin id="737" dir="1" index="1" bw="20" slack="1"/>
</pin_list>
<bind>
<opset="sext_ln2103 "/>
</bind>
</comp>

<comp id="740" class="1005" name="select_ln2105_2_reg_740">
<pin_list>
<pin id="741" dir="0" index="0" bw="8" slack="3"/>
<pin id="742" dir="1" index="1" bw="8" slack="3"/>
</pin_list>
<bind>
<opset="select_ln2105_2 "/>
</bind>
</comp>

<comp id="745" class="1005" name="v_reg_745">
<pin_list>
<pin id="746" dir="0" index="0" bw="11" slack="1"/>
<pin id="747" dir="1" index="1" bw="11" slack="1"/>
</pin_list>
<bind>
<opset="v "/>
</bind>
</comp>

<comp id="750" class="1005" name="trunc_ln2107_reg_750">
<pin_list>
<pin id="751" dir="0" index="0" bw="9" slack="1"/>
<pin id="752" dir="1" index="1" bw="9" slack="1"/>
</pin_list>
<bind>
<opset="trunc_ln2107 "/>
</bind>
</comp>

<comp id="755" class="1005" name="icmp_ln2107_reg_755">
<pin_list>
<pin id="756" dir="0" index="0" bw="1" slack="1"/>
<pin id="757" dir="1" index="1" bw="1" slack="1"/>
</pin_list>
<bind>
<opset="icmp_ln2107 "/>
</bind>
</comp>

<comp id="760" class="1005" name="select_ln2107_2_reg_760">
<pin_list>
<pin id="761" dir="0" index="0" bw="8" slack="1"/>
<pin id="762" dir="1" index="1" bw="8" slack="1"/>
</pin_list>
<bind>
<opset="select_ln2107_2 "/>
</bind>
</comp>

<comp id="765" class="1005" name="icmp_ln2109_1_reg_765">
<pin_list>
<pin id="766" dir="0" index="0" bw="1" slack="1"/>
<pin id="767" dir="1" index="1" bw="1" slack="1"/>
</pin_list>
<bind>
<opset="icmp_ln2109_1 "/>
</bind>
</comp>

<comp id="770" class="1005" name="trunc_ln2109_1_reg_770">
<pin_list>
<pin id="771" dir="0" index="0" bw="8" slack="1"/>
<pin id="772" dir="1" index="1" bw="8" slack="1"/>
</pin_list>
<bind>
<opset="trunc_ln2109_1 "/>
</bind>
</comp>

</comp_list>

<net_list>
<net id="121"><net_src comp="10" pin="0"/><net_sink comp="118" pin=0"/></net>

<net id="126"><net_src comp="22" pin="0"/><net_sink comp="122" pin=0"/></net>

<net id="127"><net_src comp="8" pin="0"/><net_sink comp="122" pin=1"/></net>

<net id="132"><net_src comp="22" pin="0"/><net_sink comp="128" pin=0"/></net>

<net id="133"><net_src comp="6" pin="0"/><net_sink comp="128" pin=1"/></net>

<net id="138"><net_src comp="24" pin="0"/><net_sink comp="134" pin=0"/></net>

<net id="139"><net_src comp="0" pin="0"/><net_sink comp="134" pin=1"/></net>

<net id="144"><net_src comp="36" pin="0"/><net_sink comp="140" pin=0"/></net>

<net id="145"><net_src comp="4" pin="0"/><net_sink comp="140" pin=1"/></net>

<net id="151"><net_src comp="50" pin="0"/><net_sink comp="146" pin=0"/></net>

<net id="152"><net_src comp="2" pin="0"/><net_sink comp="146" pin=1"/></net>

<net id="153"><net_src comp="140" pin="2"/><net_sink comp="146" pin=2"/></net>

<net id="158"><net_src comp="26" pin="0"/><net_sink comp="154" pin=0"/></net>

<net id="166"><net_src comp="159" pin="1"/><net_sink comp="162" pin=0"/></net>

<net id="167"><net_src comp="134" pin="2"/><net_sink comp="162" pin=1"/></net>

<net id="172"><net_src comp="159" pin="1"/><net_sink comp="168" pin=0"/></net>

<net id="173"><net_src comp="34" pin="0"/><net_sink comp="168" pin=1"/></net>

<net id="178"><net_src comp="168" pin="2"/><net_sink comp="174" pin=0"/></net>

<net id="182"><net_src comp="140" pin="2"/><net_sink comp="179" pin=0"/></net>

<net id="189"><net_src comp="38" pin="0"/><net_sink comp="183" pin=0"/></net>

<net id="190"><net_src comp="140" pin="2"/><net_sink comp="183" pin=1"/></net>

<net id="191"><net_src comp="40" pin="0"/><net_sink comp="183" pin=2"/></net>

<net id="192"><net_src comp="42" pin="0"/><net_sink comp="183" pin=3"/></net>

<net id="199"><net_src comp="38" pin="0"/><net_sink comp="193" pin=0"/></net>

<net id="200"><net_src comp="140" pin="2"/><net_sink comp="193" pin=1"/></net>

<net id="201"><net_src comp="44" pin="0"/><net_sink comp="193" pin=2"/></net>

<net id="202"><net_src comp="46" pin="0"/><net_sink comp="193" pin=3"/></net>

<net id="206"><net_src comp="193" pin="4"/><net_sink comp="203" pin=0"/></net>

<net id="217"><net_src comp="210" pin="1"/><net_sink comp="213" pin=0"/></net>

<net id="218"><net_src comp="52" pin="0"/><net_sink comp="213" pin=1"/></net>

<net id="223"><net_src comp="56" pin="0"/><net_sink comp="219" pin=1"/></net>

<net id="227"><net_src comp="219" pin="2"/><net_sink comp="224" pin=0"/></net>

<net id="231"><net_src comp="219" pin="2"/><net_sink comp="228" pin=0"/></net>

<net id="236"><net_src comp="56" pin="0"/><net_sink comp="232" pin=1"/></net>

<net id="240"><net_src comp="232" pin="2"/><net_sink comp="237" pin=0"/></net>

<net id="245"><net_src comp="228" pin="1"/><net_sink comp="241" pin=0"/></net>

<net id="246"><net_src comp="58" pin="0"/><net_sink comp="241" pin=1"/></net>

<net id="251"><net_src comp="224" pin="1"/><net_sink comp="247" pin=0"/></net>

<net id="252"><net_src comp="62" pin="0"/><net_sink comp="247" pin=1"/></net>

<net id="259"><net_src comp="64" pin="0"/><net_sink comp="253" pin=0"/></net>

<net id="260"><net_src comp="241" pin="2"/><net_sink comp="253" pin=1"/></net>

<net id="261"><net_src comp="66" pin="0"/><net_sink comp="253" pin=2"/></net>

<net id="262"><net_src comp="68" pin="0"/><net_sink comp="253" pin=3"/></net>

<net id="285"><net_src comp="278" pin="1"/><net_sink comp="281" pin=0"/></net>

<net id="286"><net_src comp="275" pin="1"/><net_sink comp="281" pin=1"/></net>

<net id="291"><net_src comp="269" pin="1"/><net_sink comp="287" pin=0"/></net>

<net id="292"><net_src comp="70" pin="0"/><net_sink comp="287" pin=1"/></net>

<net id="299"><net_src comp="72" pin="0"/><net_sink comp="293" pin=0"/></net>

<net id="300"><net_src comp="66" pin="0"/><net_sink comp="293" pin=2"/></net>

<net id="301"><net_src comp="74" pin="0"/><net_sink comp="293" pin=3"/></net>

<net id="305"><net_src comp="293" pin="4"/><net_sink comp="302" pin=0"/></net>

<net id="309"><net_src comp="293" pin="4"/><net_sink comp="306" pin=0"/></net>

<net id="314"><net_src comp="266" pin="1"/><net_sink comp="310" pin=0"/></net>

<net id="315"><net_src comp="306" pin="1"/><net_sink comp="310" pin=1"/></net>

<net id="320"><net_src comp="272" pin="1"/><net_sink comp="316" pin=0"/></net>

<net id="321"><net_src comp="306" pin="1"/><net_sink comp="316" pin=1"/></net>

<net id="327"><net_src comp="281" pin="2"/><net_sink comp="322" pin=1"/></net>

<net id="328"><net_src comp="302" pin="1"/><net_sink comp="322" pin=2"/></net>

<net id="332"><net_src comp="322" pin="3"/><net_sink comp="329" pin=0"/></net>

<net id="337"><net_src comp="322" pin="3"/><net_sink comp="333" pin=0"/></net>

<net id="338"><net_src comp="76" pin="0"/><net_sink comp="333" pin=1"/></net>

<net id="351"><net_src comp="72" pin="0"/><net_sink comp="345" pin=0"/></net>

<net id="352"><net_src comp="66" pin="0"/><net_sink comp="345" pin=2"/></net>

<net id="353"><net_src comp="74" pin="0"/><net_sink comp="345" pin=3"/></net>

<net id="357"><net_src comp="345" pin="4"/><net_sink comp="354" pin=0"/></net>

<net id="362"><net_src comp="342" pin="1"/><net_sink comp="358" pin=0"/></net>

<net id="363"><net_src comp="354" pin="1"/><net_sink comp="358" pin=1"/></net>

<net id="370"><net_src comp="78" pin="0"/><net_sink comp="364" pin=0"/></net>

<net id="371"><net_src comp="287" pin="2"/><net_sink comp="364" pin=1"/></net>

<net id="372"><net_src comp="66" pin="0"/><net_sink comp="364" pin=2"/></net>

<net id="373"><net_src comp="80" pin="0"/><net_sink comp="364" pin=3"/></net>

<net id="377"><net_src comp="364" pin="4"/><net_sink comp="374" pin=0"/></net>

<net id="382"><net_src comp="374" pin="1"/><net_sink comp="378" pin=0"/></net>

<net id="383"><net_src comp="339" pin="1"/><net_sink comp="378" pin=1"/></net>

<net id="389"><net_src comp="82" pin="0"/><net_sink comp="384" pin=0"/></net>

<net id="390"><net_src comp="84" pin="0"/><net_sink comp="384" pin=2"/></net>

<net id="394"><net_src comp="384" pin="3"/><net_sink comp="391" pin=0"/></net>

<net id="400"><net_src comp="86" pin="0"/><net_sink comp="395" pin=0"/></net>

<net id="401"><net_src comp="88" pin="0"/><net_sink comp="395" pin=2"/></net>

<net id="405"><net_src comp="395" pin="3"/><net_sink comp="402" pin=0"/></net>

<net id="410"><net_src comp="391" pin="1"/><net_sink comp="406" pin=0"/></net>

<net id="411"><net_src comp="402" pin="1"/><net_sink comp="406" pin=1"/></net>

<net id="418"><net_src comp="90" pin="0"/><net_sink comp="412" pin=0"/></net>

<net id="419"><net_src comp="406" pin="2"/><net_sink comp="412" pin=1"/></net>

<net id="420"><net_src comp="66" pin="0"/><net_sink comp="412" pin=2"/></net>

<net id="421"><net_src comp="92" pin="0"/><net_sink comp="412" pin=3"/></net>

<net id="429"><net_src comp="422" pin="1"/><net_sink comp="425" pin=0"/></net>

<net id="430"><net_src comp="94" pin="0"/><net_sink comp="425" pin=1"/></net>

<net id="436"><net_src comp="96" pin="0"/><net_sink comp="431" pin=2"/></net>

<net id="441"><net_src comp="431" pin="3"/><net_sink comp="437" pin=0"/></net>

<net id="442"><net_src comp="98" pin="0"/><net_sink comp="437" pin=1"/></net>

<net id="446"><net_src comp="431" pin="3"/><net_sink comp="443" pin=0"/></net>

<net id="452"><net_src comp="437" pin="2"/><net_sink comp="447" pin=0"/></net>

<net id="453"><net_src comp="443" pin="1"/><net_sink comp="447" pin=1"/></net>

<net id="454"><net_src comp="100" pin="0"/><net_sink comp="447" pin=2"/></net>

<net id="462"><net_src comp="455" pin="1"/><net_sink comp="458" pin=0"/></net>

<net id="463"><net_src comp="102" pin="0"/><net_sink comp="458" pin=1"/></net>

<net id="470"><net_src comp="64" pin="0"/><net_sink comp="464" pin=0"/></net>

<net id="471"><net_src comp="425" pin="2"/><net_sink comp="464" pin=1"/></net>

<net id="472"><net_src comp="66" pin="0"/><net_sink comp="464" pin=2"/></net>

<net id="473"><net_src comp="68" pin="0"/><net_sink comp="464" pin=3"/></net>

<net id="477"><net_src comp="464" pin="4"/><net_sink comp="474" pin=0"/></net>

<net id="482"><net_src comp="474" pin="1"/><net_sink comp="478" pin=0"/></net>

<net id="483"><net_src comp="104" pin="0"/><net_sink comp="478" pin=1"/></net>

<net id="489"><net_src comp="458" pin="2"/><net_sink comp="484" pin=2"/></net>

<net id="493"><net_src comp="484" pin="3"/><net_sink comp="490" pin=0"/></net>

<net id="498"><net_src comp="484" pin="3"/><net_sink comp="494" pin=0"/></net>

<net id="499"><net_src comp="96" pin="0"/><net_sink comp="494" pin=1"/></net>

<net id="508"><net_src comp="106" pin="0"/><net_sink comp="503" pin=2"/></net>

<net id="513"><net_src comp="503" pin="3"/><net_sink comp="509" pin=0"/></net>

<net id="514"><net_src comp="84" pin="0"/><net_sink comp="509" pin=1"/></net>

<net id="518"><net_src comp="503" pin="3"/><net_sink comp="515" pin=0"/></net>

<net id="524"><net_src comp="509" pin="2"/><net_sink comp="519" pin=0"/></net>

<net id="525"><net_src comp="515" pin="1"/><net_sink comp="519" pin=1"/></net>

<net id="526"><net_src comp="100" pin="0"/><net_sink comp="519" pin=2"/></net>

<net id="532"><net_src comp="500" pin="1"/><net_sink comp="527" pin=2"/></net>

<net id="536"><net_src comp="527" pin="3"/><net_sink comp="533" pin=0"/></net>

<net id="541"><net_src comp="527" pin="3"/><net_sink comp="537" pin=0"/></net>

<net id="542"><net_src comp="108" pin="0"/><net_sink comp="537" pin=1"/></net>

<net id="548"><net_src comp="537" pin="2"/><net_sink comp="543" pin=0"/></net>

<net id="549"><net_src comp="533" pin="1"/><net_sink comp="543" pin=1"/></net>

<net id="550"><net_src comp="76" pin="0"/><net_sink comp="543" pin=2"/></net>

<net id="555"><net_src comp="543" pin="3"/><net_sink comp="551" pin=0"/></net>

<net id="556"><net_src comp="26" pin="0"/><net_sink comp="551" pin=1"/></net>

<net id="560"><net_src comp="543" pin="3"/><net_sink comp="557" pin=0"/></net>

<net id="566"><net_src comp="100" pin="0"/><net_sink comp="561" pin=2"/></net>

<net id="573"><net_src comp="116" pin="0"/><net_sink comp="567" pin=0"/></net>

<net id="574"><net_src comp="561" pin="3"/><net_sink comp="567" pin=1"/></net>

<net id="575"><net_src comp="567" pin="4"/><net_sink comp="146" pin=2"/></net>

<net id="581"><net_src comp="203" pin="1"/><net_sink comp="576" pin=0"/></net>

<net id="582"><net_src comp="48" pin="0"/><net_sink comp="576" pin=1"/></net>

<net id="583"><net_src comp="576" pin="3"/><net_sink comp="263" pin=0"/></net>

<net id="589"><net_src comp="207" pin="1"/><net_sink comp="584" pin=0"/></net>

<net id="590"><net_src comp="54" pin="0"/><net_sink comp="584" pin=1"/></net>

<net id="591"><net_src comp="263" pin="1"/><net_sink comp="584" pin=2"/></net>

<net id="592"><net_src comp="584" pin="3"/><net_sink comp="293" pin=1"/></net>

<net id="598"><net_src comp="237" pin="1"/><net_sink comp="593" pin=0"/></net>

<net id="599"><net_src comp="60" pin="0"/><net_sink comp="593" pin=1"/></net>

<net id="600"><net_src comp="593" pin="3"/><net_sink comp="345" pin=1"/></net>

<net id="604"><net_src comp="118" pin="1"/><net_sink comp="601" pin=0"/></net>

<net id="605"><net_src comp="601" pin="1"/><net_sink comp="154" pin=1"/></net>

<net id="606"><net_src comp="601" pin="1"/><net_sink comp="159" pin=0"/></net>

<net id="607"><net_src comp="601" pin="1"/><net_sink comp="174" pin=1"/></net>

<net id="611"><net_src comp="122" pin="2"/><net_sink comp="608" pin=0"/></net>

<net id="615"><net_src comp="128" pin="2"/><net_sink comp="612" pin=0"/></net>

<net id="616"><net_src comp="612" pin="1"/><net_sink comp="322" pin=0"/></net>

<net id="617"><net_src comp="612" pin="1"/><net_sink comp="484" pin=0"/></net>

<net id="618"><net_src comp="612" pin="1"/><net_sink comp="527" pin=0"/></net>

<net id="622"><net_src comp="162" pin="2"/><net_sink comp="619" pin=0"/></net>

<net id="626"><net_src comp="179" pin="1"/><net_sink comp="623" pin=0"/></net>

<net id="627"><net_src comp="623" pin="1"/><net_sink comp="210" pin=0"/></net>

<net id="628"><net_src comp="623" pin="1"/><net_sink comp="272" pin=0"/></net>

<net id="629"><net_src comp="623" pin="1"/><net_sink comp="275" pin=0"/></net>

<net id="630"><net_src comp="623" pin="1"/><net_sink comp="339" pin=0"/></net>

<net id="631"><net_src comp="623" pin="1"/><net_sink comp="342" pin=0"/></net>

<net id="635"><net_src comp="183" pin="4"/><net_sink comp="632" pin=0"/></net>

<net id="636"><net_src comp="632" pin="1"/><net_sink comp="207" pin=0"/></net>

<net id="637"><net_src comp="632" pin="1"/><net_sink comp="232" pin=0"/></net>

<net id="641"><net_src comp="193" pin="4"/><net_sink comp="638" pin=0"/></net>

<net id="642"><net_src comp="638" pin="1"/><net_sink comp="219" pin=0"/></net>

<net id="643"><net_src comp="638" pin="1"/><net_sink comp="266" pin=0"/></net>

<net id="647"><net_src comp="203" pin="1"/><net_sink comp="644" pin=0"/></net>

<net id="648"><net_src comp="644" pin="1"/><net_sink comp="576" pin=0"/></net>

<net id="652"><net_src comp="207" pin="1"/><net_sink comp="649" pin=0"/></net>

<net id="653"><net_src comp="649" pin="1"/><net_sink comp="584" pin=0"/></net>

<net id="657"><net_src comp="213" pin="2"/><net_sink comp="654" pin=0"/></net>

<net id="658"><net_src comp="654" pin="1"/><net_sink comp="576" pin=0"/></net>

<net id="662"><net_src comp="224" pin="1"/><net_sink comp="659" pin=0"/></net>

<net id="663"><net_src comp="659" pin="1"/><net_sink comp="247" pin=0"/></net>

<net id="667"><net_src comp="228" pin="1"/><net_sink comp="664" pin=0"/></net>

<net id="668"><net_src comp="664" pin="1"/><net_sink comp="241" pin=0"/></net>

<net id="672"><net_src comp="232" pin="2"/><net_sink comp="669" pin=0"/></net>

<net id="673"><net_src comp="669" pin="1"/><net_sink comp="269" pin=0"/></net>

<net id="677"><net_src comp="237" pin="1"/><net_sink comp="674" pin=0"/></net>

<net id="678"><net_src comp="674" pin="1"/><net_sink comp="593" pin=0"/></net>

<net id="682"><net_src comp="253" pin="4"/><net_sink comp="679" pin=0"/></net>

<net id="683"><net_src comp="679" pin="1"/><net_sink comp="278" pin=0"/></net>

<net id="687"><net_src comp="247" pin="2"/><net_sink comp="684" pin=0"/></net>

<net id="688"><net_src comp="684" pin="1"/><net_sink comp="593" pin=0"/></net>

<net id="692"><net_src comp="263" pin="1"/><net_sink comp="689" pin=0"/></net>

<net id="693"><net_src comp="689" pin="1"/><net_sink comp="584" pin=0"/></net>

<net id="697"><net_src comp="269" pin="1"/><net_sink comp="694" pin=0"/></net>

<net id="698"><net_src comp="694" pin="1"/><net_sink comp="287" pin=0"/></net>

<net id="702"><net_src comp="310" pin="2"/><net_sink comp="699" pin=0"/></net>

<net id="703"><net_src comp="699" pin="1"/><net_sink comp="384" pin=1"/></net>

<net id="704"><net_src comp="699" pin="1"/><net_sink comp="395" pin=1"/></net>

<net id="708"><net_src comp="316" pin="2"/><net_sink comp="705" pin=0"/></net>

<net id="709"><net_src comp="705" pin="1"/><net_sink comp="422" pin=0"/></net>

<net id="713"><net_src comp="329" pin="1"/><net_sink comp="710" pin=0"/></net>

<net id="714"><net_src comp="710" pin="1"/><net_sink comp="431" pin=1"/></net>

<net id="718"><net_src comp="333" pin="2"/><net_sink comp="715" pin=0"/></net>

<net id="719"><net_src comp="715" pin="1"/><net_sink comp="431" pin=0"/></net>

<net id="723"><net_src comp="358" pin="2"/><net_sink comp="720" pin=0"/></net>

<net id="724"><net_src comp="720" pin="1"/><net_sink comp="484" pin=1"/></net>

<net id="728"><net_src comp="378" pin="2"/><net_sink comp="725" pin=0"/></net>

<net id="729"><net_src comp="725" pin="1"/><net_sink comp="527" pin=1"/></net>

<net id="733"><net_src comp="412" pin="4"/><net_sink comp="730" pin=0"/></net>

<net id="734"><net_src comp="730" pin="1"/><net_sink comp="455" pin=0"/></net>

<net id="738"><net_src comp="422" pin="1"/><net_sink comp="735" pin=0"/></net>

<net id="739"><net_src comp="735" pin="1"/><net_sink comp="425" pin=0"/></net>

<net id="743"><net_src comp="447" pin="3"/><net_sink comp="740" pin=0"/></net>

<net id="744"><net_src comp="740" pin="1"/><net_sink comp="567" pin=3"/></net>

<net id="748"><net_src comp="478" pin="2"/><net_sink comp="745" pin=0"/></net>

<net id="749"><net_src comp="745" pin="1"/><net_sink comp="500" pin=0"/></net>

<net id="753"><net_src comp="490" pin="1"/><net_sink comp="750" pin=0"/></net>

<net id="754"><net_src comp="750" pin="1"/><net_sink comp="503" pin=1"/></net>

<net id="758"><net_src comp="494" pin="2"/><net_sink comp="755" pin=0"/></net>

<net id="759"><net_src comp="755" pin="1"/><net_sink comp="503" pin=0"/></net>

<net id="763"><net_src comp="519" pin="3"/><net_sink comp="760" pin=0"/></net>

<net id="764"><net_src comp="760" pin="1"/><net_sink comp="567" pin=2"/></net>

<net id="768"><net_src comp="551" pin="2"/><net_sink comp="765" pin=0"/></net>

<net id="769"><net_src comp="765" pin="1"/><net_sink comp="561" pin=0"/></net>

<net id="773"><net_src comp="557" pin="1"/><net_sink comp="770" pin=0"/></net>

<net id="774"><net_src comp="770" pin="1"/><net_sink comp="561" pin=1"/></net>

</net_list>

</model> 
---------------- Datapath Model END ------------------

* FSMD analyzer results:
  - Output states:
	Port: stream_scaled_csc | {2 10 }
 - Input state : 
	Port: v_csc_core_Pipeline_VITIS_LOOP_2080_2 : empty | {1 }
	Port: v_csc_core_Pipeline_VITIS_LOOP_2080_2 : stream_scaled | {2 }
	Port: v_csc_core_Pipeline_VITIS_LOOP_2080_2 : cmp74 | {1 }
	Port: v_csc_core_Pipeline_VITIS_LOOP_2080_2 : bPassThru_read | {1 }
  - Chain level:
	State 1
		store_ln2071 : 1
		x_3 : 1
		icmp_ln2080 : 2
		x_4 : 2
		br_ln2080 : 3
		store_ln2071 : 3
	State 2
		zext_ln2094_1 : 1
		mul_ln2101_2 : 2
	State 3
		mul_ln2101 : 1
		mul_ln2101_1 : 1
	State 4
		mul_ln2096 : 1
		mul_ln2097 : 1
		mul_ln2097_1 : 1
		zext_ln2101 : 1
		add_ln2101 : 2
	State 5
		trunc_ln : 1
		zext_ln2101_1 : 1
		add_ln2101_1 : 2
	State 6
		r : 1
		add_ln2097 : 1
		mul_ln2098 : 1
		tmp_2 : 1
		zext_ln2101_2 : 2
		zext_ln2101_3 : 2
		sub_ln2102 : 3
		sub_ln2103 : 3
		select_ln2105 : 3
		trunc_ln2105 : 4
		icmp_ln2105 : 4
	State 7
		trunc_ln6 : 1
		sext_ln2097_1 : 2
		g : 3
		trunc_ln7 : 1
		sext_ln2098 : 2
		b : 3
		sext_ln2102 : 1
		sext_ln2102_1 : 1
		sub_ln2102_1 : 2
		trunc_ln8 : 3
		mul_ln2103 : 1
		icmp_ln2105_1 : 1
		trunc_ln2105_1 : 1
		select_ln2105_2 : 2
	State 8
		u : 1
		trunc_ln9 : 1
		sext_ln2103_1 : 2
		v : 3
		select_ln2107 : 2
		trunc_ln2107 : 3
		icmp_ln2107 : 3
	State 9
		icmp_ln2107_1 : 1
		trunc_ln2107_1 : 1
		select_ln2107_2 : 2
		select_ln2109 : 1
		trunc_ln2109 : 2
		icmp_ln2109 : 2
		select_ln2109_1 : 3
		icmp_ln2109_1 : 4
		trunc_ln2109_1 : 4
	State 10
		p_0 : 1
		write_ln2115 : 2


============================================================
+ Verbose Summary: Datapath Resource usage 
============================================================

* Functional unit list:
|----------|--------------------------------|---------|---------|---------|
| Operation|         Functional Unit        |   DSP   |    FF   |   LUT   |
|----------|--------------------------------|---------|---------|---------|
|          |        mul_ln2101_fu_213       |    0    |    0    |    63   |
|          |           grp_fu_241           |    1    |    51   |    2    |
|    mul   |           grp_fu_247           |    1    |    47   |    2    |
|          |           grp_fu_287           |    1    |    55   |    2    |
|          |           grp_fu_425           |    1    |    47   |    2    |
|----------|--------------------------------|---------|---------|---------|
|          |       icmp_ln2080_fu_162       |    0    |    0    |    12   |
|          |       icmp_ln2105_fu_333       |    0    |    0    |    12   |
|          |      icmp_ln2105_1_fu_437      |    0    |    0    |    13   |
|   icmp   |       icmp_ln2107_fu_494       |    0    |    0    |    13   |
|          |      icmp_ln2107_1_fu_509      |    0    |    0    |    14   |
|          |       icmp_ln2109_fu_537       |    0    |    0    |    12   |
|          |      icmp_ln2109_1_fu_551      |    0    |    0    |    12   |
|----------|--------------------------------|---------|---------|---------|
|          |      select_ln2105_fu_322      |    0    |    0    |    11   |
|          |     select_ln2105_1_fu_431     |    0    |    0    |    10   |
|          |     select_ln2105_2_fu_447     |    0    |    0    |    8    |
|          |      select_ln2107_fu_484      |    0    |    0    |    10   |
|  select  |     select_ln2107_1_fu_503     |    0    |    0    |    9    |
|          |     select_ln2107_2_fu_519     |    0    |    0    |    8    |
|          |      select_ln2109_fu_527      |    0    |    0    |    12   |
|          |     select_ln2109_1_fu_543     |    0    |    0    |    11   |
|          |     select_ln2109_2_fu_561     |    0    |    0    |    8    |
|----------|--------------------------------|---------|---------|---------|
|          |        sub_ln2102_fu_310       |    0    |    0    |    15   |
|    sub   |        sub_ln2103_fu_316       |    0    |    0    |    15   |
|          |            g_fu_358            |    0    |    0    |    15   |
|          |       sub_ln2102_1_fu_406      |    0    |    0    |    25   |
|----------|--------------------------------|---------|---------|---------|
|          |           x_4_fu_168           |    0    |    0    |    12   |
|          |            r_fu_281            |    0    |    0    |    13   |
|    add   |            b_fu_378            |    0    |    0    |    12   |
|          |            u_fu_458            |    0    |    0    |    14   |
|          |            v_fu_478            |    0    |    0    |    13   |
|----------|--------------------------------|---------|---------|---------|
|    xor   |            Cr_fu_219           |    0    |    0    |    8    |
|          |            Cb_fu_232           |    0    |    0    |    8    |
|----------|--------------------------------|---------|---------|---------|
|          |           grp_fu_576           |    1    |    0    |    0    |
|  muladd  |           grp_fu_584           |    1    |    0    |    0    |
|          |           grp_fu_593           |    1    |    0    |    0    |
|----------|--------------------------------|---------|---------|---------|
|          |  bPassThru_read_1_read_fu_122  |    0    |    0    |    0    |
|   read   |     cmp74_read_read_fu_128     |    0    |    0    |    0    |
|          |        tmp_3_read_fu_134       |    0    |    0    |    0    |
|          | stream_scaled_read_read_fu_140 |    0    |    0    |    0    |
|----------|--------------------------------|---------|---------|---------|
|   write  |        grp_write_fu_146        |    0    |    0    |    0    |
|----------|--------------------------------|---------|---------|---------|
|          |           r_y_fu_179           |    0    |    0    |    0    |
|          |       trunc_ln2105_fu_329      |    0    |    0    |    0    |
|          |      trunc_ln2105_1_fu_443     |    0    |    0    |    0    |
|   trunc  |       trunc_ln2107_fu_490      |    0    |    0    |    0    |
|          |      trunc_ln2107_1_fu_515     |    0    |    0    |    0    |
|          |       trunc_ln2109_fu_533      |    0    |    0    |    0    |
|          |      trunc_ln2109_1_fu_557     |    0    |    0    |    0    |
|----------|--------------------------------|---------|---------|---------|
|          |           g_u_fu_183           |    0    |    0    |    0    |
|          |           tmp_fu_193           |    0    |    0    |    0    |
|          |         trunc_ln_fu_253        |    0    |    0    |    0    |
|partselect|          tmp_2_fu_293          |    0    |    0    |    0    |
|          |        trunc_ln6_fu_345        |    0    |    0    |    0    |
|          |        trunc_ln7_fu_364        |    0    |    0    |    0    |
|          |        trunc_ln8_fu_412        |    0    |    0    |    0    |
|          |        trunc_ln9_fu_464        |    0    |    0    |    0    |
|----------|--------------------------------|---------|---------|---------|
|          |      zext_ln2094_1_fu_203      |    0    |    0    |    0    |
|          |       zext_ln2095_fu_207       |    0    |    0    |    0    |
|          |      zext_ln2096_1_fu_210      |    0    |    0    |    0    |
|          |      zext_ln2101_1_fu_263      |    0    |    0    |    0    |
|          |       zext_ln2094_fu_266       |    0    |    0    |    0    |
|   zext   |       zext_ln2096_fu_272       |    0    |    0    |    0    |
|          |      zext_ln2096_4_fu_275      |    0    |    0    |    0    |
|          |      zext_ln2101_2_fu_302      |    0    |    0    |    0    |
|          |      zext_ln2101_3_fu_306      |    0    |    0    |    0    |
|          |      zext_ln2096_2_fu_339      |    0    |    0    |    0    |
|          |      zext_ln2096_3_fu_342      |    0    |    0    |    0    |
|----------|--------------------------------|---------|---------|---------|
|          |       sext_ln2097_fu_224       |    0    |    0    |    0    |
|          |       sext_ln2094_fu_228       |    0    |    0    |    0    |
|          |      sext_ln2095_1_fu_237      |    0    |    0    |    0    |
|          |       sext_ln2095_fu_269       |    0    |    0    |    0    |
|          |       sext_ln2096_fu_278       |    0    |    0    |    0    |
|          |      sext_ln2097_1_fu_354      |    0    |    0    |    0    |
|   sext   |       sext_ln2098_fu_374       |    0    |    0    |    0    |
|          |       sext_ln2102_fu_391       |    0    |    0    |    0    |
|          |      sext_ln2102_1_fu_402      |    0    |    0    |    0    |
|          |       sext_ln2103_fu_422       |    0    |    0    |    0    |
|          |      sext_ln2102_2_fu_455      |    0    |    0    |    0    |
|          |      sext_ln2103_1_fu_474      |    0    |    0    |    0    |
|          |      sext_ln2103_2_fu_500      |    0    |    0    |    0    |
|----------|--------------------------------|---------|---------|---------|
|          |          shl_ln_fu_384         |    0    |    0    |    0    |
|bitconcatenate|       shl_ln2102_1_fu_395      |    0    |    0    |    0    |
|          |           p_0_fu_567           |    0    |    0    |    0    |
|----------|--------------------------------|---------|---------|---------|
|   Total  |                                |    7    |   200   |   396   |
|----------|--------------------------------|---------|---------|---------|

Memories:
N/A

* Register list:
+------------------------+--------+
|                        |   FF   |
+------------------------+--------+
|       Cb_reg_669       |    8   |
|bPassThru_read_1_reg_608|    1   |
|        b_reg_725       |   12   |
|   cmp74_read_reg_612   |    1   |
|        g_reg_720       |   10   |
|       g_u_reg_632      |    8   |
|   icmp_ln2080_reg_619  |    1   |
|   icmp_ln2105_reg_715  |    1   |
|   icmp_ln2107_reg_755  |    1   |
|  icmp_ln2109_1_reg_765 |    1   |
|  mul_ln2097_1_reg_684  |   18   |
|   mul_ln2101_reg_654   |   17   |
|       r_y_reg_623      |    8   |
| select_ln2105_2_reg_740|    8   |
| select_ln2107_2_reg_760|    8   |
|   sext_ln2094_reg_664  |   20   |
|  sext_ln2095_1_reg_674 |   18   |
|   sext_ln2095_reg_694  |   21   |
|   sext_ln2097_reg_659  |   18   |
|   sext_ln2103_reg_735  |   20   |
|   sub_ln2102_reg_699   |    9   |
|   sub_ln2103_reg_705   |    9   |
|       tmp_reg_638      |    8   |
|  trunc_ln2105_reg_710  |   10   |
|  trunc_ln2107_reg_750  |    9   |
| trunc_ln2109_1_reg_770 |    8   |
|    trunc_ln8_reg_730   |    9   |
|    trunc_ln_reg_679    |   10   |
|        v_reg_745       |   11   |
|        x_reg_601       |   11   |
|  zext_ln2094_1_reg_644 |   15   |
|   zext_ln2095_reg_649  |   18   |
|  zext_ln2101_1_reg_689 |   18   |
+------------------------+--------+
|          Total         |   345  |
+------------------------+--------+

* Multiplexer (MUX) list: 
|------------------|------|------|------|--------||---------||---------|
|       Comp       |  Pin | Size |  BW  | S x BW ||  Delay  ||   LUT   |
|------------------|------|------|------|--------||---------||---------|
| grp_write_fu_146 |  p2  |   2  |  24  |   48   ||    9    |
|    grp_fu_241    |  p0  |   2  |   8  |   16   ||    9    |
|    grp_fu_247    |  p0  |   2  |   8  |   16   ||    9    |
|    grp_fu_287    |  p0  |   2  |   8  |   16   ||    9    |
|    grp_fu_425    |  p0  |   2  |   9  |   18   ||    9    |
|    grp_fu_576    |  p0  |   3  |   8  |   24   ||    14   |
|    grp_fu_584    |  p0  |   3  |   8  |   24   ||    14   |
|    grp_fu_593    |  p0  |   3  |   8  |   24   ||    14   |
|------------------|------|------|------|--------||---------||---------|
|       Total      |      |      |      |   186  || 13.0619 ||    87   |
|------------------|------|------|------|--------||---------||---------|



* Summary:
+-----------+--------+--------+--------+--------+
|           |   DSP  |  Delay |   FF   |   LUT  |
+-----------+--------+--------+--------+--------+
|  Function |    7   |    -   |   200  |   396  |
|   Memory  |    -   |    -   |    -   |    -   |
|Multiplexer|    -   |   13   |    -   |   87   |
|  Register |    -   |    -   |   345  |    -   |
+-----------+--------+--------+--------+--------+
|   Total   |    7   |   13   |   545  |   483  |
+-----------+--------+--------+--------+--------+
