Copyright 1986-2022 Xilinx, Inc. All Rights Reserved. Copyright 2022-2023 Advanced Micro Devices, Inc. All Rights Reserved.
-----------------------------------------------------------------------------------------------------------------------------------------------------------------------------------------------------
| Tool Version : Vivado v.2023.2 (win64) Build 4029153 Fri Oct 13 20:14:34 MDT 2023
| Date         : Fri Dec 22 11:59:49 2023
| Host         : DESKTOP-1T2E61L running 64-bit major release  (build 9200)
| Command      : report_methodology -file broncho_video_wrapper_methodology_drc_routed.rpt -pb broncho_video_wrapper_methodology_drc_routed.pb -rpx broncho_video_wrapper_methodology_drc_routed.rpx
| Design       : broncho_video_wrapper
| Device       : xc7z020clg484-1
| Speed File   : -1
| Design State : Fully Routed
-----------------------------------------------------------------------------------------------------------------------------------------------------------------------------------------------------

Report Methodology

Table of Contents
-----------------
1. REPORT SUMMARY
2. REPORT DETAILS

1. REPORT SUMMARY
-----------------
            Netlist: netlist
          Floorplan: design_1
      Design limits: <entire design considered>
             Max violations: <unlimited>
             Violations found: 1169
+-----------+------------------+-----------------------------------------------------------+------------+
| Rule      | Severity         | Description                                               | Violations |
+-----------+------------------+-----------------------------------------------------------+------------+
| TIMING-6  | Critical Warning | No common primary clock between related clocks            | 3          |
| TIMING-7  | Critical Warning | No common node between related clocks                     | 3          |
| TIMING-8  | Critical Warning | No common period between related clocks                   | 1          |
| TIMING-17 | Critical Warning | Non-clocked sequential cell                               | 143        |
| TIMING-51 | Critical Warning | No common phase between related clocks from parallel CMBs | 1          |
| LUTAR-1   | Warning          | LUT drives async reset alert                              | 4          |
| TIMING-9  | Warning          | Unknown CDC Logic                                         | 1          |
| TIMING-16 | Warning          | Large setup violation                                     | 1000       |
| TIMING-18 | Warning          | Missing input or output delay                             | 12         |
| ULMTCS-1  | Warning          | Control Sets use limits recommend reduction               | 1          |
+-----------+------------------+-----------------------------------------------------------+------------+

2. REPORT DETAILS
-----------------
TIMING-6#1 Critical Warning
No common primary clock between related clocks  
The clocks clk_fpga_0 and clk_fpga_1 are related (timed together) but they have no common primary clock. The design could fail in hardware. To find a timing path between these clocks, run the following command: report_timing -from [get_clocks clk_fpga_0] -to [get_clocks clk_fpga_1]
Related violations: <none>

TIMING-6#2 Critical Warning
No common primary clock between related clocks  
The clocks clk_fpga_0 and clk_out1_broncho_video_clk_wiz_0_0 are related (timed together) but they have no common primary clock. The design could fail in hardware. To find a timing path between these clocks, run the following command: report_timing -from [get_clocks clk_fpga_0] -to [get_clocks clk_out1_broncho_video_clk_wiz_0_0]
Related violations: <none>

TIMING-6#3 Critical Warning
No common primary clock between related clocks  
The clocks clk_fpga_1 and clk_fpga_0 are related (timed together) but they have no common primary clock. The design could fail in hardware. To find a timing path between these clocks, run the following command: report_timing -from [get_clocks clk_fpga_1] -to [get_clocks clk_fpga_0]
Related violations: <none>

TIMING-7#1 Critical Warning
No common node between related clocks  
The clocks clk_fpga_0 and clk_fpga_1 are related (timed together) but they have no common node. The design could fail in hardware. To find a timing path between these clocks, run the following command: report_timing -from [get_clocks clk_fpga_0] -to [get_clocks clk_fpga_1]
Related violations: <none>

TIMING-7#2 Critical Warning
No common node between related clocks  
The clocks clk_fpga_0 and clk_out1_broncho_video_clk_wiz_0_0 are related (timed together) but they have no common node. The design could fail in hardware. To find a timing path between these clocks, run the following command: report_timing -from [get_clocks clk_fpga_0] -to [get_clocks clk_out1_broncho_video_clk_wiz_0_0]
Related violations: <none>

TIMING-7#3 Critical Warning
No common node between related clocks  
The clocks clk_fpga_1 and clk_fpga_0 are related (timed together) but they have no common node. The design could fail in hardware. To find a timing path between these clocks, run the following command: report_timing -from [get_clocks clk_fpga_1] -to [get_clocks clk_fpga_0]
Related violations: <none>

TIMING-8#1 Critical Warning
No common period between related clocks  
The clocks clk_fpga_0 and clk_out1_broncho_video_clk_wiz_0_0 are found related (timed together) but have no common (expandable) period
Related violations: <none>

TIMING-17#1 Critical Warning
Non-clocked sequential cell  
The clock pin broncho_video_i/v_vid_in_axi4s_0/inst/COUPLER_INST/generate_async_fifo.FIFO_INST/XPM_FIFO_ASYNC_INST/gnuram_async_fifo.xpm_fifo_base_inst/gen_cdc_pntr.rd_pntr_cdc_inst/dest_graysync_ff_reg[0][0]/C is not reached by a timing clock
Related violations: <none>

TIMING-17#2 Critical Warning
Non-clocked sequential cell  
The clock pin broncho_video_i/v_vid_in_axi4s_0/inst/COUPLER_INST/generate_async_fifo.FIFO_INST/XPM_FIFO_ASYNC_INST/gnuram_async_fifo.xpm_fifo_base_inst/gen_cdc_pntr.rd_pntr_cdc_inst/dest_graysync_ff_reg[0][1]/C is not reached by a timing clock
Related violations: <none>

TIMING-17#3 Critical Warning
Non-clocked sequential cell  
The clock pin broncho_video_i/v_vid_in_axi4s_0/inst/COUPLER_INST/generate_async_fifo.FIFO_INST/XPM_FIFO_ASYNC_INST/gnuram_async_fifo.xpm_fifo_base_inst/gen_cdc_pntr.rd_pntr_cdc_inst/dest_graysync_ff_reg[0][2]/C is not reached by a timing clock
Related violations: <none>

TIMING-17#4 Critical Warning
Non-clocked sequential cell  
The clock pin broncho_video_i/v_vid_in_axi4s_0/inst/COUPLER_INST/generate_async_fifo.FIFO_INST/XPM_FIFO_ASYNC_INST/gnuram_async_fifo.xpm_fifo_base_inst/gen_cdc_pntr.rd_pntr_cdc_inst/dest_graysync_ff_reg[0][3]/C is not reached by a timing clock
Related violations: <none>

TIMING-17#5 Critical Warning
Non-clocked sequential cell  
The clock pin broncho_video_i/v_vid_in_axi4s_0/inst/COUPLER_INST/generate_async_fifo.FIFO_INST/XPM_FIFO_ASYNC_INST/gnuram_async_fifo.xpm_fifo_base_inst/gen_cdc_pntr.rd_pntr_cdc_inst/dest_graysync_ff_reg[0][4]/C is not reached by a timing clock
Related violations: <none>

TIMING-17#6 Critical Warning
Non-clocked sequential cell  
The clock pin broncho_video_i/v_vid_in_axi4s_0/inst/COUPLER_INST/generate_async_fifo.FIFO_INST/XPM_FIFO_ASYNC_INST/gnuram_async_fifo.xpm_fifo_base_inst/gen_cdc_pntr.rd_pntr_cdc_inst/dest_graysync_ff_reg[0][5]/C is not reached by a timing clock
Related violations: <none>

TIMING-17#7 Critical Warning
Non-clocked sequential cell  
The clock pin broncho_video_i/v_vid_in_axi4s_0/inst/COUPLER_INST/generate_async_fifo.FIFO_INST/XPM_FIFO_ASYNC_INST/gnuram_async_fifo.xpm_fifo_base_inst/gen_cdc_pntr.rd_pntr_cdc_inst/dest_graysync_ff_reg[0][6]/C is not reached by a timing clock
Related violations: <none>

TIMING-17#8 Critical Warning
Non-clocked sequential cell  
The clock pin broncho_video_i/v_vid_in_axi4s_0/inst/COUPLER_INST/generate_async_fifo.FIFO_INST/XPM_FIFO_ASYNC_INST/gnuram_async_fifo.xpm_fifo_base_inst/gen_cdc_pntr.rd_pntr_cdc_inst/dest_graysync_ff_reg[0][7]/C is not reached by a timing clock
Related violations: <none>

TIMING-17#9 Critical Warning
Non-clocked sequential cell  
The clock pin broncho_video_i/v_vid_in_axi4s_0/inst/COUPLER_INST/generate_async_fifo.FIFO_INST/XPM_FIFO_ASYNC_INST/gnuram_async_fifo.xpm_fifo_base_inst/gen_cdc_pntr.rd_pntr_cdc_inst/dest_graysync_ff_reg[0][8]/C is not reached by a timing clock
Related violations: <none>

TIMING-17#10 Critical Warning
Non-clocked sequential cell  
The clock pin broncho_video_i/v_vid_in_axi4s_0/inst/COUPLER_INST/generate_async_fifo.FIFO_INST/XPM_FIFO_ASYNC_INST/gnuram_async_fifo.xpm_fifo_base_inst/gen_cdc_pntr.rd_pntr_cdc_inst/dest_graysync_ff_reg[0][9]/C is not reached by a timing clock
Related violations: <none>

TIMING-17#11 Critical Warning
Non-clocked sequential cell  
The clock pin broncho_video_i/v_vid_in_axi4s_0/inst/COUPLER_INST/generate_async_fifo.FIFO_INST/XPM_FIFO_ASYNC_INST/gnuram_async_fifo.xpm_fifo_base_inst/gen_cdc_pntr.rd_pntr_cdc_inst/dest_graysync_ff_reg[1][0]/C is not reached by a timing clock
Related violations: <none>

TIMING-17#12 Critical Warning
Non-clocked sequential cell  
The clock pin broncho_video_i/v_vid_in_axi4s_0/inst/COUPLER_INST/generate_async_fifo.FIFO_INST/XPM_FIFO_ASYNC_INST/gnuram_async_fifo.xpm_fifo_base_inst/gen_cdc_pntr.rd_pntr_cdc_inst/dest_graysync_ff_reg[1][1]/C is not reached by a timing clock
Related violations: <none>

TIMING-17#13 Critical Warning
Non-clocked sequential cell  
The clock pin broncho_video_i/v_vid_in_axi4s_0/inst/COUPLER_INST/generate_async_fifo.FIFO_INST/XPM_FIFO_ASYNC_INST/gnuram_async_fifo.xpm_fifo_base_inst/gen_cdc_pntr.rd_pntr_cdc_inst/dest_graysync_ff_reg[1][2]/C is not reached by a timing clock
Related violations: <none>

TIMING-17#14 Critical Warning
Non-clocked sequential cell  
The clock pin broncho_video_i/v_vid_in_axi4s_0/inst/COUPLER_INST/generate_async_fifo.FIFO_INST/XPM_FIFO_ASYNC_INST/gnuram_async_fifo.xpm_fifo_base_inst/gen_cdc_pntr.rd_pntr_cdc_inst/dest_graysync_ff_reg[1][3]/C is not reached by a timing clock
Related violations: <none>

TIMING-17#15 Critical Warning
Non-clocked sequential cell  
The clock pin broncho_video_i/v_vid_in_axi4s_0/inst/COUPLER_INST/generate_async_fifo.FIFO_INST/XPM_FIFO_ASYNC_INST/gnuram_async_fifo.xpm_fifo_base_inst/gen_cdc_pntr.rd_pntr_cdc_inst/dest_graysync_ff_reg[1][4]/C is not reached by a timing clock
Related violations: <none>

TIMING-17#16 Critical Warning
Non-clocked sequential cell  
The clock pin broncho_video_i/v_vid_in_axi4s_0/inst/COUPLER_INST/generate_async_fifo.FIFO_INST/XPM_FIFO_ASYNC_INST/gnuram_async_fifo.xpm_fifo_base_inst/gen_cdc_pntr.rd_pntr_cdc_inst/dest_graysync_ff_reg[1][5]/C is not reached by a timing clock
Related violations: <none>

TIMING-17#17 Critical Warning
Non-clocked sequential cell  
The clock pin broncho_video_i/v_vid_in_axi4s_0/inst/COUPLER_INST/generate_async_fifo.FIFO_INST/XPM_FIFO_ASYNC_INST/gnuram_async_fifo.xpm_fifo_base_inst/gen_cdc_pntr.rd_pntr_cdc_inst/dest_graysync_ff_reg[1][6]/C is not reached by a timing clock
Related violations: <none>

TIMING-17#18 Critical Warning
Non-clocked sequential cell  
The clock pin broncho_video_i/v_vid_in_axi4s_0/inst/COUPLER_INST/generate_async_fifo.FIFO_INST/XPM_FIFO_ASYNC_INST/gnuram_async_fifo.xpm_fifo_base_inst/gen_cdc_pntr.rd_pntr_cdc_inst/dest_graysync_ff_reg[1][7]/C is not reached by a timing clock
Related violations: <none>

TIMING-17#19 Critical Warning
Non-clocked sequential cell  
The clock pin broncho_video_i/v_vid_in_axi4s_0/inst/COUPLER_INST/generate_async_fifo.FIFO_INST/XPM_FIFO_ASYNC_INST/gnuram_async_fifo.xpm_fifo_base_inst/gen_cdc_pntr.rd_pntr_cdc_inst/dest_graysync_ff_reg[1][8]/C is not reached by a timing clock
Related violations: <none>

TIMING-17#20 Critical Warning
Non-clocked sequential cell  
The clock pin broncho_video_i/v_vid_in_axi4s_0/inst/COUPLER_INST/generate_async_fifo.FIFO_INST/XPM_FIFO_ASYNC_INST/gnuram_async_fifo.xpm_fifo_base_inst/gen_cdc_pntr.rd_pntr_cdc_inst/dest_graysync_ff_reg[1][9]/C is not reached by a timing clock
Related violations: <none>

TIMING-17#21 Critical Warning
Non-clocked sequential cell  
The clock pin broncho_video_i/v_vid_in_axi4s_0/inst/COUPLER_INST/generate_async_fifo.FIFO_INST/XPM_FIFO_ASYNC_INST/gnuram_async_fifo.xpm_fifo_base_inst/gen_cdc_pntr.rd_pntr_cdc_inst/dest_graysync_ff_reg[2][0]/C is not reached by a timing clock
Related violations: <none>

TIMING-17#22 Critical Warning
Non-clocked sequential cell  
The clock pin broncho_video_i/v_vid_in_axi4s_0/inst/COUPLER_INST/generate_async_fifo.FIFO_INST/XPM_FIFO_ASYNC_INST/gnuram_async_fifo.xpm_fifo_base_inst/gen_cdc_pntr.rd_pntr_cdc_inst/dest_graysync_ff_reg[2][1]/C is not reached by a timing clock
Related violations: <none>

TIMING-17#23 Critical Warning
Non-clocked sequential cell  
The clock pin broncho_video_i/v_vid_in_axi4s_0/inst/COUPLER_INST/generate_async_fifo.FIFO_INST/XPM_FIFO_ASYNC_INST/gnuram_async_fifo.xpm_fifo_base_inst/gen_cdc_pntr.rd_pntr_cdc_inst/dest_graysync_ff_reg[2][2]/C is not reached by a timing clock
Related violations: <none>

TIMING-17#24 Critical Warning
Non-clocked sequential cell  
The clock pin broncho_video_i/v_vid_in_axi4s_0/inst/COUPLER_INST/generate_async_fifo.FIFO_INST/XPM_FIFO_ASYNC_INST/gnuram_async_fifo.xpm_fifo_base_inst/gen_cdc_pntr.rd_pntr_cdc_inst/dest_graysync_ff_reg[2][3]/C is not reached by a timing clock
Related violations: <none>

TIMING-17#25 Critical Warning
Non-clocked sequential cell  
The clock pin broncho_video_i/v_vid_in_axi4s_0/inst/COUPLER_INST/generate_async_fifo.FIFO_INST/XPM_FIFO_ASYNC_INST/gnuram_async_fifo.xpm_fifo_base_inst/gen_cdc_pntr.rd_pntr_cdc_inst/dest_graysync_ff_reg[2][4]/C is not reached by a timing clock
Related violations: <none>

TIMING-17#26 Critical Warning
Non-clocked sequential cell  
The clock pin broncho_video_i/v_vid_in_axi4s_0/inst/COUPLER_INST/generate_async_fifo.FIFO_INST/XPM_FIFO_ASYNC_INST/gnuram_async_fifo.xpm_fifo_base_inst/gen_cdc_pntr.rd_pntr_cdc_inst/dest_graysync_ff_reg[2][5]/C is not reached by a timing clock
Related violations: <none>

TIMING-17#27 Critical Warning
Non-clocked sequential cell  
The clock pin broncho_video_i/v_vid_in_axi4s_0/inst/COUPLER_INST/generate_async_fifo.FIFO_INST/XPM_FIFO_ASYNC_INST/gnuram_async_fifo.xpm_fifo_base_inst/gen_cdc_pntr.rd_pntr_cdc_inst/dest_graysync_ff_reg[2][6]/C is not reached by a timing clock
Related violations: <none>

TIMING-17#28 Critical Warning
Non-clocked sequential cell  
The clock pin broncho_video_i/v_vid_in_axi4s_0/inst/COUPLER_INST/generate_async_fifo.FIFO_INST/XPM_FIFO_ASYNC_INST/gnuram_async_fifo.xpm_fifo_base_inst/gen_cdc_pntr.rd_pntr_cdc_inst/dest_graysync_ff_reg[2][7]/C is not reached by a timing clock
Related violations: <none>

TIMING-17#29 Critical Warning
Non-clocked sequential cell  
The clock pin broncho_video_i/v_vid_in_axi4s_0/inst/COUPLER_INST/generate_async_fifo.FIFO_INST/XPM_FIFO_ASYNC_INST/gnuram_async_fifo.xpm_fifo_base_inst/gen_cdc_pntr.rd_pntr_cdc_inst/dest_graysync_ff_reg[2][8]/C is not reached by a timing clock
Related violations: <none>

TIMING-17#30 Critical Warning
Non-clocked sequential cell  
The clock pin broncho_video_i/v_vid_in_axi4s_0/inst/COUPLER_INST/generate_async_fifo.FIFO_INST/XPM_FIFO_ASYNC_INST/gnuram_async_fifo.xpm_fifo_base_inst/gen_cdc_pntr.rd_pntr_cdc_inst/dest_graysync_ff_reg[2][9]/C is not reached by a timing clock
Related violations: <none>

TIMING-17#31 Critical Warning
Non-clocked sequential cell  
The clock pin broncho_video_i/v_vid_in_axi4s_0/inst/COUPLER_INST/generate_async_fifo.FIFO_INST/XPM_FIFO_ASYNC_INST/gnuram_async_fifo.xpm_fifo_base_inst/gen_cdc_pntr.rd_pntr_cdc_inst/dest_graysync_ff_reg[3][0]/C is not reached by a timing clock
Related violations: <none>

TIMING-17#32 Critical Warning
Non-clocked sequential cell  
The clock pin broncho_video_i/v_vid_in_axi4s_0/inst/COUPLER_INST/generate_async_fifo.FIFO_INST/XPM_FIFO_ASYNC_INST/gnuram_async_fifo.xpm_fifo_base_inst/gen_cdc_pntr.rd_pntr_cdc_inst/dest_graysync_ff_reg[3][1]/C is not reached by a timing clock
Related violations: <none>

TIMING-17#33 Critical Warning
Non-clocked sequential cell  
The clock pin broncho_video_i/v_vid_in_axi4s_0/inst/COUPLER_INST/generate_async_fifo.FIFO_INST/XPM_FIFO_ASYNC_INST/gnuram_async_fifo.xpm_fifo_base_inst/gen_cdc_pntr.rd_pntr_cdc_inst/dest_graysync_ff_reg[3][2]/C is not reached by a timing clock
Related violations: <none>

TIMING-17#34 Critical Warning
Non-clocked sequential cell  
The clock pin broncho_video_i/v_vid_in_axi4s_0/inst/COUPLER_INST/generate_async_fifo.FIFO_INST/XPM_FIFO_ASYNC_INST/gnuram_async_fifo.xpm_fifo_base_inst/gen_cdc_pntr.rd_pntr_cdc_inst/dest_graysync_ff_reg[3][3]/C is not reached by a timing clock
Related violations: <none>

TIMING-17#35 Critical Warning
Non-clocked sequential cell  
The clock pin broncho_video_i/v_vid_in_axi4s_0/inst/COUPLER_INST/generate_async_fifo.FIFO_INST/XPM_FIFO_ASYNC_INST/gnuram_async_fifo.xpm_fifo_base_inst/gen_cdc_pntr.rd_pntr_cdc_inst/dest_graysync_ff_reg[3][4]/C is not reached by a timing clock
Related violations: <none>

TIMING-17#36 Critical Warning
Non-clocked sequential cell  
The clock pin broncho_video_i/v_vid_in_axi4s_0/inst/COUPLER_INST/generate_async_fifo.FIFO_INST/XPM_FIFO_ASYNC_INST/gnuram_async_fifo.xpm_fifo_base_inst/gen_cdc_pntr.rd_pntr_cdc_inst/dest_graysync_ff_reg[3][5]/C is not reached by a timing clock
Related violations: <none>

TIMING-17#37 Critical Warning
Non-clocked sequential cell  
The clock pin broncho_video_i/v_vid_in_axi4s_0/inst/COUPLER_INST/generate_async_fifo.FIFO_INST/XPM_FIFO_ASYNC_INST/gnuram_async_fifo.xpm_fifo_base_inst/gen_cdc_pntr.rd_pntr_cdc_inst/dest_graysync_ff_reg[3][6]/C is not reached by a timing clock
Related violations: <none>

TIMING-17#38 Critical Warning
Non-clocked sequential cell  
The clock pin broncho_video_i/v_vid_in_axi4s_0/inst/COUPLER_INST/generate_async_fifo.FIFO_INST/XPM_FIFO_ASYNC_INST/gnuram_async_fifo.xpm_fifo_base_inst/gen_cdc_pntr.rd_pntr_cdc_inst/dest_graysync_ff_reg[3][7]/C is not reached by a timing clock
Related violations: <none>

TIMING-17#39 Critical Warning
Non-clocked sequential cell  
The clock pin broncho_video_i/v_vid_in_axi4s_0/inst/COUPLER_INST/generate_async_fifo.FIFO_INST/XPM_FIFO_ASYNC_INST/gnuram_async_fifo.xpm_fifo_base_inst/gen_cdc_pntr.rd_pntr_cdc_inst/dest_graysync_ff_reg[3][8]/C is not reached by a timing clock
Related violations: <none>

TIMING-17#40 Critical Warning
Non-clocked sequential cell  
The clock pin broncho_video_i/v_vid_in_axi4s_0/inst/COUPLER_INST/generate_async_fifo.FIFO_INST/XPM_FIFO_ASYNC_INST/gnuram_async_fifo.xpm_fifo_base_inst/gen_cdc_pntr.rd_pntr_cdc_inst/dest_graysync_ff_reg[3][9]/C is not reached by a timing clock
Related violations: <none>

TIMING-17#41 Critical Warning
Non-clocked sequential cell  
The clock pin broncho_video_i/v_vid_in_axi4s_0/inst/COUPLER_INST/generate_async_fifo.FIFO_INST/XPM_FIFO_ASYNC_INST/gnuram_async_fifo.xpm_fifo_base_inst/gen_cdc_pntr.rpw_gray_reg/reg_out_i_reg[0]/C is not reached by a timing clock
Related violations: <none>

TIMING-17#42 Critical Warning
Non-clocked sequential cell  
The clock pin broncho_video_i/v_vid_in_axi4s_0/inst/COUPLER_INST/generate_async_fifo.FIFO_INST/XPM_FIFO_ASYNC_INST/gnuram_async_fifo.xpm_fifo_base_inst/gen_cdc_pntr.rpw_gray_reg/reg_out_i_reg[1]/C is not reached by a timing clock
Related violations: <none>

TIMING-17#43 Critical Warning
Non-clocked sequential cell  
The clock pin broncho_video_i/v_vid_in_axi4s_0/inst/COUPLER_INST/generate_async_fifo.FIFO_INST/XPM_FIFO_ASYNC_INST/gnuram_async_fifo.xpm_fifo_base_inst/gen_cdc_pntr.rpw_gray_reg/reg_out_i_reg[2]/C is not reached by a timing clock
Related violations: <none>

TIMING-17#44 Critical Warning
Non-clocked sequential cell  
The clock pin broncho_video_i/v_vid_in_axi4s_0/inst/COUPLER_INST/generate_async_fifo.FIFO_INST/XPM_FIFO_ASYNC_INST/gnuram_async_fifo.xpm_fifo_base_inst/gen_cdc_pntr.rpw_gray_reg/reg_out_i_reg[3]/C is not reached by a timing clock
Related violations: <none>

TIMING-17#45 Critical Warning
Non-clocked sequential cell  
The clock pin broncho_video_i/v_vid_in_axi4s_0/inst/COUPLER_INST/generate_async_fifo.FIFO_INST/XPM_FIFO_ASYNC_INST/gnuram_async_fifo.xpm_fifo_base_inst/gen_cdc_pntr.rpw_gray_reg/reg_out_i_reg[4]/C is not reached by a timing clock
Related violations: <none>

TIMING-17#46 Critical Warning
Non-clocked sequential cell  
The clock pin broncho_video_i/v_vid_in_axi4s_0/inst/COUPLER_INST/generate_async_fifo.FIFO_INST/XPM_FIFO_ASYNC_INST/gnuram_async_fifo.xpm_fifo_base_inst/gen_cdc_pntr.rpw_gray_reg/reg_out_i_reg[5]/C is not reached by a timing clock
Related violations: <none>

TIMING-17#47 Critical Warning
Non-clocked sequential cell  
The clock pin broncho_video_i/v_vid_in_axi4s_0/inst/COUPLER_INST/generate_async_fifo.FIFO_INST/XPM_FIFO_ASYNC_INST/gnuram_async_fifo.xpm_fifo_base_inst/gen_cdc_pntr.rpw_gray_reg/reg_out_i_reg[6]/C is not reached by a timing clock
Related violations: <none>

TIMING-17#48 Critical Warning
Non-clocked sequential cell  
The clock pin broncho_video_i/v_vid_in_axi4s_0/inst/COUPLER_INST/generate_async_fifo.FIFO_INST/XPM_FIFO_ASYNC_INST/gnuram_async_fifo.xpm_fifo_base_inst/gen_cdc_pntr.rpw_gray_reg/reg_out_i_reg[7]/C is not reached by a timing clock
Related violations: <none>

TIMING-17#49 Critical Warning
Non-clocked sequential cell  
The clock pin broncho_video_i/v_vid_in_axi4s_0/inst/COUPLER_INST/generate_async_fifo.FIFO_INST/XPM_FIFO_ASYNC_INST/gnuram_async_fifo.xpm_fifo_base_inst/gen_cdc_pntr.rpw_gray_reg/reg_out_i_reg[8]/C is not reached by a timing clock
Related violations: <none>

TIMING-17#50 Critical Warning
Non-clocked sequential cell  
The clock pin broncho_video_i/v_vid_in_axi4s_0/inst/COUPLER_INST/generate_async_fifo.FIFO_INST/XPM_FIFO_ASYNC_INST/gnuram_async_fifo.xpm_fifo_base_inst/gen_cdc_pntr.rpw_gray_reg/reg_out_i_reg[9]/C is not reached by a timing clock
Related violations: <none>

TIMING-17#51 Critical Warning
Non-clocked sequential cell  
The clock pin broncho_video_i/v_vid_in_axi4s_0/inst/COUPLER_INST/generate_async_fifo.FIFO_INST/XPM_FIFO_ASYNC_INST/gnuram_async_fifo.xpm_fifo_base_inst/gen_cdc_pntr.wr_pntr_cdc_inst/src_gray_ff_reg[0]/C is not reached by a timing clock
Related violations: <none>

TIMING-17#52 Critical Warning
Non-clocked sequential cell  
The clock pin broncho_video_i/v_vid_in_axi4s_0/inst/COUPLER_INST/generate_async_fifo.FIFO_INST/XPM_FIFO_ASYNC_INST/gnuram_async_fifo.xpm_fifo_base_inst/gen_cdc_pntr.wr_pntr_cdc_inst/src_gray_ff_reg[1]/C is not reached by a timing clock
Related violations: <none>

TIMING-17#53 Critical Warning
Non-clocked sequential cell  
The clock pin broncho_video_i/v_vid_in_axi4s_0/inst/COUPLER_INST/generate_async_fifo.FIFO_INST/XPM_FIFO_ASYNC_INST/gnuram_async_fifo.xpm_fifo_base_inst/gen_cdc_pntr.wr_pntr_cdc_inst/src_gray_ff_reg[2]/C is not reached by a timing clock
Related violations: <none>

TIMING-17#54 Critical Warning
Non-clocked sequential cell  
The clock pin broncho_video_i/v_vid_in_axi4s_0/inst/COUPLER_INST/generate_async_fifo.FIFO_INST/XPM_FIFO_ASYNC_INST/gnuram_async_fifo.xpm_fifo_base_inst/gen_cdc_pntr.wr_pntr_cdc_inst/src_gray_ff_reg[3]/C is not reached by a timing clock
Related violations: <none>

TIMING-17#55 Critical Warning
Non-clocked sequential cell  
The clock pin broncho_video_i/v_vid_in_axi4s_0/inst/COUPLER_INST/generate_async_fifo.FIFO_INST/XPM_FIFO_ASYNC_INST/gnuram_async_fifo.xpm_fifo_base_inst/gen_cdc_pntr.wr_pntr_cdc_inst/src_gray_ff_reg[4]/C is not reached by a timing clock
Related violations: <none>

TIMING-17#56 Critical Warning
Non-clocked sequential cell  
The clock pin broncho_video_i/v_vid_in_axi4s_0/inst/COUPLER_INST/generate_async_fifo.FIFO_INST/XPM_FIFO_ASYNC_INST/gnuram_async_fifo.xpm_fifo_base_inst/gen_cdc_pntr.wr_pntr_cdc_inst/src_gray_ff_reg[5]/C is not reached by a timing clock
Related violations: <none>

TIMING-17#57 Critical Warning
Non-clocked sequential cell  
The clock pin broncho_video_i/v_vid_in_axi4s_0/inst/COUPLER_INST/generate_async_fifo.FIFO_INST/XPM_FIFO_ASYNC_INST/gnuram_async_fifo.xpm_fifo_base_inst/gen_cdc_pntr.wr_pntr_cdc_inst/src_gray_ff_reg[6]/C is not reached by a timing clock
Related violations: <none>

TIMING-17#58 Critical Warning
Non-clocked sequential cell  
The clock pin broncho_video_i/v_vid_in_axi4s_0/inst/COUPLER_INST/generate_async_fifo.FIFO_INST/XPM_FIFO_ASYNC_INST/gnuram_async_fifo.xpm_fifo_base_inst/gen_cdc_pntr.wr_pntr_cdc_inst/src_gray_ff_reg[7]/C is not reached by a timing clock
Related violations: <none>

TIMING-17#59 Critical Warning
Non-clocked sequential cell  
The clock pin broncho_video_i/v_vid_in_axi4s_0/inst/COUPLER_INST/generate_async_fifo.FIFO_INST/XPM_FIFO_ASYNC_INST/gnuram_async_fifo.xpm_fifo_base_inst/gen_cdc_pntr.wr_pntr_cdc_inst/src_gray_ff_reg[8]/C is not reached by a timing clock
Related violations: <none>

TIMING-17#60 Critical Warning
Non-clocked sequential cell  
The clock pin broncho_video_i/v_vid_in_axi4s_0/inst/COUPLER_INST/generate_async_fifo.FIFO_INST/XPM_FIFO_ASYNC_INST/gnuram_async_fifo.xpm_fifo_base_inst/gen_cdc_pntr.wr_pntr_cdc_inst/src_gray_ff_reg[9]/C is not reached by a timing clock
Related violations: <none>

TIMING-17#61 Critical Warning
Non-clocked sequential cell  
The clock pin broncho_video_i/v_vid_in_axi4s_0/inst/COUPLER_INST/generate_async_fifo.FIFO_INST/XPM_FIFO_ASYNC_INST/gnuram_async_fifo.xpm_fifo_base_inst/gen_pf_ic_rc.gen_full_rst_val.ram_full_i_reg/C is not reached by a timing clock
Related violations: <none>

TIMING-17#62 Critical Warning
Non-clocked sequential cell  
The clock pin broncho_video_i/v_vid_in_axi4s_0/inst/COUPLER_INST/generate_async_fifo.FIFO_INST/XPM_FIFO_ASYNC_INST/gnuram_async_fifo.xpm_fifo_base_inst/gen_sdpram.xpm_memory_base_inst/gen_wr_a.gen_word_narrow.mem_reg/CLKARDCLK is not reached by a timing clock
Related violations: <none>

TIMING-17#63 Critical Warning
Non-clocked sequential cell  
The clock pin broncho_video_i/v_vid_in_axi4s_0/inst/COUPLER_INST/generate_async_fifo.FIFO_INST/XPM_FIFO_ASYNC_INST/gnuram_async_fifo.xpm_fifo_base_inst/gof.overflow_i_reg/C is not reached by a timing clock
Related violations: <none>

TIMING-17#64 Critical Warning
Non-clocked sequential cell  
The clock pin broncho_video_i/v_vid_in_axi4s_0/inst/COUPLER_INST/generate_async_fifo.FIFO_INST/XPM_FIFO_ASYNC_INST/gnuram_async_fifo.xpm_fifo_base_inst/rst_d1_inst/d_out_int_reg/C is not reached by a timing clock
Related violations: <none>

TIMING-17#65 Critical Warning
Non-clocked sequential cell  
The clock pin broncho_video_i/v_vid_in_axi4s_0/inst/COUPLER_INST/generate_async_fifo.FIFO_INST/XPM_FIFO_ASYNC_INST/gnuram_async_fifo.xpm_fifo_base_inst/wrp_inst/count_value_i_reg[0]/C is not reached by a timing clock
Related violations: <none>

TIMING-17#66 Critical Warning
Non-clocked sequential cell  
The clock pin broncho_video_i/v_vid_in_axi4s_0/inst/COUPLER_INST/generate_async_fifo.FIFO_INST/XPM_FIFO_ASYNC_INST/gnuram_async_fifo.xpm_fifo_base_inst/wrp_inst/count_value_i_reg[10]/C is not reached by a timing clock
Related violations: <none>

TIMING-17#67 Critical Warning
Non-clocked sequential cell  
The clock pin broncho_video_i/v_vid_in_axi4s_0/inst/COUPLER_INST/generate_async_fifo.FIFO_INST/XPM_FIFO_ASYNC_INST/gnuram_async_fifo.xpm_fifo_base_inst/wrp_inst/count_value_i_reg[1]/C is not reached by a timing clock
Related violations: <none>

TIMING-17#68 Critical Warning
Non-clocked sequential cell  
The clock pin broncho_video_i/v_vid_in_axi4s_0/inst/COUPLER_INST/generate_async_fifo.FIFO_INST/XPM_FIFO_ASYNC_INST/gnuram_async_fifo.xpm_fifo_base_inst/wrp_inst/count_value_i_reg[2]/C is not reached by a timing clock
Related violations: <none>

TIMING-17#69 Critical Warning
Non-clocked sequential cell  
The clock pin broncho_video_i/v_vid_in_axi4s_0/inst/COUPLER_INST/generate_async_fifo.FIFO_INST/XPM_FIFO_ASYNC_INST/gnuram_async_fifo.xpm_fifo_base_inst/wrp_inst/count_value_i_reg[3]/C is not reached by a timing clock
Related violations: <none>

TIMING-17#70 Critical Warning
Non-clocked sequential cell  
The clock pin broncho_video_i/v_vid_in_axi4s_0/inst/COUPLER_INST/generate_async_fifo.FIFO_INST/XPM_FIFO_ASYNC_INST/gnuram_async_fifo.xpm_fifo_base_inst/wrp_inst/count_value_i_reg[4]/C is not reached by a timing clock
Related violations: <none>

TIMING-17#71 Critical Warning
Non-clocked sequential cell  
The clock pin broncho_video_i/v_vid_in_axi4s_0/inst/COUPLER_INST/generate_async_fifo.FIFO_INST/XPM_FIFO_ASYNC_INST/gnuram_async_fifo.xpm_fifo_base_inst/wrp_inst/count_value_i_reg[5]/C is not reached by a timing clock
Related violations: <none>

TIMING-17#72 Critical Warning
Non-clocked sequential cell  
The clock pin broncho_video_i/v_vid_in_axi4s_0/inst/COUPLER_INST/generate_async_fifo.FIFO_INST/XPM_FIFO_ASYNC_INST/gnuram_async_fifo.xpm_fifo_base_inst/wrp_inst/count_value_i_reg[6]/C is not reached by a timing clock
Related violations: <none>

TIMING-17#73 Critical Warning
Non-clocked sequential cell  
The clock pin broncho_video_i/v_vid_in_axi4s_0/inst/COUPLER_INST/generate_async_fifo.FIFO_INST/XPM_FIFO_ASYNC_INST/gnuram_async_fifo.xpm_fifo_base_inst/wrp_inst/count_value_i_reg[7]/C is not reached by a timing clock
Related violations: <none>

TIMING-17#74 Critical Warning
Non-clocked sequential cell  
The clock pin broncho_video_i/v_vid_in_axi4s_0/inst/COUPLER_INST/generate_async_fifo.FIFO_INST/XPM_FIFO_ASYNC_INST/gnuram_async_fifo.xpm_fifo_base_inst/wrp_inst/count_value_i_reg[8]/C is not reached by a timing clock
Related violations: <none>

TIMING-17#75 Critical Warning
Non-clocked sequential cell  
The clock pin broncho_video_i/v_vid_in_axi4s_0/inst/COUPLER_INST/generate_async_fifo.FIFO_INST/XPM_FIFO_ASYNC_INST/gnuram_async_fifo.xpm_fifo_base_inst/wrp_inst/count_value_i_reg[9]/C is not reached by a timing clock
Related violations: <none>

TIMING-17#76 Critical Warning
Non-clocked sequential cell  
The clock pin broncho_video_i/v_vid_in_axi4s_0/inst/COUPLER_INST/generate_async_fifo.FIFO_INST/XPM_FIFO_ASYNC_INST/gnuram_async_fifo.xpm_fifo_base_inst/wrpp1_inst/count_value_i_reg[0]/C is not reached by a timing clock
Related violations: <none>

TIMING-17#77 Critical Warning
Non-clocked sequential cell  
The clock pin broncho_video_i/v_vid_in_axi4s_0/inst/COUPLER_INST/generate_async_fifo.FIFO_INST/XPM_FIFO_ASYNC_INST/gnuram_async_fifo.xpm_fifo_base_inst/wrpp1_inst/count_value_i_reg[1]/C is not reached by a timing clock
Related violations: <none>

TIMING-17#78 Critical Warning
Non-clocked sequential cell  
The clock pin broncho_video_i/v_vid_in_axi4s_0/inst/COUPLER_INST/generate_async_fifo.FIFO_INST/XPM_FIFO_ASYNC_INST/gnuram_async_fifo.xpm_fifo_base_inst/wrpp1_inst/count_value_i_reg[2]/C is not reached by a timing clock
Related violations: <none>

TIMING-17#79 Critical Warning
Non-clocked sequential cell  
The clock pin broncho_video_i/v_vid_in_axi4s_0/inst/COUPLER_INST/generate_async_fifo.FIFO_INST/XPM_FIFO_ASYNC_INST/gnuram_async_fifo.xpm_fifo_base_inst/wrpp1_inst/count_value_i_reg[3]/C is not reached by a timing clock
Related violations: <none>

TIMING-17#80 Critical Warning
Non-clocked sequential cell  
The clock pin broncho_video_i/v_vid_in_axi4s_0/inst/COUPLER_INST/generate_async_fifo.FIFO_INST/XPM_FIFO_ASYNC_INST/gnuram_async_fifo.xpm_fifo_base_inst/wrpp1_inst/count_value_i_reg[4]/C is not reached by a timing clock
Related violations: <none>

TIMING-17#81 Critical Warning
Non-clocked sequential cell  
The clock pin broncho_video_i/v_vid_in_axi4s_0/inst/COUPLER_INST/generate_async_fifo.FIFO_INST/XPM_FIFO_ASYNC_INST/gnuram_async_fifo.xpm_fifo_base_inst/wrpp1_inst/count_value_i_reg[5]/C is not reached by a timing clock
Related violations: <none>

TIMING-17#82 Critical Warning
Non-clocked sequential cell  
The clock pin broncho_video_i/v_vid_in_axi4s_0/inst/COUPLER_INST/generate_async_fifo.FIFO_INST/XPM_FIFO_ASYNC_INST/gnuram_async_fifo.xpm_fifo_base_inst/wrpp1_inst/count_value_i_reg[6]/C is not reached by a timing clock
Related violations: <none>

TIMING-17#83 Critical Warning
Non-clocked sequential cell  
The clock pin broncho_video_i/v_vid_in_axi4s_0/inst/COUPLER_INST/generate_async_fifo.FIFO_INST/XPM_FIFO_ASYNC_INST/gnuram_async_fifo.xpm_fifo_base_inst/wrpp1_inst/count_value_i_reg[7]/C is not reached by a timing clock
Related violations: <none>

TIMING-17#84 Critical Warning
Non-clocked sequential cell  
The clock pin broncho_video_i/v_vid_in_axi4s_0/inst/COUPLER_INST/generate_async_fifo.FIFO_INST/XPM_FIFO_ASYNC_INST/gnuram_async_fifo.xpm_fifo_base_inst/wrpp1_inst/count_value_i_reg[8]/C is not reached by a timing clock
Related violations: <none>

TIMING-17#85 Critical Warning
Non-clocked sequential cell  
The clock pin broncho_video_i/v_vid_in_axi4s_0/inst/COUPLER_INST/generate_async_fifo.FIFO_INST/XPM_FIFO_ASYNC_INST/gnuram_async_fifo.xpm_fifo_base_inst/wrpp1_inst/count_value_i_reg[9]/C is not reached by a timing clock
Related violations: <none>

TIMING-17#86 Critical Warning
Non-clocked sequential cell  
The clock pin broncho_video_i/v_vid_in_axi4s_0/inst/COUPLER_INST/generate_async_fifo.FIFO_INST/XPM_FIFO_ASYNC_INST/gnuram_async_fifo.xpm_fifo_base_inst/wrpp2_inst/count_value_i_reg[0]/C is not reached by a timing clock
Related violations: <none>

TIMING-17#87 Critical Warning
Non-clocked sequential cell  
The clock pin broncho_video_i/v_vid_in_axi4s_0/inst/COUPLER_INST/generate_async_fifo.FIFO_INST/XPM_FIFO_ASYNC_INST/gnuram_async_fifo.xpm_fifo_base_inst/wrpp2_inst/count_value_i_reg[1]/C is not reached by a timing clock
Related violations: <none>

TIMING-17#88 Critical Warning
Non-clocked sequential cell  
The clock pin broncho_video_i/v_vid_in_axi4s_0/inst/COUPLER_INST/generate_async_fifo.FIFO_INST/XPM_FIFO_ASYNC_INST/gnuram_async_fifo.xpm_fifo_base_inst/wrpp2_inst/count_value_i_reg[2]/C is not reached by a timing clock
Related violations: <none>

TIMING-17#89 Critical Warning
Non-clocked sequential cell  
The clock pin broncho_video_i/v_vid_in_axi4s_0/inst/COUPLER_INST/generate_async_fifo.FIFO_INST/XPM_FIFO_ASYNC_INST/gnuram_async_fifo.xpm_fifo_base_inst/wrpp2_inst/count_value_i_reg[3]/C is not reached by a timing clock
Related violations: <none>

TIMING-17#90 Critical Warning
Non-clocked sequential cell  
The clock pin broncho_video_i/v_vid_in_axi4s_0/inst/COUPLER_INST/generate_async_fifo.FIFO_INST/XPM_FIFO_ASYNC_INST/gnuram_async_fifo.xpm_fifo_base_inst/wrpp2_inst/count_value_i_reg[4]/C is not reached by a timing clock
Related violations: <none>

TIMING-17#91 Critical Warning
Non-clocked sequential cell  
The clock pin broncho_video_i/v_vid_in_axi4s_0/inst/COUPLER_INST/generate_async_fifo.FIFO_INST/XPM_FIFO_ASYNC_INST/gnuram_async_fifo.xpm_fifo_base_inst/wrpp2_inst/count_value_i_reg[5]/C is not reached by a timing clock
Related violations: <none>

TIMING-17#92 Critical Warning
Non-clocked sequential cell  
The clock pin broncho_video_i/v_vid_in_axi4s_0/inst/COUPLER_INST/generate_async_fifo.FIFO_INST/XPM_FIFO_ASYNC_INST/gnuram_async_fifo.xpm_fifo_base_inst/wrpp2_inst/count_value_i_reg[6]/C is not reached by a timing clock
Related violations: <none>

TIMING-17#93 Critical Warning
Non-clocked sequential cell  
The clock pin broncho_video_i/v_vid_in_axi4s_0/inst/COUPLER_INST/generate_async_fifo.FIFO_INST/XPM_FIFO_ASYNC_INST/gnuram_async_fifo.xpm_fifo_base_inst/wrpp2_inst/count_value_i_reg[7]/C is not reached by a timing clock
Related violations: <none>

TIMING-17#94 Critical Warning
Non-clocked sequential cell  
The clock pin broncho_video_i/v_vid_in_axi4s_0/inst/COUPLER_INST/generate_async_fifo.FIFO_INST/XPM_FIFO_ASYNC_INST/gnuram_async_fifo.xpm_fifo_base_inst/wrpp2_inst/count_value_i_reg[8]/C is not reached by a timing clock
Related violations: <none>

TIMING-17#95 Critical Warning
Non-clocked sequential cell  
The clock pin broncho_video_i/v_vid_in_axi4s_0/inst/COUPLER_INST/generate_async_fifo.FIFO_INST/XPM_FIFO_ASYNC_INST/gnuram_async_fifo.xpm_fifo_base_inst/wrpp2_inst/count_value_i_reg[9]/C is not reached by a timing clock
Related violations: <none>

TIMING-17#96 Critical Warning
Non-clocked sequential cell  
The clock pin broncho_video_i/v_vid_in_axi4s_0/inst/COUPLER_INST/generate_async_fifo.FIFO_INST/XPM_FIFO_ASYNC_INST/gnuram_async_fifo.xpm_fifo_base_inst/xpm_fifo_rst_inst/FSM_onehot_gen_rst_ic.curr_wrst_state_reg[0]/C is not reached by a timing clock
Related violations: <none>

TIMING-17#97 Critical Warning
Non-clocked sequential cell  
The clock pin broncho_video_i/v_vid_in_axi4s_0/inst/COUPLER_INST/generate_async_fifo.FIFO_INST/XPM_FIFO_ASYNC_INST/gnuram_async_fifo.xpm_fifo_base_inst/xpm_fifo_rst_inst/FSM_onehot_gen_rst_ic.curr_wrst_state_reg[1]/C is not reached by a timing clock
Related violations: <none>

TIMING-17#98 Critical Warning
Non-clocked sequential cell  
The clock pin broncho_video_i/v_vid_in_axi4s_0/inst/COUPLER_INST/generate_async_fifo.FIFO_INST/XPM_FIFO_ASYNC_INST/gnuram_async_fifo.xpm_fifo_base_inst/xpm_fifo_rst_inst/FSM_onehot_gen_rst_ic.curr_wrst_state_reg[2]/C is not reached by a timing clock
Related violations: <none>

TIMING-17#99 Critical Warning
Non-clocked sequential cell  
The clock pin broncho_video_i/v_vid_in_axi4s_0/inst/COUPLER_INST/generate_async_fifo.FIFO_INST/XPM_FIFO_ASYNC_INST/gnuram_async_fifo.xpm_fifo_base_inst/xpm_fifo_rst_inst/FSM_onehot_gen_rst_ic.curr_wrst_state_reg[3]/C is not reached by a timing clock
Related violations: <none>

TIMING-17#100 Critical Warning
Non-clocked sequential cell  
The clock pin broncho_video_i/v_vid_in_axi4s_0/inst/COUPLER_INST/generate_async_fifo.FIFO_INST/XPM_FIFO_ASYNC_INST/gnuram_async_fifo.xpm_fifo_base_inst/xpm_fifo_rst_inst/FSM_onehot_gen_rst_ic.curr_wrst_state_reg[4]/C is not reached by a timing clock
Related violations: <none>

TIMING-17#101 Critical Warning
Non-clocked sequential cell  
The clock pin broncho_video_i/v_vid_in_axi4s_0/inst/COUPLER_INST/generate_async_fifo.FIFO_INST/XPM_FIFO_ASYNC_INST/gnuram_async_fifo.xpm_fifo_base_inst/xpm_fifo_rst_inst/gen_rst_ic.fifo_wr_rst_ic_reg/C is not reached by a timing clock
Related violations: <none>

TIMING-17#102 Critical Warning
Non-clocked sequential cell  
The clock pin broncho_video_i/v_vid_in_axi4s_0/inst/COUPLER_INST/generate_async_fifo.FIFO_INST/XPM_FIFO_ASYNC_INST/gnuram_async_fifo.xpm_fifo_base_inst/xpm_fifo_rst_inst/gen_rst_ic.rrst_wr_inst/syncstages_ff_reg[0]/C is not reached by a timing clock
Related violations: <none>

TIMING-17#103 Critical Warning
Non-clocked sequential cell  
The clock pin broncho_video_i/v_vid_in_axi4s_0/inst/COUPLER_INST/generate_async_fifo.FIFO_INST/XPM_FIFO_ASYNC_INST/gnuram_async_fifo.xpm_fifo_base_inst/xpm_fifo_rst_inst/gen_rst_ic.rrst_wr_inst/syncstages_ff_reg[1]/C is not reached by a timing clock
Related violations: <none>

TIMING-17#104 Critical Warning
Non-clocked sequential cell  
The clock pin broncho_video_i/v_vid_in_axi4s_0/inst/COUPLER_INST/generate_async_fifo.FIFO_INST/XPM_FIFO_ASYNC_INST/gnuram_async_fifo.xpm_fifo_base_inst/xpm_fifo_rst_inst/gen_rst_ic.rrst_wr_inst/syncstages_ff_reg[2]/C is not reached by a timing clock
Related violations: <none>

TIMING-17#105 Critical Warning
Non-clocked sequential cell  
The clock pin broncho_video_i/v_vid_in_axi4s_0/inst/COUPLER_INST/generate_async_fifo.FIFO_INST/XPM_FIFO_ASYNC_INST/gnuram_async_fifo.xpm_fifo_base_inst/xpm_fifo_rst_inst/gen_rst_ic.rrst_wr_inst/syncstages_ff_reg[3]/C is not reached by a timing clock
Related violations: <none>

TIMING-17#106 Critical Warning
Non-clocked sequential cell  
The clock pin broncho_video_i/v_vid_in_axi4s_0/inst/COUPLER_INST/generate_async_fifo.FIFO_INST/XPM_FIFO_ASYNC_INST/gnuram_async_fifo.xpm_fifo_base_inst/xpm_fifo_rst_inst/gen_rst_ic.rst_seq_reentered_reg/C is not reached by a timing clock
Related violations: <none>

TIMING-17#107 Critical Warning
Non-clocked sequential cell  
The clock pin broncho_video_i/v_vid_in_axi4s_0/inst/COUPLER_INST/generate_async_fifo.FIFO_INST/XPM_FIFO_ASYNC_INST/gnuram_async_fifo.xpm_fifo_base_inst/xpm_fifo_rst_inst/gen_rst_ic.wr_rst_busy_ic_reg/C is not reached by a timing clock
Related violations: <none>

TIMING-17#108 Critical Warning
Non-clocked sequential cell  
The clock pin broncho_video_i/v_vid_in_axi4s_0/inst/COUPLER_INST/generate_async_fifo.FIFO_INST/XPM_FIFO_ASYNC_INST/gnuram_async_fifo.xpm_fifo_base_inst/xpm_fifo_rst_inst/power_on_rst_reg[0]/C is not reached by a timing clock
Related violations: <none>

TIMING-17#109 Critical Warning
Non-clocked sequential cell  
The clock pin broncho_video_i/v_vid_in_axi4s_0/inst/COUPLER_INST/generate_async_fifo.FIFO_INST/XPM_FIFO_ASYNC_INST/gnuram_async_fifo.xpm_fifo_base_inst/xpm_fifo_rst_inst/power_on_rst_reg[1]/C is not reached by a timing clock
Related violations: <none>

TIMING-17#110 Critical Warning
Non-clocked sequential cell  
The clock pin broncho_video_i/v_vid_in_axi4s_0/inst/FORMATTER_INST/data_1_reg[2]/C is not reached by a timing clock
Related violations: <none>

TIMING-17#111 Critical Warning
Non-clocked sequential cell  
The clock pin broncho_video_i/v_vid_in_axi4s_0/inst/FORMATTER_INST/data_1_reg[3]/C is not reached by a timing clock
Related violations: <none>

TIMING-17#112 Critical Warning
Non-clocked sequential cell  
The clock pin broncho_video_i/v_vid_in_axi4s_0/inst/FORMATTER_INST/data_1_reg[4]/C is not reached by a timing clock
Related violations: <none>

TIMING-17#113 Critical Warning
Non-clocked sequential cell  
The clock pin broncho_video_i/v_vid_in_axi4s_0/inst/FORMATTER_INST/data_1_reg[5]/C is not reached by a timing clock
Related violations: <none>

TIMING-17#114 Critical Warning
Non-clocked sequential cell  
The clock pin broncho_video_i/v_vid_in_axi4s_0/inst/FORMATTER_INST/data_1_reg[6]/C is not reached by a timing clock
Related violations: <none>

TIMING-17#115 Critical Warning
Non-clocked sequential cell  
The clock pin broncho_video_i/v_vid_in_axi4s_0/inst/FORMATTER_INST/data_1_reg[7]/C is not reached by a timing clock
Related violations: <none>

TIMING-17#116 Critical Warning
Non-clocked sequential cell  
The clock pin broncho_video_i/v_vid_in_axi4s_0/inst/FORMATTER_INST/data_1_reg[8]/C is not reached by a timing clock
Related violations: <none>

TIMING-17#117 Critical Warning
Non-clocked sequential cell  
The clock pin broncho_video_i/v_vid_in_axi4s_0/inst/FORMATTER_INST/data_1_reg[9]/C is not reached by a timing clock
Related violations: <none>

TIMING-17#118 Critical Warning
Non-clocked sequential cell  
The clock pin broncho_video_i/v_vid_in_axi4s_0/inst/FORMATTER_INST/data_2_reg[2]/C is not reached by a timing clock
Related violations: <none>

TIMING-17#119 Critical Warning
Non-clocked sequential cell  
The clock pin broncho_video_i/v_vid_in_axi4s_0/inst/FORMATTER_INST/data_2_reg[3]/C is not reached by a timing clock
Related violations: <none>

TIMING-17#120 Critical Warning
Non-clocked sequential cell  
The clock pin broncho_video_i/v_vid_in_axi4s_0/inst/FORMATTER_INST/data_2_reg[4]/C is not reached by a timing clock
Related violations: <none>

TIMING-17#121 Critical Warning
Non-clocked sequential cell  
The clock pin broncho_video_i/v_vid_in_axi4s_0/inst/FORMATTER_INST/data_2_reg[5]/C is not reached by a timing clock
Related violations: <none>

TIMING-17#122 Critical Warning
Non-clocked sequential cell  
The clock pin broncho_video_i/v_vid_in_axi4s_0/inst/FORMATTER_INST/data_2_reg[6]/C is not reached by a timing clock
Related violations: <none>

TIMING-17#123 Critical Warning
Non-clocked sequential cell  
The clock pin broncho_video_i/v_vid_in_axi4s_0/inst/FORMATTER_INST/data_2_reg[7]/C is not reached by a timing clock
Related violations: <none>

TIMING-17#124 Critical Warning
Non-clocked sequential cell  
The clock pin broncho_video_i/v_vid_in_axi4s_0/inst/FORMATTER_INST/data_2_reg[8]/C is not reached by a timing clock
Related violations: <none>

TIMING-17#125 Critical Warning
Non-clocked sequential cell  
The clock pin broncho_video_i/v_vid_in_axi4s_0/inst/FORMATTER_INST/data_2_reg[9]/C is not reached by a timing clock
Related violations: <none>

TIMING-17#126 Critical Warning
Non-clocked sequential cell  
The clock pin broncho_video_i/v_vid_in_axi4s_0/inst/FORMATTER_INST/data_3_reg[2]/C is not reached by a timing clock
Related violations: <none>

TIMING-17#127 Critical Warning
Non-clocked sequential cell  
The clock pin broncho_video_i/v_vid_in_axi4s_0/inst/FORMATTER_INST/data_3_reg[3]/C is not reached by a timing clock
Related violations: <none>

TIMING-17#128 Critical Warning
Non-clocked sequential cell  
The clock pin broncho_video_i/v_vid_in_axi4s_0/inst/FORMATTER_INST/data_3_reg[4]/C is not reached by a timing clock
Related violations: <none>

TIMING-17#129 Critical Warning
Non-clocked sequential cell  
The clock pin broncho_video_i/v_vid_in_axi4s_0/inst/FORMATTER_INST/data_3_reg[5]/C is not reached by a timing clock
Related violations: <none>

TIMING-17#130 Critical Warning
Non-clocked sequential cell  
The clock pin broncho_video_i/v_vid_in_axi4s_0/inst/FORMATTER_INST/data_3_reg[6]/C is not reached by a timing clock
Related violations: <none>

TIMING-17#131 Critical Warning
Non-clocked sequential cell  
The clock pin broncho_video_i/v_vid_in_axi4s_0/inst/FORMATTER_INST/data_3_reg[7]/C is not reached by a timing clock
Related violations: <none>

TIMING-17#132 Critical Warning
Non-clocked sequential cell  
The clock pin broncho_video_i/v_vid_in_axi4s_0/inst/FORMATTER_INST/data_3_reg[8]/C is not reached by a timing clock
Related violations: <none>

TIMING-17#133 Critical Warning
Non-clocked sequential cell  
The clock pin broncho_video_i/v_vid_in_axi4s_0/inst/FORMATTER_INST/data_3_reg[9]/C is not reached by a timing clock
Related violations: <none>

TIMING-17#134 Critical Warning
Non-clocked sequential cell  
The clock pin broncho_video_i/v_vid_in_axi4s_0/inst/FORMATTER_INST/de_1_reg/C is not reached by a timing clock
Related violations: <none>

TIMING-17#135 Critical Warning
Non-clocked sequential cell  
The clock pin broncho_video_i/v_vid_in_axi4s_0/inst/FORMATTER_INST/de_2_reg/C is not reached by a timing clock
Related violations: <none>

TIMING-17#136 Critical Warning
Non-clocked sequential cell  
The clock pin broncho_video_i/v_vid_in_axi4s_0/inst/FORMATTER_INST/de_3_reg/C is not reached by a timing clock
Related violations: <none>

TIMING-17#137 Critical Warning
Non-clocked sequential cell  
The clock pin broncho_video_i/v_vid_in_axi4s_0/inst/FORMATTER_INST/eol_reg/C is not reached by a timing clock
Related violations: <none>

TIMING-17#138 Critical Warning
Non-clocked sequential cell  
The clock pin broncho_video_i/v_vid_in_axi4s_0/inst/FORMATTER_INST/sof_1_reg/C is not reached by a timing clock
Related violations: <none>

TIMING-17#139 Critical Warning
Non-clocked sequential cell  
The clock pin broncho_video_i/v_vid_in_axi4s_0/inst/FORMATTER_INST/sof_reg/C is not reached by a timing clock
Related violations: <none>

TIMING-17#140 Critical Warning
Non-clocked sequential cell  
The clock pin broncho_video_i/v_vid_in_axi4s_0/inst/FORMATTER_INST/v_blank_sync_2_reg/C is not reached by a timing clock
Related violations: <none>

TIMING-17#141 Critical Warning
Non-clocked sequential cell  
The clock pin broncho_video_i/v_vid_in_axi4s_0/inst/FORMATTER_INST/vert_blanking_intvl_reg/C is not reached by a timing clock
Related violations: <none>

TIMING-17#142 Critical Warning
Non-clocked sequential cell  
The clock pin broncho_video_i/v_vid_in_axi4s_0/inst/FORMATTER_INST/vsync_1_reg/C is not reached by a timing clock
Related violations: <none>

TIMING-17#143 Critical Warning
Non-clocked sequential cell  
The clock pin broncho_video_i/v_vid_in_axi4s_0/inst/FORMATTER_INST/vtd_locked_reg/C is not reached by a timing clock
Related violations: <none>

TIMING-51#1 Critical Warning
No common phase between related clocks from parallel CMBs  
The clocks clk_fpga_0 and clk_out1_broncho_video_clk_wiz_0_0 are timed together but have no phase relationship. The design could fail in hardware. The clocks originate from two parallel Clock Modifying Blocks and at least one of the MMCM or PLLs clock dividers is not set to 1. To be safely timed, all MMCMs or PLLs involved in parallel clocking must have the clock divider set to 1.
Related violations: <none>

LUTAR-1#1 Warning
LUT drives async reset alert  
LUT cell dbg_hub/inst/BSCANID.u_xsdbm_id/CORE_XSDB.UUT_MASTER/U_ICON_INTERFACE/U_CMD6_RD/U_RD_FIFO/SUBCORE_FIFO.xsdbm_v3_0_0_rdfifo_inst/inst_fifo_gen/gconvfifo.rf/grf.rf/rstblk/ngwrdrst.grst.g7serrst.gwrrd_rst_sync_stage[2].rrst_inst/ngwrdrst.grst.g7serrst.rd_rst_reg[2]_i_1, with 2 or more inputs, drives asynchronous preset/clear pin(s) dbg_hub/inst/BSCANID.u_xsdbm_id/CORE_XSDB.UUT_MASTER/U_ICON_INTERFACE/U_CMD6_RD/U_RD_FIFO/SUBCORE_FIFO.xsdbm_v3_0_0_rdfifo_inst/inst_fifo_gen/gconvfifo.rf/grf.rf/rstblk/ngwrdrst.grst.g7serrst.rd_rst_reg_reg[0]/PRE,
dbg_hub/inst/BSCANID.u_xsdbm_id/CORE_XSDB.UUT_MASTER/U_ICON_INTERFACE/U_CMD6_RD/U_RD_FIFO/SUBCORE_FIFO.xsdbm_v3_0_0_rdfifo_inst/inst_fifo_gen/gconvfifo.rf/grf.rf/rstblk/ngwrdrst.grst.g7serrst.rd_rst_reg_reg[1]/PRE
dbg_hub/inst/BSCANID.u_xsdbm_id/CORE_XSDB.UUT_MASTER/U_ICON_INTERFACE/U_CMD6_RD/U_RD_FIFO/SUBCORE_FIFO.xsdbm_v3_0_0_rdfifo_inst/inst_fifo_gen/gconvfifo.rf/grf.rf/rstblk/ngwrdrst.grst.g7serrst.rd_rst_reg_reg[2]/PRE. The LUT may glitch and trigger an unexpected reset, even if it is a properly timed path.
Related violations: <none>

LUTAR-1#2 Warning
LUT drives async reset alert  
LUT cell dbg_hub/inst/BSCANID.u_xsdbm_id/CORE_XSDB.UUT_MASTER/U_ICON_INTERFACE/U_CMD6_RD/U_RD_FIFO/SUBCORE_FIFO.xsdbm_v3_0_0_rdfifo_inst/inst_fifo_gen/gconvfifo.rf/grf.rf/rstblk/ngwrdrst.grst.g7serrst.gwrrd_rst_sync_stage[2].wrst_inst/ngwrdrst.grst.g7serrst.wr_rst_reg[2]_i_1, with 2 or more inputs, drives asynchronous preset/clear pin(s) dbg_hub/inst/BSCANID.u_xsdbm_id/CORE_XSDB.UUT_MASTER/U_ICON_INTERFACE/U_CMD6_RD/U_RD_FIFO/SUBCORE_FIFO.xsdbm_v3_0_0_rdfifo_inst/inst_fifo_gen/gconvfifo.rf/grf.rf/rstblk/ngwrdrst.grst.g7serrst.wr_rst_reg_reg[0]/PRE,
dbg_hub/inst/BSCANID.u_xsdbm_id/CORE_XSDB.UUT_MASTER/U_ICON_INTERFACE/U_CMD6_RD/U_RD_FIFO/SUBCORE_FIFO.xsdbm_v3_0_0_rdfifo_inst/inst_fifo_gen/gconvfifo.rf/grf.rf/rstblk/ngwrdrst.grst.g7serrst.wr_rst_reg_reg[1]/PRE
dbg_hub/inst/BSCANID.u_xsdbm_id/CORE_XSDB.UUT_MASTER/U_ICON_INTERFACE/U_CMD6_RD/U_RD_FIFO/SUBCORE_FIFO.xsdbm_v3_0_0_rdfifo_inst/inst_fifo_gen/gconvfifo.rf/grf.rf/rstblk/ngwrdrst.grst.g7serrst.wr_rst_reg_reg[2]/PRE. The LUT may glitch and trigger an unexpected reset, even if it is a properly timed path.
Related violations: <none>

LUTAR-1#3 Warning
LUT drives async reset alert  
LUT cell dbg_hub/inst/BSCANID.u_xsdbm_id/CORE_XSDB.UUT_MASTER/U_ICON_INTERFACE/U_CMD6_WR/U_WR_FIFO/SUBCORE_FIFO.xsdbm_v3_0_0_wrfifo_inst/inst_fifo_gen/gconvfifo.rf/grf.rf/rstblk/ngwrdrst.grst.g7serrst.gwrrd_rst_sync_stage[2].rrst_inst/ngwrdrst.grst.g7serrst.rd_rst_reg[2]_i_1, with 2 or more inputs, drives asynchronous preset/clear pin(s) dbg_hub/inst/BSCANID.u_xsdbm_id/CORE_XSDB.UUT_MASTER/U_ICON_INTERFACE/U_CMD6_WR/U_WR_FIFO/SUBCORE_FIFO.xsdbm_v3_0_0_wrfifo_inst/inst_fifo_gen/gconvfifo.rf/grf.rf/rstblk/ngwrdrst.grst.g7serrst.rd_rst_reg_reg[0]/PRE,
dbg_hub/inst/BSCANID.u_xsdbm_id/CORE_XSDB.UUT_MASTER/U_ICON_INTERFACE/U_CMD6_WR/U_WR_FIFO/SUBCORE_FIFO.xsdbm_v3_0_0_wrfifo_inst/inst_fifo_gen/gconvfifo.rf/grf.rf/rstblk/ngwrdrst.grst.g7serrst.rd_rst_reg_reg[1]/PRE
dbg_hub/inst/BSCANID.u_xsdbm_id/CORE_XSDB.UUT_MASTER/U_ICON_INTERFACE/U_CMD6_WR/U_WR_FIFO/SUBCORE_FIFO.xsdbm_v3_0_0_wrfifo_inst/inst_fifo_gen/gconvfifo.rf/grf.rf/rstblk/ngwrdrst.grst.g7serrst.rd_rst_reg_reg[2]/PRE. The LUT may glitch and trigger an unexpected reset, even if it is a properly timed path.
Related violations: <none>

LUTAR-1#4 Warning
LUT drives async reset alert  
LUT cell dbg_hub/inst/BSCANID.u_xsdbm_id/CORE_XSDB.UUT_MASTER/U_ICON_INTERFACE/U_CMD6_WR/U_WR_FIFO/SUBCORE_FIFO.xsdbm_v3_0_0_wrfifo_inst/inst_fifo_gen/gconvfifo.rf/grf.rf/rstblk/ngwrdrst.grst.g7serrst.gwrrd_rst_sync_stage[2].wrst_inst/ngwrdrst.grst.g7serrst.wr_rst_reg[2]_i_1, with 2 or more inputs, drives asynchronous preset/clear pin(s) dbg_hub/inst/BSCANID.u_xsdbm_id/CORE_XSDB.UUT_MASTER/U_ICON_INTERFACE/U_CMD6_WR/U_WR_FIFO/SUBCORE_FIFO.xsdbm_v3_0_0_wrfifo_inst/inst_fifo_gen/gconvfifo.rf/grf.rf/rstblk/ngwrdrst.grst.g7serrst.wr_rst_reg_reg[0]/PRE,
dbg_hub/inst/BSCANID.u_xsdbm_id/CORE_XSDB.UUT_MASTER/U_ICON_INTERFACE/U_CMD6_WR/U_WR_FIFO/SUBCORE_FIFO.xsdbm_v3_0_0_wrfifo_inst/inst_fifo_gen/gconvfifo.rf/grf.rf/rstblk/ngwrdrst.grst.g7serrst.wr_rst_reg_reg[1]/PRE
dbg_hub/inst/BSCANID.u_xsdbm_id/CORE_XSDB.UUT_MASTER/U_ICON_INTERFACE/U_CMD6_WR/U_WR_FIFO/SUBCORE_FIFO.xsdbm_v3_0_0_wrfifo_inst/inst_fifo_gen/gconvfifo.rf/grf.rf/rstblk/ngwrdrst.grst.g7serrst.wr_rst_reg_reg[2]/PRE. The LUT may glitch and trigger an unexpected reset, even if it is a properly timed path.
Related violations: <none>

TIMING-9#1 Warning
Unknown CDC Logic  
One or more asynchronous Clock Domain Crossing has been detected between 2 clock domains through a set_false_path or a set_clock_groups or set_max_delay -datapath_only constraint but no double-registers logic synchronizer has been found on the side of the capture clock. It is recommended to run report_cdc for a complete and detailed CDC coverage. Please consider using XPM_CDC to avoid Critical severities
Related violations: <none>

TIMING-16#1 Warning
Large setup violation  
There is a large setup violation of -1.001 ns between broncho_video_i/axi_vdma_0/U0/I_PRMRY_DATAMOVER/GEN_S2MM_FULL.I_S2MM_FULL_WRAPPER/GEN_ENABLE_INDET_BTT_SF.I_INDET_BTT/I_DATA_FIFO/BLK_MEM.I_SYNC_FIFOGEN_FIFO/xpm_fifo_instance.xpm_fifo_sync_inst/xpm_fifo_base_inst/gen_pntr_flags_cc.gen_full_rst_val.ram_full_i_reg/C (clocked by clk_fpga_0) and broncho_video_i/axi_vdma_0/U0/I_PRMRY_DATAMOVER/GEN_S2MM_FULL.I_S2MM_FULL_WRAPPER/GEN_ENABLE_INDET_BTT_SF.I_INDET_BTT/INCLUDE_PACKING.DO_REG_SLICES[3].lsig_data_slice_reg_reg[3][0]/D (clocked by clk_fpga_0). Large setup violations at the end of those stages might be difficult to fix during the post-placement implementation flow and could be the result of non-optimal XDC constraints or non-optimal design architecture
Related violations: <none>

TIMING-16#2 Warning
Large setup violation  
There is a large setup violation of -1.012 ns between broncho_video_i/axi_vdma_0/U0/I_PRMRY_DATAMOVER/GEN_S2MM_FULL.I_S2MM_FULL_WRAPPER/I_RESET/sig_cmd_stat_rst_user_reg_n_cdc_from_reg/C (clocked by clk_fpga_0) and broncho_video_i/axi_vdma_0/U0/I_PRMRY_DATAMOVER/GEN_S2MM_FULL.I_S2MM_FULL_WRAPPER/I_WR_STATUS_CNTLR/sig_addr_posted_cntr_reg[0]/R (clocked by clk_fpga_0). Large setup violations at the end of those stages might be difficult to fix during the post-placement implementation flow and could be the result of non-optimal XDC constraints or non-optimal design architecture
Related violations: <none>

TIMING-16#3 Warning
Large setup violation  
There is a large setup violation of -1.016 ns between broncho_video_i/axi_vdma_0/U0/I_PRMRY_DATAMOVER/GEN_S2MM_FULL.I_S2MM_FULL_WRAPPER/I_RESET/sig_cmd_stat_rst_user_reg_n_cdc_from_reg/C (clocked by clk_fpga_0) and broncho_video_i/axi_vdma_0/U0/I_PRMRY_DATAMOVER/GEN_S2MM_FULL.I_S2MM_FULL_WRAPPER/GEN_ENABLE_INDET_BTT_SF.I_INDET_BTT/sig_clr_dbc_reg_reg/R (clocked by clk_fpga_0). Large setup violations at the end of those stages might be difficult to fix during the post-placement implementation flow and could be the result of non-optimal XDC constraints or non-optimal design architecture
Related violations: <none>

TIMING-16#4 Warning
Large setup violation  
There is a large setup violation of -1.028 ns between broncho_video_i/axi_vdma_0/U0/I_RST_MODULE/GEN_RESET_FOR_S2MM.RESET_I/GEN_RESET_FOR_ASYNC.HARD_RESET_CDC_I/GENERATE_LEVEL_P_S_CDC.SINGLE_BIT.CROSS_PLEVEL_IN2SCNDRY_s_level_out_d4/C (clocked by clk_fpga_0) and broncho_video_i/axi_vdma_0/U0/I_PRMRY_DATAMOVER/GEN_S2MM_FULL.I_S2MM_FULL_WRAPPER/GEN_ENABLE_INDET_BTT_SF.I_INDET_BTT/I_DATA_FIFO/BLK_MEM.I_SYNC_FIFOGEN_FIFO/xpm_fifo_instance.xpm_fifo_sync_inst/xpm_fifo_base_inst/gen_sdpram.xpm_memory_base_inst/gen_wr_a.gen_word_narrow.mem_reg/REGCEAREGCE (clocked by clk_fpga_0). Large setup violations at the end of those stages might be difficult to fix during the post-placement implementation flow and could be the result of non-optimal XDC constraints or non-optimal design architecture
Related violations: <none>

TIMING-16#5 Warning
Large setup violation  
There is a large setup violation of -1.030 ns between broncho_video_i/axi_vdma_0/U0/GEN_SPRT_FOR_S2MM.S2MM_LINEBUFFER_I/GEN_S2MM_FLUSH_SOF_LOGIC.GEN_LINEBUFFER_FLUSH_SOF.GEN_SYNC_FIFO_FLUSH_SOF.I_LINEBUFFER_FIFO/xpm_fifo_sync_inst/xpm_fifo_base_inst/gen_pntr_flags_cc.ngen_full_rst_val.ram_full_i_reg/C (clocked by clk_fpga_0) and broncho_video_i/axi_vdma_0/U0/GEN_SPRT_FOR_S2MM.S2MM_LINEBUFFER_I/GEN_S2MM_FLUSH_SOF_LOGIC.GEN_LINEBUFFER_FLUSH_SOF.GEN_SYNC_FIFO_FLUSH_SOF.I_LINEBUFFER_FIFO/xpm_fifo_sync_inst/xpm_fifo_base_inst/wrp_inst/count_value_i_reg[7]/D (clocked by clk_fpga_0). Large setup violations at the end of those stages might be difficult to fix during the post-placement implementation flow and could be the result of non-optimal XDC constraints or non-optimal design architecture
Related violations: <none>

TIMING-16#6 Warning
Large setup violation  
There is a large setup violation of -1.031 ns between broncho_video_i/axi_vdma_0/U0/GEN_SPRT_FOR_S2MM.GEN_S2MM_DRE_OFF_SKID.I_S2MM_SKID_FLUSH_SOF/sig_user_reg_out_reg[0]/C (clocked by clk_fpga_0) and broncho_video_i/axi_vdma_0/U0/GEN_SPRT_FOR_S2MM.GEN_S2MM_DRE_OFF_SKID.I_S2MM_SKID_FLUSH_SOF/sig_s_ready_out_reg/D (clocked by clk_fpga_0). Large setup violations at the end of those stages might be difficult to fix during the post-placement implementation flow and could be the result of non-optimal XDC constraints or non-optimal design architecture
Related violations: <none>

TIMING-16#7 Warning
Large setup violation  
There is a large setup violation of -1.037 ns between broncho_video_i/axi_vdma_0/U0/I_PRMRY_DATAMOVER/GEN_S2MM_FULL.I_S2MM_FULL_WRAPPER/GEN_ENABLE_INDET_BTT_SF.I_INDET_BTT/I_DATA_FIFO/BLK_MEM.I_SYNC_FIFOGEN_FIFO/xpm_fifo_instance.xpm_fifo_sync_inst/xpm_fifo_base_inst/gen_pntr_flags_cc.gen_full_rst_val.ram_full_i_reg/C (clocked by clk_fpga_0) and broncho_video_i/axi_vdma_0/U0/I_PRMRY_DATAMOVER/GEN_S2MM_FULL.I_S2MM_FULL_WRAPPER/GEN_ENABLE_INDET_BTT_SF.I_INDET_BTT/INCLUDE_PACKING.DO_REG_SLICES[3].lsig_data_slice_reg_reg[3][3]/D (clocked by clk_fpga_0). Large setup violations at the end of those stages might be difficult to fix during the post-placement implementation flow and could be the result of non-optimal XDC constraints or non-optimal design architecture
Related violations: <none>

TIMING-16#8 Warning
Large setup violation  
There is a large setup violation of -1.049 ns between broncho_video_i/axi_vdma_0/U0/I_PRMRY_DATAMOVER/GEN_S2MM_FULL.I_S2MM_FULL_WRAPPER/GEN_ENABLE_INDET_BTT_SF.I_INDET_BTT/I_DATA_FIFO/BLK_MEM.I_SYNC_FIFOGEN_FIFO/xpm_fifo_instance.xpm_fifo_sync_inst/xpm_fifo_base_inst/gen_pntr_flags_cc.gen_full_rst_val.ram_full_i_reg/C (clocked by clk_fpga_0) and broncho_video_i/axi_vdma_0/U0/I_PRMRY_DATAMOVER/GEN_S2MM_FULL.I_S2MM_FULL_WRAPPER/GEN_ENABLE_INDET_BTT_SF.I_INDET_BTT/INCLUDE_PACKING.DO_REG_SLICES[2].lsig_data_slice_reg_reg[2][10]/CE (clocked by clk_fpga_0). Large setup violations at the end of those stages might be difficult to fix during the post-placement implementation flow and could be the result of non-optimal XDC constraints or non-optimal design architecture
Related violations: <none>

TIMING-16#9 Warning
Large setup violation  
There is a large setup violation of -1.049 ns between broncho_video_i/axi_vdma_0/U0/I_PRMRY_DATAMOVER/GEN_S2MM_FULL.I_S2MM_FULL_WRAPPER/GEN_ENABLE_INDET_BTT_SF.I_INDET_BTT/I_DATA_FIFO/BLK_MEM.I_SYNC_FIFOGEN_FIFO/xpm_fifo_instance.xpm_fifo_sync_inst/xpm_fifo_base_inst/gen_pntr_flags_cc.gen_full_rst_val.ram_full_i_reg/C (clocked by clk_fpga_0) and broncho_video_i/axi_vdma_0/U0/I_PRMRY_DATAMOVER/GEN_S2MM_FULL.I_S2MM_FULL_WRAPPER/GEN_ENABLE_INDET_BTT_SF.I_INDET_BTT/INCLUDE_PACKING.DO_REG_SLICES[2].lsig_data_slice_reg_reg[2][11]/CE (clocked by clk_fpga_0). Large setup violations at the end of those stages might be difficult to fix during the post-placement implementation flow and could be the result of non-optimal XDC constraints or non-optimal design architecture
Related violations: <none>

TIMING-16#10 Warning
Large setup violation  
There is a large setup violation of -1.049 ns between broncho_video_i/axi_vdma_0/U0/I_PRMRY_DATAMOVER/GEN_S2MM_FULL.I_S2MM_FULL_WRAPPER/GEN_ENABLE_INDET_BTT_SF.I_INDET_BTT/I_DATA_FIFO/BLK_MEM.I_SYNC_FIFOGEN_FIFO/xpm_fifo_instance.xpm_fifo_sync_inst/xpm_fifo_base_inst/gen_pntr_flags_cc.gen_full_rst_val.ram_full_i_reg/C (clocked by clk_fpga_0) and broncho_video_i/axi_vdma_0/U0/I_PRMRY_DATAMOVER/GEN_S2MM_FULL.I_S2MM_FULL_WRAPPER/GEN_ENABLE_INDET_BTT_SF.I_INDET_BTT/INCLUDE_PACKING.DO_REG_SLICES[2].lsig_data_slice_reg_reg[2][12]/CE (clocked by clk_fpga_0). Large setup violations at the end of those stages might be difficult to fix during the post-placement implementation flow and could be the result of non-optimal XDC constraints or non-optimal design architecture
Related violations: <none>

TIMING-16#11 Warning
Large setup violation  
There is a large setup violation of -1.049 ns between broncho_video_i/axi_vdma_0/U0/I_PRMRY_DATAMOVER/GEN_S2MM_FULL.I_S2MM_FULL_WRAPPER/GEN_ENABLE_INDET_BTT_SF.I_INDET_BTT/I_DATA_FIFO/BLK_MEM.I_SYNC_FIFOGEN_FIFO/xpm_fifo_instance.xpm_fifo_sync_inst/xpm_fifo_base_inst/gen_pntr_flags_cc.gen_full_rst_val.ram_full_i_reg/C (clocked by clk_fpga_0) and broncho_video_i/axi_vdma_0/U0/I_PRMRY_DATAMOVER/GEN_S2MM_FULL.I_S2MM_FULL_WRAPPER/GEN_ENABLE_INDET_BTT_SF.I_INDET_BTT/INCLUDE_PACKING.DO_REG_SLICES[2].lsig_data_slice_reg_reg[2][13]/CE (clocked by clk_fpga_0). Large setup violations at the end of those stages might be difficult to fix during the post-placement implementation flow and could be the result of non-optimal XDC constraints or non-optimal design architecture
Related violations: <none>

TIMING-16#12 Warning
Large setup violation  
There is a large setup violation of -1.049 ns between broncho_video_i/axi_vdma_0/U0/I_PRMRY_DATAMOVER/GEN_S2MM_FULL.I_S2MM_FULL_WRAPPER/GEN_ENABLE_INDET_BTT_SF.I_INDET_BTT/I_DATA_FIFO/BLK_MEM.I_SYNC_FIFOGEN_FIFO/xpm_fifo_instance.xpm_fifo_sync_inst/xpm_fifo_base_inst/gen_pntr_flags_cc.gen_full_rst_val.ram_full_i_reg/C (clocked by clk_fpga_0) and broncho_video_i/axi_vdma_0/U0/I_PRMRY_DATAMOVER/GEN_S2MM_FULL.I_S2MM_FULL_WRAPPER/GEN_ENABLE_INDET_BTT_SF.I_INDET_BTT/INCLUDE_PACKING.DO_REG_SLICES[2].lsig_data_slice_reg_reg[2][14]/CE (clocked by clk_fpga_0). Large setup violations at the end of those stages might be difficult to fix during the post-placement implementation flow and could be the result of non-optimal XDC constraints or non-optimal design architecture
Related violations: <none>

TIMING-16#13 Warning
Large setup violation  
There is a large setup violation of -1.049 ns between broncho_video_i/axi_vdma_0/U0/I_PRMRY_DATAMOVER/GEN_S2MM_FULL.I_S2MM_FULL_WRAPPER/GEN_ENABLE_INDET_BTT_SF.I_INDET_BTT/I_DATA_FIFO/BLK_MEM.I_SYNC_FIFOGEN_FIFO/xpm_fifo_instance.xpm_fifo_sync_inst/xpm_fifo_base_inst/gen_pntr_flags_cc.gen_full_rst_val.ram_full_i_reg/C (clocked by clk_fpga_0) and broncho_video_i/axi_vdma_0/U0/I_PRMRY_DATAMOVER/GEN_S2MM_FULL.I_S2MM_FULL_WRAPPER/GEN_ENABLE_INDET_BTT_SF.I_INDET_BTT/INCLUDE_PACKING.DO_REG_SLICES[2].lsig_data_slice_reg_reg[2][3]/CE (clocked by clk_fpga_0). Large setup violations at the end of those stages might be difficult to fix during the post-placement implementation flow and could be the result of non-optimal XDC constraints or non-optimal design architecture
Related violations: <none>

TIMING-16#14 Warning
Large setup violation  
There is a large setup violation of -1.049 ns between broncho_video_i/axi_vdma_0/U0/I_PRMRY_DATAMOVER/GEN_S2MM_FULL.I_S2MM_FULL_WRAPPER/GEN_ENABLE_INDET_BTT_SF.I_INDET_BTT/I_DATA_FIFO/BLK_MEM.I_SYNC_FIFOGEN_FIFO/xpm_fifo_instance.xpm_fifo_sync_inst/xpm_fifo_base_inst/gen_pntr_flags_cc.gen_full_rst_val.ram_full_i_reg/C (clocked by clk_fpga_0) and broncho_video_i/axi_vdma_0/U0/I_PRMRY_DATAMOVER/GEN_S2MM_FULL.I_S2MM_FULL_WRAPPER/GEN_ENABLE_INDET_BTT_SF.I_INDET_BTT/INCLUDE_PACKING.DO_REG_SLICES[2].lsig_data_slice_reg_reg[2][5]/CE (clocked by clk_fpga_0). Large setup violations at the end of those stages might be difficult to fix during the post-placement implementation flow and could be the result of non-optimal XDC constraints or non-optimal design architecture
Related violations: <none>

TIMING-16#15 Warning
Large setup violation  
There is a large setup violation of -1.049 ns between broncho_video_i/axi_vdma_0/U0/I_PRMRY_DATAMOVER/GEN_S2MM_FULL.I_S2MM_FULL_WRAPPER/GEN_ENABLE_INDET_BTT_SF.I_INDET_BTT/I_DATA_FIFO/BLK_MEM.I_SYNC_FIFOGEN_FIFO/xpm_fifo_instance.xpm_fifo_sync_inst/xpm_fifo_base_inst/gen_pntr_flags_cc.gen_full_rst_val.ram_full_i_reg/C (clocked by clk_fpga_0) and broncho_video_i/axi_vdma_0/U0/I_PRMRY_DATAMOVER/GEN_S2MM_FULL.I_S2MM_FULL_WRAPPER/GEN_ENABLE_INDET_BTT_SF.I_INDET_BTT/INCLUDE_PACKING.DO_REG_SLICES[2].lsig_data_slice_reg_reg[2][9]/CE (clocked by clk_fpga_0). Large setup violations at the end of those stages might be difficult to fix during the post-placement implementation flow and could be the result of non-optimal XDC constraints or non-optimal design architecture
Related violations: <none>

TIMING-16#16 Warning
Large setup violation  
There is a large setup violation of -1.055 ns between broncho_video_i/axi_vdma_0/U0/I_PRMRY_DATAMOVER/GEN_S2MM_FULL.I_S2MM_FULL_WRAPPER/GEN_ENABLE_INDET_BTT_SF.I_INDET_BTT/I_DATA_FIFO/BLK_MEM.I_SYNC_FIFOGEN_FIFO/xpm_fifo_instance.xpm_fifo_sync_inst/xpm_fifo_base_inst/gen_pntr_flags_cc.gen_full_rst_val.ram_full_i_reg/C (clocked by clk_fpga_0) and broncho_video_i/axi_vdma_0/U0/I_PRMRY_DATAMOVER/GEN_S2MM_FULL.I_S2MM_FULL_WRAPPER/GEN_ENABLE_INDET_BTT_SF.I_INDET_BTT/INCLUDE_PACKING.DO_REG_SLICES[2].lsig_flag_slice_reg_reg[2][0]/CE (clocked by clk_fpga_0). Large setup violations at the end of those stages might be difficult to fix during the post-placement implementation flow and could be the result of non-optimal XDC constraints or non-optimal design architecture
Related violations: <none>

TIMING-16#17 Warning
Large setup violation  
There is a large setup violation of -1.061 ns between broncho_video_i/clahe_ip_0/inst/u_clahe_ip_dut_inst/u_clahe_ip_src_CLAHE/u_AXI4_Master_Write_Controller/line_count_reg[5]/C (clocked by clk_fpga_0) and broncho_video_i/clahe_ip_0/inst/u_clahe_ip_dut_inst/u_clahe_ip_src_CLAHE/Delay3_out1_reg[26]/D (clocked by clk_fpga_0). Large setup violations at the end of those stages might be difficult to fix during the post-placement implementation flow and could be the result of non-optimal XDC constraints or non-optimal design architecture
Related violations: <none>

TIMING-16#18 Warning
Large setup violation  
There is a large setup violation of -1.070 ns between broncho_video_i/axi_vdma_0/U0/I_PRMRY_DATAMOVER/GEN_S2MM_FULL.I_S2MM_FULL_WRAPPER/GEN_ENABLE_INDET_BTT_SF.I_INDET_BTT/I_DATA_FIFO/BLK_MEM.I_SYNC_FIFOGEN_FIFO/xpm_fifo_instance.xpm_fifo_sync_inst/xpm_fifo_base_inst/gen_pntr_flags_cc.gen_full_rst_val.ram_full_i_reg/C (clocked by clk_fpga_0) and broncho_video_i/axi_vdma_0/U0/I_PRMRY_DATAMOVER/GEN_S2MM_FULL.I_S2MM_FULL_WRAPPER/GEN_ENABLE_INDET_BTT_SF.I_INDET_BTT/INCLUDE_PACKING.DO_REG_SLICES[0].lsig_data_slice_reg_reg[0][12]/CE (clocked by clk_fpga_0). Large setup violations at the end of those stages might be difficult to fix during the post-placement implementation flow and could be the result of non-optimal XDC constraints or non-optimal design architecture
Related violations: <none>

TIMING-16#19 Warning
Large setup violation  
There is a large setup violation of -1.070 ns between broncho_video_i/axi_vdma_0/U0/I_PRMRY_DATAMOVER/GEN_S2MM_FULL.I_S2MM_FULL_WRAPPER/GEN_ENABLE_INDET_BTT_SF.I_INDET_BTT/I_DATA_FIFO/BLK_MEM.I_SYNC_FIFOGEN_FIFO/xpm_fifo_instance.xpm_fifo_sync_inst/xpm_fifo_base_inst/gen_pntr_flags_cc.gen_full_rst_val.ram_full_i_reg/C (clocked by clk_fpga_0) and broncho_video_i/axi_vdma_0/U0/I_PRMRY_DATAMOVER/GEN_S2MM_FULL.I_S2MM_FULL_WRAPPER/GEN_ENABLE_INDET_BTT_SF.I_INDET_BTT/INCLUDE_PACKING.DO_REG_SLICES[0].lsig_data_slice_reg_reg[0][14]/CE (clocked by clk_fpga_0). Large setup violations at the end of those stages might be difficult to fix during the post-placement implementation flow and could be the result of non-optimal XDC constraints or non-optimal design architecture
Related violations: <none>

TIMING-16#20 Warning
Large setup violation  
There is a large setup violation of -1.070 ns between broncho_video_i/axi_vdma_0/U0/I_PRMRY_DATAMOVER/GEN_S2MM_FULL.I_S2MM_FULL_WRAPPER/GEN_ENABLE_INDET_BTT_SF.I_INDET_BTT/I_DATA_FIFO/BLK_MEM.I_SYNC_FIFOGEN_FIFO/xpm_fifo_instance.xpm_fifo_sync_inst/xpm_fifo_base_inst/gen_pntr_flags_cc.gen_full_rst_val.ram_full_i_reg/C (clocked by clk_fpga_0) and broncho_video_i/axi_vdma_0/U0/I_PRMRY_DATAMOVER/GEN_S2MM_FULL.I_S2MM_FULL_WRAPPER/GEN_ENABLE_INDET_BTT_SF.I_INDET_BTT/INCLUDE_PACKING.DO_REG_SLICES[0].lsig_data_slice_reg_reg[0][7]/CE (clocked by clk_fpga_0). Large setup violations at the end of those stages might be difficult to fix during the post-placement implementation flow and could be the result of non-optimal XDC constraints or non-optimal design architecture
Related violations: <none>

TIMING-16#21 Warning
Large setup violation  
There is a large setup violation of -1.070 ns between broncho_video_i/axi_vdma_0/U0/I_PRMRY_DATAMOVER/GEN_S2MM_FULL.I_S2MM_FULL_WRAPPER/GEN_ENABLE_INDET_BTT_SF.I_INDET_BTT/I_DATA_FIFO/BLK_MEM.I_SYNC_FIFOGEN_FIFO/xpm_fifo_instance.xpm_fifo_sync_inst/xpm_fifo_base_inst/gen_pntr_flags_cc.gen_full_rst_val.ram_full_i_reg/C (clocked by clk_fpga_0) and broncho_video_i/axi_vdma_0/U0/I_PRMRY_DATAMOVER/GEN_S2MM_FULL.I_S2MM_FULL_WRAPPER/GEN_ENABLE_INDET_BTT_SF.I_INDET_BTT/INCLUDE_PACKING.DO_REG_SLICES[0].lsig_data_slice_reg_reg[0][9]/CE (clocked by clk_fpga_0). Large setup violations at the end of those stages might be difficult to fix during the post-placement implementation flow and could be the result of non-optimal XDC constraints or non-optimal design architecture
Related violations: <none>

TIMING-16#22 Warning
Large setup violation  
There is a large setup violation of -1.074 ns between broncho_video_i/axi_vdma_0/U0/I_PRMRY_DATAMOVER/GEN_S2MM_FULL.I_S2MM_FULL_WRAPPER/GEN_INCLUDE_REALIGNER.I_S2MM_REALIGNER/GEN_INCLUDE_SCATTER.I_S2MM_SCATTER/I_MSSAI_SKID_BUF/sig_m_valid_out_reg/C (clocked by clk_fpga_0) and broncho_video_i/axi_vdma_0/U0/I_PRMRY_DATAMOVER/GEN_S2MM_FULL.I_S2MM_FULL_WRAPPER/GEN_INCLUDE_REALIGNER.I_S2MM_REALIGNER/GEN_INCLUDE_SCATTER.I_S2MM_SCATTER/I_MSSAI_SKID_BUF/sig_data_reg_out_reg[0]/CE (clocked by clk_fpga_0). Large setup violations at the end of those stages might be difficult to fix during the post-placement implementation flow and could be the result of non-optimal XDC constraints or non-optimal design architecture
Related violations: <none>

TIMING-16#23 Warning
Large setup violation  
There is a large setup violation of -1.074 ns between broncho_video_i/axi_vdma_0/U0/I_PRMRY_DATAMOVER/GEN_S2MM_FULL.I_S2MM_FULL_WRAPPER/GEN_INCLUDE_REALIGNER.I_S2MM_REALIGNER/GEN_INCLUDE_SCATTER.I_S2MM_SCATTER/I_MSSAI_SKID_BUF/sig_m_valid_out_reg/C (clocked by clk_fpga_0) and broncho_video_i/axi_vdma_0/U0/I_PRMRY_DATAMOVER/GEN_S2MM_FULL.I_S2MM_FULL_WRAPPER/GEN_INCLUDE_REALIGNER.I_S2MM_REALIGNER/GEN_INCLUDE_SCATTER.I_S2MM_SCATTER/I_MSSAI_SKID_BUF/sig_data_reg_out_reg[2]/CE (clocked by clk_fpga_0). Large setup violations at the end of those stages might be difficult to fix during the post-placement implementation flow and could be the result of non-optimal XDC constraints or non-optimal design architecture
Related violations: <none>

TIMING-16#24 Warning
Large setup violation  
There is a large setup violation of -1.078 ns between broncho_video_i/axi_vdma_0/U0/I_PRMRY_DATAMOVER/GEN_S2MM_FULL.I_S2MM_FULL_WRAPPER/GEN_ENABLE_INDET_BTT_SF.I_INDET_BTT/I_DATA_FIFO/BLK_MEM.I_SYNC_FIFOGEN_FIFO/xpm_fifo_instance.xpm_fifo_sync_inst/xpm_fifo_base_inst/gen_pntr_flags_cc.gen_full_rst_val.ram_full_i_reg/C (clocked by clk_fpga_0) and broncho_video_i/axi_vdma_0/U0/I_PRMRY_DATAMOVER/GEN_S2MM_FULL.I_S2MM_FULL_WRAPPER/GEN_ENABLE_INDET_BTT_SF.I_INDET_BTT/INCLUDE_PACKING.DO_REG_SLICES[1].lsig_data_slice_reg_reg[1][1]/CE (clocked by clk_fpga_0). Large setup violations at the end of those stages might be difficult to fix during the post-placement implementation flow and could be the result of non-optimal XDC constraints or non-optimal design architecture
Related violations: <none>

TIMING-16#25 Warning
Large setup violation  
There is a large setup violation of -1.078 ns between broncho_video_i/axi_vdma_0/U0/I_PRMRY_DATAMOVER/GEN_S2MM_FULL.I_S2MM_FULL_WRAPPER/GEN_ENABLE_INDET_BTT_SF.I_INDET_BTT/I_DATA_FIFO/BLK_MEM.I_SYNC_FIFOGEN_FIFO/xpm_fifo_instance.xpm_fifo_sync_inst/xpm_fifo_base_inst/gen_pntr_flags_cc.gen_full_rst_val.ram_full_i_reg/C (clocked by clk_fpga_0) and broncho_video_i/axi_vdma_0/U0/I_PRMRY_DATAMOVER/GEN_S2MM_FULL.I_S2MM_FULL_WRAPPER/GEN_ENABLE_INDET_BTT_SF.I_INDET_BTT/INCLUDE_PACKING.DO_REG_SLICES[1].lsig_data_slice_reg_reg[1][2]/CE (clocked by clk_fpga_0). Large setup violations at the end of those stages might be difficult to fix during the post-placement implementation flow and could be the result of non-optimal XDC constraints or non-optimal design architecture
Related violations: <none>

TIMING-16#26 Warning
Large setup violation  
There is a large setup violation of -1.078 ns between broncho_video_i/axi_vdma_0/U0/I_PRMRY_DATAMOVER/GEN_S2MM_FULL.I_S2MM_FULL_WRAPPER/GEN_ENABLE_INDET_BTT_SF.I_INDET_BTT/I_DATA_FIFO/BLK_MEM.I_SYNC_FIFOGEN_FIFO/xpm_fifo_instance.xpm_fifo_sync_inst/xpm_fifo_base_inst/gen_pntr_flags_cc.gen_full_rst_val.ram_full_i_reg/C (clocked by clk_fpga_0) and broncho_video_i/axi_vdma_0/U0/I_PRMRY_DATAMOVER/GEN_S2MM_FULL.I_S2MM_FULL_WRAPPER/GEN_ENABLE_INDET_BTT_SF.I_INDET_BTT/INCLUDE_PACKING.DO_REG_SLICES[1].lsig_data_slice_reg_reg[1][6]/CE (clocked by clk_fpga_0). Large setup violations at the end of those stages might be difficult to fix during the post-placement implementation flow and could be the result of non-optimal XDC constraints or non-optimal design architecture
Related violations: <none>

TIMING-16#27 Warning
Large setup violation  
There is a large setup violation of -1.078 ns between broncho_video_i/axi_vdma_0/U0/I_PRMRY_DATAMOVER/GEN_S2MM_FULL.I_S2MM_FULL_WRAPPER/GEN_ENABLE_INDET_BTT_SF.I_INDET_BTT/I_DATA_FIFO/BLK_MEM.I_SYNC_FIFOGEN_FIFO/xpm_fifo_instance.xpm_fifo_sync_inst/xpm_fifo_base_inst/gen_pntr_flags_cc.gen_full_rst_val.ram_full_i_reg/C (clocked by clk_fpga_0) and broncho_video_i/axi_vdma_0/U0/I_PRMRY_DATAMOVER/GEN_S2MM_FULL.I_S2MM_FULL_WRAPPER/GEN_ENABLE_INDET_BTT_SF.I_INDET_BTT/INCLUDE_PACKING.DO_REG_SLICES[1].lsig_data_slice_reg_reg[1][8]/CE (clocked by clk_fpga_0). Large setup violations at the end of those stages might be difficult to fix during the post-placement implementation flow and could be the result of non-optimal XDC constraints or non-optimal design architecture
Related violations: <none>

TIMING-16#28 Warning
Large setup violation  
There is a large setup violation of -1.088 ns between broncho_video_i/axi_vdma_0/U0/I_PRMRY_DATAMOVER/GEN_S2MM_FULL.I_S2MM_FULL_WRAPPER/GEN_ENABLE_INDET_BTT_SF.I_INDET_BTT/I_DATA_FIFO/BLK_MEM.I_SYNC_FIFOGEN_FIFO/xpm_fifo_instance.xpm_fifo_sync_inst/xpm_fifo_base_inst/gen_pntr_flags_cc.gen_full_rst_val.ram_full_i_reg/C (clocked by clk_fpga_0) and broncho_video_i/axi_vdma_0/U0/I_PRMRY_DATAMOVER/GEN_S2MM_FULL.I_S2MM_FULL_WRAPPER/GEN_ENABLE_INDET_BTT_SF.I_INDET_BTT/INCLUDE_PACKING.DO_REG_SLICES[0].lsig_flag_slice_reg_reg[0][1]/CE (clocked by clk_fpga_0). Large setup violations at the end of those stages might be difficult to fix during the post-placement implementation flow and could be the result of non-optimal XDC constraints or non-optimal design architecture
Related violations: <none>

TIMING-16#29 Warning
Large setup violation  
There is a large setup violation of -1.092 ns between broncho_video_i/axi_smc/inst/s01_nodes/s01_w_node/inst/inst_si_handler/arb_stall_r_reg/C (clocked by clk_fpga_0) and broncho_video_i/axi_smc/inst/s01_entry_pipeline/s01_mmu/inst/w_sreg/m_vector_i_reg[1030]/CE (clocked by clk_fpga_0). Large setup violations at the end of those stages might be difficult to fix during the post-placement implementation flow and could be the result of non-optimal XDC constraints or non-optimal design architecture
Related violations: <none>

TIMING-16#30 Warning
Large setup violation  
There is a large setup violation of -1.092 ns between broncho_video_i/axi_smc/inst/s01_nodes/s01_w_node/inst/inst_si_handler/arb_stall_r_reg/C (clocked by clk_fpga_0) and broncho_video_i/axi_smc/inst/s01_entry_pipeline/s01_mmu/inst/w_sreg/m_vector_i_reg[1031]/CE (clocked by clk_fpga_0). Large setup violations at the end of those stages might be difficult to fix during the post-placement implementation flow and could be the result of non-optimal XDC constraints or non-optimal design architecture
Related violations: <none>

TIMING-16#31 Warning
Large setup violation  
There is a large setup violation of -1.092 ns between broncho_video_i/axi_smc/inst/s01_nodes/s01_w_node/inst/inst_si_handler/arb_stall_r_reg/C (clocked by clk_fpga_0) and broncho_video_i/axi_smc/inst/s01_entry_pipeline/s01_mmu/inst/w_sreg/m_vector_i_reg[1042]/CE (clocked by clk_fpga_0). Large setup violations at the end of those stages might be difficult to fix during the post-placement implementation flow and could be the result of non-optimal XDC constraints or non-optimal design architecture
Related violations: <none>

TIMING-16#32 Warning
Large setup violation  
There is a large setup violation of -1.092 ns between broncho_video_i/axi_smc/inst/s01_nodes/s01_w_node/inst/inst_si_handler/arb_stall_r_reg/C (clocked by clk_fpga_0) and broncho_video_i/axi_smc/inst/s01_entry_pipeline/s01_mmu/inst/w_sreg/m_vector_i_reg[1043]/CE (clocked by clk_fpga_0). Large setup violations at the end of those stages might be difficult to fix during the post-placement implementation flow and could be the result of non-optimal XDC constraints or non-optimal design architecture
Related violations: <none>

TIMING-16#33 Warning
Large setup violation  
There is a large setup violation of -1.092 ns between broncho_video_i/axi_smc/inst/s01_nodes/s01_w_node/inst/inst_si_handler/arb_stall_r_reg/C (clocked by clk_fpga_0) and broncho_video_i/axi_smc/inst/s01_entry_pipeline/s01_mmu/inst/w_sreg/m_vector_i_reg[1058]/CE (clocked by clk_fpga_0). Large setup violations at the end of those stages might be difficult to fix during the post-placement implementation flow and could be the result of non-optimal XDC constraints or non-optimal design architecture
Related violations: <none>

TIMING-16#34 Warning
Large setup violation  
There is a large setup violation of -1.092 ns between broncho_video_i/axi_smc/inst/s01_nodes/s01_w_node/inst/inst_si_handler/arb_stall_r_reg/C (clocked by clk_fpga_0) and broncho_video_i/axi_smc/inst/s01_entry_pipeline/s01_mmu/inst/w_sreg/m_vector_i_reg[1059]/CE (clocked by clk_fpga_0). Large setup violations at the end of those stages might be difficult to fix during the post-placement implementation flow and could be the result of non-optimal XDC constraints or non-optimal design architecture
Related violations: <none>

TIMING-16#35 Warning
Large setup violation  
There is a large setup violation of -1.092 ns between broncho_video_i/axi_smc/inst/s01_nodes/s01_w_node/inst/inst_si_handler/arb_stall_r_reg/C (clocked by clk_fpga_0) and broncho_video_i/axi_smc/inst/s01_entry_pipeline/s01_mmu/inst/w_sreg/m_vector_i_reg[2056]/CE (clocked by clk_fpga_0). Large setup violations at the end of those stages might be difficult to fix during the post-placement implementation flow and could be the result of non-optimal XDC constraints or non-optimal design architecture
Related violations: <none>

TIMING-16#36 Warning
Large setup violation  
There is a large setup violation of -1.096 ns between broncho_video_i/clahe_ip_0/inst/u_clahe_ip_dut_inst/u_clahe_ip_src_CLAHE/u_AXI4_Master_Write_Controller/line_count_reg[5]/C (clocked by clk_fpga_0) and broncho_video_i/clahe_ip_0/inst/u_clahe_ip_dut_inst/u_clahe_ip_src_CLAHE/Delay3_out1_reg[30]/D (clocked by clk_fpga_0). Large setup violations at the end of those stages might be difficult to fix during the post-placement implementation flow and could be the result of non-optimal XDC constraints or non-optimal design architecture
Related violations: <none>

TIMING-16#37 Warning
Large setup violation  
There is a large setup violation of -1.097 ns between broncho_video_i/axi_vdma_0/U0/I_PRMRY_DATAMOVER/GEN_S2MM_FULL.I_S2MM_FULL_WRAPPER/GEN_INCLUDE_REALIGNER.I_S2MM_REALIGNER/GEN_INCLUDE_SCATTER.I_S2MM_SCATTER/I_MSSAI_SKID_BUF/sig_m_valid_out_reg/C (clocked by clk_fpga_0) and broncho_video_i/axi_vdma_0/U0/I_PRMRY_DATAMOVER/GEN_S2MM_FULL.I_S2MM_FULL_WRAPPER/GEN_INCLUDE_REALIGNER.I_S2MM_REALIGNER/GEN_INCLUDE_SCATTER.I_S2MM_SCATTER/I_MSSAI_SKID_BUF/sig_data_reg_out_reg[10]/CE (clocked by clk_fpga_0). Large setup violations at the end of those stages might be difficult to fix during the post-placement implementation flow and could be the result of non-optimal XDC constraints or non-optimal design architecture
Related violations: <none>

TIMING-16#38 Warning
Large setup violation  
There is a large setup violation of -1.097 ns between broncho_video_i/axi_vdma_0/U0/I_PRMRY_DATAMOVER/GEN_S2MM_FULL.I_S2MM_FULL_WRAPPER/GEN_INCLUDE_REALIGNER.I_S2MM_REALIGNER/GEN_INCLUDE_SCATTER.I_S2MM_SCATTER/I_MSSAI_SKID_BUF/sig_m_valid_out_reg/C (clocked by clk_fpga_0) and broncho_video_i/axi_vdma_0/U0/I_PRMRY_DATAMOVER/GEN_S2MM_FULL.I_S2MM_FULL_WRAPPER/GEN_INCLUDE_REALIGNER.I_S2MM_REALIGNER/GEN_INCLUDE_SCATTER.I_S2MM_SCATTER/I_MSSAI_SKID_BUF/sig_data_reg_out_reg[12]/CE (clocked by clk_fpga_0). Large setup violations at the end of those stages might be difficult to fix during the post-placement implementation flow and could be the result of non-optimal XDC constraints or non-optimal design architecture
Related violations: <none>

TIMING-16#39 Warning
Large setup violation  
There is a large setup violation of -1.097 ns between broncho_video_i/axi_vdma_0/U0/I_PRMRY_DATAMOVER/GEN_S2MM_FULL.I_S2MM_FULL_WRAPPER/GEN_INCLUDE_REALIGNER.I_S2MM_REALIGNER/GEN_INCLUDE_SCATTER.I_S2MM_SCATTER/I_MSSAI_SKID_BUF/sig_m_valid_out_reg/C (clocked by clk_fpga_0) and broncho_video_i/axi_vdma_0/U0/I_PRMRY_DATAMOVER/GEN_S2MM_FULL.I_S2MM_FULL_WRAPPER/GEN_INCLUDE_REALIGNER.I_S2MM_REALIGNER/GEN_INCLUDE_SCATTER.I_S2MM_SCATTER/I_MSSAI_SKID_BUF/sig_data_reg_out_reg[3]/CE (clocked by clk_fpga_0). Large setup violations at the end of those stages might be difficult to fix during the post-placement implementation flow and could be the result of non-optimal XDC constraints or non-optimal design architecture
Related violations: <none>

TIMING-16#40 Warning
Large setup violation  
There is a large setup violation of -1.097 ns between broncho_video_i/axi_vdma_0/U0/I_PRMRY_DATAMOVER/GEN_S2MM_FULL.I_S2MM_FULL_WRAPPER/GEN_INCLUDE_REALIGNER.I_S2MM_REALIGNER/GEN_INCLUDE_SCATTER.I_S2MM_SCATTER/I_MSSAI_SKID_BUF/sig_m_valid_out_reg/C (clocked by clk_fpga_0) and broncho_video_i/axi_vdma_0/U0/I_PRMRY_DATAMOVER/GEN_S2MM_FULL.I_S2MM_FULL_WRAPPER/GEN_INCLUDE_REALIGNER.I_S2MM_REALIGNER/GEN_INCLUDE_SCATTER.I_S2MM_SCATTER/I_MSSAI_SKID_BUF/sig_data_reg_out_reg[5]/CE (clocked by clk_fpga_0). Large setup violations at the end of those stages might be difficult to fix during the post-placement implementation flow and could be the result of non-optimal XDC constraints or non-optimal design architecture
Related violations: <none>

TIMING-16#41 Warning
Large setup violation  
There is a large setup violation of -1.103 ns between broncho_video_i/clahe_ip_0/inst/u_clahe_ip_reset_sync_inst/reset_out_1_reg_replica_24/C (clocked by clk_fpga_0) and broncho_video_i/clahe_ip_0/inst/u_clahe_ip_axi4_stream_video_0_master_inst/u_clahe_ip_fifo_data_OUT_inst/w_d2_reg[11]/R (clocked by clk_fpga_0). Large setup violations at the end of those stages might be difficult to fix during the post-placement implementation flow and could be the result of non-optimal XDC constraints or non-optimal design architecture
Related violations: <none>

TIMING-16#42 Warning
Large setup violation  
There is a large setup violation of -1.131 ns between broncho_video_i/axi_vdma_0/U0/I_PRMRY_DATAMOVER/GEN_S2MM_FULL.I_S2MM_FULL_WRAPPER/GEN_INCLUDE_REALIGNER.I_S2MM_REALIGNER/GEN_INCLUDE_SCATTER.I_S2MM_SCATTER/I_MSSAI_SKID_BUF/sig_m_valid_out_reg/C (clocked by clk_fpga_0) and broncho_video_i/axi_vdma_0/U0/I_PRMRY_DATAMOVER/GEN_S2MM_FULL.I_S2MM_FULL_WRAPPER/GEN_INCLUDE_REALIGNER.I_S2MM_REALIGNER/GEN_INCLUDE_SCATTER.I_S2MM_SCATTER/I_MSSAI_SKID_BUF/sig_data_reg_out_reg[13]/CE (clocked by clk_fpga_0). Large setup violations at the end of those stages might be difficult to fix during the post-placement implementation flow and could be the result of non-optimal XDC constraints or non-optimal design architecture
Related violations: <none>

TIMING-16#43 Warning
Large setup violation  
There is a large setup violation of -1.131 ns between broncho_video_i/axi_vdma_0/U0/I_PRMRY_DATAMOVER/GEN_S2MM_FULL.I_S2MM_FULL_WRAPPER/GEN_INCLUDE_REALIGNER.I_S2MM_REALIGNER/GEN_INCLUDE_SCATTER.I_S2MM_SCATTER/I_MSSAI_SKID_BUF/sig_m_valid_out_reg/C (clocked by clk_fpga_0) and broncho_video_i/axi_vdma_0/U0/I_PRMRY_DATAMOVER/GEN_S2MM_FULL.I_S2MM_FULL_WRAPPER/GEN_INCLUDE_REALIGNER.I_S2MM_REALIGNER/GEN_INCLUDE_SCATTER.I_S2MM_SCATTER/I_MSSAI_SKID_BUF/sig_data_reg_out_reg[14]/CE (clocked by clk_fpga_0). Large setup violations at the end of those stages might be difficult to fix during the post-placement implementation flow and could be the result of non-optimal XDC constraints or non-optimal design architecture
Related violations: <none>

TIMING-16#44 Warning
Large setup violation  
There is a large setup violation of -1.131 ns between broncho_video_i/axi_vdma_0/U0/I_PRMRY_DATAMOVER/GEN_S2MM_FULL.I_S2MM_FULL_WRAPPER/GEN_INCLUDE_REALIGNER.I_S2MM_REALIGNER/GEN_INCLUDE_SCATTER.I_S2MM_SCATTER/I_MSSAI_SKID_BUF/sig_m_valid_out_reg/C (clocked by clk_fpga_0) and broncho_video_i/axi_vdma_0/U0/I_PRMRY_DATAMOVER/GEN_S2MM_FULL.I_S2MM_FULL_WRAPPER/GEN_INCLUDE_REALIGNER.I_S2MM_REALIGNER/GEN_INCLUDE_SCATTER.I_S2MM_SCATTER/I_MSSAI_SKID_BUF/sig_data_reg_out_reg[7]/CE (clocked by clk_fpga_0). Large setup violations at the end of those stages might be difficult to fix during the post-placement implementation flow and could be the result of non-optimal XDC constraints or non-optimal design architecture
Related violations: <none>

TIMING-16#45 Warning
Large setup violation  
There is a large setup violation of -1.131 ns between broncho_video_i/axi_vdma_0/U0/I_PRMRY_DATAMOVER/GEN_S2MM_FULL.I_S2MM_FULL_WRAPPER/GEN_INCLUDE_REALIGNER.I_S2MM_REALIGNER/GEN_INCLUDE_SCATTER.I_S2MM_SCATTER/I_MSSAI_SKID_BUF/sig_m_valid_out_reg/C (clocked by clk_fpga_0) and broncho_video_i/axi_vdma_0/U0/I_PRMRY_DATAMOVER/GEN_S2MM_FULL.I_S2MM_FULL_WRAPPER/GEN_INCLUDE_REALIGNER.I_S2MM_REALIGNER/GEN_INCLUDE_SCATTER.I_S2MM_SCATTER/I_MSSAI_SKID_BUF/sig_data_reg_out_reg[9]/CE (clocked by clk_fpga_0). Large setup violations at the end of those stages might be difficult to fix during the post-placement implementation flow and could be the result of non-optimal XDC constraints or non-optimal design architecture
Related violations: <none>

TIMING-16#46 Warning
Large setup violation  
There is a large setup violation of -1.132 ns between broncho_video_i/clahe_ip_0/inst/u_clahe_ip_dut_inst/u_clahe_ip_src_CLAHE/u_AXI4_Master_Write_Controller/line_count_reg[5]/C (clocked by clk_fpga_0) and broncho_video_i/clahe_ip_0/inst/u_clahe_ip_dut_inst/u_clahe_ip_src_CLAHE/Delay3_out1_reg[16]/D (clocked by clk_fpga_0). Large setup violations at the end of those stages might be difficult to fix during the post-placement implementation flow and could be the result of non-optimal XDC constraints or non-optimal design architecture
Related violations: <none>

TIMING-16#47 Warning
Large setup violation  
There is a large setup violation of -1.134 ns between broncho_video_i/axi_vdma_0/U0/I_PRMRY_DATAMOVER/GEN_S2MM_FULL.I_S2MM_FULL_WRAPPER/GEN_ENABLE_INDET_BTT_SF.I_INDET_BTT/I_DATA_FIFO/BLK_MEM.I_SYNC_FIFOGEN_FIFO/xpm_fifo_instance.xpm_fifo_sync_inst/xpm_fifo_base_inst/gen_pntr_flags_cc.gen_full_rst_val.ram_full_i_reg/C (clocked by clk_fpga_0) and broncho_video_i/axi_vdma_0/U0/I_PRMRY_DATAMOVER/GEN_S2MM_FULL.I_S2MM_FULL_WRAPPER/GEN_ENABLE_INDET_BTT_SF.I_INDET_BTT/sig_burst_dbeat_cntr_reg[2]/D (clocked by clk_fpga_0). Large setup violations at the end of those stages might be difficult to fix during the post-placement implementation flow and could be the result of non-optimal XDC constraints or non-optimal design architecture
Related violations: <none>

TIMING-16#48 Warning
Large setup violation  
There is a large setup violation of -1.137 ns between broncho_video_i/axi_vdma_0/U0/I_PRMRY_DATAMOVER/GEN_S2MM_FULL.I_S2MM_FULL_WRAPPER/I_RESET/sig_cmd_stat_rst_user_reg_n_cdc_from_reg/C (clocked by clk_fpga_0) and broncho_video_i/axi_vdma_0/U0/I_PRMRY_DATAMOVER/GEN_S2MM_FULL.I_S2MM_FULL_WRAPPER/I_CMD_STATUS/I_CMD_FIFO/sig_init_reg2_reg/S (clocked by clk_fpga_0). Large setup violations at the end of those stages might be difficult to fix during the post-placement implementation flow and could be the result of non-optimal XDC constraints or non-optimal design architecture
Related violations: <none>

TIMING-16#49 Warning
Large setup violation  
There is a large setup violation of -1.137 ns between broncho_video_i/axi_vdma_0/U0/I_PRMRY_DATAMOVER/GEN_S2MM_FULL.I_S2MM_FULL_WRAPPER/I_RESET/sig_cmd_stat_rst_user_reg_n_cdc_from_reg/C (clocked by clk_fpga_0) and broncho_video_i/axi_vdma_0/U0/I_PRMRY_DATAMOVER/GEN_S2MM_FULL.I_S2MM_FULL_WRAPPER/I_WR_STATUS_CNTLR/I_WRESP_STATUS_FIFO/USE_SRL_FIFO.I_SYNC_FIFO/I_SRL_FIFO_RBU_F/CNTR_INCR_DECR_ADDN_F_I/INFERRED_GEN.cnt_i_reg[0]/S (clocked by clk_fpga_0). Large setup violations at the end of those stages might be difficult to fix during the post-placement implementation flow and could be the result of non-optimal XDC constraints or non-optimal design architecture
Related violations: <none>

TIMING-16#50 Warning
Large setup violation  
There is a large setup violation of -1.137 ns between broncho_video_i/axi_vdma_0/U0/I_PRMRY_DATAMOVER/GEN_S2MM_FULL.I_S2MM_FULL_WRAPPER/I_RESET/sig_cmd_stat_rst_user_reg_n_cdc_from_reg/C (clocked by clk_fpga_0) and broncho_video_i/axi_vdma_0/U0/I_PRMRY_DATAMOVER/GEN_S2MM_FULL.I_S2MM_FULL_WRAPPER/I_WR_STATUS_CNTLR/I_WRESP_STATUS_FIFO/USE_SRL_FIFO.I_SYNC_FIFO/I_SRL_FIFO_RBU_F/CNTR_INCR_DECR_ADDN_F_I/INFERRED_GEN.cnt_i_reg[1]/S (clocked by clk_fpga_0). Large setup violations at the end of those stages might be difficult to fix during the post-placement implementation flow and could be the result of non-optimal XDC constraints or non-optimal design architecture
Related violations: <none>

TIMING-16#51 Warning
Large setup violation  
There is a large setup violation of -1.137 ns between broncho_video_i/axi_vdma_0/U0/I_PRMRY_DATAMOVER/GEN_S2MM_FULL.I_S2MM_FULL_WRAPPER/I_RESET/sig_cmd_stat_rst_user_reg_n_cdc_from_reg/C (clocked by clk_fpga_0) and broncho_video_i/axi_vdma_0/U0/I_PRMRY_DATAMOVER/GEN_S2MM_FULL.I_S2MM_FULL_WRAPPER/I_WR_STATUS_CNTLR/I_WRESP_STATUS_FIFO/USE_SRL_FIFO.I_SYNC_FIFO/I_SRL_FIFO_RBU_F/FIFO_Full_reg/R (clocked by clk_fpga_0). Large setup violations at the end of those stages might be difficult to fix during the post-placement implementation flow and could be the result of non-optimal XDC constraints or non-optimal design architecture
Related violations: <none>

TIMING-16#52 Warning
Large setup violation  
There is a large setup violation of -1.146 ns between broncho_video_i/axi_smc/inst/s01_nodes/s01_w_node/inst/inst_si_handler/arb_stall_r_reg/C (clocked by clk_fpga_0) and broncho_video_i/axi_smc/inst/s01_entry_pipeline/s01_mmu/inst/w_sreg/m_vector_i_reg[1038]/CE (clocked by clk_fpga_0). Large setup violations at the end of those stages might be difficult to fix during the post-placement implementation flow and could be the result of non-optimal XDC constraints or non-optimal design architecture
Related violations: <none>

TIMING-16#53 Warning
Large setup violation  
There is a large setup violation of -1.146 ns between broncho_video_i/axi_smc/inst/s01_nodes/s01_w_node/inst/inst_si_handler/arb_stall_r_reg/C (clocked by clk_fpga_0) and broncho_video_i/axi_smc/inst/s01_entry_pipeline/s01_mmu/inst/w_sreg/m_vector_i_reg[1039]/CE (clocked by clk_fpga_0). Large setup violations at the end of those stages might be difficult to fix during the post-placement implementation flow and could be the result of non-optimal XDC constraints or non-optimal design architecture
Related violations: <none>

TIMING-16#54 Warning
Large setup violation  
There is a large setup violation of -1.146 ns between broncho_video_i/axi_smc/inst/s01_nodes/s01_w_node/inst/inst_si_handler/arb_stall_r_reg/C (clocked by clk_fpga_0) and broncho_video_i/axi_smc/inst/s01_entry_pipeline/s01_mmu/inst/w_sreg/m_vector_i_reg[1044]/CE (clocked by clk_fpga_0). Large setup violations at the end of those stages might be difficult to fix during the post-placement implementation flow and could be the result of non-optimal XDC constraints or non-optimal design architecture
Related violations: <none>

TIMING-16#55 Warning
Large setup violation  
There is a large setup violation of -1.146 ns between broncho_video_i/axi_smc/inst/s01_nodes/s01_w_node/inst/inst_si_handler/arb_stall_r_reg/C (clocked by clk_fpga_0) and broncho_video_i/axi_smc/inst/s01_entry_pipeline/s01_mmu/inst/w_sreg/m_vector_i_reg[1045]/CE (clocked by clk_fpga_0). Large setup violations at the end of those stages might be difficult to fix during the post-placement implementation flow and could be the result of non-optimal XDC constraints or non-optimal design architecture
Related violations: <none>

TIMING-16#56 Warning
Large setup violation  
There is a large setup violation of -1.146 ns between broncho_video_i/axi_smc/inst/s01_nodes/s01_w_node/inst/inst_si_handler/arb_stall_r_reg/C (clocked by clk_fpga_0) and broncho_video_i/axi_smc/inst/s01_entry_pipeline/s01_mmu/inst/w_sreg/m_vector_i_reg[1064]/CE (clocked by clk_fpga_0). Large setup violations at the end of those stages might be difficult to fix during the post-placement implementation flow and could be the result of non-optimal XDC constraints or non-optimal design architecture
Related violations: <none>

TIMING-16#57 Warning
Large setup violation  
There is a large setup violation of -1.146 ns between broncho_video_i/axi_smc/inst/s01_nodes/s01_w_node/inst/inst_si_handler/arb_stall_r_reg/C (clocked by clk_fpga_0) and broncho_video_i/axi_smc/inst/s01_entry_pipeline/s01_mmu/inst/w_sreg/m_vector_i_reg[1065]/CE (clocked by clk_fpga_0). Large setup violations at the end of those stages might be difficult to fix during the post-placement implementation flow and could be the result of non-optimal XDC constraints or non-optimal design architecture
Related violations: <none>

TIMING-16#58 Warning
Large setup violation  
There is a large setup violation of -1.146 ns between broncho_video_i/axi_smc/inst/s01_nodes/s01_w_node/inst/inst_si_handler/arb_stall_r_reg/C (clocked by clk_fpga_0) and broncho_video_i/axi_smc/inst/s01_entry_pipeline/s01_mmu/inst/w_sreg/m_vector_i_reg[1076]/CE (clocked by clk_fpga_0). Large setup violations at the end of those stages might be difficult to fix during the post-placement implementation flow and could be the result of non-optimal XDC constraints or non-optimal design architecture
Related violations: <none>

TIMING-16#59 Warning
Large setup violation  
There is a large setup violation of -1.146 ns between broncho_video_i/axi_smc/inst/s01_nodes/s01_w_node/inst/inst_si_handler/arb_stall_r_reg/C (clocked by clk_fpga_0) and broncho_video_i/axi_smc/inst/s01_entry_pipeline/s01_mmu/inst/w_sreg/m_vector_i_reg[1077]/CE (clocked by clk_fpga_0). Large setup violations at the end of those stages might be difficult to fix during the post-placement implementation flow and could be the result of non-optimal XDC constraints or non-optimal design architecture
Related violations: <none>

TIMING-16#60 Warning
Large setup violation  
There is a large setup violation of -1.148 ns between broncho_video_i/axi_vdma_0/U0/I_PRMRY_DATAMOVER/GEN_S2MM_FULL.I_S2MM_FULL_WRAPPER/GEN_ENABLE_INDET_BTT_SF.I_INDET_BTT/I_DATA_FIFO/BLK_MEM.I_SYNC_FIFOGEN_FIFO/xpm_fifo_instance.xpm_fifo_sync_inst/xpm_fifo_base_inst/gen_pntr_flags_cc.gen_full_rst_val.ram_full_i_reg/C (clocked by clk_fpga_0) and broncho_video_i/axi_vdma_0/U0/I_PRMRY_DATAMOVER/GEN_S2MM_FULL.I_S2MM_FULL_WRAPPER/GEN_ENABLE_INDET_BTT_SF.I_INDET_BTT/INCLUDE_PACKING.DO_REG_SLICES[0].lsig_data_slice_reg_reg[0][11]/CE (clocked by clk_fpga_0). Large setup violations at the end of those stages might be difficult to fix during the post-placement implementation flow and could be the result of non-optimal XDC constraints or non-optimal design architecture
Related violations: <none>

TIMING-16#61 Warning
Large setup violation  
There is a large setup violation of -1.148 ns between broncho_video_i/axi_vdma_0/U0/I_PRMRY_DATAMOVER/GEN_S2MM_FULL.I_S2MM_FULL_WRAPPER/GEN_ENABLE_INDET_BTT_SF.I_INDET_BTT/I_DATA_FIFO/BLK_MEM.I_SYNC_FIFOGEN_FIFO/xpm_fifo_instance.xpm_fifo_sync_inst/xpm_fifo_base_inst/gen_pntr_flags_cc.gen_full_rst_val.ram_full_i_reg/C (clocked by clk_fpga_0) and broncho_video_i/axi_vdma_0/U0/I_PRMRY_DATAMOVER/GEN_S2MM_FULL.I_S2MM_FULL_WRAPPER/GEN_ENABLE_INDET_BTT_SF.I_INDET_BTT/INCLUDE_PACKING.DO_REG_SLICES[0].lsig_data_slice_reg_reg[0][13]/CE (clocked by clk_fpga_0). Large setup violations at the end of those stages might be difficult to fix during the post-placement implementation flow and could be the result of non-optimal XDC constraints or non-optimal design architecture
Related violations: <none>

TIMING-16#62 Warning
Large setup violation  
There is a large setup violation of -1.148 ns between broncho_video_i/axi_vdma_0/U0/I_PRMRY_DATAMOVER/GEN_S2MM_FULL.I_S2MM_FULL_WRAPPER/GEN_ENABLE_INDET_BTT_SF.I_INDET_BTT/I_DATA_FIFO/BLK_MEM.I_SYNC_FIFOGEN_FIFO/xpm_fifo_instance.xpm_fifo_sync_inst/xpm_fifo_base_inst/gen_pntr_flags_cc.gen_full_rst_val.ram_full_i_reg/C (clocked by clk_fpga_0) and broncho_video_i/axi_vdma_0/U0/I_PRMRY_DATAMOVER/GEN_S2MM_FULL.I_S2MM_FULL_WRAPPER/GEN_ENABLE_INDET_BTT_SF.I_INDET_BTT/INCLUDE_PACKING.DO_REG_SLICES[0].lsig_data_slice_reg_reg[0][15]/CE (clocked by clk_fpga_0). Large setup violations at the end of those stages might be difficult to fix during the post-placement implementation flow and could be the result of non-optimal XDC constraints or non-optimal design architecture
Related violations: <none>

TIMING-16#63 Warning
Large setup violation  
There is a large setup violation of -1.150 ns between broncho_video_i/clahe_ip_0/inst/u_clahe_ip_dut_inst/u_clahe_ip_src_CLAHE/u_AXI4_Master_Write_Controller/line_count_reg[5]/C (clocked by clk_fpga_0) and broncho_video_i/clahe_ip_0/inst/u_clahe_ip_dut_inst/u_clahe_ip_src_CLAHE/Delay3_out1_reg[15]/D (clocked by clk_fpga_0). Large setup violations at the end of those stages might be difficult to fix during the post-placement implementation flow and could be the result of non-optimal XDC constraints or non-optimal design architecture
Related violations: <none>

TIMING-16#64 Warning
Large setup violation  
There is a large setup violation of -1.155 ns between broncho_video_i/axi_vdma_0/U0/I_PRMRY_DATAMOVER/GEN_S2MM_FULL.I_S2MM_FULL_WRAPPER/GEN_ENABLE_INDET_BTT_SF.I_INDET_BTT/I_DATA_FIFO/BLK_MEM.I_SYNC_FIFOGEN_FIFO/xpm_fifo_instance.xpm_fifo_sync_inst/xpm_fifo_base_inst/gen_pntr_flags_cc.gen_full_rst_val.ram_full_i_reg/C (clocked by clk_fpga_0) and broncho_video_i/axi_vdma_0/U0/I_PRMRY_DATAMOVER/GEN_S2MM_FULL.I_S2MM_FULL_WRAPPER/GEN_ENABLE_INDET_BTT_SF.I_INDET_BTT/INCLUDE_PACKING.DO_REG_SLICES[2].lsig_data_slice_reg_reg[2][0]/CE (clocked by clk_fpga_0). Large setup violations at the end of those stages might be difficult to fix during the post-placement implementation flow and could be the result of non-optimal XDC constraints or non-optimal design architecture
Related violations: <none>

TIMING-16#65 Warning
Large setup violation  
There is a large setup violation of -1.155 ns between broncho_video_i/axi_vdma_0/U0/I_PRMRY_DATAMOVER/GEN_S2MM_FULL.I_S2MM_FULL_WRAPPER/GEN_ENABLE_INDET_BTT_SF.I_INDET_BTT/I_DATA_FIFO/BLK_MEM.I_SYNC_FIFOGEN_FIFO/xpm_fifo_instance.xpm_fifo_sync_inst/xpm_fifo_base_inst/gen_pntr_flags_cc.gen_full_rst_val.ram_full_i_reg/C (clocked by clk_fpga_0) and broncho_video_i/axi_vdma_0/U0/I_PRMRY_DATAMOVER/GEN_S2MM_FULL.I_S2MM_FULL_WRAPPER/GEN_ENABLE_INDET_BTT_SF.I_INDET_BTT/INCLUDE_PACKING.DO_REG_SLICES[2].lsig_data_slice_reg_reg[2][15]/CE (clocked by clk_fpga_0). Large setup violations at the end of those stages might be difficult to fix during the post-placement implementation flow and could be the result of non-optimal XDC constraints or non-optimal design architecture
Related violations: <none>

TIMING-16#66 Warning
Large setup violation  
There is a large setup violation of -1.155 ns between broncho_video_i/axi_vdma_0/U0/I_PRMRY_DATAMOVER/GEN_S2MM_FULL.I_S2MM_FULL_WRAPPER/GEN_ENABLE_INDET_BTT_SF.I_INDET_BTT/I_DATA_FIFO/BLK_MEM.I_SYNC_FIFOGEN_FIFO/xpm_fifo_instance.xpm_fifo_sync_inst/xpm_fifo_base_inst/gen_pntr_flags_cc.gen_full_rst_val.ram_full_i_reg/C (clocked by clk_fpga_0) and broncho_video_i/axi_vdma_0/U0/I_PRMRY_DATAMOVER/GEN_S2MM_FULL.I_S2MM_FULL_WRAPPER/GEN_ENABLE_INDET_BTT_SF.I_INDET_BTT/INCLUDE_PACKING.DO_REG_SLICES[2].lsig_data_slice_reg_reg[2][1]/CE (clocked by clk_fpga_0). Large setup violations at the end of those stages might be difficult to fix during the post-placement implementation flow and could be the result of non-optimal XDC constraints or non-optimal design architecture
Related violations: <none>

TIMING-16#67 Warning
Large setup violation  
There is a large setup violation of -1.155 ns between broncho_video_i/axi_vdma_0/U0/I_PRMRY_DATAMOVER/GEN_S2MM_FULL.I_S2MM_FULL_WRAPPER/GEN_ENABLE_INDET_BTT_SF.I_INDET_BTT/I_DATA_FIFO/BLK_MEM.I_SYNC_FIFOGEN_FIFO/xpm_fifo_instance.xpm_fifo_sync_inst/xpm_fifo_base_inst/gen_pntr_flags_cc.gen_full_rst_val.ram_full_i_reg/C (clocked by clk_fpga_0) and broncho_video_i/axi_vdma_0/U0/I_PRMRY_DATAMOVER/GEN_S2MM_FULL.I_S2MM_FULL_WRAPPER/GEN_ENABLE_INDET_BTT_SF.I_INDET_BTT/INCLUDE_PACKING.DO_REG_SLICES[2].lsig_data_slice_reg_reg[2][2]/CE (clocked by clk_fpga_0). Large setup violations at the end of those stages might be difficult to fix during the post-placement implementation flow and could be the result of non-optimal XDC constraints or non-optimal design architecture
Related violations: <none>

TIMING-16#68 Warning
Large setup violation  
There is a large setup violation of -1.155 ns between broncho_video_i/axi_vdma_0/U0/I_PRMRY_DATAMOVER/GEN_S2MM_FULL.I_S2MM_FULL_WRAPPER/GEN_ENABLE_INDET_BTT_SF.I_INDET_BTT/I_DATA_FIFO/BLK_MEM.I_SYNC_FIFOGEN_FIFO/xpm_fifo_instance.xpm_fifo_sync_inst/xpm_fifo_base_inst/gen_pntr_flags_cc.gen_full_rst_val.ram_full_i_reg/C (clocked by clk_fpga_0) and broncho_video_i/axi_vdma_0/U0/I_PRMRY_DATAMOVER/GEN_S2MM_FULL.I_S2MM_FULL_WRAPPER/GEN_ENABLE_INDET_BTT_SF.I_INDET_BTT/INCLUDE_PACKING.DO_REG_SLICES[2].lsig_data_slice_reg_reg[2][4]/CE (clocked by clk_fpga_0). Large setup violations at the end of those stages might be difficult to fix during the post-placement implementation flow and could be the result of non-optimal XDC constraints or non-optimal design architecture
Related violations: <none>

TIMING-16#69 Warning
Large setup violation  
There is a large setup violation of -1.155 ns between broncho_video_i/axi_vdma_0/U0/I_PRMRY_DATAMOVER/GEN_S2MM_FULL.I_S2MM_FULL_WRAPPER/GEN_ENABLE_INDET_BTT_SF.I_INDET_BTT/I_DATA_FIFO/BLK_MEM.I_SYNC_FIFOGEN_FIFO/xpm_fifo_instance.xpm_fifo_sync_inst/xpm_fifo_base_inst/gen_pntr_flags_cc.gen_full_rst_val.ram_full_i_reg/C (clocked by clk_fpga_0) and broncho_video_i/axi_vdma_0/U0/I_PRMRY_DATAMOVER/GEN_S2MM_FULL.I_S2MM_FULL_WRAPPER/GEN_ENABLE_INDET_BTT_SF.I_INDET_BTT/INCLUDE_PACKING.DO_REG_SLICES[2].lsig_data_slice_reg_reg[2][6]/CE (clocked by clk_fpga_0). Large setup violations at the end of those stages might be difficult to fix during the post-placement implementation flow and could be the result of non-optimal XDC constraints or non-optimal design architecture
Related violations: <none>

TIMING-16#70 Warning
Large setup violation  
There is a large setup violation of -1.155 ns between broncho_video_i/axi_vdma_0/U0/I_PRMRY_DATAMOVER/GEN_S2MM_FULL.I_S2MM_FULL_WRAPPER/GEN_ENABLE_INDET_BTT_SF.I_INDET_BTT/I_DATA_FIFO/BLK_MEM.I_SYNC_FIFOGEN_FIFO/xpm_fifo_instance.xpm_fifo_sync_inst/xpm_fifo_base_inst/gen_pntr_flags_cc.gen_full_rst_val.ram_full_i_reg/C (clocked by clk_fpga_0) and broncho_video_i/axi_vdma_0/U0/I_PRMRY_DATAMOVER/GEN_S2MM_FULL.I_S2MM_FULL_WRAPPER/GEN_ENABLE_INDET_BTT_SF.I_INDET_BTT/INCLUDE_PACKING.DO_REG_SLICES[2].lsig_data_slice_reg_reg[2][7]/CE (clocked by clk_fpga_0). Large setup violations at the end of those stages might be difficult to fix during the post-placement implementation flow and could be the result of non-optimal XDC constraints or non-optimal design architecture
Related violations: <none>

TIMING-16#71 Warning
Large setup violation  
There is a large setup violation of -1.155 ns between broncho_video_i/axi_vdma_0/U0/I_PRMRY_DATAMOVER/GEN_S2MM_FULL.I_S2MM_FULL_WRAPPER/GEN_ENABLE_INDET_BTT_SF.I_INDET_BTT/I_DATA_FIFO/BLK_MEM.I_SYNC_FIFOGEN_FIFO/xpm_fifo_instance.xpm_fifo_sync_inst/xpm_fifo_base_inst/gen_pntr_flags_cc.gen_full_rst_val.ram_full_i_reg/C (clocked by clk_fpga_0) and broncho_video_i/axi_vdma_0/U0/I_PRMRY_DATAMOVER/GEN_S2MM_FULL.I_S2MM_FULL_WRAPPER/GEN_ENABLE_INDET_BTT_SF.I_INDET_BTT/INCLUDE_PACKING.DO_REG_SLICES[2].lsig_data_slice_reg_reg[2][8]/CE (clocked by clk_fpga_0). Large setup violations at the end of those stages might be difficult to fix during the post-placement implementation flow and could be the result of non-optimal XDC constraints or non-optimal design architecture
Related violations: <none>

TIMING-16#72 Warning
Large setup violation  
There is a large setup violation of -1.175 ns between broncho_video_i/axi_vdma_0/U0/I_PRMRY_DATAMOVER/GEN_S2MM_FULL.I_S2MM_FULL_WRAPPER/GEN_ENABLE_INDET_BTT_SF.I_INDET_BTT/I_DATA_FIFO/BLK_MEM.I_SYNC_FIFOGEN_FIFO/xpm_fifo_instance.xpm_fifo_sync_inst/xpm_fifo_base_inst/gen_pntr_flags_cc.gen_full_rst_val.ram_full_i_reg/C (clocked by clk_fpga_0) and broncho_video_i/axi_vdma_0/U0/I_PRMRY_DATAMOVER/GEN_S2MM_FULL.I_S2MM_FULL_WRAPPER/GEN_ENABLE_INDET_BTT_SF.I_INDET_BTT/INCLUDE_PACKING.DO_REG_SLICES[1].lsig_data_slice_reg_reg[1][10]/CE (clocked by clk_fpga_0). Large setup violations at the end of those stages might be difficult to fix during the post-placement implementation flow and could be the result of non-optimal XDC constraints or non-optimal design architecture
Related violations: <none>

TIMING-16#73 Warning
Large setup violation  
There is a large setup violation of -1.175 ns between broncho_video_i/axi_vdma_0/U0/I_PRMRY_DATAMOVER/GEN_S2MM_FULL.I_S2MM_FULL_WRAPPER/GEN_ENABLE_INDET_BTT_SF.I_INDET_BTT/I_DATA_FIFO/BLK_MEM.I_SYNC_FIFOGEN_FIFO/xpm_fifo_instance.xpm_fifo_sync_inst/xpm_fifo_base_inst/gen_pntr_flags_cc.gen_full_rst_val.ram_full_i_reg/C (clocked by clk_fpga_0) and broncho_video_i/axi_vdma_0/U0/I_PRMRY_DATAMOVER/GEN_S2MM_FULL.I_S2MM_FULL_WRAPPER/GEN_ENABLE_INDET_BTT_SF.I_INDET_BTT/INCLUDE_PACKING.DO_REG_SLICES[1].lsig_flag_slice_reg_reg[1][0]/CE (clocked by clk_fpga_0). Large setup violations at the end of those stages might be difficult to fix during the post-placement implementation flow and could be the result of non-optimal XDC constraints or non-optimal design architecture
Related violations: <none>

TIMING-16#74 Warning
Large setup violation  
There is a large setup violation of -1.177 ns between broncho_video_i/axi_vdma_0/U0/I_PRMRY_DATAMOVER/GEN_S2MM_FULL.I_S2MM_FULL_WRAPPER/GEN_INCLUDE_REALIGNER.I_S2MM_REALIGNER/GEN_INCLUDE_SCATTER.I_S2MM_SCATTER/I_MSSAI_SKID_BUF/sig_m_valid_out_reg/C (clocked by clk_fpga_0) and broncho_video_i/axi_vdma_0/U0/I_PRMRY_DATAMOVER/GEN_S2MM_FULL.I_S2MM_FULL_WRAPPER/GEN_ENABLE_INDET_BTT_SF.I_INDET_BTT/INCLUDE_PACKING.lsig_packer_full_reg/D (clocked by clk_fpga_0). Large setup violations at the end of those stages might be difficult to fix during the post-placement implementation flow and could be the result of non-optimal XDC constraints or non-optimal design architecture
Related violations: <none>

TIMING-16#75 Warning
Large setup violation  
There is a large setup violation of -1.194 ns between broncho_video_i/axi_vdma_0/U0/GEN_SPRT_FOR_S2MM.S2MM_LINEBUFFER_I/GEN_S2MM_FLUSH_SOF_LOGIC.GEN_LINEBUFFER_FLUSH_SOF.GEN_SYNC_FIFO_FLUSH_SOF.I_LINEBUFFER_FIFO/xpm_fifo_sync_inst/xpm_fifo_base_inst/gen_pntr_flags_cc.ngen_full_rst_val.ram_full_i_reg/C (clocked by clk_fpga_0) and broncho_video_i/axi_vdma_0/U0/GEN_SPRT_FOR_S2MM.S2MM_LINEBUFFER_I/GEN_S2MM_FLUSH_SOF_LOGIC.GEN_LINEBUFFER_FLUSH_SOF.GEN_SYNC_FIFO_FLUSH_SOF.I_LINEBUFFER_FIFO/xpm_fifo_sync_inst/xpm_fifo_base_inst/wrpp1_inst/count_value_i_reg[6]/D (clocked by clk_fpga_0). Large setup violations at the end of those stages might be difficult to fix during the post-placement implementation flow and could be the result of non-optimal XDC constraints or non-optimal design architecture
Related violations: <none>

TIMING-16#76 Warning
Large setup violation  
There is a large setup violation of -1.202 ns between broncho_video_i/axi_vdma_0/U0/I_PRMRY_DATAMOVER/GEN_S2MM_FULL.I_S2MM_FULL_WRAPPER/GEN_ENABLE_INDET_BTT_SF.I_INDET_BTT/I_DATA_FIFO/BLK_MEM.I_SYNC_FIFOGEN_FIFO/xpm_fifo_instance.xpm_fifo_sync_inst/xpm_fifo_base_inst/gen_pntr_flags_cc.gen_full_rst_val.ram_full_i_reg/C (clocked by clk_fpga_0) and broncho_video_i/axi_vdma_0/U0/I_PRMRY_DATAMOVER/GEN_S2MM_FULL.I_S2MM_FULL_WRAPPER/GEN_ENABLE_INDET_BTT_SF.I_INDET_BTT/INCLUDE_PACKING.DO_REG_SLICES[3].lsig_data_slice_reg_reg[3][4]/D (clocked by clk_fpga_0). Large setup violations at the end of those stages might be difficult to fix during the post-placement implementation flow and could be the result of non-optimal XDC constraints or non-optimal design architecture
Related violations: <none>

TIMING-16#77 Warning
Large setup violation  
There is a large setup violation of -1.206 ns between broncho_video_i/axi_vdma_0/U0/GEN_SPRT_FOR_S2MM.GEN_S2MM_DRE_OFF_SKID.I_S2MM_SKID_FLUSH_SOF/sig_user_reg_out_reg[0]/C (clocked by clk_fpga_0) and broncho_video_i/axi_vdma_0/U0/GEN_SPRT_FOR_S2MM.GEN_S2MM_DRE_OFF_SKID.I_S2MM_SKID_FLUSH_SOF/sig_s_ready_dup_reg/D (clocked by clk_fpga_0). Large setup violations at the end of those stages might be difficult to fix during the post-placement implementation flow and could be the result of non-optimal XDC constraints or non-optimal design architecture
Related violations: <none>

TIMING-16#78 Warning
Large setup violation  
There is a large setup violation of -1.212 ns between broncho_video_i/axi_vdma_0/U0/I_PRMRY_DATAMOVER/GEN_S2MM_FULL.I_S2MM_FULL_WRAPPER/GEN_ENABLE_INDET_BTT_SF.I_INDET_BTT/I_DATA_FIFO/BLK_MEM.I_SYNC_FIFOGEN_FIFO/xpm_fifo_instance.xpm_fifo_sync_inst/xpm_fifo_base_inst/gen_pntr_flags_cc.gen_full_rst_val.ram_full_i_reg/C (clocked by clk_fpga_0) and broncho_video_i/axi_vdma_0/U0/I_PRMRY_DATAMOVER/GEN_S2MM_FULL.I_S2MM_FULL_WRAPPER/GEN_ENABLE_INDET_BTT_SF.I_INDET_BTT/sig_burst_dbeat_cntr_reg[1]/D (clocked by clk_fpga_0). Large setup violations at the end of those stages might be difficult to fix during the post-placement implementation flow and could be the result of non-optimal XDC constraints or non-optimal design architecture
Related violations: <none>

TIMING-16#79 Warning
Large setup violation  
There is a large setup violation of -1.213 ns between broncho_video_i/axi_smc/inst/s01_nodes/s01_w_node/inst/inst_si_handler/arb_stall_r_reg/C (clocked by clk_fpga_0) and broncho_video_i/axi_smc/inst/s01_entry_pipeline/s01_mmu/inst/w_sreg/m_vector_i_reg[1034]/CE (clocked by clk_fpga_0). Large setup violations at the end of those stages might be difficult to fix during the post-placement implementation flow and could be the result of non-optimal XDC constraints or non-optimal design architecture
Related violations: <none>

TIMING-16#80 Warning
Large setup violation  
There is a large setup violation of -1.213 ns between broncho_video_i/axi_smc/inst/s01_nodes/s01_w_node/inst/inst_si_handler/arb_stall_r_reg/C (clocked by clk_fpga_0) and broncho_video_i/axi_smc/inst/s01_entry_pipeline/s01_mmu/inst/w_sreg/m_vector_i_reg[1035]/CE (clocked by clk_fpga_0). Large setup violations at the end of those stages might be difficult to fix during the post-placement implementation flow and could be the result of non-optimal XDC constraints or non-optimal design architecture
Related violations: <none>

TIMING-16#81 Warning
Large setup violation  
There is a large setup violation of -1.213 ns between broncho_video_i/axi_smc/inst/s01_nodes/s01_w_node/inst/inst_si_handler/arb_stall_r_reg/C (clocked by clk_fpga_0) and broncho_video_i/axi_smc/inst/s01_entry_pipeline/s01_mmu/inst/w_sreg/m_vector_i_reg[1050]/CE (clocked by clk_fpga_0). Large setup violations at the end of those stages might be difficult to fix during the post-placement implementation flow and could be the result of non-optimal XDC constraints or non-optimal design architecture
Related violations: <none>

TIMING-16#82 Warning
Large setup violation  
There is a large setup violation of -1.213 ns between broncho_video_i/axi_smc/inst/s01_nodes/s01_w_node/inst/inst_si_handler/arb_stall_r_reg/C (clocked by clk_fpga_0) and broncho_video_i/axi_smc/inst/s01_entry_pipeline/s01_mmu/inst/w_sreg/m_vector_i_reg[1051]/CE (clocked by clk_fpga_0). Large setup violations at the end of those stages might be difficult to fix during the post-placement implementation flow and could be the result of non-optimal XDC constraints or non-optimal design architecture
Related violations: <none>

TIMING-16#83 Warning
Large setup violation  
There is a large setup violation of -1.213 ns between broncho_video_i/axi_smc/inst/s01_nodes/s01_w_node/inst/inst_si_handler/arb_stall_r_reg/C (clocked by clk_fpga_0) and broncho_video_i/axi_smc/inst/s01_entry_pipeline/s01_mmu/inst/w_sreg/m_vector_i_reg[1052]/CE (clocked by clk_fpga_0). Large setup violations at the end of those stages might be difficult to fix during the post-placement implementation flow and could be the result of non-optimal XDC constraints or non-optimal design architecture
Related violations: <none>

TIMING-16#84 Warning
Large setup violation  
There is a large setup violation of -1.213 ns between broncho_video_i/axi_smc/inst/s01_nodes/s01_w_node/inst/inst_si_handler/arb_stall_r_reg/C (clocked by clk_fpga_0) and broncho_video_i/axi_smc/inst/s01_entry_pipeline/s01_mmu/inst/w_sreg/m_vector_i_reg[1053]/CE (clocked by clk_fpga_0). Large setup violations at the end of those stages might be difficult to fix during the post-placement implementation flow and could be the result of non-optimal XDC constraints or non-optimal design architecture
Related violations: <none>

TIMING-16#85 Warning
Large setup violation  
There is a large setup violation of -1.213 ns between broncho_video_i/axi_smc/inst/s01_nodes/s01_w_node/inst/inst_si_handler/arb_stall_r_reg/C (clocked by clk_fpga_0) and broncho_video_i/axi_smc/inst/s01_entry_pipeline/s01_mmu/inst/w_sreg/m_vector_i_reg[1080]/CE (clocked by clk_fpga_0). Large setup violations at the end of those stages might be difficult to fix during the post-placement implementation flow and could be the result of non-optimal XDC constraints or non-optimal design architecture
Related violations: <none>

TIMING-16#86 Warning
Large setup violation  
There is a large setup violation of -1.213 ns between broncho_video_i/axi_smc/inst/s01_nodes/s01_w_node/inst/inst_si_handler/arb_stall_r_reg/C (clocked by clk_fpga_0) and broncho_video_i/axi_smc/inst/s01_entry_pipeline/s01_mmu/inst/w_sreg/m_vector_i_reg[1081]/CE (clocked by clk_fpga_0). Large setup violations at the end of those stages might be difficult to fix during the post-placement implementation flow and could be the result of non-optimal XDC constraints or non-optimal design architecture
Related violations: <none>

TIMING-16#87 Warning
Large setup violation  
There is a large setup violation of -1.231 ns between broncho_video_i/axi_smc/inst/s01_nodes/s01_w_node/inst/inst_si_handler/arb_stall_r_reg/C (clocked by clk_fpga_0) and broncho_video_i/axi_smc/inst/s01_entry_pipeline/s01_mmu/inst/w_sreg/m_vector_i_reg[1028]/CE (clocked by clk_fpga_0). Large setup violations at the end of those stages might be difficult to fix during the post-placement implementation flow and could be the result of non-optimal XDC constraints or non-optimal design architecture
Related violations: <none>

TIMING-16#88 Warning
Large setup violation  
There is a large setup violation of -1.231 ns between broncho_video_i/axi_smc/inst/s01_nodes/s01_w_node/inst/inst_si_handler/arb_stall_r_reg/C (clocked by clk_fpga_0) and broncho_video_i/axi_smc/inst/s01_entry_pipeline/s01_mmu/inst/w_sreg/m_vector_i_reg[1029]/CE (clocked by clk_fpga_0). Large setup violations at the end of those stages might be difficult to fix during the post-placement implementation flow and could be the result of non-optimal XDC constraints or non-optimal design architecture
Related violations: <none>

TIMING-16#89 Warning
Large setup violation  
There is a large setup violation of -1.231 ns between broncho_video_i/axi_smc/inst/s01_nodes/s01_w_node/inst/inst_si_handler/arb_stall_r_reg/C (clocked by clk_fpga_0) and broncho_video_i/axi_smc/inst/s01_entry_pipeline/s01_mmu/inst/w_sreg/m_vector_i_reg[1040]/CE (clocked by clk_fpga_0). Large setup violations at the end of those stages might be difficult to fix during the post-placement implementation flow and could be the result of non-optimal XDC constraints or non-optimal design architecture
Related violations: <none>

TIMING-16#90 Warning
Large setup violation  
There is a large setup violation of -1.231 ns between broncho_video_i/axi_smc/inst/s01_nodes/s01_w_node/inst/inst_si_handler/arb_stall_r_reg/C (clocked by clk_fpga_0) and broncho_video_i/axi_smc/inst/s01_entry_pipeline/s01_mmu/inst/w_sreg/m_vector_i_reg[1041]/CE (clocked by clk_fpga_0). Large setup violations at the end of those stages might be difficult to fix during the post-placement implementation flow and could be the result of non-optimal XDC constraints or non-optimal design architecture
Related violations: <none>

TIMING-16#91 Warning
Large setup violation  
There is a large setup violation of -1.231 ns between broncho_video_i/axi_smc/inst/s01_nodes/s01_w_node/inst/inst_si_handler/arb_stall_r_reg/C (clocked by clk_fpga_0) and broncho_video_i/axi_smc/inst/s01_entry_pipeline/s01_mmu/inst/w_sreg/m_vector_i_reg[1046]/CE (clocked by clk_fpga_0). Large setup violations at the end of those stages might be difficult to fix during the post-placement implementation flow and could be the result of non-optimal XDC constraints or non-optimal design architecture
Related violations: <none>

TIMING-16#92 Warning
Large setup violation  
There is a large setup violation of -1.231 ns between broncho_video_i/axi_smc/inst/s01_nodes/s01_w_node/inst/inst_si_handler/arb_stall_r_reg/C (clocked by clk_fpga_0) and broncho_video_i/axi_smc/inst/s01_entry_pipeline/s01_mmu/inst/w_sreg/m_vector_i_reg[1047]/CE (clocked by clk_fpga_0). Large setup violations at the end of those stages might be difficult to fix during the post-placement implementation flow and could be the result of non-optimal XDC constraints or non-optimal design architecture
Related violations: <none>

TIMING-16#93 Warning
Large setup violation  
There is a large setup violation of -1.231 ns between broncho_video_i/axi_smc/inst/s01_nodes/s01_w_node/inst/inst_si_handler/arb_stall_r_reg/C (clocked by clk_fpga_0) and broncho_video_i/axi_smc/inst/s01_entry_pipeline/s01_mmu/inst/w_sreg/m_vector_i_reg[2052]/CE (clocked by clk_fpga_0). Large setup violations at the end of those stages might be difficult to fix during the post-placement implementation flow and could be the result of non-optimal XDC constraints or non-optimal design architecture
Related violations: <none>

TIMING-16#94 Warning
Large setup violation  
There is a large setup violation of -1.231 ns between broncho_video_i/axi_smc/inst/s01_nodes/s01_w_node/inst/inst_si_handler/arb_stall_r_reg/C (clocked by clk_fpga_0) and broncho_video_i/axi_smc/inst/s01_entry_pipeline/s01_mmu/inst/w_sreg/m_vector_i_reg[2053]/CE (clocked by clk_fpga_0). Large setup violations at the end of those stages might be difficult to fix during the post-placement implementation flow and could be the result of non-optimal XDC constraints or non-optimal design architecture
Related violations: <none>

TIMING-16#95 Warning
Large setup violation  
There is a large setup violation of -1.232 ns between broncho_video_i/axi_vdma_0/U0/I_PRMRY_DATAMOVER/GEN_S2MM_FULL.I_S2MM_FULL_WRAPPER/GEN_ENABLE_INDET_BTT_SF.I_INDET_BTT/I_DATA_FIFO/BLK_MEM.I_SYNC_FIFOGEN_FIFO/xpm_fifo_instance.xpm_fifo_sync_inst/xpm_fifo_base_inst/gen_pntr_flags_cc.gen_full_rst_val.ram_full_i_reg/C (clocked by clk_fpga_0) and broncho_video_i/axi_vdma_0/U0/I_PRMRY_DATAMOVER/GEN_S2MM_FULL.I_S2MM_FULL_WRAPPER/GEN_ENABLE_INDET_BTT_SF.I_INDET_BTT/sig_burst_dbeat_cntr_reg[0]/D (clocked by clk_fpga_0). Large setup violations at the end of those stages might be difficult to fix during the post-placement implementation flow and could be the result of non-optimal XDC constraints or non-optimal design architecture
Related violations: <none>

TIMING-16#96 Warning
Large setup violation  
There is a large setup violation of -1.234 ns between broncho_video_i/axi_vdma_0/U0/I_PRMRY_DATAMOVER/GEN_S2MM_FULL.I_S2MM_FULL_WRAPPER/GEN_INCLUDE_REALIGNER.I_S2MM_REALIGNER/GEN_INCLUDE_SCATTER.I_S2MM_SCATTER/I_MSSAI_SKID_BUF/sig_m_valid_out_reg/C (clocked by clk_fpga_0) and broncho_video_i/axi_vdma_0/U0/I_PRMRY_DATAMOVER/GEN_S2MM_FULL.I_S2MM_FULL_WRAPPER/GEN_INCLUDE_REALIGNER.I_S2MM_REALIGNER/GEN_INCLUDE_SCATTER.I_S2MM_SCATTER/I_MSSAI_SKID_BUF/sig_data_reg_out_reg[11]/CE (clocked by clk_fpga_0). Large setup violations at the end of those stages might be difficult to fix during the post-placement implementation flow and could be the result of non-optimal XDC constraints or non-optimal design architecture
Related violations: <none>

TIMING-16#97 Warning
Large setup violation  
There is a large setup violation of -1.234 ns between broncho_video_i/axi_vdma_0/U0/I_PRMRY_DATAMOVER/GEN_S2MM_FULL.I_S2MM_FULL_WRAPPER/GEN_INCLUDE_REALIGNER.I_S2MM_REALIGNER/GEN_INCLUDE_SCATTER.I_S2MM_SCATTER/I_MSSAI_SKID_BUF/sig_m_valid_out_reg/C (clocked by clk_fpga_0) and broncho_video_i/axi_vdma_0/U0/I_PRMRY_DATAMOVER/GEN_S2MM_FULL.I_S2MM_FULL_WRAPPER/GEN_INCLUDE_REALIGNER.I_S2MM_REALIGNER/GEN_INCLUDE_SCATTER.I_S2MM_SCATTER/I_MSSAI_SKID_BUF/sig_data_reg_out_reg[15]/CE (clocked by clk_fpga_0). Large setup violations at the end of those stages might be difficult to fix during the post-placement implementation flow and could be the result of non-optimal XDC constraints or non-optimal design architecture
Related violations: <none>

TIMING-16#98 Warning
Large setup violation  
There is a large setup violation of -1.238 ns between broncho_video_i/axi_vdma_0/U0/GEN_SPRT_FOR_S2MM.S2MM_LINEBUFFER_I/GEN_S2MM_FLUSH_SOF_LOGIC.GEN_LINEBUFFER_FLUSH_SOF.GEN_SYNC_FIFO_FLUSH_SOF.I_LINEBUFFER_FIFO/xpm_fifo_sync_inst/xpm_fifo_base_inst/gen_pntr_flags_cc.ngen_full_rst_val.ram_full_i_reg/C (clocked by clk_fpga_0) and broncho_video_i/axi_vdma_0/U0/GEN_SPRT_FOR_S2MM.S2MM_LINEBUFFER_I/GEN_S2MM_FLUSH_SOF_LOGIC.GEN_LINEBUFFER_FLUSH_SOF.GEN_SYNC_FIFO_FLUSH_SOF.I_LINEBUFFER_FIFO/xpm_fifo_sync_inst/xpm_fifo_base_inst/wrpp1_inst/count_value_i_reg[5]/D (clocked by clk_fpga_0). Large setup violations at the end of those stages might be difficult to fix during the post-placement implementation flow and could be the result of non-optimal XDC constraints or non-optimal design architecture
Related violations: <none>

TIMING-16#99 Warning
Large setup violation  
There is a large setup violation of -1.239 ns between broncho_video_i/axi_vdma_0/U0/I_PRMRY_DATAMOVER/GEN_S2MM_FULL.I_S2MM_FULL_WRAPPER/GEN_ENABLE_INDET_BTT_SF.I_INDET_BTT/I_DATA_FIFO/BLK_MEM.I_SYNC_FIFOGEN_FIFO/xpm_fifo_instance.xpm_fifo_sync_inst/xpm_fifo_base_inst/gen_pntr_flags_cc.gen_full_rst_val.ram_full_i_reg/C (clocked by clk_fpga_0) and broncho_video_i/axi_vdma_0/U0/I_PRMRY_DATAMOVER/GEN_S2MM_FULL.I_S2MM_FULL_WRAPPER/GEN_ENABLE_INDET_BTT_SF.I_INDET_BTT/INCLUDE_PACKING.DO_REG_SLICES[0].lsig_data_slice_reg_reg[0][1]/CE (clocked by clk_fpga_0). Large setup violations at the end of those stages might be difficult to fix during the post-placement implementation flow and could be the result of non-optimal XDC constraints or non-optimal design architecture
Related violations: <none>

TIMING-16#100 Warning
Large setup violation  
There is a large setup violation of -1.239 ns between broncho_video_i/axi_vdma_0/U0/I_PRMRY_DATAMOVER/GEN_S2MM_FULL.I_S2MM_FULL_WRAPPER/GEN_ENABLE_INDET_BTT_SF.I_INDET_BTT/I_DATA_FIFO/BLK_MEM.I_SYNC_FIFOGEN_FIFO/xpm_fifo_instance.xpm_fifo_sync_inst/xpm_fifo_base_inst/gen_pntr_flags_cc.gen_full_rst_val.ram_full_i_reg/C (clocked by clk_fpga_0) and broncho_video_i/axi_vdma_0/U0/I_PRMRY_DATAMOVER/GEN_S2MM_FULL.I_S2MM_FULL_WRAPPER/GEN_ENABLE_INDET_BTT_SF.I_INDET_BTT/INCLUDE_PACKING.DO_REG_SLICES[0].lsig_data_slice_reg_reg[0][8]/CE (clocked by clk_fpga_0). Large setup violations at the end of those stages might be difficult to fix during the post-placement implementation flow and could be the result of non-optimal XDC constraints or non-optimal design architecture
Related violations: <none>

TIMING-16#101 Warning
Large setup violation  
There is a large setup violation of -1.249 ns between broncho_video_i/axi_vdma_0/U0/GEN_SPRT_FOR_S2MM.S2MM_LINEBUFFER_I/GEN_S2MM_FLUSH_SOF_LOGIC.GEN_LINEBUFFER_FLUSH_SOF.GEN_SYNC_FIFO_FLUSH_SOF.I_LINEBUFFER_FIFO/xpm_fifo_sync_inst/xpm_fifo_base_inst/gen_pntr_flags_cc.ngen_full_rst_val.ram_full_i_reg/C (clocked by clk_fpga_0) and broncho_video_i/axi_vdma_0/U0/GEN_SPRT_FOR_S2MM.S2MM_LINEBUFFER_I/GEN_S2MM_FLUSH_SOF_LOGIC.GEN_LINEBUFFER_FLUSH_SOF.GEN_SYNC_FIFO_FLUSH_SOF.I_LINEBUFFER_FIFO/xpm_fifo_sync_inst/xpm_fifo_base_inst/wrpp1_inst/count_value_i_reg[8]/D (clocked by clk_fpga_0). Large setup violations at the end of those stages might be difficult to fix during the post-placement implementation flow and could be the result of non-optimal XDC constraints or non-optimal design architecture
Related violations: <none>

TIMING-16#102 Warning
Large setup violation  
There is a large setup violation of -1.253 ns between broncho_video_i/axi_vdma_0/U0/I_PRMRY_DATAMOVER/GEN_S2MM_FULL.I_S2MM_FULL_WRAPPER/GEN_ENABLE_INDET_BTT_SF.I_INDET_BTT/I_DATA_FIFO/BLK_MEM.I_SYNC_FIFOGEN_FIFO/xpm_fifo_instance.xpm_fifo_sync_inst/xpm_fifo_base_inst/gen_pntr_flags_cc.gen_full_rst_val.ram_full_i_reg/C (clocked by clk_fpga_0) and broncho_video_i/axi_vdma_0/U0/I_PRMRY_DATAMOVER/GEN_S2MM_FULL.I_S2MM_FULL_WRAPPER/GEN_ENABLE_INDET_BTT_SF.I_INDET_BTT/INCLUDE_PACKING.DO_REG_SLICES[3].lsig_data_slice_reg_reg[3][5]/D (clocked by clk_fpga_0). Large setup violations at the end of those stages might be difficult to fix during the post-placement implementation flow and could be the result of non-optimal XDC constraints or non-optimal design architecture
Related violations: <none>

TIMING-16#103 Warning
Large setup violation  
There is a large setup violation of -1.258 ns between broncho_video_i/axi_vdma_0/U0/I_PRMRY_DATAMOVER/GEN_S2MM_FULL.I_S2MM_FULL_WRAPPER/GEN_ENABLE_INDET_BTT_SF.I_INDET_BTT/I_DATA_FIFO/BLK_MEM.I_SYNC_FIFOGEN_FIFO/xpm_fifo_instance.xpm_fifo_sync_inst/xpm_fifo_base_inst/gen_pntr_flags_cc.gen_full_rst_val.ram_full_i_reg/C (clocked by clk_fpga_0) and broncho_video_i/axi_vdma_0/U0/I_PRMRY_DATAMOVER/GEN_S2MM_FULL.I_S2MM_FULL_WRAPPER/GEN_ENABLE_INDET_BTT_SF.I_INDET_BTT/INCLUDE_PACKING.DO_REG_SLICES[2].lsig_data_slice_reg_reg[2][7]/D (clocked by clk_fpga_0). Large setup violations at the end of those stages might be difficult to fix during the post-placement implementation flow and could be the result of non-optimal XDC constraints or non-optimal design architecture
Related violations: <none>

TIMING-16#104 Warning
Large setup violation  
There is a large setup violation of -1.259 ns between broncho_video_i/axi_vdma_0/U0/GEN_SPRT_FOR_S2MM.S2MM_LINEBUFFER_I/GEN_S2MM_FLUSH_SOF_LOGIC.GEN_LINEBUFFER_FLUSH_SOF.GEN_SYNC_FIFO_FLUSH_SOF.I_LINEBUFFER_FIFO/xpm_fifo_sync_inst/xpm_fifo_base_inst/gen_pntr_flags_cc.ngen_full_rst_val.ram_full_i_reg/C (clocked by clk_fpga_0) and broncho_video_i/axi_vdma_0/U0/GEN_SPRT_FOR_S2MM.S2MM_LINEBUFFER_I/GEN_S2MM_FLUSH_SOF_LOGIC.GEN_LINEBUFFER_FLUSH_SOF.GEN_SYNC_FIFO_FLUSH_SOF.I_LINEBUFFER_FIFO/xpm_fifo_sync_inst/xpm_fifo_base_inst/wrpp1_inst/count_value_i_reg[7]/D (clocked by clk_fpga_0). Large setup violations at the end of those stages might be difficult to fix during the post-placement implementation flow and could be the result of non-optimal XDC constraints or non-optimal design architecture
Related violations: <none>

TIMING-16#105 Warning
Large setup violation  
There is a large setup violation of -1.273 ns between broncho_video_i/axi_vdma_0/U0/I_PRMRY_DATAMOVER/GEN_S2MM_FULL.I_S2MM_FULL_WRAPPER/GEN_ENABLE_INDET_BTT_SF.I_INDET_BTT/I_DATA_FIFO/BLK_MEM.I_SYNC_FIFOGEN_FIFO/xpm_fifo_instance.xpm_fifo_sync_inst/xpm_fifo_base_inst/gen_pntr_flags_cc.gen_full_rst_val.ram_full_i_reg/C (clocked by clk_fpga_0) and broncho_video_i/axi_vdma_0/U0/I_PRMRY_DATAMOVER/GEN_S2MM_FULL.I_S2MM_FULL_WRAPPER/GEN_ENABLE_INDET_BTT_SF.I_INDET_BTT/INCLUDE_PACKING.DO_REG_SLICES[0].lsig_data_slice_reg_reg[0][0]/CE (clocked by clk_fpga_0). Large setup violations at the end of those stages might be difficult to fix during the post-placement implementation flow and could be the result of non-optimal XDC constraints or non-optimal design architecture
Related violations: <none>

TIMING-16#106 Warning
Large setup violation  
There is a large setup violation of -1.273 ns between broncho_video_i/axi_vdma_0/U0/I_PRMRY_DATAMOVER/GEN_S2MM_FULL.I_S2MM_FULL_WRAPPER/GEN_ENABLE_INDET_BTT_SF.I_INDET_BTT/I_DATA_FIFO/BLK_MEM.I_SYNC_FIFOGEN_FIFO/xpm_fifo_instance.xpm_fifo_sync_inst/xpm_fifo_base_inst/gen_pntr_flags_cc.gen_full_rst_val.ram_full_i_reg/C (clocked by clk_fpga_0) and broncho_video_i/axi_vdma_0/U0/I_PRMRY_DATAMOVER/GEN_S2MM_FULL.I_S2MM_FULL_WRAPPER/GEN_ENABLE_INDET_BTT_SF.I_INDET_BTT/INCLUDE_PACKING.DO_REG_SLICES[0].lsig_data_slice_reg_reg[0][2]/CE (clocked by clk_fpga_0). Large setup violations at the end of those stages might be difficult to fix during the post-placement implementation flow and could be the result of non-optimal XDC constraints or non-optimal design architecture
Related violations: <none>

TIMING-16#107 Warning
Large setup violation  
There is a large setup violation of -1.273 ns between broncho_video_i/axi_vdma_0/U0/I_PRMRY_DATAMOVER/GEN_S2MM_FULL.I_S2MM_FULL_WRAPPER/GEN_ENABLE_INDET_BTT_SF.I_INDET_BTT/I_DATA_FIFO/BLK_MEM.I_SYNC_FIFOGEN_FIFO/xpm_fifo_instance.xpm_fifo_sync_inst/xpm_fifo_base_inst/gen_pntr_flags_cc.gen_full_rst_val.ram_full_i_reg/C (clocked by clk_fpga_0) and broncho_video_i/axi_vdma_0/U0/I_PRMRY_DATAMOVER/GEN_S2MM_FULL.I_S2MM_FULL_WRAPPER/GEN_ENABLE_INDET_BTT_SF.I_INDET_BTT/INCLUDE_PACKING.DO_REG_SLICES[0].lsig_data_slice_reg_reg[0][4]/CE (clocked by clk_fpga_0). Large setup violations at the end of those stages might be difficult to fix during the post-placement implementation flow and could be the result of non-optimal XDC constraints or non-optimal design architecture
Related violations: <none>

TIMING-16#108 Warning
Large setup violation  
There is a large setup violation of -1.273 ns between broncho_video_i/axi_vdma_0/U0/I_PRMRY_DATAMOVER/GEN_S2MM_FULL.I_S2MM_FULL_WRAPPER/GEN_ENABLE_INDET_BTT_SF.I_INDET_BTT/I_DATA_FIFO/BLK_MEM.I_SYNC_FIFOGEN_FIFO/xpm_fifo_instance.xpm_fifo_sync_inst/xpm_fifo_base_inst/gen_pntr_flags_cc.gen_full_rst_val.ram_full_i_reg/C (clocked by clk_fpga_0) and broncho_video_i/axi_vdma_0/U0/I_PRMRY_DATAMOVER/GEN_S2MM_FULL.I_S2MM_FULL_WRAPPER/GEN_ENABLE_INDET_BTT_SF.I_INDET_BTT/INCLUDE_PACKING.DO_REG_SLICES[0].lsig_data_slice_reg_reg[0][6]/CE (clocked by clk_fpga_0). Large setup violations at the end of those stages might be difficult to fix during the post-placement implementation flow and could be the result of non-optimal XDC constraints or non-optimal design architecture
Related violations: <none>

TIMING-16#109 Warning
Large setup violation  
There is a large setup violation of -1.276 ns between broncho_video_i/axi_vdma_0/U0/GEN_SPRT_FOR_S2MM.S2MM_LINEBUFFER_I/GEN_S2MM_FLUSH_SOF_LOGIC.GEN_LINEBUFFER_FLUSH_SOF.GEN_SYNC_FIFO_FLUSH_SOF.I_LINEBUFFER_FIFO/xpm_fifo_sync_inst/xpm_fifo_base_inst/gen_pntr_flags_cc.ngen_full_rst_val.ram_full_i_reg/C (clocked by clk_fpga_0) and broncho_video_i/axi_vdma_0/U0/GEN_SPRT_FOR_S2MM.S2MM_LINEBUFFER_I/GEN_S2MM_FLUSH_SOF_LOGIC.GEN_LINEBUFFER_FLUSH_SOF.GEN_SYNC_FIFO_FLUSH_SOF.I_LINEBUFFER_FIFO/xpm_fifo_sync_inst/xpm_fifo_base_inst/wrp_inst/count_value_i_reg[6]/D (clocked by clk_fpga_0). Large setup violations at the end of those stages might be difficult to fix during the post-placement implementation flow and could be the result of non-optimal XDC constraints or non-optimal design architecture
Related violations: <none>

TIMING-16#110 Warning
Large setup violation  
There is a large setup violation of -1.276 ns between broncho_video_i/axi_vdma_0/U0/I_PRMRY_DATAMOVER/GEN_S2MM_FULL.I_S2MM_FULL_WRAPPER/GEN_INCLUDE_REALIGNER.I_S2MM_REALIGNER/GEN_INCLUDE_SCATTER.I_S2MM_SCATTER/I_MSSAI_SKID_BUF/sig_m_valid_out_reg/C (clocked by clk_fpga_0) and broncho_video_i/axi_vdma_0/U0/I_PRMRY_DATAMOVER/GEN_S2MM_FULL.I_S2MM_FULL_WRAPPER/GEN_INCLUDE_REALIGNER.I_S2MM_REALIGNER/GEN_INCLUDE_SCATTER.I_S2MM_SCATTER/I_MSSAI_SKID_BUF/sig_data_reg_out_reg[1]/CE (clocked by clk_fpga_0). Large setup violations at the end of those stages might be difficult to fix during the post-placement implementation flow and could be the result of non-optimal XDC constraints or non-optimal design architecture
Related violations: <none>

TIMING-16#111 Warning
Large setup violation  
There is a large setup violation of -1.276 ns between broncho_video_i/axi_vdma_0/U0/I_PRMRY_DATAMOVER/GEN_S2MM_FULL.I_S2MM_FULL_WRAPPER/GEN_INCLUDE_REALIGNER.I_S2MM_REALIGNER/GEN_INCLUDE_SCATTER.I_S2MM_SCATTER/I_MSSAI_SKID_BUF/sig_m_valid_out_reg/C (clocked by clk_fpga_0) and broncho_video_i/axi_vdma_0/U0/I_PRMRY_DATAMOVER/GEN_S2MM_FULL.I_S2MM_FULL_WRAPPER/GEN_INCLUDE_REALIGNER.I_S2MM_REALIGNER/GEN_INCLUDE_SCATTER.I_S2MM_SCATTER/I_MSSAI_SKID_BUF/sig_data_reg_out_reg[4]/CE (clocked by clk_fpga_0). Large setup violations at the end of those stages might be difficult to fix during the post-placement implementation flow and could be the result of non-optimal XDC constraints or non-optimal design architecture
Related violations: <none>

TIMING-16#112 Warning
Large setup violation  
There is a large setup violation of -1.276 ns between broncho_video_i/axi_vdma_0/U0/I_PRMRY_DATAMOVER/GEN_S2MM_FULL.I_S2MM_FULL_WRAPPER/GEN_INCLUDE_REALIGNER.I_S2MM_REALIGNER/GEN_INCLUDE_SCATTER.I_S2MM_SCATTER/I_MSSAI_SKID_BUF/sig_m_valid_out_reg/C (clocked by clk_fpga_0) and broncho_video_i/axi_vdma_0/U0/I_PRMRY_DATAMOVER/GEN_S2MM_FULL.I_S2MM_FULL_WRAPPER/GEN_INCLUDE_REALIGNER.I_S2MM_REALIGNER/GEN_INCLUDE_SCATTER.I_S2MM_SCATTER/I_MSSAI_SKID_BUF/sig_data_reg_out_reg[6]/CE (clocked by clk_fpga_0). Large setup violations at the end of those stages might be difficult to fix during the post-placement implementation flow and could be the result of non-optimal XDC constraints or non-optimal design architecture
Related violations: <none>

TIMING-16#113 Warning
Large setup violation  
There is a large setup violation of -1.276 ns between broncho_video_i/axi_vdma_0/U0/I_PRMRY_DATAMOVER/GEN_S2MM_FULL.I_S2MM_FULL_WRAPPER/GEN_INCLUDE_REALIGNER.I_S2MM_REALIGNER/GEN_INCLUDE_SCATTER.I_S2MM_SCATTER/I_MSSAI_SKID_BUF/sig_m_valid_out_reg/C (clocked by clk_fpga_0) and broncho_video_i/axi_vdma_0/U0/I_PRMRY_DATAMOVER/GEN_S2MM_FULL.I_S2MM_FULL_WRAPPER/GEN_INCLUDE_REALIGNER.I_S2MM_REALIGNER/GEN_INCLUDE_SCATTER.I_S2MM_SCATTER/I_MSSAI_SKID_BUF/sig_data_reg_out_reg[8]/CE (clocked by clk_fpga_0). Large setup violations at the end of those stages might be difficult to fix during the post-placement implementation flow and could be the result of non-optimal XDC constraints or non-optimal design architecture
Related violations: <none>

TIMING-16#114 Warning
Large setup violation  
There is a large setup violation of -1.286 ns between broncho_video_i/clahe_ip_0/inst/u_clahe_ip_dut_inst/u_clahe_ip_src_CLAHE/u_AXI4_Master_Write_Controller/line_count_reg[5]/C (clocked by clk_fpga_0) and broncho_video_i/clahe_ip_0/inst/u_clahe_ip_dut_inst/u_clahe_ip_src_CLAHE/Delay3_out1_reg[14]/D (clocked by clk_fpga_0). Large setup violations at the end of those stages might be difficult to fix during the post-placement implementation flow and could be the result of non-optimal XDC constraints or non-optimal design architecture
Related violations: <none>

TIMING-16#115 Warning
Large setup violation  
There is a large setup violation of -1.288 ns between broncho_video_i/clahe_ip_0/inst/u_clahe_ip_dut_inst/u_clahe_ip_src_CLAHE/u_AXI4_Master_Write_Controller/line_count_reg[5]/C (clocked by clk_fpga_0) and broncho_video_i/clahe_ip_0/inst/u_clahe_ip_dut_inst/u_clahe_ip_src_CLAHE/Delay3_out1_reg[12]/D (clocked by clk_fpga_0). Large setup violations at the end of those stages might be difficult to fix during the post-placement implementation flow and could be the result of non-optimal XDC constraints or non-optimal design architecture
Related violations: <none>

TIMING-16#116 Warning
Large setup violation  
There is a large setup violation of -1.288 ns between broncho_video_i/clahe_ip_0/inst/u_clahe_ip_dut_inst/u_clahe_ip_src_CLAHE/u_AXI4_Master_Write_Controller/line_count_reg[5]/C (clocked by clk_fpga_0) and broncho_video_i/clahe_ip_0/inst/u_clahe_ip_dut_inst/u_clahe_ip_src_CLAHE/Delay3_out1_reg[8]/D (clocked by clk_fpga_0). Large setup violations at the end of those stages might be difficult to fix during the post-placement implementation flow and could be the result of non-optimal XDC constraints or non-optimal design architecture
Related violations: <none>

TIMING-16#117 Warning
Large setup violation  
There is a large setup violation of -1.291 ns between broncho_video_i/axi_vdma_0/U0/GEN_SPRT_FOR_S2MM.S2MM_LINEBUFFER_I/GEN_S2MM_FLUSH_SOF_LOGIC.GEN_LINEBUFFER_FLUSH_SOF.GEN_SYNC_FIFO_FLUSH_SOF.I_LINEBUFFER_FIFO/xpm_fifo_sync_inst/xpm_fifo_base_inst/gen_pntr_flags_cc.ngen_full_rst_val.ram_full_i_reg/C (clocked by clk_fpga_0) and broncho_video_i/axi_vdma_0/U0/GEN_SPRT_FOR_S2MM.S2MM_LINEBUFFER_I/GEN_S2MM_FLUSH_SOF_LOGIC.GEN_LINEBUFFER_FLUSH_SOF.GEN_SYNC_FIFO_FLUSH_SOF.I_LINEBUFFER_FIFO/xpm_fifo_sync_inst/xpm_fifo_base_inst/wrp_inst/count_value_i_reg[5]/D (clocked by clk_fpga_0). Large setup violations at the end of those stages might be difficult to fix during the post-placement implementation flow and could be the result of non-optimal XDC constraints or non-optimal design architecture
Related violations: <none>

TIMING-16#118 Warning
Large setup violation  
There is a large setup violation of -1.303 ns between broncho_video_i/clahe_ip_0/inst/u_clahe_ip_dut_inst/u_clahe_ip_src_CLAHE/u_AXI4_Master_Write_Controller/line_count_reg[5]/C (clocked by clk_fpga_0) and broncho_video_i/clahe_ip_0/inst/u_clahe_ip_dut_inst/u_clahe_ip_src_CLAHE/Delay3_out1_reg[31]/D (clocked by clk_fpga_0). Large setup violations at the end of those stages might be difficult to fix during the post-placement implementation flow and could be the result of non-optimal XDC constraints or non-optimal design architecture
Related violations: <none>

TIMING-16#119 Warning
Large setup violation  
There is a large setup violation of -1.304 ns between broncho_video_i/clahe_ip_0/inst/u_clahe_ip_dut_inst/u_clahe_ip_src_CLAHE/u_AXI4_Master_Write_Controller/line_count_reg[5]/C (clocked by clk_fpga_0) and broncho_video_i/clahe_ip_0/inst/u_clahe_ip_dut_inst/u_clahe_ip_src_CLAHE/Delay3_out1_reg[13]/D (clocked by clk_fpga_0). Large setup violations at the end of those stages might be difficult to fix during the post-placement implementation flow and could be the result of non-optimal XDC constraints or non-optimal design architecture
Related violations: <none>

TIMING-16#120 Warning
Large setup violation  
There is a large setup violation of -1.305 ns between broncho_video_i/axi_vdma_0/U0/I_PRMRY_DATAMOVER/GEN_S2MM_FULL.I_S2MM_FULL_WRAPPER/GEN_ENABLE_INDET_BTT_SF.I_INDET_BTT/I_DATA_FIFO/BLK_MEM.I_SYNC_FIFOGEN_FIFO/xpm_fifo_instance.xpm_fifo_sync_inst/xpm_fifo_base_inst/gen_pntr_flags_cc.gen_full_rst_val.ram_full_i_reg/C (clocked by clk_fpga_0) and broncho_video_i/axi_vdma_0/U0/I_PRMRY_DATAMOVER/GEN_S2MM_FULL.I_S2MM_FULL_WRAPPER/GEN_ENABLE_INDET_BTT_SF.I_INDET_BTT/INCLUDE_PACKING.DO_REG_SLICES[0].lsig_flag_slice_reg_reg[0][0]/CE (clocked by clk_fpga_0). Large setup violations at the end of those stages might be difficult to fix during the post-placement implementation flow and could be the result of non-optimal XDC constraints or non-optimal design architecture
Related violations: <none>

TIMING-16#121 Warning
Large setup violation  
There is a large setup violation of -1.308 ns between broncho_video_i/clahe_ip_0/inst/u_clahe_ip_dut_inst/u_clahe_ip_src_CLAHE/u_AXI4_Master_Write_Controller/line_count_reg[5]/C (clocked by clk_fpga_0) and broncho_video_i/clahe_ip_0/inst/u_clahe_ip_dut_inst/u_clahe_ip_src_CLAHE/Delay3_out1_reg[11]/D (clocked by clk_fpga_0). Large setup violations at the end of those stages might be difficult to fix during the post-placement implementation flow and could be the result of non-optimal XDC constraints or non-optimal design architecture
Related violations: <none>

TIMING-16#122 Warning
Large setup violation  
There is a large setup violation of -1.310 ns between broncho_video_i/axi_smc/inst/s01_nodes/s01_w_node/inst/inst_si_handler/arb_stall_r_reg/C (clocked by clk_fpga_0) and broncho_video_i/axi_smc/inst/s01_entry_pipeline/s01_mmu/inst/w_sreg/m_vector_i_reg[1060]/CE (clocked by clk_fpga_0). Large setup violations at the end of those stages might be difficult to fix during the post-placement implementation flow and could be the result of non-optimal XDC constraints or non-optimal design architecture
Related violations: <none>

TIMING-16#123 Warning
Large setup violation  
There is a large setup violation of -1.310 ns between broncho_video_i/axi_smc/inst/s01_nodes/s01_w_node/inst/inst_si_handler/arb_stall_r_reg/C (clocked by clk_fpga_0) and broncho_video_i/axi_smc/inst/s01_entry_pipeline/s01_mmu/inst/w_sreg/m_vector_i_reg[1061]/CE (clocked by clk_fpga_0). Large setup violations at the end of those stages might be difficult to fix during the post-placement implementation flow and could be the result of non-optimal XDC constraints or non-optimal design architecture
Related violations: <none>

TIMING-16#124 Warning
Large setup violation  
There is a large setup violation of -1.310 ns between broncho_video_i/axi_smc/inst/s01_nodes/s01_w_node/inst/inst_si_handler/arb_stall_r_reg/C (clocked by clk_fpga_0) and broncho_video_i/axi_smc/inst/s01_entry_pipeline/s01_mmu/inst/w_sreg/m_vector_i_reg[1062]/CE (clocked by clk_fpga_0). Large setup violations at the end of those stages might be difficult to fix during the post-placement implementation flow and could be the result of non-optimal XDC constraints or non-optimal design architecture
Related violations: <none>

TIMING-16#125 Warning
Large setup violation  
There is a large setup violation of -1.310 ns between broncho_video_i/axi_smc/inst/s01_nodes/s01_w_node/inst/inst_si_handler/arb_stall_r_reg/C (clocked by clk_fpga_0) and broncho_video_i/axi_smc/inst/s01_entry_pipeline/s01_mmu/inst/w_sreg/m_vector_i_reg[1063]/CE (clocked by clk_fpga_0). Large setup violations at the end of those stages might be difficult to fix during the post-placement implementation flow and could be the result of non-optimal XDC constraints or non-optimal design architecture
Related violations: <none>

TIMING-16#126 Warning
Large setup violation  
There is a large setup violation of -1.310 ns between broncho_video_i/axi_smc/inst/s01_nodes/s01_w_node/inst/inst_si_handler/arb_stall_r_reg/C (clocked by clk_fpga_0) and broncho_video_i/axi_smc/inst/s01_entry_pipeline/s01_mmu/inst/w_sreg/m_vector_i_reg[1074]/CE (clocked by clk_fpga_0). Large setup violations at the end of those stages might be difficult to fix during the post-placement implementation flow and could be the result of non-optimal XDC constraints or non-optimal design architecture
Related violations: <none>

TIMING-16#127 Warning
Large setup violation  
There is a large setup violation of -1.310 ns between broncho_video_i/axi_smc/inst/s01_nodes/s01_w_node/inst/inst_si_handler/arb_stall_r_reg/C (clocked by clk_fpga_0) and broncho_video_i/axi_smc/inst/s01_entry_pipeline/s01_mmu/inst/w_sreg/m_vector_i_reg[1075]/CE (clocked by clk_fpga_0). Large setup violations at the end of those stages might be difficult to fix during the post-placement implementation flow and could be the result of non-optimal XDC constraints or non-optimal design architecture
Related violations: <none>

TIMING-16#128 Warning
Large setup violation  
There is a large setup violation of -1.310 ns between broncho_video_i/axi_smc/inst/s01_nodes/s01_w_node/inst/inst_si_handler/arb_stall_r_reg/C (clocked by clk_fpga_0) and broncho_video_i/axi_smc/inst/s01_entry_pipeline/s01_mmu/inst/w_sreg/m_vector_i_reg[1078]/CE (clocked by clk_fpga_0). Large setup violations at the end of those stages might be difficult to fix during the post-placement implementation flow and could be the result of non-optimal XDC constraints or non-optimal design architecture
Related violations: <none>

TIMING-16#129 Warning
Large setup violation  
There is a large setup violation of -1.310 ns between broncho_video_i/axi_smc/inst/s01_nodes/s01_w_node/inst/inst_si_handler/arb_stall_r_reg/C (clocked by clk_fpga_0) and broncho_video_i/axi_smc/inst/s01_entry_pipeline/s01_mmu/inst/w_sreg/m_vector_i_reg[1079]/CE (clocked by clk_fpga_0). Large setup violations at the end of those stages might be difficult to fix during the post-placement implementation flow and could be the result of non-optimal XDC constraints or non-optimal design architecture
Related violations: <none>

TIMING-16#130 Warning
Large setup violation  
There is a large setup violation of -1.311 ns between broncho_video_i/clahe_ip_0/inst/u_clahe_ip_dut_inst/u_clahe_ip_src_CLAHE/u_AXI4_Master_Write_Controller/line_count_reg[5]/C (clocked by clk_fpga_0) and broncho_video_i/clahe_ip_0/inst/u_clahe_ip_dut_inst/u_clahe_ip_src_CLAHE/Delay3_out1_reg[9]/D (clocked by clk_fpga_0). Large setup violations at the end of those stages might be difficult to fix during the post-placement implementation flow and could be the result of non-optimal XDC constraints or non-optimal design architecture
Related violations: <none>

TIMING-16#131 Warning
Large setup violation  
There is a large setup violation of -1.315 ns between broncho_video_i/axi_vdma_0/U0/I_PRMRY_DATAMOVER/GEN_S2MM_FULL.I_S2MM_FULL_WRAPPER/GEN_ENABLE_INDET_BTT_SF.I_INDET_BTT/I_DATA_FIFO/BLK_MEM.I_SYNC_FIFOGEN_FIFO/xpm_fifo_instance.xpm_fifo_sync_inst/xpm_fifo_base_inst/gen_pntr_flags_cc.gen_full_rst_val.ram_full_i_reg/C (clocked by clk_fpga_0) and broncho_video_i/axi_vdma_0/U0/I_PRMRY_DATAMOVER/GEN_S2MM_FULL.I_S2MM_FULL_WRAPPER/GEN_ENABLE_INDET_BTT_SF.I_INDET_BTT/INCLUDE_PACKING.DO_REG_SLICES[3].lsig_data_slice_reg_reg[3][13]/D (clocked by clk_fpga_0). Large setup violations at the end of those stages might be difficult to fix during the post-placement implementation flow and could be the result of non-optimal XDC constraints or non-optimal design architecture
Related violations: <none>

TIMING-16#132 Warning
Large setup violation  
There is a large setup violation of -1.324 ns between broncho_video_i/axi_vdma_0/U0/GEN_SPRT_FOR_S2MM.GEN_S2MM_DRE_OFF_SKID.I_S2MM_SKID_FLUSH_SOF/sig_user_reg_out_reg[0]/C (clocked by clk_fpga_0) and broncho_video_i/axi_vdma_0/U0/GEN_SPRT_FOR_S2MM.GEN_S2MM_DRE_OFF_SKID.I_S2MM_SKID_FLUSH_SOF/sig_m_valid_out_reg/D (clocked by clk_fpga_0). Large setup violations at the end of those stages might be difficult to fix during the post-placement implementation flow and could be the result of non-optimal XDC constraints or non-optimal design architecture
Related violations: <none>

TIMING-16#133 Warning
Large setup violation  
There is a large setup violation of -1.363 ns between broncho_video_i/axi_vdma_0/U0/GEN_SPRT_FOR_S2MM.GEN_S2MM_DRE_OFF_SKID.I_S2MM_SKID_FLUSH_SOF/sig_user_reg_out_reg[0]/C (clocked by clk_fpga_0) and broncho_video_i/axi_vdma_0/U0/GEN_SPRT_FOR_S2MM.GEN_S2MM_DRE_OFF_SKID.I_S2MM_SKID_FLUSH_SOF/sig_data_reg_out_reg[14]/CE (clocked by clk_fpga_0). Large setup violations at the end of those stages might be difficult to fix during the post-placement implementation flow and could be the result of non-optimal XDC constraints or non-optimal design architecture
Related violations: <none>

TIMING-16#134 Warning
Large setup violation  
There is a large setup violation of -1.363 ns between broncho_video_i/axi_vdma_0/U0/GEN_SPRT_FOR_S2MM.GEN_S2MM_DRE_OFF_SKID.I_S2MM_SKID_FLUSH_SOF/sig_user_reg_out_reg[0]/C (clocked by clk_fpga_0) and broncho_video_i/axi_vdma_0/U0/GEN_SPRT_FOR_S2MM.GEN_S2MM_DRE_OFF_SKID.I_S2MM_SKID_FLUSH_SOF/sig_data_reg_out_reg[1]/CE (clocked by clk_fpga_0). Large setup violations at the end of those stages might be difficult to fix during the post-placement implementation flow and could be the result of non-optimal XDC constraints or non-optimal design architecture
Related violations: <none>

TIMING-16#135 Warning
Large setup violation  
There is a large setup violation of -1.363 ns between broncho_video_i/axi_vdma_0/U0/GEN_SPRT_FOR_S2MM.GEN_S2MM_DRE_OFF_SKID.I_S2MM_SKID_FLUSH_SOF/sig_user_reg_out_reg[0]/C (clocked by clk_fpga_0) and broncho_video_i/axi_vdma_0/U0/GEN_SPRT_FOR_S2MM.GEN_S2MM_DRE_OFF_SKID.I_S2MM_SKID_FLUSH_SOF/sig_data_reg_out_reg[7]/CE (clocked by clk_fpga_0). Large setup violations at the end of those stages might be difficult to fix during the post-placement implementation flow and could be the result of non-optimal XDC constraints or non-optimal design architecture
Related violations: <none>

TIMING-16#136 Warning
Large setup violation  
There is a large setup violation of -1.363 ns between broncho_video_i/axi_vdma_0/U0/GEN_SPRT_FOR_S2MM.GEN_S2MM_DRE_OFF_SKID.I_S2MM_SKID_FLUSH_SOF/sig_user_reg_out_reg[0]/C (clocked by clk_fpga_0) and broncho_video_i/axi_vdma_0/U0/GEN_SPRT_FOR_S2MM.GEN_S2MM_DRE_OFF_SKID.I_S2MM_SKID_FLUSH_SOF/sig_last_reg_out_reg/CE (clocked by clk_fpga_0). Large setup violations at the end of those stages might be difficult to fix during the post-placement implementation flow and could be the result of non-optimal XDC constraints or non-optimal design architecture
Related violations: <none>

TIMING-16#137 Warning
Large setup violation  
There is a large setup violation of -1.363 ns between broncho_video_i/axi_vdma_0/U0/I_PRMRY_DATAMOVER/GEN_S2MM_FULL.I_S2MM_FULL_WRAPPER/GEN_ENABLE_INDET_BTT_SF.I_INDET_BTT/I_DATA_FIFO/BLK_MEM.I_SYNC_FIFOGEN_FIFO/xpm_fifo_instance.xpm_fifo_sync_inst/xpm_fifo_base_inst/gen_pntr_flags_cc.gen_full_rst_val.ram_full_i_reg/C (clocked by clk_fpga_0) and broncho_video_i/axi_vdma_0/U0/I_PRMRY_DATAMOVER/GEN_S2MM_FULL.I_S2MM_FULL_WRAPPER/GEN_ENABLE_INDET_BTT_SF.I_INDET_BTT/INCLUDE_PACKING.DO_REG_SLICES[3].lsig_data_slice_reg_reg[3][6]/D (clocked by clk_fpga_0). Large setup violations at the end of those stages might be difficult to fix during the post-placement implementation flow and could be the result of non-optimal XDC constraints or non-optimal design architecture
Related violations: <none>

TIMING-16#138 Warning
Large setup violation  
There is a large setup violation of -1.363 ns between broncho_video_i/clahe_ip_0/inst/u_clahe_ip_dut_inst/u_clahe_ip_src_CLAHE/u_AXI4_Master_Write_Controller/line_count_reg[5]/C (clocked by clk_fpga_0) and broncho_video_i/clahe_ip_0/inst/u_clahe_ip_dut_inst/u_clahe_ip_src_CLAHE/Delay3_out1_reg[10]/D (clocked by clk_fpga_0). Large setup violations at the end of those stages might be difficult to fix during the post-placement implementation flow and could be the result of non-optimal XDC constraints or non-optimal design architecture
Related violations: <none>

TIMING-16#139 Warning
Large setup violation  
There is a large setup violation of -1.382 ns between broncho_video_i/axi_vdma_0/U0/I_PRMRY_DATAMOVER/GEN_S2MM_FULL.I_S2MM_FULL_WRAPPER/GEN_ENABLE_INDET_BTT_SF.I_INDET_BTT/I_DATA_FIFO/BLK_MEM.I_SYNC_FIFOGEN_FIFO/xpm_fifo_instance.xpm_fifo_sync_inst/xpm_fifo_base_inst/gen_pntr_flags_cc.gen_full_rst_val.ram_full_i_reg/C (clocked by clk_fpga_0) and broncho_video_i/axi_vdma_0/U0/I_PRMRY_DATAMOVER/GEN_S2MM_FULL.I_S2MM_FULL_WRAPPER/GEN_ENABLE_INDET_BTT_SF.I_INDET_BTT/INCLUDE_PACKING.DO_REG_SLICES[2].lsig_data_slice_reg_reg[2][8]/D (clocked by clk_fpga_0). Large setup violations at the end of those stages might be difficult to fix during the post-placement implementation flow and could be the result of non-optimal XDC constraints or non-optimal design architecture
Related violations: <none>

TIMING-16#140 Warning
Large setup violation  
There is a large setup violation of -1.386 ns between broncho_video_i/axi_vdma_0/U0/I_PRMRY_DATAMOVER/GEN_S2MM_FULL.I_S2MM_FULL_WRAPPER/GEN_ENABLE_INDET_BTT_SF.I_INDET_BTT/I_DATA_FIFO/BLK_MEM.I_SYNC_FIFOGEN_FIFO/xpm_fifo_instance.xpm_fifo_sync_inst/xpm_fifo_base_inst/gen_pntr_flags_cc.gen_full_rst_val.ram_full_i_reg/C (clocked by clk_fpga_0) and broncho_video_i/axi_vdma_0/U0/I_PRMRY_DATAMOVER/GEN_S2MM_FULL.I_S2MM_FULL_WRAPPER/GEN_ENABLE_INDET_BTT_SF.I_INDET_BTT/INCLUDE_PACKING.DO_REG_SLICES[3].lsig_data_slice_reg_reg[3][11]/D (clocked by clk_fpga_0). Large setup violations at the end of those stages might be difficult to fix during the post-placement implementation flow and could be the result of non-optimal XDC constraints or non-optimal design architecture
Related violations: <none>

TIMING-16#141 Warning
Large setup violation  
There is a large setup violation of -1.386 ns between broncho_video_i/axi_vdma_0/U0/I_PRMRY_DATAMOVER/GEN_S2MM_FULL.I_S2MM_FULL_WRAPPER/I_RESET/sig_cmd_stat_rst_user_reg_n_cdc_from_reg/C (clocked by clk_fpga_0) and broncho_video_i/axi_vdma_0/U0/I_PRMRY_DATAMOVER/GEN_S2MM_FULL.I_S2MM_FULL_WRAPPER/GEN_ENABLE_INDET_BTT_SF.I_INDET_BTT/INCLUDE_PACKING.lsig_0ffset_cntr_reg[0]/R (clocked by clk_fpga_0). Large setup violations at the end of those stages might be difficult to fix during the post-placement implementation flow and could be the result of non-optimal XDC constraints or non-optimal design architecture
Related violations: <none>

TIMING-16#142 Warning
Large setup violation  
There is a large setup violation of -1.386 ns between broncho_video_i/axi_vdma_0/U0/I_PRMRY_DATAMOVER/GEN_S2MM_FULL.I_S2MM_FULL_WRAPPER/I_RESET/sig_cmd_stat_rst_user_reg_n_cdc_from_reg/C (clocked by clk_fpga_0) and broncho_video_i/axi_vdma_0/U0/I_PRMRY_DATAMOVER/GEN_S2MM_FULL.I_S2MM_FULL_WRAPPER/GEN_ENABLE_INDET_BTT_SF.I_INDET_BTT/INCLUDE_PACKING.lsig_first_dbeat_reg/S (clocked by clk_fpga_0). Large setup violations at the end of those stages might be difficult to fix during the post-placement implementation flow and could be the result of non-optimal XDC constraints or non-optimal design architecture
Related violations: <none>

TIMING-16#143 Warning
Large setup violation  
There is a large setup violation of -1.398 ns between broncho_video_i/axi_vdma_0/U0/I_PRMRY_DATAMOVER/GEN_S2MM_FULL.I_S2MM_FULL_WRAPPER/GEN_ENABLE_INDET_BTT_SF.I_INDET_BTT/I_DATA_FIFO/BLK_MEM.I_SYNC_FIFOGEN_FIFO/xpm_fifo_instance.xpm_fifo_sync_inst/xpm_fifo_base_inst/gen_pntr_flags_cc.gen_full_rst_val.ram_full_i_reg/C (clocked by clk_fpga_0) and broncho_video_i/axi_vdma_0/U0/I_PRMRY_DATAMOVER/GEN_S2MM_FULL.I_S2MM_FULL_WRAPPER/GEN_ENABLE_INDET_BTT_SF.I_INDET_BTT/INCLUDE_PACKING.DO_REG_SLICES[3].lsig_data_slice_reg_reg[3][2]/D (clocked by clk_fpga_0). Large setup violations at the end of those stages might be difficult to fix during the post-placement implementation flow and could be the result of non-optimal XDC constraints or non-optimal design architecture
Related violations: <none>

TIMING-16#144 Warning
Large setup violation  
There is a large setup violation of -1.415 ns between broncho_video_i/clahe_ip_0/inst/u_clahe_ip_axi_lite_inst/u_clahe_ip_addr_decoder_inst/data_reg_axi4_stream_video_0_slave_image_height_1_1_reg[9]/C (clocked by clk_fpga_1) and broncho_video_i/clahe_ip_0/inst/u_clahe_ip_axi4_stream_video_0_slave_inst/u_clahe_ip_clahe_ip_axi4_stream_video_0_slave_clahe_ip_adapter_in/u_clahe_ip_clahe_ip_axi4_stream_video_0_slave_clahe_ip_adapter_in_clahe_ip_adapter_in_module/numoflines_1_reg[9]/D (clocked by clk_fpga_0). Large setup violations at the end of those stages might be difficult to fix during the post-placement implementation flow and could be the result of non-optimal XDC constraints or non-optimal design architecture
Related violations: <none>

TIMING-16#145 Warning
Large setup violation  
There is a large setup violation of -1.423 ns between broncho_video_i/axi_smc/inst/s01_nodes/s01_w_node/inst/inst_si_handler/arb_stall_r_reg/C (clocked by clk_fpga_0) and broncho_video_i/axi_smc/inst/s01_entry_pipeline/s01_mmu/inst/w_sreg/m_vector_i_reg[1026]/CE (clocked by clk_fpga_0). Large setup violations at the end of those stages might be difficult to fix during the post-placement implementation flow and could be the result of non-optimal XDC constraints or non-optimal design architecture
Related violations: <none>

TIMING-16#146 Warning
Large setup violation  
There is a large setup violation of -1.423 ns between broncho_video_i/axi_smc/inst/s01_nodes/s01_w_node/inst/inst_si_handler/arb_stall_r_reg/C (clocked by clk_fpga_0) and broncho_video_i/axi_smc/inst/s01_entry_pipeline/s01_mmu/inst/w_sreg/m_vector_i_reg[1027]/CE (clocked by clk_fpga_0). Large setup violations at the end of those stages might be difficult to fix during the post-placement implementation flow and could be the result of non-optimal XDC constraints or non-optimal design architecture
Related violations: <none>

TIMING-16#147 Warning
Large setup violation  
There is a large setup violation of -1.423 ns between broncho_video_i/axi_smc/inst/s01_nodes/s01_w_node/inst/inst_si_handler/arb_stall_r_reg/C (clocked by clk_fpga_0) and broncho_video_i/axi_smc/inst/s01_entry_pipeline/s01_mmu/inst/w_sreg/m_vector_i_reg[1048]/CE (clocked by clk_fpga_0). Large setup violations at the end of those stages might be difficult to fix during the post-placement implementation flow and could be the result of non-optimal XDC constraints or non-optimal design architecture
Related violations: <none>

TIMING-16#148 Warning
Large setup violation  
There is a large setup violation of -1.423 ns between broncho_video_i/axi_smc/inst/s01_nodes/s01_w_node/inst/inst_si_handler/arb_stall_r_reg/C (clocked by clk_fpga_0) and broncho_video_i/axi_smc/inst/s01_entry_pipeline/s01_mmu/inst/w_sreg/m_vector_i_reg[1049]/CE (clocked by clk_fpga_0). Large setup violations at the end of those stages might be difficult to fix during the post-placement implementation flow and could be the result of non-optimal XDC constraints or non-optimal design architecture
Related violations: <none>

TIMING-16#149 Warning
Large setup violation  
There is a large setup violation of -1.423 ns between broncho_video_i/axi_smc/inst/s01_nodes/s01_w_node/inst/inst_si_handler/arb_stall_r_reg/C (clocked by clk_fpga_0) and broncho_video_i/axi_smc/inst/s01_entry_pipeline/s01_mmu/inst/w_sreg/m_vector_i_reg[1088]/CE (clocked by clk_fpga_0). Large setup violations at the end of those stages might be difficult to fix during the post-placement implementation flow and could be the result of non-optimal XDC constraints or non-optimal design architecture
Related violations: <none>

TIMING-16#150 Warning
Large setup violation  
There is a large setup violation of -1.423 ns between broncho_video_i/axi_smc/inst/s01_nodes/s01_w_node/inst/inst_si_handler/arb_stall_r_reg/C (clocked by clk_fpga_0) and broncho_video_i/axi_smc/inst/s01_entry_pipeline/s01_mmu/inst/w_sreg/m_vector_i_reg[2049]/CE (clocked by clk_fpga_0). Large setup violations at the end of those stages might be difficult to fix during the post-placement implementation flow and could be the result of non-optimal XDC constraints or non-optimal design architecture
Related violations: <none>

TIMING-16#151 Warning
Large setup violation  
There is a large setup violation of -1.432 ns between broncho_video_i/axi_vdma_0/U0/GEN_SPRT_FOR_S2MM.GEN_S2MM_DRE_OFF_SKID.I_S2MM_SKID_FLUSH_SOF/sig_user_reg_out_reg[0]/C (clocked by clk_fpga_0) and broncho_video_i/axi_vdma_0/U0/GEN_SPRT_FOR_S2MM.GEN_S2MM_DRE_OFF_SKID.I_S2MM_SKID_FLUSH_SOF/sig_user_reg_out_reg[0]/CE (clocked by clk_fpga_0). Large setup violations at the end of those stages might be difficult to fix during the post-placement implementation flow and could be the result of non-optimal XDC constraints or non-optimal design architecture
Related violations: <none>

TIMING-16#152 Warning
Large setup violation  
There is a large setup violation of -1.432 ns between broncho_video_i/axi_vdma_0/U0/I_PRMRY_DATAMOVER/GEN_S2MM_FULL.I_S2MM_FULL_WRAPPER/GEN_ENABLE_INDET_BTT_SF.I_INDET_BTT/I_DATA_FIFO/BLK_MEM.I_SYNC_FIFOGEN_FIFO/xpm_fifo_instance.xpm_fifo_sync_inst/xpm_fifo_base_inst/gen_pntr_flags_cc.gen_full_rst_val.ram_full_i_reg/C (clocked by clk_fpga_0) and broncho_video_i/axi_vdma_0/U0/I_PRMRY_DATAMOVER/GEN_S2MM_FULL.I_S2MM_FULL_WRAPPER/GEN_ENABLE_INDET_BTT_SF.I_INDET_BTT/INCLUDE_PACKING.DO_REG_SLICES[2].lsig_data_slice_reg_reg[2][4]/D (clocked by clk_fpga_0). Large setup violations at the end of those stages might be difficult to fix during the post-placement implementation flow and could be the result of non-optimal XDC constraints or non-optimal design architecture
Related violations: <none>

TIMING-16#153 Warning
Large setup violation  
There is a large setup violation of -1.432 ns between broncho_video_i/axi_vdma_0/U0/I_PRMRY_DATAMOVER/GEN_S2MM_FULL.I_S2MM_FULL_WRAPPER/GEN_ENABLE_INDET_BTT_SF.I_INDET_BTT/I_DATA_FIFO/BLK_MEM.I_SYNC_FIFOGEN_FIFO/xpm_fifo_instance.xpm_fifo_sync_inst/xpm_fifo_base_inst/gen_pntr_flags_cc.gen_full_rst_val.ram_full_i_reg/C (clocked by clk_fpga_0) and broncho_video_i/axi_vdma_0/U0/I_PRMRY_DATAMOVER/GEN_S2MM_FULL.I_S2MM_FULL_WRAPPER/GEN_ENABLE_INDET_BTT_SF.I_INDET_BTT/INCLUDE_PACKING.DO_REG_SLICES[3].lsig_data_slice_reg_reg[3][1]/D (clocked by clk_fpga_0). Large setup violations at the end of those stages might be difficult to fix during the post-placement implementation flow and could be the result of non-optimal XDC constraints or non-optimal design architecture
Related violations: <none>

TIMING-16#154 Warning
Large setup violation  
There is a large setup violation of -1.437 ns between broncho_video_i/axi_vdma_0/U0/I_PRMRY_DATAMOVER/GEN_S2MM_FULL.I_S2MM_FULL_WRAPPER/GEN_ENABLE_INDET_BTT_SF.I_INDET_BTT/I_DATA_FIFO/BLK_MEM.I_SYNC_FIFOGEN_FIFO/xpm_fifo_instance.xpm_fifo_sync_inst/xpm_fifo_base_inst/gen_pntr_flags_cc.gen_full_rst_val.ram_full_i_reg/C (clocked by clk_fpga_0) and broncho_video_i/axi_vdma_0/U0/I_PRMRY_DATAMOVER/GEN_S2MM_FULL.I_S2MM_FULL_WRAPPER/GEN_ENABLE_INDET_BTT_SF.I_INDET_BTT/INCLUDE_PACKING.DO_REG_SLICES[2].lsig_data_slice_reg_reg[2][9]/D (clocked by clk_fpga_0). Large setup violations at the end of those stages might be difficult to fix during the post-placement implementation flow and could be the result of non-optimal XDC constraints or non-optimal design architecture
Related violations: <none>

TIMING-16#155 Warning
Large setup violation  
There is a large setup violation of -1.442 ns between broncho_video_i/axi_vdma_0/U0/I_PRMRY_DATAMOVER/GEN_S2MM_FULL.I_S2MM_FULL_WRAPPER/GEN_ENABLE_INDET_BTT_SF.I_INDET_BTT/I_DATA_FIFO/BLK_MEM.I_SYNC_FIFOGEN_FIFO/xpm_fifo_instance.xpm_fifo_sync_inst/xpm_fifo_base_inst/gen_pntr_flags_cc.gen_full_rst_val.ram_full_i_reg/C (clocked by clk_fpga_0) and broncho_video_i/axi_vdma_0/U0/I_PRMRY_DATAMOVER/GEN_S2MM_FULL.I_S2MM_FULL_WRAPPER/GEN_ENABLE_INDET_BTT_SF.I_INDET_BTT/INCLUDE_PACKING.DO_REG_SLICES[2].lsig_data_slice_reg_reg[2][10]/D (clocked by clk_fpga_0). Large setup violations at the end of those stages might be difficult to fix during the post-placement implementation flow and could be the result of non-optimal XDC constraints or non-optimal design architecture
Related violations: <none>

TIMING-16#156 Warning
Large setup violation  
There is a large setup violation of -1.442 ns between broncho_video_i/axi_vdma_0/U0/I_PRMRY_DATAMOVER/GEN_S2MM_FULL.I_S2MM_FULL_WRAPPER/GEN_ENABLE_INDET_BTT_SF.I_INDET_BTT/I_DATA_FIFO/BLK_MEM.I_SYNC_FIFOGEN_FIFO/xpm_fifo_instance.xpm_fifo_sync_inst/xpm_fifo_base_inst/gen_pntr_flags_cc.gen_full_rst_val.ram_full_i_reg/C (clocked by clk_fpga_0) and broncho_video_i/axi_vdma_0/U0/I_PRMRY_DATAMOVER/GEN_S2MM_FULL.I_S2MM_FULL_WRAPPER/GEN_ENABLE_INDET_BTT_SF.I_INDET_BTT/INCLUDE_PACKING.DO_REG_SLICES[2].lsig_data_slice_reg_reg[2][6]/D (clocked by clk_fpga_0). Large setup violations at the end of those stages might be difficult to fix during the post-placement implementation flow and could be the result of non-optimal XDC constraints or non-optimal design architecture
Related violations: <none>

TIMING-16#157 Warning
Large setup violation  
There is a large setup violation of -1.444 ns between broncho_video_i/axi_vdma_0/U0/I_PRMRY_DATAMOVER/GEN_S2MM_FULL.I_S2MM_FULL_WRAPPER/GEN_ENABLE_INDET_BTT_SF.I_INDET_BTT/I_DATA_FIFO/BLK_MEM.I_SYNC_FIFOGEN_FIFO/xpm_fifo_instance.xpm_fifo_sync_inst/xpm_fifo_base_inst/gen_pntr_flags_cc.gen_full_rst_val.ram_full_i_reg/C (clocked by clk_fpga_0) and broncho_video_i/axi_vdma_0/U0/I_PRMRY_DATAMOVER/GEN_S2MM_FULL.I_S2MM_FULL_WRAPPER/GEN_ENABLE_INDET_BTT_SF.I_INDET_BTT/INCLUDE_PACKING.DO_REG_SLICES[2].lsig_flag_slice_reg_reg[2][0]/D (clocked by clk_fpga_0). Large setup violations at the end of those stages might be difficult to fix during the post-placement implementation flow and could be the result of non-optimal XDC constraints or non-optimal design architecture
Related violations: <none>

TIMING-16#158 Warning
Large setup violation  
There is a large setup violation of -1.454 ns between broncho_video_i/clahe_ip_0/inst/u_clahe_ip_axi_lite_inst/u_clahe_ip_addr_decoder_inst/data_reg_axi4_stream_video_0_slave_image_height_1_1_reg[7]/C (clocked by clk_fpga_1) and broncho_video_i/clahe_ip_0/inst/u_clahe_ip_axi4_stream_video_0_slave_inst/u_clahe_ip_clahe_ip_axi4_stream_video_0_slave_clahe_ip_adapter_in/u_clahe_ip_clahe_ip_axi4_stream_video_0_slave_clahe_ip_adapter_in_clahe_ip_adapter_in_module/numoflines_1_reg[7]/D (clocked by clk_fpga_0). Large setup violations at the end of those stages might be difficult to fix during the post-placement implementation flow and could be the result of non-optimal XDC constraints or non-optimal design architecture
Related violations: <none>

TIMING-16#159 Warning
Large setup violation  
There is a large setup violation of -1.458 ns between broncho_video_i/axi_vdma_0/U0/I_PRMRY_DATAMOVER/GEN_S2MM_FULL.I_S2MM_FULL_WRAPPER/GEN_ENABLE_INDET_BTT_SF.I_INDET_BTT/I_DATA_FIFO/BLK_MEM.I_SYNC_FIFOGEN_FIFO/xpm_fifo_instance.xpm_fifo_sync_inst/xpm_fifo_base_inst/gen_pntr_flags_cc.gen_full_rst_val.ram_full_i_reg/C (clocked by clk_fpga_0) and broncho_video_i/axi_vdma_0/U0/I_PRMRY_DATAMOVER/GEN_S2MM_FULL.I_S2MM_FULL_WRAPPER/GEN_ENABLE_INDET_BTT_SF.I_INDET_BTT/INCLUDE_PACKING.DO_REG_SLICES[2].lsig_data_slice_reg_reg[2][14]/D (clocked by clk_fpga_0). Large setup violations at the end of those stages might be difficult to fix during the post-placement implementation flow and could be the result of non-optimal XDC constraints or non-optimal design architecture
Related violations: <none>

TIMING-16#160 Warning
Large setup violation  
There is a large setup violation of -1.460 ns between broncho_video_i/axi_vdma_0/U0/I_PRMRY_DATAMOVER/GEN_S2MM_FULL.I_S2MM_FULL_WRAPPER/GEN_ENABLE_INDET_BTT_SF.I_INDET_BTT/I_DATA_FIFO/BLK_MEM.I_SYNC_FIFOGEN_FIFO/xpm_fifo_instance.xpm_fifo_sync_inst/xpm_fifo_base_inst/gen_pntr_flags_cc.gen_full_rst_val.ram_full_i_reg/C (clocked by clk_fpga_0) and broncho_video_i/axi_vdma_0/U0/I_PRMRY_DATAMOVER/GEN_S2MM_FULL.I_S2MM_FULL_WRAPPER/GEN_ENABLE_INDET_BTT_SF.I_INDET_BTT/INCLUDE_PACKING.DO_REG_SLICES[3].lsig_flag_slice_reg_reg[3][0]/D (clocked by clk_fpga_0). Large setup violations at the end of those stages might be difficult to fix during the post-placement implementation flow and could be the result of non-optimal XDC constraints or non-optimal design architecture
Related violations: <none>

TIMING-16#161 Warning
Large setup violation  
There is a large setup violation of -1.460 ns between broncho_video_i/clahe_ip_0/inst/u_clahe_ip_axi_lite_inst/u_clahe_ip_addr_decoder_inst/data_reg_axi4_stream_video_0_slave_image_height_1_1_reg[1]/C (clocked by clk_fpga_1) and broncho_video_i/clahe_ip_0/inst/u_clahe_ip_axi4_stream_video_0_slave_inst/u_clahe_ip_clahe_ip_axi4_stream_video_0_slave_clahe_ip_adapter_in/u_clahe_ip_clahe_ip_axi4_stream_video_0_slave_clahe_ip_adapter_in_clahe_ip_adapter_in_module/numoflines_1_reg[1]/D (clocked by clk_fpga_0). Large setup violations at the end of those stages might be difficult to fix during the post-placement implementation flow and could be the result of non-optimal XDC constraints or non-optimal design architecture
Related violations: <none>

TIMING-16#162 Warning
Large setup violation  
There is a large setup violation of -1.481 ns between broncho_video_i/clahe_ip_0/inst/u_clahe_ip_axi_lite_inst/u_clahe_ip_addr_decoder_inst/data_reg_axi4_stream_video_0_slave_image_height_1_1_reg[12]/C (clocked by clk_fpga_1) and broncho_video_i/clahe_ip_0/inst/u_clahe_ip_axi4_stream_video_0_slave_inst/u_clahe_ip_clahe_ip_axi4_stream_video_0_slave_clahe_ip_adapter_in/u_clahe_ip_clahe_ip_axi4_stream_video_0_slave_clahe_ip_adapter_in_clahe_ip_adapter_in_module/numoflines_1_reg[12]/D (clocked by clk_fpga_0). Large setup violations at the end of those stages might be difficult to fix during the post-placement implementation flow and could be the result of non-optimal XDC constraints or non-optimal design architecture
Related violations: <none>

TIMING-16#163 Warning
Large setup violation  
There is a large setup violation of -1.484 ns between broncho_video_i/clahe_ip_0/inst/u_clahe_ip_axi_lite_inst/u_clahe_ip_addr_decoder_inst/data_reg_axi4_stream_video_0_slave_image_height_1_1_reg[0]/C (clocked by clk_fpga_1) and broncho_video_i/clahe_ip_0/inst/u_clahe_ip_axi4_stream_video_0_slave_inst/u_clahe_ip_clahe_ip_axi4_stream_video_0_slave_clahe_ip_adapter_in/u_clahe_ip_clahe_ip_axi4_stream_video_0_slave_clahe_ip_adapter_in_clahe_ip_adapter_in_module/numoflines_1_reg[0]/D (clocked by clk_fpga_0). Large setup violations at the end of those stages might be difficult to fix during the post-placement implementation flow and could be the result of non-optimal XDC constraints or non-optimal design architecture
Related violations: <none>

TIMING-16#164 Warning
Large setup violation  
There is a large setup violation of -1.490 ns between broncho_video_i/axi_vdma_0/U0/I_PRMRY_DATAMOVER/GEN_S2MM_FULL.I_S2MM_FULL_WRAPPER/GEN_ENABLE_INDET_BTT_SF.I_INDET_BTT/I_DATA_FIFO/BLK_MEM.I_SYNC_FIFOGEN_FIFO/xpm_fifo_instance.xpm_fifo_sync_inst/xpm_fifo_base_inst/gen_pntr_flags_cc.gen_full_rst_val.ram_full_i_reg/C (clocked by clk_fpga_0) and broncho_video_i/axi_vdma_0/U0/I_PRMRY_DATAMOVER/GEN_S2MM_FULL.I_S2MM_FULL_WRAPPER/GEN_ENABLE_INDET_BTT_SF.I_INDET_BTT/INCLUDE_PACKING.DO_REG_SLICES[2].lsig_data_slice_reg_reg[2][5]/D (clocked by clk_fpga_0). Large setup violations at the end of those stages might be difficult to fix during the post-placement implementation flow and could be the result of non-optimal XDC constraints or non-optimal design architecture
Related violations: <none>

TIMING-16#165 Warning
Large setup violation  
There is a large setup violation of -1.499 ns between broncho_video_i/axi_vdma_0/U0/I_PRMRY_DATAMOVER/GEN_S2MM_FULL.I_S2MM_FULL_WRAPPER/GEN_ENABLE_INDET_BTT_SF.I_INDET_BTT/I_DATA_FIFO/BLK_MEM.I_SYNC_FIFOGEN_FIFO/xpm_fifo_instance.xpm_fifo_sync_inst/xpm_fifo_base_inst/gen_pntr_flags_cc.gen_full_rst_val.ram_full_i_reg/C (clocked by clk_fpga_0) and broncho_video_i/axi_vdma_0/U0/I_PRMRY_DATAMOVER/GEN_S2MM_FULL.I_S2MM_FULL_WRAPPER/GEN_ENABLE_INDET_BTT_SF.I_INDET_BTT/INCLUDE_PACKING.DO_REG_SLICES[2].lsig_data_slice_reg_reg[2][13]/D (clocked by clk_fpga_0). Large setup violations at the end of those stages might be difficult to fix during the post-placement implementation flow and could be the result of non-optimal XDC constraints or non-optimal design architecture
Related violations: <none>

TIMING-16#166 Warning
Large setup violation  
There is a large setup violation of -1.504 ns between broncho_video_i/axi_vdma_0/U0/I_PRMRY_DATAMOVER/GEN_S2MM_FULL.I_S2MM_FULL_WRAPPER/GEN_ENABLE_INDET_BTT_SF.I_INDET_BTT/I_DATA_FIFO/BLK_MEM.I_SYNC_FIFOGEN_FIFO/xpm_fifo_instance.xpm_fifo_sync_inst/xpm_fifo_base_inst/gen_pntr_flags_cc.gen_full_rst_val.ram_full_i_reg/C (clocked by clk_fpga_0) and broncho_video_i/axi_vdma_0/U0/I_PRMRY_DATAMOVER/GEN_S2MM_FULL.I_S2MM_FULL_WRAPPER/GEN_ENABLE_INDET_BTT_SF.I_INDET_BTT/INCLUDE_PACKING.DO_REG_SLICES[3].lsig_data_slice_reg_reg[3][10]/D (clocked by clk_fpga_0). Large setup violations at the end of those stages might be difficult to fix during the post-placement implementation flow and could be the result of non-optimal XDC constraints or non-optimal design architecture
Related violations: <none>

TIMING-16#167 Warning
Large setup violation  
There is a large setup violation of -1.504 ns between broncho_video_i/clahe_ip_0/inst/u_clahe_ip_axi_lite_inst/u_clahe_ip_addr_decoder_inst/data_reg_axi4_stream_video_0_slave_image_width_1_1_reg[3]/C (clocked by clk_fpga_1) and broncho_video_i/clahe_ip_0/inst/u_clahe_ip_axi4_stream_video_0_slave_inst/u_clahe_ip_clahe_ip_axi4_stream_video_0_slave_clahe_ip_adapter_in/u_clahe_ip_clahe_ip_axi4_stream_video_0_slave_clahe_ip_adapter_in_clahe_ip_adapter_in_module/numofpixels_1_reg[3]/D (clocked by clk_fpga_0). Large setup violations at the end of those stages might be difficult to fix during the post-placement implementation flow and could be the result of non-optimal XDC constraints or non-optimal design architecture
Related violations: <none>

TIMING-16#168 Warning
Large setup violation  
There is a large setup violation of -1.506 ns between broncho_video_i/axi_vdma_0/U0/I_PRMRY_DATAMOVER/GEN_S2MM_FULL.I_S2MM_FULL_WRAPPER/GEN_ENABLE_INDET_BTT_SF.I_INDET_BTT/I_DATA_FIFO/BLK_MEM.I_SYNC_FIFOGEN_FIFO/xpm_fifo_instance.xpm_fifo_sync_inst/xpm_fifo_base_inst/gen_pntr_flags_cc.gen_full_rst_val.ram_full_i_reg/C (clocked by clk_fpga_0) and broncho_video_i/axi_vdma_0/U0/I_PRMRY_DATAMOVER/GEN_S2MM_FULL.I_S2MM_FULL_WRAPPER/GEN_ENABLE_INDET_BTT_SF.I_INDET_BTT/INCLUDE_PACKING.DO_REG_SLICES[3].lsig_data_slice_reg_reg[3][8]/D (clocked by clk_fpga_0). Large setup violations at the end of those stages might be difficult to fix during the post-placement implementation flow and could be the result of non-optimal XDC constraints or non-optimal design architecture
Related violations: <none>

TIMING-16#169 Warning
Large setup violation  
There is a large setup violation of -1.509 ns between broncho_video_i/axi_vdma_0/U0/GEN_SPRT_FOR_S2MM.S2MM_LINEBUFFER_I/GEN_S2MM_FLUSH_SOF_LOGIC.GEN_LINEBUFFER_FLUSH_SOF.GEN_SYNC_FIFO_FLUSH_SOF.I_LINEBUFFER_FIFO/xpm_fifo_sync_inst/xpm_fifo_base_inst/gen_pntr_flags_cc.ngen_full_rst_val.ram_full_i_reg/C (clocked by clk_fpga_0) and broncho_video_i/axi_vdma_0/U0/GEN_SPRT_FOR_S2MM.S2MM_LINEBUFFER_I/GEN_S2MM_FLUSH_SOF_LOGIC.GEN_LINEBUFFER_FLUSH_SOF.GEN_SYNC_FIFO_FLUSH_SOF.I_LINEBUFFER_FIFO/xpm_fifo_sync_inst/xpm_fifo_base_inst/gen_sdpram.xpm_memory_base_inst/gen_wr_a.gen_word_narrow.mem_reg/ENARDEN (clocked by clk_fpga_0). Large setup violations at the end of those stages might be difficult to fix during the post-placement implementation flow and could be the result of non-optimal XDC constraints or non-optimal design architecture
Related violations: <none>

TIMING-16#170 Warning
Large setup violation  
There is a large setup violation of -1.512 ns between broncho_video_i/clahe_ip_0/inst/u_clahe_ip_axi_lite_inst/u_clahe_ip_addr_decoder_inst/data_reg_axi4_stream_video_0_slave_image_height_1_1_reg[5]/C (clocked by clk_fpga_1) and broncho_video_i/clahe_ip_0/inst/u_clahe_ip_axi4_stream_video_0_slave_inst/u_clahe_ip_clahe_ip_axi4_stream_video_0_slave_clahe_ip_adapter_in/u_clahe_ip_clahe_ip_axi4_stream_video_0_slave_clahe_ip_adapter_in_clahe_ip_adapter_in_module/numoflines_1_reg[5]/D (clocked by clk_fpga_0). Large setup violations at the end of those stages might be difficult to fix during the post-placement implementation flow and could be the result of non-optimal XDC constraints or non-optimal design architecture
Related violations: <none>

TIMING-16#171 Warning
Large setup violation  
There is a large setup violation of -1.530 ns between broncho_video_i/clahe_ip_0/inst/u_clahe_ip_axi_lite_inst/u_clahe_ip_addr_decoder_inst/data_reg_axi4_stream_video_0_slave_image_height_1_1_reg[8]/C (clocked by clk_fpga_1) and broncho_video_i/clahe_ip_0/inst/u_clahe_ip_axi4_stream_video_0_slave_inst/u_clahe_ip_clahe_ip_axi4_stream_video_0_slave_clahe_ip_adapter_in/u_clahe_ip_clahe_ip_axi4_stream_video_0_slave_clahe_ip_adapter_in_clahe_ip_adapter_in_module/numoflines_1_reg[8]/D (clocked by clk_fpga_0). Large setup violations at the end of those stages might be difficult to fix during the post-placement implementation flow and could be the result of non-optimal XDC constraints or non-optimal design architecture
Related violations: <none>

TIMING-16#172 Warning
Large setup violation  
There is a large setup violation of -1.534 ns between broncho_video_i/clahe_ip_0/inst/u_clahe_ip_axi_lite_inst/u_clahe_ip_addr_decoder_inst/data_reg_axi4_stream_video_0_slave_image_height_1_1_reg[10]/C (clocked by clk_fpga_1) and broncho_video_i/clahe_ip_0/inst/u_clahe_ip_axi4_stream_video_0_slave_inst/u_clahe_ip_clahe_ip_axi4_stream_video_0_slave_clahe_ip_adapter_in/u_clahe_ip_clahe_ip_axi4_stream_video_0_slave_clahe_ip_adapter_in_clahe_ip_adapter_in_module/numoflines_1_reg[10]/D (clocked by clk_fpga_0). Large setup violations at the end of those stages might be difficult to fix during the post-placement implementation flow and could be the result of non-optimal XDC constraints or non-optimal design architecture
Related violations: <none>

TIMING-16#173 Warning
Large setup violation  
There is a large setup violation of -1.540 ns between broncho_video_i/clahe_ip_0/inst/u_clahe_ip_axi_lite_inst/u_clahe_ip_addr_decoder_inst/data_reg_axi4_stream_video_0_slave_image_height_1_1_reg[11]/C (clocked by clk_fpga_1) and broncho_video_i/clahe_ip_0/inst/u_clahe_ip_axi4_stream_video_0_slave_inst/u_clahe_ip_clahe_ip_axi4_stream_video_0_slave_clahe_ip_adapter_in/u_clahe_ip_clahe_ip_axi4_stream_video_0_slave_clahe_ip_adapter_in_clahe_ip_adapter_in_module/numoflines_1_reg[11]/D (clocked by clk_fpga_0). Large setup violations at the end of those stages might be difficult to fix during the post-placement implementation flow and could be the result of non-optimal XDC constraints or non-optimal design architecture
Related violations: <none>

TIMING-16#174 Warning
Large setup violation  
There is a large setup violation of -1.551 ns between broncho_video_i/clahe_ip_0/inst/u_clahe_ip_axi_lite_inst/u_clahe_ip_addr_decoder_inst/data_reg_axi4_stream_video_0_slave_image_height_1_1_reg[6]/C (clocked by clk_fpga_1) and broncho_video_i/clahe_ip_0/inst/u_clahe_ip_axi4_stream_video_0_slave_inst/u_clahe_ip_clahe_ip_axi4_stream_video_0_slave_clahe_ip_adapter_in/u_clahe_ip_clahe_ip_axi4_stream_video_0_slave_clahe_ip_adapter_in_clahe_ip_adapter_in_module/numoflines_1_reg[6]/D (clocked by clk_fpga_0). Large setup violations at the end of those stages might be difficult to fix during the post-placement implementation flow and could be the result of non-optimal XDC constraints or non-optimal design architecture
Related violations: <none>

TIMING-16#175 Warning
Large setup violation  
There is a large setup violation of -1.553 ns between broncho_video_i/axi_vdma_0/U0/I_PRMRY_DATAMOVER/GEN_S2MM_FULL.I_S2MM_FULL_WRAPPER/GEN_ENABLE_INDET_BTT_SF.I_INDET_BTT/I_DATA_FIFO/BLK_MEM.I_SYNC_FIFOGEN_FIFO/xpm_fifo_instance.xpm_fifo_sync_inst/xpm_fifo_base_inst/gen_pntr_flags_cc.gen_full_rst_val.ram_full_i_reg/C (clocked by clk_fpga_0) and broncho_video_i/axi_vdma_0/U0/I_PRMRY_DATAMOVER/GEN_S2MM_FULL.I_S2MM_FULL_WRAPPER/GEN_ENABLE_INDET_BTT_SF.I_INDET_BTT/INCLUDE_PACKING.DO_REG_SLICES[2].lsig_data_slice_reg_reg[2][11]/D (clocked by clk_fpga_0). Large setup violations at the end of those stages might be difficult to fix during the post-placement implementation flow and could be the result of non-optimal XDC constraints or non-optimal design architecture
Related violations: <none>

TIMING-16#176 Warning
Large setup violation  
There is a large setup violation of -1.576 ns between broncho_video_i/axi_vdma_0/U0/I_PRMRY_DATAMOVER/GEN_S2MM_FULL.I_S2MM_FULL_WRAPPER/GEN_ENABLE_INDET_BTT_SF.I_INDET_BTT/I_DATA_FIFO/BLK_MEM.I_SYNC_FIFOGEN_FIFO/xpm_fifo_instance.xpm_fifo_sync_inst/xpm_fifo_base_inst/gen_pntr_flags_cc.gen_full_rst_val.ram_full_i_reg/C (clocked by clk_fpga_0) and broncho_video_i/axi_vdma_0/U0/I_PRMRY_DATAMOVER/GEN_S2MM_FULL.I_S2MM_FULL_WRAPPER/GEN_ENABLE_INDET_BTT_SF.I_INDET_BTT/INCLUDE_PACKING.DO_REG_SLICES[2].lsig_data_slice_reg_reg[2][12]/D (clocked by clk_fpga_0). Large setup violations at the end of those stages might be difficult to fix during the post-placement implementation flow and could be the result of non-optimal XDC constraints or non-optimal design architecture
Related violations: <none>

TIMING-16#177 Warning
Large setup violation  
There is a large setup violation of -1.578 ns between broncho_video_i/axi_vdma_0/U0/I_PRMRY_DATAMOVER/GEN_S2MM_FULL.I_S2MM_FULL_WRAPPER/GEN_ENABLE_INDET_BTT_SF.I_INDET_BTT/I_DATA_FIFO/BLK_MEM.I_SYNC_FIFOGEN_FIFO/xpm_fifo_instance.xpm_fifo_sync_inst/xpm_fifo_base_inst/gen_pntr_flags_cc.gen_full_rst_val.ram_full_i_reg/C (clocked by clk_fpga_0) and broncho_video_i/axi_vdma_0/U0/I_PRMRY_DATAMOVER/GEN_S2MM_FULL.I_S2MM_FULL_WRAPPER/GEN_ENABLE_INDET_BTT_SF.I_INDET_BTT/INCLUDE_PACKING.DO_REG_SLICES[3].lsig_data_slice_reg_reg[3][9]/D (clocked by clk_fpga_0). Large setup violations at the end of those stages might be difficult to fix during the post-placement implementation flow and could be the result of non-optimal XDC constraints or non-optimal design architecture
Related violations: <none>

TIMING-16#178 Warning
Large setup violation  
There is a large setup violation of -1.588 ns between broncho_video_i/clahe_ip_0/inst/u_clahe_ip_dut_inst/u_clahe_ip_src_CLAHE/u_AXI4_Master_Write_Controller/line_count_reg[5]/C (clocked by clk_fpga_0) and broncho_video_i/clahe_ip_0/inst/u_clahe_ip_dut_inst/u_clahe_ip_src_CLAHE/Delay3_out1_reg[18]/D (clocked by clk_fpga_0). Large setup violations at the end of those stages might be difficult to fix during the post-placement implementation flow and could be the result of non-optimal XDC constraints or non-optimal design architecture
Related violations: <none>

TIMING-16#179 Warning
Large setup violation  
There is a large setup violation of -1.594 ns between broncho_video_i/axi_vdma_0/U0/I_PRMRY_DATAMOVER/GEN_S2MM_FULL.I_S2MM_FULL_WRAPPER/GEN_ENABLE_INDET_BTT_SF.I_INDET_BTT/I_DATA_FIFO/BLK_MEM.I_SYNC_FIFOGEN_FIFO/xpm_fifo_instance.xpm_fifo_sync_inst/xpm_fifo_base_inst/gen_pntr_flags_cc.gen_full_rst_val.ram_full_i_reg/C (clocked by clk_fpga_0) and broncho_video_i/axi_vdma_0/U0/I_PRMRY_DATAMOVER/GEN_S2MM_FULL.I_S2MM_FULL_WRAPPER/GEN_ENABLE_INDET_BTT_SF.I_INDET_BTT/INCLUDE_PACKING.DO_REG_SLICES[3].lsig_data_slice_reg_reg[3][14]/D (clocked by clk_fpga_0). Large setup violations at the end of those stages might be difficult to fix during the post-placement implementation flow and could be the result of non-optimal XDC constraints or non-optimal design architecture
Related violations: <none>

TIMING-16#180 Warning
Large setup violation  
There is a large setup violation of -1.605 ns between broncho_video_i/clahe_ip_0/inst/u_clahe_ip_axi_lite_inst/u_clahe_ip_addr_decoder_inst/data_reg_axi4_stream_video_0_slave_image_width_1_1_reg[9]/C (clocked by clk_fpga_1) and broncho_video_i/clahe_ip_0/inst/u_clahe_ip_axi4_stream_video_0_slave_inst/u_clahe_ip_clahe_ip_axi4_stream_video_0_slave_clahe_ip_adapter_in/u_clahe_ip_clahe_ip_axi4_stream_video_0_slave_clahe_ip_adapter_in_clahe_ip_adapter_in_module/numofpixels_1_reg[9]/D (clocked by clk_fpga_0). Large setup violations at the end of those stages might be difficult to fix during the post-placement implementation flow and could be the result of non-optimal XDC constraints or non-optimal design architecture
Related violations: <none>

TIMING-16#181 Warning
Large setup violation  
There is a large setup violation of -1.608 ns between broncho_video_i/clahe_ip_0/inst/u_clahe_ip_dut_inst/u_clahe_ip_src_CLAHE/u_AXI4_Master_Write_Controller/line_count_reg[5]/C (clocked by clk_fpga_0) and broncho_video_i/clahe_ip_0/inst/u_clahe_ip_dut_inst/u_clahe_ip_src_CLAHE/Delay3_out1_reg[17]/D (clocked by clk_fpga_0). Large setup violations at the end of those stages might be difficult to fix during the post-placement implementation flow and could be the result of non-optimal XDC constraints or non-optimal design architecture
Related violations: <none>

TIMING-16#182 Warning
Large setup violation  
There is a large setup violation of -1.619 ns between broncho_video_i/clahe_ip_0/inst/u_clahe_ip_axi_lite_inst/u_clahe_ip_addr_decoder_inst/data_reg_axi_enable_1_1_reg_replica_4/C (clocked by clk_fpga_1) and broncho_video_i/clahe_ip_0/inst/u_clahe_ip_dut_inst/u_clahe_ip_src_CLAHE/Delay6_out1_reg[22]/CE (clocked by clk_fpga_0). Large setup violations at the end of those stages might be difficult to fix during the post-placement implementation flow and could be the result of non-optimal XDC constraints or non-optimal design architecture
Related violations: <none>

TIMING-16#183 Warning
Large setup violation  
There is a large setup violation of -1.623 ns between broncho_video_i/clahe_ip_0/inst/u_clahe_ip_axi_lite_inst/u_clahe_ip_addr_decoder_inst/data_reg_axi_enable_1_1_reg_replica_4/C (clocked by clk_fpga_1) and broncho_video_i/clahe_ip_0/inst/u_clahe_ip_dut_inst/u_clahe_ip_src_CLAHE/Delay3_out1_reg[15]/CE (clocked by clk_fpga_0). Large setup violations at the end of those stages might be difficult to fix during the post-placement implementation flow and could be the result of non-optimal XDC constraints or non-optimal design architecture
Related violations: <none>

TIMING-16#184 Warning
Large setup violation  
There is a large setup violation of -1.623 ns between broncho_video_i/clahe_ip_0/inst/u_clahe_ip_axi_lite_inst/u_clahe_ip_addr_decoder_inst/data_reg_axi_enable_1_1_reg_replica_4/C (clocked by clk_fpga_1) and broncho_video_i/clahe_ip_0/inst/u_clahe_ip_dut_inst/u_clahe_ip_src_CLAHE/Delay3_out1_reg[16]/CE (clocked by clk_fpga_0). Large setup violations at the end of those stages might be difficult to fix during the post-placement implementation flow and could be the result of non-optimal XDC constraints or non-optimal design architecture
Related violations: <none>

TIMING-16#185 Warning
Large setup violation  
There is a large setup violation of -1.623 ns between broncho_video_i/clahe_ip_0/inst/u_clahe_ip_axi_lite_inst/u_clahe_ip_addr_decoder_inst/data_reg_axi_enable_1_1_reg_replica_4/C (clocked by clk_fpga_1) and broncho_video_i/clahe_ip_0/inst/u_clahe_ip_dut_inst/u_clahe_ip_src_CLAHE/Delay3_out1_reg[19]/CE (clocked by clk_fpga_0). Large setup violations at the end of those stages might be difficult to fix during the post-placement implementation flow and could be the result of non-optimal XDC constraints or non-optimal design architecture
Related violations: <none>

TIMING-16#186 Warning
Large setup violation  
There is a large setup violation of -1.623 ns between broncho_video_i/clahe_ip_0/inst/u_clahe_ip_axi_lite_inst/u_clahe_ip_addr_decoder_inst/data_reg_axi_enable_1_1_reg_replica_4/C (clocked by clk_fpga_1) and broncho_video_i/clahe_ip_0/inst/u_clahe_ip_dut_inst/u_clahe_ip_src_CLAHE/Delay3_out1_reg[20]/CE (clocked by clk_fpga_0). Large setup violations at the end of those stages might be difficult to fix during the post-placement implementation flow and could be the result of non-optimal XDC constraints or non-optimal design architecture
Related violations: <none>

TIMING-16#187 Warning
Large setup violation  
There is a large setup violation of -1.625 ns between broncho_video_i/clahe_ip_0/inst/u_clahe_ip_axi_lite_inst/u_clahe_ip_addr_decoder_inst/data_reg_axi_enable_1_1_reg_replica_16/C (clocked by clk_fpga_1) and broncho_video_i/clahe_ip_0/inst/u_clahe_ip_dut_inst/u_clahe_ip_src_CLAHE/Delay6_out1_reg[13]/CE (clocked by clk_fpga_0). Large setup violations at the end of those stages might be difficult to fix during the post-placement implementation flow and could be the result of non-optimal XDC constraints or non-optimal design architecture
Related violations: <none>

TIMING-16#188 Warning
Large setup violation  
There is a large setup violation of -1.625 ns between broncho_video_i/clahe_ip_0/inst/u_clahe_ip_axi_lite_inst/u_clahe_ip_addr_decoder_inst/data_reg_axi_enable_1_1_reg_replica_16/C (clocked by clk_fpga_1) and broncho_video_i/clahe_ip_0/inst/u_clahe_ip_dut_inst/u_clahe_ip_src_CLAHE/Delay6_out1_reg[21]/CE (clocked by clk_fpga_0). Large setup violations at the end of those stages might be difficult to fix during the post-placement implementation flow and could be the result of non-optimal XDC constraints or non-optimal design architecture
Related violations: <none>

TIMING-16#189 Warning
Large setup violation  
There is a large setup violation of -1.631 ns between broncho_video_i/clahe_ip_0/inst/u_clahe_ip_axi_lite_inst/u_clahe_ip_addr_decoder_inst/data_reg_axi_enable_1_1_reg_replica_4/C (clocked by clk_fpga_1) and broncho_video_i/clahe_ip_0/inst/u_clahe_ip_dut_inst/u_clahe_ip_src_CLAHE/Delay6_out1_reg[7]/CE (clocked by clk_fpga_0). Large setup violations at the end of those stages might be difficult to fix during the post-placement implementation flow and could be the result of non-optimal XDC constraints or non-optimal design architecture
Related violations: <none>

TIMING-16#190 Warning
Large setup violation  
There is a large setup violation of -1.634 ns between broncho_video_i/clahe_ip_0/inst/u_clahe_ip_axi_lite_inst/u_clahe_ip_addr_decoder_inst/data_reg_axi_enable_1_1_reg_replica_13/C (clocked by clk_fpga_1) and broncho_video_i/clahe_ip_0/inst/u_clahe_ip_dut_inst/u_clahe_ip_src_CLAHE/Delay4_out1_reg[1]/CE (clocked by clk_fpga_0). Large setup violations at the end of those stages might be difficult to fix during the post-placement implementation flow and could be the result of non-optimal XDC constraints or non-optimal design architecture
Related violations: <none>

TIMING-16#191 Warning
Large setup violation  
There is a large setup violation of -1.638 ns between broncho_video_i/clahe_ip_0/inst/u_clahe_ip_axi_lite_inst/u_clahe_ip_addr_decoder_inst/data_reg_axi_enable_1_1_reg_replica_16/C (clocked by clk_fpga_1) and broncho_video_i/clahe_ip_0/inst/u_clahe_ip_dut_inst/u_clahe_ip_src_CLAHE/Delay2_out1_reg[0]/CE (clocked by clk_fpga_0). Large setup violations at the end of those stages might be difficult to fix during the post-placement implementation flow and could be the result of non-optimal XDC constraints or non-optimal design architecture
Related violations: <none>

TIMING-16#192 Warning
Large setup violation  
There is a large setup violation of -1.638 ns between broncho_video_i/clahe_ip_0/inst/u_clahe_ip_axi_lite_inst/u_clahe_ip_addr_decoder_inst/data_reg_axi_enable_1_1_reg_replica_16/C (clocked by clk_fpga_1) and broncho_video_i/clahe_ip_0/inst/u_clahe_ip_dut_inst/u_clahe_ip_src_CLAHE/Delay2_out1_reg[2]/CE (clocked by clk_fpga_0). Large setup violations at the end of those stages might be difficult to fix during the post-placement implementation flow and could be the result of non-optimal XDC constraints or non-optimal design architecture
Related violations: <none>

TIMING-16#193 Warning
Large setup violation  
There is a large setup violation of -1.642 ns between broncho_video_i/clahe_ip_0/inst/u_clahe_ip_axi_lite_inst/u_clahe_ip_addr_decoder_inst/data_reg_axi_enable_1_1_reg_replica_13/C (clocked by clk_fpga_1) and broncho_video_i/clahe_ip_0/inst/u_clahe_ip_dut_inst/u_clahe_ip_src_CLAHE/Delay4_out1_reg[6]/CE (clocked by clk_fpga_0). Large setup violations at the end of those stages might be difficult to fix during the post-placement implementation flow and could be the result of non-optimal XDC constraints or non-optimal design architecture
Related violations: <none>

TIMING-16#194 Warning
Large setup violation  
There is a large setup violation of -1.642 ns between broncho_video_i/clahe_ip_0/inst/u_clahe_ip_axi_lite_inst/u_clahe_ip_addr_decoder_inst/data_reg_axi_enable_1_1_reg_replica_4/C (clocked by clk_fpga_1) and broncho_video_i/clahe_ip_0/inst/u_clahe_ip_dut_inst/u_clahe_ip_src_CLAHE/u_AXI4_Master_Write_Controller/start_d_reg/CE (clocked by clk_fpga_0). Large setup violations at the end of those stages might be difficult to fix during the post-placement implementation flow and could be the result of non-optimal XDC constraints or non-optimal design architecture
Related violations: <none>

TIMING-16#195 Warning
Large setup violation  
There is a large setup violation of -1.645 ns between broncho_video_i/clahe_ip_0/inst/u_clahe_ip_axi_lite_inst/u_clahe_ip_addr_decoder_inst/data_reg_axi_enable_1_1_reg_replica_4/C (clocked by clk_fpga_1) and broncho_video_i/clahe_ip_0/inst/u_clahe_ip_dut_inst/u_clahe_ip_src_CLAHE/Delay2_out1_reg[1]/CE (clocked by clk_fpga_0). Large setup violations at the end of those stages might be difficult to fix during the post-placement implementation flow and could be the result of non-optimal XDC constraints or non-optimal design architecture
Related violations: <none>

TIMING-16#196 Warning
Large setup violation  
There is a large setup violation of -1.647 ns between broncho_video_i/axi_vdma_0/U0/I_PRMRY_DATAMOVER/GEN_S2MM_FULL.I_S2MM_FULL_WRAPPER/GEN_ENABLE_INDET_BTT_SF.I_INDET_BTT/I_DATA_FIFO/BLK_MEM.I_SYNC_FIFOGEN_FIFO/xpm_fifo_instance.xpm_fifo_sync_inst/xpm_fifo_base_inst/gen_pntr_flags_cc.gen_full_rst_val.ram_full_i_reg/C (clocked by clk_fpga_0) and broncho_video_i/axi_vdma_0/U0/I_PRMRY_DATAMOVER/GEN_S2MM_FULL.I_S2MM_FULL_WRAPPER/GEN_ENABLE_INDET_BTT_SF.I_INDET_BTT/INCLUDE_PACKING.DO_REG_SLICES[2].lsig_data_slice_reg_reg[2][3]/D (clocked by clk_fpga_0). Large setup violations at the end of those stages might be difficult to fix during the post-placement implementation flow and could be the result of non-optimal XDC constraints or non-optimal design architecture
Related violations: <none>

TIMING-16#197 Warning
Large setup violation  
There is a large setup violation of -1.651 ns between broncho_video_i/clahe_ip_0/inst/u_clahe_ip_axi_lite_inst/u_clahe_ip_addr_decoder_inst/data_reg_axi_enable_1_1_reg_replica_24/C (clocked by clk_fpga_1) and broncho_video_i/clahe_ip_0/inst/u_clahe_ip_dut_inst/u_clahe_ip_src_CLAHE/Delay4_out1_reg[0]/CE (clocked by clk_fpga_0). Large setup violations at the end of those stages might be difficult to fix during the post-placement implementation flow and could be the result of non-optimal XDC constraints or non-optimal design architecture
Related violations: <none>

TIMING-16#198 Warning
Large setup violation  
There is a large setup violation of -1.651 ns between broncho_video_i/clahe_ip_0/inst/u_clahe_ip_axi_lite_inst/u_clahe_ip_addr_decoder_inst/data_reg_axi_enable_1_1_reg_replica_4/C (clocked by clk_fpga_1) and broncho_video_i/clahe_ip_0/inst/u_clahe_ip_dut_inst/u_clahe_ip_src_CLAHE/Delay3_out1_reg[23]/CE (clocked by clk_fpga_0). Large setup violations at the end of those stages might be difficult to fix during the post-placement implementation flow and could be the result of non-optimal XDC constraints or non-optimal design architecture
Related violations: <none>

TIMING-16#199 Warning
Large setup violation  
There is a large setup violation of -1.651 ns between broncho_video_i/clahe_ip_0/inst/u_clahe_ip_axi_lite_inst/u_clahe_ip_addr_decoder_inst/data_reg_axi_enable_1_1_reg_replica_4/C (clocked by clk_fpga_1) and broncho_video_i/clahe_ip_0/inst/u_clahe_ip_dut_inst/u_clahe_ip_src_CLAHE/Delay3_out1_reg[24]/CE (clocked by clk_fpga_0). Large setup violations at the end of those stages might be difficult to fix during the post-placement implementation flow and could be the result of non-optimal XDC constraints or non-optimal design architecture
Related violations: <none>

TIMING-16#200 Warning
Large setup violation  
There is a large setup violation of -1.653 ns between broncho_video_i/axi_vdma_0/U0/I_PRMRY_DATAMOVER/GEN_S2MM_FULL.I_S2MM_FULL_WRAPPER/GEN_ENABLE_INDET_BTT_SF.I_INDET_BTT/I_DATA_FIFO/BLK_MEM.I_SYNC_FIFOGEN_FIFO/xpm_fifo_instance.xpm_fifo_sync_inst/xpm_fifo_base_inst/gen_pntr_flags_cc.gen_full_rst_val.ram_full_i_reg/C (clocked by clk_fpga_0) and broncho_video_i/axi_vdma_0/U0/I_PRMRY_DATAMOVER/GEN_S2MM_FULL.I_S2MM_FULL_WRAPPER/GEN_ENABLE_INDET_BTT_SF.I_INDET_BTT/INCLUDE_PACKING.DO_REG_SLICES[2].lsig_data_slice_reg_reg[2][15]/D (clocked by clk_fpga_0). Large setup violations at the end of those stages might be difficult to fix during the post-placement implementation flow and could be the result of non-optimal XDC constraints or non-optimal design architecture
Related violations: <none>

TIMING-16#201 Warning
Large setup violation  
There is a large setup violation of -1.654 ns between broncho_video_i/clahe_ip_0/inst/u_clahe_ip_axi_lite_inst/u_clahe_ip_addr_decoder_inst/data_reg_axi4_stream_video_0_slave_image_width_1_1_reg[10]/C (clocked by clk_fpga_1) and broncho_video_i/clahe_ip_0/inst/u_clahe_ip_axi4_stream_video_0_slave_inst/u_clahe_ip_clahe_ip_axi4_stream_video_0_slave_clahe_ip_adapter_in/u_clahe_ip_clahe_ip_axi4_stream_video_0_slave_clahe_ip_adapter_in_clahe_ip_adapter_in_module/numofpixels_1_reg[10]/D (clocked by clk_fpga_0). Large setup violations at the end of those stages might be difficult to fix during the post-placement implementation flow and could be the result of non-optimal XDC constraints or non-optimal design architecture
Related violations: <none>

TIMING-16#202 Warning
Large setup violation  
There is a large setup violation of -1.654 ns between broncho_video_i/clahe_ip_0/inst/u_clahe_ip_axi_lite_inst/u_clahe_ip_addr_decoder_inst/data_reg_axi_enable_1_1_reg_replica_10/C (clocked by clk_fpga_1) and broncho_video_i/clahe_ip_0/inst/u_clahe_ip_dut_inst/u_clahe_ip_src_CLAHE/Delay6_out1_reg[0]/CE (clocked by clk_fpga_0). Large setup violations at the end of those stages might be difficult to fix during the post-placement implementation flow and could be the result of non-optimal XDC constraints or non-optimal design architecture
Related violations: <none>

TIMING-16#203 Warning
Large setup violation  
There is a large setup violation of -1.654 ns between broncho_video_i/clahe_ip_0/inst/u_clahe_ip_axi_lite_inst/u_clahe_ip_addr_decoder_inst/data_reg_axi_enable_1_1_reg_replica_10/C (clocked by clk_fpga_1) and broncho_video_i/clahe_ip_0/inst/u_clahe_ip_dut_inst/u_clahe_ip_src_CLAHE/Delay6_out1_reg[1]/CE (clocked by clk_fpga_0). Large setup violations at the end of those stages might be difficult to fix during the post-placement implementation flow and could be the result of non-optimal XDC constraints or non-optimal design architecture
Related violations: <none>

TIMING-16#204 Warning
Large setup violation  
There is a large setup violation of -1.654 ns between broncho_video_i/clahe_ip_0/inst/u_clahe_ip_axi_lite_inst/u_clahe_ip_addr_decoder_inst/data_reg_axi_enable_1_1_reg_replica_10/C (clocked by clk_fpga_1) and broncho_video_i/clahe_ip_0/inst/u_clahe_ip_dut_inst/u_clahe_ip_src_CLAHE/Delay6_out1_reg[4]/CE (clocked by clk_fpga_0). Large setup violations at the end of those stages might be difficult to fix during the post-placement implementation flow and could be the result of non-optimal XDC constraints or non-optimal design architecture
Related violations: <none>

TIMING-16#205 Warning
Large setup violation  
There is a large setup violation of -1.654 ns between broncho_video_i/clahe_ip_0/inst/u_clahe_ip_axi_lite_inst/u_clahe_ip_addr_decoder_inst/data_reg_axi_enable_1_1_reg_replica_10/C (clocked by clk_fpga_1) and broncho_video_i/clahe_ip_0/inst/u_clahe_ip_dut_inst/u_clahe_ip_src_CLAHE/Delay6_out1_reg[9]/CE (clocked by clk_fpga_0). Large setup violations at the end of those stages might be difficult to fix during the post-placement implementation flow and could be the result of non-optimal XDC constraints or non-optimal design architecture
Related violations: <none>

TIMING-16#206 Warning
Large setup violation  
There is a large setup violation of -1.655 ns between broncho_video_i/clahe_ip_0/inst/u_clahe_ip_axi_lite_inst/u_clahe_ip_addr_decoder_inst/data_reg_axi_enable_1_1_reg_replica_4/C (clocked by clk_fpga_1) and broncho_video_i/clahe_ip_0/inst/u_clahe_ip_dut_inst/u_clahe_ip_src_CLAHE/Delay_out1_reg/CE (clocked by clk_fpga_0). Large setup violations at the end of those stages might be difficult to fix during the post-placement implementation flow and could be the result of non-optimal XDC constraints or non-optimal design architecture
Related violations: <none>

TIMING-16#207 Warning
Large setup violation  
There is a large setup violation of -1.662 ns between broncho_video_i/axi_vdma_0/U0/I_PRMRY_DATAMOVER/GEN_S2MM_FULL.I_S2MM_FULL_WRAPPER/GEN_ENABLE_INDET_BTT_SF.I_INDET_BTT/I_DATA_FIFO/BLK_MEM.I_SYNC_FIFOGEN_FIFO/xpm_fifo_instance.xpm_fifo_sync_inst/xpm_fifo_base_inst/gen_pntr_flags_cc.gen_full_rst_val.ram_full_i_reg/C (clocked by clk_fpga_0) and broncho_video_i/axi_vdma_0/U0/I_PRMRY_DATAMOVER/GEN_S2MM_FULL.I_S2MM_FULL_WRAPPER/GEN_ENABLE_INDET_BTT_SF.I_INDET_BTT/INCLUDE_PACKING.DO_REG_SLICES[3].lsig_data_slice_reg_reg[3][15]/D (clocked by clk_fpga_0). Large setup violations at the end of those stages might be difficult to fix during the post-placement implementation flow and could be the result of non-optimal XDC constraints or non-optimal design architecture
Related violations: <none>

TIMING-16#208 Warning
Large setup violation  
There is a large setup violation of -1.663 ns between broncho_video_i/clahe_ip_0/inst/u_clahe_ip_axi_lite_inst/u_clahe_ip_addr_decoder_inst/data_reg_axi_enable_1_1_reg_replica_4/C (clocked by clk_fpga_1) and broncho_video_i/clahe_ip_0/inst/u_clahe_ip_dut_inst/u_clahe_ip_src_CLAHE/Delay2_out1_reg[4]/CE (clocked by clk_fpga_0). Large setup violations at the end of those stages might be difficult to fix during the post-placement implementation flow and could be the result of non-optimal XDC constraints or non-optimal design architecture
Related violations: <none>

TIMING-16#209 Warning
Large setup violation  
There is a large setup violation of -1.663 ns between broncho_video_i/clahe_ip_0/inst/u_clahe_ip_axi_lite_inst/u_clahe_ip_addr_decoder_inst/data_reg_axi_enable_1_1_reg_replica_4/C (clocked by clk_fpga_1) and broncho_video_i/clahe_ip_0/inst/u_clahe_ip_dut_inst/u_clahe_ip_src_CLAHE/Delay2_out1_reg[7]/CE (clocked by clk_fpga_0). Large setup violations at the end of those stages might be difficult to fix during the post-placement implementation flow and could be the result of non-optimal XDC constraints or non-optimal design architecture
Related violations: <none>

TIMING-16#210 Warning
Large setup violation  
There is a large setup violation of -1.664 ns between broncho_video_i/axi_vdma_0/U0/I_PRMRY_DATAMOVER/GEN_S2MM_FULL.I_S2MM_FULL_WRAPPER/GEN_ENABLE_INDET_BTT_SF.I_INDET_BTT/I_DATA_FIFO/BLK_MEM.I_SYNC_FIFOGEN_FIFO/xpm_fifo_instance.xpm_fifo_sync_inst/xpm_fifo_base_inst/gen_pntr_flags_cc.gen_full_rst_val.ram_full_i_reg/C (clocked by clk_fpga_0) and broncho_video_i/axi_vdma_0/U0/I_PRMRY_DATAMOVER/GEN_S2MM_FULL.I_S2MM_FULL_WRAPPER/GEN_ENABLE_INDET_BTT_SF.I_INDET_BTT/INCLUDE_PACKING.DO_REG_SLICES[2].lsig_data_slice_reg_reg[2][1]/D (clocked by clk_fpga_0). Large setup violations at the end of those stages might be difficult to fix during the post-placement implementation flow and could be the result of non-optimal XDC constraints or non-optimal design architecture
Related violations: <none>

TIMING-16#211 Warning
Large setup violation  
There is a large setup violation of -1.669 ns between broncho_video_i/clahe_ip_0/inst/u_clahe_ip_axi_lite_inst/u_clahe_ip_addr_decoder_inst/data_reg_axi_enable_1_1_reg_replica_16/C (clocked by clk_fpga_1) and broncho_video_i/clahe_ip_0/inst/u_clahe_ip_dut_inst/u_clahe_ip_src_CLAHE/Delay6_out1_reg[25]/CE (clocked by clk_fpga_0). Large setup violations at the end of those stages might be difficult to fix during the post-placement implementation flow and could be the result of non-optimal XDC constraints or non-optimal design architecture
Related violations: <none>

TIMING-16#212 Warning
Large setup violation  
There is a large setup violation of -1.669 ns between broncho_video_i/clahe_ip_0/inst/u_clahe_ip_axi_lite_inst/u_clahe_ip_addr_decoder_inst/data_reg_axi_enable_1_1_reg_replica_16/C (clocked by clk_fpga_1) and broncho_video_i/clahe_ip_0/inst/u_clahe_ip_dut_inst/u_clahe_ip_src_CLAHE/Delay6_out1_reg[29]/CE (clocked by clk_fpga_0). Large setup violations at the end of those stages might be difficult to fix during the post-placement implementation flow and could be the result of non-optimal XDC constraints or non-optimal design architecture
Related violations: <none>

TIMING-16#213 Warning
Large setup violation  
There is a large setup violation of -1.669 ns between broncho_video_i/clahe_ip_0/inst/u_clahe_ip_axi_lite_inst/u_clahe_ip_addr_decoder_inst/data_reg_axi_enable_1_1_reg_replica_16/C (clocked by clk_fpga_1) and broncho_video_i/clahe_ip_0/inst/u_clahe_ip_dut_inst/u_clahe_ip_src_CLAHE/Delay6_out1_reg[30]/CE (clocked by clk_fpga_0). Large setup violations at the end of those stages might be difficult to fix during the post-placement implementation flow and could be the result of non-optimal XDC constraints or non-optimal design architecture
Related violations: <none>

TIMING-16#214 Warning
Large setup violation  
There is a large setup violation of -1.669 ns between broncho_video_i/clahe_ip_0/inst/u_clahe_ip_axi_lite_inst/u_clahe_ip_addr_decoder_inst/data_reg_axi_enable_1_1_reg_replica_16/C (clocked by clk_fpga_1) and broncho_video_i/clahe_ip_0/inst/u_clahe_ip_dut_inst/u_clahe_ip_src_CLAHE/Delay6_out1_reg[31]/CE (clocked by clk_fpga_0). Large setup violations at the end of those stages might be difficult to fix during the post-placement implementation flow and could be the result of non-optimal XDC constraints or non-optimal design architecture
Related violations: <none>

TIMING-16#215 Warning
Large setup violation  
There is a large setup violation of -1.674 ns between broncho_video_i/axi_vdma_0/U0/I_PRMRY_DATAMOVER/GEN_S2MM_FULL.I_S2MM_FULL_WRAPPER/GEN_ENABLE_INDET_BTT_SF.I_INDET_BTT/I_DATA_FIFO/BLK_MEM.I_SYNC_FIFOGEN_FIFO/xpm_fifo_instance.xpm_fifo_sync_inst/xpm_fifo_base_inst/gen_pntr_flags_cc.gen_full_rst_val.ram_full_i_reg/C (clocked by clk_fpga_0) and broncho_video_i/axi_vdma_0/U0/I_PRMRY_DATAMOVER/GEN_S2MM_FULL.I_S2MM_FULL_WRAPPER/GEN_ENABLE_INDET_BTT_SF.I_INDET_BTT/INCLUDE_PACKING.DO_REG_SLICES[2].lsig_data_slice_reg_reg[2][2]/D (clocked by clk_fpga_0). Large setup violations at the end of those stages might be difficult to fix during the post-placement implementation flow and could be the result of non-optimal XDC constraints or non-optimal design architecture
Related violations: <none>

TIMING-16#216 Warning
Large setup violation  
There is a large setup violation of -1.675 ns between broncho_video_i/clahe_ip_0/inst/u_clahe_ip_axi_lite_inst/u_clahe_ip_addr_decoder_inst/data_reg_axi_enable_1_1_reg_replica_4/C (clocked by clk_fpga_1) and broncho_video_i/clahe_ip_0/inst/u_clahe_ip_dut_inst/u_clahe_ip_src_CLAHE/Delay3_out1_reg[21]/CE (clocked by clk_fpga_0). Large setup violations at the end of those stages might be difficult to fix during the post-placement implementation flow and could be the result of non-optimal XDC constraints or non-optimal design architecture
Related violations: <none>

TIMING-16#217 Warning
Large setup violation  
There is a large setup violation of -1.675 ns between broncho_video_i/clahe_ip_0/inst/u_clahe_ip_axi_lite_inst/u_clahe_ip_addr_decoder_inst/data_reg_axi_enable_1_1_reg_replica_4/C (clocked by clk_fpga_1) and broncho_video_i/clahe_ip_0/inst/u_clahe_ip_dut_inst/u_clahe_ip_src_CLAHE/Delay3_out1_reg[22]/CE (clocked by clk_fpga_0). Large setup violations at the end of those stages might be difficult to fix during the post-placement implementation flow and could be the result of non-optimal XDC constraints or non-optimal design architecture
Related violations: <none>

TIMING-16#218 Warning
Large setup violation  
There is a large setup violation of -1.677 ns between broncho_video_i/clahe_ip_0/inst/u_clahe_ip_axi_lite_inst/u_clahe_ip_addr_decoder_inst/data_reg_axi_enable_1_1_reg_replica_16/C (clocked by clk_fpga_1) and broncho_video_i/clahe_ip_0/inst/u_clahe_ip_dut_inst/u_clahe_ip_src_CLAHE/Delay4_out1_reg[3]/CE (clocked by clk_fpga_0). Large setup violations at the end of those stages might be difficult to fix during the post-placement implementation flow and could be the result of non-optimal XDC constraints or non-optimal design architecture
Related violations: <none>

TIMING-16#219 Warning
Large setup violation  
There is a large setup violation of -1.677 ns between broncho_video_i/clahe_ip_0/inst/u_clahe_ip_axi_lite_inst/u_clahe_ip_addr_decoder_inst/data_reg_axi_enable_1_1_reg_replica_4/C (clocked by clk_fpga_1) and broncho_video_i/clahe_ip_0/inst/u_clahe_ip_dut_inst/u_clahe_ip_src_CLAHE/Delay3_out1_reg[25]/CE (clocked by clk_fpga_0). Large setup violations at the end of those stages might be difficult to fix during the post-placement implementation flow and could be the result of non-optimal XDC constraints or non-optimal design architecture
Related violations: <none>

TIMING-16#220 Warning
Large setup violation  
There is a large setup violation of -1.677 ns between broncho_video_i/clahe_ip_0/inst/u_clahe_ip_axi_lite_inst/u_clahe_ip_addr_decoder_inst/data_reg_axi_enable_1_1_reg_replica_4/C (clocked by clk_fpga_1) and broncho_video_i/clahe_ip_0/inst/u_clahe_ip_dut_inst/u_clahe_ip_src_CLAHE/Delay3_out1_reg[26]/CE (clocked by clk_fpga_0). Large setup violations at the end of those stages might be difficult to fix during the post-placement implementation flow and could be the result of non-optimal XDC constraints or non-optimal design architecture
Related violations: <none>

TIMING-16#221 Warning
Large setup violation  
There is a large setup violation of -1.677 ns between broncho_video_i/clahe_ip_0/inst/u_clahe_ip_axi_lite_inst/u_clahe_ip_addr_decoder_inst/data_reg_axi_enable_1_1_reg_replica_4/C (clocked by clk_fpga_1) and broncho_video_i/clahe_ip_0/inst/u_clahe_ip_dut_inst/u_clahe_ip_src_CLAHE/Delay3_out1_reg[27]/CE (clocked by clk_fpga_0). Large setup violations at the end of those stages might be difficult to fix during the post-placement implementation flow and could be the result of non-optimal XDC constraints or non-optimal design architecture
Related violations: <none>

TIMING-16#222 Warning
Large setup violation  
There is a large setup violation of -1.677 ns between broncho_video_i/clahe_ip_0/inst/u_clahe_ip_axi_lite_inst/u_clahe_ip_addr_decoder_inst/data_reg_axi_enable_1_1_reg_replica_4/C (clocked by clk_fpga_1) and broncho_video_i/clahe_ip_0/inst/u_clahe_ip_dut_inst/u_clahe_ip_src_CLAHE/Delay3_out1_reg[28]/CE (clocked by clk_fpga_0). Large setup violations at the end of those stages might be difficult to fix during the post-placement implementation flow and could be the result of non-optimal XDC constraints or non-optimal design architecture
Related violations: <none>

TIMING-16#223 Warning
Large setup violation  
There is a large setup violation of -1.679 ns between broncho_video_i/clahe_ip_0/inst/u_clahe_ip_axi_lite_inst/u_clahe_ip_addr_decoder_inst/data_reg_axi_enable_1_1_reg_replica_16/C (clocked by clk_fpga_1) and broncho_video_i/clahe_ip_0/inst/u_clahe_ip_dut_inst/u_clahe_ip_src_CLAHE/Delay6_out1_reg[14]/CE (clocked by clk_fpga_0). Large setup violations at the end of those stages might be difficult to fix during the post-placement implementation flow and could be the result of non-optimal XDC constraints or non-optimal design architecture
Related violations: <none>

TIMING-16#224 Warning
Large setup violation  
There is a large setup violation of -1.682 ns between broncho_video_i/clahe_ip_0/inst/u_clahe_ip_axi_lite_inst/u_clahe_ip_addr_decoder_inst/data_reg_axi4_stream_video_0_slave_image_height_1_1_reg[2]/C (clocked by clk_fpga_1) and broncho_video_i/clahe_ip_0/inst/u_clahe_ip_axi4_stream_video_0_slave_inst/u_clahe_ip_clahe_ip_axi4_stream_video_0_slave_clahe_ip_adapter_in/u_clahe_ip_clahe_ip_axi4_stream_video_0_slave_clahe_ip_adapter_in_clahe_ip_adapter_in_module/numoflines_1_reg[2]/D (clocked by clk_fpga_0). Large setup violations at the end of those stages might be difficult to fix during the post-placement implementation flow and could be the result of non-optimal XDC constraints or non-optimal design architecture
Related violations: <none>

TIMING-16#225 Warning
Large setup violation  
There is a large setup violation of -1.688 ns between broncho_video_i/clahe_ip_0/inst/u_clahe_ip_axi_lite_inst/u_clahe_ip_addr_decoder_inst/data_reg_axi_enable_1_1_reg_replica_16/C (clocked by clk_fpga_1) and broncho_video_i/clahe_ip_0/inst/u_clahe_ip_dut_inst/u_clahe_ip_src_CLAHE/Delay6_out1_reg[24]/CE (clocked by clk_fpga_0). Large setup violations at the end of those stages might be difficult to fix during the post-placement implementation flow and could be the result of non-optimal XDC constraints or non-optimal design architecture
Related violations: <none>

TIMING-16#226 Warning
Large setup violation  
There is a large setup violation of -1.688 ns between broncho_video_i/clahe_ip_0/inst/u_clahe_ip_axi_lite_inst/u_clahe_ip_addr_decoder_inst/data_reg_axi_enable_1_1_reg_replica_16/C (clocked by clk_fpga_1) and broncho_video_i/clahe_ip_0/inst/u_clahe_ip_dut_inst/u_clahe_ip_src_CLAHE/Delay6_out1_reg[27]/CE (clocked by clk_fpga_0). Large setup violations at the end of those stages might be difficult to fix during the post-placement implementation flow and could be the result of non-optimal XDC constraints or non-optimal design architecture
Related violations: <none>

TIMING-16#227 Warning
Large setup violation  
There is a large setup violation of -1.688 ns between broncho_video_i/clahe_ip_0/inst/u_clahe_ip_axi_lite_inst/u_clahe_ip_addr_decoder_inst/data_reg_axi_enable_1_1_reg_replica_16/C (clocked by clk_fpga_1) and broncho_video_i/clahe_ip_0/inst/u_clahe_ip_dut_inst/u_clahe_ip_src_CLAHE/Delay6_out1_reg[28]/CE (clocked by clk_fpga_0). Large setup violations at the end of those stages might be difficult to fix during the post-placement implementation flow and could be the result of non-optimal XDC constraints or non-optimal design architecture
Related violations: <none>

TIMING-16#228 Warning
Large setup violation  
There is a large setup violation of -1.688 ns between broncho_video_i/clahe_ip_0/inst/u_clahe_ip_axi_lite_inst/u_clahe_ip_addr_decoder_inst/data_reg_axi_enable_1_1_reg_replica_4/C (clocked by clk_fpga_1) and broncho_video_i/clahe_ip_0/inst/u_clahe_ip_dut_inst/u_clahe_ip_src_CLAHE/Delay3_out1_reg[10]/CE (clocked by clk_fpga_0). Large setup violations at the end of those stages might be difficult to fix during the post-placement implementation flow and could be the result of non-optimal XDC constraints or non-optimal design architecture
Related violations: <none>

TIMING-16#229 Warning
Large setup violation  
There is a large setup violation of -1.688 ns between broncho_video_i/clahe_ip_0/inst/u_clahe_ip_axi_lite_inst/u_clahe_ip_addr_decoder_inst/data_reg_axi_enable_1_1_reg_replica_4/C (clocked by clk_fpga_1) and broncho_video_i/clahe_ip_0/inst/u_clahe_ip_dut_inst/u_clahe_ip_src_CLAHE/Delay3_out1_reg[9]/CE (clocked by clk_fpga_0). Large setup violations at the end of those stages might be difficult to fix during the post-placement implementation flow and could be the result of non-optimal XDC constraints or non-optimal design architecture
Related violations: <none>

TIMING-16#230 Warning
Large setup violation  
There is a large setup violation of -1.689 ns between broncho_video_i/axi_vdma_0/U0/GEN_SPRT_FOR_S2MM.GEN_S2MM_DRE_OFF_SKID.I_S2MM_SKID_FLUSH_SOF/sig_user_reg_out_reg[0]/C (clocked by clk_fpga_0) and broncho_video_i/axi_vdma_0/U0/GEN_SPRT_FOR_S2MM.GEN_S2MM_DRE_OFF_SKID.I_S2MM_SKID_FLUSH_SOF/sig_data_reg_out_reg[12]/CE (clocked by clk_fpga_0). Large setup violations at the end of those stages might be difficult to fix during the post-placement implementation flow and could be the result of non-optimal XDC constraints or non-optimal design architecture
Related violations: <none>

TIMING-16#231 Warning
Large setup violation  
There is a large setup violation of -1.689 ns between broncho_video_i/axi_vdma_0/U0/GEN_SPRT_FOR_S2MM.GEN_S2MM_DRE_OFF_SKID.I_S2MM_SKID_FLUSH_SOF/sig_user_reg_out_reg[0]/C (clocked by clk_fpga_0) and broncho_video_i/axi_vdma_0/U0/GEN_SPRT_FOR_S2MM.GEN_S2MM_DRE_OFF_SKID.I_S2MM_SKID_FLUSH_SOF/sig_data_reg_out_reg[3]/CE (clocked by clk_fpga_0). Large setup violations at the end of those stages might be difficult to fix during the post-placement implementation flow and could be the result of non-optimal XDC constraints or non-optimal design architecture
Related violations: <none>

TIMING-16#232 Warning
Large setup violation  
There is a large setup violation of -1.689 ns between broncho_video_i/axi_vdma_0/U0/GEN_SPRT_FOR_S2MM.GEN_S2MM_DRE_OFF_SKID.I_S2MM_SKID_FLUSH_SOF/sig_user_reg_out_reg[0]/C (clocked by clk_fpga_0) and broncho_video_i/axi_vdma_0/U0/GEN_SPRT_FOR_S2MM.GEN_S2MM_DRE_OFF_SKID.I_S2MM_SKID_FLUSH_SOF/sig_data_reg_out_reg[6]/CE (clocked by clk_fpga_0). Large setup violations at the end of those stages might be difficult to fix during the post-placement implementation flow and could be the result of non-optimal XDC constraints or non-optimal design architecture
Related violations: <none>

TIMING-16#233 Warning
Large setup violation  
There is a large setup violation of -1.697 ns between broncho_video_i/clahe_ip_0/inst/u_clahe_ip_axi_lite_inst/u_clahe_ip_addr_decoder_inst/data_reg_axi_enable_1_1_reg_replica_4/C (clocked by clk_fpga_1) and broncho_video_i/clahe_ip_0/inst/u_clahe_ip_dut_inst/u_clahe_ip_src_CLAHE/Delay6_out1_reg[17]/CE (clocked by clk_fpga_0). Large setup violations at the end of those stages might be difficult to fix during the post-placement implementation flow and could be the result of non-optimal XDC constraints or non-optimal design architecture
Related violations: <none>

TIMING-16#234 Warning
Large setup violation  
There is a large setup violation of -1.697 ns between broncho_video_i/clahe_ip_0/inst/u_clahe_ip_axi_lite_inst/u_clahe_ip_addr_decoder_inst/data_reg_axi_enable_1_1_reg_replica_4/C (clocked by clk_fpga_1) and broncho_video_i/clahe_ip_0/inst/u_clahe_ip_dut_inst/u_clahe_ip_src_CLAHE/Delay6_out1_reg[20]/CE (clocked by clk_fpga_0). Large setup violations at the end of those stages might be difficult to fix during the post-placement implementation flow and could be the result of non-optimal XDC constraints or non-optimal design architecture
Related violations: <none>

TIMING-16#235 Warning
Large setup violation  
There is a large setup violation of -1.697 ns between broncho_video_i/clahe_ip_0/inst/u_clahe_ip_axi_lite_inst/u_clahe_ip_addr_decoder_inst/data_reg_axi_enable_1_1_reg_replica_4/C (clocked by clk_fpga_1) and broncho_video_i/clahe_ip_0/inst/u_clahe_ip_dut_inst/u_clahe_ip_src_CLAHE/Delay6_out1_reg[26]/CE (clocked by clk_fpga_0). Large setup violations at the end of those stages might be difficult to fix during the post-placement implementation flow and could be the result of non-optimal XDC constraints or non-optimal design architecture
Related violations: <none>

TIMING-16#236 Warning
Large setup violation  
There is a large setup violation of -1.698 ns between broncho_video_i/clahe_ip_0/inst/u_clahe_ip_axi_lite_inst/u_clahe_ip_addr_decoder_inst/data_reg_axi_enable_1_1_reg_replica_13/C (clocked by clk_fpga_1) and broncho_video_i/clahe_ip_0/inst/u_clahe_ip_dut_inst/u_clahe_ip_src_CLAHE/Delay4_out1_reg[5]/CE (clocked by clk_fpga_0). Large setup violations at the end of those stages might be difficult to fix during the post-placement implementation flow and could be the result of non-optimal XDC constraints or non-optimal design architecture
Related violations: <none>

TIMING-16#237 Warning
Large setup violation  
There is a large setup violation of -1.704 ns between broncho_video_i/clahe_ip_0/inst/u_clahe_ip_axi_lite_inst/u_clahe_ip_addr_decoder_inst/data_reg_axi_enable_1_1_reg_replica_16/C (clocked by clk_fpga_1) and broncho_video_i/clahe_ip_0/inst/u_clahe_ip_dut_inst/u_clahe_ip_src_CLAHE/Delay6_out1_reg[11]/CE (clocked by clk_fpga_0). Large setup violations at the end of those stages might be difficult to fix during the post-placement implementation flow and could be the result of non-optimal XDC constraints or non-optimal design architecture
Related violations: <none>

TIMING-16#238 Warning
Large setup violation  
There is a large setup violation of -1.707 ns between broncho_video_i/clahe_ip_0/inst/u_clahe_ip_axi_lite_inst/u_clahe_ip_addr_decoder_inst/data_reg_axi_enable_1_1_reg_replica_16/C (clocked by clk_fpga_1) and broncho_video_i/clahe_ip_0/inst/u_clahe_ip_dut_inst/u_clahe_ip_src_CLAHE/Delay6_out1_reg[23]/CE (clocked by clk_fpga_0). Large setup violations at the end of those stages might be difficult to fix during the post-placement implementation flow and could be the result of non-optimal XDC constraints or non-optimal design architecture
Related violations: <none>

TIMING-16#239 Warning
Large setup violation  
There is a large setup violation of -1.708 ns between broncho_video_i/clahe_ip_0/inst/u_clahe_ip_axi_lite_inst/u_clahe_ip_addr_decoder_inst/data_reg_axi4_stream_video_0_slave_image_width_1_1_reg[4]/C (clocked by clk_fpga_1) and broncho_video_i/clahe_ip_0/inst/u_clahe_ip_axi4_stream_video_0_slave_inst/u_clahe_ip_clahe_ip_axi4_stream_video_0_slave_clahe_ip_adapter_in/u_clahe_ip_clahe_ip_axi4_stream_video_0_slave_clahe_ip_adapter_in_clahe_ip_adapter_in_module/numofpixels_1_reg[4]/D (clocked by clk_fpga_0). Large setup violations at the end of those stages might be difficult to fix during the post-placement implementation flow and could be the result of non-optimal XDC constraints or non-optimal design architecture
Related violations: <none>

TIMING-16#240 Warning
Large setup violation  
There is a large setup violation of -1.708 ns between broncho_video_i/clahe_ip_0/inst/u_clahe_ip_axi_lite_inst/u_clahe_ip_addr_decoder_inst/data_reg_axi_enable_1_1_reg_replica_4/C (clocked by clk_fpga_1) and broncho_video_i/clahe_ip_0/inst/u_clahe_ip_dut_inst/u_clahe_ip_src_CLAHE/Delay6_out1_reg[19]/CE (clocked by clk_fpga_0). Large setup violations at the end of those stages might be difficult to fix during the post-placement implementation flow and could be the result of non-optimal XDC constraints or non-optimal design architecture
Related violations: <none>

TIMING-16#241 Warning
Large setup violation  
There is a large setup violation of -1.710 ns between broncho_video_i/clahe_ip_0/inst/u_clahe_ip_axi_lite_inst/u_clahe_ip_addr_decoder_inst/data_reg_axi_enable_1_1_reg_replica_16/C (clocked by clk_fpga_1) and broncho_video_i/clahe_ip_0/inst/u_clahe_ip_dut_inst/u_clahe_ip_src_CLAHE/Delay4_out1_reg[4]/CE (clocked by clk_fpga_0). Large setup violations at the end of those stages might be difficult to fix during the post-placement implementation flow and could be the result of non-optimal XDC constraints or non-optimal design architecture
Related violations: <none>

TIMING-16#242 Warning
Large setup violation  
There is a large setup violation of -1.714 ns between broncho_video_i/clahe_ip_0/inst/u_clahe_ip_axi_lite_inst/u_clahe_ip_addr_decoder_inst/data_reg_axi4_stream_video_0_slave_image_height_1_1_reg[4]/C (clocked by clk_fpga_1) and broncho_video_i/clahe_ip_0/inst/u_clahe_ip_axi4_stream_video_0_slave_inst/u_clahe_ip_clahe_ip_axi4_stream_video_0_slave_clahe_ip_adapter_in/u_clahe_ip_clahe_ip_axi4_stream_video_0_slave_clahe_ip_adapter_in_clahe_ip_adapter_in_module/numoflines_1_reg[4]/D (clocked by clk_fpga_0). Large setup violations at the end of those stages might be difficult to fix during the post-placement implementation flow and could be the result of non-optimal XDC constraints or non-optimal design architecture
Related violations: <none>

TIMING-16#243 Warning
Large setup violation  
There is a large setup violation of -1.714 ns between broncho_video_i/clahe_ip_0/inst/u_clahe_ip_axi_lite_inst/u_clahe_ip_addr_decoder_inst/data_reg_axi_enable_1_1_reg_replica_1/C (clocked by clk_fpga_1) and broncho_video_i/clahe_ip_0/inst/u_clahe_ip_dut_inst/u_clahe_ip_src_CLAHE/Delay2_out1_reg[3]/CE (clocked by clk_fpga_0). Large setup violations at the end of those stages might be difficult to fix during the post-placement implementation flow and could be the result of non-optimal XDC constraints or non-optimal design architecture
Related violations: <none>

TIMING-16#244 Warning
Large setup violation  
There is a large setup violation of -1.716 ns between broncho_video_i/axi_vdma_0/U0/I_PRMRY_DATAMOVER/GEN_S2MM_FULL.I_S2MM_FULL_WRAPPER/I_RESET/sig_cmd_stat_rst_user_reg_n_cdc_from_reg/C (clocked by clk_fpga_0) and broncho_video_i/axi_vdma_0/U0/I_PRMRY_DATAMOVER/GEN_S2MM_FULL.I_S2MM_FULL_WRAPPER/GEN_ENABLE_INDET_BTT_SF.I_INDET_BTT/INCLUDE_PACKING.lsig_0ffset_cntr_reg[1]/R (clocked by clk_fpga_0). Large setup violations at the end of those stages might be difficult to fix during the post-placement implementation flow and could be the result of non-optimal XDC constraints or non-optimal design architecture
Related violations: <none>

TIMING-16#245 Warning
Large setup violation  
There is a large setup violation of -1.716 ns between broncho_video_i/clahe_ip_0/inst/u_clahe_ip_axi_lite_inst/u_clahe_ip_addr_decoder_inst/data_reg_axi_enable_1_1_reg_replica_3/C (clocked by clk_fpga_1) and broncho_video_i/clahe_ip_0/inst/u_clahe_ip_dut_inst/u_clahe_ip_src_CLAHE/rd_dvalid_1_reg/CE (clocked by clk_fpga_0). Large setup violations at the end of those stages might be difficult to fix during the post-placement implementation flow and could be the result of non-optimal XDC constraints or non-optimal design architecture
Related violations: <none>

TIMING-16#246 Warning
Large setup violation  
There is a large setup violation of -1.718 ns between broncho_video_i/axi_vdma_0/U0/I_PRMRY_DATAMOVER/GEN_S2MM_FULL.I_S2MM_FULL_WRAPPER/GEN_ENABLE_INDET_BTT_SF.I_INDET_BTT/I_DATA_FIFO/BLK_MEM.I_SYNC_FIFOGEN_FIFO/xpm_fifo_instance.xpm_fifo_sync_inst/xpm_fifo_base_inst/gen_pntr_flags_cc.gen_full_rst_val.ram_full_i_reg/C (clocked by clk_fpga_0) and broncho_video_i/axi_vdma_0/U0/I_PRMRY_DATAMOVER/GEN_S2MM_FULL.I_S2MM_FULL_WRAPPER/GEN_ENABLE_INDET_BTT_SF.I_INDET_BTT/INCLUDE_PACKING.DO_REG_SLICES[3].lsig_data_slice_reg_reg[3][12]/D (clocked by clk_fpga_0). Large setup violations at the end of those stages might be difficult to fix during the post-placement implementation flow and could be the result of non-optimal XDC constraints or non-optimal design architecture
Related violations: <none>

TIMING-16#247 Warning
Large setup violation  
There is a large setup violation of -1.718 ns between broncho_video_i/axi_vdma_0/U0/I_PRMRY_DATAMOVER/GEN_S2MM_FULL.I_S2MM_FULL_WRAPPER/GEN_ENABLE_INDET_BTT_SF.I_INDET_BTT/I_DATA_FIFO/BLK_MEM.I_SYNC_FIFOGEN_FIFO/xpm_fifo_instance.xpm_fifo_sync_inst/xpm_fifo_base_inst/gen_pntr_flags_cc.gen_full_rst_val.ram_full_i_reg/C (clocked by clk_fpga_0) and broncho_video_i/axi_vdma_0/U0/I_PRMRY_DATAMOVER/GEN_S2MM_FULL.I_S2MM_FULL_WRAPPER/GEN_ENABLE_INDET_BTT_SF.I_INDET_BTT/INCLUDE_PACKING.DO_REG_SLICES[3].lsig_data_slice_reg_reg[3][7]/D (clocked by clk_fpga_0). Large setup violations at the end of those stages might be difficult to fix during the post-placement implementation flow and could be the result of non-optimal XDC constraints or non-optimal design architecture
Related violations: <none>

TIMING-16#248 Warning
Large setup violation  
There is a large setup violation of -1.722 ns between broncho_video_i/clahe_ip_0/inst/u_clahe_ip_axi_lite_inst/u_clahe_ip_addr_decoder_inst/data_reg_axi_enable_1_1_reg_replica_10/C (clocked by clk_fpga_1) and broncho_video_i/clahe_ip_0/inst/u_clahe_ip_dut_inst/u_clahe_ip_src_CLAHE/Delay6_out1_reg[2]/CE (clocked by clk_fpga_0). Large setup violations at the end of those stages might be difficult to fix during the post-placement implementation flow and could be the result of non-optimal XDC constraints or non-optimal design architecture
Related violations: <none>

TIMING-16#249 Warning
Large setup violation  
There is a large setup violation of -1.722 ns between broncho_video_i/clahe_ip_0/inst/u_clahe_ip_axi_lite_inst/u_clahe_ip_addr_decoder_inst/data_reg_axi_enable_1_1_reg_replica_10/C (clocked by clk_fpga_1) and broncho_video_i/clahe_ip_0/inst/u_clahe_ip_dut_inst/u_clahe_ip_src_CLAHE/Delay6_out1_reg[3]/CE (clocked by clk_fpga_0). Large setup violations at the end of those stages might be difficult to fix during the post-placement implementation flow and could be the result of non-optimal XDC constraints or non-optimal design architecture
Related violations: <none>

TIMING-16#250 Warning
Large setup violation  
There is a large setup violation of -1.722 ns between broncho_video_i/clahe_ip_0/inst/u_clahe_ip_axi_lite_inst/u_clahe_ip_addr_decoder_inst/data_reg_axi_enable_1_1_reg_replica_10/C (clocked by clk_fpga_1) and broncho_video_i/clahe_ip_0/inst/u_clahe_ip_dut_inst/u_clahe_ip_src_CLAHE/Delay6_out1_reg[6]/CE (clocked by clk_fpga_0). Large setup violations at the end of those stages might be difficult to fix during the post-placement implementation flow and could be the result of non-optimal XDC constraints or non-optimal design architecture
Related violations: <none>

TIMING-16#251 Warning
Large setup violation  
There is a large setup violation of -1.723 ns between broncho_video_i/axi_vdma_0/U0/GEN_SPRT_FOR_S2MM.GEN_S2MM_DRE_OFF_SKID.I_S2MM_SKID_FLUSH_SOF/sig_user_reg_out_reg[0]/C (clocked by clk_fpga_0) and broncho_video_i/axi_vdma_0/U0/GEN_SPRT_FOR_S2MM.GEN_S2MM_DRE_OFF_SKID.I_S2MM_SKID_FLUSH_SOF/sig_data_reg_out_reg[0]/CE (clocked by clk_fpga_0). Large setup violations at the end of those stages might be difficult to fix during the post-placement implementation flow and could be the result of non-optimal XDC constraints or non-optimal design architecture
Related violations: <none>

TIMING-16#252 Warning
Large setup violation  
There is a large setup violation of -1.723 ns between broncho_video_i/axi_vdma_0/U0/GEN_SPRT_FOR_S2MM.GEN_S2MM_DRE_OFF_SKID.I_S2MM_SKID_FLUSH_SOF/sig_user_reg_out_reg[0]/C (clocked by clk_fpga_0) and broncho_video_i/axi_vdma_0/U0/GEN_SPRT_FOR_S2MM.GEN_S2MM_DRE_OFF_SKID.I_S2MM_SKID_FLUSH_SOF/sig_data_reg_out_reg[10]/CE (clocked by clk_fpga_0). Large setup violations at the end of those stages might be difficult to fix during the post-placement implementation flow and could be the result of non-optimal XDC constraints or non-optimal design architecture
Related violations: <none>

TIMING-16#253 Warning
Large setup violation  
There is a large setup violation of -1.723 ns between broncho_video_i/axi_vdma_0/U0/GEN_SPRT_FOR_S2MM.GEN_S2MM_DRE_OFF_SKID.I_S2MM_SKID_FLUSH_SOF/sig_user_reg_out_reg[0]/C (clocked by clk_fpga_0) and broncho_video_i/axi_vdma_0/U0/GEN_SPRT_FOR_S2MM.GEN_S2MM_DRE_OFF_SKID.I_S2MM_SKID_FLUSH_SOF/sig_data_reg_out_reg[13]/CE (clocked by clk_fpga_0). Large setup violations at the end of those stages might be difficult to fix during the post-placement implementation flow and could be the result of non-optimal XDC constraints or non-optimal design architecture
Related violations: <none>

TIMING-16#254 Warning
Large setup violation  
There is a large setup violation of -1.723 ns between broncho_video_i/axi_vdma_0/U0/GEN_SPRT_FOR_S2MM.GEN_S2MM_DRE_OFF_SKID.I_S2MM_SKID_FLUSH_SOF/sig_user_reg_out_reg[0]/C (clocked by clk_fpga_0) and broncho_video_i/axi_vdma_0/U0/GEN_SPRT_FOR_S2MM.GEN_S2MM_DRE_OFF_SKID.I_S2MM_SKID_FLUSH_SOF/sig_data_reg_out_reg[5]/CE (clocked by clk_fpga_0). Large setup violations at the end of those stages might be difficult to fix during the post-placement implementation flow and could be the result of non-optimal XDC constraints or non-optimal design architecture
Related violations: <none>

TIMING-16#255 Warning
Large setup violation  
There is a large setup violation of -1.728 ns between broncho_video_i/clahe_ip_0/inst/u_clahe_ip_axi_lite_inst/u_clahe_ip_addr_decoder_inst/data_reg_axi_enable_1_1_reg_replica_16/C (clocked by clk_fpga_1) and broncho_video_i/clahe_ip_0/inst/u_clahe_ip_dut_inst/u_clahe_ip_src_CLAHE/Delay2_out1_reg[5]/CE (clocked by clk_fpga_0). Large setup violations at the end of those stages might be difficult to fix during the post-placement implementation flow and could be the result of non-optimal XDC constraints or non-optimal design architecture
Related violations: <none>

TIMING-16#256 Warning
Large setup violation  
There is a large setup violation of -1.733 ns between broncho_video_i/clahe_ip_0/inst/u_clahe_ip_axi_lite_inst/u_clahe_ip_addr_decoder_inst/data_reg_axi_enable_1_1_reg_replica_10/C (clocked by clk_fpga_1) and broncho_video_i/clahe_ip_0/inst/u_clahe_ip_dut_inst/u_clahe_ip_src_CLAHE/Delay6_out1_reg[8]/CE (clocked by clk_fpga_0). Large setup violations at the end of those stages might be difficult to fix during the post-placement implementation flow and could be the result of non-optimal XDC constraints or non-optimal design architecture
Related violations: <none>

TIMING-16#257 Warning
Large setup violation  
There is a large setup violation of -1.744 ns between broncho_video_i/clahe_ip_0/inst/u_clahe_ip_axi_lite_inst/u_clahe_ip_addr_decoder_inst/data_reg_axi4_stream_video_0_slave_image_width_1_1_reg[12]/C (clocked by clk_fpga_1) and broncho_video_i/clahe_ip_0/inst/u_clahe_ip_axi4_stream_video_0_slave_inst/u_clahe_ip_clahe_ip_axi4_stream_video_0_slave_clahe_ip_adapter_in/u_clahe_ip_clahe_ip_axi4_stream_video_0_slave_clahe_ip_adapter_in_clahe_ip_adapter_in_module/numofpixels_1_reg[12]/D (clocked by clk_fpga_0). Large setup violations at the end of those stages might be difficult to fix during the post-placement implementation flow and could be the result of non-optimal XDC constraints or non-optimal design architecture
Related violations: <none>

TIMING-16#258 Warning
Large setup violation  
There is a large setup violation of -1.745 ns between broncho_video_i/clahe_ip_0/inst/u_clahe_ip_axi_lite_inst/u_clahe_ip_addr_decoder_inst/data_reg_axi4_stream_video_0_slave_image_width_1_1_reg[11]/C (clocked by clk_fpga_1) and broncho_video_i/clahe_ip_0/inst/u_clahe_ip_axi4_stream_video_0_slave_inst/u_clahe_ip_clahe_ip_axi4_stream_video_0_slave_clahe_ip_adapter_in/u_clahe_ip_clahe_ip_axi4_stream_video_0_slave_clahe_ip_adapter_in_clahe_ip_adapter_in_module/numofpixels_1_reg[11]/D (clocked by clk_fpga_0). Large setup violations at the end of those stages might be difficult to fix during the post-placement implementation flow and could be the result of non-optimal XDC constraints or non-optimal design architecture
Related violations: <none>

TIMING-16#259 Warning
Large setup violation  
There is a large setup violation of -1.748 ns between broncho_video_i/clahe_ip_0/inst/u_clahe_ip_axi_lite_inst/u_clahe_ip_addr_decoder_inst/data_reg_axi4_stream_video_0_slave_image_width_1_1_reg[0]/C (clocked by clk_fpga_1) and broncho_video_i/clahe_ip_0/inst/u_clahe_ip_axi4_stream_video_0_slave_inst/u_clahe_ip_clahe_ip_axi4_stream_video_0_slave_clahe_ip_adapter_in/u_clahe_ip_clahe_ip_axi4_stream_video_0_slave_clahe_ip_adapter_in_clahe_ip_adapter_in_module/numofpixels_1_reg[0]/D (clocked by clk_fpga_0). Large setup violations at the end of those stages might be difficult to fix during the post-placement implementation flow and could be the result of non-optimal XDC constraints or non-optimal design architecture
Related violations: <none>

TIMING-16#260 Warning
Large setup violation  
There is a large setup violation of -1.750 ns between broncho_video_i/clahe_ip_0/inst/u_clahe_ip_axi_lite_inst/u_clahe_ip_addr_decoder_inst/data_reg_axi_enable_1_1_reg_replica_4/C (clocked by clk_fpga_1) and broncho_video_i/clahe_ip_0/inst/u_clahe_ip_dut_inst/u_clahe_ip_src_CLAHE/Delay3_out1_reg[17]/CE (clocked by clk_fpga_0). Large setup violations at the end of those stages might be difficult to fix during the post-placement implementation flow and could be the result of non-optimal XDC constraints or non-optimal design architecture
Related violations: <none>

TIMING-16#261 Warning
Large setup violation  
There is a large setup violation of -1.750 ns between broncho_video_i/clahe_ip_0/inst/u_clahe_ip_axi_lite_inst/u_clahe_ip_addr_decoder_inst/data_reg_axi_enable_1_1_reg_replica_4/C (clocked by clk_fpga_1) and broncho_video_i/clahe_ip_0/inst/u_clahe_ip_dut_inst/u_clahe_ip_src_CLAHE/Delay3_out1_reg[18]/CE (clocked by clk_fpga_0). Large setup violations at the end of those stages might be difficult to fix during the post-placement implementation flow and could be the result of non-optimal XDC constraints or non-optimal design architecture
Related violations: <none>

TIMING-16#262 Warning
Large setup violation  
There is a large setup violation of -1.758 ns between broncho_video_i/axi_vdma_0/U0/GEN_SPRT_FOR_S2MM.GEN_S2MM_DRE_OFF_SKID.I_S2MM_SKID_FLUSH_SOF/sig_user_reg_out_reg[0]/C (clocked by clk_fpga_0) and broncho_video_i/axi_vdma_0/U0/GEN_SPRT_FOR_S2MM.GEN_S2MM_DRE_OFF_SKID.I_S2MM_SKID_FLUSH_SOF/sig_data_reg_out_reg[11]/CE (clocked by clk_fpga_0). Large setup violations at the end of those stages might be difficult to fix during the post-placement implementation flow and could be the result of non-optimal XDC constraints or non-optimal design architecture
Related violations: <none>

TIMING-16#263 Warning
Large setup violation  
There is a large setup violation of -1.758 ns between broncho_video_i/axi_vdma_0/U0/GEN_SPRT_FOR_S2MM.GEN_S2MM_DRE_OFF_SKID.I_S2MM_SKID_FLUSH_SOF/sig_user_reg_out_reg[0]/C (clocked by clk_fpga_0) and broncho_video_i/axi_vdma_0/U0/GEN_SPRT_FOR_S2MM.GEN_S2MM_DRE_OFF_SKID.I_S2MM_SKID_FLUSH_SOF/sig_data_reg_out_reg[15]/CE (clocked by clk_fpga_0). Large setup violations at the end of those stages might be difficult to fix during the post-placement implementation flow and could be the result of non-optimal XDC constraints or non-optimal design architecture
Related violations: <none>

TIMING-16#264 Warning
Large setup violation  
There is a large setup violation of -1.758 ns between broncho_video_i/axi_vdma_0/U0/GEN_SPRT_FOR_S2MM.GEN_S2MM_DRE_OFF_SKID.I_S2MM_SKID_FLUSH_SOF/sig_user_reg_out_reg[0]/C (clocked by clk_fpga_0) and broncho_video_i/axi_vdma_0/U0/GEN_SPRT_FOR_S2MM.GEN_S2MM_DRE_OFF_SKID.I_S2MM_SKID_FLUSH_SOF/sig_data_reg_out_reg[8]/CE (clocked by clk_fpga_0). Large setup violations at the end of those stages might be difficult to fix during the post-placement implementation flow and could be the result of non-optimal XDC constraints or non-optimal design architecture
Related violations: <none>

TIMING-16#265 Warning
Large setup violation  
There is a large setup violation of -1.758 ns between broncho_video_i/axi_vdma_0/U0/GEN_SPRT_FOR_S2MM.GEN_S2MM_DRE_OFF_SKID.I_S2MM_SKID_FLUSH_SOF/sig_user_reg_out_reg[0]/C (clocked by clk_fpga_0) and broncho_video_i/axi_vdma_0/U0/GEN_SPRT_FOR_S2MM.GEN_S2MM_DRE_OFF_SKID.I_S2MM_SKID_FLUSH_SOF/sig_data_reg_out_reg[9]/CE (clocked by clk_fpga_0). Large setup violations at the end of those stages might be difficult to fix during the post-placement implementation flow and could be the result of non-optimal XDC constraints or non-optimal design architecture
Related violations: <none>

TIMING-16#266 Warning
Large setup violation  
There is a large setup violation of -1.759 ns between broncho_video_i/clahe_ip_0/inst/u_clahe_ip_axi_lite_inst/u_clahe_ip_addr_decoder_inst/data_reg_axi_enable_1_1_reg_replica_4/C (clocked by clk_fpga_1) and broncho_video_i/clahe_ip_0/inst/u_clahe_ip_dut_inst/u_clahe_ip_src_CLAHE/Delay2_out1_reg[6]/CE (clocked by clk_fpga_0). Large setup violations at the end of those stages might be difficult to fix during the post-placement implementation flow and could be the result of non-optimal XDC constraints or non-optimal design architecture
Related violations: <none>

TIMING-16#267 Warning
Large setup violation  
There is a large setup violation of -1.761 ns between broncho_video_i/clahe_ip_0/inst/u_clahe_ip_axi_lite_inst/u_clahe_ip_addr_decoder_inst/data_reg_axi4_stream_video_0_slave_image_width_1_1_reg[1]/C (clocked by clk_fpga_1) and broncho_video_i/clahe_ip_0/inst/u_clahe_ip_axi4_stream_video_0_slave_inst/u_clahe_ip_clahe_ip_axi4_stream_video_0_slave_clahe_ip_adapter_in/u_clahe_ip_clahe_ip_axi4_stream_video_0_slave_clahe_ip_adapter_in_clahe_ip_adapter_in_module/numofpixels_1_reg[1]/D (clocked by clk_fpga_0). Large setup violations at the end of those stages might be difficult to fix during the post-placement implementation flow and could be the result of non-optimal XDC constraints or non-optimal design architecture
Related violations: <none>

TIMING-16#268 Warning
Large setup violation  
There is a large setup violation of -1.770 ns between broncho_video_i/clahe_ip_0/inst/u_clahe_ip_axi_lite_inst/u_clahe_ip_addr_decoder_inst/data_reg_axi_enable_1_1_reg_replica_4/C (clocked by clk_fpga_1) and broncho_video_i/clahe_ip_0/inst/u_clahe_ip_dut_inst/u_clahe_ip_src_CLAHE/rd_aready_1_reg/CE (clocked by clk_fpga_0). Large setup violations at the end of those stages might be difficult to fix during the post-placement implementation flow and could be the result of non-optimal XDC constraints or non-optimal design architecture
Related violations: <none>

TIMING-16#269 Warning
Large setup violation  
There is a large setup violation of -1.771 ns between broncho_video_i/clahe_ip_0/inst/u_clahe_ip_axi_lite_inst/u_clahe_ip_addr_decoder_inst/data_reg_axi_enable_1_1_reg_replica_16/C (clocked by clk_fpga_1) and broncho_video_i/clahe_ip_0/inst/u_clahe_ip_dut_inst/u_clahe_ip_src_CLAHE/Delay6_out1_reg[15]/CE (clocked by clk_fpga_0). Large setup violations at the end of those stages might be difficult to fix during the post-placement implementation flow and could be the result of non-optimal XDC constraints or non-optimal design architecture
Related violations: <none>

TIMING-16#270 Warning
Large setup violation  
There is a large setup violation of -1.783 ns between broncho_video_i/clahe_ip_0/inst/u_clahe_ip_axi_lite_inst/u_clahe_ip_addr_decoder_inst/data_reg_axi_enable_1_1_reg_replica_16/C (clocked by clk_fpga_1) and broncho_video_i/clahe_ip_0/inst/u_clahe_ip_dut_inst/u_clahe_ip_src_CLAHE/Delay4_out1_reg[2]/CE (clocked by clk_fpga_0). Large setup violations at the end of those stages might be difficult to fix during the post-placement implementation flow and could be the result of non-optimal XDC constraints or non-optimal design architecture
Related violations: <none>

TIMING-16#271 Warning
Large setup violation  
There is a large setup violation of -1.783 ns between broncho_video_i/clahe_ip_0/inst/u_clahe_ip_axi_lite_inst/u_clahe_ip_addr_decoder_inst/data_reg_axi_enable_1_1_reg_replica_16/C (clocked by clk_fpga_1) and broncho_video_i/clahe_ip_0/inst/u_clahe_ip_dut_inst/u_clahe_ip_src_CLAHE/Delay4_out1_reg[7]/CE (clocked by clk_fpga_0). Large setup violations at the end of those stages might be difficult to fix during the post-placement implementation flow and could be the result of non-optimal XDC constraints or non-optimal design architecture
Related violations: <none>

TIMING-16#272 Warning
Large setup violation  
There is a large setup violation of -1.786 ns between broncho_video_i/clahe_ip_0/inst/u_clahe_ip_axi_lite_inst/u_clahe_ip_addr_decoder_inst/data_reg_axi4_stream_video_0_slave_image_width_1_1_reg[6]/C (clocked by clk_fpga_1) and broncho_video_i/clahe_ip_0/inst/u_clahe_ip_axi4_stream_video_0_slave_inst/u_clahe_ip_clahe_ip_axi4_stream_video_0_slave_clahe_ip_adapter_in/u_clahe_ip_clahe_ip_axi4_stream_video_0_slave_clahe_ip_adapter_in_clahe_ip_adapter_in_module/numofpixels_1_reg[6]/D (clocked by clk_fpga_0). Large setup violations at the end of those stages might be difficult to fix during the post-placement implementation flow and could be the result of non-optimal XDC constraints or non-optimal design architecture
Related violations: <none>

TIMING-16#273 Warning
Large setup violation  
There is a large setup violation of -1.786 ns between broncho_video_i/clahe_ip_0/inst/u_clahe_ip_axi_lite_inst/u_clahe_ip_addr_decoder_inst/data_reg_axi_enable_1_1_reg_replica_4/C (clocked by clk_fpga_1) and broncho_video_i/clahe_ip_0/inst/u_clahe_ip_dut_inst/u_clahe_ip_src_CLAHE/Delay3_out1_reg[11]/CE (clocked by clk_fpga_0). Large setup violations at the end of those stages might be difficult to fix during the post-placement implementation flow and could be the result of non-optimal XDC constraints or non-optimal design architecture
Related violations: <none>

TIMING-16#274 Warning
Large setup violation  
There is a large setup violation of -1.786 ns between broncho_video_i/clahe_ip_0/inst/u_clahe_ip_axi_lite_inst/u_clahe_ip_addr_decoder_inst/data_reg_axi_enable_1_1_reg_replica_4/C (clocked by clk_fpga_1) and broncho_video_i/clahe_ip_0/inst/u_clahe_ip_dut_inst/u_clahe_ip_src_CLAHE/Delay3_out1_reg[12]/CE (clocked by clk_fpga_0). Large setup violations at the end of those stages might be difficult to fix during the post-placement implementation flow and could be the result of non-optimal XDC constraints or non-optimal design architecture
Related violations: <none>

TIMING-16#275 Warning
Large setup violation  
There is a large setup violation of -1.786 ns between broncho_video_i/clahe_ip_0/inst/u_clahe_ip_axi_lite_inst/u_clahe_ip_addr_decoder_inst/data_reg_axi_enable_1_1_reg_replica_4/C (clocked by clk_fpga_1) and broncho_video_i/clahe_ip_0/inst/u_clahe_ip_dut_inst/u_clahe_ip_src_CLAHE/Delay3_out1_reg[13]/CE (clocked by clk_fpga_0). Large setup violations at the end of those stages might be difficult to fix during the post-placement implementation flow and could be the result of non-optimal XDC constraints or non-optimal design architecture
Related violations: <none>

TIMING-16#276 Warning
Large setup violation  
There is a large setup violation of -1.786 ns between broncho_video_i/clahe_ip_0/inst/u_clahe_ip_axi_lite_inst/u_clahe_ip_addr_decoder_inst/data_reg_axi_enable_1_1_reg_replica_4/C (clocked by clk_fpga_1) and broncho_video_i/clahe_ip_0/inst/u_clahe_ip_dut_inst/u_clahe_ip_src_CLAHE/Delay3_out1_reg[14]/CE (clocked by clk_fpga_0). Large setup violations at the end of those stages might be difficult to fix during the post-placement implementation flow and could be the result of non-optimal XDC constraints or non-optimal design architecture
Related violations: <none>

TIMING-16#277 Warning
Large setup violation  
There is a large setup violation of -1.786 ns between broncho_video_i/clahe_ip_0/inst/u_clahe_ip_axi_lite_inst/u_clahe_ip_addr_decoder_inst/data_reg_axi_enable_1_1_reg_replica_4/C (clocked by clk_fpga_1) and broncho_video_i/clahe_ip_0/inst/u_clahe_ip_dut_inst/u_clahe_ip_src_CLAHE/Delay3_out1_reg[31]/CE (clocked by clk_fpga_0). Large setup violations at the end of those stages might be difficult to fix during the post-placement implementation flow and could be the result of non-optimal XDC constraints or non-optimal design architecture
Related violations: <none>

TIMING-16#278 Warning
Large setup violation  
There is a large setup violation of -1.786 ns between broncho_video_i/clahe_ip_0/inst/u_clahe_ip_axi_lite_inst/u_clahe_ip_addr_decoder_inst/data_reg_axi_enable_1_1_reg_replica_4/C (clocked by clk_fpga_1) and broncho_video_i/clahe_ip_0/inst/u_clahe_ip_dut_inst/u_clahe_ip_src_CLAHE/Delay3_out1_reg[8]/CE (clocked by clk_fpga_0). Large setup violations at the end of those stages might be difficult to fix during the post-placement implementation flow and could be the result of non-optimal XDC constraints or non-optimal design architecture
Related violations: <none>

TIMING-16#279 Warning
Large setup violation  
There is a large setup violation of -1.793 ns between broncho_video_i/clahe_ip_0/inst/u_clahe_ip_axi_lite_inst/u_clahe_ip_addr_decoder_inst/data_reg_axi4_stream_video_0_slave_image_width_1_1_reg[2]/C (clocked by clk_fpga_1) and broncho_video_i/clahe_ip_0/inst/u_clahe_ip_axi4_stream_video_0_slave_inst/u_clahe_ip_clahe_ip_axi4_stream_video_0_slave_clahe_ip_adapter_in/u_clahe_ip_clahe_ip_axi4_stream_video_0_slave_clahe_ip_adapter_in_clahe_ip_adapter_in_module/numofpixels_1_reg[2]/D (clocked by clk_fpga_0). Large setup violations at the end of those stages might be difficult to fix during the post-placement implementation flow and could be the result of non-optimal XDC constraints or non-optimal design architecture
Related violations: <none>

TIMING-16#280 Warning
Large setup violation  
There is a large setup violation of -1.795 ns between broncho_video_i/clahe_ip_0/inst/u_clahe_ip_axi_lite_inst/u_clahe_ip_addr_decoder_inst/data_reg_axi_enable_1_1_reg_replica_4/C (clocked by clk_fpga_1) and broncho_video_i/clahe_ip_0/inst/u_clahe_ip_dut_inst/u_clahe_ip_src_CLAHE/Delay3_out1_reg[29]/CE (clocked by clk_fpga_0). Large setup violations at the end of those stages might be difficult to fix during the post-placement implementation flow and could be the result of non-optimal XDC constraints or non-optimal design architecture
Related violations: <none>

TIMING-16#281 Warning
Large setup violation  
There is a large setup violation of -1.795 ns between broncho_video_i/clahe_ip_0/inst/u_clahe_ip_axi_lite_inst/u_clahe_ip_addr_decoder_inst/data_reg_axi_enable_1_1_reg_replica_4/C (clocked by clk_fpga_1) and broncho_video_i/clahe_ip_0/inst/u_clahe_ip_dut_inst/u_clahe_ip_src_CLAHE/Delay3_out1_reg[30]/CE (clocked by clk_fpga_0). Large setup violations at the end of those stages might be difficult to fix during the post-placement implementation flow and could be the result of non-optimal XDC constraints or non-optimal design architecture
Related violations: <none>

TIMING-16#282 Warning
Large setup violation  
There is a large setup violation of -1.801 ns between broncho_video_i/clahe_ip_0/inst/u_clahe_ip_axi_lite_inst/u_clahe_ip_addr_decoder_inst/data_reg_axi4_stream_video_0_slave_image_height_1_1_reg[3]/C (clocked by clk_fpga_1) and broncho_video_i/clahe_ip_0/inst/u_clahe_ip_axi4_stream_video_0_slave_inst/u_clahe_ip_clahe_ip_axi4_stream_video_0_slave_clahe_ip_adapter_in/u_clahe_ip_clahe_ip_axi4_stream_video_0_slave_clahe_ip_adapter_in_clahe_ip_adapter_in_module/numoflines_1_reg[3]/D (clocked by clk_fpga_0). Large setup violations at the end of those stages might be difficult to fix during the post-placement implementation flow and could be the result of non-optimal XDC constraints or non-optimal design architecture
Related violations: <none>

TIMING-16#283 Warning
Large setup violation  
There is a large setup violation of -1.804 ns between broncho_video_i/clahe_ip_0/inst/u_clahe_ip_axi_lite_inst/u_clahe_ip_addr_decoder_inst/data_reg_axi4_stream_video_0_slave_image_width_1_1_reg[5]/C (clocked by clk_fpga_1) and broncho_video_i/clahe_ip_0/inst/u_clahe_ip_axi4_stream_video_0_slave_inst/u_clahe_ip_clahe_ip_axi4_stream_video_0_slave_clahe_ip_adapter_in/u_clahe_ip_clahe_ip_axi4_stream_video_0_slave_clahe_ip_adapter_in_clahe_ip_adapter_in_module/numofpixels_1_reg[5]/D (clocked by clk_fpga_0). Large setup violations at the end of those stages might be difficult to fix during the post-placement implementation flow and could be the result of non-optimal XDC constraints or non-optimal design architecture
Related violations: <none>

TIMING-16#284 Warning
Large setup violation  
There is a large setup violation of -1.810 ns between broncho_video_i/axi_vdma_0/U0/GEN_SPRT_FOR_S2MM.GEN_S2MM_DRE_OFF_SKID.I_S2MM_SKID_FLUSH_SOF/sig_user_reg_out_reg[0]/C (clocked by clk_fpga_0) and broncho_video_i/axi_vdma_0/U0/GEN_SPRT_FOR_S2MM.GEN_S2MM_DRE_OFF_SKID.I_S2MM_SKID_FLUSH_SOF/sig_data_reg_out_reg[2]/CE (clocked by clk_fpga_0). Large setup violations at the end of those stages might be difficult to fix during the post-placement implementation flow and could be the result of non-optimal XDC constraints or non-optimal design architecture
Related violations: <none>

TIMING-16#285 Warning
Large setup violation  
There is a large setup violation of -1.810 ns between broncho_video_i/axi_vdma_0/U0/GEN_SPRT_FOR_S2MM.GEN_S2MM_DRE_OFF_SKID.I_S2MM_SKID_FLUSH_SOF/sig_user_reg_out_reg[0]/C (clocked by clk_fpga_0) and broncho_video_i/axi_vdma_0/U0/GEN_SPRT_FOR_S2MM.GEN_S2MM_DRE_OFF_SKID.I_S2MM_SKID_FLUSH_SOF/sig_data_reg_out_reg[4]/CE (clocked by clk_fpga_0). Large setup violations at the end of those stages might be difficult to fix during the post-placement implementation flow and could be the result of non-optimal XDC constraints or non-optimal design architecture
Related violations: <none>

TIMING-16#286 Warning
Large setup violation  
There is a large setup violation of -1.812 ns between broncho_video_i/clahe_ip_0/inst/u_clahe_ip_reset_sync_inst/reset_out_1_reg_replica_1/C (clocked by clk_fpga_0) and broncho_video_i/clahe_ip_0/inst/u_clahe_ip_axi_lite_inst/u_clahe_ip_addr_decoder_inst/data_reg_axi4_stream_video_0_slave_image_height_1_1_reg[5]/S (clocked by clk_fpga_1). Large setup violations at the end of those stages might be difficult to fix during the post-placement implementation flow and could be the result of non-optimal XDC constraints or non-optimal design architecture
Related violations: <none>

TIMING-16#287 Warning
Large setup violation  
There is a large setup violation of -1.812 ns between broncho_video_i/clahe_ip_0/inst/u_clahe_ip_reset_sync_inst/reset_out_1_reg_replica_1/C (clocked by clk_fpga_0) and broncho_video_i/clahe_ip_0/inst/u_clahe_ip_axi_lite_inst/u_clahe_ip_addr_decoder_inst/data_reg_axi4_stream_video_0_slave_image_height_1_1_reg[6]/R (clocked by clk_fpga_1). Large setup violations at the end of those stages might be difficult to fix during the post-placement implementation flow and could be the result of non-optimal XDC constraints or non-optimal design architecture
Related violations: <none>

TIMING-16#288 Warning
Large setup violation  
There is a large setup violation of -1.812 ns between broncho_video_i/clahe_ip_0/inst/u_clahe_ip_reset_sync_inst/reset_out_1_reg_replica_1/C (clocked by clk_fpga_0) and broncho_video_i/clahe_ip_0/inst/u_clahe_ip_axi_lite_inst/u_clahe_ip_addr_decoder_inst/data_reg_axi4_stream_video_0_slave_image_height_1_1_reg[7]/R (clocked by clk_fpga_1). Large setup violations at the end of those stages might be difficult to fix during the post-placement implementation flow and could be the result of non-optimal XDC constraints or non-optimal design architecture
Related violations: <none>

TIMING-16#289 Warning
Large setup violation  
There is a large setup violation of -1.813 ns between broncho_video_i/clahe_ip_0/inst/u_clahe_ip_axi_lite_inst/u_clahe_ip_addr_decoder_inst/data_reg_axi4_stream_video_0_slave_image_width_1_1_reg[7]/C (clocked by clk_fpga_1) and broncho_video_i/clahe_ip_0/inst/u_clahe_ip_axi4_stream_video_0_slave_inst/u_clahe_ip_clahe_ip_axi4_stream_video_0_slave_clahe_ip_adapter_in/u_clahe_ip_clahe_ip_axi4_stream_video_0_slave_clahe_ip_adapter_in_clahe_ip_adapter_in_module/numofpixels_1_reg[7]/D (clocked by clk_fpga_0). Large setup violations at the end of those stages might be difficult to fix during the post-placement implementation flow and could be the result of non-optimal XDC constraints or non-optimal design architecture
Related violations: <none>

TIMING-16#290 Warning
Large setup violation  
There is a large setup violation of -1.816 ns between broncho_video_i/clahe_ip_0/inst/u_clahe_ip_axi_lite_inst/u_clahe_ip_addr_decoder_inst/data_reg_axi4_stream_video_0_slave_image_width_1_1_reg[8]/C (clocked by clk_fpga_1) and broncho_video_i/clahe_ip_0/inst/u_clahe_ip_axi4_stream_video_0_slave_inst/u_clahe_ip_clahe_ip_axi4_stream_video_0_slave_clahe_ip_adapter_in/u_clahe_ip_clahe_ip_axi4_stream_video_0_slave_clahe_ip_adapter_in_clahe_ip_adapter_in_module/numofpixels_1_reg[8]/D (clocked by clk_fpga_0). Large setup violations at the end of those stages might be difficult to fix during the post-placement implementation flow and could be the result of non-optimal XDC constraints or non-optimal design architecture
Related violations: <none>

TIMING-16#291 Warning
Large setup violation  
There is a large setup violation of -1.816 ns between broncho_video_i/clahe_ip_0/inst/u_clahe_ip_reset_sync_inst/reset_out_1_reg_replica_1/C (clocked by clk_fpga_0) and broncho_video_i/clahe_ip_0/inst/u_clahe_ip_axi_lite_inst/u_clahe_ip_addr_decoder_inst/data_reg_axi4_stream_video_0_slave_vporch_1_1_reg[10]/R (clocked by clk_fpga_1). Large setup violations at the end of those stages might be difficult to fix during the post-placement implementation flow and could be the result of non-optimal XDC constraints or non-optimal design architecture
Related violations: <none>

TIMING-16#292 Warning
Large setup violation  
There is a large setup violation of -1.816 ns between broncho_video_i/clahe_ip_0/inst/u_clahe_ip_reset_sync_inst/reset_out_1_reg_replica_1/C (clocked by clk_fpga_0) and broncho_video_i/clahe_ip_0/inst/u_clahe_ip_axi_lite_inst/u_clahe_ip_addr_decoder_inst/data_reg_axi4_stream_video_0_slave_vporch_1_1_reg[4]/R (clocked by clk_fpga_1). Large setup violations at the end of those stages might be difficult to fix during the post-placement implementation flow and could be the result of non-optimal XDC constraints or non-optimal design architecture
Related violations: <none>

TIMING-16#293 Warning
Large setup violation  
There is a large setup violation of -1.816 ns between broncho_video_i/clahe_ip_0/inst/u_clahe_ip_reset_sync_inst/reset_out_1_reg_replica_1/C (clocked by clk_fpga_0) and broncho_video_i/clahe_ip_0/inst/u_clahe_ip_axi_lite_inst/u_clahe_ip_addr_decoder_inst/data_reg_axi4_stream_video_0_slave_vporch_1_1_reg[6]/R (clocked by clk_fpga_1). Large setup violations at the end of those stages might be difficult to fix during the post-placement implementation flow and could be the result of non-optimal XDC constraints or non-optimal design architecture
Related violations: <none>

TIMING-16#294 Warning
Large setup violation  
There is a large setup violation of -1.816 ns between broncho_video_i/clahe_ip_0/inst/u_clahe_ip_reset_sync_inst/reset_out_1_reg_replica_1/C (clocked by clk_fpga_0) and broncho_video_i/clahe_ip_0/inst/u_clahe_ip_axi_lite_inst/u_clahe_ip_addr_decoder_inst/data_reg_axi4_stream_video_0_slave_vporch_1_1_reg[7]/R (clocked by clk_fpga_1). Large setup violations at the end of those stages might be difficult to fix during the post-placement implementation flow and could be the result of non-optimal XDC constraints or non-optimal design architecture
Related violations: <none>

TIMING-16#295 Warning
Large setup violation  
There is a large setup violation of -1.821 ns between broncho_video_i/clahe_ip_0/inst/u_clahe_ip_axi_lite_inst/u_clahe_ip_addr_decoder_inst/data_reg_axi_enable_1_1_reg_replica_16/C (clocked by clk_fpga_1) and broncho_video_i/clahe_ip_0/inst/u_clahe_ip_dut_inst/u_clahe_ip_src_CLAHE/Delay6_out1_reg[10]/CE (clocked by clk_fpga_0). Large setup violations at the end of those stages might be difficult to fix during the post-placement implementation flow and could be the result of non-optimal XDC constraints or non-optimal design architecture
Related violations: <none>

TIMING-16#296 Warning
Large setup violation  
There is a large setup violation of -1.821 ns between broncho_video_i/clahe_ip_0/inst/u_clahe_ip_axi_lite_inst/u_clahe_ip_addr_decoder_inst/data_reg_axi_enable_1_1_reg_replica_16/C (clocked by clk_fpga_1) and broncho_video_i/clahe_ip_0/inst/u_clahe_ip_dut_inst/u_clahe_ip_src_CLAHE/Delay6_out1_reg[12]/CE (clocked by clk_fpga_0). Large setup violations at the end of those stages might be difficult to fix during the post-placement implementation flow and could be the result of non-optimal XDC constraints or non-optimal design architecture
Related violations: <none>

TIMING-16#297 Warning
Large setup violation  
There is a large setup violation of -1.821 ns between broncho_video_i/clahe_ip_0/inst/u_clahe_ip_axi_lite_inst/u_clahe_ip_addr_decoder_inst/data_reg_axi_enable_1_1_reg_replica_16/C (clocked by clk_fpga_1) and broncho_video_i/clahe_ip_0/inst/u_clahe_ip_dut_inst/u_clahe_ip_src_CLAHE/Delay6_out1_reg[16]/CE (clocked by clk_fpga_0). Large setup violations at the end of those stages might be difficult to fix during the post-placement implementation flow and could be the result of non-optimal XDC constraints or non-optimal design architecture
Related violations: <none>

TIMING-16#298 Warning
Large setup violation  
There is a large setup violation of -1.821 ns between broncho_video_i/clahe_ip_0/inst/u_clahe_ip_axi_lite_inst/u_clahe_ip_addr_decoder_inst/data_reg_axi_enable_1_1_reg_replica_16/C (clocked by clk_fpga_1) and broncho_video_i/clahe_ip_0/inst/u_clahe_ip_dut_inst/u_clahe_ip_src_CLAHE/Delay6_out1_reg[18]/CE (clocked by clk_fpga_0). Large setup violations at the end of those stages might be difficult to fix during the post-placement implementation flow and could be the result of non-optimal XDC constraints or non-optimal design architecture
Related violations: <none>

TIMING-16#299 Warning
Large setup violation  
There is a large setup violation of -1.840 ns between broncho_video_i/clahe_ip_0/inst/u_clahe_ip_axi_lite_inst/u_clahe_ip_addr_decoder_inst/data_reg_axi_enable_1_1_reg_replica_10/C (clocked by clk_fpga_1) and broncho_video_i/clahe_ip_0/inst/u_clahe_ip_dut_inst/u_clahe_ip_src_CLAHE/Delay6_out1_reg[5]/CE (clocked by clk_fpga_0). Large setup violations at the end of those stages might be difficult to fix during the post-placement implementation flow and could be the result of non-optimal XDC constraints or non-optimal design architecture
Related violations: <none>

TIMING-16#300 Warning
Large setup violation  
There is a large setup violation of -1.848 ns between broncho_video_i/axi_vdma_0/U0/I_PRMRY_DATAMOVER/GEN_S2MM_FULL.I_S2MM_FULL_WRAPPER/GEN_ENABLE_INDET_BTT_SF.I_INDET_BTT/I_DATA_FIFO/BLK_MEM.I_SYNC_FIFOGEN_FIFO/xpm_fifo_instance.xpm_fifo_sync_inst/xpm_fifo_base_inst/gen_pntr_flags_cc.gen_full_rst_val.ram_full_i_reg/C (clocked by clk_fpga_0) and broncho_video_i/axi_vdma_0/U0/I_PRMRY_DATAMOVER/GEN_S2MM_FULL.I_S2MM_FULL_WRAPPER/GEN_ENABLE_INDET_BTT_SF.I_INDET_BTT/INCLUDE_PACKING.DO_REG_SLICES[2].lsig_data_slice_reg_reg[2][0]/D (clocked by clk_fpga_0). Large setup violations at the end of those stages might be difficult to fix during the post-placement implementation flow and could be the result of non-optimal XDC constraints or non-optimal design architecture
Related violations: <none>

TIMING-16#301 Warning
Large setup violation  
There is a large setup violation of -1.856 ns between broncho_video_i/clahe_ip_0/inst/u_clahe_ip_reset_sync_inst/reset_out_1_reg_replica/C (clocked by clk_fpga_0) and broncho_video_i/clahe_ip_0/inst/u_clahe_ip_axi_lite_inst/u_clahe_ip_addr_decoder_inst/data_reg_AXI4_Master_0_Rd_base_address_1_1_reg[0]/R (clocked by clk_fpga_1). Large setup violations at the end of those stages might be difficult to fix during the post-placement implementation flow and could be the result of non-optimal XDC constraints or non-optimal design architecture
Related violations: <none>

TIMING-16#302 Warning
Large setup violation  
There is a large setup violation of -1.856 ns between broncho_video_i/clahe_ip_0/inst/u_clahe_ip_reset_sync_inst/reset_out_1_reg_replica/C (clocked by clk_fpga_0) and broncho_video_i/clahe_ip_0/inst/u_clahe_ip_axi_lite_inst/u_clahe_ip_addr_decoder_inst/data_reg_AXI4_Master_0_Rd_base_address_1_1_reg[1]/R (clocked by clk_fpga_1). Large setup violations at the end of those stages might be difficult to fix during the post-placement implementation flow and could be the result of non-optimal XDC constraints or non-optimal design architecture
Related violations: <none>

TIMING-16#303 Warning
Large setup violation  
There is a large setup violation of -1.856 ns between broncho_video_i/clahe_ip_0/inst/u_clahe_ip_reset_sync_inst/reset_out_1_reg_replica/C (clocked by clk_fpga_0) and broncho_video_i/clahe_ip_0/inst/u_clahe_ip_axi_lite_inst/u_clahe_ip_addr_decoder_inst/data_reg_AXI4_Master_0_Rd_base_address_1_1_reg[2]/R (clocked by clk_fpga_1). Large setup violations at the end of those stages might be difficult to fix during the post-placement implementation flow and could be the result of non-optimal XDC constraints or non-optimal design architecture
Related violations: <none>

TIMING-16#304 Warning
Large setup violation  
There is a large setup violation of -1.856 ns between broncho_video_i/clahe_ip_0/inst/u_clahe_ip_reset_sync_inst/reset_out_1_reg_replica/C (clocked by clk_fpga_0) and broncho_video_i/clahe_ip_0/inst/u_clahe_ip_axi_lite_inst/u_clahe_ip_addr_decoder_inst/data_reg_AXI4_Master_0_Rd_base_address_1_1_reg[3]/R (clocked by clk_fpga_1). Large setup violations at the end of those stages might be difficult to fix during the post-placement implementation flow and could be the result of non-optimal XDC constraints or non-optimal design architecture
Related violations: <none>

TIMING-16#305 Warning
Large setup violation  
There is a large setup violation of -1.861 ns between broncho_video_i/clahe_ip_0/inst/u_clahe_ip_reset_sync_inst/reset_out_1_reg_replica/C (clocked by clk_fpga_0) and broncho_video_i/clahe_ip_0/inst/u_clahe_ip_axi_lite_inst/u_clahe_ip_addr_decoder_inst/data_reg_AXI4_Master_0_Rd_base_address_1_1_reg[4]/R (clocked by clk_fpga_1). Large setup violations at the end of those stages might be difficult to fix during the post-placement implementation flow and could be the result of non-optimal XDC constraints or non-optimal design architecture
Related violations: <none>

TIMING-16#306 Warning
Large setup violation  
There is a large setup violation of -1.861 ns between broncho_video_i/clahe_ip_0/inst/u_clahe_ip_reset_sync_inst/reset_out_1_reg_replica/C (clocked by clk_fpga_0) and broncho_video_i/clahe_ip_0/inst/u_clahe_ip_axi_lite_inst/u_clahe_ip_addr_decoder_inst/data_reg_AXI4_Master_0_Rd_base_address_1_1_reg[5]/R (clocked by clk_fpga_1). Large setup violations at the end of those stages might be difficult to fix during the post-placement implementation flow and could be the result of non-optimal XDC constraints or non-optimal design architecture
Related violations: <none>

TIMING-16#307 Warning
Large setup violation  
There is a large setup violation of -1.861 ns between broncho_video_i/clahe_ip_0/inst/u_clahe_ip_reset_sync_inst/reset_out_1_reg_replica/C (clocked by clk_fpga_0) and broncho_video_i/clahe_ip_0/inst/u_clahe_ip_axi_lite_inst/u_clahe_ip_addr_decoder_inst/data_reg_AXI4_Master_0_Rd_base_address_1_1_reg[6]/R (clocked by clk_fpga_1). Large setup violations at the end of those stages might be difficult to fix during the post-placement implementation flow and could be the result of non-optimal XDC constraints or non-optimal design architecture
Related violations: <none>

TIMING-16#308 Warning
Large setup violation  
There is a large setup violation of -1.861 ns between broncho_video_i/clahe_ip_0/inst/u_clahe_ip_reset_sync_inst/reset_out_1_reg_replica/C (clocked by clk_fpga_0) and broncho_video_i/clahe_ip_0/inst/u_clahe_ip_axi_lite_inst/u_clahe_ip_addr_decoder_inst/data_reg_AXI4_Master_0_Rd_base_address_1_1_reg[7]/R (clocked by clk_fpga_1). Large setup violations at the end of those stages might be difficult to fix during the post-placement implementation flow and could be the result of non-optimal XDC constraints or non-optimal design architecture
Related violations: <none>

TIMING-16#309 Warning
Large setup violation  
There is a large setup violation of -1.862 ns between broncho_video_i/clahe_ip_0/inst/u_clahe_ip_reset_sync_inst/reset_out_1_reg_replica_3/C (clocked by clk_fpga_0) and broncho_video_i/clahe_ip_0/inst/u_clahe_ip_axi_lite_inst/u_clahe_ip_addr_decoder_inst/data_reg_axi4_stream_video_0_slave_hporch_1_1_reg[10]/R (clocked by clk_fpga_1). Large setup violations at the end of those stages might be difficult to fix during the post-placement implementation flow and could be the result of non-optimal XDC constraints or non-optimal design architecture
Related violations: <none>

TIMING-16#310 Warning
Large setup violation  
There is a large setup violation of -1.862 ns between broncho_video_i/clahe_ip_0/inst/u_clahe_ip_reset_sync_inst/reset_out_1_reg_replica_3/C (clocked by clk_fpga_0) and broncho_video_i/clahe_ip_0/inst/u_clahe_ip_axi_lite_inst/u_clahe_ip_addr_decoder_inst/data_reg_axi4_stream_video_0_slave_hporch_1_1_reg[11]/R (clocked by clk_fpga_1). Large setup violations at the end of those stages might be difficult to fix during the post-placement implementation flow and could be the result of non-optimal XDC constraints or non-optimal design architecture
Related violations: <none>

TIMING-16#311 Warning
Large setup violation  
There is a large setup violation of -1.862 ns between broncho_video_i/clahe_ip_0/inst/u_clahe_ip_reset_sync_inst/reset_out_1_reg_replica_3/C (clocked by clk_fpga_0) and broncho_video_i/clahe_ip_0/inst/u_clahe_ip_axi_lite_inst/u_clahe_ip_addr_decoder_inst/data_reg_axi4_stream_video_0_slave_hporch_1_1_reg[12]/R (clocked by clk_fpga_1). Large setup violations at the end of those stages might be difficult to fix during the post-placement implementation flow and could be the result of non-optimal XDC constraints or non-optimal design architecture
Related violations: <none>

TIMING-16#312 Warning
Large setup violation  
There is a large setup violation of -1.862 ns between broncho_video_i/clahe_ip_0/inst/u_clahe_ip_reset_sync_inst/reset_out_1_reg_replica_3/C (clocked by clk_fpga_0) and broncho_video_i/clahe_ip_0/inst/u_clahe_ip_axi_lite_inst/u_clahe_ip_addr_decoder_inst/data_reg_axi4_stream_video_0_slave_hporch_1_1_reg[8]/S (clocked by clk_fpga_1). Large setup violations at the end of those stages might be difficult to fix during the post-placement implementation flow and could be the result of non-optimal XDC constraints or non-optimal design architecture
Related violations: <none>

TIMING-16#313 Warning
Large setup violation  
There is a large setup violation of -1.865 ns between broncho_video_i/clahe_ip_0/inst/u_clahe_ip_reset_sync_inst/reset_out_1_reg_replica/C (clocked by clk_fpga_0) and broncho_video_i/clahe_ip_0/inst/u_clahe_ip_axi_lite_inst/u_clahe_ip_addr_decoder_inst/data_reg_AXI4_Master_0_Rd_base_address_1_1_reg[16]/R (clocked by clk_fpga_1). Large setup violations at the end of those stages might be difficult to fix during the post-placement implementation flow and could be the result of non-optimal XDC constraints or non-optimal design architecture
Related violations: <none>

TIMING-16#314 Warning
Large setup violation  
There is a large setup violation of -1.865 ns between broncho_video_i/clahe_ip_0/inst/u_clahe_ip_reset_sync_inst/reset_out_1_reg_replica/C (clocked by clk_fpga_0) and broncho_video_i/clahe_ip_0/inst/u_clahe_ip_axi_lite_inst/u_clahe_ip_addr_decoder_inst/data_reg_AXI4_Master_0_Rd_base_address_1_1_reg[17]/R (clocked by clk_fpga_1). Large setup violations at the end of those stages might be difficult to fix during the post-placement implementation flow and could be the result of non-optimal XDC constraints or non-optimal design architecture
Related violations: <none>

TIMING-16#315 Warning
Large setup violation  
There is a large setup violation of -1.865 ns between broncho_video_i/clahe_ip_0/inst/u_clahe_ip_reset_sync_inst/reset_out_1_reg_replica/C (clocked by clk_fpga_0) and broncho_video_i/clahe_ip_0/inst/u_clahe_ip_axi_lite_inst/u_clahe_ip_addr_decoder_inst/data_reg_AXI4_Master_0_Rd_base_address_1_1_reg[19]/R (clocked by clk_fpga_1). Large setup violations at the end of those stages might be difficult to fix during the post-placement implementation flow and could be the result of non-optimal XDC constraints or non-optimal design architecture
Related violations: <none>

TIMING-16#316 Warning
Large setup violation  
There is a large setup violation of -1.871 ns between broncho_video_i/axi_vdma_0/U0/I_PRMRY_DATAMOVER/GEN_S2MM_FULL.I_S2MM_FULL_WRAPPER/I_RESET/sig_cmd_stat_rst_user_reg_n_cdc_from_reg/C (clocked by clk_fpga_0) and broncho_video_i/axi_vdma_0/U0/I_PRMRY_DATAMOVER/GEN_S2MM_FULL.I_S2MM_FULL_WRAPPER/GEN_ENABLE_INDET_BTT_SF.I_INDET_BTT/ENABLE_AXIS_SKID.I_INDET_BTT_SKID_BUF/sig_data_reg_out_reg[67]/R (clocked by clk_fpga_0). Large setup violations at the end of those stages might be difficult to fix during the post-placement implementation flow and could be the result of non-optimal XDC constraints or non-optimal design architecture
Related violations: <none>

TIMING-16#317 Warning
Large setup violation  
There is a large setup violation of -1.897 ns between broncho_video_i/clahe_ip_0/inst/u_clahe_ip_reset_sync_inst/reset_out_1_reg_replica_4/C (clocked by clk_fpga_0) and broncho_video_i/clahe_ip_0/inst/u_clahe_ip_axi_lite_inst/u_clahe_ip_addr_decoder_inst/data_reg_AXI4_Master_0_Wr_base_address_1_1_reg[15]/R (clocked by clk_fpga_1). Large setup violations at the end of those stages might be difficult to fix during the post-placement implementation flow and could be the result of non-optimal XDC constraints or non-optimal design architecture
Related violations: <none>

TIMING-16#318 Warning
Large setup violation  
There is a large setup violation of -1.906 ns between broncho_video_i/clahe_ip_0/inst/u_clahe_ip_reset_sync_inst/reset_out_1_reg_replica_1/C (clocked by clk_fpga_0) and broncho_video_i/clahe_ip_0/inst/u_clahe_ip_axi_lite_inst/u_clahe_ip_addr_decoder_inst/data_reg_axi4_stream_video_0_slave_image_height_1_1_reg[10]/S (clocked by clk_fpga_1). Large setup violations at the end of those stages might be difficult to fix during the post-placement implementation flow and could be the result of non-optimal XDC constraints or non-optimal design architecture
Related violations: <none>

TIMING-16#319 Warning
Large setup violation  
There is a large setup violation of -1.906 ns between broncho_video_i/clahe_ip_0/inst/u_clahe_ip_reset_sync_inst/reset_out_1_reg_replica_1/C (clocked by clk_fpga_0) and broncho_video_i/clahe_ip_0/inst/u_clahe_ip_axi_lite_inst/u_clahe_ip_addr_decoder_inst/data_reg_axi4_stream_video_0_slave_image_height_1_1_reg[11]/R (clocked by clk_fpga_1). Large setup violations at the end of those stages might be difficult to fix during the post-placement implementation flow and could be the result of non-optimal XDC constraints or non-optimal design architecture
Related violations: <none>

TIMING-16#320 Warning
Large setup violation  
There is a large setup violation of -1.906 ns between broncho_video_i/clahe_ip_0/inst/u_clahe_ip_reset_sync_inst/reset_out_1_reg_replica_1/C (clocked by clk_fpga_0) and broncho_video_i/clahe_ip_0/inst/u_clahe_ip_axi_lite_inst/u_clahe_ip_addr_decoder_inst/data_reg_axi4_stream_video_0_slave_image_height_1_1_reg[8]/R (clocked by clk_fpga_1). Large setup violations at the end of those stages might be difficult to fix during the post-placement implementation flow and could be the result of non-optimal XDC constraints or non-optimal design architecture
Related violations: <none>

TIMING-16#321 Warning
Large setup violation  
There is a large setup violation of -1.906 ns between broncho_video_i/clahe_ip_0/inst/u_clahe_ip_reset_sync_inst/reset_out_1_reg_replica_1/C (clocked by clk_fpga_0) and broncho_video_i/clahe_ip_0/inst/u_clahe_ip_axi_lite_inst/u_clahe_ip_addr_decoder_inst/data_reg_axi4_stream_video_0_slave_image_height_1_1_reg[9]/R (clocked by clk_fpga_1). Large setup violations at the end of those stages might be difficult to fix during the post-placement implementation flow and could be the result of non-optimal XDC constraints or non-optimal design architecture
Related violations: <none>

TIMING-16#322 Warning
Large setup violation  
There is a large setup violation of -1.910 ns between broncho_video_i/clahe_ip_0/inst/u_clahe_ip_reset_sync_inst/reset_out_1_reg_replica_1/C (clocked by clk_fpga_0) and broncho_video_i/clahe_ip_0/inst/u_clahe_ip_axi_lite_inst/u_clahe_ip_addr_decoder_inst/data_reg_axi4_stream_video_0_slave_vporch_1_1_reg[0]/S (clocked by clk_fpga_1). Large setup violations at the end of those stages might be difficult to fix during the post-placement implementation flow and could be the result of non-optimal XDC constraints or non-optimal design architecture
Related violations: <none>

TIMING-16#323 Warning
Large setup violation  
There is a large setup violation of -1.910 ns between broncho_video_i/clahe_ip_0/inst/u_clahe_ip_reset_sync_inst/reset_out_1_reg_replica_1/C (clocked by clk_fpga_0) and broncho_video_i/clahe_ip_0/inst/u_clahe_ip_axi_lite_inst/u_clahe_ip_addr_decoder_inst/data_reg_axi4_stream_video_0_slave_vporch_1_1_reg[12]/R (clocked by clk_fpga_1). Large setup violations at the end of those stages might be difficult to fix during the post-placement implementation flow and could be the result of non-optimal XDC constraints or non-optimal design architecture
Related violations: <none>

TIMING-16#324 Warning
Large setup violation  
There is a large setup violation of -1.910 ns between broncho_video_i/clahe_ip_0/inst/u_clahe_ip_reset_sync_inst/reset_out_1_reg_replica_1/C (clocked by clk_fpga_0) and broncho_video_i/clahe_ip_0/inst/u_clahe_ip_axi_lite_inst/u_clahe_ip_addr_decoder_inst/data_reg_axi4_stream_video_0_slave_vporch_1_1_reg[2]/S (clocked by clk_fpga_1). Large setup violations at the end of those stages might be difficult to fix during the post-placement implementation flow and could be the result of non-optimal XDC constraints or non-optimal design architecture
Related violations: <none>

TIMING-16#325 Warning
Large setup violation  
There is a large setup violation of -1.910 ns between broncho_video_i/clahe_ip_0/inst/u_clahe_ip_reset_sync_inst/reset_out_1_reg_replica_1/C (clocked by clk_fpga_0) and broncho_video_i/clahe_ip_0/inst/u_clahe_ip_axi_lite_inst/u_clahe_ip_addr_decoder_inst/data_reg_axi4_stream_video_0_slave_vporch_1_1_reg[3]/S (clocked by clk_fpga_1). Large setup violations at the end of those stages might be difficult to fix during the post-placement implementation flow and could be the result of non-optimal XDC constraints or non-optimal design architecture
Related violations: <none>

TIMING-16#326 Warning
Large setup violation  
There is a large setup violation of -1.910 ns between broncho_video_i/clahe_ip_0/inst/u_clahe_ip_reset_sync_inst/reset_out_1_reg_replica_1/C (clocked by clk_fpga_0) and broncho_video_i/clahe_ip_0/inst/u_clahe_ip_axi_lite_inst/u_clahe_ip_addr_decoder_inst/data_reg_axi4_stream_video_0_slave_vporch_1_1_reg[5]/S (clocked by clk_fpga_1). Large setup violations at the end of those stages might be difficult to fix during the post-placement implementation flow and could be the result of non-optimal XDC constraints or non-optimal design architecture
Related violations: <none>

TIMING-16#327 Warning
Large setup violation  
There is a large setup violation of -1.910 ns between broncho_video_i/clahe_ip_0/inst/u_clahe_ip_reset_sync_inst/reset_out_1_reg_replica_1/C (clocked by clk_fpga_0) and broncho_video_i/clahe_ip_0/inst/u_clahe_ip_axi_lite_inst/u_clahe_ip_addr_decoder_inst/data_reg_axi4_stream_video_0_slave_vporch_1_1_reg[8]/R (clocked by clk_fpga_1). Large setup violations at the end of those stages might be difficult to fix during the post-placement implementation flow and could be the result of non-optimal XDC constraints or non-optimal design architecture
Related violations: <none>

TIMING-16#328 Warning
Large setup violation  
There is a large setup violation of -1.910 ns between broncho_video_i/clahe_ip_0/inst/u_clahe_ip_reset_sync_inst/reset_out_1_reg_replica_1/C (clocked by clk_fpga_0) and broncho_video_i/clahe_ip_0/inst/u_clahe_ip_axi_lite_inst/u_clahe_ip_addr_decoder_inst/data_reg_axi4_stream_video_0_slave_vporch_1_1_reg[9]/R (clocked by clk_fpga_1). Large setup violations at the end of those stages might be difficult to fix during the post-placement implementation flow and could be the result of non-optimal XDC constraints or non-optimal design architecture
Related violations: <none>

TIMING-16#329 Warning
Large setup violation  
There is a large setup violation of -1.911 ns between broncho_video_i/clahe_ip_0/inst/u_clahe_ip_reset_sync_inst/reset_out_1_reg_replica_2/C (clocked by clk_fpga_0) and broncho_video_i/clahe_ip_0/inst/u_clahe_ip_axi_lite_inst/u_clahe_ip_addr_decoder_inst/data_reg_axi4_stream_video_0_slave_image_height_1_1_reg[2]/R (clocked by clk_fpga_1). Large setup violations at the end of those stages might be difficult to fix during the post-placement implementation flow and could be the result of non-optimal XDC constraints or non-optimal design architecture
Related violations: <none>

TIMING-16#330 Warning
Large setup violation  
There is a large setup violation of -1.920 ns between broncho_video_i/clahe_ip_0/inst/u_clahe_ip_reset_sync_inst/reset_out_1_reg_replica/C (clocked by clk_fpga_0) and broncho_video_i/clahe_ip_0/inst/u_clahe_ip_axi_lite_inst/u_clahe_ip_addr_decoder_inst/data_reg_AXI4_Master_0_Rd_base_address_1_1_reg[12]/R (clocked by clk_fpga_1). Large setup violations at the end of those stages might be difficult to fix during the post-placement implementation flow and could be the result of non-optimal XDC constraints or non-optimal design architecture
Related violations: <none>

TIMING-16#331 Warning
Large setup violation  
There is a large setup violation of -1.920 ns between broncho_video_i/clahe_ip_0/inst/u_clahe_ip_reset_sync_inst/reset_out_1_reg_replica/C (clocked by clk_fpga_0) and broncho_video_i/clahe_ip_0/inst/u_clahe_ip_axi_lite_inst/u_clahe_ip_addr_decoder_inst/data_reg_AXI4_Master_0_Rd_base_address_1_1_reg[15]/R (clocked by clk_fpga_1). Large setup violations at the end of those stages might be difficult to fix during the post-placement implementation flow and could be the result of non-optimal XDC constraints or non-optimal design architecture
Related violations: <none>

TIMING-16#332 Warning
Large setup violation  
There is a large setup violation of -1.923 ns between broncho_video_i/clahe_ip_0/inst/u_clahe_ip_reset_sync_inst/reset_out_1_reg_replica/C (clocked by clk_fpga_0) and broncho_video_i/clahe_ip_0/inst/u_clahe_ip_axi_lite_inst/u_clahe_ip_addr_decoder_inst/data_reg_AXI4_Master_0_Rd_base_address_1_1_reg[21]/R (clocked by clk_fpga_1). Large setup violations at the end of those stages might be difficult to fix during the post-placement implementation flow and could be the result of non-optimal XDC constraints or non-optimal design architecture
Related violations: <none>

TIMING-16#333 Warning
Large setup violation  
There is a large setup violation of -1.923 ns between broncho_video_i/clahe_ip_0/inst/u_clahe_ip_reset_sync_inst/reset_out_1_reg_replica_4/C (clocked by clk_fpga_0) and broncho_video_i/clahe_ip_0/inst/u_clahe_ip_axi_lite_inst/u_clahe_ip_addr_decoder_inst/data_reg_AXI4_Master_0_Wr_base_address_1_1_reg[20]/R (clocked by clk_fpga_1). Large setup violations at the end of those stages might be difficult to fix during the post-placement implementation flow and could be the result of non-optimal XDC constraints or non-optimal design architecture
Related violations: <none>

TIMING-16#334 Warning
Large setup violation  
There is a large setup violation of -1.923 ns between broncho_video_i/clahe_ip_0/inst/u_clahe_ip_reset_sync_inst/reset_out_1_reg_replica_4/C (clocked by clk_fpga_0) and broncho_video_i/clahe_ip_0/inst/u_clahe_ip_axi_lite_inst/u_clahe_ip_addr_decoder_inst/data_reg_AXI4_Master_0_Wr_base_address_1_1_reg[23]/R (clocked by clk_fpga_1). Large setup violations at the end of those stages might be difficult to fix during the post-placement implementation flow and could be the result of non-optimal XDC constraints or non-optimal design architecture
Related violations: <none>

TIMING-16#335 Warning
Large setup violation  
There is a large setup violation of -1.924 ns between broncho_video_i/clahe_ip_0/inst/u_clahe_ip_reset_sync_inst/reset_out_1_reg_replica_4/C (clocked by clk_fpga_0) and broncho_video_i/clahe_ip_0/inst/u_clahe_ip_axi_lite_inst/u_clahe_ip_addr_decoder_inst/data_reg_AXI4_Master_0_Wr_base_address_1_1_reg[2]/R (clocked by clk_fpga_1). Large setup violations at the end of those stages might be difficult to fix during the post-placement implementation flow and could be the result of non-optimal XDC constraints or non-optimal design architecture
Related violations: <none>

TIMING-16#336 Warning
Large setup violation  
There is a large setup violation of -1.924 ns between broncho_video_i/clahe_ip_0/inst/u_clahe_ip_reset_sync_inst/reset_out_1_reg_replica_4/C (clocked by clk_fpga_0) and broncho_video_i/clahe_ip_0/inst/u_clahe_ip_axi_lite_inst/u_clahe_ip_addr_decoder_inst/data_reg_AXI4_Master_0_Wr_base_address_1_1_reg[3]/R (clocked by clk_fpga_1). Large setup violations at the end of those stages might be difficult to fix during the post-placement implementation flow and could be the result of non-optimal XDC constraints or non-optimal design architecture
Related violations: <none>

TIMING-16#337 Warning
Large setup violation  
There is a large setup violation of -1.924 ns between broncho_video_i/clahe_ip_0/inst/u_clahe_ip_reset_sync_inst/reset_out_1_reg_replica_4/C (clocked by clk_fpga_0) and broncho_video_i/clahe_ip_0/inst/u_clahe_ip_axi_lite_inst/u_clahe_ip_addr_decoder_inst/data_reg_AXI4_Master_0_Wr_base_address_1_1_reg[4]/R (clocked by clk_fpga_1). Large setup violations at the end of those stages might be difficult to fix during the post-placement implementation flow and could be the result of non-optimal XDC constraints or non-optimal design architecture
Related violations: <none>

TIMING-16#338 Warning
Large setup violation  
There is a large setup violation of -1.924 ns between broncho_video_i/clahe_ip_0/inst/u_clahe_ip_reset_sync_inst/reset_out_1_reg_replica_4/C (clocked by clk_fpga_0) and broncho_video_i/clahe_ip_0/inst/u_clahe_ip_axi_lite_inst/u_clahe_ip_addr_decoder_inst/data_reg_AXI4_Master_0_Wr_base_address_1_1_reg[5]/R (clocked by clk_fpga_1). Large setup violations at the end of those stages might be difficult to fix during the post-placement implementation flow and could be the result of non-optimal XDC constraints or non-optimal design architecture
Related violations: <none>

TIMING-16#339 Warning
Large setup violation  
There is a large setup violation of -1.925 ns between broncho_video_i/clahe_ip_0/inst/u_clahe_ip_reset_sync_inst/reset_out_1_reg_replica/C (clocked by clk_fpga_0) and broncho_video_i/clahe_ip_0/inst/u_clahe_ip_axi_lite_inst/u_clahe_ip_addr_decoder_inst/data_reg_AXI4_Master_0_Rd_base_address_1_1_reg[13]/R (clocked by clk_fpga_1). Large setup violations at the end of those stages might be difficult to fix during the post-placement implementation flow and could be the result of non-optimal XDC constraints or non-optimal design architecture
Related violations: <none>

TIMING-16#340 Warning
Large setup violation  
There is a large setup violation of -1.925 ns between broncho_video_i/clahe_ip_0/inst/u_clahe_ip_reset_sync_inst/reset_out_1_reg_replica/C (clocked by clk_fpga_0) and broncho_video_i/clahe_ip_0/inst/u_clahe_ip_axi_lite_inst/u_clahe_ip_addr_decoder_inst/data_reg_AXI4_Master_0_Rd_base_address_1_1_reg[14]/R (clocked by clk_fpga_1). Large setup violations at the end of those stages might be difficult to fix during the post-placement implementation flow and could be the result of non-optimal XDC constraints or non-optimal design architecture
Related violations: <none>

TIMING-16#341 Warning
Large setup violation  
There is a large setup violation of -1.925 ns between broncho_video_i/clahe_ip_0/inst/u_clahe_ip_reset_sync_inst/reset_out_1_reg_replica_4/C (clocked by clk_fpga_0) and broncho_video_i/clahe_ip_0/inst/u_clahe_ip_axi_lite_inst/u_clahe_ip_addr_decoder_inst/data_reg_AXI4_Master_0_Wr_base_address_1_1_reg[10]/R (clocked by clk_fpga_1). Large setup violations at the end of those stages might be difficult to fix during the post-placement implementation flow and could be the result of non-optimal XDC constraints or non-optimal design architecture
Related violations: <none>

TIMING-16#342 Warning
Large setup violation  
There is a large setup violation of -1.925 ns between broncho_video_i/clahe_ip_0/inst/u_clahe_ip_reset_sync_inst/reset_out_1_reg_replica_4/C (clocked by clk_fpga_0) and broncho_video_i/clahe_ip_0/inst/u_clahe_ip_axi_lite_inst/u_clahe_ip_addr_decoder_inst/data_reg_AXI4_Master_0_Wr_base_address_1_1_reg[11]/R (clocked by clk_fpga_1). Large setup violations at the end of those stages might be difficult to fix during the post-placement implementation flow and could be the result of non-optimal XDC constraints or non-optimal design architecture
Related violations: <none>

TIMING-16#343 Warning
Large setup violation  
There is a large setup violation of -1.925 ns between broncho_video_i/clahe_ip_0/inst/u_clahe_ip_reset_sync_inst/reset_out_1_reg_replica_4/C (clocked by clk_fpga_0) and broncho_video_i/clahe_ip_0/inst/u_clahe_ip_axi_lite_inst/u_clahe_ip_addr_decoder_inst/data_reg_AXI4_Master_0_Wr_base_address_1_1_reg[19]/R (clocked by clk_fpga_1). Large setup violations at the end of those stages might be difficult to fix during the post-placement implementation flow and could be the result of non-optimal XDC constraints or non-optimal design architecture
Related violations: <none>

TIMING-16#344 Warning
Large setup violation  
There is a large setup violation of -1.925 ns between broncho_video_i/clahe_ip_0/inst/u_clahe_ip_reset_sync_inst/reset_out_1_reg_replica_4/C (clocked by clk_fpga_0) and broncho_video_i/clahe_ip_0/inst/u_clahe_ip_axi_lite_inst/u_clahe_ip_addr_decoder_inst/data_reg_AXI4_Master_0_Wr_base_address_1_1_reg[6]/R (clocked by clk_fpga_1). Large setup violations at the end of those stages might be difficult to fix during the post-placement implementation flow and could be the result of non-optimal XDC constraints or non-optimal design architecture
Related violations: <none>

TIMING-16#345 Warning
Large setup violation  
There is a large setup violation of -1.925 ns between broncho_video_i/clahe_ip_0/inst/u_clahe_ip_reset_sync_inst/reset_out_1_reg_replica_4/C (clocked by clk_fpga_0) and broncho_video_i/clahe_ip_0/inst/u_clahe_ip_axi_lite_inst/u_clahe_ip_addr_decoder_inst/data_reg_AXI4_Master_0_Wr_base_address_1_1_reg[7]/R (clocked by clk_fpga_1). Large setup violations at the end of those stages might be difficult to fix during the post-placement implementation flow and could be the result of non-optimal XDC constraints or non-optimal design architecture
Related violations: <none>

TIMING-16#346 Warning
Large setup violation  
There is a large setup violation of -1.925 ns between broncho_video_i/clahe_ip_0/inst/u_clahe_ip_reset_sync_inst/reset_out_1_reg_replica_4/C (clocked by clk_fpga_0) and broncho_video_i/clahe_ip_0/inst/u_clahe_ip_axi_lite_inst/u_clahe_ip_addr_decoder_inst/data_reg_AXI4_Master_0_Wr_base_address_1_1_reg[9]/R (clocked by clk_fpga_1). Large setup violations at the end of those stages might be difficult to fix during the post-placement implementation flow and could be the result of non-optimal XDC constraints or non-optimal design architecture
Related violations: <none>

TIMING-16#347 Warning
Large setup violation  
There is a large setup violation of -1.928 ns between broncho_video_i/clahe_ip_0/inst/u_clahe_ip_reset_sync_inst/reset_out_1_reg_replica_2/C (clocked by clk_fpga_0) and broncho_video_i/clahe_ip_0/inst/u_clahe_ip_axi_lite_inst/u_clahe_ip_addr_decoder_inst/data_reg_AXI4_Master_0_Wr_base_address_1_1_reg[28]/R (clocked by clk_fpga_1). Large setup violations at the end of those stages might be difficult to fix during the post-placement implementation flow and could be the result of non-optimal XDC constraints or non-optimal design architecture
Related violations: <none>

TIMING-16#348 Warning
Large setup violation  
There is a large setup violation of -1.928 ns between broncho_video_i/clahe_ip_0/inst/u_clahe_ip_reset_sync_inst/reset_out_1_reg_replica_2/C (clocked by clk_fpga_0) and broncho_video_i/clahe_ip_0/inst/u_clahe_ip_axi_lite_inst/u_clahe_ip_addr_decoder_inst/data_reg_AXI4_Master_0_Wr_base_address_1_1_reg[29]/R (clocked by clk_fpga_1). Large setup violations at the end of those stages might be difficult to fix during the post-placement implementation flow and could be the result of non-optimal XDC constraints or non-optimal design architecture
Related violations: <none>

TIMING-16#349 Warning
Large setup violation  
There is a large setup violation of -1.928 ns between broncho_video_i/clahe_ip_0/inst/u_clahe_ip_reset_sync_inst/reset_out_1_reg_replica_2/C (clocked by clk_fpga_0) and broncho_video_i/clahe_ip_0/inst/u_clahe_ip_axi_lite_inst/u_clahe_ip_addr_decoder_inst/data_reg_AXI4_Master_0_Wr_base_address_1_1_reg[30]/R (clocked by clk_fpga_1). Large setup violations at the end of those stages might be difficult to fix during the post-placement implementation flow and could be the result of non-optimal XDC constraints or non-optimal design architecture
Related violations: <none>

TIMING-16#350 Warning
Large setup violation  
There is a large setup violation of -1.928 ns between broncho_video_i/clahe_ip_0/inst/u_clahe_ip_reset_sync_inst/reset_out_1_reg_replica_2/C (clocked by clk_fpga_0) and broncho_video_i/clahe_ip_0/inst/u_clahe_ip_axi_lite_inst/u_clahe_ip_addr_decoder_inst/data_reg_AXI4_Master_0_Wr_base_address_1_1_reg[31]/S (clocked by clk_fpga_1). Large setup violations at the end of those stages might be difficult to fix during the post-placement implementation flow and could be the result of non-optimal XDC constraints or non-optimal design architecture
Related violations: <none>

TIMING-16#351 Warning
Large setup violation  
There is a large setup violation of -1.934 ns between broncho_video_i/clahe_ip_0/inst/u_clahe_ip_reset_sync_inst/reset_out_1_reg_replica_4/C (clocked by clk_fpga_0) and broncho_video_i/clahe_ip_0/inst/u_clahe_ip_axi_lite_inst/u_clahe_ip_addr_decoder_inst/data_reg_AXI4_Master_0_Rd_base_address_1_1_reg[24]/R (clocked by clk_fpga_1). Large setup violations at the end of those stages might be difficult to fix during the post-placement implementation flow and could be the result of non-optimal XDC constraints or non-optimal design architecture
Related violations: <none>

TIMING-16#352 Warning
Large setup violation  
There is a large setup violation of -1.934 ns between broncho_video_i/clahe_ip_0/inst/u_clahe_ip_reset_sync_inst/reset_out_1_reg_replica_4/C (clocked by clk_fpga_0) and broncho_video_i/clahe_ip_0/inst/u_clahe_ip_axi_lite_inst/u_clahe_ip_addr_decoder_inst/data_reg_AXI4_Master_0_Rd_base_address_1_1_reg[25]/R (clocked by clk_fpga_1). Large setup violations at the end of those stages might be difficult to fix during the post-placement implementation flow and could be the result of non-optimal XDC constraints or non-optimal design architecture
Related violations: <none>

TIMING-16#353 Warning
Large setup violation  
There is a large setup violation of -1.934 ns between broncho_video_i/clahe_ip_0/inst/u_clahe_ip_reset_sync_inst/reset_out_1_reg_replica_4/C (clocked by clk_fpga_0) and broncho_video_i/clahe_ip_0/inst/u_clahe_ip_axi_lite_inst/u_clahe_ip_addr_decoder_inst/data_reg_AXI4_Master_0_Rd_base_address_1_1_reg[26]/R (clocked by clk_fpga_1). Large setup violations at the end of those stages might be difficult to fix during the post-placement implementation flow and could be the result of non-optimal XDC constraints or non-optimal design architecture
Related violations: <none>

TIMING-16#354 Warning
Large setup violation  
There is a large setup violation of -1.934 ns between broncho_video_i/clahe_ip_0/inst/u_clahe_ip_reset_sync_inst/reset_out_1_reg_replica_4/C (clocked by clk_fpga_0) and broncho_video_i/clahe_ip_0/inst/u_clahe_ip_axi_lite_inst/u_clahe_ip_addr_decoder_inst/data_reg_AXI4_Master_0_Rd_base_address_1_1_reg[27]/R (clocked by clk_fpga_1). Large setup violations at the end of those stages might be difficult to fix during the post-placement implementation flow and could be the result of non-optimal XDC constraints or non-optimal design architecture
Related violations: <none>

TIMING-16#355 Warning
Large setup violation  
There is a large setup violation of -1.940 ns between broncho_video_i/clahe_ip_0/inst/u_clahe_ip_reset_sync_inst/reset_out_1_reg_replica_4/C (clocked by clk_fpga_0) and broncho_video_i/clahe_ip_0/inst/u_clahe_ip_axi_lite_inst/u_clahe_ip_addr_decoder_inst/data_reg_AXI4_Master_0_Wr_base_address_1_1_reg[0]/R (clocked by clk_fpga_1). Large setup violations at the end of those stages might be difficult to fix during the post-placement implementation flow and could be the result of non-optimal XDC constraints or non-optimal design architecture
Related violations: <none>

TIMING-16#356 Warning
Large setup violation  
There is a large setup violation of -1.940 ns between broncho_video_i/clahe_ip_0/inst/u_clahe_ip_reset_sync_inst/reset_out_1_reg_replica_4/C (clocked by clk_fpga_0) and broncho_video_i/clahe_ip_0/inst/u_clahe_ip_axi_lite_inst/u_clahe_ip_addr_decoder_inst/data_reg_AXI4_Master_0_Wr_base_address_1_1_reg[1]/R (clocked by clk_fpga_1). Large setup violations at the end of those stages might be difficult to fix during the post-placement implementation flow and could be the result of non-optimal XDC constraints or non-optimal design architecture
Related violations: <none>

TIMING-16#357 Warning
Large setup violation  
There is a large setup violation of -1.944 ns between broncho_video_i/clahe_ip_0/inst/u_clahe_ip_reset_sync_inst/reset_out_1_reg_replica_4/C (clocked by clk_fpga_0) and broncho_video_i/clahe_ip_0/inst/u_clahe_ip_axi_lite_inst/u_clahe_ip_addr_decoder_inst/data_reg_AXI4_Master_0_Rd_base_address_1_1_reg[29]/R (clocked by clk_fpga_1). Large setup violations at the end of those stages might be difficult to fix during the post-placement implementation flow and could be the result of non-optimal XDC constraints or non-optimal design architecture
Related violations: <none>

TIMING-16#358 Warning
Large setup violation  
There is a large setup violation of -1.944 ns between broncho_video_i/clahe_ip_0/inst/u_clahe_ip_reset_sync_inst/reset_out_1_reg_replica_4/C (clocked by clk_fpga_0) and broncho_video_i/clahe_ip_0/inst/u_clahe_ip_axi_lite_inst/u_clahe_ip_addr_decoder_inst/data_reg_AXI4_Master_0_Rd_base_address_1_1_reg[30]/R (clocked by clk_fpga_1). Large setup violations at the end of those stages might be difficult to fix during the post-placement implementation flow and could be the result of non-optimal XDC constraints or non-optimal design architecture
Related violations: <none>

TIMING-16#359 Warning
Large setup violation  
There is a large setup violation of -1.955 ns between broncho_video_i/clahe_ip_0/inst/u_clahe_ip_reset_sync_inst/reset_out_1_reg_replica_2/C (clocked by clk_fpga_0) and broncho_video_i/clahe_ip_0/inst/u_clahe_ip_axi_lite_inst/u_clahe_ip_addr_decoder_inst/data_reg_axi4_stream_video_0_slave_vporch_1_1_reg[11]/R (clocked by clk_fpga_1). Large setup violations at the end of those stages might be difficult to fix during the post-placement implementation flow and could be the result of non-optimal XDC constraints or non-optimal design architecture
Related violations: <none>

TIMING-16#360 Warning
Large setup violation  
There is a large setup violation of -1.957 ns between broncho_video_i/clahe_ip_0/inst/u_clahe_ip_reset_sync_inst/reset_out_1_reg_replica_4/C (clocked by clk_fpga_0) and broncho_video_i/clahe_ip_0/inst/u_clahe_ip_axi_lite_inst/u_clahe_ip_addr_decoder_inst/data_reg_AXI4_Master_0_Wr_base_address_1_1_reg[12]/R (clocked by clk_fpga_1). Large setup violations at the end of those stages might be difficult to fix during the post-placement implementation flow and could be the result of non-optimal XDC constraints or non-optimal design architecture
Related violations: <none>

TIMING-16#361 Warning
Large setup violation  
There is a large setup violation of -1.957 ns between broncho_video_i/clahe_ip_0/inst/u_clahe_ip_reset_sync_inst/reset_out_1_reg_replica_4/C (clocked by clk_fpga_0) and broncho_video_i/clahe_ip_0/inst/u_clahe_ip_axi_lite_inst/u_clahe_ip_addr_decoder_inst/data_reg_AXI4_Master_0_Wr_base_address_1_1_reg[13]/R (clocked by clk_fpga_1). Large setup violations at the end of those stages might be difficult to fix during the post-placement implementation flow and could be the result of non-optimal XDC constraints or non-optimal design architecture
Related violations: <none>

TIMING-16#362 Warning
Large setup violation  
There is a large setup violation of -1.957 ns between broncho_video_i/clahe_ip_0/inst/u_clahe_ip_reset_sync_inst/reset_out_1_reg_replica_4/C (clocked by clk_fpga_0) and broncho_video_i/clahe_ip_0/inst/u_clahe_ip_axi_lite_inst/u_clahe_ip_addr_decoder_inst/data_reg_AXI4_Master_0_Wr_base_address_1_1_reg[14]/R (clocked by clk_fpga_1). Large setup violations at the end of those stages might be difficult to fix during the post-placement implementation flow and could be the result of non-optimal XDC constraints or non-optimal design architecture
Related violations: <none>

TIMING-16#363 Warning
Large setup violation  
There is a large setup violation of -1.960 ns between broncho_video_i/clahe_ip_0/inst/u_clahe_ip_reset_sync_inst/reset_out_1_reg_replica_4/C (clocked by clk_fpga_0) and broncho_video_i/clahe_ip_0/inst/u_clahe_ip_axi_lite_inst/u_clahe_ip_addr_decoder_inst/data_reg_AXI4_Master_0_Wr_base_address_1_1_reg[8]/R (clocked by clk_fpga_1). Large setup violations at the end of those stages might be difficult to fix during the post-placement implementation flow and could be the result of non-optimal XDC constraints or non-optimal design architecture
Related violations: <none>

TIMING-16#364 Warning
Large setup violation  
There is a large setup violation of -1.966 ns between broncho_video_i/axi_vdma_0/U0/I_PRMRY_DATAMOVER/GEN_S2MM_FULL.I_S2MM_FULL_WRAPPER/I_RESET/sig_cmd_stat_rst_user_reg_n_cdc_from_reg/C (clocked by clk_fpga_0) and broncho_video_i/axi_vdma_0/U0/I_PRMRY_DATAMOVER/GEN_S2MM_FULL.I_S2MM_FULL_WRAPPER/GEN_ENABLE_INDET_BTT_SF.I_INDET_BTT/ENABLE_AXIS_SKID.I_INDET_BTT_SKID_BUF/sig_data_skid_reg_reg[67]/R (clocked by clk_fpga_0). Large setup violations at the end of those stages might be difficult to fix during the post-placement implementation flow and could be the result of non-optimal XDC constraints or non-optimal design architecture
Related violations: <none>

TIMING-16#365 Warning
Large setup violation  
There is a large setup violation of -1.966 ns between broncho_video_i/axi_vdma_0/U0/I_PRMRY_DATAMOVER/GEN_S2MM_FULL.I_S2MM_FULL_WRAPPER/I_RESET/sig_cmd_stat_rst_user_reg_n_cdc_from_reg/C (clocked by clk_fpga_0) and broncho_video_i/axi_vdma_0/U0/I_PRMRY_DATAMOVER/GEN_S2MM_FULL.I_S2MM_FULL_WRAPPER/GEN_ENABLE_INDET_BTT_SF.I_INDET_BTT/ENABLE_AXIS_SKID.I_INDET_BTT_SKID_BUF/sig_last_skid_reg_reg/R (clocked by clk_fpga_0). Large setup violations at the end of those stages might be difficult to fix during the post-placement implementation flow and could be the result of non-optimal XDC constraints or non-optimal design architecture
Related violations: <none>

TIMING-16#366 Warning
Large setup violation  
There is a large setup violation of -1.966 ns between broncho_video_i/axi_vdma_0/U0/I_PRMRY_DATAMOVER/GEN_S2MM_FULL.I_S2MM_FULL_WRAPPER/I_RESET/sig_cmd_stat_rst_user_reg_n_cdc_from_reg/C (clocked by clk_fpga_0) and broncho_video_i/axi_vdma_0/U0/I_PRMRY_DATAMOVER/GEN_S2MM_FULL.I_S2MM_FULL_WRAPPER/GEN_ENABLE_INDET_BTT_SF.I_INDET_BTT/ENABLE_AXIS_SKID.I_INDET_BTT_SKID_BUF/sig_strb_skid_reg_reg[8]/R (clocked by clk_fpga_0). Large setup violations at the end of those stages might be difficult to fix during the post-placement implementation flow and could be the result of non-optimal XDC constraints or non-optimal design architecture
Related violations: <none>

TIMING-16#367 Warning
Large setup violation  
There is a large setup violation of -1.969 ns between broncho_video_i/clahe_ip_0/inst/u_clahe_ip_reset_sync_inst/reset_out_1_reg_replica_1/C (clocked by clk_fpga_0) and broncho_video_i/clahe_ip_0/inst/u_clahe_ip_axi_lite_inst/u_clahe_ip_addr_decoder_inst/data_reg_axi4_stream_video_0_slave_image_width_1_1_reg[11]/R (clocked by clk_fpga_1). Large setup violations at the end of those stages might be difficult to fix during the post-placement implementation flow and could be the result of non-optimal XDC constraints or non-optimal design architecture
Related violations: <none>

TIMING-16#368 Warning
Large setup violation  
There is a large setup violation of -1.969 ns between broncho_video_i/clahe_ip_0/inst/u_clahe_ip_reset_sync_inst/reset_out_1_reg_replica_1/C (clocked by clk_fpga_0) and broncho_video_i/clahe_ip_0/inst/u_clahe_ip_axi_lite_inst/u_clahe_ip_addr_decoder_inst/data_reg_axi4_stream_video_0_slave_image_width_1_1_reg[12]/R (clocked by clk_fpga_1). Large setup violations at the end of those stages might be difficult to fix during the post-placement implementation flow and could be the result of non-optimal XDC constraints or non-optimal design architecture
Related violations: <none>

TIMING-16#369 Warning
Large setup violation  
There is a large setup violation of -1.974 ns between broncho_video_i/clahe_ip_0/inst/u_clahe_ip_reset_sync_inst/reset_out_1_reg_replica_4/C (clocked by clk_fpga_0) and broncho_video_i/clahe_ip_0/inst/u_clahe_ip_axi_lite_inst/u_clahe_ip_addr_decoder_inst/data_reg_AXI4_Master_0_Rd_base_address_1_1_reg[18]/R (clocked by clk_fpga_1). Large setup violations at the end of those stages might be difficult to fix during the post-placement implementation flow and could be the result of non-optimal XDC constraints or non-optimal design architecture
Related violations: <none>

TIMING-16#370 Warning
Large setup violation  
There is a large setup violation of -1.974 ns between broncho_video_i/clahe_ip_0/inst/u_clahe_ip_reset_sync_inst/reset_out_1_reg_replica_4/C (clocked by clk_fpga_0) and broncho_video_i/clahe_ip_0/inst/u_clahe_ip_axi_lite_inst/u_clahe_ip_addr_decoder_inst/data_reg_AXI4_Master_0_Rd_base_address_1_1_reg[28]/R (clocked by clk_fpga_1). Large setup violations at the end of those stages might be difficult to fix during the post-placement implementation flow and could be the result of non-optimal XDC constraints or non-optimal design architecture
Related violations: <none>

TIMING-16#371 Warning
Large setup violation  
There is a large setup violation of -1.974 ns between broncho_video_i/clahe_ip_0/inst/u_clahe_ip_reset_sync_inst/reset_out_1_reg_replica_4/C (clocked by clk_fpga_0) and broncho_video_i/clahe_ip_0/inst/u_clahe_ip_axi_lite_inst/u_clahe_ip_addr_decoder_inst/data_reg_AXI4_Master_0_Rd_base_address_1_1_reg[31]/S (clocked by clk_fpga_1). Large setup violations at the end of those stages might be difficult to fix during the post-placement implementation flow and could be the result of non-optimal XDC constraints or non-optimal design architecture
Related violations: <none>

TIMING-16#372 Warning
Large setup violation  
There is a large setup violation of -1.982 ns between broncho_video_i/clahe_ip_0/inst/u_clahe_ip_reset_sync_inst/reset_out_1_reg_replica_4/C (clocked by clk_fpga_0) and broncho_video_i/clahe_ip_0/inst/u_clahe_ip_axi_lite_inst/u_clahe_ip_addr_decoder_inst/data_reg_AXI4_Master_0_Wr_base_address_1_1_reg[16]/R (clocked by clk_fpga_1). Large setup violations at the end of those stages might be difficult to fix during the post-placement implementation flow and could be the result of non-optimal XDC constraints or non-optimal design architecture
Related violations: <none>

TIMING-16#373 Warning
Large setup violation  
There is a large setup violation of -1.982 ns between broncho_video_i/clahe_ip_0/inst/u_clahe_ip_reset_sync_inst/reset_out_1_reg_replica_4/C (clocked by clk_fpga_0) and broncho_video_i/clahe_ip_0/inst/u_clahe_ip_axi_lite_inst/u_clahe_ip_addr_decoder_inst/data_reg_AXI4_Master_0_Wr_base_address_1_1_reg[18]/R (clocked by clk_fpga_1). Large setup violations at the end of those stages might be difficult to fix during the post-placement implementation flow and could be the result of non-optimal XDC constraints or non-optimal design architecture
Related violations: <none>

TIMING-16#374 Warning
Large setup violation  
There is a large setup violation of -1.999 ns between broncho_video_i/clahe_ip_0/inst/u_clahe_ip_reset_sync_inst/reset_out_1_reg_replica/C (clocked by clk_fpga_0) and broncho_video_i/clahe_ip_0/inst/u_clahe_ip_axi_lite_inst/u_clahe_ip_addr_decoder_inst/data_reg_AXI4_Master_0_Rd_base_address_1_1_reg[10]/R (clocked by clk_fpga_1). Large setup violations at the end of those stages might be difficult to fix during the post-placement implementation flow and could be the result of non-optimal XDC constraints or non-optimal design architecture
Related violations: <none>

TIMING-16#375 Warning
Large setup violation  
There is a large setup violation of -1.999 ns between broncho_video_i/clahe_ip_0/inst/u_clahe_ip_reset_sync_inst/reset_out_1_reg_replica/C (clocked by clk_fpga_0) and broncho_video_i/clahe_ip_0/inst/u_clahe_ip_axi_lite_inst/u_clahe_ip_addr_decoder_inst/data_reg_AXI4_Master_0_Rd_base_address_1_1_reg[11]/R (clocked by clk_fpga_1). Large setup violations at the end of those stages might be difficult to fix during the post-placement implementation flow and could be the result of non-optimal XDC constraints or non-optimal design architecture
Related violations: <none>

TIMING-16#376 Warning
Large setup violation  
There is a large setup violation of -1.999 ns between broncho_video_i/clahe_ip_0/inst/u_clahe_ip_reset_sync_inst/reset_out_1_reg_replica/C (clocked by clk_fpga_0) and broncho_video_i/clahe_ip_0/inst/u_clahe_ip_axi_lite_inst/u_clahe_ip_addr_decoder_inst/data_reg_AXI4_Master_0_Rd_base_address_1_1_reg[8]/R (clocked by clk_fpga_1). Large setup violations at the end of those stages might be difficult to fix during the post-placement implementation flow and could be the result of non-optimal XDC constraints or non-optimal design architecture
Related violations: <none>

TIMING-16#377 Warning
Large setup violation  
There is a large setup violation of -1.999 ns between broncho_video_i/clahe_ip_0/inst/u_clahe_ip_reset_sync_inst/reset_out_1_reg_replica/C (clocked by clk_fpga_0) and broncho_video_i/clahe_ip_0/inst/u_clahe_ip_axi_lite_inst/u_clahe_ip_addr_decoder_inst/data_reg_AXI4_Master_0_Rd_base_address_1_1_reg[9]/R (clocked by clk_fpga_1). Large setup violations at the end of those stages might be difficult to fix during the post-placement implementation flow and could be the result of non-optimal XDC constraints or non-optimal design architecture
Related violations: <none>

TIMING-16#378 Warning
Large setup violation  
There is a large setup violation of -2.000 ns between broncho_video_i/clahe_ip_0/inst/u_clahe_ip_reset_sync_inst/reset_out_1_reg_replica_3/C (clocked by clk_fpga_0) and broncho_video_i/clahe_ip_0/inst/u_clahe_ip_axi_lite_inst/u_clahe_ip_addr_decoder_inst/data_reg_axi4_stream_video_0_slave_image_width_1_1_reg[0]/R (clocked by clk_fpga_1). Large setup violations at the end of those stages might be difficult to fix during the post-placement implementation flow and could be the result of non-optimal XDC constraints or non-optimal design architecture
Related violations: <none>

TIMING-16#379 Warning
Large setup violation  
There is a large setup violation of -2.000 ns between broncho_video_i/clahe_ip_0/inst/u_clahe_ip_reset_sync_inst/reset_out_1_reg_replica_3/C (clocked by clk_fpga_0) and broncho_video_i/clahe_ip_0/inst/u_clahe_ip_axi_lite_inst/u_clahe_ip_addr_decoder_inst/data_reg_axi4_stream_video_0_slave_image_width_1_1_reg[1]/R (clocked by clk_fpga_1). Large setup violations at the end of those stages might be difficult to fix during the post-placement implementation flow and could be the result of non-optimal XDC constraints or non-optimal design architecture
Related violations: <none>

TIMING-16#380 Warning
Large setup violation  
There is a large setup violation of -2.000 ns between broncho_video_i/clahe_ip_0/inst/u_clahe_ip_reset_sync_inst/reset_out_1_reg_replica_3/C (clocked by clk_fpga_0) and broncho_video_i/clahe_ip_0/inst/u_clahe_ip_axi_lite_inst/u_clahe_ip_addr_decoder_inst/data_reg_axi4_stream_video_0_slave_image_width_1_1_reg[2]/R (clocked by clk_fpga_1). Large setup violations at the end of those stages might be difficult to fix during the post-placement implementation flow and could be the result of non-optimal XDC constraints or non-optimal design architecture
Related violations: <none>

TIMING-16#381 Warning
Large setup violation  
There is a large setup violation of -2.000 ns between broncho_video_i/clahe_ip_0/inst/u_clahe_ip_reset_sync_inst/reset_out_1_reg_replica_3/C (clocked by clk_fpga_0) and broncho_video_i/clahe_ip_0/inst/u_clahe_ip_axi_lite_inst/u_clahe_ip_addr_decoder_inst/data_reg_axi4_stream_video_0_slave_image_width_1_1_reg[3]/R (clocked by clk_fpga_1). Large setup violations at the end of those stages might be difficult to fix during the post-placement implementation flow and could be the result of non-optimal XDC constraints or non-optimal design architecture
Related violations: <none>

TIMING-16#382 Warning
Large setup violation  
There is a large setup violation of -2.038 ns between broncho_video_i/axi_vdma_0/U0/I_PRMRY_DATAMOVER/GEN_S2MM_FULL.I_S2MM_FULL_WRAPPER/I_RESET/sig_cmd_stat_rst_user_reg_n_cdc_from_reg/C (clocked by clk_fpga_0) and broncho_video_i/axi_vdma_0/U0/I_PRMRY_DATAMOVER/GEN_S2MM_FULL.I_S2MM_FULL_WRAPPER/GEN_ENABLE_INDET_BTT_SF.I_INDET_BTT/INCLUDE_PACKING.DO_REG_SLICES[0].lsig_flag_slice_reg_reg[0][1]/R (clocked by clk_fpga_0). Large setup violations at the end of those stages might be difficult to fix during the post-placement implementation flow and could be the result of non-optimal XDC constraints or non-optimal design architecture
Related violations: <none>

TIMING-16#383 Warning
Large setup violation  
There is a large setup violation of -2.038 ns between broncho_video_i/clahe_ip_0/inst/u_clahe_ip_reset_sync_inst/reset_out_1_reg_replica_4/C (clocked by clk_fpga_0) and broncho_video_i/clahe_ip_0/inst/u_clahe_ip_axi_lite_inst/u_clahe_ip_addr_decoder_inst/data_reg_AXI4_Master_0_Rd_base_address_1_1_reg[20]/R (clocked by clk_fpga_1). Large setup violations at the end of those stages might be difficult to fix during the post-placement implementation flow and could be the result of non-optimal XDC constraints or non-optimal design architecture
Related violations: <none>

TIMING-16#384 Warning
Large setup violation  
There is a large setup violation of -2.038 ns between broncho_video_i/clahe_ip_0/inst/u_clahe_ip_reset_sync_inst/reset_out_1_reg_replica_4/C (clocked by clk_fpga_0) and broncho_video_i/clahe_ip_0/inst/u_clahe_ip_axi_lite_inst/u_clahe_ip_addr_decoder_inst/data_reg_AXI4_Master_0_Rd_base_address_1_1_reg[22]/R (clocked by clk_fpga_1). Large setup violations at the end of those stages might be difficult to fix during the post-placement implementation flow and could be the result of non-optimal XDC constraints or non-optimal design architecture
Related violations: <none>

TIMING-16#385 Warning
Large setup violation  
There is a large setup violation of -2.038 ns between broncho_video_i/clahe_ip_0/inst/u_clahe_ip_reset_sync_inst/reset_out_1_reg_replica_4/C (clocked by clk_fpga_0) and broncho_video_i/clahe_ip_0/inst/u_clahe_ip_axi_lite_inst/u_clahe_ip_addr_decoder_inst/data_reg_AXI4_Master_0_Rd_base_address_1_1_reg[23]/R (clocked by clk_fpga_1). Large setup violations at the end of those stages might be difficult to fix during the post-placement implementation flow and could be the result of non-optimal XDC constraints or non-optimal design architecture
Related violations: <none>

TIMING-16#386 Warning
Large setup violation  
There is a large setup violation of -2.041 ns between broncho_video_i/clahe_ip_0/inst/u_clahe_ip_reset_sync_inst/reset_out_1_reg_replica/C (clocked by clk_fpga_0) and broncho_video_i/clahe_ip_0/inst/u_clahe_ip_axi_lite_inst/u_clahe_ip_addr_decoder_inst/data_reg_axi_enable_1_1_reg_replica_1/D (clocked by clk_fpga_1). Large setup violations at the end of those stages might be difficult to fix during the post-placement implementation flow and could be the result of non-optimal XDC constraints or non-optimal design architecture
Related violations: <none>

TIMING-16#387 Warning
Large setup violation  
There is a large setup violation of -2.049 ns between broncho_video_i/clahe_ip_0/inst/u_clahe_ip_reset_sync_inst/reset_out_1_reg_replica_1/C (clocked by clk_fpga_0) and broncho_video_i/clahe_ip_0/inst/u_clahe_ip_axi_lite_inst/u_clahe_ip_addr_decoder_inst/data_reg_axi4_stream_video_0_slave_image_height_1_1_reg[0]/R (clocked by clk_fpga_1). Large setup violations at the end of those stages might be difficult to fix during the post-placement implementation flow and could be the result of non-optimal XDC constraints or non-optimal design architecture
Related violations: <none>

TIMING-16#388 Warning
Large setup violation  
There is a large setup violation of -2.049 ns between broncho_video_i/clahe_ip_0/inst/u_clahe_ip_reset_sync_inst/reset_out_1_reg_replica_1/C (clocked by clk_fpga_0) and broncho_video_i/clahe_ip_0/inst/u_clahe_ip_axi_lite_inst/u_clahe_ip_addr_decoder_inst/data_reg_axi4_stream_video_0_slave_image_height_1_1_reg[1]/R (clocked by clk_fpga_1). Large setup violations at the end of those stages might be difficult to fix during the post-placement implementation flow and could be the result of non-optimal XDC constraints or non-optimal design architecture
Related violations: <none>

TIMING-16#389 Warning
Large setup violation  
There is a large setup violation of -2.049 ns between broncho_video_i/clahe_ip_0/inst/u_clahe_ip_reset_sync_inst/reset_out_1_reg_replica_1/C (clocked by clk_fpga_0) and broncho_video_i/clahe_ip_0/inst/u_clahe_ip_axi_lite_inst/u_clahe_ip_addr_decoder_inst/data_reg_axi4_stream_video_0_slave_image_height_1_1_reg[3]/S (clocked by clk_fpga_1). Large setup violations at the end of those stages might be difficult to fix during the post-placement implementation flow and could be the result of non-optimal XDC constraints or non-optimal design architecture
Related violations: <none>

TIMING-16#390 Warning
Large setup violation  
There is a large setup violation of -2.049 ns between broncho_video_i/clahe_ip_0/inst/u_clahe_ip_reset_sync_inst/reset_out_1_reg_replica_1/C (clocked by clk_fpga_0) and broncho_video_i/clahe_ip_0/inst/u_clahe_ip_axi_lite_inst/u_clahe_ip_addr_decoder_inst/data_reg_axi4_stream_video_0_slave_image_height_1_1_reg[4]/S (clocked by clk_fpga_1). Large setup violations at the end of those stages might be difficult to fix during the post-placement implementation flow and could be the result of non-optimal XDC constraints or non-optimal design architecture
Related violations: <none>

TIMING-16#391 Warning
Large setup violation  
There is a large setup violation of -2.049 ns between broncho_video_i/clahe_ip_0/inst/u_clahe_ip_reset_sync_inst/reset_out_1_reg_replica_3/C (clocked by clk_fpga_0) and broncho_video_i/clahe_ip_0/inst/u_clahe_ip_axi_lite_inst/u_clahe_ip_addr_decoder_inst/data_reg_axi4_stream_video_0_slave_hporch_1_1_reg[1]/R (clocked by clk_fpga_1). Large setup violations at the end of those stages might be difficult to fix during the post-placement implementation flow and could be the result of non-optimal XDC constraints or non-optimal design architecture
Related violations: <none>

TIMING-16#392 Warning
Large setup violation  
There is a large setup violation of -2.049 ns between broncho_video_i/clahe_ip_0/inst/u_clahe_ip_reset_sync_inst/reset_out_1_reg_replica_3/C (clocked by clk_fpga_0) and broncho_video_i/clahe_ip_0/inst/u_clahe_ip_axi_lite_inst/u_clahe_ip_addr_decoder_inst/data_reg_axi4_stream_video_0_slave_hporch_1_1_reg[2]/R (clocked by clk_fpga_1). Large setup violations at the end of those stages might be difficult to fix during the post-placement implementation flow and could be the result of non-optimal XDC constraints or non-optimal design architecture
Related violations: <none>

TIMING-16#393 Warning
Large setup violation  
There is a large setup violation of -2.049 ns between broncho_video_i/clahe_ip_0/inst/u_clahe_ip_reset_sync_inst/reset_out_1_reg_replica_3/C (clocked by clk_fpga_0) and broncho_video_i/clahe_ip_0/inst/u_clahe_ip_axi_lite_inst/u_clahe_ip_addr_decoder_inst/data_reg_axi4_stream_video_0_slave_hporch_1_1_reg[3]/S (clocked by clk_fpga_1). Large setup violations at the end of those stages might be difficult to fix during the post-placement implementation flow and could be the result of non-optimal XDC constraints or non-optimal design architecture
Related violations: <none>

TIMING-16#394 Warning
Large setup violation  
There is a large setup violation of -2.068 ns between broncho_video_i/axi_vdma_0/U0/I_PRMRY_DATAMOVER/GEN_S2MM_FULL.I_S2MM_FULL_WRAPPER/I_RESET/sig_cmd_stat_rst_user_reg_n_cdc_from_reg/C (clocked by clk_fpga_0) and broncho_video_i/axi_vdma_0/U0/I_PRMRY_DATAMOVER/GEN_S2MM_FULL.I_S2MM_FULL_WRAPPER/GEN_ENABLE_INDET_BTT_SF.I_INDET_BTT/ENABLE_AXIS_SKID.I_INDET_BTT_SKID_BUF/sig_last_reg_out_reg/R (clocked by clk_fpga_0). Large setup violations at the end of those stages might be difficult to fix during the post-placement implementation flow and could be the result of non-optimal XDC constraints or non-optimal design architecture
Related violations: <none>

TIMING-16#395 Warning
Large setup violation  
There is a large setup violation of -2.068 ns between broncho_video_i/axi_vdma_0/U0/I_PRMRY_DATAMOVER/GEN_S2MM_FULL.I_S2MM_FULL_WRAPPER/I_RESET/sig_cmd_stat_rst_user_reg_n_cdc_from_reg/C (clocked by clk_fpga_0) and broncho_video_i/axi_vdma_0/U0/I_PRMRY_DATAMOVER/GEN_S2MM_FULL.I_S2MM_FULL_WRAPPER/GEN_ENABLE_INDET_BTT_SF.I_INDET_BTT/ENABLE_AXIS_SKID.I_INDET_BTT_SKID_BUF/sig_strb_reg_out_reg[8]/R (clocked by clk_fpga_0). Large setup violations at the end of those stages might be difficult to fix during the post-placement implementation flow and could be the result of non-optimal XDC constraints or non-optimal design architecture
Related violations: <none>

TIMING-16#396 Warning
Large setup violation  
There is a large setup violation of -2.072 ns between broncho_video_i/clahe_ip_0/inst/u_clahe_ip_reset_sync_inst/reset_out_1_reg_replica/C (clocked by clk_fpga_0) and broncho_video_i/clahe_ip_0/inst/u_clahe_ip_axi_lite_inst/u_clahe_ip_addr_decoder_inst/data_reg_axi_enable_1_1_reg_replica_16/D (clocked by clk_fpga_1). Large setup violations at the end of those stages might be difficult to fix during the post-placement implementation flow and could be the result of non-optimal XDC constraints or non-optimal design architecture
Related violations: <none>

TIMING-16#397 Warning
Large setup violation  
There is a large setup violation of -2.077 ns between broncho_video_i/clahe_ip_0/inst/u_clahe_ip_reset_sync_inst/reset_out_1_reg_replica_3/C (clocked by clk_fpga_0) and broncho_video_i/clahe_ip_0/inst/u_clahe_ip_axi_lite_inst/u_clahe_ip_addr_decoder_inst/data_reg_axi4_stream_video_0_slave_hporch_1_1_reg[7]/R (clocked by clk_fpga_1). Large setup violations at the end of those stages might be difficult to fix during the post-placement implementation flow and could be the result of non-optimal XDC constraints or non-optimal design architecture
Related violations: <none>

TIMING-16#398 Warning
Large setup violation  
There is a large setup violation of -2.086 ns between broncho_video_i/clahe_ip_0/inst/u_clahe_ip_reset_sync_inst/reset_out_1_reg_replica_3/C (clocked by clk_fpga_0) and broncho_video_i/clahe_ip_0/inst/u_clahe_ip_axi_lite_inst/u_clahe_ip_addr_decoder_inst/data_reg_axi4_stream_video_0_slave_hporch_1_1_reg[9]/R (clocked by clk_fpga_1). Large setup violations at the end of those stages might be difficult to fix during the post-placement implementation flow and could be the result of non-optimal XDC constraints or non-optimal design architecture
Related violations: <none>

TIMING-16#399 Warning
Large setup violation  
There is a large setup violation of -2.089 ns between broncho_video_i/clahe_ip_0/inst/u_clahe_ip_axi_lite_inst/u_clahe_ip_axi_lite_module_inst/u_clahe_ip_reset_hold_inst/reset_hold_module_reset_pending_reg_reg/C (clocked by clk_fpga_1) and broncho_video_i/clahe_ip_0/inst/u_clahe_ip_axi4_master_0_rd_inst/FSM_onehot_axi4_master_rd_rd_state_reg[2]/D (clocked by clk_fpga_0). Large setup violations at the end of those stages might be difficult to fix during the post-placement implementation flow and could be the result of non-optimal XDC constraints or non-optimal design architecture
Related violations: <none>

TIMING-16#400 Warning
Large setup violation  
There is a large setup violation of -2.091 ns between broncho_video_i/clahe_ip_0/inst/u_clahe_ip_reset_sync_inst/reset_out_1_reg_replica_1/C (clocked by clk_fpga_0) and broncho_video_i/clahe_ip_0/inst/u_clahe_ip_axi_lite_inst/u_clahe_ip_addr_decoder_inst/data_reg_axi4_stream_video_0_slave_image_height_1_1_reg[12]/R (clocked by clk_fpga_1). Large setup violations at the end of those stages might be difficult to fix during the post-placement implementation flow and could be the result of non-optimal XDC constraints or non-optimal design architecture
Related violations: <none>

TIMING-16#401 Warning
Large setup violation  
There is a large setup violation of -2.096 ns between broncho_video_i/clahe_ip_0/inst/u_clahe_ip_reset_sync_inst/reset_out_1_reg_replica_3/C (clocked by clk_fpga_0) and broncho_video_i/clahe_ip_0/inst/u_clahe_ip_axi_lite_inst/u_clahe_ip_addr_decoder_inst/data_reg_axi4_stream_video_0_slave_vporch_1_1_reg[1]/R (clocked by clk_fpga_1). Large setup violations at the end of those stages might be difficult to fix during the post-placement implementation flow and could be the result of non-optimal XDC constraints or non-optimal design architecture
Related violations: <none>

TIMING-16#402 Warning
Large setup violation  
There is a large setup violation of -2.101 ns between broncho_video_i/axi_vdma_0/U0/I_PRMRY_DATAMOVER/GEN_S2MM_FULL.I_S2MM_FULL_WRAPPER/I_RESET/sig_cmd_stat_rst_user_reg_n_cdc_from_reg/C (clocked by clk_fpga_0) and broncho_video_i/axi_vdma_0/U0/I_PRMRY_DATAMOVER/GEN_S2MM_FULL.I_S2MM_FULL_WRAPPER/GEN_ENABLE_INDET_BTT_SF.I_INDET_BTT/INCLUDE_PACKING.DO_REG_SLICES[3].lsig_flag_slice_reg_reg[3][1]/R (clocked by clk_fpga_0). Large setup violations at the end of those stages might be difficult to fix during the post-placement implementation flow and could be the result of non-optimal XDC constraints or non-optimal design architecture
Related violations: <none>

TIMING-16#403 Warning
Large setup violation  
There is a large setup violation of -2.105 ns between broncho_video_i/clahe_ip_0/inst/u_clahe_ip_axi_lite_inst/u_clahe_ip_axi_lite_module_inst/u_clahe_ip_reset_hold_inst/reset_hold_module_reset_pending_reg_reg/C (clocked by clk_fpga_1) and broncho_video_i/clahe_ip_0/inst/u_clahe_ip_axi4_master_0_rd_inst/FSM_onehot_axi4_master_rd_rd_state_reg[0]/D (clocked by clk_fpga_0). Large setup violations at the end of those stages might be difficult to fix during the post-placement implementation flow and could be the result of non-optimal XDC constraints or non-optimal design architecture
Related violations: <none>

TIMING-16#404 Warning
Large setup violation  
There is a large setup violation of -2.110 ns between broncho_video_i/clahe_ip_0/inst/u_clahe_ip_axi_lite_inst/u_clahe_ip_addr_decoder_inst/data_reg_axi_enable_1_1_reg_replica_16/C (clocked by clk_fpga_1) and broncho_video_i/clahe_ip_0/inst/u_clahe_ip_dut_inst/u_clahe_ip_src_CLAHE/u_AXI4_Master_Read_Controller/blank_count_reg[0]/CE (clocked by clk_fpga_0). Large setup violations at the end of those stages might be difficult to fix during the post-placement implementation flow and could be the result of non-optimal XDC constraints or non-optimal design architecture
Related violations: <none>

TIMING-16#405 Warning
Large setup violation  
There is a large setup violation of -2.110 ns between broncho_video_i/clahe_ip_0/inst/u_clahe_ip_axi_lite_inst/u_clahe_ip_addr_decoder_inst/data_reg_axi_enable_1_1_reg_replica_16/C (clocked by clk_fpga_1) and broncho_video_i/clahe_ip_0/inst/u_clahe_ip_dut_inst/u_clahe_ip_src_CLAHE/u_AXI4_Master_Read_Controller/blank_count_reg[1]/CE (clocked by clk_fpga_0). Large setup violations at the end of those stages might be difficult to fix during the post-placement implementation flow and could be the result of non-optimal XDC constraints or non-optimal design architecture
Related violations: <none>

TIMING-16#406 Warning
Large setup violation  
There is a large setup violation of -2.110 ns between broncho_video_i/clahe_ip_0/inst/u_clahe_ip_axi_lite_inst/u_clahe_ip_addr_decoder_inst/data_reg_axi_enable_1_1_reg_replica_16/C (clocked by clk_fpga_1) and broncho_video_i/clahe_ip_0/inst/u_clahe_ip_dut_inst/u_clahe_ip_src_CLAHE/u_AXI4_Master_Read_Controller/blank_count_reg[2]/CE (clocked by clk_fpga_0). Large setup violations at the end of those stages might be difficult to fix during the post-placement implementation flow and could be the result of non-optimal XDC constraints or non-optimal design architecture
Related violations: <none>

TIMING-16#407 Warning
Large setup violation  
There is a large setup violation of -2.110 ns between broncho_video_i/clahe_ip_0/inst/u_clahe_ip_axi_lite_inst/u_clahe_ip_addr_decoder_inst/data_reg_axi_enable_1_1_reg_replica_16/C (clocked by clk_fpga_1) and broncho_video_i/clahe_ip_0/inst/u_clahe_ip_dut_inst/u_clahe_ip_src_CLAHE/u_AXI4_Master_Read_Controller/blank_count_reg[6]/CE (clocked by clk_fpga_0). Large setup violations at the end of those stages might be difficult to fix during the post-placement implementation flow and could be the result of non-optimal XDC constraints or non-optimal design architecture
Related violations: <none>

TIMING-16#408 Warning
Large setup violation  
There is a large setup violation of -2.110 ns between broncho_video_i/clahe_ip_0/inst/u_clahe_ip_axi_lite_inst/u_clahe_ip_addr_decoder_inst/data_reg_axi_enable_1_1_reg_replica_16/C (clocked by clk_fpga_1) and broncho_video_i/clahe_ip_0/inst/u_clahe_ip_dut_inst/u_clahe_ip_src_CLAHE/u_AXI4_Master_Read_Controller/blank_count_reg[7]/CE (clocked by clk_fpga_0). Large setup violations at the end of those stages might be difficult to fix during the post-placement implementation flow and could be the result of non-optimal XDC constraints or non-optimal design architecture
Related violations: <none>

TIMING-16#409 Warning
Large setup violation  
There is a large setup violation of -2.128 ns between broncho_video_i/clahe_ip_0/inst/u_clahe_ip_reset_sync_inst/reset_out_1_reg_replica/C (clocked by clk_fpga_0) and broncho_video_i/clahe_ip_0/inst/u_clahe_ip_axi_lite_inst/u_clahe_ip_addr_decoder_inst/data_reg_axi_enable_1_1_reg_replica_24/D (clocked by clk_fpga_1). Large setup violations at the end of those stages might be difficult to fix during the post-placement implementation flow and could be the result of non-optimal XDC constraints or non-optimal design architecture
Related violations: <none>

TIMING-16#410 Warning
Large setup violation  
There is a large setup violation of -2.129 ns between broncho_video_i/clahe_ip_0/inst/u_clahe_ip_reset_sync_inst/reset_out_1_reg_replica/C (clocked by clk_fpga_0) and broncho_video_i/clahe_ip_0/inst/u_clahe_ip_axi_lite_inst/u_clahe_ip_addr_decoder_inst/data_reg_axi_enable_1_1_reg_replica_25/D (clocked by clk_fpga_1). Large setup violations at the end of those stages might be difficult to fix during the post-placement implementation flow and could be the result of non-optimal XDC constraints or non-optimal design architecture
Related violations: <none>

TIMING-16#411 Warning
Large setup violation  
There is a large setup violation of -2.131 ns between broncho_video_i/clahe_ip_0/inst/u_clahe_ip_reset_sync_inst/reset_out_1_reg_replica/C (clocked by clk_fpga_0) and broncho_video_i/clahe_ip_0/inst/u_clahe_ip_axi_lite_inst/u_clahe_ip_addr_decoder_inst/data_reg_axi_enable_1_1_reg/D (clocked by clk_fpga_1). Large setup violations at the end of those stages might be difficult to fix during the post-placement implementation flow and could be the result of non-optimal XDC constraints or non-optimal design architecture
Related violations: <none>

TIMING-16#412 Warning
Large setup violation  
There is a large setup violation of -2.139 ns between broncho_video_i/clahe_ip_0/inst/u_clahe_ip_reset_sync_inst/reset_out_1_reg_replica_4/C (clocked by clk_fpga_0) and broncho_video_i/clahe_ip_0/inst/u_clahe_ip_axi_lite_inst/u_clahe_ip_addr_decoder_inst/data_reg_AXI4_Master_0_Wr_base_address_1_1_reg[17]/R (clocked by clk_fpga_1). Large setup violations at the end of those stages might be difficult to fix during the post-placement implementation flow and could be the result of non-optimal XDC constraints or non-optimal design architecture
Related violations: <none>

TIMING-16#413 Warning
Large setup violation  
There is a large setup violation of -2.139 ns between broncho_video_i/clahe_ip_0/inst/u_clahe_ip_reset_sync_inst/reset_out_1_reg_replica_4/C (clocked by clk_fpga_0) and broncho_video_i/clahe_ip_0/inst/u_clahe_ip_axi_lite_inst/u_clahe_ip_addr_decoder_inst/data_reg_AXI4_Master_0_Wr_base_address_1_1_reg[21]/R (clocked by clk_fpga_1). Large setup violations at the end of those stages might be difficult to fix during the post-placement implementation flow and could be the result of non-optimal XDC constraints or non-optimal design architecture
Related violations: <none>

TIMING-16#414 Warning
Large setup violation  
There is a large setup violation of -2.139 ns between broncho_video_i/clahe_ip_0/inst/u_clahe_ip_reset_sync_inst/reset_out_1_reg_replica_4/C (clocked by clk_fpga_0) and broncho_video_i/clahe_ip_0/inst/u_clahe_ip_axi_lite_inst/u_clahe_ip_addr_decoder_inst/data_reg_AXI4_Master_0_Wr_base_address_1_1_reg[22]/R (clocked by clk_fpga_1). Large setup violations at the end of those stages might be difficult to fix during the post-placement implementation flow and could be the result of non-optimal XDC constraints or non-optimal design architecture
Related violations: <none>

TIMING-16#415 Warning
Large setup violation  
There is a large setup violation of -2.139 ns between broncho_video_i/clahe_ip_0/inst/u_clahe_ip_reset_sync_inst/reset_out_1_reg_replica_4/C (clocked by clk_fpga_0) and broncho_video_i/clahe_ip_0/inst/u_clahe_ip_axi_lite_inst/u_clahe_ip_addr_decoder_inst/data_reg_AXI4_Master_0_Wr_base_address_1_1_reg[24]/R (clocked by clk_fpga_1). Large setup violations at the end of those stages might be difficult to fix during the post-placement implementation flow and could be the result of non-optimal XDC constraints or non-optimal design architecture
Related violations: <none>

TIMING-16#416 Warning
Large setup violation  
There is a large setup violation of -2.139 ns between broncho_video_i/clahe_ip_0/inst/u_clahe_ip_reset_sync_inst/reset_out_1_reg_replica_4/C (clocked by clk_fpga_0) and broncho_video_i/clahe_ip_0/inst/u_clahe_ip_axi_lite_inst/u_clahe_ip_addr_decoder_inst/data_reg_AXI4_Master_0_Wr_base_address_1_1_reg[25]/R (clocked by clk_fpga_1). Large setup violations at the end of those stages might be difficult to fix during the post-placement implementation flow and could be the result of non-optimal XDC constraints or non-optimal design architecture
Related violations: <none>

TIMING-16#417 Warning
Large setup violation  
There is a large setup violation of -2.139 ns between broncho_video_i/clahe_ip_0/inst/u_clahe_ip_reset_sync_inst/reset_out_1_reg_replica_4/C (clocked by clk_fpga_0) and broncho_video_i/clahe_ip_0/inst/u_clahe_ip_axi_lite_inst/u_clahe_ip_addr_decoder_inst/data_reg_AXI4_Master_0_Wr_base_address_1_1_reg[26]/R (clocked by clk_fpga_1). Large setup violations at the end of those stages might be difficult to fix during the post-placement implementation flow and could be the result of non-optimal XDC constraints or non-optimal design architecture
Related violations: <none>

TIMING-16#418 Warning
Large setup violation  
There is a large setup violation of -2.139 ns between broncho_video_i/clahe_ip_0/inst/u_clahe_ip_reset_sync_inst/reset_out_1_reg_replica_4/C (clocked by clk_fpga_0) and broncho_video_i/clahe_ip_0/inst/u_clahe_ip_axi_lite_inst/u_clahe_ip_addr_decoder_inst/data_reg_AXI4_Master_0_Wr_base_address_1_1_reg[27]/R (clocked by clk_fpga_1). Large setup violations at the end of those stages might be difficult to fix during the post-placement implementation flow and could be the result of non-optimal XDC constraints or non-optimal design architecture
Related violations: <none>

TIMING-16#419 Warning
Large setup violation  
There is a large setup violation of -2.150 ns between broncho_video_i/clahe_ip_0/inst/u_clahe_ip_reset_sync_inst/reset_out_1_reg_replica/C (clocked by clk_fpga_0) and broncho_video_i/clahe_ip_0/inst/u_clahe_ip_axi_lite_inst/u_clahe_ip_addr_decoder_inst/data_reg_axi_enable_1_1_reg_replica_4/D (clocked by clk_fpga_1). Large setup violations at the end of those stages might be difficult to fix during the post-placement implementation flow and could be the result of non-optimal XDC constraints or non-optimal design architecture
Related violations: <none>

TIMING-16#420 Warning
Large setup violation  
There is a large setup violation of -2.155 ns between broncho_video_i/clahe_ip_0/inst/u_clahe_ip_reset_sync_inst/reset_out_1_reg_replica_4/C (clocked by clk_fpga_0) and broncho_video_i/clahe_ip_0/inst/u_clahe_ip_axi_lite_inst/u_clahe_ip_addr_decoder_inst/data_reg_axi4_stream_video_0_slave_hporch_1_1_reg[0]/R (clocked by clk_fpga_1). Large setup violations at the end of those stages might be difficult to fix during the post-placement implementation flow and could be the result of non-optimal XDC constraints or non-optimal design architecture
Related violations: <none>

TIMING-16#421 Warning
Large setup violation  
There is a large setup violation of -2.160 ns between broncho_video_i/clahe_ip_0/inst/u_clahe_ip_axi_lite_inst/u_clahe_ip_addr_decoder_inst/data_reg_axi_enable_1_1_reg_replica_16/C (clocked by clk_fpga_1) and broncho_video_i/clahe_ip_0/inst/u_clahe_ip_dut_inst/u_clahe_ip_src_CLAHE/u_AXI4_Master_Read_Controller/blank_count_reg[3]/CE (clocked by clk_fpga_0). Large setup violations at the end of those stages might be difficult to fix during the post-placement implementation flow and could be the result of non-optimal XDC constraints or non-optimal design architecture
Related violations: <none>

TIMING-16#422 Warning
Large setup violation  
There is a large setup violation of -2.160 ns between broncho_video_i/clahe_ip_0/inst/u_clahe_ip_axi_lite_inst/u_clahe_ip_addr_decoder_inst/data_reg_axi_enable_1_1_reg_replica_16/C (clocked by clk_fpga_1) and broncho_video_i/clahe_ip_0/inst/u_clahe_ip_dut_inst/u_clahe_ip_src_CLAHE/u_AXI4_Master_Read_Controller/blank_count_reg[4]/CE (clocked by clk_fpga_0). Large setup violations at the end of those stages might be difficult to fix during the post-placement implementation flow and could be the result of non-optimal XDC constraints or non-optimal design architecture
Related violations: <none>

TIMING-16#423 Warning
Large setup violation  
There is a large setup violation of -2.160 ns between broncho_video_i/clahe_ip_0/inst/u_clahe_ip_axi_lite_inst/u_clahe_ip_addr_decoder_inst/data_reg_axi_enable_1_1_reg_replica_16/C (clocked by clk_fpga_1) and broncho_video_i/clahe_ip_0/inst/u_clahe_ip_dut_inst/u_clahe_ip_src_CLAHE/u_AXI4_Master_Read_Controller/blank_count_reg[5]/CE (clocked by clk_fpga_0). Large setup violations at the end of those stages might be difficult to fix during the post-placement implementation flow and could be the result of non-optimal XDC constraints or non-optimal design architecture
Related violations: <none>

TIMING-16#424 Warning
Large setup violation  
There is a large setup violation of -2.163 ns between broncho_video_i/clahe_ip_0/inst/u_clahe_ip_reset_sync_inst/reset_out_1_reg_replica_4/C (clocked by clk_fpga_0) and broncho_video_i/clahe_ip_0/inst/u_clahe_ip_axi_lite_inst/u_clahe_ip_addr_decoder_inst/data_reg_axi4_stream_video_0_slave_image_width_1_1_reg[4]/R (clocked by clk_fpga_1). Large setup violations at the end of those stages might be difficult to fix during the post-placement implementation flow and could be the result of non-optimal XDC constraints or non-optimal design architecture
Related violations: <none>

TIMING-16#425 Warning
Large setup violation  
There is a large setup violation of -2.163 ns between broncho_video_i/clahe_ip_0/inst/u_clahe_ip_reset_sync_inst/reset_out_1_reg_replica_4/C (clocked by clk_fpga_0) and broncho_video_i/clahe_ip_0/inst/u_clahe_ip_axi_lite_inst/u_clahe_ip_addr_decoder_inst/data_reg_axi4_stream_video_0_slave_image_width_1_1_reg[6]/R (clocked by clk_fpga_1). Large setup violations at the end of those stages might be difficult to fix during the post-placement implementation flow and could be the result of non-optimal XDC constraints or non-optimal design architecture
Related violations: <none>

TIMING-16#426 Warning
Large setup violation  
There is a large setup violation of -2.163 ns between broncho_video_i/clahe_ip_0/inst/u_clahe_ip_reset_sync_inst/reset_out_1_reg_replica_4/C (clocked by clk_fpga_0) and broncho_video_i/clahe_ip_0/inst/u_clahe_ip_axi_lite_inst/u_clahe_ip_addr_decoder_inst/data_reg_axi4_stream_video_0_slave_image_width_1_1_reg[7]/S (clocked by clk_fpga_1). Large setup violations at the end of those stages might be difficult to fix during the post-placement implementation flow and could be the result of non-optimal XDC constraints or non-optimal design architecture
Related violations: <none>

TIMING-16#427 Warning
Large setup violation  
There is a large setup violation of -2.163 ns between broncho_video_i/clahe_ip_0/inst/u_clahe_ip_reset_sync_inst/reset_out_1_reg_replica_4/C (clocked by clk_fpga_0) and broncho_video_i/clahe_ip_0/inst/u_clahe_ip_axi_lite_inst/u_clahe_ip_addr_decoder_inst/data_reg_axi4_stream_video_0_slave_image_width_1_1_reg[9]/S (clocked by clk_fpga_1). Large setup violations at the end of those stages might be difficult to fix during the post-placement implementation flow and could be the result of non-optimal XDC constraints or non-optimal design architecture
Related violations: <none>

TIMING-16#428 Warning
Large setup violation  
There is a large setup violation of -2.164 ns between broncho_video_i/clahe_ip_0/inst/u_clahe_ip_reset_sync_inst/reset_out_1_reg_replica_4/C (clocked by clk_fpga_0) and broncho_video_i/clahe_ip_0/inst/u_clahe_ip_axi_lite_inst/u_clahe_ip_addr_decoder_inst/data_reg_axi4_stream_video_0_slave_hporch_1_1_reg[4]/S (clocked by clk_fpga_1). Large setup violations at the end of those stages might be difficult to fix during the post-placement implementation flow and could be the result of non-optimal XDC constraints or non-optimal design architecture
Related violations: <none>

TIMING-16#429 Warning
Large setup violation  
There is a large setup violation of -2.164 ns between broncho_video_i/clahe_ip_0/inst/u_clahe_ip_reset_sync_inst/reset_out_1_reg_replica_4/C (clocked by clk_fpga_0) and broncho_video_i/clahe_ip_0/inst/u_clahe_ip_axi_lite_inst/u_clahe_ip_addr_decoder_inst/data_reg_axi4_stream_video_0_slave_hporch_1_1_reg[5]/R (clocked by clk_fpga_1). Large setup violations at the end of those stages might be difficult to fix during the post-placement implementation flow and could be the result of non-optimal XDC constraints or non-optimal design architecture
Related violations: <none>

TIMING-16#430 Warning
Large setup violation  
There is a large setup violation of -2.164 ns between broncho_video_i/clahe_ip_0/inst/u_clahe_ip_reset_sync_inst/reset_out_1_reg_replica_4/C (clocked by clk_fpga_0) and broncho_video_i/clahe_ip_0/inst/u_clahe_ip_axi_lite_inst/u_clahe_ip_addr_decoder_inst/data_reg_axi4_stream_video_0_slave_hporch_1_1_reg[6]/R (clocked by clk_fpga_1). Large setup violations at the end of those stages might be difficult to fix during the post-placement implementation flow and could be the result of non-optimal XDC constraints or non-optimal design architecture
Related violations: <none>

TIMING-16#431 Warning
Large setup violation  
There is a large setup violation of -2.180 ns between broncho_video_i/clahe_ip_0/inst/u_clahe_ip_axi_lite_inst/u_clahe_ip_axi_lite_module_inst/u_clahe_ip_reset_hold_inst/reset_hold_module_reset_pending_reg_reg/C (clocked by clk_fpga_1) and broncho_video_i/clahe_ip_0/inst/u_clahe_ip_axi4_master_0_wr_inst/FSM_sequential_axi4_master_wr_wr_dstate_reg[1]/D (clocked by clk_fpga_0). Large setup violations at the end of those stages might be difficult to fix during the post-placement implementation flow and could be the result of non-optimal XDC constraints or non-optimal design architecture
Related violations: <none>

TIMING-16#432 Warning
Large setup violation  
There is a large setup violation of -2.202 ns between broncho_video_i/clahe_ip_0/inst/u_clahe_ip_axi_lite_inst/u_clahe_ip_axi_lite_module_inst/u_clahe_ip_reset_hold_inst/reset_hold_module_reset_pending_reg_reg/C (clocked by clk_fpga_1) and broncho_video_i/clahe_ip_0/inst/u_clahe_ip_axi4_master_0_rd_inst/FSM_onehot_axi4_master_rd_rd_state_reg[1]/D (clocked by clk_fpga_0). Large setup violations at the end of those stages might be difficult to fix during the post-placement implementation flow and could be the result of non-optimal XDC constraints or non-optimal design architecture
Related violations: <none>

TIMING-16#433 Warning
Large setup violation  
There is a large setup violation of -2.215 ns between broncho_video_i/clahe_ip_0/inst/u_clahe_ip_reset_sync_inst/reset_out_1_reg_replica/C (clocked by clk_fpga_0) and broncho_video_i/clahe_ip_0/inst/u_clahe_ip_axi_lite_inst/u_clahe_ip_addr_decoder_inst/data_reg_axi_enable_1_1_reg_replica_23/D (clocked by clk_fpga_1). Large setup violations at the end of those stages might be difficult to fix during the post-placement implementation flow and could be the result of non-optimal XDC constraints or non-optimal design architecture
Related violations: <none>

TIMING-16#434 Warning
Large setup violation  
There is a large setup violation of -2.224 ns between broncho_video_i/axi_vdma_0/U0/I_PRMRY_DATAMOVER/GEN_S2MM_FULL.I_S2MM_FULL_WRAPPER/I_RESET/sig_cmd_stat_rst_user_reg_n_cdc_from_reg/C (clocked by clk_fpga_0) and broncho_video_i/axi_vdma_0/U0/I_PRMRY_DATAMOVER/GEN_S2MM_FULL.I_S2MM_FULL_WRAPPER/GEN_ENABLE_INDET_BTT_SF.I_INDET_BTT/ENABLE_AXIS_SKID.I_INDET_BTT_SKID_BUF/sig_data_skid_reg_reg[0]/R (clocked by clk_fpga_0). Large setup violations at the end of those stages might be difficult to fix during the post-placement implementation flow and could be the result of non-optimal XDC constraints or non-optimal design architecture
Related violations: <none>

TIMING-16#435 Warning
Large setup violation  
There is a large setup violation of -2.224 ns between broncho_video_i/axi_vdma_0/U0/I_PRMRY_DATAMOVER/GEN_S2MM_FULL.I_S2MM_FULL_WRAPPER/I_RESET/sig_cmd_stat_rst_user_reg_n_cdc_from_reg/C (clocked by clk_fpga_0) and broncho_video_i/axi_vdma_0/U0/I_PRMRY_DATAMOVER/GEN_S2MM_FULL.I_S2MM_FULL_WRAPPER/GEN_ENABLE_INDET_BTT_SF.I_INDET_BTT/ENABLE_AXIS_SKID.I_INDET_BTT_SKID_BUF/sig_data_skid_reg_reg[10]/R (clocked by clk_fpga_0). Large setup violations at the end of those stages might be difficult to fix during the post-placement implementation flow and could be the result of non-optimal XDC constraints or non-optimal design architecture
Related violations: <none>

TIMING-16#436 Warning
Large setup violation  
There is a large setup violation of -2.224 ns between broncho_video_i/axi_vdma_0/U0/I_PRMRY_DATAMOVER/GEN_S2MM_FULL.I_S2MM_FULL_WRAPPER/I_RESET/sig_cmd_stat_rst_user_reg_n_cdc_from_reg/C (clocked by clk_fpga_0) and broncho_video_i/axi_vdma_0/U0/I_PRMRY_DATAMOVER/GEN_S2MM_FULL.I_S2MM_FULL_WRAPPER/GEN_ENABLE_INDET_BTT_SF.I_INDET_BTT/ENABLE_AXIS_SKID.I_INDET_BTT_SKID_BUF/sig_data_skid_reg_reg[24]/R (clocked by clk_fpga_0). Large setup violations at the end of those stages might be difficult to fix during the post-placement implementation flow and could be the result of non-optimal XDC constraints or non-optimal design architecture
Related violations: <none>

TIMING-16#437 Warning
Large setup violation  
There is a large setup violation of -2.224 ns between broncho_video_i/axi_vdma_0/U0/I_PRMRY_DATAMOVER/GEN_S2MM_FULL.I_S2MM_FULL_WRAPPER/I_RESET/sig_cmd_stat_rst_user_reg_n_cdc_from_reg/C (clocked by clk_fpga_0) and broncho_video_i/axi_vdma_0/U0/I_PRMRY_DATAMOVER/GEN_S2MM_FULL.I_S2MM_FULL_WRAPPER/GEN_ENABLE_INDET_BTT_SF.I_INDET_BTT/ENABLE_AXIS_SKID.I_INDET_BTT_SKID_BUF/sig_data_skid_reg_reg[28]/R (clocked by clk_fpga_0). Large setup violations at the end of those stages might be difficult to fix during the post-placement implementation flow and could be the result of non-optimal XDC constraints or non-optimal design architecture
Related violations: <none>

TIMING-16#438 Warning
Large setup violation  
There is a large setup violation of -2.224 ns between broncho_video_i/axi_vdma_0/U0/I_PRMRY_DATAMOVER/GEN_S2MM_FULL.I_S2MM_FULL_WRAPPER/I_RESET/sig_cmd_stat_rst_user_reg_n_cdc_from_reg/C (clocked by clk_fpga_0) and broncho_video_i/axi_vdma_0/U0/I_PRMRY_DATAMOVER/GEN_S2MM_FULL.I_S2MM_FULL_WRAPPER/GEN_ENABLE_INDET_BTT_SF.I_INDET_BTT/ENABLE_AXIS_SKID.I_INDET_BTT_SKID_BUF/sig_data_skid_reg_reg[55]/R (clocked by clk_fpga_0). Large setup violations at the end of those stages might be difficult to fix during the post-placement implementation flow and could be the result of non-optimal XDC constraints or non-optimal design architecture
Related violations: <none>

TIMING-16#439 Warning
Large setup violation  
There is a large setup violation of -2.224 ns between broncho_video_i/axi_vdma_0/U0/I_PRMRY_DATAMOVER/GEN_S2MM_FULL.I_S2MM_FULL_WRAPPER/I_RESET/sig_cmd_stat_rst_user_reg_n_cdc_from_reg/C (clocked by clk_fpga_0) and broncho_video_i/axi_vdma_0/U0/I_PRMRY_DATAMOVER/GEN_S2MM_FULL.I_S2MM_FULL_WRAPPER/GEN_ENABLE_INDET_BTT_SF.I_INDET_BTT/ENABLE_AXIS_SKID.I_INDET_BTT_SKID_BUF/sig_data_skid_reg_reg[56]/R (clocked by clk_fpga_0). Large setup violations at the end of those stages might be difficult to fix during the post-placement implementation flow and could be the result of non-optimal XDC constraints or non-optimal design architecture
Related violations: <none>

TIMING-16#440 Warning
Large setup violation  
There is a large setup violation of -2.224 ns between broncho_video_i/axi_vdma_0/U0/I_PRMRY_DATAMOVER/GEN_S2MM_FULL.I_S2MM_FULL_WRAPPER/I_RESET/sig_cmd_stat_rst_user_reg_n_cdc_from_reg/C (clocked by clk_fpga_0) and broncho_video_i/axi_vdma_0/U0/I_PRMRY_DATAMOVER/GEN_S2MM_FULL.I_S2MM_FULL_WRAPPER/GEN_ENABLE_INDET_BTT_SF.I_INDET_BTT/ENABLE_AXIS_SKID.I_INDET_BTT_SKID_BUF/sig_data_skid_reg_reg[58]/R (clocked by clk_fpga_0). Large setup violations at the end of those stages might be difficult to fix during the post-placement implementation flow and could be the result of non-optimal XDC constraints or non-optimal design architecture
Related violations: <none>

TIMING-16#441 Warning
Large setup violation  
There is a large setup violation of -2.224 ns between broncho_video_i/axi_vdma_0/U0/I_PRMRY_DATAMOVER/GEN_S2MM_FULL.I_S2MM_FULL_WRAPPER/I_RESET/sig_cmd_stat_rst_user_reg_n_cdc_from_reg/C (clocked by clk_fpga_0) and broncho_video_i/axi_vdma_0/U0/I_PRMRY_DATAMOVER/GEN_S2MM_FULL.I_S2MM_FULL_WRAPPER/GEN_ENABLE_INDET_BTT_SF.I_INDET_BTT/ENABLE_AXIS_SKID.I_INDET_BTT_SKID_BUF/sig_data_skid_reg_reg[60]/R (clocked by clk_fpga_0). Large setup violations at the end of those stages might be difficult to fix during the post-placement implementation flow and could be the result of non-optimal XDC constraints or non-optimal design architecture
Related violations: <none>

TIMING-16#442 Warning
Large setup violation  
There is a large setup violation of -2.228 ns between broncho_video_i/clahe_ip_0/inst/u_clahe_ip_axi_lite_inst/u_clahe_ip_addr_decoder_inst/data_reg_axi_enable_1_1_reg_replica_4/C (clocked by clk_fpga_1) and broncho_video_i/clahe_ip_0/inst/u_clahe_ip_dut_inst/u_clahe_ip_src_CLAHE/u_AXI4_Master_Write_Controller/wstate_reg[1]/D (clocked by clk_fpga_0). Large setup violations at the end of those stages might be difficult to fix during the post-placement implementation flow and could be the result of non-optimal XDC constraints or non-optimal design architecture
Related violations: <none>

TIMING-16#443 Warning
Large setup violation  
There is a large setup violation of -2.229 ns between broncho_video_i/clahe_ip_0/inst/u_clahe_ip_axi_lite_inst/u_clahe_ip_axi_lite_module_inst/u_clahe_ip_reset_hold_inst/reset_hold_module_reset_pending_reg_reg/C (clocked by clk_fpga_1) and broncho_video_i/clahe_ip_0/inst/u_clahe_ip_axi4_master_0_wr_inst/FSM_sequential_axi4_master_wr_wr_dstate_reg[0]/D (clocked by clk_fpga_0). Large setup violations at the end of those stages might be difficult to fix during the post-placement implementation flow and could be the result of non-optimal XDC constraints or non-optimal design architecture
Related violations: <none>

TIMING-16#444 Warning
Large setup violation  
There is a large setup violation of -2.231 ns between broncho_video_i/clahe_ip_0/inst/u_clahe_ip_reset_sync_inst/reset_out_1_reg_replica/C (clocked by clk_fpga_0) and broncho_video_i/clahe_ip_0/inst/u_clahe_ip_axi_lite_inst/u_clahe_ip_addr_decoder_inst/data_reg_axi_enable_1_1_reg_replica_10/D (clocked by clk_fpga_1). Large setup violations at the end of those stages might be difficult to fix during the post-placement implementation flow and could be the result of non-optimal XDC constraints or non-optimal design architecture
Related violations: <none>

TIMING-16#445 Warning
Large setup violation  
There is a large setup violation of -2.246 ns between broncho_video_i/clahe_ip_0/inst/u_clahe_ip_axi_lite_inst/u_clahe_ip_addr_decoder_inst/data_reg_axi_enable_1_1_reg_replica_4/C (clocked by clk_fpga_1) and broncho_video_i/clahe_ip_0/inst/u_clahe_ip_dut_inst/u_clahe_ip_src_CLAHE/u_AXI4_Master_Write_Controller/wstate_reg[0]/D (clocked by clk_fpga_0). Large setup violations at the end of those stages might be difficult to fix during the post-placement implementation flow and could be the result of non-optimal XDC constraints or non-optimal design architecture
Related violations: <none>

TIMING-16#446 Warning
Large setup violation  
There is a large setup violation of -2.246 ns between broncho_video_i/clahe_ip_0/inst/u_clahe_ip_reset_sync_inst/reset_out_1_reg_replica/C (clocked by clk_fpga_0) and broncho_video_i/clahe_ip_0/inst/u_clahe_ip_axi_lite_inst/u_clahe_ip_addr_decoder_inst/data_reg_axi_enable_1_1_reg_replica_11/D (clocked by clk_fpga_1). Large setup violations at the end of those stages might be difficult to fix during the post-placement implementation flow and could be the result of non-optimal XDC constraints or non-optimal design architecture
Related violations: <none>

TIMING-16#447 Warning
Large setup violation  
There is a large setup violation of -2.250 ns between broncho_video_i/clahe_ip_0/inst/u_clahe_ip_reset_sync_inst/reset_out_1_reg_replica/C (clocked by clk_fpga_0) and broncho_video_i/clahe_ip_0/inst/u_clahe_ip_axi_lite_inst/u_clahe_ip_addr_decoder_inst/data_reg_axi_enable_1_1_reg_replica_3/D (clocked by clk_fpga_1). Large setup violations at the end of those stages might be difficult to fix during the post-placement implementation flow and could be the result of non-optimal XDC constraints or non-optimal design architecture
Related violations: <none>

TIMING-16#448 Warning
Large setup violation  
There is a large setup violation of -2.257 ns between broncho_video_i/axi_vdma_0/U0/I_PRMRY_DATAMOVER/GEN_S2MM_FULL.I_S2MM_FULL_WRAPPER/I_RESET/sig_cmd_stat_rst_user_reg_n_cdc_from_reg/C (clocked by clk_fpga_0) and broncho_video_i/axi_vdma_0/U0/I_PRMRY_DATAMOVER/GEN_S2MM_FULL.I_S2MM_FULL_WRAPPER/GEN_ENABLE_INDET_BTT_SF.I_INDET_BTT/INCLUDE_PACKING.DO_REG_SLICES[2].lsig_flag_slice_reg_reg[2][1]/R (clocked by clk_fpga_0). Large setup violations at the end of those stages might be difficult to fix during the post-placement implementation flow and could be the result of non-optimal XDC constraints or non-optimal design architecture
Related violations: <none>

TIMING-16#449 Warning
Large setup violation  
There is a large setup violation of -2.258 ns between broncho_video_i/axi_vdma_0/U0/I_PRMRY_DATAMOVER/GEN_S2MM_FULL.I_S2MM_FULL_WRAPPER/I_RESET/sig_cmd_stat_rst_user_reg_n_cdc_from_reg/C (clocked by clk_fpga_0) and broncho_video_i/axi_vdma_0/U0/I_PRMRY_DATAMOVER/GEN_S2MM_FULL.I_S2MM_FULL_WRAPPER/GEN_ENABLE_INDET_BTT_SF.I_INDET_BTT/ENABLE_AXIS_SKID.I_INDET_BTT_SKID_BUF/sig_s_ready_dup_reg/R (clocked by clk_fpga_0). Large setup violations at the end of those stages might be difficult to fix during the post-placement implementation flow and could be the result of non-optimal XDC constraints or non-optimal design architecture
Related violations: <none>

TIMING-16#450 Warning
Large setup violation  
There is a large setup violation of -2.258 ns between broncho_video_i/axi_vdma_0/U0/I_PRMRY_DATAMOVER/GEN_S2MM_FULL.I_S2MM_FULL_WRAPPER/I_RESET/sig_cmd_stat_rst_user_reg_n_cdc_from_reg/C (clocked by clk_fpga_0) and broncho_video_i/axi_vdma_0/U0/I_PRMRY_DATAMOVER/GEN_S2MM_FULL.I_S2MM_FULL_WRAPPER/GEN_ENABLE_INDET_BTT_SF.I_INDET_BTT/ENABLE_AXIS_SKID.I_INDET_BTT_SKID_BUF/sig_s_ready_out_reg/R (clocked by clk_fpga_0). Large setup violations at the end of those stages might be difficult to fix during the post-placement implementation flow and could be the result of non-optimal XDC constraints or non-optimal design architecture
Related violations: <none>

TIMING-16#451 Warning
Large setup violation  
There is a large setup violation of -2.258 ns between broncho_video_i/axi_vdma_0/U0/I_PRMRY_DATAMOVER/GEN_S2MM_FULL.I_S2MM_FULL_WRAPPER/I_RESET/sig_cmd_stat_rst_user_reg_n_cdc_from_reg/C (clocked by clk_fpga_0) and broncho_video_i/axi_vdma_0/U0/I_PRMRY_DATAMOVER/GEN_S2MM_FULL.I_S2MM_FULL_WRAPPER/GEN_INCLUDE_REALIGNER.I_S2MM_REALIGNER/GEN_INCLUDE_SCATTER.I_S2MM_SCATTER/I_MSSAI_SKID_BUF/sig_s_ready_dup2_reg/R (clocked by clk_fpga_0). Large setup violations at the end of those stages might be difficult to fix during the post-placement implementation flow and could be the result of non-optimal XDC constraints or non-optimal design architecture
Related violations: <none>

TIMING-16#452 Warning
Large setup violation  
There is a large setup violation of -2.260 ns between broncho_video_i/clahe_ip_0/inst/u_clahe_ip_reset_sync_inst/reset_out_1_reg_replica_3/C (clocked by clk_fpga_0) and broncho_video_i/clahe_ip_0/inst/u_clahe_ip_axi_lite_inst/u_clahe_ip_addr_decoder_inst/data_reg_axi4_stream_video_0_slave_image_width_1_1_reg[10]/S (clocked by clk_fpga_1). Large setup violations at the end of those stages might be difficult to fix during the post-placement implementation flow and could be the result of non-optimal XDC constraints or non-optimal design architecture
Related violations: <none>

TIMING-16#453 Warning
Large setup violation  
There is a large setup violation of -2.260 ns between broncho_video_i/clahe_ip_0/inst/u_clahe_ip_reset_sync_inst/reset_out_1_reg_replica_3/C (clocked by clk_fpga_0) and broncho_video_i/clahe_ip_0/inst/u_clahe_ip_axi_lite_inst/u_clahe_ip_addr_decoder_inst/data_reg_axi4_stream_video_0_slave_image_width_1_1_reg[5]/R (clocked by clk_fpga_1). Large setup violations at the end of those stages might be difficult to fix during the post-placement implementation flow and could be the result of non-optimal XDC constraints or non-optimal design architecture
Related violations: <none>

TIMING-16#454 Warning
Large setup violation  
There is a large setup violation of -2.260 ns between broncho_video_i/clahe_ip_0/inst/u_clahe_ip_reset_sync_inst/reset_out_1_reg_replica_3/C (clocked by clk_fpga_0) and broncho_video_i/clahe_ip_0/inst/u_clahe_ip_axi_lite_inst/u_clahe_ip_addr_decoder_inst/data_reg_axi4_stream_video_0_slave_image_width_1_1_reg[8]/S (clocked by clk_fpga_1). Large setup violations at the end of those stages might be difficult to fix during the post-placement implementation flow and could be the result of non-optimal XDC constraints or non-optimal design architecture
Related violations: <none>

TIMING-16#455 Warning
Large setup violation  
There is a large setup violation of -2.297 ns between broncho_video_i/clahe_ip_0/inst/u_clahe_ip_axi_lite_inst/u_clahe_ip_axi_lite_module_inst/u_clahe_ip_reset_hold_inst/reset_hold_module_reset_pending_reg_reg/C (clocked by clk_fpga_1) and broncho_video_i/clahe_ip_0/inst/u_clahe_ip_axi4_master_0_wr_inst/FSM_onehot_axi4_master_wr_wr_astate_reg[2]/D (clocked by clk_fpga_0). Large setup violations at the end of those stages might be difficult to fix during the post-placement implementation flow and could be the result of non-optimal XDC constraints or non-optimal design architecture
Related violations: <none>

TIMING-16#456 Warning
Large setup violation  
There is a large setup violation of -2.333 ns between broncho_video_i/clahe_ip_0/inst/u_clahe_ip_axi_lite_inst/u_clahe_ip_addr_decoder_inst/data_reg_axi4_stream_video_0_slave_image_width_1_1_reg[0]/C (clocked by clk_fpga_1) and broncho_video_i/clahe_ip_0/inst/u_clahe_ip_axi4_stream_video_0_slave_inst/u_clahe_ip_clahe_ip_axi4_stream_video_0_slave_clahe_ip_adapter_in/u_clahe_ip_clahe_ip_axi4_stream_video_0_slave_clahe_ip_adapter_in_clahe_ip_adapter_in_module/hlength_1_reg[0]/D (clocked by clk_fpga_0). Large setup violations at the end of those stages might be difficult to fix during the post-placement implementation flow and could be the result of non-optimal XDC constraints or non-optimal design architecture
Related violations: <none>

TIMING-16#457 Warning
Large setup violation  
There is a large setup violation of -2.339 ns between broncho_video_i/axi_vdma_0/U0/I_PRMRY_DATAMOVER/GEN_S2MM_FULL.I_S2MM_FULL_WRAPPER/I_RESET/sig_cmd_stat_rst_user_reg_n_cdc_from_reg/C (clocked by clk_fpga_0) and broncho_video_i/axi_vdma_0/U0/I_PRMRY_DATAMOVER/GEN_S2MM_FULL.I_S2MM_FULL_WRAPPER/GEN_ENABLE_INDET_BTT_SF.I_INDET_BTT/INCLUDE_PACKING.lsig_packer_full_reg/R (clocked by clk_fpga_0). Large setup violations at the end of those stages might be difficult to fix during the post-placement implementation flow and could be the result of non-optimal XDC constraints or non-optimal design architecture
Related violations: <none>

TIMING-16#458 Warning
Large setup violation  
There is a large setup violation of -2.339 ns between broncho_video_i/axi_vdma_0/U0/I_PRMRY_DATAMOVER/GEN_S2MM_FULL.I_S2MM_FULL_WRAPPER/I_RESET/sig_cmd_stat_rst_user_reg_n_cdc_from_reg/C (clocked by clk_fpga_0) and broncho_video_i/axi_vdma_0/U0/I_PRMRY_DATAMOVER/GEN_S2MM_FULL.I_S2MM_FULL_WRAPPER/GEN_INCLUDE_REALIGNER.I_S2MM_REALIGNER/GEN_INCLUDE_SCATTER.I_S2MM_SCATTER/I_MSSAI_SKID_BUF/sig_s_ready_dup_reg/R (clocked by clk_fpga_0). Large setup violations at the end of those stages might be difficult to fix during the post-placement implementation flow and could be the result of non-optimal XDC constraints or non-optimal design architecture
Related violations: <none>

TIMING-16#459 Warning
Large setup violation  
There is a large setup violation of -2.339 ns between broncho_video_i/axi_vdma_0/U0/I_PRMRY_DATAMOVER/GEN_S2MM_FULL.I_S2MM_FULL_WRAPPER/I_RESET/sig_cmd_stat_rst_user_reg_n_cdc_from_reg/C (clocked by clk_fpga_0) and broncho_video_i/axi_vdma_0/U0/I_PRMRY_DATAMOVER/GEN_S2MM_FULL.I_S2MM_FULL_WRAPPER/GEN_INCLUDE_REALIGNER.I_S2MM_REALIGNER/GEN_INCLUDE_SCATTER.I_S2MM_SCATTER/I_MSSAI_SKID_BUF/sig_s_ready_out_reg/R (clocked by clk_fpga_0). Large setup violations at the end of those stages might be difficult to fix during the post-placement implementation flow and could be the result of non-optimal XDC constraints or non-optimal design architecture
Related violations: <none>

TIMING-16#460 Warning
Large setup violation  
There is a large setup violation of -2.352 ns between broncho_video_i/axi_vdma_0/U0/I_PRMRY_DATAMOVER/GEN_S2MM_FULL.I_S2MM_FULL_WRAPPER/I_RESET/sig_cmd_stat_rst_user_reg_n_cdc_from_reg/C (clocked by clk_fpga_0) and broncho_video_i/axi_vdma_0/U0/I_PRMRY_DATAMOVER/GEN_S2MM_FULL.I_S2MM_FULL_WRAPPER/GEN_ENABLE_INDET_BTT_SF.I_INDET_BTT/INCLUDE_PACKING.DO_REG_SLICES[1].lsig_flag_slice_reg_reg[1][1]/R (clocked by clk_fpga_0). Large setup violations at the end of those stages might be difficult to fix during the post-placement implementation flow and could be the result of non-optimal XDC constraints or non-optimal design architecture
Related violations: <none>

TIMING-16#461 Warning
Large setup violation  
There is a large setup violation of -2.353 ns between broncho_video_i/clahe_ip_0/inst/u_clahe_ip_reset_sync_inst/reset_out_1_reg_replica_2/C (clocked by clk_fpga_0) and broncho_video_i/clahe_ip_0/inst/u_clahe_ip_axi_lite_inst/u_clahe_ip_addr_decoder_inst/read_reg_ip_timestamp_reg[31]/D (clocked by clk_fpga_1). Large setup violations at the end of those stages might be difficult to fix during the post-placement implementation flow and could be the result of non-optimal XDC constraints or non-optimal design architecture
Related violations: <none>

TIMING-16#462 Warning
Large setup violation  
There is a large setup violation of -2.363 ns between broncho_video_i/clahe_ip_0/inst/u_clahe_ip_reset_sync_inst/reset_out_1_reg_replica/C (clocked by clk_fpga_0) and broncho_video_i/clahe_ip_0/inst/u_clahe_ip_axi_lite_inst/u_clahe_ip_addr_decoder_inst/data_reg_axi_enable_1_1_reg_replica_8/D (clocked by clk_fpga_1). Large setup violations at the end of those stages might be difficult to fix during the post-placement implementation flow and could be the result of non-optimal XDC constraints or non-optimal design architecture
Related violations: <none>

TIMING-16#463 Warning
Large setup violation  
There is a large setup violation of -2.378 ns between broncho_video_i/axi_vdma_0/U0/I_PRMRY_DATAMOVER/GEN_S2MM_FULL.I_S2MM_FULL_WRAPPER/I_RESET/sig_cmd_stat_rst_user_reg_n_cdc_from_reg/C (clocked by clk_fpga_0) and broncho_video_i/axi_vdma_0/U0/I_PRMRY_DATAMOVER/GEN_S2MM_FULL.I_S2MM_FULL_WRAPPER/GEN_INCLUDE_REALIGNER.I_S2MM_REALIGNER/GEN_INCLUDE_SCATTER.I_S2MM_SCATTER/I_MSSAI_SKID_BUF/sig_last_reg_out_reg/R (clocked by clk_fpga_0). Large setup violations at the end of those stages might be difficult to fix during the post-placement implementation flow and could be the result of non-optimal XDC constraints or non-optimal design architecture
Related violations: <none>

TIMING-16#464 Warning
Large setup violation  
There is a large setup violation of -2.378 ns between broncho_video_i/axi_vdma_0/U0/I_PRMRY_DATAMOVER/GEN_S2MM_FULL.I_S2MM_FULL_WRAPPER/I_RESET/sig_cmd_stat_rst_user_reg_n_cdc_from_reg/C (clocked by clk_fpga_0) and broncho_video_i/axi_vdma_0/U0/I_PRMRY_DATAMOVER/GEN_S2MM_FULL.I_S2MM_FULL_WRAPPER/GEN_INCLUDE_REALIGNER.I_S2MM_REALIGNER/GEN_INCLUDE_SCATTER.I_S2MM_SCATTER/I_MSSAI_SKID_BUF/sig_mssa_index_reg_out_reg[0]/R (clocked by clk_fpga_0). Large setup violations at the end of those stages might be difficult to fix during the post-placement implementation flow and could be the result of non-optimal XDC constraints or non-optimal design architecture
Related violations: <none>

TIMING-16#465 Warning
Large setup violation  
There is a large setup violation of -2.378 ns between broncho_video_i/axi_vdma_0/U0/I_PRMRY_DATAMOVER/GEN_S2MM_FULL.I_S2MM_FULL_WRAPPER/I_RESET/sig_cmd_stat_rst_user_reg_n_cdc_from_reg/C (clocked by clk_fpga_0) and broncho_video_i/axi_vdma_0/U0/I_PRMRY_DATAMOVER/GEN_S2MM_FULL.I_S2MM_FULL_WRAPPER/GEN_INCLUDE_REALIGNER.I_S2MM_REALIGNER/GEN_INCLUDE_SCATTER.I_S2MM_SCATTER/I_MSSAI_SKID_BUF/sig_s_ready_dup3_reg/R (clocked by clk_fpga_0). Large setup violations at the end of those stages might be difficult to fix during the post-placement implementation flow and could be the result of non-optimal XDC constraints or non-optimal design architecture
Related violations: <none>

TIMING-16#466 Warning
Large setup violation  
There is a large setup violation of -2.378 ns between broncho_video_i/axi_vdma_0/U0/I_PRMRY_DATAMOVER/GEN_S2MM_FULL.I_S2MM_FULL_WRAPPER/I_RESET/sig_cmd_stat_rst_user_reg_n_cdc_from_reg/C (clocked by clk_fpga_0) and broncho_video_i/axi_vdma_0/U0/I_PRMRY_DATAMOVER/GEN_S2MM_FULL.I_S2MM_FULL_WRAPPER/GEN_INCLUDE_REALIGNER.I_S2MM_REALIGNER/GEN_INCLUDE_SCATTER.I_S2MM_SCATTER/I_MSSAI_SKID_BUF/sig_s_ready_dup4_reg/R (clocked by clk_fpga_0). Large setup violations at the end of those stages might be difficult to fix during the post-placement implementation flow and could be the result of non-optimal XDC constraints or non-optimal design architecture
Related violations: <none>

TIMING-16#467 Warning
Large setup violation  
There is a large setup violation of -2.381 ns between broncho_video_i/axi_vdma_0/U0/I_PRMRY_DATAMOVER/GEN_S2MM_FULL.I_S2MM_FULL_WRAPPER/I_RESET/sig_cmd_stat_rst_user_reg_n_cdc_from_reg/C (clocked by clk_fpga_0) and broncho_video_i/axi_vdma_0/U0/I_PRMRY_DATAMOVER/GEN_S2MM_FULL.I_S2MM_FULL_WRAPPER/GEN_ENABLE_INDET_BTT_SF.I_INDET_BTT/ENABLE_AXIS_SKID.I_INDET_BTT_SKID_BUF/sig_data_reg_out_reg[0]/R (clocked by clk_fpga_0). Large setup violations at the end of those stages might be difficult to fix during the post-placement implementation flow and could be the result of non-optimal XDC constraints or non-optimal design architecture
Related violations: <none>

TIMING-16#468 Warning
Large setup violation  
There is a large setup violation of -2.381 ns between broncho_video_i/axi_vdma_0/U0/I_PRMRY_DATAMOVER/GEN_S2MM_FULL.I_S2MM_FULL_WRAPPER/I_RESET/sig_cmd_stat_rst_user_reg_n_cdc_from_reg/C (clocked by clk_fpga_0) and broncho_video_i/axi_vdma_0/U0/I_PRMRY_DATAMOVER/GEN_S2MM_FULL.I_S2MM_FULL_WRAPPER/GEN_ENABLE_INDET_BTT_SF.I_INDET_BTT/ENABLE_AXIS_SKID.I_INDET_BTT_SKID_BUF/sig_data_reg_out_reg[24]/R (clocked by clk_fpga_0). Large setup violations at the end of those stages might be difficult to fix during the post-placement implementation flow and could be the result of non-optimal XDC constraints or non-optimal design architecture
Related violations: <none>

TIMING-16#469 Warning
Large setup violation  
There is a large setup violation of -2.381 ns between broncho_video_i/axi_vdma_0/U0/I_PRMRY_DATAMOVER/GEN_S2MM_FULL.I_S2MM_FULL_WRAPPER/I_RESET/sig_cmd_stat_rst_user_reg_n_cdc_from_reg/C (clocked by clk_fpga_0) and broncho_video_i/axi_vdma_0/U0/I_PRMRY_DATAMOVER/GEN_S2MM_FULL.I_S2MM_FULL_WRAPPER/GEN_ENABLE_INDET_BTT_SF.I_INDET_BTT/ENABLE_AXIS_SKID.I_INDET_BTT_SKID_BUF/sig_data_reg_out_reg[56]/R (clocked by clk_fpga_0). Large setup violations at the end of those stages might be difficult to fix during the post-placement implementation flow and could be the result of non-optimal XDC constraints or non-optimal design architecture
Related violations: <none>

TIMING-16#470 Warning
Large setup violation  
There is a large setup violation of -2.390 ns between broncho_video_i/clahe_ip_0/inst/u_clahe_ip_axi_lite_inst/u_clahe_ip_addr_decoder_inst/data_reg_axi_enable_1_1_reg_replica_10/C (clocked by clk_fpga_1) and broncho_video_i/clahe_ip_0/inst/u_clahe_ip_dut_inst/u_clahe_ip_src_CLAHE/u_AXI4_Master_Write_Controller/memRegion_reg[20]/CE (clocked by clk_fpga_0). Large setup violations at the end of those stages might be difficult to fix during the post-placement implementation flow and could be the result of non-optimal XDC constraints or non-optimal design architecture
Related violations: <none>

TIMING-16#471 Warning
Large setup violation  
There is a large setup violation of -2.419 ns between broncho_video_i/clahe_ip_0/inst/u_clahe_ip_reset_sync_inst/reset_out_1_reg_replica/C (clocked by clk_fpga_0) and broncho_video_i/clahe_ip_0/inst/u_clahe_ip_axi_lite_inst/u_clahe_ip_addr_decoder_inst/data_reg_axi_enable_1_1_reg_replica_17/D (clocked by clk_fpga_1). Large setup violations at the end of those stages might be difficult to fix during the post-placement implementation flow and could be the result of non-optimal XDC constraints or non-optimal design architecture
Related violations: <none>

TIMING-16#472 Warning
Large setup violation  
There is a large setup violation of -2.423 ns between broncho_video_i/clahe_ip_0/inst/u_clahe_ip_axi_lite_inst/u_clahe_ip_addr_decoder_inst/data_reg_axi4_stream_video_0_slave_vporch_1_1_reg[0]/C (clocked by clk_fpga_1) and broncho_video_i/clahe_ip_0/inst/u_clahe_ip_axi4_stream_video_0_slave_inst/u_clahe_ip_clahe_ip_axi4_stream_video_0_slave_clahe_ip_adapter_in/u_clahe_ip_clahe_ip_axi4_stream_video_0_slave_clahe_ip_adapter_in_clahe_ip_adapter_in_module/vlength_1_reg[0]/D (clocked by clk_fpga_0). Large setup violations at the end of those stages might be difficult to fix during the post-placement implementation flow and could be the result of non-optimal XDC constraints or non-optimal design architecture
Related violations: <none>

TIMING-16#473 Warning
Large setup violation  
There is a large setup violation of -2.426 ns between broncho_video_i/clahe_ip_0/inst/u_clahe_ip_axi_lite_inst/u_clahe_ip_addr_decoder_inst/data_reg_axi_enable_1_1_reg_replica_10/C (clocked by clk_fpga_1) and broncho_video_i/clahe_ip_0/inst/u_clahe_ip_dut_inst/u_clahe_ip_src_CLAHE/u_AXI4_Master_Write_Controller/frame_count_reg[20]/CE (clocked by clk_fpga_0). Large setup violations at the end of those stages might be difficult to fix during the post-placement implementation flow and could be the result of non-optimal XDC constraints or non-optimal design architecture
Related violations: <none>

TIMING-16#474 Warning
Large setup violation  
There is a large setup violation of -2.426 ns between broncho_video_i/clahe_ip_0/inst/u_clahe_ip_axi_lite_inst/u_clahe_ip_addr_decoder_inst/data_reg_axi_enable_1_1_reg_replica_10/C (clocked by clk_fpga_1) and broncho_video_i/clahe_ip_0/inst/u_clahe_ip_dut_inst/u_clahe_ip_src_CLAHE/u_AXI4_Master_Write_Controller/frame_count_reg[21]/CE (clocked by clk_fpga_0). Large setup violations at the end of those stages might be difficult to fix during the post-placement implementation flow and could be the result of non-optimal XDC constraints or non-optimal design architecture
Related violations: <none>

TIMING-16#475 Warning
Large setup violation  
There is a large setup violation of -2.430 ns between broncho_video_i/clahe_ip_0/inst/u_clahe_ip_reset_sync_inst/reset_out_1_reg_replica/C (clocked by clk_fpga_0) and broncho_video_i/clahe_ip_0/inst/u_clahe_ip_axi_lite_inst/u_clahe_ip_addr_decoder_inst/data_reg_axi_enable_1_1_reg_replica_20/D (clocked by clk_fpga_1). Large setup violations at the end of those stages might be difficult to fix during the post-placement implementation flow and could be the result of non-optimal XDC constraints or non-optimal design architecture
Related violations: <none>

TIMING-16#476 Warning
Large setup violation  
There is a large setup violation of -2.447 ns between broncho_video_i/clahe_ip_0/inst/u_clahe_ip_reset_sync_inst/reset_out_1_reg_replica/C (clocked by clk_fpga_0) and broncho_video_i/clahe_ip_0/inst/u_clahe_ip_axi_lite_inst/u_clahe_ip_addr_decoder_inst/data_reg_axi_enable_1_1_reg_replica_18/D (clocked by clk_fpga_1). Large setup violations at the end of those stages might be difficult to fix during the post-placement implementation flow and could be the result of non-optimal XDC constraints or non-optimal design architecture
Related violations: <none>

TIMING-16#477 Warning
Large setup violation  
There is a large setup violation of -2.449 ns between broncho_video_i/clahe_ip_0/inst/u_clahe_ip_reset_sync_inst/reset_out_1_reg_replica/C (clocked by clk_fpga_0) and broncho_video_i/clahe_ip_0/inst/u_clahe_ip_axi_lite_inst/u_clahe_ip_addr_decoder_inst/data_reg_axi_enable_1_1_reg_replica_22/D (clocked by clk_fpga_1). Large setup violations at the end of those stages might be difficult to fix during the post-placement implementation flow and could be the result of non-optimal XDC constraints or non-optimal design architecture
Related violations: <none>

TIMING-16#478 Warning
Large setup violation  
There is a large setup violation of -2.466 ns between broncho_video_i/clahe_ip_0/inst/u_clahe_ip_reset_sync_inst/reset_out_1_reg_replica/C (clocked by clk_fpga_0) and broncho_video_i/clahe_ip_0/inst/u_clahe_ip_axi_lite_inst/u_clahe_ip_addr_decoder_inst/data_reg_axi_enable_1_1_reg_replica_6/D (clocked by clk_fpga_1). Large setup violations at the end of those stages might be difficult to fix during the post-placement implementation flow and could be the result of non-optimal XDC constraints or non-optimal design architecture
Related violations: <none>

TIMING-16#479 Warning
Large setup violation  
There is a large setup violation of -2.476 ns between broncho_video_i/axi_vdma_0/U0/I_PRMRY_DATAMOVER/GEN_S2MM_FULL.I_S2MM_FULL_WRAPPER/I_RESET/sig_cmd_stat_rst_user_reg_n_cdc_from_reg/C (clocked by clk_fpga_0) and broncho_video_i/axi_vdma_0/U0/I_PRMRY_DATAMOVER/GEN_S2MM_FULL.I_S2MM_FULL_WRAPPER/GEN_ENABLE_INDET_BTT_SF.I_INDET_BTT/INCLUDE_PACKING.DO_REG_SLICES[0].lsig_flag_slice_reg_reg[0][0]/R (clocked by clk_fpga_0). Large setup violations at the end of those stages might be difficult to fix during the post-placement implementation flow and could be the result of non-optimal XDC constraints or non-optimal design architecture
Related violations: <none>

TIMING-16#480 Warning
Large setup violation  
There is a large setup violation of -2.488 ns between broncho_video_i/clahe_ip_0/inst/u_clahe_ip_reset_sync_inst/reset_out_1_reg_replica/C (clocked by clk_fpga_0) and broncho_video_i/clahe_ip_0/inst/u_clahe_ip_axi_lite_inst/u_clahe_ip_addr_decoder_inst/data_reg_axi_enable_1_1_reg_replica_12/D (clocked by clk_fpga_1). Large setup violations at the end of those stages might be difficult to fix during the post-placement implementation flow and could be the result of non-optimal XDC constraints or non-optimal design architecture
Related violations: <none>

TIMING-16#481 Warning
Large setup violation  
There is a large setup violation of -2.492 ns between broncho_video_i/clahe_ip_0/inst/u_clahe_ip_reset_sync_inst/reset_out_1_reg_replica/C (clocked by clk_fpga_0) and broncho_video_i/clahe_ip_0/inst/u_clahe_ip_axi_lite_inst/u_clahe_ip_addr_decoder_inst/data_reg_axi_enable_1_1_reg_replica_14/D (clocked by clk_fpga_1). Large setup violations at the end of those stages might be difficult to fix during the post-placement implementation flow and could be the result of non-optimal XDC constraints or non-optimal design architecture
Related violations: <none>

TIMING-16#482 Warning
Large setup violation  
There is a large setup violation of -2.510 ns between broncho_video_i/clahe_ip_0/inst/u_clahe_ip_axi_lite_inst/u_clahe_ip_addr_decoder_inst/data_reg_axi4_stream_video_0_slave_image_width_1_1_reg[0]/C (clocked by clk_fpga_1) and broncho_video_i/clahe_ip_0/inst/u_clahe_ip_axi4_stream_video_0_slave_inst/u_clahe_ip_clahe_ip_axi4_stream_video_0_slave_clahe_ip_adapter_in/u_clahe_ip_clahe_ip_axi4_stream_video_0_slave_clahe_ip_adapter_in_clahe_ip_adapter_in_module/hlength_1_reg[1]/D (clocked by clk_fpga_0). Large setup violations at the end of those stages might be difficult to fix during the post-placement implementation flow and could be the result of non-optimal XDC constraints or non-optimal design architecture
Related violations: <none>

TIMING-16#483 Warning
Large setup violation  
There is a large setup violation of -2.511 ns between broncho_video_i/clahe_ip_0/inst/u_clahe_ip_reset_sync_inst/reset_out_1_reg_replica/C (clocked by clk_fpga_0) and broncho_video_i/clahe_ip_0/inst/u_clahe_ip_axi_lite_inst/u_clahe_ip_addr_decoder_inst/data_reg_axi_enable_1_1_reg_replica_26/D (clocked by clk_fpga_1). Large setup violations at the end of those stages might be difficult to fix during the post-placement implementation flow and could be the result of non-optimal XDC constraints or non-optimal design architecture
Related violations: <none>

TIMING-16#484 Warning
Large setup violation  
There is a large setup violation of -2.521 ns between broncho_video_i/clahe_ip_0/inst/u_clahe_ip_reset_sync_inst/reset_out_1_reg_replica/C (clocked by clk_fpga_0) and broncho_video_i/clahe_ip_0/inst/u_clahe_ip_axi_lite_inst/u_clahe_ip_addr_decoder_inst/data_reg_axi_enable_1_1_reg_replica/D (clocked by clk_fpga_1). Large setup violations at the end of those stages might be difficult to fix during the post-placement implementation flow and could be the result of non-optimal XDC constraints or non-optimal design architecture
Related violations: <none>

TIMING-16#485 Warning
Large setup violation  
There is a large setup violation of -2.531 ns between broncho_video_i/axi_vdma_0/U0/I_PRMRY_DATAMOVER/GEN_S2MM_FULL.I_S2MM_FULL_WRAPPER/I_RESET/sig_cmd_stat_rst_user_reg_n_cdc_from_reg/C (clocked by clk_fpga_0) and broncho_video_i/axi_vdma_0/U0/I_PRMRY_DATAMOVER/GEN_S2MM_FULL.I_S2MM_FULL_WRAPPER/GEN_ENABLE_INDET_BTT_SF.I_INDET_BTT/ENABLE_AXIS_SKID.I_INDET_BTT_SKID_BUF/sig_data_reg_out_reg[10]/R (clocked by clk_fpga_0). Large setup violations at the end of those stages might be difficult to fix during the post-placement implementation flow and could be the result of non-optimal XDC constraints or non-optimal design architecture
Related violations: <none>

TIMING-16#486 Warning
Large setup violation  
There is a large setup violation of -2.531 ns between broncho_video_i/axi_vdma_0/U0/I_PRMRY_DATAMOVER/GEN_S2MM_FULL.I_S2MM_FULL_WRAPPER/I_RESET/sig_cmd_stat_rst_user_reg_n_cdc_from_reg/C (clocked by clk_fpga_0) and broncho_video_i/axi_vdma_0/U0/I_PRMRY_DATAMOVER/GEN_S2MM_FULL.I_S2MM_FULL_WRAPPER/GEN_ENABLE_INDET_BTT_SF.I_INDET_BTT/ENABLE_AXIS_SKID.I_INDET_BTT_SKID_BUF/sig_data_reg_out_reg[55]/R (clocked by clk_fpga_0). Large setup violations at the end of those stages might be difficult to fix during the post-placement implementation flow and could be the result of non-optimal XDC constraints or non-optimal design architecture
Related violations: <none>

TIMING-16#487 Warning
Large setup violation  
There is a large setup violation of -2.531 ns between broncho_video_i/axi_vdma_0/U0/I_PRMRY_DATAMOVER/GEN_S2MM_FULL.I_S2MM_FULL_WRAPPER/I_RESET/sig_cmd_stat_rst_user_reg_n_cdc_from_reg/C (clocked by clk_fpga_0) and broncho_video_i/axi_vdma_0/U0/I_PRMRY_DATAMOVER/GEN_S2MM_FULL.I_S2MM_FULL_WRAPPER/GEN_ENABLE_INDET_BTT_SF.I_INDET_BTT/ENABLE_AXIS_SKID.I_INDET_BTT_SKID_BUF/sig_data_reg_out_reg[58]/R (clocked by clk_fpga_0). Large setup violations at the end of those stages might be difficult to fix during the post-placement implementation flow and could be the result of non-optimal XDC constraints or non-optimal design architecture
Related violations: <none>

TIMING-16#488 Warning
Large setup violation  
There is a large setup violation of -2.531 ns between broncho_video_i/axi_vdma_0/U0/I_PRMRY_DATAMOVER/GEN_S2MM_FULL.I_S2MM_FULL_WRAPPER/I_RESET/sig_cmd_stat_rst_user_reg_n_cdc_from_reg/C (clocked by clk_fpga_0) and broncho_video_i/axi_vdma_0/U0/I_PRMRY_DATAMOVER/GEN_S2MM_FULL.I_S2MM_FULL_WRAPPER/GEN_ENABLE_INDET_BTT_SF.I_INDET_BTT/ENABLE_AXIS_SKID.I_INDET_BTT_SKID_BUF/sig_data_reg_out_reg[60]/R (clocked by clk_fpga_0). Large setup violations at the end of those stages might be difficult to fix during the post-placement implementation flow and could be the result of non-optimal XDC constraints or non-optimal design architecture
Related violations: <none>

TIMING-16#489 Warning
Large setup violation  
There is a large setup violation of -2.551 ns between broncho_video_i/clahe_ip_0/inst/u_clahe_ip_reset_sync_inst/reset_out_1_reg_replica/C (clocked by clk_fpga_0) and broncho_video_i/clahe_ip_0/inst/u_clahe_ip_axi_lite_inst/u_clahe_ip_addr_decoder_inst/data_reg_axi_enable_1_1_reg_replica_15/D (clocked by clk_fpga_1). Large setup violations at the end of those stages might be difficult to fix during the post-placement implementation flow and could be the result of non-optimal XDC constraints or non-optimal design architecture
Related violations: <none>

TIMING-16#490 Warning
Large setup violation  
There is a large setup violation of -2.578 ns between broncho_video_i/clahe_ip_0/inst/u_clahe_ip_reset_sync_inst/reset_out_1_reg_replica/C (clocked by clk_fpga_0) and broncho_video_i/clahe_ip_0/inst/u_clahe_ip_axi_lite_inst/u_clahe_ip_addr_decoder_inst/data_reg_axi_enable_1_1_reg_replica_29/D (clocked by clk_fpga_1). Large setup violations at the end of those stages might be difficult to fix during the post-placement implementation flow and could be the result of non-optimal XDC constraints or non-optimal design architecture
Related violations: <none>

TIMING-16#491 Warning
Large setup violation  
There is a large setup violation of -2.580 ns between broncho_video_i/clahe_ip_0/inst/u_clahe_ip_axi_lite_inst/u_clahe_ip_addr_decoder_inst/data_reg_axi_enable_1_1_reg_replica_10/C (clocked by clk_fpga_1) and broncho_video_i/clahe_ip_0/inst/u_clahe_ip_dut_inst/u_clahe_ip_src_CLAHE/u_AXI4_Master_Write_Controller/frame_count_reg[24]/CE (clocked by clk_fpga_0). Large setup violations at the end of those stages might be difficult to fix during the post-placement implementation flow and could be the result of non-optimal XDC constraints or non-optimal design architecture
Related violations: <none>

TIMING-16#492 Warning
Large setup violation  
There is a large setup violation of -2.580 ns between broncho_video_i/clahe_ip_0/inst/u_clahe_ip_axi_lite_inst/u_clahe_ip_addr_decoder_inst/data_reg_axi_enable_1_1_reg_replica_10/C (clocked by clk_fpga_1) and broncho_video_i/clahe_ip_0/inst/u_clahe_ip_dut_inst/u_clahe_ip_src_CLAHE/u_AXI4_Master_Write_Controller/frame_count_reg[25]/CE (clocked by clk_fpga_0). Large setup violations at the end of those stages might be difficult to fix during the post-placement implementation flow and could be the result of non-optimal XDC constraints or non-optimal design architecture
Related violations: <none>

TIMING-16#493 Warning
Large setup violation  
There is a large setup violation of -2.580 ns between broncho_video_i/clahe_ip_0/inst/u_clahe_ip_axi_lite_inst/u_clahe_ip_addr_decoder_inst/data_reg_axi_enable_1_1_reg_replica_10/C (clocked by clk_fpga_1) and broncho_video_i/clahe_ip_0/inst/u_clahe_ip_dut_inst/u_clahe_ip_src_CLAHE/u_AXI4_Master_Write_Controller/frame_count_reg[26]/CE (clocked by clk_fpga_0). Large setup violations at the end of those stages might be difficult to fix during the post-placement implementation flow and could be the result of non-optimal XDC constraints or non-optimal design architecture
Related violations: <none>

TIMING-16#494 Warning
Large setup violation  
There is a large setup violation of -2.580 ns between broncho_video_i/clahe_ip_0/inst/u_clahe_ip_axi_lite_inst/u_clahe_ip_addr_decoder_inst/data_reg_axi_enable_1_1_reg_replica_10/C (clocked by clk_fpga_1) and broncho_video_i/clahe_ip_0/inst/u_clahe_ip_dut_inst/u_clahe_ip_src_CLAHE/u_AXI4_Master_Write_Controller/frame_count_reg[27]/CE (clocked by clk_fpga_0). Large setup violations at the end of those stages might be difficult to fix during the post-placement implementation flow and could be the result of non-optimal XDC constraints or non-optimal design architecture
Related violations: <none>

TIMING-16#495 Warning
Large setup violation  
There is a large setup violation of -2.580 ns between broncho_video_i/clahe_ip_0/inst/u_clahe_ip_axi_lite_inst/u_clahe_ip_addr_decoder_inst/data_reg_axi_enable_1_1_reg_replica_10/C (clocked by clk_fpga_1) and broncho_video_i/clahe_ip_0/inst/u_clahe_ip_dut_inst/u_clahe_ip_src_CLAHE/u_AXI4_Master_Write_Controller/frame_count_reg[28]/CE (clocked by clk_fpga_0). Large setup violations at the end of those stages might be difficult to fix during the post-placement implementation flow and could be the result of non-optimal XDC constraints or non-optimal design architecture
Related violations: <none>

TIMING-16#496 Warning
Large setup violation  
There is a large setup violation of -2.580 ns between broncho_video_i/clahe_ip_0/inst/u_clahe_ip_axi_lite_inst/u_clahe_ip_addr_decoder_inst/data_reg_axi_enable_1_1_reg_replica_10/C (clocked by clk_fpga_1) and broncho_video_i/clahe_ip_0/inst/u_clahe_ip_dut_inst/u_clahe_ip_src_CLAHE/u_AXI4_Master_Write_Controller/frame_count_reg[29]/CE (clocked by clk_fpga_0). Large setup violations at the end of those stages might be difficult to fix during the post-placement implementation flow and could be the result of non-optimal XDC constraints or non-optimal design architecture
Related violations: <none>

TIMING-16#497 Warning
Large setup violation  
There is a large setup violation of -2.580 ns between broncho_video_i/clahe_ip_0/inst/u_clahe_ip_axi_lite_inst/u_clahe_ip_addr_decoder_inst/data_reg_axi_enable_1_1_reg_replica_10/C (clocked by clk_fpga_1) and broncho_video_i/clahe_ip_0/inst/u_clahe_ip_dut_inst/u_clahe_ip_src_CLAHE/u_AXI4_Master_Write_Controller/frame_count_reg[30]/CE (clocked by clk_fpga_0). Large setup violations at the end of those stages might be difficult to fix during the post-placement implementation flow and could be the result of non-optimal XDC constraints or non-optimal design architecture
Related violations: <none>

TIMING-16#498 Warning
Large setup violation  
There is a large setup violation of -2.580 ns between broncho_video_i/clahe_ip_0/inst/u_clahe_ip_axi_lite_inst/u_clahe_ip_addr_decoder_inst/data_reg_axi_enable_1_1_reg_replica_10/C (clocked by clk_fpga_1) and broncho_video_i/clahe_ip_0/inst/u_clahe_ip_dut_inst/u_clahe_ip_src_CLAHE/u_AXI4_Master_Write_Controller/frame_count_reg[31]/CE (clocked by clk_fpga_0). Large setup violations at the end of those stages might be difficult to fix during the post-placement implementation flow and could be the result of non-optimal XDC constraints or non-optimal design architecture
Related violations: <none>

TIMING-16#499 Warning
Large setup violation  
There is a large setup violation of -2.582 ns between broncho_video_i/clahe_ip_0/inst/u_clahe_ip_reset_sync_inst/reset_out_1_reg_replica/C (clocked by clk_fpga_0) and broncho_video_i/clahe_ip_0/inst/u_clahe_ip_axi_lite_inst/u_clahe_ip_addr_decoder_inst/data_reg_axi_enable_1_1_reg_replica_27/D (clocked by clk_fpga_1). Large setup violations at the end of those stages might be difficult to fix during the post-placement implementation flow and could be the result of non-optimal XDC constraints or non-optimal design architecture
Related violations: <none>

TIMING-16#500 Warning
Large setup violation  
There is a large setup violation of -2.598 ns between broncho_video_i/clahe_ip_0/inst/u_clahe_ip_axi_lite_inst/u_clahe_ip_addr_decoder_inst/data_reg_axi4_stream_video_0_slave_vporch_1_1_reg[0]/C (clocked by clk_fpga_1) and broncho_video_i/clahe_ip_0/inst/u_clahe_ip_axi4_stream_video_0_slave_inst/u_clahe_ip_clahe_ip_axi4_stream_video_0_slave_clahe_ip_adapter_in/u_clahe_ip_clahe_ip_axi4_stream_video_0_slave_clahe_ip_adapter_in_clahe_ip_adapter_in_module/vlength_1_reg[1]/D (clocked by clk_fpga_0). Large setup violations at the end of those stages might be difficult to fix during the post-placement implementation flow and could be the result of non-optimal XDC constraints or non-optimal design architecture
Related violations: <none>

TIMING-16#501 Warning
Large setup violation  
There is a large setup violation of -2.602 ns between broncho_video_i/axi_vdma_0/U0/I_PRMRY_DATAMOVER/GEN_S2MM_FULL.I_S2MM_FULL_WRAPPER/I_RESET/sig_cmd_stat_rst_user_reg_n_cdc_from_reg/C (clocked by clk_fpga_0) and broncho_video_i/axi_vdma_0/U0/I_PRMRY_DATAMOVER/GEN_S2MM_FULL.I_S2MM_FULL_WRAPPER/GEN_ENABLE_INDET_BTT_SF.I_INDET_BTT/ENABLE_AXIS_SKID.I_INDET_BTT_SKID_BUF/sig_data_skid_reg_reg[57]/R (clocked by clk_fpga_0). Large setup violations at the end of those stages might be difficult to fix during the post-placement implementation flow and could be the result of non-optimal XDC constraints or non-optimal design architecture
Related violations: <none>

TIMING-16#502 Warning
Large setup violation  
There is a large setup violation of -2.602 ns between broncho_video_i/axi_vdma_0/U0/I_PRMRY_DATAMOVER/GEN_S2MM_FULL.I_S2MM_FULL_WRAPPER/I_RESET/sig_cmd_stat_rst_user_reg_n_cdc_from_reg/C (clocked by clk_fpga_0) and broncho_video_i/axi_vdma_0/U0/I_PRMRY_DATAMOVER/GEN_S2MM_FULL.I_S2MM_FULL_WRAPPER/GEN_ENABLE_INDET_BTT_SF.I_INDET_BTT/ENABLE_AXIS_SKID.I_INDET_BTT_SKID_BUF/sig_data_skid_reg_reg[59]/R (clocked by clk_fpga_0). Large setup violations at the end of those stages might be difficult to fix during the post-placement implementation flow and could be the result of non-optimal XDC constraints or non-optimal design architecture
Related violations: <none>

TIMING-16#503 Warning
Large setup violation  
There is a large setup violation of -2.602 ns between broncho_video_i/axi_vdma_0/U0/I_PRMRY_DATAMOVER/GEN_S2MM_FULL.I_S2MM_FULL_WRAPPER/I_RESET/sig_cmd_stat_rst_user_reg_n_cdc_from_reg/C (clocked by clk_fpga_0) and broncho_video_i/axi_vdma_0/U0/I_PRMRY_DATAMOVER/GEN_S2MM_FULL.I_S2MM_FULL_WRAPPER/GEN_ENABLE_INDET_BTT_SF.I_INDET_BTT/ENABLE_AXIS_SKID.I_INDET_BTT_SKID_BUF/sig_data_skid_reg_reg[61]/R (clocked by clk_fpga_0). Large setup violations at the end of those stages might be difficult to fix during the post-placement implementation flow and could be the result of non-optimal XDC constraints or non-optimal design architecture
Related violations: <none>

TIMING-16#504 Warning
Large setup violation  
There is a large setup violation of -2.602 ns between broncho_video_i/axi_vdma_0/U0/I_PRMRY_DATAMOVER/GEN_S2MM_FULL.I_S2MM_FULL_WRAPPER/I_RESET/sig_cmd_stat_rst_user_reg_n_cdc_from_reg/C (clocked by clk_fpga_0) and broncho_video_i/axi_vdma_0/U0/I_PRMRY_DATAMOVER/GEN_S2MM_FULL.I_S2MM_FULL_WRAPPER/GEN_ENABLE_INDET_BTT_SF.I_INDET_BTT/ENABLE_AXIS_SKID.I_INDET_BTT_SKID_BUF/sig_data_skid_reg_reg[63]/R (clocked by clk_fpga_0). Large setup violations at the end of those stages might be difficult to fix during the post-placement implementation flow and could be the result of non-optimal XDC constraints or non-optimal design architecture
Related violations: <none>

TIMING-16#505 Warning
Large setup violation  
There is a large setup violation of -2.609 ns between broncho_video_i/axi_vdma_0/U0/I_PRMRY_DATAMOVER/GEN_S2MM_FULL.I_S2MM_FULL_WRAPPER/I_RESET/sig_cmd_stat_rst_user_reg_n_cdc_from_reg/C (clocked by clk_fpga_0) and broncho_video_i/axi_vdma_0/U0/I_PRMRY_DATAMOVER/GEN_S2MM_FULL.I_S2MM_FULL_WRAPPER/GEN_ENABLE_INDET_BTT_SF.I_INDET_BTT/ENABLE_AXIS_SKID.I_INDET_BTT_SKID_BUF/sig_data_reg_out_reg[57]/R (clocked by clk_fpga_0). Large setup violations at the end of those stages might be difficult to fix during the post-placement implementation flow and could be the result of non-optimal XDC constraints or non-optimal design architecture
Related violations: <none>

TIMING-16#506 Warning
Large setup violation  
There is a large setup violation of -2.609 ns between broncho_video_i/axi_vdma_0/U0/I_PRMRY_DATAMOVER/GEN_S2MM_FULL.I_S2MM_FULL_WRAPPER/I_RESET/sig_cmd_stat_rst_user_reg_n_cdc_from_reg/C (clocked by clk_fpga_0) and broncho_video_i/axi_vdma_0/U0/I_PRMRY_DATAMOVER/GEN_S2MM_FULL.I_S2MM_FULL_WRAPPER/GEN_ENABLE_INDET_BTT_SF.I_INDET_BTT/ENABLE_AXIS_SKID.I_INDET_BTT_SKID_BUF/sig_data_reg_out_reg[59]/R (clocked by clk_fpga_0). Large setup violations at the end of those stages might be difficult to fix during the post-placement implementation flow and could be the result of non-optimal XDC constraints or non-optimal design architecture
Related violations: <none>

TIMING-16#507 Warning
Large setup violation  
There is a large setup violation of -2.609 ns between broncho_video_i/axi_vdma_0/U0/I_PRMRY_DATAMOVER/GEN_S2MM_FULL.I_S2MM_FULL_WRAPPER/I_RESET/sig_cmd_stat_rst_user_reg_n_cdc_from_reg/C (clocked by clk_fpga_0) and broncho_video_i/axi_vdma_0/U0/I_PRMRY_DATAMOVER/GEN_S2MM_FULL.I_S2MM_FULL_WRAPPER/GEN_ENABLE_INDET_BTT_SF.I_INDET_BTT/ENABLE_AXIS_SKID.I_INDET_BTT_SKID_BUF/sig_data_reg_out_reg[61]/R (clocked by clk_fpga_0). Large setup violations at the end of those stages might be difficult to fix during the post-placement implementation flow and could be the result of non-optimal XDC constraints or non-optimal design architecture
Related violations: <none>

TIMING-16#508 Warning
Large setup violation  
There is a large setup violation of -2.609 ns between broncho_video_i/axi_vdma_0/U0/I_PRMRY_DATAMOVER/GEN_S2MM_FULL.I_S2MM_FULL_WRAPPER/I_RESET/sig_cmd_stat_rst_user_reg_n_cdc_from_reg/C (clocked by clk_fpga_0) and broncho_video_i/axi_vdma_0/U0/I_PRMRY_DATAMOVER/GEN_S2MM_FULL.I_S2MM_FULL_WRAPPER/GEN_ENABLE_INDET_BTT_SF.I_INDET_BTT/ENABLE_AXIS_SKID.I_INDET_BTT_SKID_BUF/sig_data_reg_out_reg[63]/R (clocked by clk_fpga_0). Large setup violations at the end of those stages might be difficult to fix during the post-placement implementation flow and could be the result of non-optimal XDC constraints or non-optimal design architecture
Related violations: <none>

TIMING-16#509 Warning
Large setup violation  
There is a large setup violation of -2.617 ns between broncho_video_i/axi_vdma_0/U0/I_PRMRY_DATAMOVER/GEN_S2MM_FULL.I_S2MM_FULL_WRAPPER/I_RESET/sig_cmd_stat_rst_user_reg_n_cdc_from_reg/C (clocked by clk_fpga_0) and broncho_video_i/axi_vdma_0/U0/I_PRMRY_DATAMOVER/GEN_S2MM_FULL.I_S2MM_FULL_WRAPPER/GEN_ENABLE_INDET_BTT_SF.I_INDET_BTT/ENABLE_AXIS_SKID.I_INDET_BTT_SKID_BUF/sig_data_reg_out_reg[28]/R (clocked by clk_fpga_0). Large setup violations at the end of those stages might be difficult to fix during the post-placement implementation flow and could be the result of non-optimal XDC constraints or non-optimal design architecture
Related violations: <none>

TIMING-16#510 Warning
Large setup violation  
There is a large setup violation of -2.617 ns between broncho_video_i/axi_vdma_0/U0/I_PRMRY_DATAMOVER/GEN_S2MM_FULL.I_S2MM_FULL_WRAPPER/I_RESET/sig_cmd_stat_rst_user_reg_n_cdc_from_reg/C (clocked by clk_fpga_0) and broncho_video_i/axi_vdma_0/U0/I_PRMRY_DATAMOVER/GEN_S2MM_FULL.I_S2MM_FULL_WRAPPER/GEN_ENABLE_INDET_BTT_SF.I_INDET_BTT/ENABLE_AXIS_SKID.I_INDET_BTT_SKID_BUF/sig_data_reg_out_reg[62]/R (clocked by clk_fpga_0). Large setup violations at the end of those stages might be difficult to fix during the post-placement implementation flow and could be the result of non-optimal XDC constraints or non-optimal design architecture
Related violations: <none>

TIMING-16#511 Warning
Large setup violation  
There is a large setup violation of -2.617 ns between broncho_video_i/axi_vdma_0/U0/I_PRMRY_DATAMOVER/GEN_S2MM_FULL.I_S2MM_FULL_WRAPPER/I_RESET/sig_cmd_stat_rst_user_reg_n_cdc_from_reg/C (clocked by clk_fpga_0) and broncho_video_i/axi_vdma_0/U0/I_PRMRY_DATAMOVER/GEN_S2MM_FULL.I_S2MM_FULL_WRAPPER/GEN_ENABLE_INDET_BTT_SF.I_INDET_BTT/ENABLE_AXIS_SKID.I_INDET_BTT_SKID_BUF/sig_data_reg_out_reg[7]/R (clocked by clk_fpga_0). Large setup violations at the end of those stages might be difficult to fix during the post-placement implementation flow and could be the result of non-optimal XDC constraints or non-optimal design architecture
Related violations: <none>

TIMING-16#512 Warning
Large setup violation  
There is a large setup violation of -2.617 ns between broncho_video_i/axi_vdma_0/U0/I_PRMRY_DATAMOVER/GEN_S2MM_FULL.I_S2MM_FULL_WRAPPER/I_RESET/sig_cmd_stat_rst_user_reg_n_cdc_from_reg/C (clocked by clk_fpga_0) and broncho_video_i/axi_vdma_0/U0/I_PRMRY_DATAMOVER/GEN_S2MM_FULL.I_S2MM_FULL_WRAPPER/GEN_ENABLE_INDET_BTT_SF.I_INDET_BTT/ENABLE_AXIS_SKID.I_INDET_BTT_SKID_BUF/sig_data_reg_out_reg[8]/R (clocked by clk_fpga_0). Large setup violations at the end of those stages might be difficult to fix during the post-placement implementation flow and could be the result of non-optimal XDC constraints or non-optimal design architecture
Related violations: <none>

TIMING-16#513 Warning
Large setup violation  
There is a large setup violation of -2.621 ns between broncho_video_i/axi_vdma_0/U0/I_PRMRY_DATAMOVER/GEN_S2MM_FULL.I_S2MM_FULL_WRAPPER/I_RESET/sig_cmd_stat_rst_user_reg_n_cdc_from_reg/C (clocked by clk_fpga_0) and broncho_video_i/axi_vdma_0/U0/I_PRMRY_DATAMOVER/GEN_S2MM_FULL.I_S2MM_FULL_WRAPPER/GEN_ENABLE_INDET_BTT_SF.I_INDET_BTT/INCLUDE_PACKING.DO_REG_SLICES[3].lsig_flag_slice_reg_reg[3][0]/R (clocked by clk_fpga_0). Large setup violations at the end of those stages might be difficult to fix during the post-placement implementation flow and could be the result of non-optimal XDC constraints or non-optimal design architecture
Related violations: <none>

TIMING-16#514 Warning
Large setup violation  
There is a large setup violation of -2.630 ns between broncho_video_i/clahe_ip_0/inst/u_clahe_ip_axi_lite_inst/u_clahe_ip_addr_decoder_inst/data_reg_axi_enable_1_1_reg_replica_10/C (clocked by clk_fpga_1) and broncho_video_i/clahe_ip_0/inst/u_clahe_ip_dut_inst/u_clahe_ip_src_CLAHE/u_AXI4_Master_Write_Controller/frame_count_reg[10]/CE (clocked by clk_fpga_0). Large setup violations at the end of those stages might be difficult to fix during the post-placement implementation flow and could be the result of non-optimal XDC constraints or non-optimal design architecture
Related violations: <none>

TIMING-16#515 Warning
Large setup violation  
There is a large setup violation of -2.630 ns between broncho_video_i/clahe_ip_0/inst/u_clahe_ip_axi_lite_inst/u_clahe_ip_addr_decoder_inst/data_reg_axi_enable_1_1_reg_replica_10/C (clocked by clk_fpga_1) and broncho_video_i/clahe_ip_0/inst/u_clahe_ip_dut_inst/u_clahe_ip_src_CLAHE/u_AXI4_Master_Write_Controller/frame_count_reg[11]/CE (clocked by clk_fpga_0). Large setup violations at the end of those stages might be difficult to fix during the post-placement implementation flow and could be the result of non-optimal XDC constraints or non-optimal design architecture
Related violations: <none>

TIMING-16#516 Warning
Large setup violation  
There is a large setup violation of -2.630 ns between broncho_video_i/clahe_ip_0/inst/u_clahe_ip_axi_lite_inst/u_clahe_ip_addr_decoder_inst/data_reg_axi_enable_1_1_reg_replica_10/C (clocked by clk_fpga_1) and broncho_video_i/clahe_ip_0/inst/u_clahe_ip_dut_inst/u_clahe_ip_src_CLAHE/u_AXI4_Master_Write_Controller/frame_count_reg[12]/CE (clocked by clk_fpga_0). Large setup violations at the end of those stages might be difficult to fix during the post-placement implementation flow and could be the result of non-optimal XDC constraints or non-optimal design architecture
Related violations: <none>

TIMING-16#517 Warning
Large setup violation  
There is a large setup violation of -2.630 ns between broncho_video_i/clahe_ip_0/inst/u_clahe_ip_axi_lite_inst/u_clahe_ip_addr_decoder_inst/data_reg_axi_enable_1_1_reg_replica_10/C (clocked by clk_fpga_1) and broncho_video_i/clahe_ip_0/inst/u_clahe_ip_dut_inst/u_clahe_ip_src_CLAHE/u_AXI4_Master_Write_Controller/frame_count_reg[13]/CE (clocked by clk_fpga_0). Large setup violations at the end of those stages might be difficult to fix during the post-placement implementation flow and could be the result of non-optimal XDC constraints or non-optimal design architecture
Related violations: <none>

TIMING-16#518 Warning
Large setup violation  
There is a large setup violation of -2.630 ns between broncho_video_i/clahe_ip_0/inst/u_clahe_ip_axi_lite_inst/u_clahe_ip_addr_decoder_inst/data_reg_axi_enable_1_1_reg_replica_10/C (clocked by clk_fpga_1) and broncho_video_i/clahe_ip_0/inst/u_clahe_ip_dut_inst/u_clahe_ip_src_CLAHE/u_AXI4_Master_Write_Controller/frame_count_reg[8]/CE (clocked by clk_fpga_0). Large setup violations at the end of those stages might be difficult to fix during the post-placement implementation flow and could be the result of non-optimal XDC constraints or non-optimal design architecture
Related violations: <none>

TIMING-16#519 Warning
Large setup violation  
There is a large setup violation of -2.630 ns between broncho_video_i/clahe_ip_0/inst/u_clahe_ip_axi_lite_inst/u_clahe_ip_addr_decoder_inst/data_reg_axi_enable_1_1_reg_replica_10/C (clocked by clk_fpga_1) and broncho_video_i/clahe_ip_0/inst/u_clahe_ip_dut_inst/u_clahe_ip_src_CLAHE/u_AXI4_Master_Write_Controller/frame_count_reg[9]/CE (clocked by clk_fpga_0). Large setup violations at the end of those stages might be difficult to fix during the post-placement implementation flow and could be the result of non-optimal XDC constraints or non-optimal design architecture
Related violations: <none>

TIMING-16#520 Warning
Large setup violation  
There is a large setup violation of -2.633 ns between broncho_video_i/clahe_ip_0/inst/u_clahe_ip_axi_lite_inst/u_clahe_ip_addr_decoder_inst/data_reg_axi4_stream_video_0_slave_image_width_1_1_reg[0]/C (clocked by clk_fpga_1) and broncho_video_i/clahe_ip_0/inst/u_clahe_ip_axi4_stream_video_0_slave_inst/u_clahe_ip_clahe_ip_axi4_stream_video_0_slave_clahe_ip_adapter_in/u_clahe_ip_clahe_ip_axi4_stream_video_0_slave_clahe_ip_adapter_in_clahe_ip_adapter_in_module/hlength_1_reg[2]/D (clocked by clk_fpga_0). Large setup violations at the end of those stages might be difficult to fix during the post-placement implementation flow and could be the result of non-optimal XDC constraints or non-optimal design architecture
Related violations: <none>

TIMING-16#521 Warning
Large setup violation  
There is a large setup violation of -2.646 ns between broncho_video_i/clahe_ip_0/inst/u_clahe_ip_axi_lite_inst/u_clahe_ip_addr_decoder_inst/data_reg_axi_enable_1_1_reg_replica_10/C (clocked by clk_fpga_1) and broncho_video_i/clahe_ip_0/inst/u_clahe_ip_dut_inst/u_clahe_ip_src_CLAHE/u_AXI4_Master_Write_Controller/frame_count_reg[22]/CE (clocked by clk_fpga_0). Large setup violations at the end of those stages might be difficult to fix during the post-placement implementation flow and could be the result of non-optimal XDC constraints or non-optimal design architecture
Related violations: <none>

TIMING-16#522 Warning
Large setup violation  
There is a large setup violation of -2.646 ns between broncho_video_i/clahe_ip_0/inst/u_clahe_ip_axi_lite_inst/u_clahe_ip_addr_decoder_inst/data_reg_axi_enable_1_1_reg_replica_10/C (clocked by clk_fpga_1) and broncho_video_i/clahe_ip_0/inst/u_clahe_ip_dut_inst/u_clahe_ip_src_CLAHE/u_AXI4_Master_Write_Controller/frame_count_reg[23]/CE (clocked by clk_fpga_0). Large setup violations at the end of those stages might be difficult to fix during the post-placement implementation flow and could be the result of non-optimal XDC constraints or non-optimal design architecture
Related violations: <none>

TIMING-16#523 Warning
Large setup violation  
There is a large setup violation of -2.649 ns between broncho_video_i/clahe_ip_0/inst/u_clahe_ip_axi_lite_inst/u_clahe_ip_addr_decoder_inst/data_reg_axi_enable_1_1_reg_replica_4/C (clocked by clk_fpga_1) and broncho_video_i/clahe_ip_0/inst/u_clahe_ip_dut_inst/u_clahe_ip_src_CLAHE/u_AXI4_Master_Write_Controller/line_count_reg[0]/CE (clocked by clk_fpga_0). Large setup violations at the end of those stages might be difficult to fix during the post-placement implementation flow and could be the result of non-optimal XDC constraints or non-optimal design architecture
Related violations: <none>

TIMING-16#524 Warning
Large setup violation  
There is a large setup violation of -2.649 ns between broncho_video_i/clahe_ip_0/inst/u_clahe_ip_axi_lite_inst/u_clahe_ip_addr_decoder_inst/data_reg_axi_enable_1_1_reg_replica_4/C (clocked by clk_fpga_1) and broncho_video_i/clahe_ip_0/inst/u_clahe_ip_dut_inst/u_clahe_ip_src_CLAHE/u_AXI4_Master_Write_Controller/line_count_reg[1]/CE (clocked by clk_fpga_0). Large setup violations at the end of those stages might be difficult to fix during the post-placement implementation flow and could be the result of non-optimal XDC constraints or non-optimal design architecture
Related violations: <none>

TIMING-16#525 Warning
Large setup violation  
There is a large setup violation of -2.675 ns between broncho_video_i/clahe_ip_0/inst/u_clahe_ip_axi_lite_inst/u_clahe_ip_addr_decoder_inst/data_reg_axi_enable_1_1_reg_replica_4/C (clocked by clk_fpga_1) and broncho_video_i/clahe_ip_0/inst/u_clahe_ip_dut_inst/u_clahe_ip_src_CLAHE/u_AXI4_Master_Write_Controller/line_count_reg[2]/CE (clocked by clk_fpga_0). Large setup violations at the end of those stages might be difficult to fix during the post-placement implementation flow and could be the result of non-optimal XDC constraints or non-optimal design architecture
Related violations: <none>

TIMING-16#526 Warning
Large setup violation  
There is a large setup violation of -2.675 ns between broncho_video_i/clahe_ip_0/inst/u_clahe_ip_axi_lite_inst/u_clahe_ip_addr_decoder_inst/data_reg_axi_enable_1_1_reg_replica_4/C (clocked by clk_fpga_1) and broncho_video_i/clahe_ip_0/inst/u_clahe_ip_dut_inst/u_clahe_ip_src_CLAHE/u_AXI4_Master_Write_Controller/line_count_reg[3]/CE (clocked by clk_fpga_0). Large setup violations at the end of those stages might be difficult to fix during the post-placement implementation flow and could be the result of non-optimal XDC constraints or non-optimal design architecture
Related violations: <none>

TIMING-16#527 Warning
Large setup violation  
There is a large setup violation of -2.675 ns between broncho_video_i/clahe_ip_0/inst/u_clahe_ip_axi_lite_inst/u_clahe_ip_addr_decoder_inst/data_reg_axi_enable_1_1_reg_replica_4/C (clocked by clk_fpga_1) and broncho_video_i/clahe_ip_0/inst/u_clahe_ip_dut_inst/u_clahe_ip_src_CLAHE/u_AXI4_Master_Write_Controller/line_count_reg[4]/CE (clocked by clk_fpga_0). Large setup violations at the end of those stages might be difficult to fix during the post-placement implementation flow and could be the result of non-optimal XDC constraints or non-optimal design architecture
Related violations: <none>

TIMING-16#528 Warning
Large setup violation  
There is a large setup violation of -2.675 ns between broncho_video_i/clahe_ip_0/inst/u_clahe_ip_axi_lite_inst/u_clahe_ip_addr_decoder_inst/data_reg_axi_enable_1_1_reg_replica_4/C (clocked by clk_fpga_1) and broncho_video_i/clahe_ip_0/inst/u_clahe_ip_dut_inst/u_clahe_ip_src_CLAHE/u_AXI4_Master_Write_Controller/line_count_reg[5]/CE (clocked by clk_fpga_0). Large setup violations at the end of those stages might be difficult to fix during the post-placement implementation flow and could be the result of non-optimal XDC constraints or non-optimal design architecture
Related violations: <none>

TIMING-16#529 Warning
Large setup violation  
There is a large setup violation of -2.677 ns between broncho_video_i/clahe_ip_0/inst/u_clahe_ip_axi_lite_inst/u_clahe_ip_addr_decoder_inst/data_reg_AXI4_Master_0_Wr_base_address_1_1_reg[0]/C (clocked by clk_fpga_1) and broncho_video_i/clahe_ip_0/inst/u_clahe_ip_axi4_master_0_wr_inst/u_clahe_ip_wr_addr_fifo_inst/u_clahe_ip_wr_addr_fifo_classic_ram/ram_reg_0_15_0_5/RAMA/I (clocked by clk_fpga_0). Large setup violations at the end of those stages might be difficult to fix during the post-placement implementation flow and could be the result of non-optimal XDC constraints or non-optimal design architecture
Related violations: <none>

TIMING-16#530 Warning
Large setup violation  
There is a large setup violation of -2.692 ns between broncho_video_i/clahe_ip_0/inst/u_clahe_ip_axi_lite_inst/u_clahe_ip_addr_decoder_inst/data_reg_axi4_stream_video_0_slave_image_width_1_1_reg[0]/C (clocked by clk_fpga_1) and broncho_video_i/clahe_ip_0/inst/u_clahe_ip_axi4_stream_video_0_slave_inst/u_clahe_ip_clahe_ip_axi4_stream_video_0_slave_clahe_ip_adapter_in/u_clahe_ip_clahe_ip_axi4_stream_video_0_slave_clahe_ip_adapter_in_clahe_ip_adapter_in_module/hlength_1_reg[3]/D (clocked by clk_fpga_0). Large setup violations at the end of those stages might be difficult to fix during the post-placement implementation flow and could be the result of non-optimal XDC constraints or non-optimal design architecture
Related violations: <none>

TIMING-16#531 Warning
Large setup violation  
There is a large setup violation of -2.696 ns between broncho_video_i/axi_vdma_0/U0/I_PRMRY_DATAMOVER/GEN_S2MM_FULL.I_S2MM_FULL_WRAPPER/I_RESET/sig_cmd_stat_rst_user_reg_n_cdc_from_reg/C (clocked by clk_fpga_0) and broncho_video_i/axi_vdma_0/U0/I_PRMRY_DATAMOVER/GEN_S2MM_FULL.I_S2MM_FULL_WRAPPER/GEN_ENABLE_INDET_BTT_SF.I_INDET_BTT/ENABLE_AXIS_SKID.I_INDET_BTT_SKID_BUF/sig_data_reg_out_reg[14]/R (clocked by clk_fpga_0). Large setup violations at the end of those stages might be difficult to fix during the post-placement implementation flow and could be the result of non-optimal XDC constraints or non-optimal design architecture
Related violations: <none>

TIMING-16#532 Warning
Large setup violation  
There is a large setup violation of -2.696 ns between broncho_video_i/axi_vdma_0/U0/I_PRMRY_DATAMOVER/GEN_S2MM_FULL.I_S2MM_FULL_WRAPPER/I_RESET/sig_cmd_stat_rst_user_reg_n_cdc_from_reg/C (clocked by clk_fpga_0) and broncho_video_i/axi_vdma_0/U0/I_PRMRY_DATAMOVER/GEN_S2MM_FULL.I_S2MM_FULL_WRAPPER/GEN_ENABLE_INDET_BTT_SF.I_INDET_BTT/ENABLE_AXIS_SKID.I_INDET_BTT_SKID_BUF/sig_data_reg_out_reg[1]/R (clocked by clk_fpga_0). Large setup violations at the end of those stages might be difficult to fix during the post-placement implementation flow and could be the result of non-optimal XDC constraints or non-optimal design architecture
Related violations: <none>

TIMING-16#533 Warning
Large setup violation  
There is a large setup violation of -2.696 ns between broncho_video_i/axi_vdma_0/U0/I_PRMRY_DATAMOVER/GEN_S2MM_FULL.I_S2MM_FULL_WRAPPER/I_RESET/sig_cmd_stat_rst_user_reg_n_cdc_from_reg/C (clocked by clk_fpga_0) and broncho_video_i/axi_vdma_0/U0/I_PRMRY_DATAMOVER/GEN_S2MM_FULL.I_S2MM_FULL_WRAPPER/GEN_ENABLE_INDET_BTT_SF.I_INDET_BTT/ENABLE_AXIS_SKID.I_INDET_BTT_SKID_BUF/sig_data_reg_out_reg[34]/R (clocked by clk_fpga_0). Large setup violations at the end of those stages might be difficult to fix during the post-placement implementation flow and could be the result of non-optimal XDC constraints or non-optimal design architecture
Related violations: <none>

TIMING-16#534 Warning
Large setup violation  
There is a large setup violation of -2.696 ns between broncho_video_i/axi_vdma_0/U0/I_PRMRY_DATAMOVER/GEN_S2MM_FULL.I_S2MM_FULL_WRAPPER/I_RESET/sig_cmd_stat_rst_user_reg_n_cdc_from_reg/C (clocked by clk_fpga_0) and broncho_video_i/axi_vdma_0/U0/I_PRMRY_DATAMOVER/GEN_S2MM_FULL.I_S2MM_FULL_WRAPPER/GEN_ENABLE_INDET_BTT_SF.I_INDET_BTT/ENABLE_AXIS_SKID.I_INDET_BTT_SKID_BUF/sig_data_reg_out_reg[49]/R (clocked by clk_fpga_0). Large setup violations at the end of those stages might be difficult to fix during the post-placement implementation flow and could be the result of non-optimal XDC constraints or non-optimal design architecture
Related violations: <none>

TIMING-16#535 Warning
Large setup violation  
There is a large setup violation of -2.696 ns between broncho_video_i/clahe_ip_0/inst/u_clahe_ip_reset_sync_inst/reset_out_1_reg_replica/C (clocked by clk_fpga_0) and broncho_video_i/clahe_ip_0/inst/u_clahe_ip_axi_lite_inst/u_clahe_ip_addr_decoder_inst/data_reg_axi_enable_1_1_reg_replica_21/D (clocked by clk_fpga_1). Large setup violations at the end of those stages might be difficult to fix during the post-placement implementation flow and could be the result of non-optimal XDC constraints or non-optimal design architecture
Related violations: <none>

TIMING-16#536 Warning
Large setup violation  
There is a large setup violation of -2.697 ns between broncho_video_i/clahe_ip_0/inst/u_clahe_ip_axi_lite_inst/u_clahe_ip_addr_decoder_inst/data_reg_axi_enable_1_1_reg_replica_10/C (clocked by clk_fpga_1) and broncho_video_i/clahe_ip_0/inst/u_clahe_ip_dut_inst/u_clahe_ip_src_CLAHE/u_AXI4_Master_Write_Controller/frame_count_reg[14]/CE (clocked by clk_fpga_0). Large setup violations at the end of those stages might be difficult to fix during the post-placement implementation flow and could be the result of non-optimal XDC constraints or non-optimal design architecture
Related violations: <none>

TIMING-16#537 Warning
Large setup violation  
There is a large setup violation of -2.697 ns between broncho_video_i/clahe_ip_0/inst/u_clahe_ip_axi_lite_inst/u_clahe_ip_addr_decoder_inst/data_reg_axi_enable_1_1_reg_replica_10/C (clocked by clk_fpga_1) and broncho_video_i/clahe_ip_0/inst/u_clahe_ip_dut_inst/u_clahe_ip_src_CLAHE/u_AXI4_Master_Write_Controller/frame_count_reg[15]/CE (clocked by clk_fpga_0). Large setup violations at the end of those stages might be difficult to fix during the post-placement implementation flow and could be the result of non-optimal XDC constraints or non-optimal design architecture
Related violations: <none>

TIMING-16#538 Warning
Large setup violation  
There is a large setup violation of -2.697 ns between broncho_video_i/clahe_ip_0/inst/u_clahe_ip_axi_lite_inst/u_clahe_ip_addr_decoder_inst/data_reg_axi_enable_1_1_reg_replica_10/C (clocked by clk_fpga_1) and broncho_video_i/clahe_ip_0/inst/u_clahe_ip_dut_inst/u_clahe_ip_src_CLAHE/u_AXI4_Master_Write_Controller/frame_count_reg[16]/CE (clocked by clk_fpga_0). Large setup violations at the end of those stages might be difficult to fix during the post-placement implementation flow and could be the result of non-optimal XDC constraints or non-optimal design architecture
Related violations: <none>

TIMING-16#539 Warning
Large setup violation  
There is a large setup violation of -2.697 ns between broncho_video_i/clahe_ip_0/inst/u_clahe_ip_axi_lite_inst/u_clahe_ip_addr_decoder_inst/data_reg_axi_enable_1_1_reg_replica_10/C (clocked by clk_fpga_1) and broncho_video_i/clahe_ip_0/inst/u_clahe_ip_dut_inst/u_clahe_ip_src_CLAHE/u_AXI4_Master_Write_Controller/frame_count_reg[17]/CE (clocked by clk_fpga_0). Large setup violations at the end of those stages might be difficult to fix during the post-placement implementation flow and could be the result of non-optimal XDC constraints or non-optimal design architecture
Related violations: <none>

TIMING-16#540 Warning
Large setup violation  
There is a large setup violation of -2.697 ns between broncho_video_i/clahe_ip_0/inst/u_clahe_ip_axi_lite_inst/u_clahe_ip_addr_decoder_inst/data_reg_axi_enable_1_1_reg_replica_10/C (clocked by clk_fpga_1) and broncho_video_i/clahe_ip_0/inst/u_clahe_ip_dut_inst/u_clahe_ip_src_CLAHE/u_AXI4_Master_Write_Controller/frame_count_reg[18]/CE (clocked by clk_fpga_0). Large setup violations at the end of those stages might be difficult to fix during the post-placement implementation flow and could be the result of non-optimal XDC constraints or non-optimal design architecture
Related violations: <none>

TIMING-16#541 Warning
Large setup violation  
There is a large setup violation of -2.697 ns between broncho_video_i/clahe_ip_0/inst/u_clahe_ip_axi_lite_inst/u_clahe_ip_addr_decoder_inst/data_reg_axi_enable_1_1_reg_replica_10/C (clocked by clk_fpga_1) and broncho_video_i/clahe_ip_0/inst/u_clahe_ip_dut_inst/u_clahe_ip_src_CLAHE/u_AXI4_Master_Write_Controller/frame_count_reg[19]/CE (clocked by clk_fpga_0). Large setup violations at the end of those stages might be difficult to fix during the post-placement implementation flow and could be the result of non-optimal XDC constraints or non-optimal design architecture
Related violations: <none>

TIMING-16#542 Warning
Large setup violation  
There is a large setup violation of -2.699 ns between broncho_video_i/clahe_ip_0/inst/u_clahe_ip_reset_sync_inst/reset_out_1_reg_replica/C (clocked by clk_fpga_0) and broncho_video_i/clahe_ip_0/inst/u_clahe_ip_axi_lite_inst/u_clahe_ip_addr_decoder_inst/data_reg_axi_enable_1_1_reg_replica_13/D (clocked by clk_fpga_1). Large setup violations at the end of those stages might be difficult to fix during the post-placement implementation flow and could be the result of non-optimal XDC constraints or non-optimal design architecture
Related violations: <none>

TIMING-16#543 Warning
Large setup violation  
There is a large setup violation of -2.712 ns between broncho_video_i/axi_vdma_0/U0/I_PRMRY_DATAMOVER/GEN_S2MM_FULL.I_S2MM_FULL_WRAPPER/I_RESET/sig_cmd_stat_rst_user_reg_n_cdc_from_reg/C (clocked by clk_fpga_0) and broncho_video_i/axi_vdma_0/U0/I_PRMRY_DATAMOVER/GEN_S2MM_FULL.I_S2MM_FULL_WRAPPER/GEN_ENABLE_INDET_BTT_SF.I_INDET_BTT/ENABLE_AXIS_SKID.I_INDET_BTT_SKID_BUF/sig_data_reg_out_reg[15]/R (clocked by clk_fpga_0). Large setup violations at the end of those stages might be difficult to fix during the post-placement implementation flow and could be the result of non-optimal XDC constraints or non-optimal design architecture
Related violations: <none>

TIMING-16#544 Warning
Large setup violation  
There is a large setup violation of -2.712 ns between broncho_video_i/axi_vdma_0/U0/I_PRMRY_DATAMOVER/GEN_S2MM_FULL.I_S2MM_FULL_WRAPPER/I_RESET/sig_cmd_stat_rst_user_reg_n_cdc_from_reg/C (clocked by clk_fpga_0) and broncho_video_i/axi_vdma_0/U0/I_PRMRY_DATAMOVER/GEN_S2MM_FULL.I_S2MM_FULL_WRAPPER/GEN_ENABLE_INDET_BTT_SF.I_INDET_BTT/ENABLE_AXIS_SKID.I_INDET_BTT_SKID_BUF/sig_data_reg_out_reg[21]/R (clocked by clk_fpga_0). Large setup violations at the end of those stages might be difficult to fix during the post-placement implementation flow and could be the result of non-optimal XDC constraints or non-optimal design architecture
Related violations: <none>

TIMING-16#545 Warning
Large setup violation  
There is a large setup violation of -2.712 ns between broncho_video_i/axi_vdma_0/U0/I_PRMRY_DATAMOVER/GEN_S2MM_FULL.I_S2MM_FULL_WRAPPER/I_RESET/sig_cmd_stat_rst_user_reg_n_cdc_from_reg/C (clocked by clk_fpga_0) and broncho_video_i/axi_vdma_0/U0/I_PRMRY_DATAMOVER/GEN_S2MM_FULL.I_S2MM_FULL_WRAPPER/GEN_ENABLE_INDET_BTT_SF.I_INDET_BTT/ENABLE_AXIS_SKID.I_INDET_BTT_SKID_BUF/sig_data_reg_out_reg[3]/R (clocked by clk_fpga_0). Large setup violations at the end of those stages might be difficult to fix during the post-placement implementation flow and could be the result of non-optimal XDC constraints or non-optimal design architecture
Related violations: <none>

TIMING-16#546 Warning
Large setup violation  
There is a large setup violation of -2.712 ns between broncho_video_i/axi_vdma_0/U0/I_PRMRY_DATAMOVER/GEN_S2MM_FULL.I_S2MM_FULL_WRAPPER/I_RESET/sig_cmd_stat_rst_user_reg_n_cdc_from_reg/C (clocked by clk_fpga_0) and broncho_video_i/axi_vdma_0/U0/I_PRMRY_DATAMOVER/GEN_S2MM_FULL.I_S2MM_FULL_WRAPPER/GEN_ENABLE_INDET_BTT_SF.I_INDET_BTT/ENABLE_AXIS_SKID.I_INDET_BTT_SKID_BUF/sig_data_reg_out_reg[5]/R (clocked by clk_fpga_0). Large setup violations at the end of those stages might be difficult to fix during the post-placement implementation flow and could be the result of non-optimal XDC constraints or non-optimal design architecture
Related violations: <none>

TIMING-16#547 Warning
Large setup violation  
There is a large setup violation of -2.715 ns between broncho_video_i/clahe_ip_0/inst/u_clahe_ip_axi_lite_inst/u_clahe_ip_addr_decoder_inst/data_reg_axi4_stream_video_0_slave_vporch_1_1_reg[0]/C (clocked by clk_fpga_1) and broncho_video_i/clahe_ip_0/inst/u_clahe_ip_axi4_stream_video_0_slave_inst/u_clahe_ip_clahe_ip_axi4_stream_video_0_slave_clahe_ip_adapter_in/u_clahe_ip_clahe_ip_axi4_stream_video_0_slave_clahe_ip_adapter_in_clahe_ip_adapter_in_module/vlength_1_reg[2]/D (clocked by clk_fpga_0). Large setup violations at the end of those stages might be difficult to fix during the post-placement implementation flow and could be the result of non-optimal XDC constraints or non-optimal design architecture
Related violations: <none>

TIMING-16#548 Warning
Large setup violation  
There is a large setup violation of -2.716 ns between broncho_video_i/axi_vdma_0/U0/I_PRMRY_DATAMOVER/GEN_S2MM_FULL.I_S2MM_FULL_WRAPPER/I_RESET/sig_cmd_stat_rst_user_reg_n_cdc_from_reg/C (clocked by clk_fpga_0) and broncho_video_i/axi_vdma_0/U0/I_PRMRY_DATAMOVER/GEN_S2MM_FULL.I_S2MM_FULL_WRAPPER/GEN_ENABLE_INDET_BTT_SF.I_INDET_BTT/INCLUDE_PACKING.DO_REG_SLICES[1].lsig_data_slice_reg_reg[1][10]/R (clocked by clk_fpga_0). Large setup violations at the end of those stages might be difficult to fix during the post-placement implementation flow and could be the result of non-optimal XDC constraints or non-optimal design architecture
Related violations: <none>

TIMING-16#549 Warning
Large setup violation  
There is a large setup violation of -2.716 ns between broncho_video_i/axi_vdma_0/U0/I_PRMRY_DATAMOVER/GEN_S2MM_FULL.I_S2MM_FULL_WRAPPER/I_RESET/sig_cmd_stat_rst_user_reg_n_cdc_from_reg/C (clocked by clk_fpga_0) and broncho_video_i/axi_vdma_0/U0/I_PRMRY_DATAMOVER/GEN_S2MM_FULL.I_S2MM_FULL_WRAPPER/GEN_ENABLE_INDET_BTT_SF.I_INDET_BTT/INCLUDE_PACKING.DO_REG_SLICES[1].lsig_flag_slice_reg_reg[1][0]/R (clocked by clk_fpga_0). Large setup violations at the end of those stages might be difficult to fix during the post-placement implementation flow and could be the result of non-optimal XDC constraints or non-optimal design architecture
Related violations: <none>

TIMING-16#550 Warning
Large setup violation  
There is a large setup violation of -2.718 ns between broncho_video_i/clahe_ip_0/inst/u_clahe_ip_reset_sync_inst/reset_out_1_reg_replica/C (clocked by clk_fpga_0) and broncho_video_i/clahe_ip_0/inst/u_clahe_ip_axi_lite_inst/u_clahe_ip_addr_decoder_inst/data_reg_axi_enable_1_1_reg_replica_28/D (clocked by clk_fpga_1). Large setup violations at the end of those stages might be difficult to fix during the post-placement implementation flow and could be the result of non-optimal XDC constraints or non-optimal design architecture
Related violations: <none>

TIMING-16#551 Warning
Large setup violation  
There is a large setup violation of -2.731 ns between broncho_video_i/clahe_ip_0/inst/u_clahe_ip_reset_sync_inst/reset_out_1_reg_replica/C (clocked by clk_fpga_0) and broncho_video_i/clahe_ip_0/inst/u_clahe_ip_axi_lite_inst/u_clahe_ip_addr_decoder_inst/data_reg_axi_enable_1_1_reg_replica_19/D (clocked by clk_fpga_1). Large setup violations at the end of those stages might be difficult to fix during the post-placement implementation flow and could be the result of non-optimal XDC constraints or non-optimal design architecture
Related violations: <none>

TIMING-16#552 Warning
Large setup violation  
There is a large setup violation of -2.733 ns between broncho_video_i/clahe_ip_0/inst/u_clahe_ip_reset_sync_inst/reset_out_1_reg_replica/C (clocked by clk_fpga_0) and broncho_video_i/clahe_ip_0/inst/u_clahe_ip_axi_lite_inst/u_clahe_ip_addr_decoder_inst/data_reg_axi_enable_1_1_reg_replica_2/D (clocked by clk_fpga_1). Large setup violations at the end of those stages might be difficult to fix during the post-placement implementation flow and could be the result of non-optimal XDC constraints or non-optimal design architecture
Related violations: <none>

TIMING-16#553 Warning
Large setup violation  
There is a large setup violation of -2.736 ns between broncho_video_i/clahe_ip_0/inst/u_clahe_ip_reset_sync_inst/reset_out_1_reg_replica/C (clocked by clk_fpga_0) and broncho_video_i/clahe_ip_0/inst/u_clahe_ip_axi_lite_inst/u_clahe_ip_addr_decoder_inst/data_reg_axi_enable_1_1_reg_replica_9/D (clocked by clk_fpga_1). Large setup violations at the end of those stages might be difficult to fix during the post-placement implementation flow and could be the result of non-optimal XDC constraints or non-optimal design architecture
Related violations: <none>

TIMING-16#554 Warning
Large setup violation  
There is a large setup violation of -2.738 ns between broncho_video_i/axi_vdma_0/U0/I_PRMRY_DATAMOVER/GEN_S2MM_FULL.I_S2MM_FULL_WRAPPER/I_RESET/sig_cmd_stat_rst_user_reg_n_cdc_from_reg/C (clocked by clk_fpga_0) and broncho_video_i/axi_vdma_0/U0/I_PRMRY_DATAMOVER/GEN_S2MM_FULL.I_S2MM_FULL_WRAPPER/GEN_ENABLE_INDET_BTT_SF.I_INDET_BTT/INCLUDE_PACKING.DO_REG_SLICES[1].lsig_data_slice_reg_reg[1][12]/R (clocked by clk_fpga_0). Large setup violations at the end of those stages might be difficult to fix during the post-placement implementation flow and could be the result of non-optimal XDC constraints or non-optimal design architecture
Related violations: <none>

TIMING-16#555 Warning
Large setup violation  
There is a large setup violation of -2.738 ns between broncho_video_i/axi_vdma_0/U0/I_PRMRY_DATAMOVER/GEN_S2MM_FULL.I_S2MM_FULL_WRAPPER/I_RESET/sig_cmd_stat_rst_user_reg_n_cdc_from_reg/C (clocked by clk_fpga_0) and broncho_video_i/axi_vdma_0/U0/I_PRMRY_DATAMOVER/GEN_S2MM_FULL.I_S2MM_FULL_WRAPPER/GEN_ENABLE_INDET_BTT_SF.I_INDET_BTT/INCLUDE_PACKING.DO_REG_SLICES[1].lsig_data_slice_reg_reg[1][14]/R (clocked by clk_fpga_0). Large setup violations at the end of those stages might be difficult to fix during the post-placement implementation flow and could be the result of non-optimal XDC constraints or non-optimal design architecture
Related violations: <none>

TIMING-16#556 Warning
Large setup violation  
There is a large setup violation of -2.738 ns between broncho_video_i/axi_vdma_0/U0/I_PRMRY_DATAMOVER/GEN_S2MM_FULL.I_S2MM_FULL_WRAPPER/I_RESET/sig_cmd_stat_rst_user_reg_n_cdc_from_reg/C (clocked by clk_fpga_0) and broncho_video_i/axi_vdma_0/U0/I_PRMRY_DATAMOVER/GEN_S2MM_FULL.I_S2MM_FULL_WRAPPER/GEN_ENABLE_INDET_BTT_SF.I_INDET_BTT/INCLUDE_PACKING.DO_REG_SLICES[1].lsig_data_slice_reg_reg[1][7]/R (clocked by clk_fpga_0). Large setup violations at the end of those stages might be difficult to fix during the post-placement implementation flow and could be the result of non-optimal XDC constraints or non-optimal design architecture
Related violations: <none>

TIMING-16#557 Warning
Large setup violation  
There is a large setup violation of -2.738 ns between broncho_video_i/axi_vdma_0/U0/I_PRMRY_DATAMOVER/GEN_S2MM_FULL.I_S2MM_FULL_WRAPPER/I_RESET/sig_cmd_stat_rst_user_reg_n_cdc_from_reg/C (clocked by clk_fpga_0) and broncho_video_i/axi_vdma_0/U0/I_PRMRY_DATAMOVER/GEN_S2MM_FULL.I_S2MM_FULL_WRAPPER/GEN_ENABLE_INDET_BTT_SF.I_INDET_BTT/INCLUDE_PACKING.DO_REG_SLICES[1].lsig_data_slice_reg_reg[1][9]/R (clocked by clk_fpga_0). Large setup violations at the end of those stages might be difficult to fix during the post-placement implementation flow and could be the result of non-optimal XDC constraints or non-optimal design architecture
Related violations: <none>

TIMING-16#558 Warning
Large setup violation  
There is a large setup violation of -2.754 ns between broncho_video_i/clahe_ip_0/inst/u_clahe_ip_axi_lite_inst/u_clahe_ip_axi_lite_module_inst/u_clahe_ip_reset_hold_inst/reset_hold_module_reset_pending_reg_reg/C (clocked by clk_fpga_1) and broncho_video_i/clahe_ip_0/inst/u_clahe_ip_axi4_master_0_wr_inst/FSM_onehot_axi4_master_wr_wr_astate_reg[0]/D (clocked by clk_fpga_0). Large setup violations at the end of those stages might be difficult to fix during the post-placement implementation flow and could be the result of non-optimal XDC constraints or non-optimal design architecture
Related violations: <none>

TIMING-16#559 Warning
Large setup violation  
There is a large setup violation of -2.757 ns between broncho_video_i/axi_vdma_0/U0/I_PRMRY_DATAMOVER/GEN_S2MM_FULL.I_S2MM_FULL_WRAPPER/I_RESET/sig_cmd_stat_rst_user_reg_n_cdc_from_reg/C (clocked by clk_fpga_0) and broncho_video_i/axi_vdma_0/U0/I_PRMRY_DATAMOVER/GEN_S2MM_FULL.I_S2MM_FULL_WRAPPER/GEN_ENABLE_INDET_BTT_SF.I_INDET_BTT/INCLUDE_PACKING.DO_REG_SLICES[0].lsig_data_slice_reg_reg[0][0]/R (clocked by clk_fpga_0). Large setup violations at the end of those stages might be difficult to fix during the post-placement implementation flow and could be the result of non-optimal XDC constraints or non-optimal design architecture
Related violations: <none>

TIMING-16#560 Warning
Large setup violation  
There is a large setup violation of -2.757 ns between broncho_video_i/axi_vdma_0/U0/I_PRMRY_DATAMOVER/GEN_S2MM_FULL.I_S2MM_FULL_WRAPPER/I_RESET/sig_cmd_stat_rst_user_reg_n_cdc_from_reg/C (clocked by clk_fpga_0) and broncho_video_i/axi_vdma_0/U0/I_PRMRY_DATAMOVER/GEN_S2MM_FULL.I_S2MM_FULL_WRAPPER/GEN_ENABLE_INDET_BTT_SF.I_INDET_BTT/INCLUDE_PACKING.DO_REG_SLICES[0].lsig_data_slice_reg_reg[0][2]/R (clocked by clk_fpga_0). Large setup violations at the end of those stages might be difficult to fix during the post-placement implementation flow and could be the result of non-optimal XDC constraints or non-optimal design architecture
Related violations: <none>

TIMING-16#561 Warning
Large setup violation  
There is a large setup violation of -2.757 ns between broncho_video_i/axi_vdma_0/U0/I_PRMRY_DATAMOVER/GEN_S2MM_FULL.I_S2MM_FULL_WRAPPER/I_RESET/sig_cmd_stat_rst_user_reg_n_cdc_from_reg/C (clocked by clk_fpga_0) and broncho_video_i/axi_vdma_0/U0/I_PRMRY_DATAMOVER/GEN_S2MM_FULL.I_S2MM_FULL_WRAPPER/GEN_ENABLE_INDET_BTT_SF.I_INDET_BTT/INCLUDE_PACKING.DO_REG_SLICES[0].lsig_data_slice_reg_reg[0][4]/R (clocked by clk_fpga_0). Large setup violations at the end of those stages might be difficult to fix during the post-placement implementation flow and could be the result of non-optimal XDC constraints or non-optimal design architecture
Related violations: <none>

TIMING-16#562 Warning
Large setup violation  
There is a large setup violation of -2.757 ns between broncho_video_i/axi_vdma_0/U0/I_PRMRY_DATAMOVER/GEN_S2MM_FULL.I_S2MM_FULL_WRAPPER/I_RESET/sig_cmd_stat_rst_user_reg_n_cdc_from_reg/C (clocked by clk_fpga_0) and broncho_video_i/axi_vdma_0/U0/I_PRMRY_DATAMOVER/GEN_S2MM_FULL.I_S2MM_FULL_WRAPPER/GEN_ENABLE_INDET_BTT_SF.I_INDET_BTT/INCLUDE_PACKING.DO_REG_SLICES[0].lsig_data_slice_reg_reg[0][6]/R (clocked by clk_fpga_0). Large setup violations at the end of those stages might be difficult to fix during the post-placement implementation flow and could be the result of non-optimal XDC constraints or non-optimal design architecture
Related violations: <none>

TIMING-16#563 Warning
Large setup violation  
There is a large setup violation of -2.772 ns between broncho_video_i/clahe_ip_0/inst/u_clahe_ip_axi_lite_inst/u_clahe_ip_addr_decoder_inst/data_reg_axi_enable_1_1_reg_replica_10/C (clocked by clk_fpga_1) and broncho_video_i/clahe_ip_0/inst/u_clahe_ip_dut_inst/u_clahe_ip_src_CLAHE/u_AXI4_Master_Write_Controller/frame_count_reg[6]/CE (clocked by clk_fpga_0). Large setup violations at the end of those stages might be difficult to fix during the post-placement implementation flow and could be the result of non-optimal XDC constraints or non-optimal design architecture
Related violations: <none>

TIMING-16#564 Warning
Large setup violation  
There is a large setup violation of -2.772 ns between broncho_video_i/clahe_ip_0/inst/u_clahe_ip_axi_lite_inst/u_clahe_ip_addr_decoder_inst/data_reg_axi_enable_1_1_reg_replica_10/C (clocked by clk_fpga_1) and broncho_video_i/clahe_ip_0/inst/u_clahe_ip_dut_inst/u_clahe_ip_src_CLAHE/u_AXI4_Master_Write_Controller/frame_count_reg[7]/CE (clocked by clk_fpga_0). Large setup violations at the end of those stages might be difficult to fix during the post-placement implementation flow and could be the result of non-optimal XDC constraints or non-optimal design architecture
Related violations: <none>

TIMING-16#565 Warning
Large setup violation  
There is a large setup violation of -2.779 ns between broncho_video_i/clahe_ip_0/inst/u_clahe_ip_axi_lite_inst/u_clahe_ip_addr_decoder_inst/data_reg_axi4_stream_video_0_slave_vporch_1_1_reg[0]/C (clocked by clk_fpga_1) and broncho_video_i/clahe_ip_0/inst/u_clahe_ip_axi4_stream_video_0_slave_inst/u_clahe_ip_clahe_ip_axi4_stream_video_0_slave_clahe_ip_adapter_in/u_clahe_ip_clahe_ip_axi4_stream_video_0_slave_clahe_ip_adapter_in_clahe_ip_adapter_in_module/vlength_1_reg[3]/D (clocked by clk_fpga_0). Large setup violations at the end of those stages might be difficult to fix during the post-placement implementation flow and could be the result of non-optimal XDC constraints or non-optimal design architecture
Related violations: <none>

TIMING-16#566 Warning
Large setup violation  
There is a large setup violation of -2.785 ns between broncho_video_i/clahe_ip_0/inst/u_clahe_ip_reset_sync_inst/reset_out_1_reg_replica/C (clocked by clk_fpga_0) and broncho_video_i/clahe_ip_0/inst/u_clahe_ip_axi_lite_inst/u_clahe_ip_addr_decoder_inst/data_reg_axi_enable_1_1_reg_replica_7/D (clocked by clk_fpga_1). Large setup violations at the end of those stages might be difficult to fix during the post-placement implementation flow and could be the result of non-optimal XDC constraints or non-optimal design architecture
Related violations: <none>

TIMING-16#567 Warning
Large setup violation  
There is a large setup violation of -2.787 ns between broncho_video_i/clahe_ip_0/inst/u_clahe_ip_reset_sync_inst/reset_out_1_reg_replica/C (clocked by clk_fpga_0) and broncho_video_i/clahe_ip_0/inst/u_clahe_ip_axi_lite_inst/u_clahe_ip_addr_decoder_inst/data_reg_axi_enable_1_1_reg_replica_5/D (clocked by clk_fpga_1). Large setup violations at the end of those stages might be difficult to fix during the post-placement implementation flow and could be the result of non-optimal XDC constraints or non-optimal design architecture
Related violations: <none>

TIMING-16#568 Warning
Large setup violation  
There is a large setup violation of -2.788 ns between broncho_video_i/clahe_ip_0/inst/u_clahe_ip_axi4_master_0_rd_inst/accum_value_reg[4]/C (clocked by clk_fpga_0) and broncho_video_i/clahe_ip_0/inst/u_clahe_ip_axi_lite_inst/u_clahe_ip_axi_lite_module_inst/u_clahe_ip_reset_hold_inst/reset_hold_module_reset_out_reg_reg/D (clocked by clk_fpga_1). Large setup violations at the end of those stages might be difficult to fix during the post-placement implementation flow and could be the result of non-optimal XDC constraints or non-optimal design architecture
Related violations: <none>

TIMING-16#569 Warning
Large setup violation  
There is a large setup violation of -2.789 ns between broncho_video_i/clahe_ip_0/inst/u_clahe_ip_axi_lite_inst/u_clahe_ip_addr_decoder_inst/data_reg_axi_enable_1_1_reg_replica_10/C (clocked by clk_fpga_1) and broncho_video_i/clahe_ip_0/inst/u_clahe_ip_dut_inst/u_clahe_ip_src_CLAHE/u_AXI4_Master_Write_Controller/frame_count_reg[0]/CE (clocked by clk_fpga_0). Large setup violations at the end of those stages might be difficult to fix during the post-placement implementation flow and could be the result of non-optimal XDC constraints or non-optimal design architecture
Related violations: <none>

TIMING-16#570 Warning
Large setup violation  
There is a large setup violation of -2.789 ns between broncho_video_i/clahe_ip_0/inst/u_clahe_ip_axi_lite_inst/u_clahe_ip_addr_decoder_inst/data_reg_axi_enable_1_1_reg_replica_10/C (clocked by clk_fpga_1) and broncho_video_i/clahe_ip_0/inst/u_clahe_ip_dut_inst/u_clahe_ip_src_CLAHE/u_AXI4_Master_Write_Controller/frame_count_reg[1]/CE (clocked by clk_fpga_0). Large setup violations at the end of those stages might be difficult to fix during the post-placement implementation flow and could be the result of non-optimal XDC constraints or non-optimal design architecture
Related violations: <none>

TIMING-16#571 Warning
Large setup violation  
There is a large setup violation of -2.789 ns between broncho_video_i/clahe_ip_0/inst/u_clahe_ip_axi_lite_inst/u_clahe_ip_addr_decoder_inst/data_reg_axi_enable_1_1_reg_replica_10/C (clocked by clk_fpga_1) and broncho_video_i/clahe_ip_0/inst/u_clahe_ip_dut_inst/u_clahe_ip_src_CLAHE/u_AXI4_Master_Write_Controller/frame_count_reg[2]/CE (clocked by clk_fpga_0). Large setup violations at the end of those stages might be difficult to fix during the post-placement implementation flow and could be the result of non-optimal XDC constraints or non-optimal design architecture
Related violations: <none>

TIMING-16#572 Warning
Large setup violation  
There is a large setup violation of -2.789 ns between broncho_video_i/clahe_ip_0/inst/u_clahe_ip_axi_lite_inst/u_clahe_ip_addr_decoder_inst/data_reg_axi_enable_1_1_reg_replica_10/C (clocked by clk_fpga_1) and broncho_video_i/clahe_ip_0/inst/u_clahe_ip_dut_inst/u_clahe_ip_src_CLAHE/u_AXI4_Master_Write_Controller/frame_count_reg[3]/CE (clocked by clk_fpga_0). Large setup violations at the end of those stages might be difficult to fix during the post-placement implementation flow and could be the result of non-optimal XDC constraints or non-optimal design architecture
Related violations: <none>

TIMING-16#573 Warning
Large setup violation  
There is a large setup violation of -2.789 ns between broncho_video_i/clahe_ip_0/inst/u_clahe_ip_axi_lite_inst/u_clahe_ip_addr_decoder_inst/data_reg_axi_enable_1_1_reg_replica_10/C (clocked by clk_fpga_1) and broncho_video_i/clahe_ip_0/inst/u_clahe_ip_dut_inst/u_clahe_ip_src_CLAHE/u_AXI4_Master_Write_Controller/frame_count_reg[4]/CE (clocked by clk_fpga_0). Large setup violations at the end of those stages might be difficult to fix during the post-placement implementation flow and could be the result of non-optimal XDC constraints or non-optimal design architecture
Related violations: <none>

TIMING-16#574 Warning
Large setup violation  
There is a large setup violation of -2.789 ns between broncho_video_i/clahe_ip_0/inst/u_clahe_ip_axi_lite_inst/u_clahe_ip_addr_decoder_inst/data_reg_axi_enable_1_1_reg_replica_10/C (clocked by clk_fpga_1) and broncho_video_i/clahe_ip_0/inst/u_clahe_ip_dut_inst/u_clahe_ip_src_CLAHE/u_AXI4_Master_Write_Controller/frame_count_reg[5]/CE (clocked by clk_fpga_0). Large setup violations at the end of those stages might be difficult to fix during the post-placement implementation flow and could be the result of non-optimal XDC constraints or non-optimal design architecture
Related violations: <none>

TIMING-16#575 Warning
Large setup violation  
There is a large setup violation of -2.794 ns between broncho_video_i/axi_vdma_0/U0/I_PRMRY_DATAMOVER/GEN_S2MM_FULL.I_S2MM_FULL_WRAPPER/I_RESET/sig_cmd_stat_rst_user_reg_n_cdc_from_reg/C (clocked by clk_fpga_0) and broncho_video_i/axi_vdma_0/U0/I_PRMRY_DATAMOVER/GEN_S2MM_FULL.I_S2MM_FULL_WRAPPER/GEN_ENABLE_INDET_BTT_SF.I_INDET_BTT/ENABLE_AXIS_SKID.I_INDET_BTT_SKID_BUF/sig_data_skid_reg_reg[11]/R (clocked by clk_fpga_0). Large setup violations at the end of those stages might be difficult to fix during the post-placement implementation flow and could be the result of non-optimal XDC constraints or non-optimal design architecture
Related violations: <none>

TIMING-16#576 Warning
Large setup violation  
There is a large setup violation of -2.794 ns between broncho_video_i/axi_vdma_0/U0/I_PRMRY_DATAMOVER/GEN_S2MM_FULL.I_S2MM_FULL_WRAPPER/I_RESET/sig_cmd_stat_rst_user_reg_n_cdc_from_reg/C (clocked by clk_fpga_0) and broncho_video_i/axi_vdma_0/U0/I_PRMRY_DATAMOVER/GEN_S2MM_FULL.I_S2MM_FULL_WRAPPER/GEN_ENABLE_INDET_BTT_SF.I_INDET_BTT/ENABLE_AXIS_SKID.I_INDET_BTT_SKID_BUF/sig_data_skid_reg_reg[13]/R (clocked by clk_fpga_0). Large setup violations at the end of those stages might be difficult to fix during the post-placement implementation flow and could be the result of non-optimal XDC constraints or non-optimal design architecture
Related violations: <none>

TIMING-16#577 Warning
Large setup violation  
There is a large setup violation of -2.794 ns between broncho_video_i/axi_vdma_0/U0/I_PRMRY_DATAMOVER/GEN_S2MM_FULL.I_S2MM_FULL_WRAPPER/I_RESET/sig_cmd_stat_rst_user_reg_n_cdc_from_reg/C (clocked by clk_fpga_0) and broncho_video_i/axi_vdma_0/U0/I_PRMRY_DATAMOVER/GEN_S2MM_FULL.I_S2MM_FULL_WRAPPER/GEN_ENABLE_INDET_BTT_SF.I_INDET_BTT/ENABLE_AXIS_SKID.I_INDET_BTT_SKID_BUF/sig_data_skid_reg_reg[25]/R (clocked by clk_fpga_0). Large setup violations at the end of those stages might be difficult to fix during the post-placement implementation flow and could be the result of non-optimal XDC constraints or non-optimal design architecture
Related violations: <none>

TIMING-16#578 Warning
Large setup violation  
There is a large setup violation of -2.794 ns between broncho_video_i/axi_vdma_0/U0/I_PRMRY_DATAMOVER/GEN_S2MM_FULL.I_S2MM_FULL_WRAPPER/I_RESET/sig_cmd_stat_rst_user_reg_n_cdc_from_reg/C (clocked by clk_fpga_0) and broncho_video_i/axi_vdma_0/U0/I_PRMRY_DATAMOVER/GEN_S2MM_FULL.I_S2MM_FULL_WRAPPER/GEN_ENABLE_INDET_BTT_SF.I_INDET_BTT/ENABLE_AXIS_SKID.I_INDET_BTT_SKID_BUF/sig_data_skid_reg_reg[29]/R (clocked by clk_fpga_0). Large setup violations at the end of those stages might be difficult to fix during the post-placement implementation flow and could be the result of non-optimal XDC constraints or non-optimal design architecture
Related violations: <none>

TIMING-16#579 Warning
Large setup violation  
There is a large setup violation of -2.794 ns between broncho_video_i/axi_vdma_0/U0/I_PRMRY_DATAMOVER/GEN_S2MM_FULL.I_S2MM_FULL_WRAPPER/I_RESET/sig_cmd_stat_rst_user_reg_n_cdc_from_reg/C (clocked by clk_fpga_0) and broncho_video_i/axi_vdma_0/U0/I_PRMRY_DATAMOVER/GEN_S2MM_FULL.I_S2MM_FULL_WRAPPER/GEN_ENABLE_INDET_BTT_SF.I_INDET_BTT/ENABLE_AXIS_SKID.I_INDET_BTT_SKID_BUF/sig_data_skid_reg_reg[39]/R (clocked by clk_fpga_0). Large setup violations at the end of those stages might be difficult to fix during the post-placement implementation flow and could be the result of non-optimal XDC constraints or non-optimal design architecture
Related violations: <none>

TIMING-16#580 Warning
Large setup violation  
There is a large setup violation of -2.794 ns between broncho_video_i/axi_vdma_0/U0/I_PRMRY_DATAMOVER/GEN_S2MM_FULL.I_S2MM_FULL_WRAPPER/I_RESET/sig_cmd_stat_rst_user_reg_n_cdc_from_reg/C (clocked by clk_fpga_0) and broncho_video_i/axi_vdma_0/U0/I_PRMRY_DATAMOVER/GEN_S2MM_FULL.I_S2MM_FULL_WRAPPER/GEN_ENABLE_INDET_BTT_SF.I_INDET_BTT/ENABLE_AXIS_SKID.I_INDET_BTT_SKID_BUF/sig_data_skid_reg_reg[43]/R (clocked by clk_fpga_0). Large setup violations at the end of those stages might be difficult to fix during the post-placement implementation flow and could be the result of non-optimal XDC constraints or non-optimal design architecture
Related violations: <none>

TIMING-16#581 Warning
Large setup violation  
There is a large setup violation of -2.794 ns between broncho_video_i/axi_vdma_0/U0/I_PRMRY_DATAMOVER/GEN_S2MM_FULL.I_S2MM_FULL_WRAPPER/I_RESET/sig_cmd_stat_rst_user_reg_n_cdc_from_reg/C (clocked by clk_fpga_0) and broncho_video_i/axi_vdma_0/U0/I_PRMRY_DATAMOVER/GEN_S2MM_FULL.I_S2MM_FULL_WRAPPER/GEN_ENABLE_INDET_BTT_SF.I_INDET_BTT/ENABLE_AXIS_SKID.I_INDET_BTT_SKID_BUF/sig_data_skid_reg_reg[51]/R (clocked by clk_fpga_0). Large setup violations at the end of those stages might be difficult to fix during the post-placement implementation flow and could be the result of non-optimal XDC constraints or non-optimal design architecture
Related violations: <none>

TIMING-16#582 Warning
Large setup violation  
There is a large setup violation of -2.794 ns between broncho_video_i/axi_vdma_0/U0/I_PRMRY_DATAMOVER/GEN_S2MM_FULL.I_S2MM_FULL_WRAPPER/I_RESET/sig_cmd_stat_rst_user_reg_n_cdc_from_reg/C (clocked by clk_fpga_0) and broncho_video_i/axi_vdma_0/U0/I_PRMRY_DATAMOVER/GEN_S2MM_FULL.I_S2MM_FULL_WRAPPER/GEN_ENABLE_INDET_BTT_SF.I_INDET_BTT/ENABLE_AXIS_SKID.I_INDET_BTT_SKID_BUF/sig_data_skid_reg_reg[9]/R (clocked by clk_fpga_0). Large setup violations at the end of those stages might be difficult to fix during the post-placement implementation flow and could be the result of non-optimal XDC constraints or non-optimal design architecture
Related violations: <none>

TIMING-16#583 Warning
Large setup violation  
There is a large setup violation of -2.795 ns between broncho_video_i/axi_vdma_0/U0/I_PRMRY_DATAMOVER/GEN_S2MM_FULL.I_S2MM_FULL_WRAPPER/I_RESET/sig_cmd_stat_rst_user_reg_n_cdc_from_reg/C (clocked by clk_fpga_0) and broncho_video_i/axi_vdma_0/U0/I_PRMRY_DATAMOVER/GEN_S2MM_FULL.I_S2MM_FULL_WRAPPER/GEN_ENABLE_INDET_BTT_SF.I_INDET_BTT/ENABLE_AXIS_SKID.I_INDET_BTT_SKID_BUF/sig_data_reg_out_reg[13]/R (clocked by clk_fpga_0). Large setup violations at the end of those stages might be difficult to fix during the post-placement implementation flow and could be the result of non-optimal XDC constraints or non-optimal design architecture
Related violations: <none>

TIMING-16#584 Warning
Large setup violation  
There is a large setup violation of -2.795 ns between broncho_video_i/axi_vdma_0/U0/I_PRMRY_DATAMOVER/GEN_S2MM_FULL.I_S2MM_FULL_WRAPPER/I_RESET/sig_cmd_stat_rst_user_reg_n_cdc_from_reg/C (clocked by clk_fpga_0) and broncho_video_i/axi_vdma_0/U0/I_PRMRY_DATAMOVER/GEN_S2MM_FULL.I_S2MM_FULL_WRAPPER/GEN_ENABLE_INDET_BTT_SF.I_INDET_BTT/ENABLE_AXIS_SKID.I_INDET_BTT_SKID_BUF/sig_data_reg_out_reg[39]/R (clocked by clk_fpga_0). Large setup violations at the end of those stages might be difficult to fix during the post-placement implementation flow and could be the result of non-optimal XDC constraints or non-optimal design architecture
Related violations: <none>

TIMING-16#585 Warning
Large setup violation  
There is a large setup violation of -2.795 ns between broncho_video_i/axi_vdma_0/U0/I_PRMRY_DATAMOVER/GEN_S2MM_FULL.I_S2MM_FULL_WRAPPER/I_RESET/sig_cmd_stat_rst_user_reg_n_cdc_from_reg/C (clocked by clk_fpga_0) and broncho_video_i/axi_vdma_0/U0/I_PRMRY_DATAMOVER/GEN_S2MM_FULL.I_S2MM_FULL_WRAPPER/GEN_ENABLE_INDET_BTT_SF.I_INDET_BTT/ENABLE_AXIS_SKID.I_INDET_BTT_SKID_BUF/sig_data_reg_out_reg[51]/R (clocked by clk_fpga_0). Large setup violations at the end of those stages might be difficult to fix during the post-placement implementation flow and could be the result of non-optimal XDC constraints or non-optimal design architecture
Related violations: <none>

TIMING-16#586 Warning
Large setup violation  
There is a large setup violation of -2.795 ns between broncho_video_i/axi_vdma_0/U0/I_PRMRY_DATAMOVER/GEN_S2MM_FULL.I_S2MM_FULL_WRAPPER/I_RESET/sig_cmd_stat_rst_user_reg_n_cdc_from_reg/C (clocked by clk_fpga_0) and broncho_video_i/axi_vdma_0/U0/I_PRMRY_DATAMOVER/GEN_S2MM_FULL.I_S2MM_FULL_WRAPPER/GEN_ENABLE_INDET_BTT_SF.I_INDET_BTT/ENABLE_AXIS_SKID.I_INDET_BTT_SKID_BUF/sig_data_reg_out_reg[9]/R (clocked by clk_fpga_0). Large setup violations at the end of those stages might be difficult to fix during the post-placement implementation flow and could be the result of non-optimal XDC constraints or non-optimal design architecture
Related violations: <none>

TIMING-16#587 Warning
Large setup violation  
There is a large setup violation of -2.796 ns between broncho_video_i/axi_vdma_0/U0/I_PRMRY_DATAMOVER/GEN_S2MM_FULL.I_S2MM_FULL_WRAPPER/I_RESET/sig_cmd_stat_rst_user_reg_n_cdc_from_reg/C (clocked by clk_fpga_0) and broncho_video_i/axi_vdma_0/U0/I_PRMRY_DATAMOVER/GEN_S2MM_FULL.I_S2MM_FULL_WRAPPER/GEN_ENABLE_INDET_BTT_SF.I_INDET_BTT/ENABLE_AXIS_SKID.I_INDET_BTT_SKID_BUF/sig_data_reg_out_reg[19]/R (clocked by clk_fpga_0). Large setup violations at the end of those stages might be difficult to fix during the post-placement implementation flow and could be the result of non-optimal XDC constraints or non-optimal design architecture
Related violations: <none>

TIMING-16#588 Warning
Large setup violation  
There is a large setup violation of -2.796 ns between broncho_video_i/axi_vdma_0/U0/I_PRMRY_DATAMOVER/GEN_S2MM_FULL.I_S2MM_FULL_WRAPPER/I_RESET/sig_cmd_stat_rst_user_reg_n_cdc_from_reg/C (clocked by clk_fpga_0) and broncho_video_i/axi_vdma_0/U0/I_PRMRY_DATAMOVER/GEN_S2MM_FULL.I_S2MM_FULL_WRAPPER/GEN_ENABLE_INDET_BTT_SF.I_INDET_BTT/ENABLE_AXIS_SKID.I_INDET_BTT_SKID_BUF/sig_data_reg_out_reg[35]/R (clocked by clk_fpga_0). Large setup violations at the end of those stages might be difficult to fix during the post-placement implementation flow and could be the result of non-optimal XDC constraints or non-optimal design architecture
Related violations: <none>

TIMING-16#589 Warning
Large setup violation  
There is a large setup violation of -2.796 ns between broncho_video_i/axi_vdma_0/U0/I_PRMRY_DATAMOVER/GEN_S2MM_FULL.I_S2MM_FULL_WRAPPER/I_RESET/sig_cmd_stat_rst_user_reg_n_cdc_from_reg/C (clocked by clk_fpga_0) and broncho_video_i/axi_vdma_0/U0/I_PRMRY_DATAMOVER/GEN_S2MM_FULL.I_S2MM_FULL_WRAPPER/GEN_ENABLE_INDET_BTT_SF.I_INDET_BTT/ENABLE_AXIS_SKID.I_INDET_BTT_SKID_BUF/sig_data_reg_out_reg[37]/R (clocked by clk_fpga_0). Large setup violations at the end of those stages might be difficult to fix during the post-placement implementation flow and could be the result of non-optimal XDC constraints or non-optimal design architecture
Related violations: <none>

TIMING-16#590 Warning
Large setup violation  
There is a large setup violation of -2.796 ns between broncho_video_i/axi_vdma_0/U0/I_PRMRY_DATAMOVER/GEN_S2MM_FULL.I_S2MM_FULL_WRAPPER/I_RESET/sig_cmd_stat_rst_user_reg_n_cdc_from_reg/C (clocked by clk_fpga_0) and broncho_video_i/axi_vdma_0/U0/I_PRMRY_DATAMOVER/GEN_S2MM_FULL.I_S2MM_FULL_WRAPPER/GEN_ENABLE_INDET_BTT_SF.I_INDET_BTT/ENABLE_AXIS_SKID.I_INDET_BTT_SKID_BUF/sig_data_reg_out_reg[46]/R (clocked by clk_fpga_0). Large setup violations at the end of those stages might be difficult to fix during the post-placement implementation flow and could be the result of non-optimal XDC constraints or non-optimal design architecture
Related violations: <none>

TIMING-16#591 Warning
Large setup violation  
There is a large setup violation of -2.802 ns between broncho_video_i/axi_vdma_0/U0/I_PRMRY_DATAMOVER/GEN_S2MM_FULL.I_S2MM_FULL_WRAPPER/I_RESET/sig_cmd_stat_rst_user_reg_n_cdc_from_reg/C (clocked by clk_fpga_0) and broncho_video_i/axi_vdma_0/U0/I_PRMRY_DATAMOVER/GEN_S2MM_FULL.I_S2MM_FULL_WRAPPER/GEN_ENABLE_INDET_BTT_SF.I_INDET_BTT/ENABLE_AXIS_SKID.I_INDET_BTT_SKID_BUF/sig_data_reg_out_reg[11]/R (clocked by clk_fpga_0). Large setup violations at the end of those stages might be difficult to fix during the post-placement implementation flow and could be the result of non-optimal XDC constraints or non-optimal design architecture
Related violations: <none>

TIMING-16#592 Warning
Large setup violation  
There is a large setup violation of -2.802 ns between broncho_video_i/axi_vdma_0/U0/I_PRMRY_DATAMOVER/GEN_S2MM_FULL.I_S2MM_FULL_WRAPPER/I_RESET/sig_cmd_stat_rst_user_reg_n_cdc_from_reg/C (clocked by clk_fpga_0) and broncho_video_i/axi_vdma_0/U0/I_PRMRY_DATAMOVER/GEN_S2MM_FULL.I_S2MM_FULL_WRAPPER/GEN_ENABLE_INDET_BTT_SF.I_INDET_BTT/ENABLE_AXIS_SKID.I_INDET_BTT_SKID_BUF/sig_data_reg_out_reg[25]/R (clocked by clk_fpga_0). Large setup violations at the end of those stages might be difficult to fix during the post-placement implementation flow and could be the result of non-optimal XDC constraints or non-optimal design architecture
Related violations: <none>

TIMING-16#593 Warning
Large setup violation  
There is a large setup violation of -2.802 ns between broncho_video_i/axi_vdma_0/U0/I_PRMRY_DATAMOVER/GEN_S2MM_FULL.I_S2MM_FULL_WRAPPER/I_RESET/sig_cmd_stat_rst_user_reg_n_cdc_from_reg/C (clocked by clk_fpga_0) and broncho_video_i/axi_vdma_0/U0/I_PRMRY_DATAMOVER/GEN_S2MM_FULL.I_S2MM_FULL_WRAPPER/GEN_ENABLE_INDET_BTT_SF.I_INDET_BTT/ENABLE_AXIS_SKID.I_INDET_BTT_SKID_BUF/sig_data_reg_out_reg[29]/R (clocked by clk_fpga_0). Large setup violations at the end of those stages might be difficult to fix during the post-placement implementation flow and could be the result of non-optimal XDC constraints or non-optimal design architecture
Related violations: <none>

TIMING-16#594 Warning
Large setup violation  
There is a large setup violation of -2.802 ns between broncho_video_i/axi_vdma_0/U0/I_PRMRY_DATAMOVER/GEN_S2MM_FULL.I_S2MM_FULL_WRAPPER/I_RESET/sig_cmd_stat_rst_user_reg_n_cdc_from_reg/C (clocked by clk_fpga_0) and broncho_video_i/axi_vdma_0/U0/I_PRMRY_DATAMOVER/GEN_S2MM_FULL.I_S2MM_FULL_WRAPPER/GEN_ENABLE_INDET_BTT_SF.I_INDET_BTT/ENABLE_AXIS_SKID.I_INDET_BTT_SKID_BUF/sig_data_reg_out_reg[43]/R (clocked by clk_fpga_0). Large setup violations at the end of those stages might be difficult to fix during the post-placement implementation flow and could be the result of non-optimal XDC constraints or non-optimal design architecture
Related violations: <none>

TIMING-16#595 Warning
Large setup violation  
There is a large setup violation of -2.807 ns between broncho_video_i/axi_vdma_0/U0/I_PRMRY_DATAMOVER/GEN_S2MM_FULL.I_S2MM_FULL_WRAPPER/I_RESET/sig_cmd_stat_rst_user_reg_n_cdc_from_reg/C (clocked by clk_fpga_0) and broncho_video_i/axi_vdma_0/U0/I_PRMRY_DATAMOVER/GEN_S2MM_FULL.I_S2MM_FULL_WRAPPER/GEN_ENABLE_INDET_BTT_SF.I_INDET_BTT/ENABLE_AXIS_SKID.I_INDET_BTT_SKID_BUF/sig_data_skid_reg_reg[15]/R (clocked by clk_fpga_0). Large setup violations at the end of those stages might be difficult to fix during the post-placement implementation flow and could be the result of non-optimal XDC constraints or non-optimal design architecture
Related violations: <none>

TIMING-16#596 Warning
Large setup violation  
There is a large setup violation of -2.807 ns between broncho_video_i/axi_vdma_0/U0/I_PRMRY_DATAMOVER/GEN_S2MM_FULL.I_S2MM_FULL_WRAPPER/I_RESET/sig_cmd_stat_rst_user_reg_n_cdc_from_reg/C (clocked by clk_fpga_0) and broncho_video_i/axi_vdma_0/U0/I_PRMRY_DATAMOVER/GEN_S2MM_FULL.I_S2MM_FULL_WRAPPER/GEN_ENABLE_INDET_BTT_SF.I_INDET_BTT/ENABLE_AXIS_SKID.I_INDET_BTT_SKID_BUF/sig_data_skid_reg_reg[17]/R (clocked by clk_fpga_0). Large setup violations at the end of those stages might be difficult to fix during the post-placement implementation flow and could be the result of non-optimal XDC constraints or non-optimal design architecture
Related violations: <none>

TIMING-16#597 Warning
Large setup violation  
There is a large setup violation of -2.807 ns between broncho_video_i/axi_vdma_0/U0/I_PRMRY_DATAMOVER/GEN_S2MM_FULL.I_S2MM_FULL_WRAPPER/I_RESET/sig_cmd_stat_rst_user_reg_n_cdc_from_reg/C (clocked by clk_fpga_0) and broncho_video_i/axi_vdma_0/U0/I_PRMRY_DATAMOVER/GEN_S2MM_FULL.I_S2MM_FULL_WRAPPER/GEN_ENABLE_INDET_BTT_SF.I_INDET_BTT/ENABLE_AXIS_SKID.I_INDET_BTT_SKID_BUF/sig_data_skid_reg_reg[19]/R (clocked by clk_fpga_0). Large setup violations at the end of those stages might be difficult to fix during the post-placement implementation flow and could be the result of non-optimal XDC constraints or non-optimal design architecture
Related violations: <none>

TIMING-16#598 Warning
Large setup violation  
There is a large setup violation of -2.807 ns between broncho_video_i/axi_vdma_0/U0/I_PRMRY_DATAMOVER/GEN_S2MM_FULL.I_S2MM_FULL_WRAPPER/I_RESET/sig_cmd_stat_rst_user_reg_n_cdc_from_reg/C (clocked by clk_fpga_0) and broncho_video_i/axi_vdma_0/U0/I_PRMRY_DATAMOVER/GEN_S2MM_FULL.I_S2MM_FULL_WRAPPER/GEN_ENABLE_INDET_BTT_SF.I_INDET_BTT/ENABLE_AXIS_SKID.I_INDET_BTT_SKID_BUF/sig_data_skid_reg_reg[21]/R (clocked by clk_fpga_0). Large setup violations at the end of those stages might be difficult to fix during the post-placement implementation flow and could be the result of non-optimal XDC constraints or non-optimal design architecture
Related violations: <none>

TIMING-16#599 Warning
Large setup violation  
There is a large setup violation of -2.807 ns between broncho_video_i/axi_vdma_0/U0/I_PRMRY_DATAMOVER/GEN_S2MM_FULL.I_S2MM_FULL_WRAPPER/I_RESET/sig_cmd_stat_rst_user_reg_n_cdc_from_reg/C (clocked by clk_fpga_0) and broncho_video_i/axi_vdma_0/U0/I_PRMRY_DATAMOVER/GEN_S2MM_FULL.I_S2MM_FULL_WRAPPER/GEN_ENABLE_INDET_BTT_SF.I_INDET_BTT/ENABLE_AXIS_SKID.I_INDET_BTT_SKID_BUF/sig_data_skid_reg_reg[35]/R (clocked by clk_fpga_0). Large setup violations at the end of those stages might be difficult to fix during the post-placement implementation flow and could be the result of non-optimal XDC constraints or non-optimal design architecture
Related violations: <none>

TIMING-16#600 Warning
Large setup violation  
There is a large setup violation of -2.807 ns between broncho_video_i/axi_vdma_0/U0/I_PRMRY_DATAMOVER/GEN_S2MM_FULL.I_S2MM_FULL_WRAPPER/I_RESET/sig_cmd_stat_rst_user_reg_n_cdc_from_reg/C (clocked by clk_fpga_0) and broncho_video_i/axi_vdma_0/U0/I_PRMRY_DATAMOVER/GEN_S2MM_FULL.I_S2MM_FULL_WRAPPER/GEN_ENABLE_INDET_BTT_SF.I_INDET_BTT/ENABLE_AXIS_SKID.I_INDET_BTT_SKID_BUF/sig_data_skid_reg_reg[37]/R (clocked by clk_fpga_0). Large setup violations at the end of those stages might be difficult to fix during the post-placement implementation flow and could be the result of non-optimal XDC constraints or non-optimal design architecture
Related violations: <none>

TIMING-16#601 Warning
Large setup violation  
There is a large setup violation of -2.807 ns between broncho_video_i/axi_vdma_0/U0/I_PRMRY_DATAMOVER/GEN_S2MM_FULL.I_S2MM_FULL_WRAPPER/I_RESET/sig_cmd_stat_rst_user_reg_n_cdc_from_reg/C (clocked by clk_fpga_0) and broncho_video_i/axi_vdma_0/U0/I_PRMRY_DATAMOVER/GEN_S2MM_FULL.I_S2MM_FULL_WRAPPER/GEN_ENABLE_INDET_BTT_SF.I_INDET_BTT/ENABLE_AXIS_SKID.I_INDET_BTT_SKID_BUF/sig_data_skid_reg_reg[3]/R (clocked by clk_fpga_0). Large setup violations at the end of those stages might be difficult to fix during the post-placement implementation flow and could be the result of non-optimal XDC constraints or non-optimal design architecture
Related violations: <none>

TIMING-16#602 Warning
Large setup violation  
There is a large setup violation of -2.807 ns between broncho_video_i/axi_vdma_0/U0/I_PRMRY_DATAMOVER/GEN_S2MM_FULL.I_S2MM_FULL_WRAPPER/I_RESET/sig_cmd_stat_rst_user_reg_n_cdc_from_reg/C (clocked by clk_fpga_0) and broncho_video_i/axi_vdma_0/U0/I_PRMRY_DATAMOVER/GEN_S2MM_FULL.I_S2MM_FULL_WRAPPER/GEN_ENABLE_INDET_BTT_SF.I_INDET_BTT/ENABLE_AXIS_SKID.I_INDET_BTT_SKID_BUF/sig_data_skid_reg_reg[5]/R (clocked by clk_fpga_0). Large setup violations at the end of those stages might be difficult to fix during the post-placement implementation flow and could be the result of non-optimal XDC constraints or non-optimal design architecture
Related violations: <none>

TIMING-16#603 Warning
Large setup violation  
There is a large setup violation of -2.815 ns between broncho_video_i/clahe_ip_0/inst/u_clahe_ip_axi_lite_inst/u_clahe_ip_addr_decoder_inst/data_reg_axi_enable_1_1_reg_replica_4/C (clocked by clk_fpga_1) and broncho_video_i/clahe_ip_0/inst/u_clahe_ip_dut_inst/u_clahe_ip_src_CLAHE/u_AXI4_Master_Write_Controller/line_count_reg[6]/CE (clocked by clk_fpga_0). Large setup violations at the end of those stages might be difficult to fix during the post-placement implementation flow and could be the result of non-optimal XDC constraints or non-optimal design architecture
Related violations: <none>

TIMING-16#604 Warning
Large setup violation  
There is a large setup violation of -2.815 ns between broncho_video_i/clahe_ip_0/inst/u_clahe_ip_axi_lite_inst/u_clahe_ip_addr_decoder_inst/data_reg_axi_enable_1_1_reg_replica_4/C (clocked by clk_fpga_1) and broncho_video_i/clahe_ip_0/inst/u_clahe_ip_dut_inst/u_clahe_ip_src_CLAHE/u_AXI4_Master_Write_Controller/line_count_reg[7]/CE (clocked by clk_fpga_0). Large setup violations at the end of those stages might be difficult to fix during the post-placement implementation flow and could be the result of non-optimal XDC constraints or non-optimal design architecture
Related violations: <none>

TIMING-16#605 Warning
Large setup violation  
There is a large setup violation of -2.815 ns between broncho_video_i/clahe_ip_0/inst/u_clahe_ip_axi_lite_inst/u_clahe_ip_addr_decoder_inst/data_reg_axi_enable_1_1_reg_replica_4/C (clocked by clk_fpga_1) and broncho_video_i/clahe_ip_0/inst/u_clahe_ip_dut_inst/u_clahe_ip_src_CLAHE/u_AXI4_Master_Write_Controller/line_count_reg[8]/CE (clocked by clk_fpga_0). Large setup violations at the end of those stages might be difficult to fix during the post-placement implementation flow and could be the result of non-optimal XDC constraints or non-optimal design architecture
Related violations: <none>

TIMING-16#606 Warning
Large setup violation  
There is a large setup violation of -2.815 ns between broncho_video_i/clahe_ip_0/inst/u_clahe_ip_axi_lite_inst/u_clahe_ip_addr_decoder_inst/data_reg_axi_enable_1_1_reg_replica_4/C (clocked by clk_fpga_1) and broncho_video_i/clahe_ip_0/inst/u_clahe_ip_dut_inst/u_clahe_ip_src_CLAHE/u_AXI4_Master_Write_Controller/line_count_reg[9]/CE (clocked by clk_fpga_0). Large setup violations at the end of those stages might be difficult to fix during the post-placement implementation flow and could be the result of non-optimal XDC constraints or non-optimal design architecture
Related violations: <none>

TIMING-16#607 Warning
Large setup violation  
There is a large setup violation of -2.825 ns between broncho_video_i/axi_vdma_0/U0/I_PRMRY_DATAMOVER/GEN_S2MM_FULL.I_S2MM_FULL_WRAPPER/I_RESET/sig_cmd_stat_rst_user_reg_n_cdc_from_reg/C (clocked by clk_fpga_0) and broncho_video_i/axi_vdma_0/U0/I_PRMRY_DATAMOVER/GEN_S2MM_FULL.I_S2MM_FULL_WRAPPER/GEN_ENABLE_INDET_BTT_SF.I_INDET_BTT/INCLUDE_PACKING.DO_REG_SLICES[0].lsig_data_slice_reg_reg[0][10]/R (clocked by clk_fpga_0). Large setup violations at the end of those stages might be difficult to fix during the post-placement implementation flow and could be the result of non-optimal XDC constraints or non-optimal design architecture
Related violations: <none>

TIMING-16#608 Warning
Large setup violation  
There is a large setup violation of -2.825 ns between broncho_video_i/axi_vdma_0/U0/I_PRMRY_DATAMOVER/GEN_S2MM_FULL.I_S2MM_FULL_WRAPPER/I_RESET/sig_cmd_stat_rst_user_reg_n_cdc_from_reg/C (clocked by clk_fpga_0) and broncho_video_i/axi_vdma_0/U0/I_PRMRY_DATAMOVER/GEN_S2MM_FULL.I_S2MM_FULL_WRAPPER/GEN_ENABLE_INDET_BTT_SF.I_INDET_BTT/INCLUDE_PACKING.DO_REG_SLICES[0].lsig_data_slice_reg_reg[0][3]/R (clocked by clk_fpga_0). Large setup violations at the end of those stages might be difficult to fix during the post-placement implementation flow and could be the result of non-optimal XDC constraints or non-optimal design architecture
Related violations: <none>

TIMING-16#609 Warning
Large setup violation  
There is a large setup violation of -2.825 ns between broncho_video_i/axi_vdma_0/U0/I_PRMRY_DATAMOVER/GEN_S2MM_FULL.I_S2MM_FULL_WRAPPER/I_RESET/sig_cmd_stat_rst_user_reg_n_cdc_from_reg/C (clocked by clk_fpga_0) and broncho_video_i/axi_vdma_0/U0/I_PRMRY_DATAMOVER/GEN_S2MM_FULL.I_S2MM_FULL_WRAPPER/GEN_ENABLE_INDET_BTT_SF.I_INDET_BTT/INCLUDE_PACKING.DO_REG_SLICES[0].lsig_data_slice_reg_reg[0][5]/R (clocked by clk_fpga_0). Large setup violations at the end of those stages might be difficult to fix during the post-placement implementation flow and could be the result of non-optimal XDC constraints or non-optimal design architecture
Related violations: <none>

TIMING-16#610 Warning
Large setup violation  
There is a large setup violation of -2.832 ns between broncho_video_i/clahe_ip_0/inst/u_clahe_ip_axi4_master_0_rd_inst/accum_value_reg[4]/C (clocked by clk_fpga_0) and broncho_video_i/clahe_ip_0/inst/u_clahe_ip_axi_lite_inst/u_clahe_ip_axi_lite_module_inst/u_clahe_ip_reset_hold_inst/FSM_sequential_reset_hold_module_hstate_reg[1]/D (clocked by clk_fpga_1). Large setup violations at the end of those stages might be difficult to fix during the post-placement implementation flow and could be the result of non-optimal XDC constraints or non-optimal design architecture
Related violations: <none>

TIMING-16#611 Warning
Large setup violation  
There is a large setup violation of -2.833 ns between broncho_video_i/axi_vdma_0/U0/I_PRMRY_DATAMOVER/GEN_S2MM_FULL.I_S2MM_FULL_WRAPPER/I_RESET/sig_cmd_stat_rst_user_reg_n_cdc_from_reg/C (clocked by clk_fpga_0) and broncho_video_i/axi_vdma_0/U0/I_PRMRY_DATAMOVER/GEN_S2MM_FULL.I_S2MM_FULL_WRAPPER/GEN_ENABLE_INDET_BTT_SF.I_INDET_BTT/INCLUDE_PACKING.DO_REG_SLICES[0].lsig_data_slice_reg_reg[0][12]/R (clocked by clk_fpga_0). Large setup violations at the end of those stages might be difficult to fix during the post-placement implementation flow and could be the result of non-optimal XDC constraints or non-optimal design architecture
Related violations: <none>

TIMING-16#612 Warning
Large setup violation  
There is a large setup violation of -2.833 ns between broncho_video_i/axi_vdma_0/U0/I_PRMRY_DATAMOVER/GEN_S2MM_FULL.I_S2MM_FULL_WRAPPER/I_RESET/sig_cmd_stat_rst_user_reg_n_cdc_from_reg/C (clocked by clk_fpga_0) and broncho_video_i/axi_vdma_0/U0/I_PRMRY_DATAMOVER/GEN_S2MM_FULL.I_S2MM_FULL_WRAPPER/GEN_ENABLE_INDET_BTT_SF.I_INDET_BTT/INCLUDE_PACKING.DO_REG_SLICES[0].lsig_data_slice_reg_reg[0][14]/R (clocked by clk_fpga_0). Large setup violations at the end of those stages might be difficult to fix during the post-placement implementation flow and could be the result of non-optimal XDC constraints or non-optimal design architecture
Related violations: <none>

TIMING-16#613 Warning
Large setup violation  
There is a large setup violation of -2.833 ns between broncho_video_i/axi_vdma_0/U0/I_PRMRY_DATAMOVER/GEN_S2MM_FULL.I_S2MM_FULL_WRAPPER/I_RESET/sig_cmd_stat_rst_user_reg_n_cdc_from_reg/C (clocked by clk_fpga_0) and broncho_video_i/axi_vdma_0/U0/I_PRMRY_DATAMOVER/GEN_S2MM_FULL.I_S2MM_FULL_WRAPPER/GEN_ENABLE_INDET_BTT_SF.I_INDET_BTT/INCLUDE_PACKING.DO_REG_SLICES[0].lsig_data_slice_reg_reg[0][7]/R (clocked by clk_fpga_0). Large setup violations at the end of those stages might be difficult to fix during the post-placement implementation flow and could be the result of non-optimal XDC constraints or non-optimal design architecture
Related violations: <none>

TIMING-16#614 Warning
Large setup violation  
There is a large setup violation of -2.833 ns between broncho_video_i/axi_vdma_0/U0/I_PRMRY_DATAMOVER/GEN_S2MM_FULL.I_S2MM_FULL_WRAPPER/I_RESET/sig_cmd_stat_rst_user_reg_n_cdc_from_reg/C (clocked by clk_fpga_0) and broncho_video_i/axi_vdma_0/U0/I_PRMRY_DATAMOVER/GEN_S2MM_FULL.I_S2MM_FULL_WRAPPER/GEN_ENABLE_INDET_BTT_SF.I_INDET_BTT/INCLUDE_PACKING.DO_REG_SLICES[0].lsig_data_slice_reg_reg[0][9]/R (clocked by clk_fpga_0). Large setup violations at the end of those stages might be difficult to fix during the post-placement implementation flow and could be the result of non-optimal XDC constraints or non-optimal design architecture
Related violations: <none>

TIMING-16#615 Warning
Large setup violation  
There is a large setup violation of -2.836 ns between broncho_video_i/axi_vdma_0/U0/I_PRMRY_DATAMOVER/GEN_S2MM_FULL.I_S2MM_FULL_WRAPPER/I_RESET/sig_cmd_stat_rst_user_reg_n_cdc_from_reg/C (clocked by clk_fpga_0) and broncho_video_i/axi_vdma_0/U0/I_PRMRY_DATAMOVER/GEN_S2MM_FULL.I_S2MM_FULL_WRAPPER/GEN_ENABLE_INDET_BTT_SF.I_INDET_BTT/ENABLE_AXIS_SKID.I_INDET_BTT_SKID_BUF/sig_data_skid_reg_reg[31]/R (clocked by clk_fpga_0). Large setup violations at the end of those stages might be difficult to fix during the post-placement implementation flow and could be the result of non-optimal XDC constraints or non-optimal design architecture
Related violations: <none>

TIMING-16#616 Warning
Large setup violation  
There is a large setup violation of -2.836 ns between broncho_video_i/axi_vdma_0/U0/I_PRMRY_DATAMOVER/GEN_S2MM_FULL.I_S2MM_FULL_WRAPPER/I_RESET/sig_cmd_stat_rst_user_reg_n_cdc_from_reg/C (clocked by clk_fpga_0) and broncho_video_i/axi_vdma_0/U0/I_PRMRY_DATAMOVER/GEN_S2MM_FULL.I_S2MM_FULL_WRAPPER/GEN_ENABLE_INDET_BTT_SF.I_INDET_BTT/ENABLE_AXIS_SKID.I_INDET_BTT_SKID_BUF/sig_data_skid_reg_reg[41]/R (clocked by clk_fpga_0). Large setup violations at the end of those stages might be difficult to fix during the post-placement implementation flow and could be the result of non-optimal XDC constraints or non-optimal design architecture
Related violations: <none>

TIMING-16#617 Warning
Large setup violation  
There is a large setup violation of -2.836 ns between broncho_video_i/axi_vdma_0/U0/I_PRMRY_DATAMOVER/GEN_S2MM_FULL.I_S2MM_FULL_WRAPPER/I_RESET/sig_cmd_stat_rst_user_reg_n_cdc_from_reg/C (clocked by clk_fpga_0) and broncho_video_i/axi_vdma_0/U0/I_PRMRY_DATAMOVER/GEN_S2MM_FULL.I_S2MM_FULL_WRAPPER/GEN_ENABLE_INDET_BTT_SF.I_INDET_BTT/ENABLE_AXIS_SKID.I_INDET_BTT_SKID_BUF/sig_data_skid_reg_reg[45]/R (clocked by clk_fpga_0). Large setup violations at the end of those stages might be difficult to fix during the post-placement implementation flow and could be the result of non-optimal XDC constraints or non-optimal design architecture
Related violations: <none>

TIMING-16#618 Warning
Large setup violation  
There is a large setup violation of -2.836 ns between broncho_video_i/axi_vdma_0/U0/I_PRMRY_DATAMOVER/GEN_S2MM_FULL.I_S2MM_FULL_WRAPPER/I_RESET/sig_cmd_stat_rst_user_reg_n_cdc_from_reg/C (clocked by clk_fpga_0) and broncho_video_i/axi_vdma_0/U0/I_PRMRY_DATAMOVER/GEN_S2MM_FULL.I_S2MM_FULL_WRAPPER/GEN_ENABLE_INDET_BTT_SF.I_INDET_BTT/ENABLE_AXIS_SKID.I_INDET_BTT_SKID_BUF/sig_data_skid_reg_reg[46]/R (clocked by clk_fpga_0). Large setup violations at the end of those stages might be difficult to fix during the post-placement implementation flow and could be the result of non-optimal XDC constraints or non-optimal design architecture
Related violations: <none>

TIMING-16#619 Warning
Large setup violation  
There is a large setup violation of -2.836 ns between broncho_video_i/axi_vdma_0/U0/I_PRMRY_DATAMOVER/GEN_S2MM_FULL.I_S2MM_FULL_WRAPPER/I_RESET/sig_cmd_stat_rst_user_reg_n_cdc_from_reg/C (clocked by clk_fpga_0) and broncho_video_i/axi_vdma_0/U0/I_PRMRY_DATAMOVER/GEN_S2MM_FULL.I_S2MM_FULL_WRAPPER/GEN_ENABLE_INDET_BTT_SF.I_INDET_BTT/ENABLE_AXIS_SKID.I_INDET_BTT_SKID_BUF/sig_data_skid_reg_reg[47]/R (clocked by clk_fpga_0). Large setup violations at the end of those stages might be difficult to fix during the post-placement implementation flow and could be the result of non-optimal XDC constraints or non-optimal design architecture
Related violations: <none>

TIMING-16#620 Warning
Large setup violation  
There is a large setup violation of -2.838 ns between broncho_video_i/clahe_ip_0/inst/u_clahe_ip_axi_lite_inst/u_clahe_ip_addr_decoder_inst/data_reg_AXI4_Master_0_Wr_base_address_1_1_reg[0]/C (clocked by clk_fpga_1) and broncho_video_i/clahe_ip_0/inst/u_clahe_ip_axi4_master_0_wr_inst/u_clahe_ip_wr_addr_fifo_inst/u_clahe_ip_wr_addr_fifo_classic_ram/ram_reg_0_15_0_5/RAMB_D1/I (clocked by clk_fpga_0). Large setup violations at the end of those stages might be difficult to fix during the post-placement implementation flow and could be the result of non-optimal XDC constraints or non-optimal design architecture
Related violations: <none>

TIMING-16#621 Warning
Large setup violation  
There is a large setup violation of -2.840 ns between broncho_video_i/clahe_ip_0/inst/u_clahe_ip_axi_lite_inst/u_clahe_ip_addr_decoder_inst/data_reg_axi4_stream_video_0_slave_image_width_1_1_reg[0]/C (clocked by clk_fpga_1) and broncho_video_i/clahe_ip_0/inst/u_clahe_ip_axi4_stream_video_0_slave_inst/u_clahe_ip_clahe_ip_axi4_stream_video_0_slave_clahe_ip_adapter_in/u_clahe_ip_clahe_ip_axi4_stream_video_0_slave_clahe_ip_adapter_in_clahe_ip_adapter_in_module/hlength_1_reg[4]/D (clocked by clk_fpga_0). Large setup violations at the end of those stages might be difficult to fix during the post-placement implementation flow and could be the result of non-optimal XDC constraints or non-optimal design architecture
Related violations: <none>

TIMING-16#622 Warning
Large setup violation  
There is a large setup violation of -2.851 ns between broncho_video_i/axi_vdma_0/U0/I_PRMRY_DATAMOVER/GEN_S2MM_FULL.I_S2MM_FULL_WRAPPER/I_RESET/sig_cmd_stat_rst_user_reg_n_cdc_from_reg/C (clocked by clk_fpga_0) and broncho_video_i/axi_vdma_0/U0/I_PRMRY_DATAMOVER/GEN_S2MM_FULL.I_S2MM_FULL_WRAPPER/GEN_ENABLE_INDET_BTT_SF.I_INDET_BTT/INCLUDE_PACKING.DO_REG_SLICES[2].lsig_flag_slice_reg_reg[2][0]/R (clocked by clk_fpga_0). Large setup violations at the end of those stages might be difficult to fix during the post-placement implementation flow and could be the result of non-optimal XDC constraints or non-optimal design architecture
Related violations: <none>

TIMING-16#623 Warning
Large setup violation  
There is a large setup violation of -2.852 ns between broncho_video_i/axi_vdma_0/U0/I_PRMRY_DATAMOVER/GEN_S2MM_FULL.I_S2MM_FULL_WRAPPER/I_RESET/sig_cmd_stat_rst_user_reg_n_cdc_from_reg/C (clocked by clk_fpga_0) and broncho_video_i/axi_vdma_0/U0/I_PRMRY_DATAMOVER/GEN_S2MM_FULL.I_S2MM_FULL_WRAPPER/GEN_ENABLE_INDET_BTT_SF.I_INDET_BTT/INCLUDE_PACKING.DO_REG_SLICES[2].lsig_data_slice_reg_reg[2][0]/R (clocked by clk_fpga_0). Large setup violations at the end of those stages might be difficult to fix during the post-placement implementation flow and could be the result of non-optimal XDC constraints or non-optimal design architecture
Related violations: <none>

TIMING-16#624 Warning
Large setup violation  
There is a large setup violation of -2.852 ns between broncho_video_i/axi_vdma_0/U0/I_PRMRY_DATAMOVER/GEN_S2MM_FULL.I_S2MM_FULL_WRAPPER/I_RESET/sig_cmd_stat_rst_user_reg_n_cdc_from_reg/C (clocked by clk_fpga_0) and broncho_video_i/axi_vdma_0/U0/I_PRMRY_DATAMOVER/GEN_S2MM_FULL.I_S2MM_FULL_WRAPPER/GEN_ENABLE_INDET_BTT_SF.I_INDET_BTT/INCLUDE_PACKING.DO_REG_SLICES[2].lsig_data_slice_reg_reg[2][15]/R (clocked by clk_fpga_0). Large setup violations at the end of those stages might be difficult to fix during the post-placement implementation flow and could be the result of non-optimal XDC constraints or non-optimal design architecture
Related violations: <none>

TIMING-16#625 Warning
Large setup violation  
There is a large setup violation of -2.852 ns between broncho_video_i/axi_vdma_0/U0/I_PRMRY_DATAMOVER/GEN_S2MM_FULL.I_S2MM_FULL_WRAPPER/I_RESET/sig_cmd_stat_rst_user_reg_n_cdc_from_reg/C (clocked by clk_fpga_0) and broncho_video_i/axi_vdma_0/U0/I_PRMRY_DATAMOVER/GEN_S2MM_FULL.I_S2MM_FULL_WRAPPER/GEN_ENABLE_INDET_BTT_SF.I_INDET_BTT/INCLUDE_PACKING.DO_REG_SLICES[2].lsig_data_slice_reg_reg[2][1]/R (clocked by clk_fpga_0). Large setup violations at the end of those stages might be difficult to fix during the post-placement implementation flow and could be the result of non-optimal XDC constraints or non-optimal design architecture
Related violations: <none>

TIMING-16#626 Warning
Large setup violation  
There is a large setup violation of -2.852 ns between broncho_video_i/axi_vdma_0/U0/I_PRMRY_DATAMOVER/GEN_S2MM_FULL.I_S2MM_FULL_WRAPPER/I_RESET/sig_cmd_stat_rst_user_reg_n_cdc_from_reg/C (clocked by clk_fpga_0) and broncho_video_i/axi_vdma_0/U0/I_PRMRY_DATAMOVER/GEN_S2MM_FULL.I_S2MM_FULL_WRAPPER/GEN_ENABLE_INDET_BTT_SF.I_INDET_BTT/INCLUDE_PACKING.DO_REG_SLICES[2].lsig_data_slice_reg_reg[2][2]/R (clocked by clk_fpga_0). Large setup violations at the end of those stages might be difficult to fix during the post-placement implementation flow and could be the result of non-optimal XDC constraints or non-optimal design architecture
Related violations: <none>

TIMING-16#627 Warning
Large setup violation  
There is a large setup violation of -2.852 ns between broncho_video_i/axi_vdma_0/U0/I_PRMRY_DATAMOVER/GEN_S2MM_FULL.I_S2MM_FULL_WRAPPER/I_RESET/sig_cmd_stat_rst_user_reg_n_cdc_from_reg/C (clocked by clk_fpga_0) and broncho_video_i/axi_vdma_0/U0/I_PRMRY_DATAMOVER/GEN_S2MM_FULL.I_S2MM_FULL_WRAPPER/GEN_ENABLE_INDET_BTT_SF.I_INDET_BTT/INCLUDE_PACKING.DO_REG_SLICES[2].lsig_data_slice_reg_reg[2][4]/R (clocked by clk_fpga_0). Large setup violations at the end of those stages might be difficult to fix during the post-placement implementation flow and could be the result of non-optimal XDC constraints or non-optimal design architecture
Related violations: <none>

TIMING-16#628 Warning
Large setup violation  
There is a large setup violation of -2.852 ns between broncho_video_i/axi_vdma_0/U0/I_PRMRY_DATAMOVER/GEN_S2MM_FULL.I_S2MM_FULL_WRAPPER/I_RESET/sig_cmd_stat_rst_user_reg_n_cdc_from_reg/C (clocked by clk_fpga_0) and broncho_video_i/axi_vdma_0/U0/I_PRMRY_DATAMOVER/GEN_S2MM_FULL.I_S2MM_FULL_WRAPPER/GEN_ENABLE_INDET_BTT_SF.I_INDET_BTT/INCLUDE_PACKING.DO_REG_SLICES[2].lsig_data_slice_reg_reg[2][6]/R (clocked by clk_fpga_0). Large setup violations at the end of those stages might be difficult to fix during the post-placement implementation flow and could be the result of non-optimal XDC constraints or non-optimal design architecture
Related violations: <none>

TIMING-16#629 Warning
Large setup violation  
There is a large setup violation of -2.852 ns between broncho_video_i/axi_vdma_0/U0/I_PRMRY_DATAMOVER/GEN_S2MM_FULL.I_S2MM_FULL_WRAPPER/I_RESET/sig_cmd_stat_rst_user_reg_n_cdc_from_reg/C (clocked by clk_fpga_0) and broncho_video_i/axi_vdma_0/U0/I_PRMRY_DATAMOVER/GEN_S2MM_FULL.I_S2MM_FULL_WRAPPER/GEN_ENABLE_INDET_BTT_SF.I_INDET_BTT/INCLUDE_PACKING.DO_REG_SLICES[2].lsig_data_slice_reg_reg[2][7]/R (clocked by clk_fpga_0). Large setup violations at the end of those stages might be difficult to fix during the post-placement implementation flow and could be the result of non-optimal XDC constraints or non-optimal design architecture
Related violations: <none>

TIMING-16#630 Warning
Large setup violation  
There is a large setup violation of -2.852 ns between broncho_video_i/axi_vdma_0/U0/I_PRMRY_DATAMOVER/GEN_S2MM_FULL.I_S2MM_FULL_WRAPPER/I_RESET/sig_cmd_stat_rst_user_reg_n_cdc_from_reg/C (clocked by clk_fpga_0) and broncho_video_i/axi_vdma_0/U0/I_PRMRY_DATAMOVER/GEN_S2MM_FULL.I_S2MM_FULL_WRAPPER/GEN_ENABLE_INDET_BTT_SF.I_INDET_BTT/INCLUDE_PACKING.DO_REG_SLICES[2].lsig_data_slice_reg_reg[2][8]/R (clocked by clk_fpga_0). Large setup violations at the end of those stages might be difficult to fix during the post-placement implementation flow and could be the result of non-optimal XDC constraints or non-optimal design architecture
Related violations: <none>

TIMING-16#631 Warning
Large setup violation  
There is a large setup violation of -2.856 ns between broncho_video_i/clahe_ip_0/inst/u_clahe_ip_axi_lite_inst/u_clahe_ip_addr_decoder_inst/data_reg_axi4_stream_video_0_slave_image_width_1_1_reg[0]/C (clocked by clk_fpga_1) and broncho_video_i/clahe_ip_0/inst/u_clahe_ip_axi4_stream_video_0_slave_inst/u_clahe_ip_clahe_ip_axi4_stream_video_0_slave_clahe_ip_adapter_in/u_clahe_ip_clahe_ip_axi4_stream_video_0_slave_clahe_ip_adapter_in_clahe_ip_adapter_in_module/hlength_1_reg[6]/D (clocked by clk_fpga_0). Large setup violations at the end of those stages might be difficult to fix during the post-placement implementation flow and could be the result of non-optimal XDC constraints or non-optimal design architecture
Related violations: <none>

TIMING-16#632 Warning
Large setup violation  
There is a large setup violation of -2.857 ns between broncho_video_i/clahe_ip_0/inst/u_clahe_ip_axi_lite_inst/u_clahe_ip_addr_decoder_inst/data_reg_AXI4_Master_0_Wr_base_address_1_1_reg[0]/C (clocked by clk_fpga_1) and broncho_video_i/clahe_ip_0/inst/u_clahe_ip_axi4_master_0_wr_inst/u_clahe_ip_wr_addr_fifo_inst/u_clahe_ip_wr_addr_fifo_classic_ram/ram_reg_0_15_0_5/RAMA_D1/I (clocked by clk_fpga_0). Large setup violations at the end of those stages might be difficult to fix during the post-placement implementation flow and could be the result of non-optimal XDC constraints or non-optimal design architecture
Related violations: <none>

TIMING-16#633 Warning
Large setup violation  
There is a large setup violation of -2.858 ns between broncho_video_i/axi_vdma_0/U0/I_PRMRY_DATAMOVER/GEN_S2MM_FULL.I_S2MM_FULL_WRAPPER/I_RESET/sig_cmd_stat_rst_user_reg_n_cdc_from_reg/C (clocked by clk_fpga_0) and broncho_video_i/axi_vdma_0/U0/I_PRMRY_DATAMOVER/GEN_S2MM_FULL.I_S2MM_FULL_WRAPPER/GEN_ENABLE_INDET_BTT_SF.I_INDET_BTT/ENABLE_AXIS_SKID.I_INDET_BTT_SKID_BUF/sig_data_skid_reg_reg[14]/R (clocked by clk_fpga_0). Large setup violations at the end of those stages might be difficult to fix during the post-placement implementation flow and could be the result of non-optimal XDC constraints or non-optimal design architecture
Related violations: <none>

TIMING-16#634 Warning
Large setup violation  
There is a large setup violation of -2.858 ns between broncho_video_i/axi_vdma_0/U0/I_PRMRY_DATAMOVER/GEN_S2MM_FULL.I_S2MM_FULL_WRAPPER/I_RESET/sig_cmd_stat_rst_user_reg_n_cdc_from_reg/C (clocked by clk_fpga_0) and broncho_video_i/axi_vdma_0/U0/I_PRMRY_DATAMOVER/GEN_S2MM_FULL.I_S2MM_FULL_WRAPPER/GEN_ENABLE_INDET_BTT_SF.I_INDET_BTT/ENABLE_AXIS_SKID.I_INDET_BTT_SKID_BUF/sig_data_skid_reg_reg[34]/R (clocked by clk_fpga_0). Large setup violations at the end of those stages might be difficult to fix during the post-placement implementation flow and could be the result of non-optimal XDC constraints or non-optimal design architecture
Related violations: <none>

TIMING-16#635 Warning
Large setup violation  
There is a large setup violation of -2.858 ns between broncho_video_i/axi_vdma_0/U0/I_PRMRY_DATAMOVER/GEN_S2MM_FULL.I_S2MM_FULL_WRAPPER/I_RESET/sig_cmd_stat_rst_user_reg_n_cdc_from_reg/C (clocked by clk_fpga_0) and broncho_video_i/axi_vdma_0/U0/I_PRMRY_DATAMOVER/GEN_S2MM_FULL.I_S2MM_FULL_WRAPPER/GEN_ENABLE_INDET_BTT_SF.I_INDET_BTT/ENABLE_AXIS_SKID.I_INDET_BTT_SKID_BUF/sig_data_skid_reg_reg[49]/R (clocked by clk_fpga_0). Large setup violations at the end of those stages might be difficult to fix during the post-placement implementation flow and could be the result of non-optimal XDC constraints or non-optimal design architecture
Related violations: <none>

TIMING-16#636 Warning
Large setup violation  
There is a large setup violation of -2.858 ns between broncho_video_i/axi_vdma_0/U0/I_PRMRY_DATAMOVER/GEN_S2MM_FULL.I_S2MM_FULL_WRAPPER/I_RESET/sig_cmd_stat_rst_user_reg_n_cdc_from_reg/C (clocked by clk_fpga_0) and broncho_video_i/axi_vdma_0/U0/I_PRMRY_DATAMOVER/GEN_S2MM_FULL.I_S2MM_FULL_WRAPPER/GEN_ENABLE_INDET_BTT_SF.I_INDET_BTT/ENABLE_AXIS_SKID.I_INDET_BTT_SKID_BUF/sig_data_skid_reg_reg[62]/R (clocked by clk_fpga_0). Large setup violations at the end of those stages might be difficult to fix during the post-placement implementation flow and could be the result of non-optimal XDC constraints or non-optimal design architecture
Related violations: <none>

TIMING-16#637 Warning
Large setup violation  
There is a large setup violation of -2.858 ns between broncho_video_i/axi_vdma_0/U0/I_PRMRY_DATAMOVER/GEN_S2MM_FULL.I_S2MM_FULL_WRAPPER/I_RESET/sig_cmd_stat_rst_user_reg_n_cdc_from_reg/C (clocked by clk_fpga_0) and broncho_video_i/axi_vdma_0/U0/I_PRMRY_DATAMOVER/GEN_S2MM_FULL.I_S2MM_FULL_WRAPPER/GEN_ENABLE_INDET_BTT_SF.I_INDET_BTT/ENABLE_AXIS_SKID.I_INDET_BTT_SKID_BUF/sig_data_skid_reg_reg[7]/R (clocked by clk_fpga_0). Large setup violations at the end of those stages might be difficult to fix during the post-placement implementation flow and could be the result of non-optimal XDC constraints or non-optimal design architecture
Related violations: <none>

TIMING-16#638 Warning
Large setup violation  
There is a large setup violation of -2.858 ns between broncho_video_i/axi_vdma_0/U0/I_PRMRY_DATAMOVER/GEN_S2MM_FULL.I_S2MM_FULL_WRAPPER/I_RESET/sig_cmd_stat_rst_user_reg_n_cdc_from_reg/C (clocked by clk_fpga_0) and broncho_video_i/axi_vdma_0/U0/I_PRMRY_DATAMOVER/GEN_S2MM_FULL.I_S2MM_FULL_WRAPPER/GEN_ENABLE_INDET_BTT_SF.I_INDET_BTT/ENABLE_AXIS_SKID.I_INDET_BTT_SKID_BUF/sig_data_skid_reg_reg[8]/R (clocked by clk_fpga_0). Large setup violations at the end of those stages might be difficult to fix during the post-placement implementation flow and could be the result of non-optimal XDC constraints or non-optimal design architecture
Related violations: <none>

TIMING-16#639 Warning
Large setup violation  
There is a large setup violation of -2.861 ns between broncho_video_i/clahe_ip_0/inst/u_clahe_ip_axi4_master_0_rd_inst/accum_value_reg[4]/C (clocked by clk_fpga_0) and broncho_video_i/clahe_ip_0/inst/u_clahe_ip_axi_lite_inst/u_clahe_ip_axi_lite_module_inst/u_clahe_ip_reset_hold_inst/reset_hold_module_reset_pending_reg_reg/D (clocked by clk_fpga_1). Large setup violations at the end of those stages might be difficult to fix during the post-placement implementation flow and could be the result of non-optimal XDC constraints or non-optimal design architecture
Related violations: <none>

TIMING-16#640 Warning
Large setup violation  
There is a large setup violation of -2.864 ns between broncho_video_i/axi_vdma_0/U0/I_PRMRY_DATAMOVER/GEN_S2MM_FULL.I_S2MM_FULL_WRAPPER/I_RESET/sig_cmd_stat_rst_user_reg_n_cdc_from_reg/C (clocked by clk_fpga_0) and broncho_video_i/axi_vdma_0/U0/I_PRMRY_DATAMOVER/GEN_S2MM_FULL.I_S2MM_FULL_WRAPPER/GEN_ENABLE_INDET_BTT_SF.I_INDET_BTT/ENABLE_AXIS_SKID.I_INDET_BTT_SKID_BUF/sig_data_reg_out_reg[17]/R (clocked by clk_fpga_0). Large setup violations at the end of those stages might be difficult to fix during the post-placement implementation flow and could be the result of non-optimal XDC constraints or non-optimal design architecture
Related violations: <none>

TIMING-16#641 Warning
Large setup violation  
There is a large setup violation of -2.864 ns between broncho_video_i/axi_vdma_0/U0/I_PRMRY_DATAMOVER/GEN_S2MM_FULL.I_S2MM_FULL_WRAPPER/I_RESET/sig_cmd_stat_rst_user_reg_n_cdc_from_reg/C (clocked by clk_fpga_0) and broncho_video_i/axi_vdma_0/U0/I_PRMRY_DATAMOVER/GEN_S2MM_FULL.I_S2MM_FULL_WRAPPER/GEN_ENABLE_INDET_BTT_SF.I_INDET_BTT/ENABLE_AXIS_SKID.I_INDET_BTT_SKID_BUF/sig_data_reg_out_reg[30]/R (clocked by clk_fpga_0). Large setup violations at the end of those stages might be difficult to fix during the post-placement implementation flow and could be the result of non-optimal XDC constraints or non-optimal design architecture
Related violations: <none>

TIMING-16#642 Warning
Large setup violation  
There is a large setup violation of -2.864 ns between broncho_video_i/axi_vdma_0/U0/I_PRMRY_DATAMOVER/GEN_S2MM_FULL.I_S2MM_FULL_WRAPPER/I_RESET/sig_cmd_stat_rst_user_reg_n_cdc_from_reg/C (clocked by clk_fpga_0) and broncho_video_i/axi_vdma_0/U0/I_PRMRY_DATAMOVER/GEN_S2MM_FULL.I_S2MM_FULL_WRAPPER/GEN_ENABLE_INDET_BTT_SF.I_INDET_BTT/ENABLE_AXIS_SKID.I_INDET_BTT_SKID_BUF/sig_data_reg_out_reg[33]/R (clocked by clk_fpga_0). Large setup violations at the end of those stages might be difficult to fix during the post-placement implementation flow and could be the result of non-optimal XDC constraints or non-optimal design architecture
Related violations: <none>

TIMING-16#643 Warning
Large setup violation  
There is a large setup violation of -2.864 ns between broncho_video_i/axi_vdma_0/U0/I_PRMRY_DATAMOVER/GEN_S2MM_FULL.I_S2MM_FULL_WRAPPER/I_RESET/sig_cmd_stat_rst_user_reg_n_cdc_from_reg/C (clocked by clk_fpga_0) and broncho_video_i/axi_vdma_0/U0/I_PRMRY_DATAMOVER/GEN_S2MM_FULL.I_S2MM_FULL_WRAPPER/GEN_ENABLE_INDET_BTT_SF.I_INDET_BTT/ENABLE_AXIS_SKID.I_INDET_BTT_SKID_BUF/sig_data_reg_out_reg[53]/R (clocked by clk_fpga_0). Large setup violations at the end of those stages might be difficult to fix during the post-placement implementation flow and could be the result of non-optimal XDC constraints or non-optimal design architecture
Related violations: <none>

TIMING-16#644 Warning
Large setup violation  
There is a large setup violation of -2.890 ns between broncho_video_i/axi_vdma_0/U0/I_PRMRY_DATAMOVER/GEN_S2MM_FULL.I_S2MM_FULL_WRAPPER/I_RESET/sig_cmd_stat_rst_user_reg_n_cdc_from_reg/C (clocked by clk_fpga_0) and broncho_video_i/axi_vdma_0/U0/I_PRMRY_DATAMOVER/GEN_S2MM_FULL.I_S2MM_FULL_WRAPPER/GEN_ENABLE_INDET_BTT_SF.I_INDET_BTT/INCLUDE_PACKING.DO_REG_SLICES[1].lsig_data_slice_reg_reg[1][11]/R (clocked by clk_fpga_0). Large setup violations at the end of those stages might be difficult to fix during the post-placement implementation flow and could be the result of non-optimal XDC constraints or non-optimal design architecture
Related violations: <none>

TIMING-16#645 Warning
Large setup violation  
There is a large setup violation of -2.890 ns between broncho_video_i/axi_vdma_0/U0/I_PRMRY_DATAMOVER/GEN_S2MM_FULL.I_S2MM_FULL_WRAPPER/I_RESET/sig_cmd_stat_rst_user_reg_n_cdc_from_reg/C (clocked by clk_fpga_0) and broncho_video_i/axi_vdma_0/U0/I_PRMRY_DATAMOVER/GEN_S2MM_FULL.I_S2MM_FULL_WRAPPER/GEN_ENABLE_INDET_BTT_SF.I_INDET_BTT/INCLUDE_PACKING.DO_REG_SLICES[1].lsig_data_slice_reg_reg[1][13]/R (clocked by clk_fpga_0). Large setup violations at the end of those stages might be difficult to fix during the post-placement implementation flow and could be the result of non-optimal XDC constraints or non-optimal design architecture
Related violations: <none>

TIMING-16#646 Warning
Large setup violation  
There is a large setup violation of -2.890 ns between broncho_video_i/axi_vdma_0/U0/I_PRMRY_DATAMOVER/GEN_S2MM_FULL.I_S2MM_FULL_WRAPPER/I_RESET/sig_cmd_stat_rst_user_reg_n_cdc_from_reg/C (clocked by clk_fpga_0) and broncho_video_i/axi_vdma_0/U0/I_PRMRY_DATAMOVER/GEN_S2MM_FULL.I_S2MM_FULL_WRAPPER/GEN_ENABLE_INDET_BTT_SF.I_INDET_BTT/INCLUDE_PACKING.DO_REG_SLICES[1].lsig_data_slice_reg_reg[1][15]/R (clocked by clk_fpga_0). Large setup violations at the end of those stages might be difficult to fix during the post-placement implementation flow and could be the result of non-optimal XDC constraints or non-optimal design architecture
Related violations: <none>

TIMING-16#647 Warning
Large setup violation  
There is a large setup violation of -2.896 ns between broncho_video_i/axi_vdma_0/U0/I_PRMRY_DATAMOVER/GEN_S2MM_FULL.I_S2MM_FULL_WRAPPER/I_RESET/sig_cmd_stat_rst_user_reg_n_cdc_from_reg/C (clocked by clk_fpga_0) and broncho_video_i/axi_vdma_0/U0/I_PRMRY_DATAMOVER/GEN_S2MM_FULL.I_S2MM_FULL_WRAPPER/GEN_ENABLE_INDET_BTT_SF.I_INDET_BTT/ENABLE_AXIS_SKID.I_INDET_BTT_SKID_BUF/sig_data_skid_reg_reg[12]/R (clocked by clk_fpga_0). Large setup violations at the end of those stages might be difficult to fix during the post-placement implementation flow and could be the result of non-optimal XDC constraints or non-optimal design architecture
Related violations: <none>

TIMING-16#648 Warning
Large setup violation  
There is a large setup violation of -2.896 ns between broncho_video_i/axi_vdma_0/U0/I_PRMRY_DATAMOVER/GEN_S2MM_FULL.I_S2MM_FULL_WRAPPER/I_RESET/sig_cmd_stat_rst_user_reg_n_cdc_from_reg/C (clocked by clk_fpga_0) and broncho_video_i/axi_vdma_0/U0/I_PRMRY_DATAMOVER/GEN_S2MM_FULL.I_S2MM_FULL_WRAPPER/GEN_ENABLE_INDET_BTT_SF.I_INDET_BTT/ENABLE_AXIS_SKID.I_INDET_BTT_SKID_BUF/sig_data_skid_reg_reg[20]/R (clocked by clk_fpga_0). Large setup violations at the end of those stages might be difficult to fix during the post-placement implementation flow and could be the result of non-optimal XDC constraints or non-optimal design architecture
Related violations: <none>

TIMING-16#649 Warning
Large setup violation  
There is a large setup violation of -2.896 ns between broncho_video_i/axi_vdma_0/U0/I_PRMRY_DATAMOVER/GEN_S2MM_FULL.I_S2MM_FULL_WRAPPER/I_RESET/sig_cmd_stat_rst_user_reg_n_cdc_from_reg/C (clocked by clk_fpga_0) and broncho_video_i/axi_vdma_0/U0/I_PRMRY_DATAMOVER/GEN_S2MM_FULL.I_S2MM_FULL_WRAPPER/GEN_ENABLE_INDET_BTT_SF.I_INDET_BTT/ENABLE_AXIS_SKID.I_INDET_BTT_SKID_BUF/sig_data_skid_reg_reg[22]/R (clocked by clk_fpga_0). Large setup violations at the end of those stages might be difficult to fix during the post-placement implementation flow and could be the result of non-optimal XDC constraints or non-optimal design architecture
Related violations: <none>

TIMING-16#650 Warning
Large setup violation  
There is a large setup violation of -2.896 ns between broncho_video_i/axi_vdma_0/U0/I_PRMRY_DATAMOVER/GEN_S2MM_FULL.I_S2MM_FULL_WRAPPER/I_RESET/sig_cmd_stat_rst_user_reg_n_cdc_from_reg/C (clocked by clk_fpga_0) and broncho_video_i/axi_vdma_0/U0/I_PRMRY_DATAMOVER/GEN_S2MM_FULL.I_S2MM_FULL_WRAPPER/GEN_ENABLE_INDET_BTT_SF.I_INDET_BTT/ENABLE_AXIS_SKID.I_INDET_BTT_SKID_BUF/sig_data_skid_reg_reg[32]/R (clocked by clk_fpga_0). Large setup violations at the end of those stages might be difficult to fix during the post-placement implementation flow and could be the result of non-optimal XDC constraints or non-optimal design architecture
Related violations: <none>

TIMING-16#651 Warning
Large setup violation  
There is a large setup violation of -2.896 ns between broncho_video_i/axi_vdma_0/U0/I_PRMRY_DATAMOVER/GEN_S2MM_FULL.I_S2MM_FULL_WRAPPER/I_RESET/sig_cmd_stat_rst_user_reg_n_cdc_from_reg/C (clocked by clk_fpga_0) and broncho_video_i/axi_vdma_0/U0/I_PRMRY_DATAMOVER/GEN_S2MM_FULL.I_S2MM_FULL_WRAPPER/GEN_ENABLE_INDET_BTT_SF.I_INDET_BTT/ENABLE_AXIS_SKID.I_INDET_BTT_SKID_BUF/sig_data_skid_reg_reg[36]/R (clocked by clk_fpga_0). Large setup violations at the end of those stages might be difficult to fix during the post-placement implementation flow and could be the result of non-optimal XDC constraints or non-optimal design architecture
Related violations: <none>

TIMING-16#652 Warning
Large setup violation  
There is a large setup violation of -2.896 ns between broncho_video_i/axi_vdma_0/U0/I_PRMRY_DATAMOVER/GEN_S2MM_FULL.I_S2MM_FULL_WRAPPER/I_RESET/sig_cmd_stat_rst_user_reg_n_cdc_from_reg/C (clocked by clk_fpga_0) and broncho_video_i/axi_vdma_0/U0/I_PRMRY_DATAMOVER/GEN_S2MM_FULL.I_S2MM_FULL_WRAPPER/GEN_ENABLE_INDET_BTT_SF.I_INDET_BTT/ENABLE_AXIS_SKID.I_INDET_BTT_SKID_BUF/sig_data_skid_reg_reg[38]/R (clocked by clk_fpga_0). Large setup violations at the end of those stages might be difficult to fix during the post-placement implementation flow and could be the result of non-optimal XDC constraints or non-optimal design architecture
Related violations: <none>

TIMING-16#653 Warning
Large setup violation  
There is a large setup violation of -2.896 ns between broncho_video_i/axi_vdma_0/U0/I_PRMRY_DATAMOVER/GEN_S2MM_FULL.I_S2MM_FULL_WRAPPER/I_RESET/sig_cmd_stat_rst_user_reg_n_cdc_from_reg/C (clocked by clk_fpga_0) and broncho_video_i/axi_vdma_0/U0/I_PRMRY_DATAMOVER/GEN_S2MM_FULL.I_S2MM_FULL_WRAPPER/GEN_ENABLE_INDET_BTT_SF.I_INDET_BTT/ENABLE_AXIS_SKID.I_INDET_BTT_SKID_BUF/sig_data_skid_reg_reg[48]/R (clocked by clk_fpga_0). Large setup violations at the end of those stages might be difficult to fix during the post-placement implementation flow and could be the result of non-optimal XDC constraints or non-optimal design architecture
Related violations: <none>

TIMING-16#654 Warning
Large setup violation  
There is a large setup violation of -2.896 ns between broncho_video_i/axi_vdma_0/U0/I_PRMRY_DATAMOVER/GEN_S2MM_FULL.I_S2MM_FULL_WRAPPER/I_RESET/sig_cmd_stat_rst_user_reg_n_cdc_from_reg/C (clocked by clk_fpga_0) and broncho_video_i/axi_vdma_0/U0/I_PRMRY_DATAMOVER/GEN_S2MM_FULL.I_S2MM_FULL_WRAPPER/GEN_ENABLE_INDET_BTT_SF.I_INDET_BTT/ENABLE_AXIS_SKID.I_INDET_BTT_SKID_BUF/sig_data_skid_reg_reg[50]/R (clocked by clk_fpga_0). Large setup violations at the end of those stages might be difficult to fix during the post-placement implementation flow and could be the result of non-optimal XDC constraints or non-optimal design architecture
Related violations: <none>

TIMING-16#655 Warning
Large setup violation  
There is a large setup violation of -2.896 ns between broncho_video_i/axi_vdma_0/U0/I_PRMRY_DATAMOVER/GEN_S2MM_FULL.I_S2MM_FULL_WRAPPER/I_RESET/sig_cmd_stat_rst_user_reg_n_cdc_from_reg/C (clocked by clk_fpga_0) and broncho_video_i/axi_vdma_0/U0/I_PRMRY_DATAMOVER/GEN_S2MM_FULL.I_S2MM_FULL_WRAPPER/GEN_ENABLE_INDET_BTT_SF.I_INDET_BTT/INCLUDE_PACKING.DO_REG_SLICES[1].lsig_data_slice_reg_reg[1][1]/R (clocked by clk_fpga_0). Large setup violations at the end of those stages might be difficult to fix during the post-placement implementation flow and could be the result of non-optimal XDC constraints or non-optimal design architecture
Related violations: <none>

TIMING-16#656 Warning
Large setup violation  
There is a large setup violation of -2.896 ns between broncho_video_i/axi_vdma_0/U0/I_PRMRY_DATAMOVER/GEN_S2MM_FULL.I_S2MM_FULL_WRAPPER/I_RESET/sig_cmd_stat_rst_user_reg_n_cdc_from_reg/C (clocked by clk_fpga_0) and broncho_video_i/axi_vdma_0/U0/I_PRMRY_DATAMOVER/GEN_S2MM_FULL.I_S2MM_FULL_WRAPPER/GEN_ENABLE_INDET_BTT_SF.I_INDET_BTT/INCLUDE_PACKING.DO_REG_SLICES[1].lsig_data_slice_reg_reg[1][2]/R (clocked by clk_fpga_0). Large setup violations at the end of those stages might be difficult to fix during the post-placement implementation flow and could be the result of non-optimal XDC constraints or non-optimal design architecture
Related violations: <none>

TIMING-16#657 Warning
Large setup violation  
There is a large setup violation of -2.896 ns between broncho_video_i/axi_vdma_0/U0/I_PRMRY_DATAMOVER/GEN_S2MM_FULL.I_S2MM_FULL_WRAPPER/I_RESET/sig_cmd_stat_rst_user_reg_n_cdc_from_reg/C (clocked by clk_fpga_0) and broncho_video_i/axi_vdma_0/U0/I_PRMRY_DATAMOVER/GEN_S2MM_FULL.I_S2MM_FULL_WRAPPER/GEN_ENABLE_INDET_BTT_SF.I_INDET_BTT/INCLUDE_PACKING.DO_REG_SLICES[1].lsig_data_slice_reg_reg[1][6]/R (clocked by clk_fpga_0). Large setup violations at the end of those stages might be difficult to fix during the post-placement implementation flow and could be the result of non-optimal XDC constraints or non-optimal design architecture
Related violations: <none>

TIMING-16#658 Warning
Large setup violation  
There is a large setup violation of -2.896 ns between broncho_video_i/axi_vdma_0/U0/I_PRMRY_DATAMOVER/GEN_S2MM_FULL.I_S2MM_FULL_WRAPPER/I_RESET/sig_cmd_stat_rst_user_reg_n_cdc_from_reg/C (clocked by clk_fpga_0) and broncho_video_i/axi_vdma_0/U0/I_PRMRY_DATAMOVER/GEN_S2MM_FULL.I_S2MM_FULL_WRAPPER/GEN_ENABLE_INDET_BTT_SF.I_INDET_BTT/INCLUDE_PACKING.DO_REG_SLICES[1].lsig_data_slice_reg_reg[1][8]/R (clocked by clk_fpga_0). Large setup violations at the end of those stages might be difficult to fix during the post-placement implementation flow and could be the result of non-optimal XDC constraints or non-optimal design architecture
Related violations: <none>

TIMING-16#659 Warning
Large setup violation  
There is a large setup violation of -2.901 ns between broncho_video_i/clahe_ip_0/inst/u_clahe_ip_axi_lite_inst/u_clahe_ip_addr_decoder_inst/data_reg_AXI4_Master_0_Wr_base_address_1_1_reg[0]/C (clocked by clk_fpga_1) and broncho_video_i/clahe_ip_0/inst/u_clahe_ip_axi4_master_0_wr_inst/u_clahe_ip_wr_addr_fifo_inst/u_clahe_ip_wr_addr_fifo_classic_ram/ram_reg_0_15_0_5/RAMC/I (clocked by clk_fpga_0). Large setup violations at the end of those stages might be difficult to fix during the post-placement implementation flow and could be the result of non-optimal XDC constraints or non-optimal design architecture
Related violations: <none>

TIMING-16#660 Warning
Large setup violation  
There is a large setup violation of -2.902 ns between broncho_video_i/axi_vdma_0/U0/I_PRMRY_DATAMOVER/GEN_S2MM_FULL.I_S2MM_FULL_WRAPPER/I_RESET/sig_cmd_stat_rst_user_reg_n_cdc_from_reg/C (clocked by clk_fpga_0) and broncho_video_i/axi_vdma_0/U0/I_PRMRY_DATAMOVER/GEN_S2MM_FULL.I_S2MM_FULL_WRAPPER/GEN_ENABLE_INDET_BTT_SF.I_INDET_BTT/ENABLE_AXIS_SKID.I_INDET_BTT_SKID_BUF/sig_data_reg_out_reg[16]/R (clocked by clk_fpga_0). Large setup violations at the end of those stages might be difficult to fix during the post-placement implementation flow and could be the result of non-optimal XDC constraints or non-optimal design architecture
Related violations: <none>

TIMING-16#661 Warning
Large setup violation  
There is a large setup violation of -2.902 ns between broncho_video_i/axi_vdma_0/U0/I_PRMRY_DATAMOVER/GEN_S2MM_FULL.I_S2MM_FULL_WRAPPER/I_RESET/sig_cmd_stat_rst_user_reg_n_cdc_from_reg/C (clocked by clk_fpga_0) and broncho_video_i/axi_vdma_0/U0/I_PRMRY_DATAMOVER/GEN_S2MM_FULL.I_S2MM_FULL_WRAPPER/GEN_ENABLE_INDET_BTT_SF.I_INDET_BTT/ENABLE_AXIS_SKID.I_INDET_BTT_SKID_BUF/sig_data_reg_out_reg[54]/R (clocked by clk_fpga_0). Large setup violations at the end of those stages might be difficult to fix during the post-placement implementation flow and could be the result of non-optimal XDC constraints or non-optimal design architecture
Related violations: <none>

TIMING-16#662 Warning
Large setup violation  
There is a large setup violation of -2.902 ns between broncho_video_i/axi_vdma_0/U0/I_PRMRY_DATAMOVER/GEN_S2MM_FULL.I_S2MM_FULL_WRAPPER/I_RESET/sig_cmd_stat_rst_user_reg_n_cdc_from_reg/C (clocked by clk_fpga_0) and broncho_video_i/axi_vdma_0/U0/I_PRMRY_DATAMOVER/GEN_S2MM_FULL.I_S2MM_FULL_WRAPPER/GEN_ENABLE_INDET_BTT_SF.I_INDET_BTT/ENABLE_AXIS_SKID.I_INDET_BTT_SKID_BUF/sig_data_reg_out_reg[6]/R (clocked by clk_fpga_0). Large setup violations at the end of those stages might be difficult to fix during the post-placement implementation flow and could be the result of non-optimal XDC constraints or non-optimal design architecture
Related violations: <none>

TIMING-16#663 Warning
Large setup violation  
There is a large setup violation of -2.902 ns between broncho_video_i/axi_vdma_0/U0/I_PRMRY_DATAMOVER/GEN_S2MM_FULL.I_S2MM_FULL_WRAPPER/I_RESET/sig_cmd_stat_rst_user_reg_n_cdc_from_reg/C (clocked by clk_fpga_0) and broncho_video_i/axi_vdma_0/U0/I_PRMRY_DATAMOVER/GEN_S2MM_FULL.I_S2MM_FULL_WRAPPER/GEN_ENABLE_INDET_BTT_SF.I_INDET_BTT/ENABLE_AXIS_SKID.I_INDET_BTT_SKID_BUF/sig_data_skid_reg_reg[16]/R (clocked by clk_fpga_0). Large setup violations at the end of those stages might be difficult to fix during the post-placement implementation flow and could be the result of non-optimal XDC constraints or non-optimal design architecture
Related violations: <none>

TIMING-16#664 Warning
Large setup violation  
There is a large setup violation of -2.902 ns between broncho_video_i/axi_vdma_0/U0/I_PRMRY_DATAMOVER/GEN_S2MM_FULL.I_S2MM_FULL_WRAPPER/I_RESET/sig_cmd_stat_rst_user_reg_n_cdc_from_reg/C (clocked by clk_fpga_0) and broncho_video_i/axi_vdma_0/U0/I_PRMRY_DATAMOVER/GEN_S2MM_FULL.I_S2MM_FULL_WRAPPER/GEN_ENABLE_INDET_BTT_SF.I_INDET_BTT/ENABLE_AXIS_SKID.I_INDET_BTT_SKID_BUF/sig_data_skid_reg_reg[23]/R (clocked by clk_fpga_0). Large setup violations at the end of those stages might be difficult to fix during the post-placement implementation flow and could be the result of non-optimal XDC constraints or non-optimal design architecture
Related violations: <none>

TIMING-16#665 Warning
Large setup violation  
There is a large setup violation of -2.902 ns between broncho_video_i/axi_vdma_0/U0/I_PRMRY_DATAMOVER/GEN_S2MM_FULL.I_S2MM_FULL_WRAPPER/I_RESET/sig_cmd_stat_rst_user_reg_n_cdc_from_reg/C (clocked by clk_fpga_0) and broncho_video_i/axi_vdma_0/U0/I_PRMRY_DATAMOVER/GEN_S2MM_FULL.I_S2MM_FULL_WRAPPER/GEN_ENABLE_INDET_BTT_SF.I_INDET_BTT/ENABLE_AXIS_SKID.I_INDET_BTT_SKID_BUF/sig_data_skid_reg_reg[26]/R (clocked by clk_fpga_0). Large setup violations at the end of those stages might be difficult to fix during the post-placement implementation flow and could be the result of non-optimal XDC constraints or non-optimal design architecture
Related violations: <none>

TIMING-16#666 Warning
Large setup violation  
There is a large setup violation of -2.902 ns between broncho_video_i/axi_vdma_0/U0/I_PRMRY_DATAMOVER/GEN_S2MM_FULL.I_S2MM_FULL_WRAPPER/I_RESET/sig_cmd_stat_rst_user_reg_n_cdc_from_reg/C (clocked by clk_fpga_0) and broncho_video_i/axi_vdma_0/U0/I_PRMRY_DATAMOVER/GEN_S2MM_FULL.I_S2MM_FULL_WRAPPER/GEN_ENABLE_INDET_BTT_SF.I_INDET_BTT/ENABLE_AXIS_SKID.I_INDET_BTT_SKID_BUF/sig_data_skid_reg_reg[27]/R (clocked by clk_fpga_0). Large setup violations at the end of those stages might be difficult to fix during the post-placement implementation flow and could be the result of non-optimal XDC constraints or non-optimal design architecture
Related violations: <none>

TIMING-16#667 Warning
Large setup violation  
There is a large setup violation of -2.902 ns between broncho_video_i/axi_vdma_0/U0/I_PRMRY_DATAMOVER/GEN_S2MM_FULL.I_S2MM_FULL_WRAPPER/I_RESET/sig_cmd_stat_rst_user_reg_n_cdc_from_reg/C (clocked by clk_fpga_0) and broncho_video_i/axi_vdma_0/U0/I_PRMRY_DATAMOVER/GEN_S2MM_FULL.I_S2MM_FULL_WRAPPER/GEN_ENABLE_INDET_BTT_SF.I_INDET_BTT/ENABLE_AXIS_SKID.I_INDET_BTT_SKID_BUF/sig_data_skid_reg_reg[40]/R (clocked by clk_fpga_0). Large setup violations at the end of those stages might be difficult to fix during the post-placement implementation flow and could be the result of non-optimal XDC constraints or non-optimal design architecture
Related violations: <none>

TIMING-16#668 Warning
Large setup violation  
There is a large setup violation of -2.902 ns between broncho_video_i/axi_vdma_0/U0/I_PRMRY_DATAMOVER/GEN_S2MM_FULL.I_S2MM_FULL_WRAPPER/I_RESET/sig_cmd_stat_rst_user_reg_n_cdc_from_reg/C (clocked by clk_fpga_0) and broncho_video_i/axi_vdma_0/U0/I_PRMRY_DATAMOVER/GEN_S2MM_FULL.I_S2MM_FULL_WRAPPER/GEN_ENABLE_INDET_BTT_SF.I_INDET_BTT/ENABLE_AXIS_SKID.I_INDET_BTT_SKID_BUF/sig_data_skid_reg_reg[54]/R (clocked by clk_fpga_0). Large setup violations at the end of those stages might be difficult to fix during the post-placement implementation flow and could be the result of non-optimal XDC constraints or non-optimal design architecture
Related violations: <none>

TIMING-16#669 Warning
Large setup violation  
There is a large setup violation of -2.902 ns between broncho_video_i/axi_vdma_0/U0/I_PRMRY_DATAMOVER/GEN_S2MM_FULL.I_S2MM_FULL_WRAPPER/I_RESET/sig_cmd_stat_rst_user_reg_n_cdc_from_reg/C (clocked by clk_fpga_0) and broncho_video_i/axi_vdma_0/U0/I_PRMRY_DATAMOVER/GEN_S2MM_FULL.I_S2MM_FULL_WRAPPER/GEN_ENABLE_INDET_BTT_SF.I_INDET_BTT/ENABLE_AXIS_SKID.I_INDET_BTT_SKID_BUF/sig_data_skid_reg_reg[6]/R (clocked by clk_fpga_0). Large setup violations at the end of those stages might be difficult to fix during the post-placement implementation flow and could be the result of non-optimal XDC constraints or non-optimal design architecture
Related violations: <none>

TIMING-16#670 Warning
Large setup violation  
There is a large setup violation of -2.902 ns between broncho_video_i/axi_vdma_0/U0/I_PRMRY_DATAMOVER/GEN_S2MM_FULL.I_S2MM_FULL_WRAPPER/I_RESET/sig_cmd_stat_rst_user_reg_n_cdc_from_reg/C (clocked by clk_fpga_0) and broncho_video_i/axi_vdma_0/U0/I_PRMRY_DATAMOVER/GEN_S2MM_FULL.I_S2MM_FULL_WRAPPER/GEN_ENABLE_INDET_BTT_SF.I_INDET_BTT/INCLUDE_PACKING.DO_REG_SLICES[2].lsig_data_slice_reg_reg[2][10]/R (clocked by clk_fpga_0). Large setup violations at the end of those stages might be difficult to fix during the post-placement implementation flow and could be the result of non-optimal XDC constraints or non-optimal design architecture
Related violations: <none>

TIMING-16#671 Warning
Large setup violation  
There is a large setup violation of -2.902 ns between broncho_video_i/axi_vdma_0/U0/I_PRMRY_DATAMOVER/GEN_S2MM_FULL.I_S2MM_FULL_WRAPPER/I_RESET/sig_cmd_stat_rst_user_reg_n_cdc_from_reg/C (clocked by clk_fpga_0) and broncho_video_i/axi_vdma_0/U0/I_PRMRY_DATAMOVER/GEN_S2MM_FULL.I_S2MM_FULL_WRAPPER/GEN_ENABLE_INDET_BTT_SF.I_INDET_BTT/INCLUDE_PACKING.DO_REG_SLICES[2].lsig_data_slice_reg_reg[2][11]/R (clocked by clk_fpga_0). Large setup violations at the end of those stages might be difficult to fix during the post-placement implementation flow and could be the result of non-optimal XDC constraints or non-optimal design architecture
Related violations: <none>

TIMING-16#672 Warning
Large setup violation  
There is a large setup violation of -2.902 ns between broncho_video_i/axi_vdma_0/U0/I_PRMRY_DATAMOVER/GEN_S2MM_FULL.I_S2MM_FULL_WRAPPER/I_RESET/sig_cmd_stat_rst_user_reg_n_cdc_from_reg/C (clocked by clk_fpga_0) and broncho_video_i/axi_vdma_0/U0/I_PRMRY_DATAMOVER/GEN_S2MM_FULL.I_S2MM_FULL_WRAPPER/GEN_ENABLE_INDET_BTT_SF.I_INDET_BTT/INCLUDE_PACKING.DO_REG_SLICES[2].lsig_data_slice_reg_reg[2][12]/R (clocked by clk_fpga_0). Large setup violations at the end of those stages might be difficult to fix during the post-placement implementation flow and could be the result of non-optimal XDC constraints or non-optimal design architecture
Related violations: <none>

TIMING-16#673 Warning
Large setup violation  
There is a large setup violation of -2.902 ns between broncho_video_i/axi_vdma_0/U0/I_PRMRY_DATAMOVER/GEN_S2MM_FULL.I_S2MM_FULL_WRAPPER/I_RESET/sig_cmd_stat_rst_user_reg_n_cdc_from_reg/C (clocked by clk_fpga_0) and broncho_video_i/axi_vdma_0/U0/I_PRMRY_DATAMOVER/GEN_S2MM_FULL.I_S2MM_FULL_WRAPPER/GEN_ENABLE_INDET_BTT_SF.I_INDET_BTT/INCLUDE_PACKING.DO_REG_SLICES[2].lsig_data_slice_reg_reg[2][13]/R (clocked by clk_fpga_0). Large setup violations at the end of those stages might be difficult to fix during the post-placement implementation flow and could be the result of non-optimal XDC constraints or non-optimal design architecture
Related violations: <none>

TIMING-16#674 Warning
Large setup violation  
There is a large setup violation of -2.902 ns between broncho_video_i/axi_vdma_0/U0/I_PRMRY_DATAMOVER/GEN_S2MM_FULL.I_S2MM_FULL_WRAPPER/I_RESET/sig_cmd_stat_rst_user_reg_n_cdc_from_reg/C (clocked by clk_fpga_0) and broncho_video_i/axi_vdma_0/U0/I_PRMRY_DATAMOVER/GEN_S2MM_FULL.I_S2MM_FULL_WRAPPER/GEN_ENABLE_INDET_BTT_SF.I_INDET_BTT/INCLUDE_PACKING.DO_REG_SLICES[2].lsig_data_slice_reg_reg[2][14]/R (clocked by clk_fpga_0). Large setup violations at the end of those stages might be difficult to fix during the post-placement implementation flow and could be the result of non-optimal XDC constraints or non-optimal design architecture
Related violations: <none>

TIMING-16#675 Warning
Large setup violation  
There is a large setup violation of -2.902 ns between broncho_video_i/axi_vdma_0/U0/I_PRMRY_DATAMOVER/GEN_S2MM_FULL.I_S2MM_FULL_WRAPPER/I_RESET/sig_cmd_stat_rst_user_reg_n_cdc_from_reg/C (clocked by clk_fpga_0) and broncho_video_i/axi_vdma_0/U0/I_PRMRY_DATAMOVER/GEN_S2MM_FULL.I_S2MM_FULL_WRAPPER/GEN_ENABLE_INDET_BTT_SF.I_INDET_BTT/INCLUDE_PACKING.DO_REG_SLICES[2].lsig_data_slice_reg_reg[2][3]/R (clocked by clk_fpga_0). Large setup violations at the end of those stages might be difficult to fix during the post-placement implementation flow and could be the result of non-optimal XDC constraints or non-optimal design architecture
Related violations: <none>

TIMING-16#676 Warning
Large setup violation  
There is a large setup violation of -2.902 ns between broncho_video_i/axi_vdma_0/U0/I_PRMRY_DATAMOVER/GEN_S2MM_FULL.I_S2MM_FULL_WRAPPER/I_RESET/sig_cmd_stat_rst_user_reg_n_cdc_from_reg/C (clocked by clk_fpga_0) and broncho_video_i/axi_vdma_0/U0/I_PRMRY_DATAMOVER/GEN_S2MM_FULL.I_S2MM_FULL_WRAPPER/GEN_ENABLE_INDET_BTT_SF.I_INDET_BTT/INCLUDE_PACKING.DO_REG_SLICES[2].lsig_data_slice_reg_reg[2][5]/R (clocked by clk_fpga_0). Large setup violations at the end of those stages might be difficult to fix during the post-placement implementation flow and could be the result of non-optimal XDC constraints or non-optimal design architecture
Related violations: <none>

TIMING-16#677 Warning
Large setup violation  
There is a large setup violation of -2.902 ns between broncho_video_i/axi_vdma_0/U0/I_PRMRY_DATAMOVER/GEN_S2MM_FULL.I_S2MM_FULL_WRAPPER/I_RESET/sig_cmd_stat_rst_user_reg_n_cdc_from_reg/C (clocked by clk_fpga_0) and broncho_video_i/axi_vdma_0/U0/I_PRMRY_DATAMOVER/GEN_S2MM_FULL.I_S2MM_FULL_WRAPPER/GEN_ENABLE_INDET_BTT_SF.I_INDET_BTT/INCLUDE_PACKING.DO_REG_SLICES[2].lsig_data_slice_reg_reg[2][9]/R (clocked by clk_fpga_0). Large setup violations at the end of those stages might be difficult to fix during the post-placement implementation flow and could be the result of non-optimal XDC constraints or non-optimal design architecture
Related violations: <none>

TIMING-16#678 Warning
Large setup violation  
There is a large setup violation of -2.903 ns between broncho_video_i/clahe_ip_0/inst/u_clahe_ip_axi_lite_inst/u_clahe_ip_addr_decoder_inst/data_reg_axi4_stream_video_0_slave_vporch_1_1_reg[0]/C (clocked by clk_fpga_1) and broncho_video_i/clahe_ip_0/inst/u_clahe_ip_axi4_stream_video_0_slave_inst/u_clahe_ip_clahe_ip_axi4_stream_video_0_slave_clahe_ip_adapter_in/u_clahe_ip_clahe_ip_axi4_stream_video_0_slave_clahe_ip_adapter_in_clahe_ip_adapter_in_module/vlength_1_reg[4]/D (clocked by clk_fpga_0). Large setup violations at the end of those stages might be difficult to fix during the post-placement implementation flow and could be the result of non-optimal XDC constraints or non-optimal design architecture
Related violations: <none>

TIMING-16#679 Warning
Large setup violation  
There is a large setup violation of -2.904 ns between broncho_video_i/clahe_ip_0/inst/u_clahe_ip_axi_lite_inst/u_clahe_ip_addr_decoder_inst/data_reg_AXI4_Master_0_Wr_base_address_1_1_reg[0]/C (clocked by clk_fpga_1) and broncho_video_i/clahe_ip_0/inst/u_clahe_ip_axi4_master_0_wr_inst/u_clahe_ip_wr_addr_fifo_inst/u_clahe_ip_wr_addr_fifo_classic_ram/ram_reg_0_15_0_5/RAMB/I (clocked by clk_fpga_0). Large setup violations at the end of those stages might be difficult to fix during the post-placement implementation flow and could be the result of non-optimal XDC constraints or non-optimal design architecture
Related violations: <none>

TIMING-16#680 Warning
Large setup violation  
There is a large setup violation of -2.910 ns between broncho_video_i/axi_vdma_0/U0/I_PRMRY_DATAMOVER/GEN_S2MM_FULL.I_S2MM_FULL_WRAPPER/I_RESET/sig_cmd_stat_rst_user_reg_n_cdc_from_reg/C (clocked by clk_fpga_0) and broncho_video_i/axi_vdma_0/U0/I_PRMRY_DATAMOVER/GEN_S2MM_FULL.I_S2MM_FULL_WRAPPER/GEN_ENABLE_INDET_BTT_SF.I_INDET_BTT/INCLUDE_PACKING.DO_REG_SLICES[1].lsig_data_slice_reg_reg[1][0]/R (clocked by clk_fpga_0). Large setup violations at the end of those stages might be difficult to fix during the post-placement implementation flow and could be the result of non-optimal XDC constraints or non-optimal design architecture
Related violations: <none>

TIMING-16#681 Warning
Large setup violation  
There is a large setup violation of -2.910 ns between broncho_video_i/axi_vdma_0/U0/I_PRMRY_DATAMOVER/GEN_S2MM_FULL.I_S2MM_FULL_WRAPPER/I_RESET/sig_cmd_stat_rst_user_reg_n_cdc_from_reg/C (clocked by clk_fpga_0) and broncho_video_i/axi_vdma_0/U0/I_PRMRY_DATAMOVER/GEN_S2MM_FULL.I_S2MM_FULL_WRAPPER/GEN_ENABLE_INDET_BTT_SF.I_INDET_BTT/INCLUDE_PACKING.DO_REG_SLICES[1].lsig_data_slice_reg_reg[1][3]/R (clocked by clk_fpga_0). Large setup violations at the end of those stages might be difficult to fix during the post-placement implementation flow and could be the result of non-optimal XDC constraints or non-optimal design architecture
Related violations: <none>

TIMING-16#682 Warning
Large setup violation  
There is a large setup violation of -2.910 ns between broncho_video_i/axi_vdma_0/U0/I_PRMRY_DATAMOVER/GEN_S2MM_FULL.I_S2MM_FULL_WRAPPER/I_RESET/sig_cmd_stat_rst_user_reg_n_cdc_from_reg/C (clocked by clk_fpga_0) and broncho_video_i/axi_vdma_0/U0/I_PRMRY_DATAMOVER/GEN_S2MM_FULL.I_S2MM_FULL_WRAPPER/GEN_ENABLE_INDET_BTT_SF.I_INDET_BTT/INCLUDE_PACKING.DO_REG_SLICES[1].lsig_data_slice_reg_reg[1][4]/R (clocked by clk_fpga_0). Large setup violations at the end of those stages might be difficult to fix during the post-placement implementation flow and could be the result of non-optimal XDC constraints or non-optimal design architecture
Related violations: <none>

TIMING-16#683 Warning
Large setup violation  
There is a large setup violation of -2.910 ns between broncho_video_i/axi_vdma_0/U0/I_PRMRY_DATAMOVER/GEN_S2MM_FULL.I_S2MM_FULL_WRAPPER/I_RESET/sig_cmd_stat_rst_user_reg_n_cdc_from_reg/C (clocked by clk_fpga_0) and broncho_video_i/axi_vdma_0/U0/I_PRMRY_DATAMOVER/GEN_S2MM_FULL.I_S2MM_FULL_WRAPPER/GEN_ENABLE_INDET_BTT_SF.I_INDET_BTT/INCLUDE_PACKING.DO_REG_SLICES[1].lsig_data_slice_reg_reg[1][5]/R (clocked by clk_fpga_0). Large setup violations at the end of those stages might be difficult to fix during the post-placement implementation flow and could be the result of non-optimal XDC constraints or non-optimal design architecture
Related violations: <none>

TIMING-16#684 Warning
Large setup violation  
There is a large setup violation of -2.910 ns between broncho_video_i/clahe_ip_0/inst/u_clahe_ip_axi4_master_0_rd_inst/accum_value_reg[4]/C (clocked by clk_fpga_0) and broncho_video_i/clahe_ip_0/inst/u_clahe_ip_axi_lite_inst/u_clahe_ip_axi_lite_module_inst/u_clahe_ip_reset_hold_inst/FSM_sequential_reset_hold_module_hstate_reg[0]/D (clocked by clk_fpga_1). Large setup violations at the end of those stages might be difficult to fix during the post-placement implementation flow and could be the result of non-optimal XDC constraints or non-optimal design architecture
Related violations: <none>

TIMING-16#685 Warning
Large setup violation  
There is a large setup violation of -2.914 ns between broncho_video_i/clahe_ip_0/inst/u_clahe_ip_axi_lite_inst/u_clahe_ip_addr_decoder_inst/data_reg_AXI4_Master_0_Wr_base_address_1_1_reg[0]/C (clocked by clk_fpga_1) and broncho_video_i/clahe_ip_0/inst/u_clahe_ip_axi4_master_0_wr_inst/u_clahe_ip_wr_addr_fifo_inst/u_clahe_ip_wr_addr_fifo_classic_ram/ram_reg_0_15_6_11/RAMA/I (clocked by clk_fpga_0). Large setup violations at the end of those stages might be difficult to fix during the post-placement implementation flow and could be the result of non-optimal XDC constraints or non-optimal design architecture
Related violations: <none>

TIMING-16#686 Warning
Large setup violation  
There is a large setup violation of -2.915 ns between broncho_video_i/axi_vdma_0/U0/I_PRMRY_DATAMOVER/GEN_S2MM_FULL.I_S2MM_FULL_WRAPPER/I_RESET/sig_cmd_stat_rst_user_reg_n_cdc_from_reg/C (clocked by clk_fpga_0) and broncho_video_i/axi_vdma_0/U0/I_PRMRY_DATAMOVER/GEN_S2MM_FULL.I_S2MM_FULL_WRAPPER/GEN_ENABLE_INDET_BTT_SF.I_INDET_BTT/INCLUDE_PACKING.DO_REG_SLICES[0].lsig_data_slice_reg_reg[0][11]/R (clocked by clk_fpga_0). Large setup violations at the end of those stages might be difficult to fix during the post-placement implementation flow and could be the result of non-optimal XDC constraints or non-optimal design architecture
Related violations: <none>

TIMING-16#687 Warning
Large setup violation  
There is a large setup violation of -2.915 ns between broncho_video_i/axi_vdma_0/U0/I_PRMRY_DATAMOVER/GEN_S2MM_FULL.I_S2MM_FULL_WRAPPER/I_RESET/sig_cmd_stat_rst_user_reg_n_cdc_from_reg/C (clocked by clk_fpga_0) and broncho_video_i/axi_vdma_0/U0/I_PRMRY_DATAMOVER/GEN_S2MM_FULL.I_S2MM_FULL_WRAPPER/GEN_ENABLE_INDET_BTT_SF.I_INDET_BTT/INCLUDE_PACKING.DO_REG_SLICES[0].lsig_data_slice_reg_reg[0][13]/R (clocked by clk_fpga_0). Large setup violations at the end of those stages might be difficult to fix during the post-placement implementation flow and could be the result of non-optimal XDC constraints or non-optimal design architecture
Related violations: <none>

TIMING-16#688 Warning
Large setup violation  
There is a large setup violation of -2.915 ns between broncho_video_i/axi_vdma_0/U0/I_PRMRY_DATAMOVER/GEN_S2MM_FULL.I_S2MM_FULL_WRAPPER/I_RESET/sig_cmd_stat_rst_user_reg_n_cdc_from_reg/C (clocked by clk_fpga_0) and broncho_video_i/axi_vdma_0/U0/I_PRMRY_DATAMOVER/GEN_S2MM_FULL.I_S2MM_FULL_WRAPPER/GEN_ENABLE_INDET_BTT_SF.I_INDET_BTT/INCLUDE_PACKING.DO_REG_SLICES[0].lsig_data_slice_reg_reg[0][15]/R (clocked by clk_fpga_0). Large setup violations at the end of those stages might be difficult to fix during the post-placement implementation flow and could be the result of non-optimal XDC constraints or non-optimal design architecture
Related violations: <none>

TIMING-16#689 Warning
Large setup violation  
There is a large setup violation of -2.920 ns between broncho_video_i/axi_vdma_0/U0/I_PRMRY_DATAMOVER/GEN_S2MM_FULL.I_S2MM_FULL_WRAPPER/I_RESET/sig_cmd_stat_rst_user_reg_n_cdc_from_reg/C (clocked by clk_fpga_0) and broncho_video_i/axi_vdma_0/U0/I_PRMRY_DATAMOVER/GEN_S2MM_FULL.I_S2MM_FULL_WRAPPER/GEN_ENABLE_INDET_BTT_SF.I_INDET_BTT/INCLUDE_PACKING.DO_REG_SLICES[3].lsig_data_slice_reg_reg[3][0]/R (clocked by clk_fpga_0). Large setup violations at the end of those stages might be difficult to fix during the post-placement implementation flow and could be the result of non-optimal XDC constraints or non-optimal design architecture
Related violations: <none>

TIMING-16#690 Warning
Large setup violation  
There is a large setup violation of -2.920 ns between broncho_video_i/axi_vdma_0/U0/I_PRMRY_DATAMOVER/GEN_S2MM_FULL.I_S2MM_FULL_WRAPPER/I_RESET/sig_cmd_stat_rst_user_reg_n_cdc_from_reg/C (clocked by clk_fpga_0) and broncho_video_i/axi_vdma_0/U0/I_PRMRY_DATAMOVER/GEN_S2MM_FULL.I_S2MM_FULL_WRAPPER/GEN_ENABLE_INDET_BTT_SF.I_INDET_BTT/INCLUDE_PACKING.DO_REG_SLICES[3].lsig_data_slice_reg_reg[3][14]/R (clocked by clk_fpga_0). Large setup violations at the end of those stages might be difficult to fix during the post-placement implementation flow and could be the result of non-optimal XDC constraints or non-optimal design architecture
Related violations: <none>

TIMING-16#691 Warning
Large setup violation  
There is a large setup violation of -2.920 ns between broncho_video_i/axi_vdma_0/U0/I_PRMRY_DATAMOVER/GEN_S2MM_FULL.I_S2MM_FULL_WRAPPER/I_RESET/sig_cmd_stat_rst_user_reg_n_cdc_from_reg/C (clocked by clk_fpga_0) and broncho_video_i/axi_vdma_0/U0/I_PRMRY_DATAMOVER/GEN_S2MM_FULL.I_S2MM_FULL_WRAPPER/GEN_ENABLE_INDET_BTT_SF.I_INDET_BTT/INCLUDE_PACKING.DO_REG_SLICES[3].lsig_data_slice_reg_reg[3][15]/R (clocked by clk_fpga_0). Large setup violations at the end of those stages might be difficult to fix during the post-placement implementation flow and could be the result of non-optimal XDC constraints or non-optimal design architecture
Related violations: <none>

TIMING-16#692 Warning
Large setup violation  
There is a large setup violation of -2.920 ns between broncho_video_i/axi_vdma_0/U0/I_PRMRY_DATAMOVER/GEN_S2MM_FULL.I_S2MM_FULL_WRAPPER/I_RESET/sig_cmd_stat_rst_user_reg_n_cdc_from_reg/C (clocked by clk_fpga_0) and broncho_video_i/axi_vdma_0/U0/I_PRMRY_DATAMOVER/GEN_S2MM_FULL.I_S2MM_FULL_WRAPPER/GEN_ENABLE_INDET_BTT_SF.I_INDET_BTT/INCLUDE_PACKING.DO_REG_SLICES[3].lsig_data_slice_reg_reg[3][3]/R (clocked by clk_fpga_0). Large setup violations at the end of those stages might be difficult to fix during the post-placement implementation flow and could be the result of non-optimal XDC constraints or non-optimal design architecture
Related violations: <none>

TIMING-16#693 Warning
Large setup violation  
There is a large setup violation of -2.920 ns between broncho_video_i/axi_vdma_0/U0/I_PRMRY_DATAMOVER/GEN_S2MM_FULL.I_S2MM_FULL_WRAPPER/I_RESET/sig_cmd_stat_rst_user_reg_n_cdc_from_reg/C (clocked by clk_fpga_0) and broncho_video_i/axi_vdma_0/U0/I_PRMRY_DATAMOVER/GEN_S2MM_FULL.I_S2MM_FULL_WRAPPER/GEN_ENABLE_INDET_BTT_SF.I_INDET_BTT/INCLUDE_PACKING.DO_REG_SLICES[3].lsig_data_slice_reg_reg[3][4]/R (clocked by clk_fpga_0). Large setup violations at the end of those stages might be difficult to fix during the post-placement implementation flow and could be the result of non-optimal XDC constraints or non-optimal design architecture
Related violations: <none>

TIMING-16#694 Warning
Large setup violation  
There is a large setup violation of -2.920 ns between broncho_video_i/axi_vdma_0/U0/I_PRMRY_DATAMOVER/GEN_S2MM_FULL.I_S2MM_FULL_WRAPPER/I_RESET/sig_cmd_stat_rst_user_reg_n_cdc_from_reg/C (clocked by clk_fpga_0) and broncho_video_i/axi_vdma_0/U0/I_PRMRY_DATAMOVER/GEN_S2MM_FULL.I_S2MM_FULL_WRAPPER/GEN_ENABLE_INDET_BTT_SF.I_INDET_BTT/INCLUDE_PACKING.DO_REG_SLICES[3].lsig_data_slice_reg_reg[3][5]/R (clocked by clk_fpga_0). Large setup violations at the end of those stages might be difficult to fix during the post-placement implementation flow and could be the result of non-optimal XDC constraints or non-optimal design architecture
Related violations: <none>

TIMING-16#695 Warning
Large setup violation  
There is a large setup violation of -2.920 ns between broncho_video_i/axi_vdma_0/U0/I_PRMRY_DATAMOVER/GEN_S2MM_FULL.I_S2MM_FULL_WRAPPER/I_RESET/sig_cmd_stat_rst_user_reg_n_cdc_from_reg/C (clocked by clk_fpga_0) and broncho_video_i/axi_vdma_0/U0/I_PRMRY_DATAMOVER/GEN_S2MM_FULL.I_S2MM_FULL_WRAPPER/GEN_ENABLE_INDET_BTT_SF.I_INDET_BTT/INCLUDE_PACKING.DO_REG_SLICES[3].lsig_data_slice_reg_reg[3][7]/R (clocked by clk_fpga_0). Large setup violations at the end of those stages might be difficult to fix during the post-placement implementation flow and could be the result of non-optimal XDC constraints or non-optimal design architecture
Related violations: <none>

TIMING-16#696 Warning
Large setup violation  
There is a large setup violation of -2.920 ns between broncho_video_i/axi_vdma_0/U0/I_PRMRY_DATAMOVER/GEN_S2MM_FULL.I_S2MM_FULL_WRAPPER/I_RESET/sig_cmd_stat_rst_user_reg_n_cdc_from_reg/C (clocked by clk_fpga_0) and broncho_video_i/axi_vdma_0/U0/I_PRMRY_DATAMOVER/GEN_S2MM_FULL.I_S2MM_FULL_WRAPPER/GEN_ENABLE_INDET_BTT_SF.I_INDET_BTT/INCLUDE_PACKING.DO_REG_SLICES[3].lsig_data_slice_reg_reg[3][9]/R (clocked by clk_fpga_0). Large setup violations at the end of those stages might be difficult to fix during the post-placement implementation flow and could be the result of non-optimal XDC constraints or non-optimal design architecture
Related violations: <none>

TIMING-16#697 Warning
Large setup violation  
There is a large setup violation of -2.923 ns between broncho_video_i/clahe_ip_0/inst/u_clahe_ip_axi_lite_inst/u_clahe_ip_addr_decoder_inst/data_reg_axi4_stream_video_0_slave_vporch_1_1_reg[0]/C (clocked by clk_fpga_1) and broncho_video_i/clahe_ip_0/inst/u_clahe_ip_axi4_stream_video_0_slave_inst/u_clahe_ip_clahe_ip_axi4_stream_video_0_slave_clahe_ip_adapter_in/u_clahe_ip_clahe_ip_axi4_stream_video_0_slave_clahe_ip_adapter_in_clahe_ip_adapter_in_module/vlength_1_reg[6]/D (clocked by clk_fpga_0). Large setup violations at the end of those stages might be difficult to fix during the post-placement implementation flow and could be the result of non-optimal XDC constraints or non-optimal design architecture
Related violations: <none>

TIMING-16#698 Warning
Large setup violation  
There is a large setup violation of -2.930 ns between broncho_video_i/clahe_ip_0/inst/u_clahe_ip_axi_lite_inst/u_clahe_ip_addr_decoder_inst/data_reg_axi4_stream_video_0_slave_image_width_1_1_reg[0]/C (clocked by clk_fpga_1) and broncho_video_i/clahe_ip_0/inst/u_clahe_ip_axi4_stream_video_0_slave_inst/u_clahe_ip_clahe_ip_axi4_stream_video_0_slave_clahe_ip_adapter_in/u_clahe_ip_clahe_ip_axi4_stream_video_0_slave_clahe_ip_adapter_in_clahe_ip_adapter_in_module/hlength_1_reg[7]/D (clocked by clk_fpga_0). Large setup violations at the end of those stages might be difficult to fix during the post-placement implementation flow and could be the result of non-optimal XDC constraints or non-optimal design architecture
Related violations: <none>

TIMING-16#699 Warning
Large setup violation  
There is a large setup violation of -2.931 ns between broncho_video_i/axi_vdma_0/U0/I_PRMRY_DATAMOVER/GEN_S2MM_FULL.I_S2MM_FULL_WRAPPER/I_RESET/sig_cmd_stat_rst_user_reg_n_cdc_from_reg/C (clocked by clk_fpga_0) and broncho_video_i/axi_vdma_0/U0/I_PRMRY_DATAMOVER/GEN_S2MM_FULL.I_S2MM_FULL_WRAPPER/GEN_ENABLE_INDET_BTT_SF.I_INDET_BTT/ENABLE_AXIS_SKID.I_INDET_BTT_SKID_BUF/sig_data_reg_out_reg[31]/R (clocked by clk_fpga_0). Large setup violations at the end of those stages might be difficult to fix during the post-placement implementation flow and could be the result of non-optimal XDC constraints or non-optimal design architecture
Related violations: <none>

TIMING-16#700 Warning
Large setup violation  
There is a large setup violation of -2.931 ns between broncho_video_i/axi_vdma_0/U0/I_PRMRY_DATAMOVER/GEN_S2MM_FULL.I_S2MM_FULL_WRAPPER/I_RESET/sig_cmd_stat_rst_user_reg_n_cdc_from_reg/C (clocked by clk_fpga_0) and broncho_video_i/axi_vdma_0/U0/I_PRMRY_DATAMOVER/GEN_S2MM_FULL.I_S2MM_FULL_WRAPPER/GEN_ENABLE_INDET_BTT_SF.I_INDET_BTT/ENABLE_AXIS_SKID.I_INDET_BTT_SKID_BUF/sig_data_reg_out_reg[41]/R (clocked by clk_fpga_0). Large setup violations at the end of those stages might be difficult to fix during the post-placement implementation flow and could be the result of non-optimal XDC constraints or non-optimal design architecture
Related violations: <none>

TIMING-16#701 Warning
Large setup violation  
There is a large setup violation of -2.931 ns between broncho_video_i/axi_vdma_0/U0/I_PRMRY_DATAMOVER/GEN_S2MM_FULL.I_S2MM_FULL_WRAPPER/I_RESET/sig_cmd_stat_rst_user_reg_n_cdc_from_reg/C (clocked by clk_fpga_0) and broncho_video_i/axi_vdma_0/U0/I_PRMRY_DATAMOVER/GEN_S2MM_FULL.I_S2MM_FULL_WRAPPER/GEN_ENABLE_INDET_BTT_SF.I_INDET_BTT/ENABLE_AXIS_SKID.I_INDET_BTT_SKID_BUF/sig_data_reg_out_reg[45]/R (clocked by clk_fpga_0). Large setup violations at the end of those stages might be difficult to fix during the post-placement implementation flow and could be the result of non-optimal XDC constraints or non-optimal design architecture
Related violations: <none>

TIMING-16#702 Warning
Large setup violation  
There is a large setup violation of -2.931 ns between broncho_video_i/axi_vdma_0/U0/I_PRMRY_DATAMOVER/GEN_S2MM_FULL.I_S2MM_FULL_WRAPPER/I_RESET/sig_cmd_stat_rst_user_reg_n_cdc_from_reg/C (clocked by clk_fpga_0) and broncho_video_i/axi_vdma_0/U0/I_PRMRY_DATAMOVER/GEN_S2MM_FULL.I_S2MM_FULL_WRAPPER/GEN_ENABLE_INDET_BTT_SF.I_INDET_BTT/ENABLE_AXIS_SKID.I_INDET_BTT_SKID_BUF/sig_data_reg_out_reg[47]/R (clocked by clk_fpga_0). Large setup violations at the end of those stages might be difficult to fix during the post-placement implementation flow and could be the result of non-optimal XDC constraints or non-optimal design architecture
Related violations: <none>

TIMING-16#703 Warning
Large setup violation  
There is a large setup violation of -2.951 ns between broncho_video_i/clahe_ip_0/inst/u_clahe_ip_axi_lite_inst/u_clahe_ip_addr_decoder_inst/data_reg_axi4_stream_video_0_slave_image_width_1_1_reg[0]/C (clocked by clk_fpga_1) and broncho_video_i/clahe_ip_0/inst/u_clahe_ip_axi4_stream_video_0_slave_inst/u_clahe_ip_clahe_ip_axi4_stream_video_0_slave_clahe_ip_adapter_in/u_clahe_ip_clahe_ip_axi4_stream_video_0_slave_clahe_ip_adapter_in_clahe_ip_adapter_in_module/hlength_1_reg[5]/D (clocked by clk_fpga_0). Large setup violations at the end of those stages might be difficult to fix during the post-placement implementation flow and could be the result of non-optimal XDC constraints or non-optimal design architecture
Related violations: <none>

TIMING-16#704 Warning
Large setup violation  
There is a large setup violation of -2.974 ns between broncho_video_i/axi_vdma_0/U0/I_PRMRY_DATAMOVER/GEN_S2MM_FULL.I_S2MM_FULL_WRAPPER/I_RESET/sig_cmd_stat_rst_user_reg_n_cdc_from_reg/C (clocked by clk_fpga_0) and broncho_video_i/axi_vdma_0/U0/I_PRMRY_DATAMOVER/GEN_S2MM_FULL.I_S2MM_FULL_WRAPPER/GEN_ENABLE_INDET_BTT_SF.I_INDET_BTT/ENABLE_AXIS_SKID.I_INDET_BTT_SKID_BUF/sig_data_reg_out_reg[20]/R (clocked by clk_fpga_0). Large setup violations at the end of those stages might be difficult to fix during the post-placement implementation flow and could be the result of non-optimal XDC constraints or non-optimal design architecture
Related violations: <none>

TIMING-16#705 Warning
Large setup violation  
There is a large setup violation of -2.974 ns between broncho_video_i/axi_vdma_0/U0/I_PRMRY_DATAMOVER/GEN_S2MM_FULL.I_S2MM_FULL_WRAPPER/I_RESET/sig_cmd_stat_rst_user_reg_n_cdc_from_reg/C (clocked by clk_fpga_0) and broncho_video_i/axi_vdma_0/U0/I_PRMRY_DATAMOVER/GEN_S2MM_FULL.I_S2MM_FULL_WRAPPER/GEN_ENABLE_INDET_BTT_SF.I_INDET_BTT/ENABLE_AXIS_SKID.I_INDET_BTT_SKID_BUF/sig_data_reg_out_reg[42]/R (clocked by clk_fpga_0). Large setup violations at the end of those stages might be difficult to fix during the post-placement implementation flow and could be the result of non-optimal XDC constraints or non-optimal design architecture
Related violations: <none>

TIMING-16#706 Warning
Large setup violation  
There is a large setup violation of -2.974 ns between broncho_video_i/axi_vdma_0/U0/I_PRMRY_DATAMOVER/GEN_S2MM_FULL.I_S2MM_FULL_WRAPPER/I_RESET/sig_cmd_stat_rst_user_reg_n_cdc_from_reg/C (clocked by clk_fpga_0) and broncho_video_i/axi_vdma_0/U0/I_PRMRY_DATAMOVER/GEN_S2MM_FULL.I_S2MM_FULL_WRAPPER/GEN_ENABLE_INDET_BTT_SF.I_INDET_BTT/ENABLE_AXIS_SKID.I_INDET_BTT_SKID_BUF/sig_data_reg_out_reg[44]/R (clocked by clk_fpga_0). Large setup violations at the end of those stages might be difficult to fix during the post-placement implementation flow and could be the result of non-optimal XDC constraints or non-optimal design architecture
Related violations: <none>

TIMING-16#707 Warning
Large setup violation  
There is a large setup violation of -2.977 ns between broncho_video_i/axi_vdma_0/U0/I_PRMRY_DATAMOVER/GEN_S2MM_FULL.I_S2MM_FULL_WRAPPER/I_RESET/sig_cmd_stat_rst_user_reg_n_cdc_from_reg/C (clocked by clk_fpga_0) and broncho_video_i/axi_vdma_0/U0/I_PRMRY_DATAMOVER/GEN_S2MM_FULL.I_S2MM_FULL_WRAPPER/GEN_ENABLE_INDET_BTT_SF.I_INDET_BTT/ENABLE_AXIS_SKID.I_INDET_BTT_SKID_BUF/sig_data_skid_reg_reg[1]/R (clocked by clk_fpga_0). Large setup violations at the end of those stages might be difficult to fix during the post-placement implementation flow and could be the result of non-optimal XDC constraints or non-optimal design architecture
Related violations: <none>

TIMING-16#708 Warning
Large setup violation  
There is a large setup violation of -2.977 ns between broncho_video_i/axi_vdma_0/U0/I_PRMRY_DATAMOVER/GEN_S2MM_FULL.I_S2MM_FULL_WRAPPER/I_RESET/sig_cmd_stat_rst_user_reg_n_cdc_from_reg/C (clocked by clk_fpga_0) and broncho_video_i/axi_vdma_0/U0/I_PRMRY_DATAMOVER/GEN_S2MM_FULL.I_S2MM_FULL_WRAPPER/GEN_ENABLE_INDET_BTT_SF.I_INDET_BTT/ENABLE_AXIS_SKID.I_INDET_BTT_SKID_BUF/sig_data_skid_reg_reg[30]/R (clocked by clk_fpga_0). Large setup violations at the end of those stages might be difficult to fix during the post-placement implementation flow and could be the result of non-optimal XDC constraints or non-optimal design architecture
Related violations: <none>

TIMING-16#709 Warning
Large setup violation  
There is a large setup violation of -2.977 ns between broncho_video_i/axi_vdma_0/U0/I_PRMRY_DATAMOVER/GEN_S2MM_FULL.I_S2MM_FULL_WRAPPER/I_RESET/sig_cmd_stat_rst_user_reg_n_cdc_from_reg/C (clocked by clk_fpga_0) and broncho_video_i/axi_vdma_0/U0/I_PRMRY_DATAMOVER/GEN_S2MM_FULL.I_S2MM_FULL_WRAPPER/GEN_ENABLE_INDET_BTT_SF.I_INDET_BTT/ENABLE_AXIS_SKID.I_INDET_BTT_SKID_BUF/sig_data_skid_reg_reg[33]/R (clocked by clk_fpga_0). Large setup violations at the end of those stages might be difficult to fix during the post-placement implementation flow and could be the result of non-optimal XDC constraints or non-optimal design architecture
Related violations: <none>

TIMING-16#710 Warning
Large setup violation  
There is a large setup violation of -2.977 ns between broncho_video_i/axi_vdma_0/U0/I_PRMRY_DATAMOVER/GEN_S2MM_FULL.I_S2MM_FULL_WRAPPER/I_RESET/sig_cmd_stat_rst_user_reg_n_cdc_from_reg/C (clocked by clk_fpga_0) and broncho_video_i/axi_vdma_0/U0/I_PRMRY_DATAMOVER/GEN_S2MM_FULL.I_S2MM_FULL_WRAPPER/GEN_ENABLE_INDET_BTT_SF.I_INDET_BTT/ENABLE_AXIS_SKID.I_INDET_BTT_SKID_BUF/sig_data_skid_reg_reg[42]/R (clocked by clk_fpga_0). Large setup violations at the end of those stages might be difficult to fix during the post-placement implementation flow and could be the result of non-optimal XDC constraints or non-optimal design architecture
Related violations: <none>

TIMING-16#711 Warning
Large setup violation  
There is a large setup violation of -2.977 ns between broncho_video_i/axi_vdma_0/U0/I_PRMRY_DATAMOVER/GEN_S2MM_FULL.I_S2MM_FULL_WRAPPER/I_RESET/sig_cmd_stat_rst_user_reg_n_cdc_from_reg/C (clocked by clk_fpga_0) and broncho_video_i/axi_vdma_0/U0/I_PRMRY_DATAMOVER/GEN_S2MM_FULL.I_S2MM_FULL_WRAPPER/GEN_ENABLE_INDET_BTT_SF.I_INDET_BTT/ENABLE_AXIS_SKID.I_INDET_BTT_SKID_BUF/sig_data_skid_reg_reg[44]/R (clocked by clk_fpga_0). Large setup violations at the end of those stages might be difficult to fix during the post-placement implementation flow and could be the result of non-optimal XDC constraints or non-optimal design architecture
Related violations: <none>

TIMING-16#712 Warning
Large setup violation  
There is a large setup violation of -2.977 ns between broncho_video_i/axi_vdma_0/U0/I_PRMRY_DATAMOVER/GEN_S2MM_FULL.I_S2MM_FULL_WRAPPER/I_RESET/sig_cmd_stat_rst_user_reg_n_cdc_from_reg/C (clocked by clk_fpga_0) and broncho_video_i/axi_vdma_0/U0/I_PRMRY_DATAMOVER/GEN_S2MM_FULL.I_S2MM_FULL_WRAPPER/GEN_ENABLE_INDET_BTT_SF.I_INDET_BTT/ENABLE_AXIS_SKID.I_INDET_BTT_SKID_BUF/sig_data_skid_reg_reg[53]/R (clocked by clk_fpga_0). Large setup violations at the end of those stages might be difficult to fix during the post-placement implementation flow and could be the result of non-optimal XDC constraints or non-optimal design architecture
Related violations: <none>

TIMING-16#713 Warning
Large setup violation  
There is a large setup violation of -2.991 ns between broncho_video_i/axi_vdma_0/U0/I_PRMRY_DATAMOVER/GEN_S2MM_FULL.I_S2MM_FULL_WRAPPER/I_RESET/sig_cmd_stat_rst_user_reg_n_cdc_from_reg/C (clocked by clk_fpga_0) and broncho_video_i/axi_vdma_0/U0/I_PRMRY_DATAMOVER/GEN_S2MM_FULL.I_S2MM_FULL_WRAPPER/GEN_ENABLE_INDET_BTT_SF.I_INDET_BTT/ENABLE_AXIS_SKID.I_INDET_BTT_SKID_BUF/sig_data_reg_out_reg[12]/R (clocked by clk_fpga_0). Large setup violations at the end of those stages might be difficult to fix during the post-placement implementation flow and could be the result of non-optimal XDC constraints or non-optimal design architecture
Related violations: <none>

TIMING-16#714 Warning
Large setup violation  
There is a large setup violation of -2.991 ns between broncho_video_i/axi_vdma_0/U0/I_PRMRY_DATAMOVER/GEN_S2MM_FULL.I_S2MM_FULL_WRAPPER/I_RESET/sig_cmd_stat_rst_user_reg_n_cdc_from_reg/C (clocked by clk_fpga_0) and broncho_video_i/axi_vdma_0/U0/I_PRMRY_DATAMOVER/GEN_S2MM_FULL.I_S2MM_FULL_WRAPPER/GEN_ENABLE_INDET_BTT_SF.I_INDET_BTT/ENABLE_AXIS_SKID.I_INDET_BTT_SKID_BUF/sig_data_reg_out_reg[22]/R (clocked by clk_fpga_0). Large setup violations at the end of those stages might be difficult to fix during the post-placement implementation flow and could be the result of non-optimal XDC constraints or non-optimal design architecture
Related violations: <none>

TIMING-16#715 Warning
Large setup violation  
There is a large setup violation of -2.991 ns between broncho_video_i/axi_vdma_0/U0/I_PRMRY_DATAMOVER/GEN_S2MM_FULL.I_S2MM_FULL_WRAPPER/I_RESET/sig_cmd_stat_rst_user_reg_n_cdc_from_reg/C (clocked by clk_fpga_0) and broncho_video_i/axi_vdma_0/U0/I_PRMRY_DATAMOVER/GEN_S2MM_FULL.I_S2MM_FULL_WRAPPER/GEN_ENABLE_INDET_BTT_SF.I_INDET_BTT/ENABLE_AXIS_SKID.I_INDET_BTT_SKID_BUF/sig_data_reg_out_reg[32]/R (clocked by clk_fpga_0). Large setup violations at the end of those stages might be difficult to fix during the post-placement implementation flow and could be the result of non-optimal XDC constraints or non-optimal design architecture
Related violations: <none>

TIMING-16#716 Warning
Large setup violation  
There is a large setup violation of -2.991 ns between broncho_video_i/axi_vdma_0/U0/I_PRMRY_DATAMOVER/GEN_S2MM_FULL.I_S2MM_FULL_WRAPPER/I_RESET/sig_cmd_stat_rst_user_reg_n_cdc_from_reg/C (clocked by clk_fpga_0) and broncho_video_i/axi_vdma_0/U0/I_PRMRY_DATAMOVER/GEN_S2MM_FULL.I_S2MM_FULL_WRAPPER/GEN_ENABLE_INDET_BTT_SF.I_INDET_BTT/ENABLE_AXIS_SKID.I_INDET_BTT_SKID_BUF/sig_data_reg_out_reg[38]/R (clocked by clk_fpga_0). Large setup violations at the end of those stages might be difficult to fix during the post-placement implementation flow and could be the result of non-optimal XDC constraints or non-optimal design architecture
Related violations: <none>

TIMING-16#717 Warning
Large setup violation  
There is a large setup violation of -2.991 ns between broncho_video_i/axi_vdma_0/U0/I_PRMRY_DATAMOVER/GEN_S2MM_FULL.I_S2MM_FULL_WRAPPER/I_RESET/sig_cmd_stat_rst_user_reg_n_cdc_from_reg/C (clocked by clk_fpga_0) and broncho_video_i/axi_vdma_0/U0/I_PRMRY_DATAMOVER/GEN_S2MM_FULL.I_S2MM_FULL_WRAPPER/GEN_ENABLE_INDET_BTT_SF.I_INDET_BTT/INCLUDE_PACKING.DO_REG_SLICES[0].lsig_data_slice_reg_reg[0][1]/R (clocked by clk_fpga_0). Large setup violations at the end of those stages might be difficult to fix during the post-placement implementation flow and could be the result of non-optimal XDC constraints or non-optimal design architecture
Related violations: <none>

TIMING-16#718 Warning
Large setup violation  
There is a large setup violation of -2.991 ns between broncho_video_i/axi_vdma_0/U0/I_PRMRY_DATAMOVER/GEN_S2MM_FULL.I_S2MM_FULL_WRAPPER/I_RESET/sig_cmd_stat_rst_user_reg_n_cdc_from_reg/C (clocked by clk_fpga_0) and broncho_video_i/axi_vdma_0/U0/I_PRMRY_DATAMOVER/GEN_S2MM_FULL.I_S2MM_FULL_WRAPPER/GEN_ENABLE_INDET_BTT_SF.I_INDET_BTT/INCLUDE_PACKING.DO_REG_SLICES[0].lsig_data_slice_reg_reg[0][8]/R (clocked by clk_fpga_0). Large setup violations at the end of those stages might be difficult to fix during the post-placement implementation flow and could be the result of non-optimal XDC constraints or non-optimal design architecture
Related violations: <none>

TIMING-16#719 Warning
Large setup violation  
There is a large setup violation of -2.997 ns between broncho_video_i/axi_vdma_0/U0/I_PRMRY_DATAMOVER/GEN_S2MM_FULL.I_S2MM_FULL_WRAPPER/I_RESET/sig_cmd_stat_rst_user_reg_n_cdc_from_reg/C (clocked by clk_fpga_0) and broncho_video_i/axi_vdma_0/U0/I_PRMRY_DATAMOVER/GEN_S2MM_FULL.I_S2MM_FULL_WRAPPER/GEN_ENABLE_INDET_BTT_SF.I_INDET_BTT/ENABLE_AXIS_SKID.I_INDET_BTT_SKID_BUF/sig_data_reg_out_reg[23]/R (clocked by clk_fpga_0). Large setup violations at the end of those stages might be difficult to fix during the post-placement implementation flow and could be the result of non-optimal XDC constraints or non-optimal design architecture
Related violations: <none>

TIMING-16#720 Warning
Large setup violation  
There is a large setup violation of -2.997 ns between broncho_video_i/axi_vdma_0/U0/I_PRMRY_DATAMOVER/GEN_S2MM_FULL.I_S2MM_FULL_WRAPPER/I_RESET/sig_cmd_stat_rst_user_reg_n_cdc_from_reg/C (clocked by clk_fpga_0) and broncho_video_i/axi_vdma_0/U0/I_PRMRY_DATAMOVER/GEN_S2MM_FULL.I_S2MM_FULL_WRAPPER/GEN_ENABLE_INDET_BTT_SF.I_INDET_BTT/ENABLE_AXIS_SKID.I_INDET_BTT_SKID_BUF/sig_data_reg_out_reg[26]/R (clocked by clk_fpga_0). Large setup violations at the end of those stages might be difficult to fix during the post-placement implementation flow and could be the result of non-optimal XDC constraints or non-optimal design architecture
Related violations: <none>

TIMING-16#721 Warning
Large setup violation  
There is a large setup violation of -2.997 ns between broncho_video_i/axi_vdma_0/U0/I_PRMRY_DATAMOVER/GEN_S2MM_FULL.I_S2MM_FULL_WRAPPER/I_RESET/sig_cmd_stat_rst_user_reg_n_cdc_from_reg/C (clocked by clk_fpga_0) and broncho_video_i/axi_vdma_0/U0/I_PRMRY_DATAMOVER/GEN_S2MM_FULL.I_S2MM_FULL_WRAPPER/GEN_ENABLE_INDET_BTT_SF.I_INDET_BTT/ENABLE_AXIS_SKID.I_INDET_BTT_SKID_BUF/sig_data_reg_out_reg[27]/R (clocked by clk_fpga_0). Large setup violations at the end of those stages might be difficult to fix during the post-placement implementation flow and could be the result of non-optimal XDC constraints or non-optimal design architecture
Related violations: <none>

TIMING-16#722 Warning
Large setup violation  
There is a large setup violation of -2.997 ns between broncho_video_i/axi_vdma_0/U0/I_PRMRY_DATAMOVER/GEN_S2MM_FULL.I_S2MM_FULL_WRAPPER/I_RESET/sig_cmd_stat_rst_user_reg_n_cdc_from_reg/C (clocked by clk_fpga_0) and broncho_video_i/axi_vdma_0/U0/I_PRMRY_DATAMOVER/GEN_S2MM_FULL.I_S2MM_FULL_WRAPPER/GEN_ENABLE_INDET_BTT_SF.I_INDET_BTT/ENABLE_AXIS_SKID.I_INDET_BTT_SKID_BUF/sig_data_reg_out_reg[40]/R (clocked by clk_fpga_0). Large setup violations at the end of those stages might be difficult to fix during the post-placement implementation flow and could be the result of non-optimal XDC constraints or non-optimal design architecture
Related violations: <none>

TIMING-16#723 Warning
Large setup violation  
There is a large setup violation of -2.997 ns between broncho_video_i/axi_vdma_0/U0/I_PRMRY_DATAMOVER/GEN_S2MM_FULL.I_S2MM_FULL_WRAPPER/I_RESET/sig_cmd_stat_rst_user_reg_n_cdc_from_reg/C (clocked by clk_fpga_0) and broncho_video_i/axi_vdma_0/U0/I_PRMRY_DATAMOVER/GEN_S2MM_FULL.I_S2MM_FULL_WRAPPER/GEN_ENABLE_INDET_BTT_SF.I_INDET_BTT/INCLUDE_PACKING.DO_REG_SLICES[3].lsig_data_slice_reg_reg[3][10]/R (clocked by clk_fpga_0). Large setup violations at the end of those stages might be difficult to fix during the post-placement implementation flow and could be the result of non-optimal XDC constraints or non-optimal design architecture
Related violations: <none>

TIMING-16#724 Warning
Large setup violation  
There is a large setup violation of -2.997 ns between broncho_video_i/axi_vdma_0/U0/I_PRMRY_DATAMOVER/GEN_S2MM_FULL.I_S2MM_FULL_WRAPPER/I_RESET/sig_cmd_stat_rst_user_reg_n_cdc_from_reg/C (clocked by clk_fpga_0) and broncho_video_i/axi_vdma_0/U0/I_PRMRY_DATAMOVER/GEN_S2MM_FULL.I_S2MM_FULL_WRAPPER/GEN_ENABLE_INDET_BTT_SF.I_INDET_BTT/INCLUDE_PACKING.DO_REG_SLICES[3].lsig_data_slice_reg_reg[3][11]/R (clocked by clk_fpga_0). Large setup violations at the end of those stages might be difficult to fix during the post-placement implementation flow and could be the result of non-optimal XDC constraints or non-optimal design architecture
Related violations: <none>

TIMING-16#725 Warning
Large setup violation  
There is a large setup violation of -2.997 ns between broncho_video_i/axi_vdma_0/U0/I_PRMRY_DATAMOVER/GEN_S2MM_FULL.I_S2MM_FULL_WRAPPER/I_RESET/sig_cmd_stat_rst_user_reg_n_cdc_from_reg/C (clocked by clk_fpga_0) and broncho_video_i/axi_vdma_0/U0/I_PRMRY_DATAMOVER/GEN_S2MM_FULL.I_S2MM_FULL_WRAPPER/GEN_ENABLE_INDET_BTT_SF.I_INDET_BTT/INCLUDE_PACKING.DO_REG_SLICES[3].lsig_data_slice_reg_reg[3][12]/R (clocked by clk_fpga_0). Large setup violations at the end of those stages might be difficult to fix during the post-placement implementation flow and could be the result of non-optimal XDC constraints or non-optimal design architecture
Related violations: <none>

TIMING-16#726 Warning
Large setup violation  
There is a large setup violation of -2.997 ns between broncho_video_i/axi_vdma_0/U0/I_PRMRY_DATAMOVER/GEN_S2MM_FULL.I_S2MM_FULL_WRAPPER/I_RESET/sig_cmd_stat_rst_user_reg_n_cdc_from_reg/C (clocked by clk_fpga_0) and broncho_video_i/axi_vdma_0/U0/I_PRMRY_DATAMOVER/GEN_S2MM_FULL.I_S2MM_FULL_WRAPPER/GEN_ENABLE_INDET_BTT_SF.I_INDET_BTT/INCLUDE_PACKING.DO_REG_SLICES[3].lsig_data_slice_reg_reg[3][13]/R (clocked by clk_fpga_0). Large setup violations at the end of those stages might be difficult to fix during the post-placement implementation flow and could be the result of non-optimal XDC constraints or non-optimal design architecture
Related violations: <none>

TIMING-16#727 Warning
Large setup violation  
There is a large setup violation of -2.997 ns between broncho_video_i/axi_vdma_0/U0/I_PRMRY_DATAMOVER/GEN_S2MM_FULL.I_S2MM_FULL_WRAPPER/I_RESET/sig_cmd_stat_rst_user_reg_n_cdc_from_reg/C (clocked by clk_fpga_0) and broncho_video_i/axi_vdma_0/U0/I_PRMRY_DATAMOVER/GEN_S2MM_FULL.I_S2MM_FULL_WRAPPER/GEN_ENABLE_INDET_BTT_SF.I_INDET_BTT/INCLUDE_PACKING.DO_REG_SLICES[3].lsig_data_slice_reg_reg[3][1]/R (clocked by clk_fpga_0). Large setup violations at the end of those stages might be difficult to fix during the post-placement implementation flow and could be the result of non-optimal XDC constraints or non-optimal design architecture
Related violations: <none>

TIMING-16#728 Warning
Large setup violation  
There is a large setup violation of -2.997 ns between broncho_video_i/axi_vdma_0/U0/I_PRMRY_DATAMOVER/GEN_S2MM_FULL.I_S2MM_FULL_WRAPPER/I_RESET/sig_cmd_stat_rst_user_reg_n_cdc_from_reg/C (clocked by clk_fpga_0) and broncho_video_i/axi_vdma_0/U0/I_PRMRY_DATAMOVER/GEN_S2MM_FULL.I_S2MM_FULL_WRAPPER/GEN_ENABLE_INDET_BTT_SF.I_INDET_BTT/INCLUDE_PACKING.DO_REG_SLICES[3].lsig_data_slice_reg_reg[3][2]/R (clocked by clk_fpga_0). Large setup violations at the end of those stages might be difficult to fix during the post-placement implementation flow and could be the result of non-optimal XDC constraints or non-optimal design architecture
Related violations: <none>

TIMING-16#729 Warning
Large setup violation  
There is a large setup violation of -2.997 ns between broncho_video_i/axi_vdma_0/U0/I_PRMRY_DATAMOVER/GEN_S2MM_FULL.I_S2MM_FULL_WRAPPER/I_RESET/sig_cmd_stat_rst_user_reg_n_cdc_from_reg/C (clocked by clk_fpga_0) and broncho_video_i/axi_vdma_0/U0/I_PRMRY_DATAMOVER/GEN_S2MM_FULL.I_S2MM_FULL_WRAPPER/GEN_ENABLE_INDET_BTT_SF.I_INDET_BTT/INCLUDE_PACKING.DO_REG_SLICES[3].lsig_data_slice_reg_reg[3][6]/R (clocked by clk_fpga_0). Large setup violations at the end of those stages might be difficult to fix during the post-placement implementation flow and could be the result of non-optimal XDC constraints or non-optimal design architecture
Related violations: <none>

TIMING-16#730 Warning
Large setup violation  
There is a large setup violation of -2.997 ns between broncho_video_i/axi_vdma_0/U0/I_PRMRY_DATAMOVER/GEN_S2MM_FULL.I_S2MM_FULL_WRAPPER/I_RESET/sig_cmd_stat_rst_user_reg_n_cdc_from_reg/C (clocked by clk_fpga_0) and broncho_video_i/axi_vdma_0/U0/I_PRMRY_DATAMOVER/GEN_S2MM_FULL.I_S2MM_FULL_WRAPPER/GEN_ENABLE_INDET_BTT_SF.I_INDET_BTT/INCLUDE_PACKING.DO_REG_SLICES[3].lsig_data_slice_reg_reg[3][8]/R (clocked by clk_fpga_0). Large setup violations at the end of those stages might be difficult to fix during the post-placement implementation flow and could be the result of non-optimal XDC constraints or non-optimal design architecture
Related violations: <none>

TIMING-16#731 Warning
Large setup violation  
There is a large setup violation of -2.999 ns between broncho_video_i/clahe_ip_0/inst/u_clahe_ip_axi_lite_inst/u_clahe_ip_addr_decoder_inst/data_reg_axi4_stream_video_0_slave_vporch_1_1_reg[0]/C (clocked by clk_fpga_1) and broncho_video_i/clahe_ip_0/inst/u_clahe_ip_axi4_stream_video_0_slave_inst/u_clahe_ip_clahe_ip_axi4_stream_video_0_slave_clahe_ip_adapter_in/u_clahe_ip_clahe_ip_axi4_stream_video_0_slave_clahe_ip_adapter_in_clahe_ip_adapter_in_module/vlength_1_reg[7]/D (clocked by clk_fpga_0). Large setup violations at the end of those stages might be difficult to fix during the post-placement implementation flow and could be the result of non-optimal XDC constraints or non-optimal design architecture
Related violations: <none>

TIMING-16#732 Warning
Large setup violation  
There is a large setup violation of -3.001 ns between broncho_video_i/clahe_ip_0/inst/u_clahe_ip_axi_lite_inst/u_clahe_ip_addr_decoder_inst/data_reg_axi_enable_1_1_reg_replica_4/C (clocked by clk_fpga_1) and broncho_video_i/clahe_ip_0/inst/u_clahe_ip_dut_inst/u_clahe_ip_src_CLAHE/u_AXI4_Master_Write_Controller/line_count_reg[22]/CE (clocked by clk_fpga_0). Large setup violations at the end of those stages might be difficult to fix during the post-placement implementation flow and could be the result of non-optimal XDC constraints or non-optimal design architecture
Related violations: <none>

TIMING-16#733 Warning
Large setup violation  
There is a large setup violation of -3.001 ns between broncho_video_i/clahe_ip_0/inst/u_clahe_ip_axi_lite_inst/u_clahe_ip_addr_decoder_inst/data_reg_axi_enable_1_1_reg_replica_4/C (clocked by clk_fpga_1) and broncho_video_i/clahe_ip_0/inst/u_clahe_ip_dut_inst/u_clahe_ip_src_CLAHE/u_AXI4_Master_Write_Controller/line_count_reg[23]/CE (clocked by clk_fpga_0). Large setup violations at the end of those stages might be difficult to fix during the post-placement implementation flow and could be the result of non-optimal XDC constraints or non-optimal design architecture
Related violations: <none>

TIMING-16#734 Warning
Large setup violation  
There is a large setup violation of -3.001 ns between broncho_video_i/clahe_ip_0/inst/u_clahe_ip_axi_lite_inst/u_clahe_ip_addr_decoder_inst/data_reg_axi_enable_1_1_reg_replica_4/C (clocked by clk_fpga_1) and broncho_video_i/clahe_ip_0/inst/u_clahe_ip_dut_inst/u_clahe_ip_src_CLAHE/u_AXI4_Master_Write_Controller/line_count_reg[24]/CE (clocked by clk_fpga_0). Large setup violations at the end of those stages might be difficult to fix during the post-placement implementation flow and could be the result of non-optimal XDC constraints or non-optimal design architecture
Related violations: <none>

TIMING-16#735 Warning
Large setup violation  
There is a large setup violation of -3.001 ns between broncho_video_i/clahe_ip_0/inst/u_clahe_ip_axi_lite_inst/u_clahe_ip_addr_decoder_inst/data_reg_axi_enable_1_1_reg_replica_4/C (clocked by clk_fpga_1) and broncho_video_i/clahe_ip_0/inst/u_clahe_ip_dut_inst/u_clahe_ip_src_CLAHE/u_AXI4_Master_Write_Controller/line_count_reg[25]/CE (clocked by clk_fpga_0). Large setup violations at the end of those stages might be difficult to fix during the post-placement implementation flow and could be the result of non-optimal XDC constraints or non-optimal design architecture
Related violations: <none>

TIMING-16#736 Warning
Large setup violation  
There is a large setup violation of -3.001 ns between broncho_video_i/clahe_ip_0/inst/u_clahe_ip_axi_lite_inst/u_clahe_ip_addr_decoder_inst/data_reg_axi_enable_1_1_reg_replica_4/C (clocked by clk_fpga_1) and broncho_video_i/clahe_ip_0/inst/u_clahe_ip_dut_inst/u_clahe_ip_src_CLAHE/u_AXI4_Master_Write_Controller/line_count_reg[26]/CE (clocked by clk_fpga_0). Large setup violations at the end of those stages might be difficult to fix during the post-placement implementation flow and could be the result of non-optimal XDC constraints or non-optimal design architecture
Related violations: <none>

TIMING-16#737 Warning
Large setup violation  
There is a large setup violation of -3.001 ns between broncho_video_i/clahe_ip_0/inst/u_clahe_ip_axi_lite_inst/u_clahe_ip_addr_decoder_inst/data_reg_axi_enable_1_1_reg_replica_4/C (clocked by clk_fpga_1) and broncho_video_i/clahe_ip_0/inst/u_clahe_ip_dut_inst/u_clahe_ip_src_CLAHE/u_AXI4_Master_Write_Controller/line_count_reg[27]/CE (clocked by clk_fpga_0). Large setup violations at the end of those stages might be difficult to fix during the post-placement implementation flow and could be the result of non-optimal XDC constraints or non-optimal design architecture
Related violations: <none>

TIMING-16#738 Warning
Large setup violation  
There is a large setup violation of -3.007 ns between broncho_video_i/clahe_ip_0/inst/u_clahe_ip_axi_lite_inst/u_clahe_ip_addr_decoder_inst/data_reg_axi4_stream_video_0_slave_vporch_1_1_reg[0]/C (clocked by clk_fpga_1) and broncho_video_i/clahe_ip_0/inst/u_clahe_ip_axi4_stream_video_0_slave_inst/u_clahe_ip_clahe_ip_axi4_stream_video_0_slave_clahe_ip_adapter_in/u_clahe_ip_clahe_ip_axi4_stream_video_0_slave_clahe_ip_adapter_in_clahe_ip_adapter_in_module/vlength_1_reg[5]/D (clocked by clk_fpga_0). Large setup violations at the end of those stages might be difficult to fix during the post-placement implementation flow and could be the result of non-optimal XDC constraints or non-optimal design architecture
Related violations: <none>

TIMING-16#739 Warning
Large setup violation  
There is a large setup violation of -3.007 ns between broncho_video_i/clahe_ip_0/inst/u_clahe_ip_axi_lite_inst/u_clahe_ip_addr_decoder_inst/data_reg_axi_enable_1_1_reg_replica_4/C (clocked by clk_fpga_1) and broncho_video_i/clahe_ip_0/inst/u_clahe_ip_dut_inst/u_clahe_ip_src_CLAHE/u_AXI4_Master_Write_Controller/line_count_reg[10]/CE (clocked by clk_fpga_0). Large setup violations at the end of those stages might be difficult to fix during the post-placement implementation flow and could be the result of non-optimal XDC constraints or non-optimal design architecture
Related violations: <none>

TIMING-16#740 Warning
Large setup violation  
There is a large setup violation of -3.007 ns between broncho_video_i/clahe_ip_0/inst/u_clahe_ip_axi_lite_inst/u_clahe_ip_addr_decoder_inst/data_reg_axi_enable_1_1_reg_replica_4/C (clocked by clk_fpga_1) and broncho_video_i/clahe_ip_0/inst/u_clahe_ip_dut_inst/u_clahe_ip_src_CLAHE/u_AXI4_Master_Write_Controller/line_count_reg[11]/CE (clocked by clk_fpga_0). Large setup violations at the end of those stages might be difficult to fix during the post-placement implementation flow and could be the result of non-optimal XDC constraints or non-optimal design architecture
Related violations: <none>

TIMING-16#741 Warning
Large setup violation  
There is a large setup violation of -3.007 ns between broncho_video_i/clahe_ip_0/inst/u_clahe_ip_axi_lite_inst/u_clahe_ip_addr_decoder_inst/data_reg_axi_enable_1_1_reg_replica_4/C (clocked by clk_fpga_1) and broncho_video_i/clahe_ip_0/inst/u_clahe_ip_dut_inst/u_clahe_ip_src_CLAHE/u_AXI4_Master_Write_Controller/line_count_reg[12]/CE (clocked by clk_fpga_0). Large setup violations at the end of those stages might be difficult to fix during the post-placement implementation flow and could be the result of non-optimal XDC constraints or non-optimal design architecture
Related violations: <none>

TIMING-16#742 Warning
Large setup violation  
There is a large setup violation of -3.007 ns between broncho_video_i/clahe_ip_0/inst/u_clahe_ip_axi_lite_inst/u_clahe_ip_addr_decoder_inst/data_reg_axi_enable_1_1_reg_replica_4/C (clocked by clk_fpga_1) and broncho_video_i/clahe_ip_0/inst/u_clahe_ip_dut_inst/u_clahe_ip_src_CLAHE/u_AXI4_Master_Write_Controller/line_count_reg[13]/CE (clocked by clk_fpga_0). Large setup violations at the end of those stages might be difficult to fix during the post-placement implementation flow and could be the result of non-optimal XDC constraints or non-optimal design architecture
Related violations: <none>

TIMING-16#743 Warning
Large setup violation  
There is a large setup violation of -3.017 ns between broncho_video_i/axi_vdma_0/U0/I_PRMRY_DATAMOVER/GEN_S2MM_FULL.I_S2MM_FULL_WRAPPER/I_RESET/sig_cmd_stat_rst_user_reg_n_cdc_from_reg/C (clocked by clk_fpga_0) and broncho_video_i/axi_vdma_0/U0/I_PRMRY_DATAMOVER/GEN_S2MM_FULL.I_S2MM_FULL_WRAPPER/GEN_ENABLE_INDET_BTT_SF.I_INDET_BTT/ENABLE_AXIS_SKID.I_INDET_BTT_SKID_BUF/sig_data_reg_out_reg[36]/R (clocked by clk_fpga_0). Large setup violations at the end of those stages might be difficult to fix during the post-placement implementation flow and could be the result of non-optimal XDC constraints or non-optimal design architecture
Related violations: <none>

TIMING-16#744 Warning
Large setup violation  
There is a large setup violation of -3.017 ns between broncho_video_i/axi_vdma_0/U0/I_PRMRY_DATAMOVER/GEN_S2MM_FULL.I_S2MM_FULL_WRAPPER/I_RESET/sig_cmd_stat_rst_user_reg_n_cdc_from_reg/C (clocked by clk_fpga_0) and broncho_video_i/axi_vdma_0/U0/I_PRMRY_DATAMOVER/GEN_S2MM_FULL.I_S2MM_FULL_WRAPPER/GEN_ENABLE_INDET_BTT_SF.I_INDET_BTT/ENABLE_AXIS_SKID.I_INDET_BTT_SKID_BUF/sig_data_reg_out_reg[48]/R (clocked by clk_fpga_0). Large setup violations at the end of those stages might be difficult to fix during the post-placement implementation flow and could be the result of non-optimal XDC constraints or non-optimal design architecture
Related violations: <none>

TIMING-16#745 Warning
Large setup violation  
There is a large setup violation of -3.017 ns between broncho_video_i/axi_vdma_0/U0/I_PRMRY_DATAMOVER/GEN_S2MM_FULL.I_S2MM_FULL_WRAPPER/I_RESET/sig_cmd_stat_rst_user_reg_n_cdc_from_reg/C (clocked by clk_fpga_0) and broncho_video_i/axi_vdma_0/U0/I_PRMRY_DATAMOVER/GEN_S2MM_FULL.I_S2MM_FULL_WRAPPER/GEN_ENABLE_INDET_BTT_SF.I_INDET_BTT/ENABLE_AXIS_SKID.I_INDET_BTT_SKID_BUF/sig_data_reg_out_reg[50]/R (clocked by clk_fpga_0). Large setup violations at the end of those stages might be difficult to fix during the post-placement implementation flow and could be the result of non-optimal XDC constraints or non-optimal design architecture
Related violations: <none>

TIMING-16#746 Warning
Large setup violation  
There is a large setup violation of -3.017 ns between broncho_video_i/axi_vdma_0/U0/I_PRMRY_DATAMOVER/GEN_S2MM_FULL.I_S2MM_FULL_WRAPPER/I_RESET/sig_cmd_stat_rst_user_reg_n_cdc_from_reg/C (clocked by clk_fpga_0) and broncho_video_i/axi_vdma_0/U0/I_PRMRY_DATAMOVER/GEN_S2MM_FULL.I_S2MM_FULL_WRAPPER/GEN_ENABLE_INDET_BTT_SF.I_INDET_BTT/ENABLE_AXIS_SKID.I_INDET_BTT_SKID_BUF/sig_data_reg_out_reg[52]/R (clocked by clk_fpga_0). Large setup violations at the end of those stages might be difficult to fix during the post-placement implementation flow and could be the result of non-optimal XDC constraints or non-optimal design architecture
Related violations: <none>

TIMING-16#747 Warning
Large setup violation  
There is a large setup violation of -3.018 ns between broncho_video_i/clahe_ip_0/inst/u_clahe_ip_axi_lite_inst/u_clahe_ip_addr_decoder_inst/data_reg_axi_enable_1_1_reg_replica_4/C (clocked by clk_fpga_1) and broncho_video_i/clahe_ip_0/inst/u_clahe_ip_dut_inst/u_clahe_ip_src_CLAHE/u_AXI4_Master_Write_Controller/line_count_reg[14]/CE (clocked by clk_fpga_0). Large setup violations at the end of those stages might be difficult to fix during the post-placement implementation flow and could be the result of non-optimal XDC constraints or non-optimal design architecture
Related violations: <none>

TIMING-16#748 Warning
Large setup violation  
There is a large setup violation of -3.018 ns between broncho_video_i/clahe_ip_0/inst/u_clahe_ip_axi_lite_inst/u_clahe_ip_addr_decoder_inst/data_reg_axi_enable_1_1_reg_replica_4/C (clocked by clk_fpga_1) and broncho_video_i/clahe_ip_0/inst/u_clahe_ip_dut_inst/u_clahe_ip_src_CLAHE/u_AXI4_Master_Write_Controller/line_count_reg[15]/CE (clocked by clk_fpga_0). Large setup violations at the end of those stages might be difficult to fix during the post-placement implementation flow and could be the result of non-optimal XDC constraints or non-optimal design architecture
Related violations: <none>

TIMING-16#749 Warning
Large setup violation  
There is a large setup violation of -3.018 ns between broncho_video_i/clahe_ip_0/inst/u_clahe_ip_axi_lite_inst/u_clahe_ip_addr_decoder_inst/data_reg_axi_enable_1_1_reg_replica_4/C (clocked by clk_fpga_1) and broncho_video_i/clahe_ip_0/inst/u_clahe_ip_dut_inst/u_clahe_ip_src_CLAHE/u_AXI4_Master_Write_Controller/line_count_reg[16]/CE (clocked by clk_fpga_0). Large setup violations at the end of those stages might be difficult to fix during the post-placement implementation flow and could be the result of non-optimal XDC constraints or non-optimal design architecture
Related violations: <none>

TIMING-16#750 Warning
Large setup violation  
There is a large setup violation of -3.018 ns between broncho_video_i/clahe_ip_0/inst/u_clahe_ip_axi_lite_inst/u_clahe_ip_addr_decoder_inst/data_reg_axi_enable_1_1_reg_replica_4/C (clocked by clk_fpga_1) and broncho_video_i/clahe_ip_0/inst/u_clahe_ip_dut_inst/u_clahe_ip_src_CLAHE/u_AXI4_Master_Write_Controller/line_count_reg[17]/CE (clocked by clk_fpga_0). Large setup violations at the end of those stages might be difficult to fix during the post-placement implementation flow and could be the result of non-optimal XDC constraints or non-optimal design architecture
Related violations: <none>

TIMING-16#751 Warning
Large setup violation  
There is a large setup violation of -3.018 ns between broncho_video_i/clahe_ip_0/inst/u_clahe_ip_axi_lite_inst/u_clahe_ip_addr_decoder_inst/data_reg_axi_enable_1_1_reg_replica_4/C (clocked by clk_fpga_1) and broncho_video_i/clahe_ip_0/inst/u_clahe_ip_dut_inst/u_clahe_ip_src_CLAHE/u_AXI4_Master_Write_Controller/line_count_reg[18]/CE (clocked by clk_fpga_0). Large setup violations at the end of those stages might be difficult to fix during the post-placement implementation flow and could be the result of non-optimal XDC constraints or non-optimal design architecture
Related violations: <none>

TIMING-16#752 Warning
Large setup violation  
There is a large setup violation of -3.018 ns between broncho_video_i/clahe_ip_0/inst/u_clahe_ip_axi_lite_inst/u_clahe_ip_addr_decoder_inst/data_reg_axi_enable_1_1_reg_replica_4/C (clocked by clk_fpga_1) and broncho_video_i/clahe_ip_0/inst/u_clahe_ip_dut_inst/u_clahe_ip_src_CLAHE/u_AXI4_Master_Write_Controller/line_count_reg[19]/CE (clocked by clk_fpga_0). Large setup violations at the end of those stages might be difficult to fix during the post-placement implementation flow and could be the result of non-optimal XDC constraints or non-optimal design architecture
Related violations: <none>

TIMING-16#753 Warning
Large setup violation  
There is a large setup violation of -3.018 ns between broncho_video_i/clahe_ip_0/inst/u_clahe_ip_axi_lite_inst/u_clahe_ip_addr_decoder_inst/data_reg_axi_enable_1_1_reg_replica_4/C (clocked by clk_fpga_1) and broncho_video_i/clahe_ip_0/inst/u_clahe_ip_dut_inst/u_clahe_ip_src_CLAHE/u_AXI4_Master_Write_Controller/line_count_reg[20]/CE (clocked by clk_fpga_0). Large setup violations at the end of those stages might be difficult to fix during the post-placement implementation flow and could be the result of non-optimal XDC constraints or non-optimal design architecture
Related violations: <none>

TIMING-16#754 Warning
Large setup violation  
There is a large setup violation of -3.018 ns between broncho_video_i/clahe_ip_0/inst/u_clahe_ip_axi_lite_inst/u_clahe_ip_addr_decoder_inst/data_reg_axi_enable_1_1_reg_replica_4/C (clocked by clk_fpga_1) and broncho_video_i/clahe_ip_0/inst/u_clahe_ip_dut_inst/u_clahe_ip_src_CLAHE/u_AXI4_Master_Write_Controller/line_count_reg[21]/CE (clocked by clk_fpga_0). Large setup violations at the end of those stages might be difficult to fix during the post-placement implementation flow and could be the result of non-optimal XDC constraints or non-optimal design architecture
Related violations: <none>

TIMING-16#755 Warning
Large setup violation  
There is a large setup violation of -3.020 ns between broncho_video_i/clahe_ip_0/inst/u_clahe_ip_axi_lite_inst/u_clahe_ip_addr_decoder_inst/data_reg_axi4_stream_video_0_slave_vporch_1_1_reg[0]/C (clocked by clk_fpga_1) and broncho_video_i/clahe_ip_0/inst/u_clahe_ip_axi4_stream_video_0_slave_inst/u_clahe_ip_clahe_ip_axi4_stream_video_0_slave_clahe_ip_adapter_in/u_clahe_ip_clahe_ip_axi4_stream_video_0_slave_clahe_ip_adapter_in_clahe_ip_adapter_in_module/vlength_1_reg[8]/D (clocked by clk_fpga_0). Large setup violations at the end of those stages might be difficult to fix during the post-placement implementation flow and could be the result of non-optimal XDC constraints or non-optimal design architecture
Related violations: <none>

TIMING-16#756 Warning
Large setup violation  
There is a large setup violation of -3.028 ns between broncho_video_i/clahe_ip_0/inst/u_clahe_ip_axi_lite_inst/u_clahe_ip_addr_decoder_inst/data_reg_axi4_stream_video_0_slave_image_width_1_1_reg[6]/C (clocked by clk_fpga_1) and broncho_video_i/clahe_ip_0/inst/u_clahe_ip_axi4_stream_video_0_slave_inst/u_clahe_ip_clahe_ip_axi4_stream_video_0_slave_clahe_ip_adapter_in/u_clahe_ip_clahe_ip_axi4_stream_video_0_slave_clahe_ip_adapter_in_clahe_ip_adapter_in_module/hlength_1_reg[8]/D (clocked by clk_fpga_0). Large setup violations at the end of those stages might be difficult to fix during the post-placement implementation flow and could be the result of non-optimal XDC constraints or non-optimal design architecture
Related violations: <none>

TIMING-16#757 Warning
Large setup violation  
There is a large setup violation of -3.040 ns between broncho_video_i/clahe_ip_0/inst/u_clahe_ip_axi_lite_inst/u_clahe_ip_addr_decoder_inst/data_reg_axi4_stream_video_0_slave_vporch_1_1_reg[0]/C (clocked by clk_fpga_1) and broncho_video_i/clahe_ip_0/inst/u_clahe_ip_axi4_stream_video_0_slave_inst/u_clahe_ip_clahe_ip_axi4_stream_video_0_slave_clahe_ip_adapter_in/u_clahe_ip_clahe_ip_axi4_stream_video_0_slave_clahe_ip_adapter_in_clahe_ip_adapter_in_module/vlength_1_reg[10]/D (clocked by clk_fpga_0). Large setup violations at the end of those stages might be difficult to fix during the post-placement implementation flow and could be the result of non-optimal XDC constraints or non-optimal design architecture
Related violations: <none>

TIMING-16#758 Warning
Large setup violation  
There is a large setup violation of -3.044 ns between broncho_video_i/clahe_ip_0/inst/u_clahe_ip_axi_lite_inst/u_clahe_ip_addr_decoder_inst/data_reg_axi4_stream_video_0_slave_image_width_1_1_reg[6]/C (clocked by clk_fpga_1) and broncho_video_i/clahe_ip_0/inst/u_clahe_ip_axi4_stream_video_0_slave_inst/u_clahe_ip_clahe_ip_axi4_stream_video_0_slave_clahe_ip_adapter_in/u_clahe_ip_clahe_ip_axi4_stream_video_0_slave_clahe_ip_adapter_in_clahe_ip_adapter_in_module/hlength_1_reg[10]/D (clocked by clk_fpga_0). Large setup violations at the end of those stages might be difficult to fix during the post-placement implementation flow and could be the result of non-optimal XDC constraints or non-optimal design architecture
Related violations: <none>

TIMING-16#759 Warning
Large setup violation  
There is a large setup violation of -3.066 ns between broncho_video_i/clahe_ip_0/inst/u_clahe_ip_axi_lite_inst/u_clahe_ip_addr_decoder_inst/data_reg_AXI4_Master_0_Wr_base_address_1_1_reg[0]/C (clocked by clk_fpga_1) and broncho_video_i/clahe_ip_0/inst/u_clahe_ip_axi4_master_0_wr_inst/u_clahe_ip_wr_addr_fifo_inst/u_clahe_ip_wr_addr_fifo_classic_ram/ram_reg_0_15_6_11/RAMA_D1/I (clocked by clk_fpga_0). Large setup violations at the end of those stages might be difficult to fix during the post-placement implementation flow and could be the result of non-optimal XDC constraints or non-optimal design architecture
Related violations: <none>

TIMING-16#760 Warning
Large setup violation  
There is a large setup violation of -3.068 ns between broncho_video_i/axi_vdma_0/U0/I_PRMRY_DATAMOVER/GEN_S2MM_FULL.I_S2MM_FULL_WRAPPER/I_RESET/sig_cmd_stat_rst_user_reg_n_cdc_from_reg/C (clocked by clk_fpga_0) and broncho_video_i/axi_vdma_0/U0/I_PRMRY_DATAMOVER/GEN_S2MM_FULL.I_S2MM_FULL_WRAPPER/GEN_ENABLE_INDET_BTT_SF.I_INDET_BTT/ENABLE_AXIS_SKID.I_INDET_BTT_SKID_BUF/sig_data_skid_reg_reg[18]/R (clocked by clk_fpga_0). Large setup violations at the end of those stages might be difficult to fix during the post-placement implementation flow and could be the result of non-optimal XDC constraints or non-optimal design architecture
Related violations: <none>

TIMING-16#761 Warning
Large setup violation  
There is a large setup violation of -3.068 ns between broncho_video_i/axi_vdma_0/U0/I_PRMRY_DATAMOVER/GEN_S2MM_FULL.I_S2MM_FULL_WRAPPER/I_RESET/sig_cmd_stat_rst_user_reg_n_cdc_from_reg/C (clocked by clk_fpga_0) and broncho_video_i/axi_vdma_0/U0/I_PRMRY_DATAMOVER/GEN_S2MM_FULL.I_S2MM_FULL_WRAPPER/GEN_ENABLE_INDET_BTT_SF.I_INDET_BTT/ENABLE_AXIS_SKID.I_INDET_BTT_SKID_BUF/sig_data_skid_reg_reg[2]/R (clocked by clk_fpga_0). Large setup violations at the end of those stages might be difficult to fix during the post-placement implementation flow and could be the result of non-optimal XDC constraints or non-optimal design architecture
Related violations: <none>

TIMING-16#762 Warning
Large setup violation  
There is a large setup violation of -3.068 ns between broncho_video_i/axi_vdma_0/U0/I_PRMRY_DATAMOVER/GEN_S2MM_FULL.I_S2MM_FULL_WRAPPER/I_RESET/sig_cmd_stat_rst_user_reg_n_cdc_from_reg/C (clocked by clk_fpga_0) and broncho_video_i/axi_vdma_0/U0/I_PRMRY_DATAMOVER/GEN_S2MM_FULL.I_S2MM_FULL_WRAPPER/GEN_ENABLE_INDET_BTT_SF.I_INDET_BTT/ENABLE_AXIS_SKID.I_INDET_BTT_SKID_BUF/sig_data_skid_reg_reg[4]/R (clocked by clk_fpga_0). Large setup violations at the end of those stages might be difficult to fix during the post-placement implementation flow and could be the result of non-optimal XDC constraints or non-optimal design architecture
Related violations: <none>

TIMING-16#763 Warning
Large setup violation  
There is a large setup violation of -3.068 ns between broncho_video_i/axi_vdma_0/U0/I_PRMRY_DATAMOVER/GEN_S2MM_FULL.I_S2MM_FULL_WRAPPER/I_RESET/sig_cmd_stat_rst_user_reg_n_cdc_from_reg/C (clocked by clk_fpga_0) and broncho_video_i/axi_vdma_0/U0/I_PRMRY_DATAMOVER/GEN_S2MM_FULL.I_S2MM_FULL_WRAPPER/GEN_ENABLE_INDET_BTT_SF.I_INDET_BTT/ENABLE_AXIS_SKID.I_INDET_BTT_SKID_BUF/sig_data_skid_reg_reg[52]/R (clocked by clk_fpga_0). Large setup violations at the end of those stages might be difficult to fix during the post-placement implementation flow and could be the result of non-optimal XDC constraints or non-optimal design architecture
Related violations: <none>

TIMING-16#764 Warning
Large setup violation  
There is a large setup violation of -3.086 ns between broncho_video_i/clahe_ip_0/inst/u_clahe_ip_axi_lite_inst/u_clahe_ip_addr_decoder_inst/data_reg_axi_enable_1_1_reg_replica_10/C (clocked by clk_fpga_1) and broncho_video_i/clahe_ip_0/inst/u_clahe_ip_dut_inst/u_clahe_ip_src_CLAHE/u_AXI_Read_FIFO/u_ctrl_fwft_fifo/u_SoC_Variant_HDL_FIFO/u_SoC_Variant_HDL_FIFO/u_Fixed_Point_Types_HDL_FIFO/fifo_back_indx_reg[10]/CE (clocked by clk_fpga_0). Large setup violations at the end of those stages might be difficult to fix during the post-placement implementation flow and could be the result of non-optimal XDC constraints or non-optimal design architecture
Related violations: <none>

TIMING-16#765 Warning
Large setup violation  
There is a large setup violation of -3.086 ns between broncho_video_i/clahe_ip_0/inst/u_clahe_ip_axi_lite_inst/u_clahe_ip_addr_decoder_inst/data_reg_axi_enable_1_1_reg_replica_10/C (clocked by clk_fpga_1) and broncho_video_i/clahe_ip_0/inst/u_clahe_ip_dut_inst/u_clahe_ip_src_CLAHE/u_AXI_Read_FIFO/u_ctrl_fwft_fifo/u_SoC_Variant_HDL_FIFO/u_SoC_Variant_HDL_FIFO/u_Fixed_Point_Types_HDL_FIFO/fifo_back_indx_reg[9]/CE (clocked by clk_fpga_0). Large setup violations at the end of those stages might be difficult to fix during the post-placement implementation flow and could be the result of non-optimal XDC constraints or non-optimal design architecture
Related violations: <none>

TIMING-16#766 Warning
Large setup violation  
There is a large setup violation of -3.092 ns between broncho_video_i/clahe_ip_0/inst/u_clahe_ip_axi_lite_inst/u_clahe_ip_addr_decoder_inst/data_reg_AXI4_Master_0_Wr_base_address_1_1_reg[0]/C (clocked by clk_fpga_1) and broncho_video_i/clahe_ip_0/inst/u_clahe_ip_axi4_master_0_wr_inst/u_clahe_ip_wr_addr_fifo_inst/u_clahe_ip_wr_addr_fifo_classic_ram/ram_reg_0_15_0_5/RAMC_D1/I (clocked by clk_fpga_0). Large setup violations at the end of those stages might be difficult to fix during the post-placement implementation flow and could be the result of non-optimal XDC constraints or non-optimal design architecture
Related violations: <none>

TIMING-16#767 Warning
Large setup violation  
There is a large setup violation of -3.103 ns between broncho_video_i/clahe_ip_0/inst/u_clahe_ip_axi_lite_inst/u_clahe_ip_addr_decoder_inst/data_reg_axi_enable_1_1_reg_replica_11/C (clocked by clk_fpga_1) and broncho_video_i/clahe_ip_0/inst/u_clahe_ip_dut_inst/u_clahe_ip_src_CLAHE/u_AXI4_Master_Write_Controller/burst_count_reg[20]/CE (clocked by clk_fpga_0). Large setup violations at the end of those stages might be difficult to fix during the post-placement implementation flow and could be the result of non-optimal XDC constraints or non-optimal design architecture
Related violations: <none>

TIMING-16#768 Warning
Large setup violation  
There is a large setup violation of -3.103 ns between broncho_video_i/clahe_ip_0/inst/u_clahe_ip_axi_lite_inst/u_clahe_ip_addr_decoder_inst/data_reg_axi_enable_1_1_reg_replica_11/C (clocked by clk_fpga_1) and broncho_video_i/clahe_ip_0/inst/u_clahe_ip_dut_inst/u_clahe_ip_src_CLAHE/u_AXI4_Master_Write_Controller/burst_count_reg[21]/CE (clocked by clk_fpga_0). Large setup violations at the end of those stages might be difficult to fix during the post-placement implementation flow and could be the result of non-optimal XDC constraints or non-optimal design architecture
Related violations: <none>

TIMING-16#769 Warning
Large setup violation  
There is a large setup violation of -3.103 ns between broncho_video_i/clahe_ip_0/inst/u_clahe_ip_axi_lite_inst/u_clahe_ip_addr_decoder_inst/data_reg_axi_enable_1_1_reg_replica_11/C (clocked by clk_fpga_1) and broncho_video_i/clahe_ip_0/inst/u_clahe_ip_dut_inst/u_clahe_ip_src_CLAHE/u_AXI4_Master_Write_Controller/burst_count_reg[22]/CE (clocked by clk_fpga_0). Large setup violations at the end of those stages might be difficult to fix during the post-placement implementation flow and could be the result of non-optimal XDC constraints or non-optimal design architecture
Related violations: <none>

TIMING-16#770 Warning
Large setup violation  
There is a large setup violation of -3.103 ns between broncho_video_i/clahe_ip_0/inst/u_clahe_ip_axi_lite_inst/u_clahe_ip_addr_decoder_inst/data_reg_axi_enable_1_1_reg_replica_11/C (clocked by clk_fpga_1) and broncho_video_i/clahe_ip_0/inst/u_clahe_ip_dut_inst/u_clahe_ip_src_CLAHE/u_AXI4_Master_Write_Controller/burst_count_reg[23]/CE (clocked by clk_fpga_0). Large setup violations at the end of those stages might be difficult to fix during the post-placement implementation flow and could be the result of non-optimal XDC constraints or non-optimal design architecture
Related violations: <none>

TIMING-16#771 Warning
Large setup violation  
There is a large setup violation of -3.104 ns between broncho_video_i/clahe_ip_0/inst/u_clahe_ip_axi_lite_inst/u_clahe_ip_addr_decoder_inst/data_reg_axi_enable_1_1_reg_replica_10/C (clocked by clk_fpga_1) and broncho_video_i/clahe_ip_0/inst/u_clahe_ip_dut_inst/u_clahe_ip_src_CLAHE/u_AXI_Read_FIFO/u_ctrl_fwft_fifo/u_SoC_Variant_HDL_FIFO/u_SoC_Variant_HDL_FIFO/u_Fixed_Point_Types_HDL_FIFO/fifo_back_indx_reg[5]/CE (clocked by clk_fpga_0). Large setup violations at the end of those stages might be difficult to fix during the post-placement implementation flow and could be the result of non-optimal XDC constraints or non-optimal design architecture
Related violations: <none>

TIMING-16#772 Warning
Large setup violation  
There is a large setup violation of -3.104 ns between broncho_video_i/clahe_ip_0/inst/u_clahe_ip_axi_lite_inst/u_clahe_ip_addr_decoder_inst/data_reg_axi_enable_1_1_reg_replica_10/C (clocked by clk_fpga_1) and broncho_video_i/clahe_ip_0/inst/u_clahe_ip_dut_inst/u_clahe_ip_src_CLAHE/u_AXI_Read_FIFO/u_ctrl_fwft_fifo/u_SoC_Variant_HDL_FIFO/u_SoC_Variant_HDL_FIFO/u_Fixed_Point_Types_HDL_FIFO/fifo_back_indx_reg[6]/CE (clocked by clk_fpga_0). Large setup violations at the end of those stages might be difficult to fix during the post-placement implementation flow and could be the result of non-optimal XDC constraints or non-optimal design architecture
Related violations: <none>

TIMING-16#773 Warning
Large setup violation  
There is a large setup violation of -3.104 ns between broncho_video_i/clahe_ip_0/inst/u_clahe_ip_axi_lite_inst/u_clahe_ip_addr_decoder_inst/data_reg_axi_enable_1_1_reg_replica_10/C (clocked by clk_fpga_1) and broncho_video_i/clahe_ip_0/inst/u_clahe_ip_dut_inst/u_clahe_ip_src_CLAHE/u_AXI_Read_FIFO/u_ctrl_fwft_fifo/u_SoC_Variant_HDL_FIFO/u_SoC_Variant_HDL_FIFO/u_Fixed_Point_Types_HDL_FIFO/fifo_back_indx_reg[7]/CE (clocked by clk_fpga_0). Large setup violations at the end of those stages might be difficult to fix during the post-placement implementation flow and could be the result of non-optimal XDC constraints or non-optimal design architecture
Related violations: <none>

TIMING-16#774 Warning
Large setup violation  
There is a large setup violation of -3.104 ns between broncho_video_i/clahe_ip_0/inst/u_clahe_ip_axi_lite_inst/u_clahe_ip_addr_decoder_inst/data_reg_axi_enable_1_1_reg_replica_10/C (clocked by clk_fpga_1) and broncho_video_i/clahe_ip_0/inst/u_clahe_ip_dut_inst/u_clahe_ip_src_CLAHE/u_AXI_Read_FIFO/u_ctrl_fwft_fifo/u_SoC_Variant_HDL_FIFO/u_SoC_Variant_HDL_FIFO/u_Fixed_Point_Types_HDL_FIFO/fifo_back_indx_reg[8]/CE (clocked by clk_fpga_0). Large setup violations at the end of those stages might be difficult to fix during the post-placement implementation flow and could be the result of non-optimal XDC constraints or non-optimal design architecture
Related violations: <none>

TIMING-16#775 Warning
Large setup violation  
There is a large setup violation of -3.113 ns between broncho_video_i/clahe_ip_0/inst/u_clahe_ip_axi_lite_inst/u_clahe_ip_addr_decoder_inst/data_reg_axi_enable_1_1_reg_replica_11/C (clocked by clk_fpga_1) and broncho_video_i/clahe_ip_0/inst/u_clahe_ip_dut_inst/u_clahe_ip_src_CLAHE/u_AXI4_Master_Write_Controller/burst_count_reg[24]/CE (clocked by clk_fpga_0). Large setup violations at the end of those stages might be difficult to fix during the post-placement implementation flow and could be the result of non-optimal XDC constraints or non-optimal design architecture
Related violations: <none>

TIMING-16#776 Warning
Large setup violation  
There is a large setup violation of -3.113 ns between broncho_video_i/clahe_ip_0/inst/u_clahe_ip_axi_lite_inst/u_clahe_ip_addr_decoder_inst/data_reg_axi_enable_1_1_reg_replica_11/C (clocked by clk_fpga_1) and broncho_video_i/clahe_ip_0/inst/u_clahe_ip_dut_inst/u_clahe_ip_src_CLAHE/u_AXI4_Master_Write_Controller/burst_count_reg[25]/CE (clocked by clk_fpga_0). Large setup violations at the end of those stages might be difficult to fix during the post-placement implementation flow and could be the result of non-optimal XDC constraints or non-optimal design architecture
Related violations: <none>

TIMING-16#777 Warning
Large setup violation  
There is a large setup violation of -3.113 ns between broncho_video_i/clahe_ip_0/inst/u_clahe_ip_axi_lite_inst/u_clahe_ip_addr_decoder_inst/data_reg_axi_enable_1_1_reg_replica_11/C (clocked by clk_fpga_1) and broncho_video_i/clahe_ip_0/inst/u_clahe_ip_dut_inst/u_clahe_ip_src_CLAHE/u_AXI4_Master_Write_Controller/burst_count_reg[26]/CE (clocked by clk_fpga_0). Large setup violations at the end of those stages might be difficult to fix during the post-placement implementation flow and could be the result of non-optimal XDC constraints or non-optimal design architecture
Related violations: <none>

TIMING-16#778 Warning
Large setup violation  
There is a large setup violation of -3.113 ns between broncho_video_i/clahe_ip_0/inst/u_clahe_ip_axi_lite_inst/u_clahe_ip_addr_decoder_inst/data_reg_axi_enable_1_1_reg_replica_11/C (clocked by clk_fpga_1) and broncho_video_i/clahe_ip_0/inst/u_clahe_ip_dut_inst/u_clahe_ip_src_CLAHE/u_AXI4_Master_Write_Controller/burst_count_reg[27]/CE (clocked by clk_fpga_0). Large setup violations at the end of those stages might be difficult to fix during the post-placement implementation flow and could be the result of non-optimal XDC constraints or non-optimal design architecture
Related violations: <none>

TIMING-16#779 Warning
Large setup violation  
There is a large setup violation of -3.116 ns between broncho_video_i/clahe_ip_0/inst/u_clahe_ip_axi_lite_inst/u_clahe_ip_addr_decoder_inst/data_reg_axi4_stream_video_0_slave_vporch_1_1_reg[0]/C (clocked by clk_fpga_1) and broncho_video_i/clahe_ip_0/inst/u_clahe_ip_axi4_stream_video_0_slave_inst/u_clahe_ip_clahe_ip_axi4_stream_video_0_slave_clahe_ip_adapter_in/u_clahe_ip_clahe_ip_axi4_stream_video_0_slave_clahe_ip_adapter_in_clahe_ip_adapter_in_module/vlength_1_reg[11]/D (clocked by clk_fpga_0). Large setup violations at the end of those stages might be difficult to fix during the post-placement implementation flow and could be the result of non-optimal XDC constraints or non-optimal design architecture
Related violations: <none>

TIMING-16#780 Warning
Large setup violation  
There is a large setup violation of -3.118 ns between broncho_video_i/clahe_ip_0/inst/u_clahe_ip_axi_lite_inst/u_clahe_ip_addr_decoder_inst/data_reg_axi4_stream_video_0_slave_image_width_1_1_reg[6]/C (clocked by clk_fpga_1) and broncho_video_i/clahe_ip_0/inst/u_clahe_ip_axi4_stream_video_0_slave_inst/u_clahe_ip_clahe_ip_axi4_stream_video_0_slave_clahe_ip_adapter_in/u_clahe_ip_clahe_ip_axi4_stream_video_0_slave_clahe_ip_adapter_in_clahe_ip_adapter_in_module/hlength_1_reg[11]/D (clocked by clk_fpga_0). Large setup violations at the end of those stages might be difficult to fix during the post-placement implementation flow and could be the result of non-optimal XDC constraints or non-optimal design architecture
Related violations: <none>

TIMING-16#781 Warning
Large setup violation  
There is a large setup violation of -3.124 ns between broncho_video_i/clahe_ip_0/inst/u_clahe_ip_axi_lite_inst/u_clahe_ip_addr_decoder_inst/data_reg_axi4_stream_video_0_slave_vporch_1_1_reg[0]/C (clocked by clk_fpga_1) and broncho_video_i/clahe_ip_0/inst/u_clahe_ip_axi4_stream_video_0_slave_inst/u_clahe_ip_clahe_ip_axi4_stream_video_0_slave_clahe_ip_adapter_in/u_clahe_ip_clahe_ip_axi4_stream_video_0_slave_clahe_ip_adapter_in_clahe_ip_adapter_in_module/vlength_1_reg[9]/D (clocked by clk_fpga_0). Large setup violations at the end of those stages might be difficult to fix during the post-placement implementation flow and could be the result of non-optimal XDC constraints or non-optimal design architecture
Related violations: <none>

TIMING-16#782 Warning
Large setup violation  
There is a large setup violation of -3.137 ns between broncho_video_i/clahe_ip_0/inst/u_clahe_ip_axi_lite_inst/u_clahe_ip_addr_decoder_inst/data_reg_axi4_stream_video_0_slave_vporch_1_1_reg[0]/C (clocked by clk_fpga_1) and broncho_video_i/clahe_ip_0/inst/u_clahe_ip_axi4_stream_video_0_slave_inst/u_clahe_ip_clahe_ip_axi4_stream_video_0_slave_clahe_ip_adapter_in/u_clahe_ip_clahe_ip_axi4_stream_video_0_slave_clahe_ip_adapter_in_clahe_ip_adapter_in_module/vlength_1_reg[12]/D (clocked by clk_fpga_0). Large setup violations at the end of those stages might be difficult to fix during the post-placement implementation flow and could be the result of non-optimal XDC constraints or non-optimal design architecture
Related violations: <none>

TIMING-16#783 Warning
Large setup violation  
There is a large setup violation of -3.137 ns between broncho_video_i/clahe_ip_0/inst/u_clahe_ip_axi_lite_inst/u_clahe_ip_addr_decoder_inst/data_reg_axi_enable_1_1_reg_replica_24/C (clocked by clk_fpga_1) and broncho_video_i/clahe_ip_0/inst/u_clahe_ip_dut_inst/u_clahe_ip_src_CLAHE/u_AXI_Read_FIFO/u_ctrl_fwft_fifo/u_SoC_Variant_HDL_FIFO/u_SoC_Variant_HDL_FIFO/u_Fixed_Point_Types_HDL_FIFO/fifo_front_indx_reg[1]/CE (clocked by clk_fpga_0). Large setup violations at the end of those stages might be difficult to fix during the post-placement implementation flow and could be the result of non-optimal XDC constraints or non-optimal design architecture
Related violations: <none>

TIMING-16#784 Warning
Large setup violation  
There is a large setup violation of -3.137 ns between broncho_video_i/clahe_ip_0/inst/u_clahe_ip_axi_lite_inst/u_clahe_ip_addr_decoder_inst/data_reg_axi_enable_1_1_reg_replica_24/C (clocked by clk_fpga_1) and broncho_video_i/clahe_ip_0/inst/u_clahe_ip_dut_inst/u_clahe_ip_src_CLAHE/u_AXI_Read_FIFO/u_ctrl_fwft_fifo/u_SoC_Variant_HDL_FIFO/u_SoC_Variant_HDL_FIFO/u_Fixed_Point_Types_HDL_FIFO/fifo_front_indx_reg[2]/CE (clocked by clk_fpga_0). Large setup violations at the end of those stages might be difficult to fix during the post-placement implementation flow and could be the result of non-optimal XDC constraints or non-optimal design architecture
Related violations: <none>

TIMING-16#785 Warning
Large setup violation  
There is a large setup violation of -3.137 ns between broncho_video_i/clahe_ip_0/inst/u_clahe_ip_axi_lite_inst/u_clahe_ip_addr_decoder_inst/data_reg_axi_enable_1_1_reg_replica_24/C (clocked by clk_fpga_1) and broncho_video_i/clahe_ip_0/inst/u_clahe_ip_dut_inst/u_clahe_ip_src_CLAHE/u_AXI_Read_FIFO/u_ctrl_fwft_fifo/u_SoC_Variant_HDL_FIFO/u_SoC_Variant_HDL_FIFO/u_Fixed_Point_Types_HDL_FIFO/fifo_front_indx_reg[3]/CE (clocked by clk_fpga_0). Large setup violations at the end of those stages might be difficult to fix during the post-placement implementation flow and could be the result of non-optimal XDC constraints or non-optimal design architecture
Related violations: <none>

TIMING-16#786 Warning
Large setup violation  
There is a large setup violation of -3.137 ns between broncho_video_i/clahe_ip_0/inst/u_clahe_ip_axi_lite_inst/u_clahe_ip_addr_decoder_inst/data_reg_axi_enable_1_1_reg_replica_24/C (clocked by clk_fpga_1) and broncho_video_i/clahe_ip_0/inst/u_clahe_ip_dut_inst/u_clahe_ip_src_CLAHE/u_AXI_Read_FIFO/u_ctrl_fwft_fifo/u_SoC_Variant_HDL_FIFO/u_SoC_Variant_HDL_FIFO/u_Fixed_Point_Types_HDL_FIFO/fifo_front_indx_reg[4]/CE (clocked by clk_fpga_0). Large setup violations at the end of those stages might be difficult to fix during the post-placement implementation flow and could be the result of non-optimal XDC constraints or non-optimal design architecture
Related violations: <none>

TIMING-16#787 Warning
Large setup violation  
There is a large setup violation of -3.138 ns between broncho_video_i/clahe_ip_0/inst/u_clahe_ip_axi_lite_inst/u_clahe_ip_addr_decoder_inst/data_reg_axi_enable_1_1_reg_replica_4/C (clocked by clk_fpga_1) and broncho_video_i/clahe_ip_0/inst/u_clahe_ip_dut_inst/u_clahe_ip_src_CLAHE/u_AXI4_Master_Write_Controller/line_count_reg[28]/CE (clocked by clk_fpga_0). Large setup violations at the end of those stages might be difficult to fix during the post-placement implementation flow and could be the result of non-optimal XDC constraints or non-optimal design architecture
Related violations: <none>

TIMING-16#788 Warning
Large setup violation  
There is a large setup violation of -3.138 ns between broncho_video_i/clahe_ip_0/inst/u_clahe_ip_axi_lite_inst/u_clahe_ip_addr_decoder_inst/data_reg_axi_enable_1_1_reg_replica_4/C (clocked by clk_fpga_1) and broncho_video_i/clahe_ip_0/inst/u_clahe_ip_dut_inst/u_clahe_ip_src_CLAHE/u_AXI4_Master_Write_Controller/line_count_reg[29]/CE (clocked by clk_fpga_0). Large setup violations at the end of those stages might be difficult to fix during the post-placement implementation flow and could be the result of non-optimal XDC constraints or non-optimal design architecture
Related violations: <none>

TIMING-16#789 Warning
Large setup violation  
There is a large setup violation of -3.138 ns between broncho_video_i/clahe_ip_0/inst/u_clahe_ip_axi_lite_inst/u_clahe_ip_addr_decoder_inst/data_reg_axi_enable_1_1_reg_replica_4/C (clocked by clk_fpga_1) and broncho_video_i/clahe_ip_0/inst/u_clahe_ip_dut_inst/u_clahe_ip_src_CLAHE/u_AXI4_Master_Write_Controller/line_count_reg[30]/CE (clocked by clk_fpga_0). Large setup violations at the end of those stages might be difficult to fix during the post-placement implementation flow and could be the result of non-optimal XDC constraints or non-optimal design architecture
Related violations: <none>

TIMING-16#790 Warning
Large setup violation  
There is a large setup violation of -3.138 ns between broncho_video_i/clahe_ip_0/inst/u_clahe_ip_axi_lite_inst/u_clahe_ip_addr_decoder_inst/data_reg_axi_enable_1_1_reg_replica_4/C (clocked by clk_fpga_1) and broncho_video_i/clahe_ip_0/inst/u_clahe_ip_dut_inst/u_clahe_ip_src_CLAHE/u_AXI4_Master_Write_Controller/line_count_reg[31]/CE (clocked by clk_fpga_0). Large setup violations at the end of those stages might be difficult to fix during the post-placement implementation flow and could be the result of non-optimal XDC constraints or non-optimal design architecture
Related violations: <none>

TIMING-16#791 Warning
Large setup violation  
There is a large setup violation of -3.139 ns between broncho_video_i/clahe_ip_0/inst/u_clahe_ip_axi_lite_inst/u_clahe_ip_addr_decoder_inst/data_reg_axi4_stream_video_0_slave_image_width_1_1_reg[6]/C (clocked by clk_fpga_1) and broncho_video_i/clahe_ip_0/inst/u_clahe_ip_axi4_stream_video_0_slave_inst/u_clahe_ip_clahe_ip_axi4_stream_video_0_slave_clahe_ip_adapter_in/u_clahe_ip_clahe_ip_axi4_stream_video_0_slave_clahe_ip_adapter_in_clahe_ip_adapter_in_module/hlength_1_reg[9]/D (clocked by clk_fpga_0). Large setup violations at the end of those stages might be difficult to fix during the post-placement implementation flow and could be the result of non-optimal XDC constraints or non-optimal design architecture
Related violations: <none>

TIMING-16#792 Warning
Large setup violation  
There is a large setup violation of -3.141 ns between broncho_video_i/clahe_ip_0/inst/u_clahe_ip_axi_lite_inst/u_clahe_ip_addr_decoder_inst/data_reg_axi4_stream_video_0_slave_image_width_1_1_reg[6]/C (clocked by clk_fpga_1) and broncho_video_i/clahe_ip_0/inst/u_clahe_ip_axi4_stream_video_0_slave_inst/u_clahe_ip_clahe_ip_axi4_stream_video_0_slave_clahe_ip_adapter_in/u_clahe_ip_clahe_ip_axi4_stream_video_0_slave_clahe_ip_adapter_in_clahe_ip_adapter_in_module/hlength_1_reg[12]/D (clocked by clk_fpga_0). Large setup violations at the end of those stages might be difficult to fix during the post-placement implementation flow and could be the result of non-optimal XDC constraints or non-optimal design architecture
Related violations: <none>

TIMING-16#793 Warning
Large setup violation  
There is a large setup violation of -3.155 ns between broncho_video_i/clahe_ip_0/inst/u_clahe_ip_axi_lite_inst/u_clahe_ip_addr_decoder_inst/data_reg_axi_enable_1_1_reg_replica_10/C (clocked by clk_fpga_1) and broncho_video_i/clahe_ip_0/inst/u_clahe_ip_dut_inst/u_clahe_ip_src_CLAHE/u_AXI_Read_FIFO/u_ctrl_fwft_fifo/u_SoC_Variant_HDL_FIFO/u_SoC_Variant_HDL_FIFO/u_Fixed_Point_Types_HDL_FIFO/fifo_back_indx_reg[1]/CE (clocked by clk_fpga_0). Large setup violations at the end of those stages might be difficult to fix during the post-placement implementation flow and could be the result of non-optimal XDC constraints or non-optimal design architecture
Related violations: <none>

TIMING-16#794 Warning
Large setup violation  
There is a large setup violation of -3.155 ns between broncho_video_i/clahe_ip_0/inst/u_clahe_ip_axi_lite_inst/u_clahe_ip_addr_decoder_inst/data_reg_axi_enable_1_1_reg_replica_10/C (clocked by clk_fpga_1) and broncho_video_i/clahe_ip_0/inst/u_clahe_ip_dut_inst/u_clahe_ip_src_CLAHE/u_AXI_Read_FIFO/u_ctrl_fwft_fifo/u_SoC_Variant_HDL_FIFO/u_SoC_Variant_HDL_FIFO/u_Fixed_Point_Types_HDL_FIFO/fifo_back_indx_reg[2]/CE (clocked by clk_fpga_0). Large setup violations at the end of those stages might be difficult to fix during the post-placement implementation flow and could be the result of non-optimal XDC constraints or non-optimal design architecture
Related violations: <none>

TIMING-16#795 Warning
Large setup violation  
There is a large setup violation of -3.155 ns between broncho_video_i/clahe_ip_0/inst/u_clahe_ip_axi_lite_inst/u_clahe_ip_addr_decoder_inst/data_reg_axi_enable_1_1_reg_replica_10/C (clocked by clk_fpga_1) and broncho_video_i/clahe_ip_0/inst/u_clahe_ip_dut_inst/u_clahe_ip_src_CLAHE/u_AXI_Read_FIFO/u_ctrl_fwft_fifo/u_SoC_Variant_HDL_FIFO/u_SoC_Variant_HDL_FIFO/u_Fixed_Point_Types_HDL_FIFO/fifo_back_indx_reg[3]/CE (clocked by clk_fpga_0). Large setup violations at the end of those stages might be difficult to fix during the post-placement implementation flow and could be the result of non-optimal XDC constraints or non-optimal design architecture
Related violations: <none>

TIMING-16#796 Warning
Large setup violation  
There is a large setup violation of -3.155 ns between broncho_video_i/clahe_ip_0/inst/u_clahe_ip_axi_lite_inst/u_clahe_ip_addr_decoder_inst/data_reg_axi_enable_1_1_reg_replica_10/C (clocked by clk_fpga_1) and broncho_video_i/clahe_ip_0/inst/u_clahe_ip_dut_inst/u_clahe_ip_src_CLAHE/u_AXI_Read_FIFO/u_ctrl_fwft_fifo/u_SoC_Variant_HDL_FIFO/u_SoC_Variant_HDL_FIFO/u_Fixed_Point_Types_HDL_FIFO/fifo_back_indx_reg[4]/CE (clocked by clk_fpga_0). Large setup violations at the end of those stages might be difficult to fix during the post-placement implementation flow and could be the result of non-optimal XDC constraints or non-optimal design architecture
Related violations: <none>

TIMING-16#797 Warning
Large setup violation  
There is a large setup violation of -3.163 ns between broncho_video_i/axi_vdma_0/U0/I_PRMRY_DATAMOVER/GEN_S2MM_FULL.I_S2MM_FULL_WRAPPER/I_RESET/sig_cmd_stat_rst_user_reg_n_cdc_from_reg/C (clocked by clk_fpga_0) and broncho_video_i/axi_vdma_0/U0/I_PRMRY_DATAMOVER/GEN_S2MM_FULL.I_S2MM_FULL_WRAPPER/GEN_ENABLE_INDET_BTT_SF.I_INDET_BTT/ENABLE_AXIS_SKID.I_INDET_BTT_SKID_BUF/sig_data_reg_out_reg[18]/R (clocked by clk_fpga_0). Large setup violations at the end of those stages might be difficult to fix during the post-placement implementation flow and could be the result of non-optimal XDC constraints or non-optimal design architecture
Related violations: <none>

TIMING-16#798 Warning
Large setup violation  
There is a large setup violation of -3.163 ns between broncho_video_i/axi_vdma_0/U0/I_PRMRY_DATAMOVER/GEN_S2MM_FULL.I_S2MM_FULL_WRAPPER/I_RESET/sig_cmd_stat_rst_user_reg_n_cdc_from_reg/C (clocked by clk_fpga_0) and broncho_video_i/axi_vdma_0/U0/I_PRMRY_DATAMOVER/GEN_S2MM_FULL.I_S2MM_FULL_WRAPPER/GEN_ENABLE_INDET_BTT_SF.I_INDET_BTT/ENABLE_AXIS_SKID.I_INDET_BTT_SKID_BUF/sig_data_reg_out_reg[2]/R (clocked by clk_fpga_0). Large setup violations at the end of those stages might be difficult to fix during the post-placement implementation flow and could be the result of non-optimal XDC constraints or non-optimal design architecture
Related violations: <none>

TIMING-16#799 Warning
Large setup violation  
There is a large setup violation of -3.163 ns between broncho_video_i/axi_vdma_0/U0/I_PRMRY_DATAMOVER/GEN_S2MM_FULL.I_S2MM_FULL_WRAPPER/I_RESET/sig_cmd_stat_rst_user_reg_n_cdc_from_reg/C (clocked by clk_fpga_0) and broncho_video_i/axi_vdma_0/U0/I_PRMRY_DATAMOVER/GEN_S2MM_FULL.I_S2MM_FULL_WRAPPER/GEN_ENABLE_INDET_BTT_SF.I_INDET_BTT/ENABLE_AXIS_SKID.I_INDET_BTT_SKID_BUF/sig_data_reg_out_reg[4]/R (clocked by clk_fpga_0). Large setup violations at the end of those stages might be difficult to fix during the post-placement implementation flow and could be the result of non-optimal XDC constraints or non-optimal design architecture
Related violations: <none>

TIMING-16#800 Warning
Large setup violation  
There is a large setup violation of -3.166 ns between broncho_video_i/clahe_ip_0/inst/u_clahe_ip_axi_lite_inst/u_clahe_ip_addr_decoder_inst/data_reg_AXI4_Master_0_Wr_base_address_1_1_reg[6]/C (clocked by clk_fpga_1) and broncho_video_i/clahe_ip_0/inst/u_clahe_ip_axi4_master_0_wr_inst/u_clahe_ip_wr_addr_fifo_inst/u_clahe_ip_wr_addr_fifo_classic_ram/ram_reg_0_15_12_17/RAMA/I (clocked by clk_fpga_0). Large setup violations at the end of those stages might be difficult to fix during the post-placement implementation flow and could be the result of non-optimal XDC constraints or non-optimal design architecture
Related violations: <none>

TIMING-16#801 Warning
Large setup violation  
There is a large setup violation of -3.201 ns between broncho_video_i/clahe_ip_0/inst/u_clahe_ip_dut_inst/u_clahe_ip_src_CLAHE/u_AXI4_Master_Read_Controller/line_count_reg[2]/C (clocked by clk_fpga_0) and broncho_video_i/clahe_ip_0/inst/u_clahe_ip_dut_inst/u_clahe_ip_src_CLAHE/u_AXI4_Master_Read_Controller/burst_count_reg[6]/CE (clocked by clk_fpga_0). Large setup violations at the end of those stages might be difficult to fix during the post-placement implementation flow and could be the result of non-optimal XDC constraints or non-optimal design architecture
Related violations: <none>

TIMING-16#802 Warning
Large setup violation  
There is a large setup violation of -3.201 ns between broncho_video_i/clahe_ip_0/inst/u_clahe_ip_dut_inst/u_clahe_ip_src_CLAHE/u_AXI4_Master_Read_Controller/line_count_reg[2]/C (clocked by clk_fpga_0) and broncho_video_i/clahe_ip_0/inst/u_clahe_ip_dut_inst/u_clahe_ip_src_CLAHE/u_AXI4_Master_Read_Controller/burst_count_reg[7]/CE (clocked by clk_fpga_0). Large setup violations at the end of those stages might be difficult to fix during the post-placement implementation flow and could be the result of non-optimal XDC constraints or non-optimal design architecture
Related violations: <none>

TIMING-16#803 Warning
Large setup violation  
There is a large setup violation of -3.210 ns between broncho_video_i/clahe_ip_0/inst/u_clahe_ip_axi_lite_inst/u_clahe_ip_addr_decoder_inst/data_reg_axi_enable_1_1_reg_replica_7/C (clocked by clk_fpga_1) and broncho_video_i/clahe_ip_0/inst/u_clahe_ip_dut_inst/u_clahe_ip_src_CLAHE/u_AXI_Read_FIFO/u_ctrl_fwft_fifo/u_SoC_Variant_HDL_FIFO/u_SoC_Variant_HDL_FIFO/u_Fixed_Point_Types_HDL_FIFO/fifo_sample_count_reg[10]/CE (clocked by clk_fpga_0). Large setup violations at the end of those stages might be difficult to fix during the post-placement implementation flow and could be the result of non-optimal XDC constraints or non-optimal design architecture
Related violations: <none>

TIMING-16#804 Warning
Large setup violation  
There is a large setup violation of -3.228 ns between broncho_video_i/clahe_ip_0/inst/u_clahe_ip_dut_inst/u_clahe_ip_src_CLAHE/u_AXI4_Master_Read_Controller/line_count_reg[2]/C (clocked by clk_fpga_0) and broncho_video_i/clahe_ip_0/inst/u_clahe_ip_dut_inst/u_clahe_ip_src_CLAHE/u_AXI4_Master_Read_Controller/burst_count_reg[22]/CE (clocked by clk_fpga_0). Large setup violations at the end of those stages might be difficult to fix during the post-placement implementation flow and could be the result of non-optimal XDC constraints or non-optimal design architecture
Related violations: <none>

TIMING-16#805 Warning
Large setup violation  
There is a large setup violation of -3.228 ns between broncho_video_i/clahe_ip_0/inst/u_clahe_ip_dut_inst/u_clahe_ip_src_CLAHE/u_AXI4_Master_Read_Controller/line_count_reg[2]/C (clocked by clk_fpga_0) and broncho_video_i/clahe_ip_0/inst/u_clahe_ip_dut_inst/u_clahe_ip_src_CLAHE/u_AXI4_Master_Read_Controller/burst_count_reg[23]/CE (clocked by clk_fpga_0). Large setup violations at the end of those stages might be difficult to fix during the post-placement implementation flow and could be the result of non-optimal XDC constraints or non-optimal design architecture
Related violations: <none>

TIMING-16#806 Warning
Large setup violation  
There is a large setup violation of -3.228 ns between broncho_video_i/clahe_ip_0/inst/u_clahe_ip_dut_inst/u_clahe_ip_src_CLAHE/u_AXI4_Master_Read_Controller/line_count_reg[2]/C (clocked by clk_fpga_0) and broncho_video_i/clahe_ip_0/inst/u_clahe_ip_dut_inst/u_clahe_ip_src_CLAHE/u_AXI4_Master_Read_Controller/burst_count_reg[24]/CE (clocked by clk_fpga_0). Large setup violations at the end of those stages might be difficult to fix during the post-placement implementation flow and could be the result of non-optimal XDC constraints or non-optimal design architecture
Related violations: <none>

TIMING-16#807 Warning
Large setup violation  
There is a large setup violation of -3.228 ns between broncho_video_i/clahe_ip_0/inst/u_clahe_ip_dut_inst/u_clahe_ip_src_CLAHE/u_AXI4_Master_Read_Controller/line_count_reg[2]/C (clocked by clk_fpga_0) and broncho_video_i/clahe_ip_0/inst/u_clahe_ip_dut_inst/u_clahe_ip_src_CLAHE/u_AXI4_Master_Read_Controller/burst_count_reg[25]/CE (clocked by clk_fpga_0). Large setup violations at the end of those stages might be difficult to fix during the post-placement implementation flow and could be the result of non-optimal XDC constraints or non-optimal design architecture
Related violations: <none>

TIMING-16#808 Warning
Large setup violation  
There is a large setup violation of -3.228 ns between broncho_video_i/clahe_ip_0/inst/u_clahe_ip_dut_inst/u_clahe_ip_src_CLAHE/u_AXI4_Master_Read_Controller/line_count_reg[2]/C (clocked by clk_fpga_0) and broncho_video_i/clahe_ip_0/inst/u_clahe_ip_dut_inst/u_clahe_ip_src_CLAHE/u_AXI4_Master_Read_Controller/burst_count_reg[26]/CE (clocked by clk_fpga_0). Large setup violations at the end of those stages might be difficult to fix during the post-placement implementation flow and could be the result of non-optimal XDC constraints or non-optimal design architecture
Related violations: <none>

TIMING-16#809 Warning
Large setup violation  
There is a large setup violation of -3.228 ns between broncho_video_i/clahe_ip_0/inst/u_clahe_ip_dut_inst/u_clahe_ip_src_CLAHE/u_AXI4_Master_Read_Controller/line_count_reg[2]/C (clocked by clk_fpga_0) and broncho_video_i/clahe_ip_0/inst/u_clahe_ip_dut_inst/u_clahe_ip_src_CLAHE/u_AXI4_Master_Read_Controller/burst_count_reg[27]/CE (clocked by clk_fpga_0). Large setup violations at the end of those stages might be difficult to fix during the post-placement implementation flow and could be the result of non-optimal XDC constraints or non-optimal design architecture
Related violations: <none>

TIMING-16#810 Warning
Large setup violation  
There is a large setup violation of -3.245 ns between broncho_video_i/clahe_ip_0/inst/u_clahe_ip_axi_lite_inst/u_clahe_ip_addr_decoder_inst/data_reg_AXI4_Master_0_Wr_base_address_1_1_reg[6]/C (clocked by clk_fpga_1) and broncho_video_i/clahe_ip_0/inst/u_clahe_ip_axi4_master_0_wr_inst/u_clahe_ip_wr_addr_fifo_inst/u_clahe_ip_wr_addr_fifo_classic_ram/ram_reg_0_15_6_11/RAMC_D1/I (clocked by clk_fpga_0). Large setup violations at the end of those stages might be difficult to fix during the post-placement implementation flow and could be the result of non-optimal XDC constraints or non-optimal design architecture
Related violations: <none>

TIMING-16#811 Warning
Large setup violation  
There is a large setup violation of -3.248 ns between broncho_video_i/clahe_ip_0/inst/u_clahe_ip_dut_inst/u_clahe_ip_src_CLAHE/u_AXI4_Master_Read_Controller/line_count_reg[2]/C (clocked by clk_fpga_0) and broncho_video_i/clahe_ip_0/inst/u_clahe_ip_dut_inst/u_clahe_ip_src_CLAHE/u_AXI4_Master_Read_Controller/burst_count_reg[16]/CE (clocked by clk_fpga_0). Large setup violations at the end of those stages might be difficult to fix during the post-placement implementation flow and could be the result of non-optimal XDC constraints or non-optimal design architecture
Related violations: <none>

TIMING-16#812 Warning
Large setup violation  
There is a large setup violation of -3.248 ns between broncho_video_i/clahe_ip_0/inst/u_clahe_ip_dut_inst/u_clahe_ip_src_CLAHE/u_AXI4_Master_Read_Controller/line_count_reg[2]/C (clocked by clk_fpga_0) and broncho_video_i/clahe_ip_0/inst/u_clahe_ip_dut_inst/u_clahe_ip_src_CLAHE/u_AXI4_Master_Read_Controller/burst_count_reg[17]/CE (clocked by clk_fpga_0). Large setup violations at the end of those stages might be difficult to fix during the post-placement implementation flow and could be the result of non-optimal XDC constraints or non-optimal design architecture
Related violations: <none>

TIMING-16#813 Warning
Large setup violation  
There is a large setup violation of -3.248 ns between broncho_video_i/clahe_ip_0/inst/u_clahe_ip_dut_inst/u_clahe_ip_src_CLAHE/u_AXI4_Master_Read_Controller/line_count_reg[2]/C (clocked by clk_fpga_0) and broncho_video_i/clahe_ip_0/inst/u_clahe_ip_dut_inst/u_clahe_ip_src_CLAHE/u_AXI4_Master_Read_Controller/burst_count_reg[28]/CE (clocked by clk_fpga_0). Large setup violations at the end of those stages might be difficult to fix during the post-placement implementation flow and could be the result of non-optimal XDC constraints or non-optimal design architecture
Related violations: <none>

TIMING-16#814 Warning
Large setup violation  
There is a large setup violation of -3.248 ns between broncho_video_i/clahe_ip_0/inst/u_clahe_ip_dut_inst/u_clahe_ip_src_CLAHE/u_AXI4_Master_Read_Controller/line_count_reg[2]/C (clocked by clk_fpga_0) and broncho_video_i/clahe_ip_0/inst/u_clahe_ip_dut_inst/u_clahe_ip_src_CLAHE/u_AXI4_Master_Read_Controller/burst_count_reg[29]/CE (clocked by clk_fpga_0). Large setup violations at the end of those stages might be difficult to fix during the post-placement implementation flow and could be the result of non-optimal XDC constraints or non-optimal design architecture
Related violations: <none>

TIMING-16#815 Warning
Large setup violation  
There is a large setup violation of -3.249 ns between broncho_video_i/clahe_ip_0/inst/u_clahe_ip_dut_inst/u_clahe_ip_src_CLAHE/u_AXI4_Master_Read_Controller/line_count_reg[2]/C (clocked by clk_fpga_0) and broncho_video_i/clahe_ip_0/inst/u_clahe_ip_dut_inst/u_clahe_ip_src_CLAHE/u_AXI4_Master_Read_Controller/burst_count_reg[0]/CE (clocked by clk_fpga_0). Large setup violations at the end of those stages might be difficult to fix during the post-placement implementation flow and could be the result of non-optimal XDC constraints or non-optimal design architecture
Related violations: <none>

TIMING-16#816 Warning
Large setup violation  
There is a large setup violation of -3.249 ns between broncho_video_i/clahe_ip_0/inst/u_clahe_ip_dut_inst/u_clahe_ip_src_CLAHE/u_AXI4_Master_Read_Controller/line_count_reg[2]/C (clocked by clk_fpga_0) and broncho_video_i/clahe_ip_0/inst/u_clahe_ip_dut_inst/u_clahe_ip_src_CLAHE/u_AXI4_Master_Read_Controller/burst_count_reg[1]/CE (clocked by clk_fpga_0). Large setup violations at the end of those stages might be difficult to fix during the post-placement implementation flow and could be the result of non-optimal XDC constraints or non-optimal design architecture
Related violations: <none>

TIMING-16#817 Warning
Large setup violation  
There is a large setup violation of -3.249 ns between broncho_video_i/clahe_ip_0/inst/u_clahe_ip_dut_inst/u_clahe_ip_src_CLAHE/u_AXI4_Master_Read_Controller/line_count_reg[2]/C (clocked by clk_fpga_0) and broncho_video_i/clahe_ip_0/inst/u_clahe_ip_dut_inst/u_clahe_ip_src_CLAHE/u_AXI4_Master_Read_Controller/burst_count_reg[8]/CE (clocked by clk_fpga_0). Large setup violations at the end of those stages might be difficult to fix during the post-placement implementation flow and could be the result of non-optimal XDC constraints or non-optimal design architecture
Related violations: <none>

TIMING-16#818 Warning
Large setup violation  
There is a large setup violation of -3.249 ns between broncho_video_i/clahe_ip_0/inst/u_clahe_ip_dut_inst/u_clahe_ip_src_CLAHE/u_AXI4_Master_Read_Controller/line_count_reg[2]/C (clocked by clk_fpga_0) and broncho_video_i/clahe_ip_0/inst/u_clahe_ip_dut_inst/u_clahe_ip_src_CLAHE/u_AXI4_Master_Read_Controller/burst_count_reg[9]/CE (clocked by clk_fpga_0). Large setup violations at the end of those stages might be difficult to fix during the post-placement implementation flow and could be the result of non-optimal XDC constraints or non-optimal design architecture
Related violations: <none>

TIMING-16#819 Warning
Large setup violation  
There is a large setup violation of -3.250 ns between broncho_video_i/clahe_ip_0/inst/u_clahe_ip_axi_lite_inst/u_clahe_ip_addr_decoder_inst/data_reg_axi_enable_1_1_reg_replica_7/C (clocked by clk_fpga_1) and broncho_video_i/clahe_ip_0/inst/u_clahe_ip_dut_inst/u_clahe_ip_src_CLAHE/u_AXI_Read_FIFO/u_ctrl_fwft_fifo/u_SoC_Variant_HDL_FIFO/u_SoC_Variant_HDL_FIFO/u_Fixed_Point_Types_HDL_FIFO/fifo_sample_count_reg[0]/CE (clocked by clk_fpga_0). Large setup violations at the end of those stages might be difficult to fix during the post-placement implementation flow and could be the result of non-optimal XDC constraints or non-optimal design architecture
Related violations: <none>

TIMING-16#820 Warning
Large setup violation  
There is a large setup violation of -3.250 ns between broncho_video_i/clahe_ip_0/inst/u_clahe_ip_axi_lite_inst/u_clahe_ip_addr_decoder_inst/data_reg_axi_enable_1_1_reg_replica_7/C (clocked by clk_fpga_1) and broncho_video_i/clahe_ip_0/inst/u_clahe_ip_dut_inst/u_clahe_ip_src_CLAHE/u_AXI_Read_FIFO/u_ctrl_fwft_fifo/u_SoC_Variant_HDL_FIFO/u_SoC_Variant_HDL_FIFO/u_Fixed_Point_Types_HDL_FIFO/fifo_sample_count_reg[11]/CE (clocked by clk_fpga_0). Large setup violations at the end of those stages might be difficult to fix during the post-placement implementation flow and could be the result of non-optimal XDC constraints or non-optimal design architecture
Related violations: <none>

TIMING-16#821 Warning
Large setup violation  
There is a large setup violation of -3.255 ns between broncho_video_i/clahe_ip_0/inst/u_clahe_ip_axi_lite_inst/u_clahe_ip_addr_decoder_inst/data_reg_AXI4_Master_0_Wr_base_address_1_1_reg[6]/C (clocked by clk_fpga_1) and broncho_video_i/clahe_ip_0/inst/u_clahe_ip_axi4_master_0_wr_inst/u_clahe_ip_wr_addr_fifo_inst/u_clahe_ip_wr_addr_fifo_classic_ram/ram_reg_0_15_6_11/RAMB_D1/I (clocked by clk_fpga_0). Large setup violations at the end of those stages might be difficult to fix during the post-placement implementation flow and could be the result of non-optimal XDC constraints or non-optimal design architecture
Related violations: <none>

TIMING-16#822 Warning
Large setup violation  
There is a large setup violation of -3.257 ns between broncho_video_i/clahe_ip_0/inst/u_clahe_ip_axi_lite_inst/u_clahe_ip_addr_decoder_inst/data_reg_axi_enable_1_1_reg_replica_11/C (clocked by clk_fpga_1) and broncho_video_i/clahe_ip_0/inst/u_clahe_ip_dut_inst/u_clahe_ip_src_CLAHE/u_AXI4_Master_Write_Controller/burst_count_reg[10]/CE (clocked by clk_fpga_0). Large setup violations at the end of those stages might be difficult to fix during the post-placement implementation flow and could be the result of non-optimal XDC constraints or non-optimal design architecture
Related violations: <none>

TIMING-16#823 Warning
Large setup violation  
There is a large setup violation of -3.257 ns between broncho_video_i/clahe_ip_0/inst/u_clahe_ip_axi_lite_inst/u_clahe_ip_addr_decoder_inst/data_reg_axi_enable_1_1_reg_replica_11/C (clocked by clk_fpga_1) and broncho_video_i/clahe_ip_0/inst/u_clahe_ip_dut_inst/u_clahe_ip_src_CLAHE/u_AXI4_Master_Write_Controller/burst_count_reg[11]/CE (clocked by clk_fpga_0). Large setup violations at the end of those stages might be difficult to fix during the post-placement implementation flow and could be the result of non-optimal XDC constraints or non-optimal design architecture
Related violations: <none>

TIMING-16#824 Warning
Large setup violation  
There is a large setup violation of -3.257 ns between broncho_video_i/clahe_ip_0/inst/u_clahe_ip_axi_lite_inst/u_clahe_ip_addr_decoder_inst/data_reg_axi_enable_1_1_reg_replica_11/C (clocked by clk_fpga_1) and broncho_video_i/clahe_ip_0/inst/u_clahe_ip_dut_inst/u_clahe_ip_src_CLAHE/u_AXI4_Master_Write_Controller/burst_count_reg[12]/CE (clocked by clk_fpga_0). Large setup violations at the end of those stages might be difficult to fix during the post-placement implementation flow and could be the result of non-optimal XDC constraints or non-optimal design architecture
Related violations: <none>

TIMING-16#825 Warning
Large setup violation  
There is a large setup violation of -3.257 ns between broncho_video_i/clahe_ip_0/inst/u_clahe_ip_axi_lite_inst/u_clahe_ip_addr_decoder_inst/data_reg_axi_enable_1_1_reg_replica_11/C (clocked by clk_fpga_1) and broncho_video_i/clahe_ip_0/inst/u_clahe_ip_dut_inst/u_clahe_ip_src_CLAHE/u_AXI4_Master_Write_Controller/burst_count_reg[13]/CE (clocked by clk_fpga_0). Large setup violations at the end of those stages might be difficult to fix during the post-placement implementation flow and could be the result of non-optimal XDC constraints or non-optimal design architecture
Related violations: <none>

TIMING-16#826 Warning
Large setup violation  
There is a large setup violation of -3.257 ns between broncho_video_i/clahe_ip_0/inst/u_clahe_ip_axi_lite_inst/u_clahe_ip_addr_decoder_inst/data_reg_axi_enable_1_1_reg_replica_11/C (clocked by clk_fpga_1) and broncho_video_i/clahe_ip_0/inst/u_clahe_ip_dut_inst/u_clahe_ip_src_CLAHE/u_AXI4_Master_Write_Controller/burst_count_reg[4]/CE (clocked by clk_fpga_0). Large setup violations at the end of those stages might be difficult to fix during the post-placement implementation flow and could be the result of non-optimal XDC constraints or non-optimal design architecture
Related violations: <none>

TIMING-16#827 Warning
Large setup violation  
There is a large setup violation of -3.257 ns between broncho_video_i/clahe_ip_0/inst/u_clahe_ip_axi_lite_inst/u_clahe_ip_addr_decoder_inst/data_reg_axi_enable_1_1_reg_replica_11/C (clocked by clk_fpga_1) and broncho_video_i/clahe_ip_0/inst/u_clahe_ip_dut_inst/u_clahe_ip_src_CLAHE/u_AXI4_Master_Write_Controller/burst_count_reg[5]/CE (clocked by clk_fpga_0). Large setup violations at the end of those stages might be difficult to fix during the post-placement implementation flow and could be the result of non-optimal XDC constraints or non-optimal design architecture
Related violations: <none>

TIMING-16#828 Warning
Large setup violation  
There is a large setup violation of -3.261 ns between broncho_video_i/clahe_ip_0/inst/u_clahe_ip_axi_lite_inst/u_clahe_ip_addr_decoder_inst/data_reg_AXI4_Master_0_Wr_base_address_1_1_reg[6]/C (clocked by clk_fpga_1) and broncho_video_i/clahe_ip_0/inst/u_clahe_ip_axi4_master_0_wr_inst/u_clahe_ip_wr_addr_fifo_inst/u_clahe_ip_wr_addr_fifo_classic_ram/ram_reg_0_15_6_11/RAMB/I (clocked by clk_fpga_0). Large setup violations at the end of those stages might be difficult to fix during the post-placement implementation flow and could be the result of non-optimal XDC constraints or non-optimal design architecture
Related violations: <none>

TIMING-16#829 Warning
Large setup violation  
There is a large setup violation of -3.261 ns between broncho_video_i/clahe_ip_0/inst/u_clahe_ip_axi_lite_inst/u_clahe_ip_addr_decoder_inst/data_reg_axi_enable_1_1_reg_replica_7/C (clocked by clk_fpga_1) and broncho_video_i/clahe_ip_0/inst/u_clahe_ip_dut_inst/u_clahe_ip_src_CLAHE/u_AXI_Read_FIFO/u_ctrl_fwft_fifo/u_SoC_Variant_HDL_FIFO/u_SoC_Variant_HDL_FIFO/u_Fixed_Point_Types_HDL_FIFO/fifo_sample_count_reg[5]/CE (clocked by clk_fpga_0). Large setup violations at the end of those stages might be difficult to fix during the post-placement implementation flow and could be the result of non-optimal XDC constraints or non-optimal design architecture
Related violations: <none>

TIMING-16#830 Warning
Large setup violation  
There is a large setup violation of -3.267 ns between broncho_video_i/clahe_ip_0/inst/u_clahe_ip_axi_lite_inst/u_clahe_ip_addr_decoder_inst/data_reg_AXI4_Master_0_Wr_base_address_1_1_reg[6]/C (clocked by clk_fpga_1) and broncho_video_i/clahe_ip_0/inst/u_clahe_ip_axi4_master_0_wr_inst/u_clahe_ip_wr_addr_fifo_inst/u_clahe_ip_wr_addr_fifo_classic_ram/ram_reg_0_15_6_11/RAMC/I (clocked by clk_fpga_0). Large setup violations at the end of those stages might be difficult to fix during the post-placement implementation flow and could be the result of non-optimal XDC constraints or non-optimal design architecture
Related violations: <none>

TIMING-16#831 Warning
Large setup violation  
There is a large setup violation of -3.267 ns between broncho_video_i/clahe_ip_0/inst/u_clahe_ip_axi_lite_inst/u_clahe_ip_addr_decoder_inst/data_reg_axi_enable_1_1_reg_replica_11/C (clocked by clk_fpga_1) and broncho_video_i/clahe_ip_0/inst/u_clahe_ip_dut_inst/u_clahe_ip_src_CLAHE/u_AXI4_Master_Write_Controller/burst_count_reg[28]/CE (clocked by clk_fpga_0). Large setup violations at the end of those stages might be difficult to fix during the post-placement implementation flow and could be the result of non-optimal XDC constraints or non-optimal design architecture
Related violations: <none>

TIMING-16#832 Warning
Large setup violation  
There is a large setup violation of -3.267 ns between broncho_video_i/clahe_ip_0/inst/u_clahe_ip_axi_lite_inst/u_clahe_ip_addr_decoder_inst/data_reg_axi_enable_1_1_reg_replica_11/C (clocked by clk_fpga_1) and broncho_video_i/clahe_ip_0/inst/u_clahe_ip_dut_inst/u_clahe_ip_src_CLAHE/u_AXI4_Master_Write_Controller/burst_count_reg[29]/CE (clocked by clk_fpga_0). Large setup violations at the end of those stages might be difficult to fix during the post-placement implementation flow and could be the result of non-optimal XDC constraints or non-optimal design architecture
Related violations: <none>

TIMING-16#833 Warning
Large setup violation  
There is a large setup violation of -3.267 ns between broncho_video_i/clahe_ip_0/inst/u_clahe_ip_axi_lite_inst/u_clahe_ip_addr_decoder_inst/data_reg_axi_enable_1_1_reg_replica_11/C (clocked by clk_fpga_1) and broncho_video_i/clahe_ip_0/inst/u_clahe_ip_dut_inst/u_clahe_ip_src_CLAHE/u_AXI4_Master_Write_Controller/burst_count_reg[30]/CE (clocked by clk_fpga_0). Large setup violations at the end of those stages might be difficult to fix during the post-placement implementation flow and could be the result of non-optimal XDC constraints or non-optimal design architecture
Related violations: <none>

TIMING-16#834 Warning
Large setup violation  
There is a large setup violation of -3.267 ns between broncho_video_i/clahe_ip_0/inst/u_clahe_ip_axi_lite_inst/u_clahe_ip_addr_decoder_inst/data_reg_axi_enable_1_1_reg_replica_11/C (clocked by clk_fpga_1) and broncho_video_i/clahe_ip_0/inst/u_clahe_ip_dut_inst/u_clahe_ip_src_CLAHE/u_AXI4_Master_Write_Controller/burst_count_reg[31]/CE (clocked by clk_fpga_0). Large setup violations at the end of those stages might be difficult to fix during the post-placement implementation flow and could be the result of non-optimal XDC constraints or non-optimal design architecture
Related violations: <none>

TIMING-16#835 Warning
Large setup violation  
There is a large setup violation of -3.271 ns between broncho_video_i/clahe_ip_0/inst/u_clahe_ip_axi_lite_inst/u_clahe_ip_addr_decoder_inst/data_reg_axi_enable_1_1_reg_replica_7/C (clocked by clk_fpga_1) and broncho_video_i/clahe_ip_0/inst/u_clahe_ip_dut_inst/u_clahe_ip_src_CLAHE/u_AXI_Read_FIFO/u_ctrl_fwft_fifo/u_SoC_Variant_HDL_FIFO/u_SoC_Variant_HDL_FIFO/u_Fixed_Point_Types_HDL_FIFO/fifo_sample_count_reg[1]/CE (clocked by clk_fpga_0). Large setup violations at the end of those stages might be difficult to fix during the post-placement implementation flow and could be the result of non-optimal XDC constraints or non-optimal design architecture
Related violations: <none>

TIMING-16#836 Warning
Large setup violation  
There is a large setup violation of -3.271 ns between broncho_video_i/clahe_ip_0/inst/u_clahe_ip_axi_lite_inst/u_clahe_ip_addr_decoder_inst/data_reg_axi_enable_1_1_reg_replica_7/C (clocked by clk_fpga_1) and broncho_video_i/clahe_ip_0/inst/u_clahe_ip_dut_inst/u_clahe_ip_src_CLAHE/u_AXI_Read_FIFO/u_ctrl_fwft_fifo/u_SoC_Variant_HDL_FIFO/u_SoC_Variant_HDL_FIFO/u_Fixed_Point_Types_HDL_FIFO/fifo_sample_count_reg[2]/CE (clocked by clk_fpga_0). Large setup violations at the end of those stages might be difficult to fix during the post-placement implementation flow and could be the result of non-optimal XDC constraints or non-optimal design architecture
Related violations: <none>

TIMING-16#837 Warning
Large setup violation  
There is a large setup violation of -3.271 ns between broncho_video_i/clahe_ip_0/inst/u_clahe_ip_axi_lite_inst/u_clahe_ip_addr_decoder_inst/data_reg_axi_enable_1_1_reg_replica_7/C (clocked by clk_fpga_1) and broncho_video_i/clahe_ip_0/inst/u_clahe_ip_dut_inst/u_clahe_ip_src_CLAHE/u_AXI_Read_FIFO/u_ctrl_fwft_fifo/u_SoC_Variant_HDL_FIFO/u_SoC_Variant_HDL_FIFO/u_Fixed_Point_Types_HDL_FIFO/fifo_sample_count_reg[3]/CE (clocked by clk_fpga_0). Large setup violations at the end of those stages might be difficult to fix during the post-placement implementation flow and could be the result of non-optimal XDC constraints or non-optimal design architecture
Related violations: <none>

TIMING-16#838 Warning
Large setup violation  
There is a large setup violation of -3.271 ns between broncho_video_i/clahe_ip_0/inst/u_clahe_ip_axi_lite_inst/u_clahe_ip_addr_decoder_inst/data_reg_axi_enable_1_1_reg_replica_7/C (clocked by clk_fpga_1) and broncho_video_i/clahe_ip_0/inst/u_clahe_ip_dut_inst/u_clahe_ip_src_CLAHE/u_AXI_Read_FIFO/u_ctrl_fwft_fifo/u_SoC_Variant_HDL_FIFO/u_SoC_Variant_HDL_FIFO/u_Fixed_Point_Types_HDL_FIFO/fifo_sample_count_reg[4]/CE (clocked by clk_fpga_0). Large setup violations at the end of those stages might be difficult to fix during the post-placement implementation flow and could be the result of non-optimal XDC constraints or non-optimal design architecture
Related violations: <none>

TIMING-16#839 Warning
Large setup violation  
There is a large setup violation of -3.274 ns between broncho_video_i/clahe_ip_0/inst/u_clahe_ip_axi_lite_inst/u_clahe_ip_addr_decoder_inst/data_reg_axi_enable_1_1_reg_replica_24/C (clocked by clk_fpga_1) and broncho_video_i/clahe_ip_0/inst/u_clahe_ip_dut_inst/u_clahe_ip_src_CLAHE/u_AXI_Read_FIFO/u_ctrl_fwft_fifo/u_SoC_Variant_HDL_FIFO/u_SoC_Variant_HDL_FIFO/u_Fixed_Point_Types_HDL_FIFO/fifo_front_indx_reg[5]/CE (clocked by clk_fpga_0). Large setup violations at the end of those stages might be difficult to fix during the post-placement implementation flow and could be the result of non-optimal XDC constraints or non-optimal design architecture
Related violations: <none>

TIMING-16#840 Warning
Large setup violation  
There is a large setup violation of -3.274 ns between broncho_video_i/clahe_ip_0/inst/u_clahe_ip_axi_lite_inst/u_clahe_ip_addr_decoder_inst/data_reg_axi_enable_1_1_reg_replica_24/C (clocked by clk_fpga_1) and broncho_video_i/clahe_ip_0/inst/u_clahe_ip_dut_inst/u_clahe_ip_src_CLAHE/u_AXI_Read_FIFO/u_ctrl_fwft_fifo/u_SoC_Variant_HDL_FIFO/u_SoC_Variant_HDL_FIFO/u_Fixed_Point_Types_HDL_FIFO/fifo_front_indx_reg[6]/CE (clocked by clk_fpga_0). Large setup violations at the end of those stages might be difficult to fix during the post-placement implementation flow and could be the result of non-optimal XDC constraints or non-optimal design architecture
Related violations: <none>

TIMING-16#841 Warning
Large setup violation  
There is a large setup violation of -3.274 ns between broncho_video_i/clahe_ip_0/inst/u_clahe_ip_axi_lite_inst/u_clahe_ip_addr_decoder_inst/data_reg_axi_enable_1_1_reg_replica_24/C (clocked by clk_fpga_1) and broncho_video_i/clahe_ip_0/inst/u_clahe_ip_dut_inst/u_clahe_ip_src_CLAHE/u_AXI_Read_FIFO/u_ctrl_fwft_fifo/u_SoC_Variant_HDL_FIFO/u_SoC_Variant_HDL_FIFO/u_Fixed_Point_Types_HDL_FIFO/fifo_front_indx_reg[7]/CE (clocked by clk_fpga_0). Large setup violations at the end of those stages might be difficult to fix during the post-placement implementation flow and could be the result of non-optimal XDC constraints or non-optimal design architecture
Related violations: <none>

TIMING-16#842 Warning
Large setup violation  
There is a large setup violation of -3.274 ns between broncho_video_i/clahe_ip_0/inst/u_clahe_ip_axi_lite_inst/u_clahe_ip_addr_decoder_inst/data_reg_axi_enable_1_1_reg_replica_24/C (clocked by clk_fpga_1) and broncho_video_i/clahe_ip_0/inst/u_clahe_ip_dut_inst/u_clahe_ip_src_CLAHE/u_AXI_Read_FIFO/u_ctrl_fwft_fifo/u_SoC_Variant_HDL_FIFO/u_SoC_Variant_HDL_FIFO/u_Fixed_Point_Types_HDL_FIFO/fifo_front_indx_reg[8]/CE (clocked by clk_fpga_0). Large setup violations at the end of those stages might be difficult to fix during the post-placement implementation flow and could be the result of non-optimal XDC constraints or non-optimal design architecture
Related violations: <none>

TIMING-16#843 Warning
Large setup violation  
There is a large setup violation of -3.276 ns between broncho_video_i/clahe_ip_0/inst/u_clahe_ip_axi_lite_inst/u_clahe_ip_addr_decoder_inst/data_reg_axi_enable_1_1_reg_replica_24/C (clocked by clk_fpga_1) and broncho_video_i/clahe_ip_0/inst/u_clahe_ip_dut_inst/u_clahe_ip_src_CLAHE/u_AXI_Read_FIFO/u_ctrl_fwft_fifo/u_SoC_Variant_HDL_FIFO/u_SoC_Variant_HDL_FIFO/u_Fixed_Point_Types_HDL_FIFO/fifo_front_indx_reg[10]/CE (clocked by clk_fpga_0). Large setup violations at the end of those stages might be difficult to fix during the post-placement implementation flow and could be the result of non-optimal XDC constraints or non-optimal design architecture
Related violations: <none>

TIMING-16#844 Warning
Large setup violation  
There is a large setup violation of -3.276 ns between broncho_video_i/clahe_ip_0/inst/u_clahe_ip_axi_lite_inst/u_clahe_ip_addr_decoder_inst/data_reg_axi_enable_1_1_reg_replica_24/C (clocked by clk_fpga_1) and broncho_video_i/clahe_ip_0/inst/u_clahe_ip_dut_inst/u_clahe_ip_src_CLAHE/u_AXI_Read_FIFO/u_ctrl_fwft_fifo/u_SoC_Variant_HDL_FIFO/u_SoC_Variant_HDL_FIFO/u_Fixed_Point_Types_HDL_FIFO/fifo_front_indx_reg[9]/CE (clocked by clk_fpga_0). Large setup violations at the end of those stages might be difficult to fix during the post-placement implementation flow and could be the result of non-optimal XDC constraints or non-optimal design architecture
Related violations: <none>

TIMING-16#845 Warning
Large setup violation  
There is a large setup violation of -3.300 ns between broncho_video_i/clahe_ip_0/inst/u_clahe_ip_axi_lite_inst/u_clahe_ip_addr_decoder_inst/data_reg_axi_enable_1_1_reg_replica_11/C (clocked by clk_fpga_1) and broncho_video_i/clahe_ip_0/inst/u_clahe_ip_dut_inst/u_clahe_ip_src_CLAHE/u_AXI4_Master_Write_Controller/burst_count_reg[14]/CE (clocked by clk_fpga_0). Large setup violations at the end of those stages might be difficult to fix during the post-placement implementation flow and could be the result of non-optimal XDC constraints or non-optimal design architecture
Related violations: <none>

TIMING-16#846 Warning
Large setup violation  
There is a large setup violation of -3.300 ns between broncho_video_i/clahe_ip_0/inst/u_clahe_ip_axi_lite_inst/u_clahe_ip_addr_decoder_inst/data_reg_axi_enable_1_1_reg_replica_11/C (clocked by clk_fpga_1) and broncho_video_i/clahe_ip_0/inst/u_clahe_ip_dut_inst/u_clahe_ip_src_CLAHE/u_AXI4_Master_Write_Controller/burst_count_reg[15]/CE (clocked by clk_fpga_0). Large setup violations at the end of those stages might be difficult to fix during the post-placement implementation flow and could be the result of non-optimal XDC constraints or non-optimal design architecture
Related violations: <none>

TIMING-16#847 Warning
Large setup violation  
There is a large setup violation of -3.300 ns between broncho_video_i/clahe_ip_0/inst/u_clahe_ip_axi_lite_inst/u_clahe_ip_addr_decoder_inst/data_reg_axi_enable_1_1_reg_replica_11/C (clocked by clk_fpga_1) and broncho_video_i/clahe_ip_0/inst/u_clahe_ip_dut_inst/u_clahe_ip_src_CLAHE/u_AXI4_Master_Write_Controller/burst_count_reg[16]/CE (clocked by clk_fpga_0). Large setup violations at the end of those stages might be difficult to fix during the post-placement implementation flow and could be the result of non-optimal XDC constraints or non-optimal design architecture
Related violations: <none>

TIMING-16#848 Warning
Large setup violation  
There is a large setup violation of -3.300 ns between broncho_video_i/clahe_ip_0/inst/u_clahe_ip_axi_lite_inst/u_clahe_ip_addr_decoder_inst/data_reg_axi_enable_1_1_reg_replica_11/C (clocked by clk_fpga_1) and broncho_video_i/clahe_ip_0/inst/u_clahe_ip_dut_inst/u_clahe_ip_src_CLAHE/u_AXI4_Master_Write_Controller/burst_count_reg[17]/CE (clocked by clk_fpga_0). Large setup violations at the end of those stages might be difficult to fix during the post-placement implementation flow and could be the result of non-optimal XDC constraints or non-optimal design architecture
Related violations: <none>

TIMING-16#849 Warning
Large setup violation  
There is a large setup violation of -3.300 ns between broncho_video_i/clahe_ip_0/inst/u_clahe_ip_axi_lite_inst/u_clahe_ip_addr_decoder_inst/data_reg_axi_enable_1_1_reg_replica_11/C (clocked by clk_fpga_1) and broncho_video_i/clahe_ip_0/inst/u_clahe_ip_dut_inst/u_clahe_ip_src_CLAHE/u_AXI4_Master_Write_Controller/burst_count_reg[8]/CE (clocked by clk_fpga_0). Large setup violations at the end of those stages might be difficult to fix during the post-placement implementation flow and could be the result of non-optimal XDC constraints or non-optimal design architecture
Related violations: <none>

TIMING-16#850 Warning
Large setup violation  
There is a large setup violation of -3.300 ns between broncho_video_i/clahe_ip_0/inst/u_clahe_ip_axi_lite_inst/u_clahe_ip_addr_decoder_inst/data_reg_axi_enable_1_1_reg_replica_11/C (clocked by clk_fpga_1) and broncho_video_i/clahe_ip_0/inst/u_clahe_ip_dut_inst/u_clahe_ip_src_CLAHE/u_AXI4_Master_Write_Controller/burst_count_reg[9]/CE (clocked by clk_fpga_0). Large setup violations at the end of those stages might be difficult to fix during the post-placement implementation flow and could be the result of non-optimal XDC constraints or non-optimal design architecture
Related violations: <none>

TIMING-16#851 Warning
Large setup violation  
There is a large setup violation of -3.301 ns between broncho_video_i/clahe_ip_0/inst/u_clahe_ip_axi_lite_inst/u_clahe_ip_addr_decoder_inst/data_reg_axi_enable_1_1_reg_replica_11/C (clocked by clk_fpga_1) and broncho_video_i/clahe_ip_0/inst/u_clahe_ip_dut_inst/u_clahe_ip_src_CLAHE/u_AXI4_Master_Write_Controller/burst_count_reg[18]/CE (clocked by clk_fpga_0). Large setup violations at the end of those stages might be difficult to fix during the post-placement implementation flow and could be the result of non-optimal XDC constraints or non-optimal design architecture
Related violations: <none>

TIMING-16#852 Warning
Large setup violation  
There is a large setup violation of -3.301 ns between broncho_video_i/clahe_ip_0/inst/u_clahe_ip_axi_lite_inst/u_clahe_ip_addr_decoder_inst/data_reg_axi_enable_1_1_reg_replica_11/C (clocked by clk_fpga_1) and broncho_video_i/clahe_ip_0/inst/u_clahe_ip_dut_inst/u_clahe_ip_src_CLAHE/u_AXI4_Master_Write_Controller/burst_count_reg[19]/CE (clocked by clk_fpga_0). Large setup violations at the end of those stages might be difficult to fix during the post-placement implementation flow and could be the result of non-optimal XDC constraints or non-optimal design architecture
Related violations: <none>

TIMING-16#853 Warning
Large setup violation  
There is a large setup violation of -3.341 ns between broncho_video_i/clahe_ip_0/inst/u_clahe_ip_axi_lite_inst/u_clahe_ip_addr_decoder_inst/data_reg_AXI4_Master_0_Wr_base_address_1_1_reg[6]/C (clocked by clk_fpga_1) and broncho_video_i/clahe_ip_0/inst/u_clahe_ip_axi4_master_0_wr_inst/u_clahe_ip_wr_addr_fifo_inst/u_clahe_ip_wr_addr_fifo_classic_ram/ram_reg_0_15_12_17/RAMB/I (clocked by clk_fpga_0). Large setup violations at the end of those stages might be difficult to fix during the post-placement implementation flow and could be the result of non-optimal XDC constraints or non-optimal design architecture
Related violations: <none>

TIMING-16#854 Warning
Large setup violation  
There is a large setup violation of -3.355 ns between broncho_video_i/clahe_ip_0/inst/u_clahe_ip_dut_inst/u_clahe_ip_src_CLAHE/u_AXI4_Master_Read_Controller/line_count_reg[2]/C (clocked by clk_fpga_0) and broncho_video_i/clahe_ip_0/inst/u_clahe_ip_dut_inst/u_clahe_ip_src_CLAHE/u_AXI4_Master_Read_Controller/burst_count_reg[10]/CE (clocked by clk_fpga_0). Large setup violations at the end of those stages might be difficult to fix during the post-placement implementation flow and could be the result of non-optimal XDC constraints or non-optimal design architecture
Related violations: <none>

TIMING-16#855 Warning
Large setup violation  
There is a large setup violation of -3.355 ns between broncho_video_i/clahe_ip_0/inst/u_clahe_ip_dut_inst/u_clahe_ip_src_CLAHE/u_AXI4_Master_Read_Controller/line_count_reg[2]/C (clocked by clk_fpga_0) and broncho_video_i/clahe_ip_0/inst/u_clahe_ip_dut_inst/u_clahe_ip_src_CLAHE/u_AXI4_Master_Read_Controller/burst_count_reg[11]/CE (clocked by clk_fpga_0). Large setup violations at the end of those stages might be difficult to fix during the post-placement implementation flow and could be the result of non-optimal XDC constraints or non-optimal design architecture
Related violations: <none>

TIMING-16#856 Warning
Large setup violation  
There is a large setup violation of -3.355 ns between broncho_video_i/clahe_ip_0/inst/u_clahe_ip_dut_inst/u_clahe_ip_src_CLAHE/u_AXI4_Master_Read_Controller/line_count_reg[2]/C (clocked by clk_fpga_0) and broncho_video_i/clahe_ip_0/inst/u_clahe_ip_dut_inst/u_clahe_ip_src_CLAHE/u_AXI4_Master_Read_Controller/burst_count_reg[4]/CE (clocked by clk_fpga_0). Large setup violations at the end of those stages might be difficult to fix during the post-placement implementation flow and could be the result of non-optimal XDC constraints or non-optimal design architecture
Related violations: <none>

TIMING-16#857 Warning
Large setup violation  
There is a large setup violation of -3.355 ns between broncho_video_i/clahe_ip_0/inst/u_clahe_ip_dut_inst/u_clahe_ip_src_CLAHE/u_AXI4_Master_Read_Controller/line_count_reg[2]/C (clocked by clk_fpga_0) and broncho_video_i/clahe_ip_0/inst/u_clahe_ip_dut_inst/u_clahe_ip_src_CLAHE/u_AXI4_Master_Read_Controller/burst_count_reg[5]/CE (clocked by clk_fpga_0). Large setup violations at the end of those stages might be difficult to fix during the post-placement implementation flow and could be the result of non-optimal XDC constraints or non-optimal design architecture
Related violations: <none>

TIMING-16#858 Warning
Large setup violation  
There is a large setup violation of -3.370 ns between broncho_video_i/clahe_ip_0/inst/u_clahe_ip_axi_lite_inst/u_clahe_ip_addr_decoder_inst/data_reg_axi_enable_1_1_reg_replica_11/C (clocked by clk_fpga_1) and broncho_video_i/clahe_ip_0/inst/u_clahe_ip_dut_inst/u_clahe_ip_src_CLAHE/u_AXI4_Master_Write_Controller/burst_count_reg[0]/CE (clocked by clk_fpga_0). Large setup violations at the end of those stages might be difficult to fix during the post-placement implementation flow and could be the result of non-optimal XDC constraints or non-optimal design architecture
Related violations: <none>

TIMING-16#859 Warning
Large setup violation  
There is a large setup violation of -3.370 ns between broncho_video_i/clahe_ip_0/inst/u_clahe_ip_axi_lite_inst/u_clahe_ip_addr_decoder_inst/data_reg_axi_enable_1_1_reg_replica_11/C (clocked by clk_fpga_1) and broncho_video_i/clahe_ip_0/inst/u_clahe_ip_dut_inst/u_clahe_ip_src_CLAHE/u_AXI4_Master_Write_Controller/burst_count_reg[1]/CE (clocked by clk_fpga_0). Large setup violations at the end of those stages might be difficult to fix during the post-placement implementation flow and could be the result of non-optimal XDC constraints or non-optimal design architecture
Related violations: <none>

TIMING-16#860 Warning
Large setup violation  
There is a large setup violation of -3.370 ns between broncho_video_i/clahe_ip_0/inst/u_clahe_ip_axi_lite_inst/u_clahe_ip_addr_decoder_inst/data_reg_axi_enable_1_1_reg_replica_11/C (clocked by clk_fpga_1) and broncho_video_i/clahe_ip_0/inst/u_clahe_ip_dut_inst/u_clahe_ip_src_CLAHE/u_AXI4_Master_Write_Controller/burst_count_reg[2]/CE (clocked by clk_fpga_0). Large setup violations at the end of those stages might be difficult to fix during the post-placement implementation flow and could be the result of non-optimal XDC constraints or non-optimal design architecture
Related violations: <none>

TIMING-16#861 Warning
Large setup violation  
There is a large setup violation of -3.370 ns between broncho_video_i/clahe_ip_0/inst/u_clahe_ip_axi_lite_inst/u_clahe_ip_addr_decoder_inst/data_reg_axi_enable_1_1_reg_replica_11/C (clocked by clk_fpga_1) and broncho_video_i/clahe_ip_0/inst/u_clahe_ip_dut_inst/u_clahe_ip_src_CLAHE/u_AXI4_Master_Write_Controller/burst_count_reg[3]/CE (clocked by clk_fpga_0). Large setup violations at the end of those stages might be difficult to fix during the post-placement implementation flow and could be the result of non-optimal XDC constraints or non-optimal design architecture
Related violations: <none>

TIMING-16#862 Warning
Large setup violation  
There is a large setup violation of -3.370 ns between broncho_video_i/clahe_ip_0/inst/u_clahe_ip_axi_lite_inst/u_clahe_ip_addr_decoder_inst/data_reg_axi_enable_1_1_reg_replica_11/C (clocked by clk_fpga_1) and broncho_video_i/clahe_ip_0/inst/u_clahe_ip_dut_inst/u_clahe_ip_src_CLAHE/u_AXI4_Master_Write_Controller/burst_count_reg[6]/CE (clocked by clk_fpga_0). Large setup violations at the end of those stages might be difficult to fix during the post-placement implementation flow and could be the result of non-optimal XDC constraints or non-optimal design architecture
Related violations: <none>

TIMING-16#863 Warning
Large setup violation  
There is a large setup violation of -3.370 ns between broncho_video_i/clahe_ip_0/inst/u_clahe_ip_axi_lite_inst/u_clahe_ip_addr_decoder_inst/data_reg_axi_enable_1_1_reg_replica_11/C (clocked by clk_fpga_1) and broncho_video_i/clahe_ip_0/inst/u_clahe_ip_dut_inst/u_clahe_ip_src_CLAHE/u_AXI4_Master_Write_Controller/burst_count_reg[7]/CE (clocked by clk_fpga_0). Large setup violations at the end of those stages might be difficult to fix during the post-placement implementation flow and could be the result of non-optimal XDC constraints or non-optimal design architecture
Related violations: <none>

TIMING-16#864 Warning
Large setup violation  
There is a large setup violation of -3.370 ns between broncho_video_i/clahe_ip_0/inst/u_clahe_ip_axi_lite_inst/u_clahe_ip_addr_decoder_inst/data_reg_axi_enable_1_1_reg_replica_11/C (clocked by clk_fpga_1) and broncho_video_i/clahe_ip_0/inst/u_clahe_ip_dut_inst/u_clahe_ip_src_CLAHE/u_AXI4_Master_Write_Controller/data_valid_reg/CE (clocked by clk_fpga_0). Large setup violations at the end of those stages might be difficult to fix during the post-placement implementation flow and could be the result of non-optimal XDC constraints or non-optimal design architecture
Related violations: <none>

TIMING-16#865 Warning
Large setup violation  
There is a large setup violation of -3.382 ns between broncho_video_i/clahe_ip_0/inst/u_clahe_ip_dut_inst/u_clahe_ip_src_CLAHE/u_AXI4_Master_Read_Controller/line_count_reg[2]/C (clocked by clk_fpga_0) and broncho_video_i/clahe_ip_0/inst/u_clahe_ip_dut_inst/u_clahe_ip_src_CLAHE/u_AXI4_Master_Read_Controller/burst_count_reg[12]/CE (clocked by clk_fpga_0). Large setup violations at the end of those stages might be difficult to fix during the post-placement implementation flow and could be the result of non-optimal XDC constraints or non-optimal design architecture
Related violations: <none>

TIMING-16#866 Warning
Large setup violation  
There is a large setup violation of -3.382 ns between broncho_video_i/clahe_ip_0/inst/u_clahe_ip_dut_inst/u_clahe_ip_src_CLAHE/u_AXI4_Master_Read_Controller/line_count_reg[2]/C (clocked by clk_fpga_0) and broncho_video_i/clahe_ip_0/inst/u_clahe_ip_dut_inst/u_clahe_ip_src_CLAHE/u_AXI4_Master_Read_Controller/burst_count_reg[13]/CE (clocked by clk_fpga_0). Large setup violations at the end of those stages might be difficult to fix during the post-placement implementation flow and could be the result of non-optimal XDC constraints or non-optimal design architecture
Related violations: <none>

TIMING-16#867 Warning
Large setup violation  
There is a large setup violation of -3.382 ns between broncho_video_i/clahe_ip_0/inst/u_clahe_ip_dut_inst/u_clahe_ip_src_CLAHE/u_AXI4_Master_Read_Controller/line_count_reg[2]/C (clocked by clk_fpga_0) and broncho_video_i/clahe_ip_0/inst/u_clahe_ip_dut_inst/u_clahe_ip_src_CLAHE/u_AXI4_Master_Read_Controller/burst_count_reg[14]/CE (clocked by clk_fpga_0). Large setup violations at the end of those stages might be difficult to fix during the post-placement implementation flow and could be the result of non-optimal XDC constraints or non-optimal design architecture
Related violations: <none>

TIMING-16#868 Warning
Large setup violation  
There is a large setup violation of -3.382 ns between broncho_video_i/clahe_ip_0/inst/u_clahe_ip_dut_inst/u_clahe_ip_src_CLAHE/u_AXI4_Master_Read_Controller/line_count_reg[2]/C (clocked by clk_fpga_0) and broncho_video_i/clahe_ip_0/inst/u_clahe_ip_dut_inst/u_clahe_ip_src_CLAHE/u_AXI4_Master_Read_Controller/burst_count_reg[15]/CE (clocked by clk_fpga_0). Large setup violations at the end of those stages might be difficult to fix during the post-placement implementation flow and could be the result of non-optimal XDC constraints or non-optimal design architecture
Related violations: <none>

TIMING-16#869 Warning
Large setup violation  
There is a large setup violation of -3.382 ns between broncho_video_i/clahe_ip_0/inst/u_clahe_ip_dut_inst/u_clahe_ip_src_CLAHE/u_AXI4_Master_Read_Controller/line_count_reg[2]/C (clocked by clk_fpga_0) and broncho_video_i/clahe_ip_0/inst/u_clahe_ip_dut_inst/u_clahe_ip_src_CLAHE/u_AXI4_Master_Read_Controller/burst_count_reg[18]/CE (clocked by clk_fpga_0). Large setup violations at the end of those stages might be difficult to fix during the post-placement implementation flow and could be the result of non-optimal XDC constraints or non-optimal design architecture
Related violations: <none>

TIMING-16#870 Warning
Large setup violation  
There is a large setup violation of -3.382 ns between broncho_video_i/clahe_ip_0/inst/u_clahe_ip_dut_inst/u_clahe_ip_src_CLAHE/u_AXI4_Master_Read_Controller/line_count_reg[2]/C (clocked by clk_fpga_0) and broncho_video_i/clahe_ip_0/inst/u_clahe_ip_dut_inst/u_clahe_ip_src_CLAHE/u_AXI4_Master_Read_Controller/burst_count_reg[19]/CE (clocked by clk_fpga_0). Large setup violations at the end of those stages might be difficult to fix during the post-placement implementation flow and could be the result of non-optimal XDC constraints or non-optimal design architecture
Related violations: <none>

TIMING-16#871 Warning
Large setup violation  
There is a large setup violation of -3.383 ns between broncho_video_i/clahe_ip_0/inst/u_clahe_ip_axi_lite_inst/u_clahe_ip_addr_decoder_inst/data_reg_AXI4_Master_0_Wr_base_address_1_1_reg[6]/C (clocked by clk_fpga_1) and broncho_video_i/clahe_ip_0/inst/u_clahe_ip_axi4_master_0_wr_inst/u_clahe_ip_wr_addr_fifo_inst/u_clahe_ip_wr_addr_fifo_classic_ram/ram_reg_0_15_12_17/RAMB_D1/I (clocked by clk_fpga_0). Large setup violations at the end of those stages might be difficult to fix during the post-placement implementation flow and could be the result of non-optimal XDC constraints or non-optimal design architecture
Related violations: <none>

TIMING-16#872 Warning
Large setup violation  
There is a large setup violation of -3.390 ns between broncho_video_i/clahe_ip_0/inst/u_clahe_ip_dut_inst/u_clahe_ip_src_CLAHE/u_AXI4_Master_Read_Controller/line_count_reg[2]/C (clocked by clk_fpga_0) and broncho_video_i/clahe_ip_0/inst/u_clahe_ip_dut_inst/u_clahe_ip_src_CLAHE/u_AXI4_Master_Read_Controller/burst_count_reg[2]/CE (clocked by clk_fpga_0). Large setup violations at the end of those stages might be difficult to fix during the post-placement implementation flow and could be the result of non-optimal XDC constraints or non-optimal design architecture
Related violations: <none>

TIMING-16#873 Warning
Large setup violation  
There is a large setup violation of -3.390 ns between broncho_video_i/clahe_ip_0/inst/u_clahe_ip_dut_inst/u_clahe_ip_src_CLAHE/u_AXI4_Master_Read_Controller/line_count_reg[2]/C (clocked by clk_fpga_0) and broncho_video_i/clahe_ip_0/inst/u_clahe_ip_dut_inst/u_clahe_ip_src_CLAHE/u_AXI4_Master_Read_Controller/burst_count_reg[3]/CE (clocked by clk_fpga_0). Large setup violations at the end of those stages might be difficult to fix during the post-placement implementation flow and could be the result of non-optimal XDC constraints or non-optimal design architecture
Related violations: <none>

TIMING-16#874 Warning
Large setup violation  
There is a large setup violation of -3.393 ns between broncho_video_i/clahe_ip_0/inst/u_clahe_ip_axi_lite_inst/u_clahe_ip_addr_decoder_inst/data_reg_AXI4_Master_0_Wr_base_address_1_1_reg[6]/C (clocked by clk_fpga_1) and broncho_video_i/clahe_ip_0/inst/u_clahe_ip_axi4_master_0_wr_inst/u_clahe_ip_wr_addr_fifo_inst/u_clahe_ip_wr_addr_fifo_classic_ram/ram_reg_0_15_12_17/RAMA_D1/I (clocked by clk_fpga_0). Large setup violations at the end of those stages might be difficult to fix during the post-placement implementation flow and could be the result of non-optimal XDC constraints or non-optimal design architecture
Related violations: <none>

TIMING-16#875 Warning
Large setup violation  
There is a large setup violation of -3.398 ns between broncho_video_i/clahe_ip_0/inst/u_clahe_ip_axi_lite_inst/u_clahe_ip_addr_decoder_inst/data_reg_axi_enable_1_1_reg_replica_10/C (clocked by clk_fpga_1) and broncho_video_i/clahe_ip_0/inst/u_clahe_ip_dut_inst/u_clahe_ip_src_CLAHE/u_AXI_Read_FIFO/u_ctrl_fwft_fifo/u_SoC_Variant_HDL_FIFO/u_SoC_Variant_HDL_FIFO/u_Fixed_Point_Types_HDL_FIFO/fifo_back_indx_reg[0]/CE (clocked by clk_fpga_0). Large setup violations at the end of those stages might be difficult to fix during the post-placement implementation flow and could be the result of non-optimal XDC constraints or non-optimal design architecture
Related violations: <none>

TIMING-16#876 Warning
Large setup violation  
There is a large setup violation of -3.429 ns between broncho_video_i/clahe_ip_0/inst/u_clahe_ip_dut_inst/u_clahe_ip_src_CLAHE/u_AXI4_Master_Read_Controller/line_count_reg[2]/C (clocked by clk_fpga_0) and broncho_video_i/clahe_ip_0/inst/u_clahe_ip_dut_inst/u_clahe_ip_src_CLAHE/u_AXI4_Master_Read_Controller/burst_count_reg[20]/CE (clocked by clk_fpga_0). Large setup violations at the end of those stages might be difficult to fix during the post-placement implementation flow and could be the result of non-optimal XDC constraints or non-optimal design architecture
Related violations: <none>

TIMING-16#877 Warning
Large setup violation  
There is a large setup violation of -3.429 ns between broncho_video_i/clahe_ip_0/inst/u_clahe_ip_dut_inst/u_clahe_ip_src_CLAHE/u_AXI4_Master_Read_Controller/line_count_reg[2]/C (clocked by clk_fpga_0) and broncho_video_i/clahe_ip_0/inst/u_clahe_ip_dut_inst/u_clahe_ip_src_CLAHE/u_AXI4_Master_Read_Controller/burst_count_reg[21]/CE (clocked by clk_fpga_0). Large setup violations at the end of those stages might be difficult to fix during the post-placement implementation flow and could be the result of non-optimal XDC constraints or non-optimal design architecture
Related violations: <none>

TIMING-16#878 Warning
Large setup violation  
There is a large setup violation of -3.435 ns between broncho_video_i/clahe_ip_0/inst/u_clahe_ip_axi_lite_inst/u_clahe_ip_addr_decoder_inst/data_reg_AXI4_Master_0_Wr_base_address_1_1_reg[6]/C (clocked by clk_fpga_1) and broncho_video_i/clahe_ip_0/inst/u_clahe_ip_axi4_master_0_wr_inst/u_clahe_ip_wr_addr_fifo_inst/u_clahe_ip_wr_addr_fifo_classic_ram/ram_reg_0_15_18_23/RAMB/I (clocked by clk_fpga_0). Large setup violations at the end of those stages might be difficult to fix during the post-placement implementation flow and could be the result of non-optimal XDC constraints or non-optimal design architecture
Related violations: <none>

TIMING-16#879 Warning
Large setup violation  
There is a large setup violation of -3.453 ns between broncho_video_i/clahe_ip_0/inst/u_clahe_ip_axi_lite_inst/u_clahe_ip_addr_decoder_inst/data_reg_AXI4_Master_0_Wr_base_address_1_1_reg[6]/C (clocked by clk_fpga_1) and broncho_video_i/clahe_ip_0/inst/u_clahe_ip_axi4_master_0_wr_inst/u_clahe_ip_wr_addr_fifo_inst/u_clahe_ip_wr_addr_fifo_classic_ram/ram_reg_0_15_12_17/RAMC/I (clocked by clk_fpga_0). Large setup violations at the end of those stages might be difficult to fix during the post-placement implementation flow and could be the result of non-optimal XDC constraints or non-optimal design architecture
Related violations: <none>

TIMING-16#880 Warning
Large setup violation  
There is a large setup violation of -3.469 ns between broncho_video_i/clahe_ip_0/inst/u_clahe_ip_axi_lite_inst/u_clahe_ip_addr_decoder_inst/data_reg_AXI4_Master_0_Wr_base_address_1_1_reg[6]/C (clocked by clk_fpga_1) and broncho_video_i/clahe_ip_0/inst/u_clahe_ip_axi4_master_0_wr_inst/u_clahe_ip_wr_addr_fifo_inst/u_clahe_ip_wr_addr_fifo_classic_ram/ram_reg_0_15_18_23/RAMA/I (clocked by clk_fpga_0). Large setup violations at the end of those stages might be difficult to fix during the post-placement implementation flow and could be the result of non-optimal XDC constraints or non-optimal design architecture
Related violations: <none>

TIMING-16#881 Warning
Large setup violation  
There is a large setup violation of -3.474 ns between broncho_video_i/clahe_ip_0/inst/u_clahe_ip_dut_inst/u_clahe_ip_src_CLAHE/u_AXI4_Master_Read_Controller/line_count_reg[2]/C (clocked by clk_fpga_0) and broncho_video_i/clahe_ip_0/inst/u_clahe_ip_dut_inst/u_clahe_ip_src_CLAHE/u_AXI4_Master_Read_Controller/burst_count_reg[30]/CE (clocked by clk_fpga_0). Large setup violations at the end of those stages might be difficult to fix during the post-placement implementation flow and could be the result of non-optimal XDC constraints or non-optimal design architecture
Related violations: <none>

TIMING-16#882 Warning
Large setup violation  
There is a large setup violation of -3.474 ns between broncho_video_i/clahe_ip_0/inst/u_clahe_ip_dut_inst/u_clahe_ip_src_CLAHE/u_AXI4_Master_Read_Controller/line_count_reg[2]/C (clocked by clk_fpga_0) and broncho_video_i/clahe_ip_0/inst/u_clahe_ip_dut_inst/u_clahe_ip_src_CLAHE/u_AXI4_Master_Read_Controller/burst_count_reg[31]/CE (clocked by clk_fpga_0). Large setup violations at the end of those stages might be difficult to fix during the post-placement implementation flow and could be the result of non-optimal XDC constraints or non-optimal design architecture
Related violations: <none>

TIMING-16#883 Warning
Large setup violation  
There is a large setup violation of -3.476 ns between broncho_video_i/clahe_ip_0/inst/u_clahe_ip_axi_lite_inst/u_clahe_ip_addr_decoder_inst/data_reg_axi_enable_1_1_reg_replica_24/C (clocked by clk_fpga_1) and broncho_video_i/clahe_ip_0/inst/u_clahe_ip_dut_inst/u_clahe_ip_src_CLAHE/u_AXI_Read_FIFO/u_ctrl_fwft_fifo/u_SoC_Variant_HDL_FIFO/u_SoC_Variant_HDL_FIFO/u_Fixed_Point_Types_HDL_FIFO/fifo_front_indx_reg[0]/CE (clocked by clk_fpga_0). Large setup violations at the end of those stages might be difficult to fix during the post-placement implementation flow and could be the result of non-optimal XDC constraints or non-optimal design architecture
Related violations: <none>

TIMING-16#884 Warning
Large setup violation  
There is a large setup violation of -3.488 ns between broncho_video_i/clahe_ip_0/inst/u_clahe_ip_axi_lite_inst/u_clahe_ip_addr_decoder_inst/data_reg_AXI4_Master_0_Wr_base_address_1_1_reg[6]/C (clocked by clk_fpga_1) and broncho_video_i/clahe_ip_0/inst/u_clahe_ip_axi4_master_0_wr_inst/u_clahe_ip_wr_addr_fifo_inst/u_clahe_ip_wr_addr_fifo_classic_ram/ram_reg_0_15_18_23/RAMA_D1/I (clocked by clk_fpga_0). Large setup violations at the end of those stages might be difficult to fix during the post-placement implementation flow and could be the result of non-optimal XDC constraints or non-optimal design architecture
Related violations: <none>

TIMING-16#885 Warning
Large setup violation  
There is a large setup violation of -3.506 ns between broncho_video_i/clahe_ip_0/inst/u_clahe_ip_axi_lite_inst/u_clahe_ip_addr_decoder_inst/data_reg_AXI4_Master_0_Wr_base_address_1_1_reg[6]/C (clocked by clk_fpga_1) and broncho_video_i/clahe_ip_0/inst/u_clahe_ip_axi4_master_0_wr_inst/u_clahe_ip_wr_addr_fifo_inst/u_clahe_ip_wr_addr_fifo_classic_ram/ram_reg_0_15_24_29/RAMA/I (clocked by clk_fpga_0). Large setup violations at the end of those stages might be difficult to fix during the post-placement implementation flow and could be the result of non-optimal XDC constraints or non-optimal design architecture
Related violations: <none>

TIMING-16#886 Warning
Large setup violation  
There is a large setup violation of -3.553 ns between broncho_video_i/clahe_ip_0/inst/u_clahe_ip_axi_lite_inst/u_clahe_ip_addr_decoder_inst/data_reg_AXI4_Master_0_Wr_base_address_1_1_reg[6]/C (clocked by clk_fpga_1) and broncho_video_i/clahe_ip_0/inst/u_clahe_ip_axi4_master_0_wr_inst/u_clahe_ip_wr_addr_fifo_inst/u_clahe_ip_wr_addr_fifo_classic_ram/ram_reg_0_15_18_23/RAMC/I (clocked by clk_fpga_0). Large setup violations at the end of those stages might be difficult to fix during the post-placement implementation flow and could be the result of non-optimal XDC constraints or non-optimal design architecture
Related violations: <none>

TIMING-16#887 Warning
Large setup violation  
There is a large setup violation of -3.569 ns between broncho_video_i/clahe_ip_0/inst/u_clahe_ip_axi_lite_inst/u_clahe_ip_addr_decoder_inst/data_reg_AXI4_Master_0_Wr_base_address_1_1_reg[6]/C (clocked by clk_fpga_1) and broncho_video_i/clahe_ip_0/inst/u_clahe_ip_axi4_master_0_wr_inst/u_clahe_ip_wr_addr_fifo_inst/u_clahe_ip_wr_addr_fifo_classic_ram/ram_reg_0_15_24_29/RAMB/I (clocked by clk_fpga_0). Large setup violations at the end of those stages might be difficult to fix during the post-placement implementation flow and could be the result of non-optimal XDC constraints or non-optimal design architecture
Related violations: <none>

TIMING-16#888 Warning
Large setup violation  
There is a large setup violation of -3.578 ns between broncho_video_i/clahe_ip_0/inst/u_clahe_ip_axi_lite_inst/u_clahe_ip_axi_lite_module_inst/u_clahe_ip_reset_hold_inst/reset_hold_module_reset_pending_reg_reg/C (clocked by clk_fpga_1) and broncho_video_i/clahe_ip_0/inst/u_clahe_ip_axi4_master_0_wr_inst/FSM_onehot_axi4_master_wr_wr_astate_reg[1]/D (clocked by clk_fpga_0). Large setup violations at the end of those stages might be difficult to fix during the post-placement implementation flow and could be the result of non-optimal XDC constraints or non-optimal design architecture
Related violations: <none>

TIMING-16#889 Warning
Large setup violation  
There is a large setup violation of -3.585 ns between broncho_video_i/clahe_ip_0/inst/u_clahe_ip_axi_lite_inst/u_clahe_ip_addr_decoder_inst/data_reg_AXI4_Master_0_Wr_base_address_1_1_reg[6]/C (clocked by clk_fpga_1) and broncho_video_i/clahe_ip_0/inst/u_clahe_ip_axi4_master_0_wr_inst/u_clahe_ip_wr_addr_fifo_inst/u_clahe_ip_wr_addr_fifo_classic_ram/ram_reg_0_15_18_23/RAMC_D1/I (clocked by clk_fpga_0). Large setup violations at the end of those stages might be difficult to fix during the post-placement implementation flow and could be the result of non-optimal XDC constraints or non-optimal design architecture
Related violations: <none>

TIMING-16#890 Warning
Large setup violation  
There is a large setup violation of -3.595 ns between broncho_video_i/clahe_ip_0/inst/u_clahe_ip_axi_lite_inst/u_clahe_ip_addr_decoder_inst/data_reg_AXI4_Master_0_Wr_base_address_1_1_reg[6]/C (clocked by clk_fpga_1) and broncho_video_i/clahe_ip_0/inst/u_clahe_ip_axi4_master_0_wr_inst/u_clahe_ip_wr_addr_fifo_inst/u_clahe_ip_wr_addr_fifo_classic_ram/ram_reg_0_15_18_23/RAMB_D1/I (clocked by clk_fpga_0). Large setup violations at the end of those stages might be difficult to fix during the post-placement implementation flow and could be the result of non-optimal XDC constraints or non-optimal design architecture
Related violations: <none>

TIMING-16#891 Warning
Large setup violation  
There is a large setup violation of -3.620 ns between broncho_video_i/clahe_ip_0/inst/u_clahe_ip_axi_lite_inst/u_clahe_ip_addr_decoder_inst/data_reg_AXI4_Master_0_Wr_base_address_1_1_reg[6]/C (clocked by clk_fpga_1) and broncho_video_i/clahe_ip_0/inst/u_clahe_ip_axi4_master_0_wr_inst/u_clahe_ip_wr_addr_fifo_inst/u_clahe_ip_wr_addr_fifo_classic_ram/ram_reg_0_15_12_17/RAMC_D1/I (clocked by clk_fpga_0). Large setup violations at the end of those stages might be difficult to fix during the post-placement implementation flow and could be the result of non-optimal XDC constraints or non-optimal design architecture
Related violations: <none>

TIMING-16#892 Warning
Large setup violation  
There is a large setup violation of -3.621 ns between broncho_video_i/clahe_ip_0/inst/u_clahe_ip_axi_lite_inst/u_clahe_ip_addr_decoder_inst/data_reg_AXI4_Master_0_Wr_base_address_1_1_reg[6]/C (clocked by clk_fpga_1) and broncho_video_i/clahe_ip_0/inst/u_clahe_ip_axi4_master_0_wr_inst/u_clahe_ip_wr_addr_fifo_inst/u_clahe_ip_wr_addr_fifo_classic_ram/ram_reg_0_15_24_29/RAMA_D1/I (clocked by clk_fpga_0). Large setup violations at the end of those stages might be difficult to fix during the post-placement implementation flow and could be the result of non-optimal XDC constraints or non-optimal design architecture
Related violations: <none>

TIMING-16#893 Warning
Large setup violation  
There is a large setup violation of -3.675 ns between broncho_video_i/clahe_ip_0/inst/u_clahe_ip_axi_lite_inst/u_clahe_ip_addr_decoder_inst/data_reg_AXI4_Master_0_Wr_base_address_1_1_reg[6]/C (clocked by clk_fpga_1) and broncho_video_i/clahe_ip_0/inst/u_clahe_ip_axi4_master_0_wr_inst/u_clahe_ip_wr_addr_fifo_inst/u_clahe_ip_wr_addr_fifo_classic_ram/ram_reg_0_15_24_29/RAMB_D1/I (clocked by clk_fpga_0). Large setup violations at the end of those stages might be difficult to fix during the post-placement implementation flow and could be the result of non-optimal XDC constraints or non-optimal design architecture
Related violations: <none>

TIMING-16#894 Warning
Large setup violation  
There is a large setup violation of -3.812 ns between broncho_video_i/clahe_ip_0/inst/u_clahe_ip_dut_inst/u_clahe_ip_src_CLAHE/u_AXI4_Master_Read_Controller/line_count_reg[2]/C (clocked by clk_fpga_0) and broncho_video_i/clahe_ip_0/inst/u_clahe_ip_dut_inst/u_clahe_ip_src_CLAHE/u_AXI4_Master_Read_Controller/rstate_reg[1]/D (clocked by clk_fpga_0). Large setup violations at the end of those stages might be difficult to fix during the post-placement implementation flow and could be the result of non-optimal XDC constraints or non-optimal design architecture
Related violations: <none>

TIMING-16#895 Warning
Large setup violation  
There is a large setup violation of -3.819 ns between broncho_video_i/clahe_ip_0/inst/u_clahe_ip_dut_inst/u_clahe_ip_src_CLAHE/u_AXI4_Master_Read_Controller/line_count_reg[2]/C (clocked by clk_fpga_0) and broncho_video_i/clahe_ip_0/inst/u_clahe_ip_dut_inst/u_clahe_ip_src_CLAHE/u_AXI4_Master_Read_Controller/rstate_reg[0]/D (clocked by clk_fpga_0). Large setup violations at the end of those stages might be difficult to fix during the post-placement implementation flow and could be the result of non-optimal XDC constraints or non-optimal design architecture
Related violations: <none>

TIMING-16#896 Warning
Large setup violation  
There is a large setup violation of -3.831 ns between broncho_video_i/clahe_ip_0/inst/u_clahe_ip_dut_inst/u_clahe_ip_src_CLAHE/u_AXI4_Master_Read_Controller/line_count_reg[2]/C (clocked by clk_fpga_0) and broncho_video_i/clahe_ip_0/inst/u_clahe_ip_dut_inst/u_clahe_ip_src_CLAHE/u_AXI4_Master_Read_Controller/line_count_reg[30]/CE (clocked by clk_fpga_0). Large setup violations at the end of those stages might be difficult to fix during the post-placement implementation flow and could be the result of non-optimal XDC constraints or non-optimal design architecture
Related violations: <none>

TIMING-16#897 Warning
Large setup violation  
There is a large setup violation of -3.831 ns between broncho_video_i/clahe_ip_0/inst/u_clahe_ip_dut_inst/u_clahe_ip_src_CLAHE/u_AXI4_Master_Read_Controller/line_count_reg[2]/C (clocked by clk_fpga_0) and broncho_video_i/clahe_ip_0/inst/u_clahe_ip_dut_inst/u_clahe_ip_src_CLAHE/u_AXI4_Master_Read_Controller/line_count_reg[31]/CE (clocked by clk_fpga_0). Large setup violations at the end of those stages might be difficult to fix during the post-placement implementation flow and could be the result of non-optimal XDC constraints or non-optimal design architecture
Related violations: <none>

TIMING-16#898 Warning
Large setup violation  
There is a large setup violation of -3.850 ns between broncho_video_i/clahe_ip_0/inst/u_clahe_ip_axi_lite_inst/u_clahe_ip_addr_decoder_inst/data_reg_AXI4_Master_0_Wr_base_address_1_1_reg[6]/C (clocked by clk_fpga_1) and broncho_video_i/clahe_ip_0/inst/u_clahe_ip_axi4_master_0_wr_inst/u_clahe_ip_wr_addr_fifo_inst/u_clahe_ip_wr_addr_fifo_classic_ram/ram_reg_0_15_30_31/SP/I (clocked by clk_fpga_0). Large setup violations at the end of those stages might be difficult to fix during the post-placement implementation flow and could be the result of non-optimal XDC constraints or non-optimal design architecture
Related violations: <none>

TIMING-16#899 Warning
Large setup violation  
There is a large setup violation of -3.852 ns between broncho_video_i/clahe_ip_0/inst/u_clahe_ip_dut_inst/u_clahe_ip_src_CLAHE/u_AXI4_Master_Read_Controller/line_count_reg[2]/C (clocked by clk_fpga_0) and broncho_video_i/clahe_ip_0/inst/u_clahe_ip_dut_inst/u_clahe_ip_src_CLAHE/u_AXI4_Master_Read_Controller/line_count_reg[12]/CE (clocked by clk_fpga_0). Large setup violations at the end of those stages might be difficult to fix during the post-placement implementation flow and could be the result of non-optimal XDC constraints or non-optimal design architecture
Related violations: <none>

TIMING-16#900 Warning
Large setup violation  
There is a large setup violation of -3.852 ns between broncho_video_i/clahe_ip_0/inst/u_clahe_ip_dut_inst/u_clahe_ip_src_CLAHE/u_AXI4_Master_Read_Controller/line_count_reg[2]/C (clocked by clk_fpga_0) and broncho_video_i/clahe_ip_0/inst/u_clahe_ip_dut_inst/u_clahe_ip_src_CLAHE/u_AXI4_Master_Read_Controller/line_count_reg[13]/CE (clocked by clk_fpga_0). Large setup violations at the end of those stages might be difficult to fix during the post-placement implementation flow and could be the result of non-optimal XDC constraints or non-optimal design architecture
Related violations: <none>

TIMING-16#901 Warning
Large setup violation  
There is a large setup violation of -3.852 ns between broncho_video_i/clahe_ip_0/inst/u_clahe_ip_dut_inst/u_clahe_ip_src_CLAHE/u_AXI4_Master_Read_Controller/line_count_reg[2]/C (clocked by clk_fpga_0) and broncho_video_i/clahe_ip_0/inst/u_clahe_ip_dut_inst/u_clahe_ip_src_CLAHE/u_AXI4_Master_Read_Controller/line_count_reg[18]/CE (clocked by clk_fpga_0). Large setup violations at the end of those stages might be difficult to fix during the post-placement implementation flow and could be the result of non-optimal XDC constraints or non-optimal design architecture
Related violations: <none>

TIMING-16#902 Warning
Large setup violation  
There is a large setup violation of -3.852 ns between broncho_video_i/clahe_ip_0/inst/u_clahe_ip_dut_inst/u_clahe_ip_src_CLAHE/u_AXI4_Master_Read_Controller/line_count_reg[2]/C (clocked by clk_fpga_0) and broncho_video_i/clahe_ip_0/inst/u_clahe_ip_dut_inst/u_clahe_ip_src_CLAHE/u_AXI4_Master_Read_Controller/line_count_reg[19]/CE (clocked by clk_fpga_0). Large setup violations at the end of those stages might be difficult to fix during the post-placement implementation flow and could be the result of non-optimal XDC constraints or non-optimal design architecture
Related violations: <none>

TIMING-16#903 Warning
Large setup violation  
There is a large setup violation of -3.852 ns between broncho_video_i/clahe_ip_0/inst/u_clahe_ip_dut_inst/u_clahe_ip_src_CLAHE/u_AXI4_Master_Read_Controller/line_count_reg[2]/C (clocked by clk_fpga_0) and broncho_video_i/clahe_ip_0/inst/u_clahe_ip_dut_inst/u_clahe_ip_src_CLAHE/u_AXI4_Master_Read_Controller/line_count_reg[20]/CE (clocked by clk_fpga_0). Large setup violations at the end of those stages might be difficult to fix during the post-placement implementation flow and could be the result of non-optimal XDC constraints or non-optimal design architecture
Related violations: <none>

TIMING-16#904 Warning
Large setup violation  
There is a large setup violation of -3.852 ns between broncho_video_i/clahe_ip_0/inst/u_clahe_ip_dut_inst/u_clahe_ip_src_CLAHE/u_AXI4_Master_Read_Controller/line_count_reg[2]/C (clocked by clk_fpga_0) and broncho_video_i/clahe_ip_0/inst/u_clahe_ip_dut_inst/u_clahe_ip_src_CLAHE/u_AXI4_Master_Read_Controller/line_count_reg[21]/CE (clocked by clk_fpga_0). Large setup violations at the end of those stages might be difficult to fix during the post-placement implementation flow and could be the result of non-optimal XDC constraints or non-optimal design architecture
Related violations: <none>

TIMING-16#905 Warning
Large setup violation  
There is a large setup violation of -3.853 ns between broncho_video_i/clahe_ip_0/inst/u_clahe_ip_axi_lite_inst/u_clahe_ip_addr_decoder_inst/data_reg_AXI4_Master_0_Wr_base_address_1_1_reg[6]/C (clocked by clk_fpga_1) and broncho_video_i/clahe_ip_0/inst/u_clahe_ip_axi4_master_0_wr_inst/u_clahe_ip_wr_addr_fifo_inst/u_clahe_ip_wr_addr_fifo_classic_ram/ram_reg_0_15_24_29/RAMC/I (clocked by clk_fpga_0). Large setup violations at the end of those stages might be difficult to fix during the post-placement implementation flow and could be the result of non-optimal XDC constraints or non-optimal design architecture
Related violations: <none>

TIMING-16#906 Warning
Large setup violation  
There is a large setup violation of -3.865 ns between broncho_video_i/clahe_ip_0/inst/u_clahe_ip_dut_inst/u_clahe_ip_src_CLAHE/u_AXI4_Master_Read_Controller/line_count_reg[2]/C (clocked by clk_fpga_0) and broncho_video_i/clahe_ip_0/inst/u_clahe_ip_dut_inst/u_clahe_ip_src_CLAHE/u_AXI4_Master_Read_Controller/line_count_reg[14]/CE (clocked by clk_fpga_0). Large setup violations at the end of those stages might be difficult to fix during the post-placement implementation flow and could be the result of non-optimal XDC constraints or non-optimal design architecture
Related violations: <none>

TIMING-16#907 Warning
Large setup violation  
There is a large setup violation of -3.865 ns between broncho_video_i/clahe_ip_0/inst/u_clahe_ip_dut_inst/u_clahe_ip_src_CLAHE/u_AXI4_Master_Read_Controller/line_count_reg[2]/C (clocked by clk_fpga_0) and broncho_video_i/clahe_ip_0/inst/u_clahe_ip_dut_inst/u_clahe_ip_src_CLAHE/u_AXI4_Master_Read_Controller/line_count_reg[15]/CE (clocked by clk_fpga_0). Large setup violations at the end of those stages might be difficult to fix during the post-placement implementation flow and could be the result of non-optimal XDC constraints or non-optimal design architecture
Related violations: <none>

TIMING-16#908 Warning
Large setup violation  
There is a large setup violation of -3.869 ns between broncho_video_i/clahe_ip_0/inst/u_clahe_ip_axi_lite_inst/u_clahe_ip_addr_decoder_inst/data_reg_AXI4_Master_0_Wr_base_address_1_1_reg[6]/C (clocked by clk_fpga_1) and broncho_video_i/clahe_ip_0/inst/u_clahe_ip_axi4_master_0_wr_inst/u_clahe_ip_wr_addr_fifo_inst/u_clahe_ip_wr_addr_fifo_classic_ram/ram_reg_0_15_30_31/DP/I (clocked by clk_fpga_0). Large setup violations at the end of those stages might be difficult to fix during the post-placement implementation flow and could be the result of non-optimal XDC constraints or non-optimal design architecture
Related violations: <none>

TIMING-16#909 Warning
Large setup violation  
There is a large setup violation of -3.924 ns between broncho_video_i/clahe_ip_0/inst/u_clahe_ip_axi_lite_inst/u_clahe_ip_addr_decoder_inst/data_reg_AXI4_Master_0_Wr_base_address_1_1_reg[6]/C (clocked by clk_fpga_1) and broncho_video_i/clahe_ip_0/inst/u_clahe_ip_axi4_master_0_wr_inst/u_clahe_ip_wr_addr_fifo_inst/u_clahe_ip_wr_addr_fifo_classic_ram/ram_reg_0_15_30_31__0/SP/I (clocked by clk_fpga_0). Large setup violations at the end of those stages might be difficult to fix during the post-placement implementation flow and could be the result of non-optimal XDC constraints or non-optimal design architecture
Related violations: <none>

TIMING-16#910 Warning
Large setup violation  
There is a large setup violation of -3.929 ns between broncho_video_i/clahe_ip_0/inst/u_clahe_ip_dut_inst/u_clahe_ip_src_CLAHE/u_AXI4_Master_Read_Controller/line_count_reg[2]/C (clocked by clk_fpga_0) and broncho_video_i/clahe_ip_0/inst/u_clahe_ip_axi4_master_0_rd_inst/u_clahe_ip_rd_addr_fifo_inst/u_clahe_ip_rd_addr_fifo_classic_ram/ram_reg_0_3_0_5/RAMA/I (clocked by clk_fpga_0). Large setup violations at the end of those stages might be difficult to fix during the post-placement implementation flow and could be the result of non-optimal XDC constraints or non-optimal design architecture
Related violations: <none>

TIMING-16#911 Warning
Large setup violation  
There is a large setup violation of -3.932 ns between broncho_video_i/clahe_ip_0/inst/u_clahe_ip_dut_inst/u_clahe_ip_src_CLAHE/u_AXI4_Master_Read_Controller/line_count_reg[2]/C (clocked by clk_fpga_0) and broncho_video_i/clahe_ip_0/inst/u_clahe_ip_dut_inst/u_clahe_ip_src_CLAHE/u_AXI4_Master_Read_Controller/line_count_reg[24]/CE (clocked by clk_fpga_0). Large setup violations at the end of those stages might be difficult to fix during the post-placement implementation flow and could be the result of non-optimal XDC constraints or non-optimal design architecture
Related violations: <none>

TIMING-16#912 Warning
Large setup violation  
There is a large setup violation of -3.932 ns between broncho_video_i/clahe_ip_0/inst/u_clahe_ip_dut_inst/u_clahe_ip_src_CLAHE/u_AXI4_Master_Read_Controller/line_count_reg[2]/C (clocked by clk_fpga_0) and broncho_video_i/clahe_ip_0/inst/u_clahe_ip_dut_inst/u_clahe_ip_src_CLAHE/u_AXI4_Master_Read_Controller/line_count_reg[25]/CE (clocked by clk_fpga_0). Large setup violations at the end of those stages might be difficult to fix during the post-placement implementation flow and could be the result of non-optimal XDC constraints or non-optimal design architecture
Related violations: <none>

TIMING-16#913 Warning
Large setup violation  
There is a large setup violation of -3.932 ns between broncho_video_i/clahe_ip_0/inst/u_clahe_ip_dut_inst/u_clahe_ip_src_CLAHE/u_AXI4_Master_Read_Controller/line_count_reg[2]/C (clocked by clk_fpga_0) and broncho_video_i/clahe_ip_0/inst/u_clahe_ip_dut_inst/u_clahe_ip_src_CLAHE/u_AXI4_Master_Read_Controller/line_count_reg[26]/CE (clocked by clk_fpga_0). Large setup violations at the end of those stages might be difficult to fix during the post-placement implementation flow and could be the result of non-optimal XDC constraints or non-optimal design architecture
Related violations: <none>

TIMING-16#914 Warning
Large setup violation  
There is a large setup violation of -3.932 ns between broncho_video_i/clahe_ip_0/inst/u_clahe_ip_dut_inst/u_clahe_ip_src_CLAHE/u_AXI4_Master_Read_Controller/line_count_reg[2]/C (clocked by clk_fpga_0) and broncho_video_i/clahe_ip_0/inst/u_clahe_ip_dut_inst/u_clahe_ip_src_CLAHE/u_AXI4_Master_Read_Controller/line_count_reg[27]/CE (clocked by clk_fpga_0). Large setup violations at the end of those stages might be difficult to fix during the post-placement implementation flow and could be the result of non-optimal XDC constraints or non-optimal design architecture
Related violations: <none>

TIMING-16#915 Warning
Large setup violation  
There is a large setup violation of -3.932 ns between broncho_video_i/clahe_ip_0/inst/u_clahe_ip_dut_inst/u_clahe_ip_src_CLAHE/u_AXI4_Master_Read_Controller/line_count_reg[2]/C (clocked by clk_fpga_0) and broncho_video_i/clahe_ip_0/inst/u_clahe_ip_dut_inst/u_clahe_ip_src_CLAHE/u_AXI4_Master_Read_Controller/line_count_reg[28]/CE (clocked by clk_fpga_0). Large setup violations at the end of those stages might be difficult to fix during the post-placement implementation flow and could be the result of non-optimal XDC constraints or non-optimal design architecture
Related violations: <none>

TIMING-16#916 Warning
Large setup violation  
There is a large setup violation of -3.932 ns between broncho_video_i/clahe_ip_0/inst/u_clahe_ip_dut_inst/u_clahe_ip_src_CLAHE/u_AXI4_Master_Read_Controller/line_count_reg[2]/C (clocked by clk_fpga_0) and broncho_video_i/clahe_ip_0/inst/u_clahe_ip_dut_inst/u_clahe_ip_src_CLAHE/u_AXI4_Master_Read_Controller/line_count_reg[29]/CE (clocked by clk_fpga_0). Large setup violations at the end of those stages might be difficult to fix during the post-placement implementation flow and could be the result of non-optimal XDC constraints or non-optimal design architecture
Related violations: <none>

TIMING-16#917 Warning
Large setup violation  
There is a large setup violation of -3.975 ns between broncho_video_i/clahe_ip_0/inst/u_clahe_ip_axi_lite_inst/u_clahe_ip_addr_decoder_inst/data_reg_AXI4_Master_0_Wr_base_address_1_1_reg[6]/C (clocked by clk_fpga_1) and broncho_video_i/clahe_ip_0/inst/u_clahe_ip_axi4_master_0_wr_inst/u_clahe_ip_wr_addr_fifo_inst/u_clahe_ip_wr_addr_fifo_classic_ram/ram_reg_0_15_24_29/RAMC_D1/I (clocked by clk_fpga_0). Large setup violations at the end of those stages might be difficult to fix during the post-placement implementation flow and could be the result of non-optimal XDC constraints or non-optimal design architecture
Related violations: <none>

TIMING-16#918 Warning
Large setup violation  
There is a large setup violation of -3.982 ns between broncho_video_i/clahe_ip_0/inst/u_clahe_ip_dut_inst/u_clahe_ip_src_CLAHE/u_AXI4_Master_Read_Controller/line_count_reg[2]/C (clocked by clk_fpga_0) and broncho_video_i/clahe_ip_0/inst/u_clahe_ip_dut_inst/u_clahe_ip_src_CLAHE/u_AXI4_Master_Read_Controller/line_count_reg[16]/CE (clocked by clk_fpga_0). Large setup violations at the end of those stages might be difficult to fix during the post-placement implementation flow and could be the result of non-optimal XDC constraints or non-optimal design architecture
Related violations: <none>

TIMING-16#919 Warning
Large setup violation  
There is a large setup violation of -3.982 ns between broncho_video_i/clahe_ip_0/inst/u_clahe_ip_dut_inst/u_clahe_ip_src_CLAHE/u_AXI4_Master_Read_Controller/line_count_reg[2]/C (clocked by clk_fpga_0) and broncho_video_i/clahe_ip_0/inst/u_clahe_ip_dut_inst/u_clahe_ip_src_CLAHE/u_AXI4_Master_Read_Controller/line_count_reg[17]/CE (clocked by clk_fpga_0). Large setup violations at the end of those stages might be difficult to fix during the post-placement implementation flow and could be the result of non-optimal XDC constraints or non-optimal design architecture
Related violations: <none>

TIMING-16#920 Warning
Large setup violation  
There is a large setup violation of -3.982 ns between broncho_video_i/clahe_ip_0/inst/u_clahe_ip_dut_inst/u_clahe_ip_src_CLAHE/u_AXI4_Master_Read_Controller/line_count_reg[2]/C (clocked by clk_fpga_0) and broncho_video_i/clahe_ip_0/inst/u_clahe_ip_dut_inst/u_clahe_ip_src_CLAHE/u_AXI4_Master_Read_Controller/line_count_reg[22]/CE (clocked by clk_fpga_0). Large setup violations at the end of those stages might be difficult to fix during the post-placement implementation flow and could be the result of non-optimal XDC constraints or non-optimal design architecture
Related violations: <none>

TIMING-16#921 Warning
Large setup violation  
There is a large setup violation of -3.982 ns between broncho_video_i/clahe_ip_0/inst/u_clahe_ip_dut_inst/u_clahe_ip_src_CLAHE/u_AXI4_Master_Read_Controller/line_count_reg[2]/C (clocked by clk_fpga_0) and broncho_video_i/clahe_ip_0/inst/u_clahe_ip_dut_inst/u_clahe_ip_src_CLAHE/u_AXI4_Master_Read_Controller/line_count_reg[23]/CE (clocked by clk_fpga_0). Large setup violations at the end of those stages might be difficult to fix during the post-placement implementation flow and could be the result of non-optimal XDC constraints or non-optimal design architecture
Related violations: <none>

TIMING-16#922 Warning
Large setup violation  
There is a large setup violation of -4.002 ns between broncho_video_i/clahe_ip_0/inst/u_clahe_ip_dut_inst/u_clahe_ip_src_CLAHE/u_AXI4_Master_Read_Controller/line_count_reg[2]/C (clocked by clk_fpga_0) and broncho_video_i/clahe_ip_0/inst/u_clahe_ip_dut_inst/u_clahe_ip_src_CLAHE/u_AXI4_Master_Read_Controller/line_count_reg[4]/CE (clocked by clk_fpga_0). Large setup violations at the end of those stages might be difficult to fix during the post-placement implementation flow and could be the result of non-optimal XDC constraints or non-optimal design architecture
Related violations: <none>

TIMING-16#923 Warning
Large setup violation  
There is a large setup violation of -4.002 ns between broncho_video_i/clahe_ip_0/inst/u_clahe_ip_dut_inst/u_clahe_ip_src_CLAHE/u_AXI4_Master_Read_Controller/line_count_reg[2]/C (clocked by clk_fpga_0) and broncho_video_i/clahe_ip_0/inst/u_clahe_ip_dut_inst/u_clahe_ip_src_CLAHE/u_AXI4_Master_Read_Controller/line_count_reg[7]/CE (clocked by clk_fpga_0). Large setup violations at the end of those stages might be difficult to fix during the post-placement implementation flow and could be the result of non-optimal XDC constraints or non-optimal design architecture
Related violations: <none>

TIMING-16#924 Warning
Large setup violation  
There is a large setup violation of -4.002 ns between broncho_video_i/clahe_ip_0/inst/u_clahe_ip_dut_inst/u_clahe_ip_src_CLAHE/u_AXI4_Master_Read_Controller/line_count_reg[2]/C (clocked by clk_fpga_0) and broncho_video_i/clahe_ip_0/inst/u_clahe_ip_dut_inst/u_clahe_ip_src_CLAHE/u_AXI4_Master_Read_Controller/line_count_reg[8]/CE (clocked by clk_fpga_0). Large setup violations at the end of those stages might be difficult to fix during the post-placement implementation flow and could be the result of non-optimal XDC constraints or non-optimal design architecture
Related violations: <none>

TIMING-16#925 Warning
Large setup violation  
There is a large setup violation of -4.002 ns between broncho_video_i/clahe_ip_0/inst/u_clahe_ip_dut_inst/u_clahe_ip_src_CLAHE/u_AXI4_Master_Read_Controller/line_count_reg[2]/C (clocked by clk_fpga_0) and broncho_video_i/clahe_ip_0/inst/u_clahe_ip_dut_inst/u_clahe_ip_src_CLAHE/u_AXI4_Master_Read_Controller/line_count_reg[9]/CE (clocked by clk_fpga_0). Large setup violations at the end of those stages might be difficult to fix during the post-placement implementation flow and could be the result of non-optimal XDC constraints or non-optimal design architecture
Related violations: <none>

TIMING-16#926 Warning
Large setup violation  
There is a large setup violation of -4.007 ns between broncho_video_i/clahe_ip_0/inst/u_clahe_ip_dut_inst/u_clahe_ip_src_CLAHE/u_AXI4_Master_Read_Controller/line_count_reg[2]/C (clocked by clk_fpga_0) and broncho_video_i/clahe_ip_0/inst/u_clahe_ip_dut_inst/u_clahe_ip_src_CLAHE/u_AXI4_Master_Read_Controller/line_count_reg[10]/CE (clocked by clk_fpga_0). Large setup violations at the end of those stages might be difficult to fix during the post-placement implementation flow and could be the result of non-optimal XDC constraints or non-optimal design architecture
Related violations: <none>

TIMING-16#927 Warning
Large setup violation  
There is a large setup violation of -4.007 ns between broncho_video_i/clahe_ip_0/inst/u_clahe_ip_dut_inst/u_clahe_ip_src_CLAHE/u_AXI4_Master_Read_Controller/line_count_reg[2]/C (clocked by clk_fpga_0) and broncho_video_i/clahe_ip_0/inst/u_clahe_ip_dut_inst/u_clahe_ip_src_CLAHE/u_AXI4_Master_Read_Controller/line_count_reg[11]/CE (clocked by clk_fpga_0). Large setup violations at the end of those stages might be difficult to fix during the post-placement implementation flow and could be the result of non-optimal XDC constraints or non-optimal design architecture
Related violations: <none>

TIMING-16#928 Warning
Large setup violation  
There is a large setup violation of -4.047 ns between broncho_video_i/clahe_ip_0/inst/u_clahe_ip_dut_inst/u_clahe_ip_src_CLAHE/u_AXI4_Master_Read_Controller/line_count_reg[2]/C (clocked by clk_fpga_0) and broncho_video_i/clahe_ip_0/inst/u_clahe_ip_dut_inst/u_clahe_ip_src_CLAHE/u_AXI4_Master_Read_Controller/line_count_reg[5]/CE (clocked by clk_fpga_0). Large setup violations at the end of those stages might be difficult to fix during the post-placement implementation flow and could be the result of non-optimal XDC constraints or non-optimal design architecture
Related violations: <none>

TIMING-16#929 Warning
Large setup violation  
There is a large setup violation of -4.093 ns between broncho_video_i/clahe_ip_0/inst/u_clahe_ip_dut_inst/u_clahe_ip_src_CLAHE/u_AXI4_Master_Read_Controller/line_count_reg[2]/C (clocked by clk_fpga_0) and broncho_video_i/clahe_ip_0/inst/u_clahe_ip_dut_inst/u_clahe_ip_src_CLAHE/u_AXI4_Master_Read_Controller/line_count_reg[1]/CE (clocked by clk_fpga_0). Large setup violations at the end of those stages might be difficult to fix during the post-placement implementation flow and could be the result of non-optimal XDC constraints or non-optimal design architecture
Related violations: <none>

TIMING-16#930 Warning
Large setup violation  
There is a large setup violation of -4.093 ns between broncho_video_i/clahe_ip_0/inst/u_clahe_ip_dut_inst/u_clahe_ip_src_CLAHE/u_AXI4_Master_Read_Controller/line_count_reg[2]/C (clocked by clk_fpga_0) and broncho_video_i/clahe_ip_0/inst/u_clahe_ip_dut_inst/u_clahe_ip_src_CLAHE/u_AXI4_Master_Read_Controller/line_count_reg[6]/CE (clocked by clk_fpga_0). Large setup violations at the end of those stages might be difficult to fix during the post-placement implementation flow and could be the result of non-optimal XDC constraints or non-optimal design architecture
Related violations: <none>

TIMING-16#931 Warning
Large setup violation  
There is a large setup violation of -4.151 ns between broncho_video_i/clahe_ip_0/inst/u_clahe_ip_axi_lite_inst/u_clahe_ip_addr_decoder_inst/data_reg_AXI4_Master_0_Wr_base_address_1_1_reg[6]/C (clocked by clk_fpga_1) and broncho_video_i/clahe_ip_0/inst/u_clahe_ip_axi4_master_0_wr_inst/u_clahe_ip_wr_addr_fifo_inst/u_clahe_ip_wr_addr_fifo_classic_ram/ram_reg_0_15_30_31__0/DP/I (clocked by clk_fpga_0). Large setup violations at the end of those stages might be difficult to fix during the post-placement implementation flow and could be the result of non-optimal XDC constraints or non-optimal design architecture
Related violations: <none>

TIMING-16#932 Warning
Large setup violation  
There is a large setup violation of -4.212 ns between broncho_video_i/clahe_ip_0/inst/u_clahe_ip_dut_inst/u_clahe_ip_src_CLAHE/u_AXI4_Master_Read_Controller/line_count_reg[8]/C (clocked by clk_fpga_0) and broncho_video_i/clahe_ip_0/inst/u_clahe_ip_dut_inst/u_clahe_ip_src_CLAHE/u_AXI4_Master_Read_Controller/line_count_reg[0]/CE (clocked by clk_fpga_0). Large setup violations at the end of those stages might be difficult to fix during the post-placement implementation flow and could be the result of non-optimal XDC constraints or non-optimal design architecture
Related violations: <none>

TIMING-16#933 Warning
Large setup violation  
There is a large setup violation of -4.212 ns between broncho_video_i/clahe_ip_0/inst/u_clahe_ip_dut_inst/u_clahe_ip_src_CLAHE/u_AXI4_Master_Read_Controller/line_count_reg[8]/C (clocked by clk_fpga_0) and broncho_video_i/clahe_ip_0/inst/u_clahe_ip_dut_inst/u_clahe_ip_src_CLAHE/u_AXI4_Master_Read_Controller/line_count_reg[2]/CE (clocked by clk_fpga_0). Large setup violations at the end of those stages might be difficult to fix during the post-placement implementation flow and could be the result of non-optimal XDC constraints or non-optimal design architecture
Related violations: <none>

TIMING-16#934 Warning
Large setup violation  
There is a large setup violation of -4.212 ns between broncho_video_i/clahe_ip_0/inst/u_clahe_ip_dut_inst/u_clahe_ip_src_CLAHE/u_AXI4_Master_Read_Controller/line_count_reg[8]/C (clocked by clk_fpga_0) and broncho_video_i/clahe_ip_0/inst/u_clahe_ip_dut_inst/u_clahe_ip_src_CLAHE/u_AXI4_Master_Read_Controller/line_count_reg[3]/CE (clocked by clk_fpga_0). Large setup violations at the end of those stages might be difficult to fix during the post-placement implementation flow and could be the result of non-optimal XDC constraints or non-optimal design architecture
Related violations: <none>

TIMING-16#935 Warning
Large setup violation  
There is a large setup violation of -4.398 ns between broncho_video_i/clahe_ip_0/inst/u_clahe_ip_dut_inst/u_clahe_ip_src_CLAHE/u_AXI4_Master_Read_Controller/line_count_reg[2]/C (clocked by clk_fpga_0) and broncho_video_i/clahe_ip_0/inst/u_clahe_ip_dut_inst/u_clahe_ip_src_CLAHE/u_AXI4_Master_Read_Controller/frame_count_reg[14]/CE (clocked by clk_fpga_0). Large setup violations at the end of those stages might be difficult to fix during the post-placement implementation flow and could be the result of non-optimal XDC constraints or non-optimal design architecture
Related violations: <none>

TIMING-16#936 Warning
Large setup violation  
There is a large setup violation of -4.398 ns between broncho_video_i/clahe_ip_0/inst/u_clahe_ip_dut_inst/u_clahe_ip_src_CLAHE/u_AXI4_Master_Read_Controller/line_count_reg[2]/C (clocked by clk_fpga_0) and broncho_video_i/clahe_ip_0/inst/u_clahe_ip_dut_inst/u_clahe_ip_src_CLAHE/u_AXI4_Master_Read_Controller/frame_count_reg[15]/CE (clocked by clk_fpga_0). Large setup violations at the end of those stages might be difficult to fix during the post-placement implementation flow and could be the result of non-optimal XDC constraints or non-optimal design architecture
Related violations: <none>

TIMING-16#937 Warning
Large setup violation  
There is a large setup violation of -4.398 ns between broncho_video_i/clahe_ip_0/inst/u_clahe_ip_dut_inst/u_clahe_ip_src_CLAHE/u_AXI4_Master_Read_Controller/line_count_reg[2]/C (clocked by clk_fpga_0) and broncho_video_i/clahe_ip_0/inst/u_clahe_ip_dut_inst/u_clahe_ip_src_CLAHE/u_AXI4_Master_Read_Controller/frame_count_reg[22]/CE (clocked by clk_fpga_0). Large setup violations at the end of those stages might be difficult to fix during the post-placement implementation flow and could be the result of non-optimal XDC constraints or non-optimal design architecture
Related violations: <none>

TIMING-16#938 Warning
Large setup violation  
There is a large setup violation of -4.398 ns between broncho_video_i/clahe_ip_0/inst/u_clahe_ip_dut_inst/u_clahe_ip_src_CLAHE/u_AXI4_Master_Read_Controller/line_count_reg[2]/C (clocked by clk_fpga_0) and broncho_video_i/clahe_ip_0/inst/u_clahe_ip_dut_inst/u_clahe_ip_src_CLAHE/u_AXI4_Master_Read_Controller/frame_count_reg[23]/CE (clocked by clk_fpga_0). Large setup violations at the end of those stages might be difficult to fix during the post-placement implementation flow and could be the result of non-optimal XDC constraints or non-optimal design architecture
Related violations: <none>

TIMING-16#939 Warning
Large setup violation  
There is a large setup violation of -4.398 ns between broncho_video_i/clahe_ip_0/inst/u_clahe_ip_dut_inst/u_clahe_ip_src_CLAHE/u_AXI4_Master_Read_Controller/line_count_reg[2]/C (clocked by clk_fpga_0) and broncho_video_i/clahe_ip_0/inst/u_clahe_ip_dut_inst/u_clahe_ip_src_CLAHE/u_AXI4_Master_Read_Controller/frame_count_reg[24]/CE (clocked by clk_fpga_0). Large setup violations at the end of those stages might be difficult to fix during the post-placement implementation flow and could be the result of non-optimal XDC constraints or non-optimal design architecture
Related violations: <none>

TIMING-16#940 Warning
Large setup violation  
There is a large setup violation of -4.398 ns between broncho_video_i/clahe_ip_0/inst/u_clahe_ip_dut_inst/u_clahe_ip_src_CLAHE/u_AXI4_Master_Read_Controller/line_count_reg[2]/C (clocked by clk_fpga_0) and broncho_video_i/clahe_ip_0/inst/u_clahe_ip_dut_inst/u_clahe_ip_src_CLAHE/u_AXI4_Master_Read_Controller/frame_count_reg[25]/CE (clocked by clk_fpga_0). Large setup violations at the end of those stages might be difficult to fix during the post-placement implementation flow and could be the result of non-optimal XDC constraints or non-optimal design architecture
Related violations: <none>

TIMING-16#941 Warning
Large setup violation  
There is a large setup violation of -4.398 ns between broncho_video_i/clahe_ip_0/inst/u_clahe_ip_dut_inst/u_clahe_ip_src_CLAHE/u_AXI4_Master_Read_Controller/line_count_reg[2]/C (clocked by clk_fpga_0) and broncho_video_i/clahe_ip_0/inst/u_clahe_ip_dut_inst/u_clahe_ip_src_CLAHE/u_AXI4_Master_Read_Controller/frame_count_reg[30]/CE (clocked by clk_fpga_0). Large setup violations at the end of those stages might be difficult to fix during the post-placement implementation flow and could be the result of non-optimal XDC constraints or non-optimal design architecture
Related violations: <none>

TIMING-16#942 Warning
Large setup violation  
There is a large setup violation of -4.398 ns between broncho_video_i/clahe_ip_0/inst/u_clahe_ip_dut_inst/u_clahe_ip_src_CLAHE/u_AXI4_Master_Read_Controller/line_count_reg[2]/C (clocked by clk_fpga_0) and broncho_video_i/clahe_ip_0/inst/u_clahe_ip_dut_inst/u_clahe_ip_src_CLAHE/u_AXI4_Master_Read_Controller/frame_count_reg[31]/CE (clocked by clk_fpga_0). Large setup violations at the end of those stages might be difficult to fix during the post-placement implementation flow and could be the result of non-optimal XDC constraints or non-optimal design architecture
Related violations: <none>

TIMING-16#943 Warning
Large setup violation  
There is a large setup violation of -4.429 ns between broncho_video_i/clahe_ip_0/inst/u_clahe_ip_dut_inst/u_clahe_ip_src_CLAHE/u_AXI4_Master_Read_Controller/line_count_reg[2]/C (clocked by clk_fpga_0) and broncho_video_i/clahe_ip_0/inst/u_clahe_ip_dut_inst/u_clahe_ip_src_CLAHE/u_AXI4_Master_Read_Controller/frame_count_reg[2]/CE (clocked by clk_fpga_0). Large setup violations at the end of those stages might be difficult to fix during the post-placement implementation flow and could be the result of non-optimal XDC constraints or non-optimal design architecture
Related violations: <none>

TIMING-16#944 Warning
Large setup violation  
There is a large setup violation of -4.429 ns between broncho_video_i/clahe_ip_0/inst/u_clahe_ip_dut_inst/u_clahe_ip_src_CLAHE/u_AXI4_Master_Read_Controller/line_count_reg[2]/C (clocked by clk_fpga_0) and broncho_video_i/clahe_ip_0/inst/u_clahe_ip_dut_inst/u_clahe_ip_src_CLAHE/u_AXI4_Master_Read_Controller/frame_count_reg[3]/CE (clocked by clk_fpga_0). Large setup violations at the end of those stages might be difficult to fix during the post-placement implementation flow and could be the result of non-optimal XDC constraints or non-optimal design architecture
Related violations: <none>

TIMING-16#945 Warning
Large setup violation  
There is a large setup violation of -4.429 ns between broncho_video_i/clahe_ip_0/inst/u_clahe_ip_dut_inst/u_clahe_ip_src_CLAHE/u_AXI4_Master_Read_Controller/line_count_reg[2]/C (clocked by clk_fpga_0) and broncho_video_i/clahe_ip_0/inst/u_clahe_ip_dut_inst/u_clahe_ip_src_CLAHE/u_AXI4_Master_Read_Controller/frame_count_reg[4]/CE (clocked by clk_fpga_0). Large setup violations at the end of those stages might be difficult to fix during the post-placement implementation flow and could be the result of non-optimal XDC constraints or non-optimal design architecture
Related violations: <none>

TIMING-16#946 Warning
Large setup violation  
There is a large setup violation of -4.429 ns between broncho_video_i/clahe_ip_0/inst/u_clahe_ip_dut_inst/u_clahe_ip_src_CLAHE/u_AXI4_Master_Read_Controller/line_count_reg[2]/C (clocked by clk_fpga_0) and broncho_video_i/clahe_ip_0/inst/u_clahe_ip_dut_inst/u_clahe_ip_src_CLAHE/u_AXI4_Master_Read_Controller/frame_count_reg[5]/CE (clocked by clk_fpga_0). Large setup violations at the end of those stages might be difficult to fix during the post-placement implementation flow and could be the result of non-optimal XDC constraints or non-optimal design architecture
Related violations: <none>

TIMING-16#947 Warning
Large setup violation  
There is a large setup violation of -4.429 ns between broncho_video_i/clahe_ip_0/inst/u_clahe_ip_dut_inst/u_clahe_ip_src_CLAHE/u_AXI4_Master_Read_Controller/line_count_reg[2]/C (clocked by clk_fpga_0) and broncho_video_i/clahe_ip_0/inst/u_clahe_ip_dut_inst/u_clahe_ip_src_CLAHE/u_AXI4_Master_Read_Controller/frame_count_reg[8]/CE (clocked by clk_fpga_0). Large setup violations at the end of those stages might be difficult to fix during the post-placement implementation flow and could be the result of non-optimal XDC constraints or non-optimal design architecture
Related violations: <none>

TIMING-16#948 Warning
Large setup violation  
There is a large setup violation of -4.429 ns between broncho_video_i/clahe_ip_0/inst/u_clahe_ip_dut_inst/u_clahe_ip_src_CLAHE/u_AXI4_Master_Read_Controller/line_count_reg[2]/C (clocked by clk_fpga_0) and broncho_video_i/clahe_ip_0/inst/u_clahe_ip_dut_inst/u_clahe_ip_src_CLAHE/u_AXI4_Master_Read_Controller/frame_count_reg[9]/CE (clocked by clk_fpga_0). Large setup violations at the end of those stages might be difficult to fix during the post-placement implementation flow and could be the result of non-optimal XDC constraints or non-optimal design architecture
Related violations: <none>

TIMING-16#949 Warning
Large setup violation  
There is a large setup violation of -4.533 ns between broncho_video_i/clahe_ip_0/inst/u_clahe_ip_dut_inst/u_clahe_ip_src_CLAHE/u_AXI4_Master_Read_Controller/line_count_reg[2]/C (clocked by clk_fpga_0) and broncho_video_i/clahe_ip_0/inst/u_clahe_ip_dut_inst/u_clahe_ip_src_CLAHE/u_AXI4_Master_Read_Controller/frame_count_reg[26]/CE (clocked by clk_fpga_0). Large setup violations at the end of those stages might be difficult to fix during the post-placement implementation flow and could be the result of non-optimal XDC constraints or non-optimal design architecture
Related violations: <none>

TIMING-16#950 Warning
Large setup violation  
There is a large setup violation of -4.533 ns between broncho_video_i/clahe_ip_0/inst/u_clahe_ip_dut_inst/u_clahe_ip_src_CLAHE/u_AXI4_Master_Read_Controller/line_count_reg[2]/C (clocked by clk_fpga_0) and broncho_video_i/clahe_ip_0/inst/u_clahe_ip_dut_inst/u_clahe_ip_src_CLAHE/u_AXI4_Master_Read_Controller/frame_count_reg[27]/CE (clocked by clk_fpga_0). Large setup violations at the end of those stages might be difficult to fix during the post-placement implementation flow and could be the result of non-optimal XDC constraints or non-optimal design architecture
Related violations: <none>

TIMING-16#951 Warning
Large setup violation  
There is a large setup violation of -4.533 ns between broncho_video_i/clahe_ip_0/inst/u_clahe_ip_dut_inst/u_clahe_ip_src_CLAHE/u_AXI4_Master_Read_Controller/line_count_reg[2]/C (clocked by clk_fpga_0) and broncho_video_i/clahe_ip_0/inst/u_clahe_ip_dut_inst/u_clahe_ip_src_CLAHE/u_AXI4_Master_Read_Controller/frame_count_reg[28]/CE (clocked by clk_fpga_0). Large setup violations at the end of those stages might be difficult to fix during the post-placement implementation flow and could be the result of non-optimal XDC constraints or non-optimal design architecture
Related violations: <none>

TIMING-16#952 Warning
Large setup violation  
There is a large setup violation of -4.533 ns between broncho_video_i/clahe_ip_0/inst/u_clahe_ip_dut_inst/u_clahe_ip_src_CLAHE/u_AXI4_Master_Read_Controller/line_count_reg[2]/C (clocked by clk_fpga_0) and broncho_video_i/clahe_ip_0/inst/u_clahe_ip_dut_inst/u_clahe_ip_src_CLAHE/u_AXI4_Master_Read_Controller/frame_count_reg[29]/CE (clocked by clk_fpga_0). Large setup violations at the end of those stages might be difficult to fix during the post-placement implementation flow and could be the result of non-optimal XDC constraints or non-optimal design architecture
Related violations: <none>

TIMING-16#953 Warning
Large setup violation  
There is a large setup violation of -4.538 ns between broncho_video_i/clahe_ip_0/inst/u_clahe_ip_dut_inst/u_clahe_ip_src_CLAHE/u_AXI4_Master_Read_Controller/line_count_reg[2]/C (clocked by clk_fpga_0) and broncho_video_i/clahe_ip_0/inst/u_clahe_ip_dut_inst/u_clahe_ip_src_CLAHE/u_AXI4_Master_Read_Controller/frame_count_reg[0]/CE (clocked by clk_fpga_0). Large setup violations at the end of those stages might be difficult to fix during the post-placement implementation flow and could be the result of non-optimal XDC constraints or non-optimal design architecture
Related violations: <none>

TIMING-16#954 Warning
Large setup violation  
There is a large setup violation of -4.538 ns between broncho_video_i/clahe_ip_0/inst/u_clahe_ip_dut_inst/u_clahe_ip_src_CLAHE/u_AXI4_Master_Read_Controller/line_count_reg[2]/C (clocked by clk_fpga_0) and broncho_video_i/clahe_ip_0/inst/u_clahe_ip_dut_inst/u_clahe_ip_src_CLAHE/u_AXI4_Master_Read_Controller/frame_count_reg[10]/CE (clocked by clk_fpga_0). Large setup violations at the end of those stages might be difficult to fix during the post-placement implementation flow and could be the result of non-optimal XDC constraints or non-optimal design architecture
Related violations: <none>

TIMING-16#955 Warning
Large setup violation  
There is a large setup violation of -4.538 ns between broncho_video_i/clahe_ip_0/inst/u_clahe_ip_dut_inst/u_clahe_ip_src_CLAHE/u_AXI4_Master_Read_Controller/line_count_reg[2]/C (clocked by clk_fpga_0) and broncho_video_i/clahe_ip_0/inst/u_clahe_ip_dut_inst/u_clahe_ip_src_CLAHE/u_AXI4_Master_Read_Controller/frame_count_reg[11]/CE (clocked by clk_fpga_0). Large setup violations at the end of those stages might be difficult to fix during the post-placement implementation flow and could be the result of non-optimal XDC constraints or non-optimal design architecture
Related violations: <none>

TIMING-16#956 Warning
Large setup violation  
There is a large setup violation of -4.538 ns between broncho_video_i/clahe_ip_0/inst/u_clahe_ip_dut_inst/u_clahe_ip_src_CLAHE/u_AXI4_Master_Read_Controller/line_count_reg[2]/C (clocked by clk_fpga_0) and broncho_video_i/clahe_ip_0/inst/u_clahe_ip_dut_inst/u_clahe_ip_src_CLAHE/u_AXI4_Master_Read_Controller/frame_count_reg[12]/CE (clocked by clk_fpga_0). Large setup violations at the end of those stages might be difficult to fix during the post-placement implementation flow and could be the result of non-optimal XDC constraints or non-optimal design architecture
Related violations: <none>

TIMING-16#957 Warning
Large setup violation  
There is a large setup violation of -4.538 ns between broncho_video_i/clahe_ip_0/inst/u_clahe_ip_dut_inst/u_clahe_ip_src_CLAHE/u_AXI4_Master_Read_Controller/line_count_reg[2]/C (clocked by clk_fpga_0) and broncho_video_i/clahe_ip_0/inst/u_clahe_ip_dut_inst/u_clahe_ip_src_CLAHE/u_AXI4_Master_Read_Controller/frame_count_reg[13]/CE (clocked by clk_fpga_0). Large setup violations at the end of those stages might be difficult to fix during the post-placement implementation flow and could be the result of non-optimal XDC constraints or non-optimal design architecture
Related violations: <none>

TIMING-16#958 Warning
Large setup violation  
There is a large setup violation of -4.538 ns between broncho_video_i/clahe_ip_0/inst/u_clahe_ip_dut_inst/u_clahe_ip_src_CLAHE/u_AXI4_Master_Read_Controller/line_count_reg[2]/C (clocked by clk_fpga_0) and broncho_video_i/clahe_ip_0/inst/u_clahe_ip_dut_inst/u_clahe_ip_src_CLAHE/u_AXI4_Master_Read_Controller/frame_count_reg[1]/CE (clocked by clk_fpga_0). Large setup violations at the end of those stages might be difficult to fix during the post-placement implementation flow and could be the result of non-optimal XDC constraints or non-optimal design architecture
Related violations: <none>

TIMING-16#959 Warning
Large setup violation  
There is a large setup violation of -4.538 ns between broncho_video_i/clahe_ip_0/inst/u_clahe_ip_dut_inst/u_clahe_ip_src_CLAHE/u_AXI4_Master_Read_Controller/line_count_reg[2]/C (clocked by clk_fpga_0) and broncho_video_i/clahe_ip_0/inst/u_clahe_ip_dut_inst/u_clahe_ip_src_CLAHE/u_AXI4_Master_Read_Controller/frame_count_reg[6]/CE (clocked by clk_fpga_0). Large setup violations at the end of those stages might be difficult to fix during the post-placement implementation flow and could be the result of non-optimal XDC constraints or non-optimal design architecture
Related violations: <none>

TIMING-16#960 Warning
Large setup violation  
There is a large setup violation of -4.538 ns between broncho_video_i/clahe_ip_0/inst/u_clahe_ip_dut_inst/u_clahe_ip_src_CLAHE/u_AXI4_Master_Read_Controller/line_count_reg[2]/C (clocked by clk_fpga_0) and broncho_video_i/clahe_ip_0/inst/u_clahe_ip_dut_inst/u_clahe_ip_src_CLAHE/u_AXI4_Master_Read_Controller/frame_count_reg[7]/CE (clocked by clk_fpga_0). Large setup violations at the end of those stages might be difficult to fix during the post-placement implementation flow and could be the result of non-optimal XDC constraints or non-optimal design architecture
Related violations: <none>

TIMING-16#961 Warning
Large setup violation  
There is a large setup violation of -4.539 ns between broncho_video_i/clahe_ip_0/inst/u_clahe_ip_dut_inst/u_clahe_ip_src_CLAHE/u_AXI4_Master_Read_Controller/line_count_reg[2]/C (clocked by clk_fpga_0) and broncho_video_i/clahe_ip_0/inst/u_clahe_ip_dut_inst/u_clahe_ip_src_CLAHE/u_AXI4_Master_Read_Controller/frame_count_reg[16]/CE (clocked by clk_fpga_0). Large setup violations at the end of those stages might be difficult to fix during the post-placement implementation flow and could be the result of non-optimal XDC constraints or non-optimal design architecture
Related violations: <none>

TIMING-16#962 Warning
Large setup violation  
There is a large setup violation of -4.539 ns between broncho_video_i/clahe_ip_0/inst/u_clahe_ip_dut_inst/u_clahe_ip_src_CLAHE/u_AXI4_Master_Read_Controller/line_count_reg[2]/C (clocked by clk_fpga_0) and broncho_video_i/clahe_ip_0/inst/u_clahe_ip_dut_inst/u_clahe_ip_src_CLAHE/u_AXI4_Master_Read_Controller/frame_count_reg[17]/CE (clocked by clk_fpga_0). Large setup violations at the end of those stages might be difficult to fix during the post-placement implementation flow and could be the result of non-optimal XDC constraints or non-optimal design architecture
Related violations: <none>

TIMING-16#963 Warning
Large setup violation  
There is a large setup violation of -4.539 ns between broncho_video_i/clahe_ip_0/inst/u_clahe_ip_dut_inst/u_clahe_ip_src_CLAHE/u_AXI4_Master_Read_Controller/line_count_reg[2]/C (clocked by clk_fpga_0) and broncho_video_i/clahe_ip_0/inst/u_clahe_ip_dut_inst/u_clahe_ip_src_CLAHE/u_AXI4_Master_Read_Controller/frame_count_reg[18]/CE (clocked by clk_fpga_0). Large setup violations at the end of those stages might be difficult to fix during the post-placement implementation flow and could be the result of non-optimal XDC constraints or non-optimal design architecture
Related violations: <none>

TIMING-16#964 Warning
Large setup violation  
There is a large setup violation of -4.539 ns between broncho_video_i/clahe_ip_0/inst/u_clahe_ip_dut_inst/u_clahe_ip_src_CLAHE/u_AXI4_Master_Read_Controller/line_count_reg[2]/C (clocked by clk_fpga_0) and broncho_video_i/clahe_ip_0/inst/u_clahe_ip_dut_inst/u_clahe_ip_src_CLAHE/u_AXI4_Master_Read_Controller/frame_count_reg[19]/CE (clocked by clk_fpga_0). Large setup violations at the end of those stages might be difficult to fix during the post-placement implementation flow and could be the result of non-optimal XDC constraints or non-optimal design architecture
Related violations: <none>

TIMING-16#965 Warning
Large setup violation  
There is a large setup violation of -4.539 ns between broncho_video_i/clahe_ip_0/inst/u_clahe_ip_dut_inst/u_clahe_ip_src_CLAHE/u_AXI4_Master_Read_Controller/line_count_reg[2]/C (clocked by clk_fpga_0) and broncho_video_i/clahe_ip_0/inst/u_clahe_ip_dut_inst/u_clahe_ip_src_CLAHE/u_AXI4_Master_Read_Controller/frame_count_reg[20]/CE (clocked by clk_fpga_0). Large setup violations at the end of those stages might be difficult to fix during the post-placement implementation flow and could be the result of non-optimal XDC constraints or non-optimal design architecture
Related violations: <none>

TIMING-16#966 Warning
Large setup violation  
There is a large setup violation of -4.539 ns between broncho_video_i/clahe_ip_0/inst/u_clahe_ip_dut_inst/u_clahe_ip_src_CLAHE/u_AXI4_Master_Read_Controller/line_count_reg[2]/C (clocked by clk_fpga_0) and broncho_video_i/clahe_ip_0/inst/u_clahe_ip_dut_inst/u_clahe_ip_src_CLAHE/u_AXI4_Master_Read_Controller/frame_count_reg[21]/CE (clocked by clk_fpga_0). Large setup violations at the end of those stages might be difficult to fix during the post-placement implementation flow and could be the result of non-optimal XDC constraints or non-optimal design architecture
Related violations: <none>

TIMING-16#967 Warning
Large setup violation  
There is a large setup violation of -4.710 ns between broncho_video_i/clahe_ip_0/inst/u_clahe_ip_dut_inst/u_clahe_ip_src_CLAHE/u_AXI4_Master_Read_Controller/line_count_reg[2]/C (clocked by clk_fpga_0) and broncho_video_i/clahe_ip_0/inst/u_clahe_ip_dut_inst/u_clahe_ip_src_CLAHE/u_AXI4_Master_Read_Controller/memRegion_reg[20]/CE (clocked by clk_fpga_0). Large setup violations at the end of those stages might be difficult to fix during the post-placement implementation flow and could be the result of non-optimal XDC constraints or non-optimal design architecture
Related violations: <none>

TIMING-16#968 Warning
Large setup violation  
There is a large setup violation of -4.981 ns between broncho_video_i/clahe_ip_0/inst/u_clahe_ip_dut_inst/u_clahe_ip_src_CLAHE/u_AXI4_Master_Read_Controller/line_count_reg[2]/C (clocked by clk_fpga_0) and broncho_video_i/clahe_ip_0/inst/u_clahe_ip_axi4_master_0_rd_inst/u_clahe_ip_rd_addr_fifo_inst/u_clahe_ip_rd_addr_fifo_classic_ram/ram_reg_0_3_0_5/RAMA_D1/I (clocked by clk_fpga_0). Large setup violations at the end of those stages might be difficult to fix during the post-placement implementation flow and could be the result of non-optimal XDC constraints or non-optimal design architecture
Related violations: <none>

TIMING-16#969 Warning
Large setup violation  
There is a large setup violation of -5.168 ns between broncho_video_i/clahe_ip_0/inst/u_clahe_ip_dut_inst/u_clahe_ip_src_CLAHE/u_AXI4_Master_Read_Controller/line_count_reg[2]/C (clocked by clk_fpga_0) and broncho_video_i/clahe_ip_0/inst/u_clahe_ip_axi4_master_0_rd_inst/u_clahe_ip_rd_addr_fifo_inst/u_clahe_ip_rd_addr_fifo_classic_ram/ram_reg_0_3_0_5/RAMB_D1/I (clocked by clk_fpga_0). Large setup violations at the end of those stages might be difficult to fix during the post-placement implementation flow and could be the result of non-optimal XDC constraints or non-optimal design architecture
Related violations: <none>

TIMING-16#970 Warning
Large setup violation  
There is a large setup violation of -5.334 ns between broncho_video_i/clahe_ip_0/inst/u_clahe_ip_dut_inst/u_clahe_ip_src_CLAHE/u_AXI4_Master_Read_Controller/line_count_reg[2]/C (clocked by clk_fpga_0) and broncho_video_i/clahe_ip_0/inst/u_clahe_ip_axi4_master_0_rd_inst/u_clahe_ip_rd_addr_fifo_inst/u_clahe_ip_rd_addr_fifo_classic_ram/ram_reg_0_3_0_5/RAMC/I (clocked by clk_fpga_0). Large setup violations at the end of those stages might be difficult to fix during the post-placement implementation flow and could be the result of non-optimal XDC constraints or non-optimal design architecture
Related violations: <none>

TIMING-16#971 Warning
Large setup violation  
There is a large setup violation of -5.335 ns between broncho_video_i/clahe_ip_0/inst/u_clahe_ip_dut_inst/u_clahe_ip_src_CLAHE/u_AXI4_Master_Read_Controller/line_count_reg[2]/C (clocked by clk_fpga_0) and broncho_video_i/clahe_ip_0/inst/u_clahe_ip_axi4_master_0_rd_inst/u_clahe_ip_rd_addr_fifo_inst/u_clahe_ip_rd_addr_fifo_classic_ram/ram_reg_0_3_0_5/RAMB/I (clocked by clk_fpga_0). Large setup violations at the end of those stages might be difficult to fix during the post-placement implementation flow and could be the result of non-optimal XDC constraints or non-optimal design architecture
Related violations: <none>

TIMING-16#972 Warning
Large setup violation  
There is a large setup violation of -5.421 ns between broncho_video_i/clahe_ip_0/inst/u_clahe_ip_dut_inst/u_clahe_ip_src_CLAHE/u_AXI4_Master_Read_Controller/line_count_reg[2]/C (clocked by clk_fpga_0) and broncho_video_i/clahe_ip_0/inst/u_clahe_ip_axi4_master_0_rd_inst/u_clahe_ip_rd_addr_fifo_inst/u_clahe_ip_rd_addr_fifo_classic_ram/ram_reg_0_3_6_11/RAMB/I (clocked by clk_fpga_0). Large setup violations at the end of those stages might be difficult to fix during the post-placement implementation flow and could be the result of non-optimal XDC constraints or non-optimal design architecture
Related violations: <none>

TIMING-16#973 Warning
Large setup violation  
There is a large setup violation of -5.439 ns between broncho_video_i/clahe_ip_0/inst/u_clahe_ip_dut_inst/u_clahe_ip_src_CLAHE/u_AXI4_Master_Read_Controller/line_count_reg[2]/C (clocked by clk_fpga_0) and broncho_video_i/clahe_ip_0/inst/u_clahe_ip_axi4_master_0_rd_inst/u_clahe_ip_rd_addr_fifo_inst/u_clahe_ip_rd_addr_fifo_classic_ram/ram_reg_0_3_6_11/RAMA/I (clocked by clk_fpga_0). Large setup violations at the end of those stages might be difficult to fix during the post-placement implementation flow and could be the result of non-optimal XDC constraints or non-optimal design architecture
Related violations: <none>

TIMING-16#974 Warning
Large setup violation  
There is a large setup violation of -5.568 ns between broncho_video_i/clahe_ip_0/inst/u_clahe_ip_dut_inst/u_clahe_ip_src_CLAHE/u_AXI4_Master_Read_Controller/line_count_reg[2]/C (clocked by clk_fpga_0) and broncho_video_i/clahe_ip_0/inst/u_clahe_ip_axi4_master_0_rd_inst/u_clahe_ip_rd_addr_fifo_inst/u_clahe_ip_rd_addr_fifo_classic_ram/ram_reg_0_3_6_11/RAMC_D1/I (clocked by clk_fpga_0). Large setup violations at the end of those stages might be difficult to fix during the post-placement implementation flow and could be the result of non-optimal XDC constraints or non-optimal design architecture
Related violations: <none>

TIMING-16#975 Warning
Large setup violation  
There is a large setup violation of -5.612 ns between broncho_video_i/clahe_ip_0/inst/u_clahe_ip_dut_inst/u_clahe_ip_src_CLAHE/u_AXI4_Master_Read_Controller/line_count_reg[2]/C (clocked by clk_fpga_0) and broncho_video_i/clahe_ip_0/inst/u_clahe_ip_axi4_master_0_rd_inst/u_clahe_ip_rd_addr_fifo_inst/u_clahe_ip_rd_addr_fifo_classic_ram/ram_reg_0_3_6_11/RAMA_D1/I (clocked by clk_fpga_0). Large setup violations at the end of those stages might be difficult to fix during the post-placement implementation flow and could be the result of non-optimal XDC constraints or non-optimal design architecture
Related violations: <none>

TIMING-16#976 Warning
Large setup violation  
There is a large setup violation of -5.715 ns between broncho_video_i/clahe_ip_0/inst/u_clahe_ip_dut_inst/u_clahe_ip_src_CLAHE/u_AXI4_Master_Read_Controller/line_count_reg[2]/C (clocked by clk_fpga_0) and broncho_video_i/clahe_ip_0/inst/u_clahe_ip_axi4_master_0_rd_inst/u_clahe_ip_rd_addr_fifo_inst/u_clahe_ip_rd_addr_fifo_classic_ram/ram_reg_0_3_6_11/RAMC/I (clocked by clk_fpga_0). Large setup violations at the end of those stages might be difficult to fix during the post-placement implementation flow and could be the result of non-optimal XDC constraints or non-optimal design architecture
Related violations: <none>

TIMING-16#977 Warning
Large setup violation  
There is a large setup violation of -5.748 ns between broncho_video_i/clahe_ip_0/inst/u_clahe_ip_dut_inst/u_clahe_ip_src_CLAHE/u_AXI4_Master_Read_Controller/line_count_reg[2]/C (clocked by clk_fpga_0) and broncho_video_i/clahe_ip_0/inst/u_clahe_ip_axi4_master_0_rd_inst/u_clahe_ip_rd_addr_fifo_inst/u_clahe_ip_rd_addr_fifo_classic_ram/ram_reg_0_3_6_11/RAMB_D1/I (clocked by clk_fpga_0). Large setup violations at the end of those stages might be difficult to fix during the post-placement implementation flow and could be the result of non-optimal XDC constraints or non-optimal design architecture
Related violations: <none>

TIMING-16#978 Warning
Large setup violation  
There is a large setup violation of -5.820 ns between broncho_video_i/clahe_ip_0/inst/u_clahe_ip_dut_inst/u_clahe_ip_src_CLAHE/u_AXI4_Master_Read_Controller/line_count_reg[2]/C (clocked by clk_fpga_0) and broncho_video_i/clahe_ip_0/inst/u_clahe_ip_axi4_master_0_rd_inst/u_clahe_ip_rd_addr_fifo_inst/u_clahe_ip_rd_addr_fifo_classic_ram/ram_reg_0_3_12_17/RAMC/I (clocked by clk_fpga_0). Large setup violations at the end of those stages might be difficult to fix during the post-placement implementation flow and could be the result of non-optimal XDC constraints or non-optimal design architecture
Related violations: <none>

TIMING-16#979 Warning
Large setup violation  
There is a large setup violation of -5.831 ns between broncho_video_i/clahe_ip_0/inst/u_clahe_ip_dut_inst/u_clahe_ip_src_CLAHE/u_AXI4_Master_Read_Controller/line_count_reg[2]/C (clocked by clk_fpga_0) and broncho_video_i/clahe_ip_0/inst/u_clahe_ip_axi4_master_0_rd_inst/u_clahe_ip_rd_addr_fifo_inst/u_clahe_ip_rd_addr_fifo_classic_ram/ram_reg_0_3_12_17/RAMA/I (clocked by clk_fpga_0). Large setup violations at the end of those stages might be difficult to fix during the post-placement implementation flow and could be the result of non-optimal XDC constraints or non-optimal design architecture
Related violations: <none>

TIMING-16#980 Warning
Large setup violation  
There is a large setup violation of -5.872 ns between broncho_video_i/clahe_ip_0/inst/u_clahe_ip_dut_inst/u_clahe_ip_src_CLAHE/u_AXI4_Master_Read_Controller/line_count_reg[2]/C (clocked by clk_fpga_0) and broncho_video_i/clahe_ip_0/inst/u_clahe_ip_axi4_master_0_rd_inst/u_clahe_ip_rd_addr_fifo_inst/u_clahe_ip_rd_addr_fifo_classic_ram/ram_reg_0_3_12_17/RAMB/I (clocked by clk_fpga_0). Large setup violations at the end of those stages might be difficult to fix during the post-placement implementation flow and could be the result of non-optimal XDC constraints or non-optimal design architecture
Related violations: <none>

TIMING-16#981 Warning
Large setup violation  
There is a large setup violation of -5.912 ns between broncho_video_i/clahe_ip_0/inst/u_clahe_ip_dut_inst/u_clahe_ip_src_CLAHE/u_AXI4_Master_Read_Controller/line_count_reg[2]/C (clocked by clk_fpga_0) and broncho_video_i/clahe_ip_0/inst/u_clahe_ip_axi4_master_0_rd_inst/u_clahe_ip_rd_addr_fifo_inst/u_clahe_ip_rd_addr_fifo_classic_ram/ram_reg_0_3_18_23/RAMC/I (clocked by clk_fpga_0). Large setup violations at the end of those stages might be difficult to fix during the post-placement implementation flow and could be the result of non-optimal XDC constraints or non-optimal design architecture
Related violations: <none>

TIMING-16#982 Warning
Large setup violation  
There is a large setup violation of -5.919 ns between broncho_video_i/clahe_ip_0/inst/u_clahe_ip_dut_inst/u_clahe_ip_src_CLAHE/u_AXI4_Master_Read_Controller/line_count_reg[2]/C (clocked by clk_fpga_0) and broncho_video_i/clahe_ip_0/inst/u_clahe_ip_axi4_master_0_rd_inst/u_clahe_ip_rd_addr_fifo_inst/u_clahe_ip_rd_addr_fifo_classic_ram/ram_reg_0_3_12_17/RAMB_D1/I (clocked by clk_fpga_0). Large setup violations at the end of those stages might be difficult to fix during the post-placement implementation flow and could be the result of non-optimal XDC constraints or non-optimal design architecture
Related violations: <none>

TIMING-16#983 Warning
Large setup violation  
There is a large setup violation of -5.976 ns between broncho_video_i/clahe_ip_0/inst/u_clahe_ip_dut_inst/u_clahe_ip_src_CLAHE/u_AXI4_Master_Read_Controller/line_count_reg[2]/C (clocked by clk_fpga_0) and broncho_video_i/clahe_ip_0/inst/u_clahe_ip_axi4_master_0_rd_inst/u_clahe_ip_rd_addr_fifo_inst/u_clahe_ip_rd_addr_fifo_classic_ram/ram_reg_0_3_12_17/RAMC_D1/I (clocked by clk_fpga_0). Large setup violations at the end of those stages might be difficult to fix during the post-placement implementation flow and could be the result of non-optimal XDC constraints or non-optimal design architecture
Related violations: <none>

TIMING-16#984 Warning
Large setup violation  
There is a large setup violation of -5.996 ns between broncho_video_i/clahe_ip_0/inst/u_clahe_ip_dut_inst/u_clahe_ip_src_CLAHE/u_AXI4_Master_Read_Controller/line_count_reg[2]/C (clocked by clk_fpga_0) and broncho_video_i/clahe_ip_0/inst/u_clahe_ip_axi4_master_0_rd_inst/u_clahe_ip_rd_addr_fifo_inst/u_clahe_ip_rd_addr_fifo_classic_ram/ram_reg_0_3_0_5/RAMC_D1/I (clocked by clk_fpga_0). Large setup violations at the end of those stages might be difficult to fix during the post-placement implementation flow and could be the result of non-optimal XDC constraints or non-optimal design architecture
Related violations: <none>

TIMING-16#985 Warning
Large setup violation  
There is a large setup violation of -6.041 ns between broncho_video_i/clahe_ip_0/inst/u_clahe_ip_dut_inst/u_clahe_ip_src_CLAHE/u_AXI4_Master_Read_Controller/line_count_reg[2]/C (clocked by clk_fpga_0) and broncho_video_i/clahe_ip_0/inst/u_clahe_ip_axi4_master_0_rd_inst/u_clahe_ip_rd_addr_fifo_inst/u_clahe_ip_rd_addr_fifo_classic_ram/ram_reg_0_3_18_23/RAMB/I (clocked by clk_fpga_0). Large setup violations at the end of those stages might be difficult to fix during the post-placement implementation flow and could be the result of non-optimal XDC constraints or non-optimal design architecture
Related violations: <none>

TIMING-16#986 Warning
Large setup violation  
There is a large setup violation of -6.056 ns between broncho_video_i/clahe_ip_0/inst/u_clahe_ip_dut_inst/u_clahe_ip_src_CLAHE/u_AXI4_Master_Read_Controller/line_count_reg[2]/C (clocked by clk_fpga_0) and broncho_video_i/clahe_ip_0/inst/u_clahe_ip_axi4_master_0_rd_inst/u_clahe_ip_rd_addr_fifo_inst/u_clahe_ip_rd_addr_fifo_classic_ram/ram_reg_0_3_18_23/RAMA_D1/I (clocked by clk_fpga_0). Large setup violations at the end of those stages might be difficult to fix during the post-placement implementation flow and could be the result of non-optimal XDC constraints or non-optimal design architecture
Related violations: <none>

TIMING-16#987 Warning
Large setup violation  
There is a large setup violation of -6.075 ns between broncho_video_i/clahe_ip_0/inst/u_clahe_ip_dut_inst/u_clahe_ip_src_CLAHE/u_AXI4_Master_Read_Controller/line_count_reg[2]/C (clocked by clk_fpga_0) and broncho_video_i/clahe_ip_0/inst/u_clahe_ip_axi4_master_0_rd_inst/u_clahe_ip_rd_addr_fifo_inst/u_clahe_ip_rd_addr_fifo_classic_ram/ram_reg_0_3_18_23/RAMC_D1/I (clocked by clk_fpga_0). Large setup violations at the end of those stages might be difficult to fix during the post-placement implementation flow and could be the result of non-optimal XDC constraints or non-optimal design architecture
Related violations: <none>

TIMING-16#988 Warning
Large setup violation  
There is a large setup violation of -6.121 ns between broncho_video_i/clahe_ip_0/inst/u_clahe_ip_dut_inst/u_clahe_ip_src_CLAHE/u_AXI4_Master_Read_Controller/line_count_reg[2]/C (clocked by clk_fpga_0) and broncho_video_i/clahe_ip_0/inst/u_clahe_ip_axi4_master_0_rd_inst/u_clahe_ip_rd_addr_fifo_inst/u_clahe_ip_rd_addr_fifo_classic_ram/ram_reg_0_3_24_29/RAMC/I (clocked by clk_fpga_0). Large setup violations at the end of those stages might be difficult to fix during the post-placement implementation flow and could be the result of non-optimal XDC constraints or non-optimal design architecture
Related violations: <none>

TIMING-16#989 Warning
Large setup violation  
There is a large setup violation of -6.156 ns between broncho_video_i/clahe_ip_0/inst/u_clahe_ip_dut_inst/u_clahe_ip_src_CLAHE/u_AXI4_Master_Read_Controller/line_count_reg[2]/C (clocked by clk_fpga_0) and broncho_video_i/clahe_ip_0/inst/u_clahe_ip_axi4_master_0_rd_inst/u_clahe_ip_rd_addr_fifo_inst/u_clahe_ip_rd_addr_fifo_classic_ram/ram_reg_0_3_18_23/RAMA/I (clocked by clk_fpga_0). Large setup violations at the end of those stages might be difficult to fix during the post-placement implementation flow and could be the result of non-optimal XDC constraints or non-optimal design architecture
Related violations: <none>

TIMING-16#990 Warning
Large setup violation  
There is a large setup violation of -6.171 ns between broncho_video_i/clahe_ip_0/inst/u_clahe_ip_dut_inst/u_clahe_ip_src_CLAHE/u_AXI4_Master_Read_Controller/line_count_reg[2]/C (clocked by clk_fpga_0) and broncho_video_i/clahe_ip_0/inst/u_clahe_ip_axi4_master_0_rd_inst/u_clahe_ip_rd_addr_fifo_inst/u_clahe_ip_rd_addr_fifo_classic_ram/ram_reg_0_3_24_29/RAMA/I (clocked by clk_fpga_0). Large setup violations at the end of those stages might be difficult to fix during the post-placement implementation flow and could be the result of non-optimal XDC constraints or non-optimal design architecture
Related violations: <none>

TIMING-16#991 Warning
Large setup violation  
There is a large setup violation of -6.178 ns between broncho_video_i/clahe_ip_0/inst/u_clahe_ip_dut_inst/u_clahe_ip_src_CLAHE/u_AXI4_Master_Read_Controller/line_count_reg[2]/C (clocked by clk_fpga_0) and broncho_video_i/clahe_ip_0/inst/u_clahe_ip_axi4_master_0_rd_inst/u_clahe_ip_rd_addr_fifo_inst/u_clahe_ip_rd_addr_fifo_classic_ram/ram_reg_0_3_30_31__0/SP/I (clocked by clk_fpga_0). Large setup violations at the end of those stages might be difficult to fix during the post-placement implementation flow and could be the result of non-optimal XDC constraints or non-optimal design architecture
Related violations: <none>

TIMING-16#992 Warning
Large setup violation  
There is a large setup violation of -6.185 ns between broncho_video_i/clahe_ip_0/inst/u_clahe_ip_dut_inst/u_clahe_ip_src_CLAHE/u_AXI4_Master_Read_Controller/line_count_reg[2]/C (clocked by clk_fpga_0) and broncho_video_i/clahe_ip_0/inst/u_clahe_ip_axi4_master_0_rd_inst/u_clahe_ip_rd_addr_fifo_inst/u_clahe_ip_rd_addr_fifo_classic_ram/ram_reg_0_3_18_23/RAMB_D1/I (clocked by clk_fpga_0). Large setup violations at the end of those stages might be difficult to fix during the post-placement implementation flow and could be the result of non-optimal XDC constraints or non-optimal design architecture
Related violations: <none>

TIMING-16#993 Warning
Large setup violation  
There is a large setup violation of -6.230 ns between broncho_video_i/clahe_ip_0/inst/u_clahe_ip_dut_inst/u_clahe_ip_src_CLAHE/u_AXI4_Master_Read_Controller/line_count_reg[2]/C (clocked by clk_fpga_0) and broncho_video_i/clahe_ip_0/inst/u_clahe_ip_axi4_master_0_rd_inst/u_clahe_ip_rd_addr_fifo_inst/u_clahe_ip_rd_addr_fifo_classic_ram/ram_reg_0_3_12_17/RAMA_D1/I (clocked by clk_fpga_0). Large setup violations at the end of those stages might be difficult to fix during the post-placement implementation flow and could be the result of non-optimal XDC constraints or non-optimal design architecture
Related violations: <none>

TIMING-16#994 Warning
Large setup violation  
There is a large setup violation of -6.242 ns between broncho_video_i/clahe_ip_0/inst/u_clahe_ip_dut_inst/u_clahe_ip_src_CLAHE/u_AXI4_Master_Read_Controller/line_count_reg[2]/C (clocked by clk_fpga_0) and broncho_video_i/clahe_ip_0/inst/u_clahe_ip_axi4_master_0_rd_inst/u_clahe_ip_rd_addr_fifo_inst/u_clahe_ip_rd_addr_fifo_classic_ram/ram_reg_0_3_24_29/RAMA_D1/I (clocked by clk_fpga_0). Large setup violations at the end of those stages might be difficult to fix during the post-placement implementation flow and could be the result of non-optimal XDC constraints or non-optimal design architecture
Related violations: <none>

TIMING-16#995 Warning
Large setup violation  
There is a large setup violation of -6.307 ns between broncho_video_i/clahe_ip_0/inst/u_clahe_ip_dut_inst/u_clahe_ip_src_CLAHE/u_AXI4_Master_Read_Controller/line_count_reg[2]/C (clocked by clk_fpga_0) and broncho_video_i/clahe_ip_0/inst/u_clahe_ip_axi4_master_0_rd_inst/u_clahe_ip_rd_addr_fifo_inst/u_clahe_ip_rd_addr_fifo_classic_ram/ram_reg_0_3_24_29/RAMB_D1/I (clocked by clk_fpga_0). Large setup violations at the end of those stages might be difficult to fix during the post-placement implementation flow and could be the result of non-optimal XDC constraints or non-optimal design architecture
Related violations: <none>

TIMING-16#996 Warning
Large setup violation  
There is a large setup violation of -6.310 ns between broncho_video_i/clahe_ip_0/inst/u_clahe_ip_dut_inst/u_clahe_ip_src_CLAHE/u_AXI4_Master_Read_Controller/line_count_reg[2]/C (clocked by clk_fpga_0) and broncho_video_i/clahe_ip_0/inst/u_clahe_ip_axi4_master_0_rd_inst/u_clahe_ip_rd_addr_fifo_inst/u_clahe_ip_rd_addr_fifo_classic_ram/ram_reg_0_3_30_31/SP/I (clocked by clk_fpga_0). Large setup violations at the end of those stages might be difficult to fix during the post-placement implementation flow and could be the result of non-optimal XDC constraints or non-optimal design architecture
Related violations: <none>

TIMING-16#997 Warning
Large setup violation  
There is a large setup violation of -6.345 ns between broncho_video_i/clahe_ip_0/inst/u_clahe_ip_dut_inst/u_clahe_ip_src_CLAHE/u_AXI4_Master_Read_Controller/line_count_reg[2]/C (clocked by clk_fpga_0) and broncho_video_i/clahe_ip_0/inst/u_clahe_ip_axi4_master_0_rd_inst/u_clahe_ip_rd_addr_fifo_inst/u_clahe_ip_rd_addr_fifo_classic_ram/ram_reg_0_3_24_29/RAMC_D1/I (clocked by clk_fpga_0). Large setup violations at the end of those stages might be difficult to fix during the post-placement implementation flow and could be the result of non-optimal XDC constraints or non-optimal design architecture
Related violations: <none>

TIMING-16#998 Warning
Large setup violation  
There is a large setup violation of -6.359 ns between broncho_video_i/clahe_ip_0/inst/u_clahe_ip_dut_inst/u_clahe_ip_src_CLAHE/u_AXI4_Master_Read_Controller/line_count_reg[2]/C (clocked by clk_fpga_0) and broncho_video_i/clahe_ip_0/inst/u_clahe_ip_axi4_master_0_rd_inst/u_clahe_ip_rd_addr_fifo_inst/u_clahe_ip_rd_addr_fifo_classic_ram/ram_reg_0_3_30_31/DP/I (clocked by clk_fpga_0). Large setup violations at the end of those stages might be difficult to fix during the post-placement implementation flow and could be the result of non-optimal XDC constraints or non-optimal design architecture
Related violations: <none>

TIMING-16#999 Warning
Large setup violation  
There is a large setup violation of -6.405 ns between broncho_video_i/clahe_ip_0/inst/u_clahe_ip_dut_inst/u_clahe_ip_src_CLAHE/u_AXI4_Master_Read_Controller/line_count_reg[2]/C (clocked by clk_fpga_0) and broncho_video_i/clahe_ip_0/inst/u_clahe_ip_axi4_master_0_rd_inst/u_clahe_ip_rd_addr_fifo_inst/u_clahe_ip_rd_addr_fifo_classic_ram/ram_reg_0_3_30_31__0/DP/I (clocked by clk_fpga_0). Large setup violations at the end of those stages might be difficult to fix during the post-placement implementation flow and could be the result of non-optimal XDC constraints or non-optimal design architecture
Related violations: <none>

TIMING-16#1000 Warning
Large setup violation  
There is a large setup violation of -6.597 ns between broncho_video_i/clahe_ip_0/inst/u_clahe_ip_dut_inst/u_clahe_ip_src_CLAHE/u_AXI4_Master_Read_Controller/line_count_reg[2]/C (clocked by clk_fpga_0) and broncho_video_i/clahe_ip_0/inst/u_clahe_ip_axi4_master_0_rd_inst/u_clahe_ip_rd_addr_fifo_inst/u_clahe_ip_rd_addr_fifo_classic_ram/ram_reg_0_3_24_29/RAMB/I (clocked by clk_fpga_0). Large setup violations at the end of those stages might be difficult to fix during the post-placement implementation flow and could be the result of non-optimal XDC constraints or non-optimal design architecture
Related violations: <none>

TIMING-18#1 Warning
Missing input or output delay  
An input delay is missing on vid_active_video_in relative to the rising and/or falling clock edge(s) of clk_fpga_0.
Related violations: <none>

TIMING-18#2 Warning
Missing input or output delay  
An input delay is missing on vid_data_in[0] relative to the rising and/or falling clock edge(s) of clk_fpga_0.
Related violations: <none>

TIMING-18#3 Warning
Missing input or output delay  
An input delay is missing on vid_data_in[1] relative to the rising and/or falling clock edge(s) of clk_fpga_0.
Related violations: <none>

TIMING-18#4 Warning
Missing input or output delay  
An input delay is missing on vid_data_in[2] relative to the rising and/or falling clock edge(s) of clk_fpga_0.
Related violations: <none>

TIMING-18#5 Warning
Missing input or output delay  
An input delay is missing on vid_data_in[3] relative to the rising and/or falling clock edge(s) of clk_fpga_0.
Related violations: <none>

TIMING-18#6 Warning
Missing input or output delay  
An input delay is missing on vid_data_in[4] relative to the rising and/or falling clock edge(s) of clk_fpga_0.
Related violations: <none>

TIMING-18#7 Warning
Missing input or output delay  
An input delay is missing on vid_data_in[5] relative to the rising and/or falling clock edge(s) of clk_fpga_0.
Related violations: <none>

TIMING-18#8 Warning
Missing input or output delay  
An input delay is missing on vid_data_in[6] relative to the rising and/or falling clock edge(s) of clk_fpga_0.
Related violations: <none>

TIMING-18#9 Warning
Missing input or output delay  
An input delay is missing on vid_data_in[7] relative to the rising and/or falling clock edge(s) of clk_fpga_0.
Related violations: <none>

TIMING-18#10 Warning
Missing input or output delay  
An input delay is missing on vid_data_in[8] relative to the rising and/or falling clock edge(s) of clk_fpga_0.
Related violations: <none>

TIMING-18#11 Warning
Missing input or output delay  
An input delay is missing on vid_data_in[9] relative to the rising and/or falling clock edge(s) of clk_fpga_0.
Related violations: <none>

TIMING-18#12 Warning
Missing input or output delay  
An input delay is missing on vid_vsync_in relative to the rising and/or falling clock edge(s) of clk_fpga_0.
Related violations: <none>

ULMTCS-1#1 Warning
Control Sets use limits recommend reduction  
This design uses 1553 control sets (vs. available limit of 13300, determined by 1 control set per CLB). This exceeds the control set use guideline of 7.5 percent. This is at a level where reduction is RECOMMENDED (see UG949). Use report_control_sets to get more details.
Related violations: <none>


