

================================================================
== Vitis HLS Report for 'hscale_polyphase'
================================================================
* Date:           Thu Dec 28 17:23:03 2023

* Version:        2023.2 (Build 4023990 on Oct 11 2023)
* Project:        prj
* Solution:       sol (Vivado IP Flow Target)
* Product family: zynq
* Target device:  xc7z020-clg484-1


================================================================
== Performance Estimates
================================================================
+ Timing: 
    * Summary: 
    +--------+---------+----------+------------+
    |  Clock |  Target | Estimated| Uncertainty|
    +--------+---------+----------+------------+
    |ap_clk  |  7.00 ns|  4.200 ns|     1.89 ns|
    +--------+---------+----------+------------+

+ Latency: 
    * Summary: 
    +---------+---------+-----------+-----------+-----+-----+---------+
    |  Latency (cycles) |   Latency (absolute)  |  Interval | Pipeline|
    |   min   |   max   |    min    |    max    | min | max |   Type  |
    +---------+---------+-----------+-----------+-----+-----+---------+
    |       10|       10|  70.000 ns|  70.000 ns|    1|    1|      yes|
    +---------+---------+-----------+-----------+-----+-----+---------+

    + Detail: 
        * Instance: 
        N/A

        * Loop: 
        N/A

============================================================
+ Verbose Summary: Synthesis Manager
============================================================
InlineROM: 1
ExposeGlobal: 0
============================================================
+ Verbose Summary: CDFG Model
============================================================
IsTopModel: 0
ResetActiveHigh: 1
IsCombinational: 0
IsDatapathOnly: 0
HasWiredReturn: 1
HasMFsm: 2
HasVarLatency: 0
IsPipeline: 1
IsRtlPipelined: 1
IsInstanceOverlapped: 0
IsDontTouch: 0
HasImplIP: 0
IsGatedGlobalClock: 0

+ Individual pipeline summary: 
  * Pipeline-0: initiation interval (II) = 1, depth = 11


============================================================
+ Verbose Summary: Schedule
============================================================
* Number of FSM states : 11
* Pipeline : 1
  Pipeline-0 : II = 1, D = 11, States = { 1 2 3 4 5 6 7 8 9 10 11 }
* Dataflow Pipeline: 0

* FSM state transitions: 
1 --> 2 
2 --> 3 
3 --> 4 
4 --> 5 
5 --> 6 
6 --> 7 
7 --> 8 
8 --> 9 
9 --> 10 
10 --> 11 
11 --> 

* FSM state operations: 

State 1 <SV = 0> <Delay = 3.39>
ST_1 : Operation 12 [1/1] (0.00ns)   --->   "%ArrayIdx_val_read = read i2 @_ssdm_op_Read.ap_auto.i2, i2 %ArrayIdx_val" [/home/alen/repo/zynq-7020-video-pipe-3/hw/video-pipe-hw-v5/hw_011223.runs/bd_41e7_hsc_0_synth_1/prj/sol/.autopilot/db/v_hscaler.cpp:990]   --->   Operation 12 'read' 'ArrayIdx_val_read' <Predicate = true> <Delay = 0.00>
ST_1 : Operation 13 [1/1] (0.00ns)   --->   "%PhasesH_0_0_val_read = read i6 @_ssdm_op_Read.ap_auto.i6, i6 %PhasesH_0_0_val" [/home/alen/repo/zynq-7020-video-pipe-3/hw/video-pipe-hw-v5/hw_011223.runs/bd_41e7_hsc_0_synth_1/prj/sol/.autopilot/db/v_hscaler.cpp:990]   --->   Operation 13 'read' 'PhasesH_0_0_val_read' <Predicate = true> <Delay = 0.00>
ST_1 : Operation 14 [1/1] (0.00ns)   --->   "%PixArray_7_2_val_read = read i10 @_ssdm_op_Read.ap_auto.i10, i10 %PixArray_7_2_val" [/home/alen/repo/zynq-7020-video-pipe-3/hw/video-pipe-hw-v5/hw_011223.runs/bd_41e7_hsc_0_synth_1/prj/sol/.autopilot/db/v_hscaler.cpp:990]   --->   Operation 14 'read' 'PixArray_7_2_val_read' <Predicate = true> <Delay = 0.00>
ST_1 : Operation 15 [1/1] (0.00ns)   --->   "%PixArray_7_1_val_read = read i10 @_ssdm_op_Read.ap_auto.i10, i10 %PixArray_7_1_val" [/home/alen/repo/zynq-7020-video-pipe-3/hw/video-pipe-hw-v5/hw_011223.runs/bd_41e7_hsc_0_synth_1/prj/sol/.autopilot/db/v_hscaler.cpp:990]   --->   Operation 15 'read' 'PixArray_7_1_val_read' <Predicate = true> <Delay = 0.00>
ST_1 : Operation 16 [1/1] (0.00ns)   --->   "%PixArray_7_0_val_read = read i10 @_ssdm_op_Read.ap_auto.i10, i10 %PixArray_7_0_val" [/home/alen/repo/zynq-7020-video-pipe-3/hw/video-pipe-hw-v5/hw_011223.runs/bd_41e7_hsc_0_synth_1/prj/sol/.autopilot/db/v_hscaler.cpp:990]   --->   Operation 16 'read' 'PixArray_7_0_val_read' <Predicate = true> <Delay = 0.00>
ST_1 : Operation 17 [1/1] (0.00ns)   --->   "%PixArray_6_2_val_read = read i10 @_ssdm_op_Read.ap_auto.i10, i10 %PixArray_6_2_val" [/home/alen/repo/zynq-7020-video-pipe-3/hw/video-pipe-hw-v5/hw_011223.runs/bd_41e7_hsc_0_synth_1/prj/sol/.autopilot/db/v_hscaler.cpp:990]   --->   Operation 17 'read' 'PixArray_6_2_val_read' <Predicate = true> <Delay = 0.00>
ST_1 : Operation 18 [1/1] (0.00ns)   --->   "%PixArray_6_1_val_read = read i10 @_ssdm_op_Read.ap_auto.i10, i10 %PixArray_6_1_val" [/home/alen/repo/zynq-7020-video-pipe-3/hw/video-pipe-hw-v5/hw_011223.runs/bd_41e7_hsc_0_synth_1/prj/sol/.autopilot/db/v_hscaler.cpp:990]   --->   Operation 18 'read' 'PixArray_6_1_val_read' <Predicate = true> <Delay = 0.00>
ST_1 : Operation 19 [1/1] (0.00ns)   --->   "%PixArray_6_0_val_read = read i10 @_ssdm_op_Read.ap_auto.i10, i10 %PixArray_6_0_val" [/home/alen/repo/zynq-7020-video-pipe-3/hw/video-pipe-hw-v5/hw_011223.runs/bd_41e7_hsc_0_synth_1/prj/sol/.autopilot/db/v_hscaler.cpp:990]   --->   Operation 19 'read' 'PixArray_6_0_val_read' <Predicate = true> <Delay = 0.00>
ST_1 : Operation 20 [1/1] (0.00ns)   --->   "%PixArray_5_2_val_read = read i10 @_ssdm_op_Read.ap_auto.i10, i10 %PixArray_5_2_val" [/home/alen/repo/zynq-7020-video-pipe-3/hw/video-pipe-hw-v5/hw_011223.runs/bd_41e7_hsc_0_synth_1/prj/sol/.autopilot/db/v_hscaler.cpp:990]   --->   Operation 20 'read' 'PixArray_5_2_val_read' <Predicate = true> <Delay = 0.00>
ST_1 : Operation 21 [1/1] (0.00ns)   --->   "%PixArray_5_1_val_read = read i10 @_ssdm_op_Read.ap_auto.i10, i10 %PixArray_5_1_val" [/home/alen/repo/zynq-7020-video-pipe-3/hw/video-pipe-hw-v5/hw_011223.runs/bd_41e7_hsc_0_synth_1/prj/sol/.autopilot/db/v_hscaler.cpp:990]   --->   Operation 21 'read' 'PixArray_5_1_val_read' <Predicate = true> <Delay = 0.00>
ST_1 : Operation 22 [1/1] (0.00ns)   --->   "%PixArray_5_0_val_read = read i10 @_ssdm_op_Read.ap_auto.i10, i10 %PixArray_5_0_val" [/home/alen/repo/zynq-7020-video-pipe-3/hw/video-pipe-hw-v5/hw_011223.runs/bd_41e7_hsc_0_synth_1/prj/sol/.autopilot/db/v_hscaler.cpp:990]   --->   Operation 22 'read' 'PixArray_5_0_val_read' <Predicate = true> <Delay = 0.00>
ST_1 : Operation 23 [1/1] (0.00ns)   --->   "%PixArray_4_2_val_read = read i10 @_ssdm_op_Read.ap_auto.i10, i10 %PixArray_4_2_val" [/home/alen/repo/zynq-7020-video-pipe-3/hw/video-pipe-hw-v5/hw_011223.runs/bd_41e7_hsc_0_synth_1/prj/sol/.autopilot/db/v_hscaler.cpp:990]   --->   Operation 23 'read' 'PixArray_4_2_val_read' <Predicate = true> <Delay = 0.00>
ST_1 : Operation 24 [1/1] (0.00ns)   --->   "%PixArray_4_1_val_read = read i10 @_ssdm_op_Read.ap_auto.i10, i10 %PixArray_4_1_val" [/home/alen/repo/zynq-7020-video-pipe-3/hw/video-pipe-hw-v5/hw_011223.runs/bd_41e7_hsc_0_synth_1/prj/sol/.autopilot/db/v_hscaler.cpp:990]   --->   Operation 24 'read' 'PixArray_4_1_val_read' <Predicate = true> <Delay = 0.00>
ST_1 : Operation 25 [1/1] (0.00ns)   --->   "%PixArray_4_0_val_read = read i10 @_ssdm_op_Read.ap_auto.i10, i10 %PixArray_4_0_val" [/home/alen/repo/zynq-7020-video-pipe-3/hw/video-pipe-hw-v5/hw_011223.runs/bd_41e7_hsc_0_synth_1/prj/sol/.autopilot/db/v_hscaler.cpp:990]   --->   Operation 25 'read' 'PixArray_4_0_val_read' <Predicate = true> <Delay = 0.00>
ST_1 : Operation 26 [1/1] (0.00ns)   --->   "%PixArray_3_2_val_read = read i10 @_ssdm_op_Read.ap_auto.i10, i10 %PixArray_3_2_val" [/home/alen/repo/zynq-7020-video-pipe-3/hw/video-pipe-hw-v5/hw_011223.runs/bd_41e7_hsc_0_synth_1/prj/sol/.autopilot/db/v_hscaler.cpp:990]   --->   Operation 26 'read' 'PixArray_3_2_val_read' <Predicate = true> <Delay = 0.00>
ST_1 : Operation 27 [1/1] (0.00ns)   --->   "%PixArray_3_1_val_read = read i10 @_ssdm_op_Read.ap_auto.i10, i10 %PixArray_3_1_val" [/home/alen/repo/zynq-7020-video-pipe-3/hw/video-pipe-hw-v5/hw_011223.runs/bd_41e7_hsc_0_synth_1/prj/sol/.autopilot/db/v_hscaler.cpp:990]   --->   Operation 27 'read' 'PixArray_3_1_val_read' <Predicate = true> <Delay = 0.00>
ST_1 : Operation 28 [1/1] (0.00ns)   --->   "%PixArray_3_0_val_read = read i10 @_ssdm_op_Read.ap_auto.i10, i10 %PixArray_3_0_val" [/home/alen/repo/zynq-7020-video-pipe-3/hw/video-pipe-hw-v5/hw_011223.runs/bd_41e7_hsc_0_synth_1/prj/sol/.autopilot/db/v_hscaler.cpp:990]   --->   Operation 28 'read' 'PixArray_3_0_val_read' <Predicate = true> <Delay = 0.00>
ST_1 : Operation 29 [1/1] (0.00ns)   --->   "%PixArray_2_2_val_read = read i10 @_ssdm_op_Read.ap_auto.i10, i10 %PixArray_2_2_val" [/home/alen/repo/zynq-7020-video-pipe-3/hw/video-pipe-hw-v5/hw_011223.runs/bd_41e7_hsc_0_synth_1/prj/sol/.autopilot/db/v_hscaler.cpp:990]   --->   Operation 29 'read' 'PixArray_2_2_val_read' <Predicate = true> <Delay = 0.00>
ST_1 : Operation 30 [1/1] (0.00ns)   --->   "%PixArray_2_1_val_read = read i10 @_ssdm_op_Read.ap_auto.i10, i10 %PixArray_2_1_val" [/home/alen/repo/zynq-7020-video-pipe-3/hw/video-pipe-hw-v5/hw_011223.runs/bd_41e7_hsc_0_synth_1/prj/sol/.autopilot/db/v_hscaler.cpp:990]   --->   Operation 30 'read' 'PixArray_2_1_val_read' <Predicate = true> <Delay = 0.00>
ST_1 : Operation 31 [1/1] (0.00ns)   --->   "%PixArray_2_0_val_read = read i10 @_ssdm_op_Read.ap_auto.i10, i10 %PixArray_2_0_val" [/home/alen/repo/zynq-7020-video-pipe-3/hw/video-pipe-hw-v5/hw_011223.runs/bd_41e7_hsc_0_synth_1/prj/sol/.autopilot/db/v_hscaler.cpp:990]   --->   Operation 31 'read' 'PixArray_2_0_val_read' <Predicate = true> <Delay = 0.00>
ST_1 : Operation 32 [1/1] (0.00ns)   --->   "%PixArray_1_2_val_read = read i10 @_ssdm_op_Read.ap_auto.i10, i10 %PixArray_1_2_val" [/home/alen/repo/zynq-7020-video-pipe-3/hw/video-pipe-hw-v5/hw_011223.runs/bd_41e7_hsc_0_synth_1/prj/sol/.autopilot/db/v_hscaler.cpp:990]   --->   Operation 32 'read' 'PixArray_1_2_val_read' <Predicate = true> <Delay = 0.00>
ST_1 : Operation 33 [1/1] (0.00ns)   --->   "%PixArray_1_1_val_read = read i10 @_ssdm_op_Read.ap_auto.i10, i10 %PixArray_1_1_val" [/home/alen/repo/zynq-7020-video-pipe-3/hw/video-pipe-hw-v5/hw_011223.runs/bd_41e7_hsc_0_synth_1/prj/sol/.autopilot/db/v_hscaler.cpp:990]   --->   Operation 33 'read' 'PixArray_1_1_val_read' <Predicate = true> <Delay = 0.00>
ST_1 : Operation 34 [1/1] (0.00ns)   --->   "%PixArray_1_0_val_read = read i10 @_ssdm_op_Read.ap_auto.i10, i10 %PixArray_1_0_val" [/home/alen/repo/zynq-7020-video-pipe-3/hw/video-pipe-hw-v5/hw_011223.runs/bd_41e7_hsc_0_synth_1/prj/sol/.autopilot/db/v_hscaler.cpp:990]   --->   Operation 34 'read' 'PixArray_1_0_val_read' <Predicate = true> <Delay = 0.00>
ST_1 : Operation 35 [1/1] (0.00ns)   --->   "%PixArray_0_2_val_read = read i10 @_ssdm_op_Read.ap_auto.i10, i10 %PixArray_0_2_val" [/home/alen/repo/zynq-7020-video-pipe-3/hw/video-pipe-hw-v5/hw_011223.runs/bd_41e7_hsc_0_synth_1/prj/sol/.autopilot/db/v_hscaler.cpp:990]   --->   Operation 35 'read' 'PixArray_0_2_val_read' <Predicate = true> <Delay = 0.00>
ST_1 : Operation 36 [1/1] (0.00ns)   --->   "%PixArray_0_1_val_read = read i10 @_ssdm_op_Read.ap_auto.i10, i10 %PixArray_0_1_val" [/home/alen/repo/zynq-7020-video-pipe-3/hw/video-pipe-hw-v5/hw_011223.runs/bd_41e7_hsc_0_synth_1/prj/sol/.autopilot/db/v_hscaler.cpp:990]   --->   Operation 36 'read' 'PixArray_0_1_val_read' <Predicate = true> <Delay = 0.00>
ST_1 : Operation 37 [1/1] (0.00ns)   --->   "%PixArray_0_0_val_read = read i10 @_ssdm_op_Read.ap_auto.i10, i10 %PixArray_0_0_val" [/home/alen/repo/zynq-7020-video-pipe-3/hw/video-pipe-hw-v5/hw_011223.runs/bd_41e7_hsc_0_synth_1/prj/sol/.autopilot/db/v_hscaler.cpp:990]   --->   Operation 37 'read' 'PixArray_0_0_val_read' <Predicate = true> <Delay = 0.00>
ST_1 : Operation 38 [1/1] (0.00ns)   --->   "%zext_ln991 = zext i2 %ArrayIdx_val_read" [/home/alen/repo/zynq-7020-video-pipe-3/hw/video-pipe-hw-v5/hw_011223.runs/bd_41e7_hsc_0_synth_1/prj/sol/.autopilot/db/v_hscaler.cpp:991]   --->   Operation 38 'zext' 'zext_ln991' <Predicate = true> <Delay = 0.00>
ST_1 : Operation 39 [1/1] (0.00ns)   --->   "%idxprom8 = zext i6 %PhasesH_0_0_val_read" [/home/alen/repo/zynq-7020-video-pipe-3/hw/video-pipe-hw-v5/hw_011223.runs/bd_41e7_hsc_0_synth_1/prj/sol/.autopilot/db/v_hscaler.cpp:990]   --->   Operation 39 'zext' 'idxprom8' <Predicate = true> <Delay = 0.00>
ST_1 : Operation 40 [1/1] (0.00ns)   --->   "%FiltCoeff_0_addr = getelementptr i16 %FiltCoeff_0, i64 0, i64 %idxprom8" [/home/alen/repo/zynq-7020-video-pipe-3/hw/video-pipe-hw-v5/hw_011223.runs/bd_41e7_hsc_0_synth_1/prj/sol/.autopilot/db/v_hscaler.cpp:996]   --->   Operation 40 'getelementptr' 'FiltCoeff_0_addr' <Predicate = true> <Delay = 0.00>
ST_1 : Operation 41 [2/2] (2.32ns)   --->   "%FiltCoeff_0_load = load i6 %FiltCoeff_0_addr" [/home/alen/repo/zynq-7020-video-pipe-3/hw/video-pipe-hw-v5/hw_011223.runs/bd_41e7_hsc_0_synth_1/prj/sol/.autopilot/db/v_hscaler.cpp:996]   --->   Operation 41 'load' 'FiltCoeff_0_load' <Predicate = true> <Delay = 2.32> <CoreInst = "RAM_1P_LUTRAM">   --->   Core 87 'RAM_1P_LUTRAM' <Latency = 1> <II = 1> <Delay = 2.32> <Storage> <Opcode : 'load' 'store'> <Ports = 1> <Width = 16> <Depth = 64> <RAM>
ST_1 : Operation 42 [1/1] (1.56ns)   --->   "%add_ln998 = add i3 %zext_ln991, i3 1" [/home/alen/repo/zynq-7020-video-pipe-3/hw/video-pipe-hw-v5/hw_011223.runs/bd_41e7_hsc_0_synth_1/prj/sol/.autopilot/db/v_hscaler.cpp:998]   --->   Operation 42 'add' 'add_ln998' <Predicate = true> <Delay = 1.56> <CoreInst = "Adder">   --->   Core 1 'Adder' <Latency = 0> <II = 1> <Delay = 1.56> <FuncUnit> <Opcode : 'add' 'sub'> <InPorts = 2> <OutPorts = 1>
ST_1 : Operation 43 [1/1] (1.82ns)   --->   "%tmp = sparsemux i10 @_ssdm_op_SparseMux.ap_auto.4i10.i10.i3, i3 1, i10 %PixArray_1_0_val_read, i3 2, i10 %PixArray_2_0_val_read, i3 3, i10 %PixArray_3_0_val_read, i3 4, i10 %PixArray_4_0_val_read, i10 0, i3 %add_ln998" [/home/alen/repo/zynq-7020-video-pipe-3/hw/video-pipe-hw-v5/hw_011223.runs/bd_41e7_hsc_0_synth_1/prj/sol/.autopilot/db/v_hscaler.cpp:1010]   --->   Operation 43 'sparsemux' 'tmp' <Predicate = true> <Delay = 1.82> <CoreInst = "SparseMux">   --->   Core 135 'SparseMux' <Latency = 0> <II = 1> <Delay = 1.82> <FuncUnit> <Opcode : 'sparsemux'> <InPorts = 2> <OutPorts = 1>
ST_1 : Operation 44 [1/1] (1.82ns)   --->   "%tmp_s = sparsemux i10 @_ssdm_op_SparseMux.ap_auto.4i10.i10.i3, i3 1, i10 %PixArray_2_0_val_read, i3 2, i10 %PixArray_3_0_val_read, i3 3, i10 %PixArray_4_0_val_read, i3 4, i10 %PixArray_5_0_val_read, i10 0, i3 %add_ln998" [/home/alen/repo/zynq-7020-video-pipe-3/hw/video-pipe-hw-v5/hw_011223.runs/bd_41e7_hsc_0_synth_1/prj/sol/.autopilot/db/v_hscaler.cpp:1010]   --->   Operation 44 'sparsemux' 'tmp_s' <Predicate = true> <Delay = 1.82> <CoreInst = "SparseMux">   --->   Core 135 'SparseMux' <Latency = 0> <II = 1> <Delay = 1.82> <FuncUnit> <Opcode : 'sparsemux'> <InPorts = 2> <OutPorts = 1>
ST_1 : Operation 45 [1/1] (1.82ns)   --->   "%tmp_9 = sparsemux i10 @_ssdm_op_SparseMux.ap_auto.4i10.i10.i3, i3 1, i10 %PixArray_3_0_val_read, i3 2, i10 %PixArray_4_0_val_read, i3 3, i10 %PixArray_5_0_val_read, i3 4, i10 %PixArray_6_0_val_read, i10 0, i3 %add_ln998" [/home/alen/repo/zynq-7020-video-pipe-3/hw/video-pipe-hw-v5/hw_011223.runs/bd_41e7_hsc_0_synth_1/prj/sol/.autopilot/db/v_hscaler.cpp:1010]   --->   Operation 45 'sparsemux' 'tmp_9' <Predicate = true> <Delay = 1.82> <CoreInst = "SparseMux">   --->   Core 135 'SparseMux' <Latency = 0> <II = 1> <Delay = 1.82> <FuncUnit> <Opcode : 'sparsemux'> <InPorts = 2> <OutPorts = 1>
ST_1 : Operation 46 [1/1] (1.82ns)   --->   "%tmp_1 = sparsemux i10 @_ssdm_op_SparseMux.ap_auto.4i10.i10.i3, i3 1, i10 %PixArray_4_0_val_read, i3 2, i10 %PixArray_5_0_val_read, i3 3, i10 %PixArray_6_0_val_read, i3 4, i10 %PixArray_7_0_val_read, i10 0, i3 %add_ln998" [/home/alen/repo/zynq-7020-video-pipe-3/hw/video-pipe-hw-v5/hw_011223.runs/bd_41e7_hsc_0_synth_1/prj/sol/.autopilot/db/v_hscaler.cpp:1010]   --->   Operation 46 'sparsemux' 'tmp_1' <Predicate = true> <Delay = 1.82> <CoreInst = "SparseMux">   --->   Core 135 'SparseMux' <Latency = 0> <II = 1> <Delay = 1.82> <FuncUnit> <Opcode : 'sparsemux'> <InPorts = 2> <OutPorts = 1>
ST_1 : Operation 47 [1/1] (1.82ns)   --->   "%tmp_2 = sparsemux i10 @_ssdm_op_SparseMux.ap_auto.4i10.i10.i3, i3 4, i10 %PixArray_0_0_val_read, i3 1, i10 %PixArray_5_0_val_read, i3 2, i10 %PixArray_6_0_val_read, i3 3, i10 %PixArray_7_0_val_read, i10 0, i3 %add_ln998" [/home/alen/repo/zynq-7020-video-pipe-3/hw/video-pipe-hw-v5/hw_011223.runs/bd_41e7_hsc_0_synth_1/prj/sol/.autopilot/db/v_hscaler.cpp:1010]   --->   Operation 47 'sparsemux' 'tmp_2' <Predicate = true> <Delay = 1.82> <CoreInst = "SparseMux">   --->   Core 135 'SparseMux' <Latency = 0> <II = 1> <Delay = 1.82> <FuncUnit> <Opcode : 'sparsemux'> <InPorts = 2> <OutPorts = 1>
ST_1 : Operation 48 [1/1] (1.82ns)   --->   "%tmp_3 = sparsemux i10 @_ssdm_op_SparseMux.ap_auto.4i10.i10.i3, i3 3, i10 %PixArray_0_0_val_read, i3 4, i10 %PixArray_1_0_val_read, i3 1, i10 %PixArray_6_0_val_read, i3 2, i10 %PixArray_7_0_val_read, i10 0, i3 %add_ln998" [/home/alen/repo/zynq-7020-video-pipe-3/hw/video-pipe-hw-v5/hw_011223.runs/bd_41e7_hsc_0_synth_1/prj/sol/.autopilot/db/v_hscaler.cpp:1010]   --->   Operation 48 'sparsemux' 'tmp_3' <Predicate = true> <Delay = 1.82> <CoreInst = "SparseMux">   --->   Core 135 'SparseMux' <Latency = 0> <II = 1> <Delay = 1.82> <FuncUnit> <Opcode : 'sparsemux'> <InPorts = 2> <OutPorts = 1>
ST_1 : Operation 49 [1/1] (1.82ns)   --->   "%tmp_4 = sparsemux i10 @_ssdm_op_SparseMux.ap_auto.4i10.i10.i3, i3 1, i10 %PixArray_1_1_val_read, i3 2, i10 %PixArray_2_1_val_read, i3 3, i10 %PixArray_3_1_val_read, i3 4, i10 %PixArray_4_1_val_read, i10 0, i3 %add_ln998" [/home/alen/repo/zynq-7020-video-pipe-3/hw/video-pipe-hw-v5/hw_011223.runs/bd_41e7_hsc_0_synth_1/prj/sol/.autopilot/db/v_hscaler.cpp:1010]   --->   Operation 49 'sparsemux' 'tmp_4' <Predicate = true> <Delay = 1.82> <CoreInst = "SparseMux">   --->   Core 135 'SparseMux' <Latency = 0> <II = 1> <Delay = 1.82> <FuncUnit> <Opcode : 'sparsemux'> <InPorts = 2> <OutPorts = 1>
ST_1 : Operation 50 [1/1] (1.82ns)   --->   "%tmp_5 = sparsemux i10 @_ssdm_op_SparseMux.ap_auto.4i10.i10.i3, i3 1, i10 %PixArray_2_1_val_read, i3 2, i10 %PixArray_3_1_val_read, i3 3, i10 %PixArray_4_1_val_read, i3 4, i10 %PixArray_5_1_val_read, i10 0, i3 %add_ln998" [/home/alen/repo/zynq-7020-video-pipe-3/hw/video-pipe-hw-v5/hw_011223.runs/bd_41e7_hsc_0_synth_1/prj/sol/.autopilot/db/v_hscaler.cpp:1010]   --->   Operation 50 'sparsemux' 'tmp_5' <Predicate = true> <Delay = 1.82> <CoreInst = "SparseMux">   --->   Core 135 'SparseMux' <Latency = 0> <II = 1> <Delay = 1.82> <FuncUnit> <Opcode : 'sparsemux'> <InPorts = 2> <OutPorts = 1>
ST_1 : Operation 51 [1/1] (1.82ns)   --->   "%tmp_6 = sparsemux i10 @_ssdm_op_SparseMux.ap_auto.4i10.i10.i3, i3 1, i10 %PixArray_3_1_val_read, i3 2, i10 %PixArray_4_1_val_read, i3 3, i10 %PixArray_5_1_val_read, i3 4, i10 %PixArray_6_1_val_read, i10 0, i3 %add_ln998" [/home/alen/repo/zynq-7020-video-pipe-3/hw/video-pipe-hw-v5/hw_011223.runs/bd_41e7_hsc_0_synth_1/prj/sol/.autopilot/db/v_hscaler.cpp:1010]   --->   Operation 51 'sparsemux' 'tmp_6' <Predicate = true> <Delay = 1.82> <CoreInst = "SparseMux">   --->   Core 135 'SparseMux' <Latency = 0> <II = 1> <Delay = 1.82> <FuncUnit> <Opcode : 'sparsemux'> <InPorts = 2> <OutPorts = 1>
ST_1 : Operation 52 [1/1] (1.82ns)   --->   "%tmp_7 = sparsemux i10 @_ssdm_op_SparseMux.ap_auto.4i10.i10.i3, i3 1, i10 %PixArray_4_1_val_read, i3 2, i10 %PixArray_5_1_val_read, i3 3, i10 %PixArray_6_1_val_read, i3 4, i10 %PixArray_7_1_val_read, i10 0, i3 %add_ln998" [/home/alen/repo/zynq-7020-video-pipe-3/hw/video-pipe-hw-v5/hw_011223.runs/bd_41e7_hsc_0_synth_1/prj/sol/.autopilot/db/v_hscaler.cpp:1010]   --->   Operation 52 'sparsemux' 'tmp_7' <Predicate = true> <Delay = 1.82> <CoreInst = "SparseMux">   --->   Core 135 'SparseMux' <Latency = 0> <II = 1> <Delay = 1.82> <FuncUnit> <Opcode : 'sparsemux'> <InPorts = 2> <OutPorts = 1>
ST_1 : Operation 53 [1/1] (1.82ns)   --->   "%tmp_8 = sparsemux i10 @_ssdm_op_SparseMux.ap_auto.4i10.i10.i3, i3 4, i10 %PixArray_0_1_val_read, i3 1, i10 %PixArray_5_1_val_read, i3 2, i10 %PixArray_6_1_val_read, i3 3, i10 %PixArray_7_1_val_read, i10 0, i3 %add_ln998" [/home/alen/repo/zynq-7020-video-pipe-3/hw/video-pipe-hw-v5/hw_011223.runs/bd_41e7_hsc_0_synth_1/prj/sol/.autopilot/db/v_hscaler.cpp:1010]   --->   Operation 53 'sparsemux' 'tmp_8' <Predicate = true> <Delay = 1.82> <CoreInst = "SparseMux">   --->   Core 135 'SparseMux' <Latency = 0> <II = 1> <Delay = 1.82> <FuncUnit> <Opcode : 'sparsemux'> <InPorts = 2> <OutPorts = 1>
ST_1 : Operation 54 [1/1] (1.82ns)   --->   "%tmp_10 = sparsemux i10 @_ssdm_op_SparseMux.ap_auto.4i10.i10.i3, i3 3, i10 %PixArray_0_1_val_read, i3 4, i10 %PixArray_1_1_val_read, i3 1, i10 %PixArray_6_1_val_read, i3 2, i10 %PixArray_7_1_val_read, i10 0, i3 %add_ln998" [/home/alen/repo/zynq-7020-video-pipe-3/hw/video-pipe-hw-v5/hw_011223.runs/bd_41e7_hsc_0_synth_1/prj/sol/.autopilot/db/v_hscaler.cpp:1010]   --->   Operation 54 'sparsemux' 'tmp_10' <Predicate = true> <Delay = 1.82> <CoreInst = "SparseMux">   --->   Core 135 'SparseMux' <Latency = 0> <II = 1> <Delay = 1.82> <FuncUnit> <Opcode : 'sparsemux'> <InPorts = 2> <OutPorts = 1>
ST_1 : Operation 55 [1/1] (1.82ns)   --->   "%tmp_11 = sparsemux i10 @_ssdm_op_SparseMux.ap_auto.4i10.i10.i3, i3 1, i10 %PixArray_1_2_val_read, i3 2, i10 %PixArray_2_2_val_read, i3 3, i10 %PixArray_3_2_val_read, i3 4, i10 %PixArray_4_2_val_read, i10 0, i3 %add_ln998" [/home/alen/repo/zynq-7020-video-pipe-3/hw/video-pipe-hw-v5/hw_011223.runs/bd_41e7_hsc_0_synth_1/prj/sol/.autopilot/db/v_hscaler.cpp:1010]   --->   Operation 55 'sparsemux' 'tmp_11' <Predicate = true> <Delay = 1.82> <CoreInst = "SparseMux">   --->   Core 135 'SparseMux' <Latency = 0> <II = 1> <Delay = 1.82> <FuncUnit> <Opcode : 'sparsemux'> <InPorts = 2> <OutPorts = 1>
ST_1 : Operation 56 [1/1] (1.82ns)   --->   "%tmp_12 = sparsemux i10 @_ssdm_op_SparseMux.ap_auto.4i10.i10.i3, i3 1, i10 %PixArray_2_2_val_read, i3 2, i10 %PixArray_3_2_val_read, i3 3, i10 %PixArray_4_2_val_read, i3 4, i10 %PixArray_5_2_val_read, i10 0, i3 %add_ln998" [/home/alen/repo/zynq-7020-video-pipe-3/hw/video-pipe-hw-v5/hw_011223.runs/bd_41e7_hsc_0_synth_1/prj/sol/.autopilot/db/v_hscaler.cpp:1010]   --->   Operation 56 'sparsemux' 'tmp_12' <Predicate = true> <Delay = 1.82> <CoreInst = "SparseMux">   --->   Core 135 'SparseMux' <Latency = 0> <II = 1> <Delay = 1.82> <FuncUnit> <Opcode : 'sparsemux'> <InPorts = 2> <OutPorts = 1>
ST_1 : Operation 57 [1/1] (1.82ns)   --->   "%tmp_13 = sparsemux i10 @_ssdm_op_SparseMux.ap_auto.4i10.i10.i3, i3 1, i10 %PixArray_3_2_val_read, i3 2, i10 %PixArray_4_2_val_read, i3 3, i10 %PixArray_5_2_val_read, i3 4, i10 %PixArray_6_2_val_read, i10 0, i3 %add_ln998" [/home/alen/repo/zynq-7020-video-pipe-3/hw/video-pipe-hw-v5/hw_011223.runs/bd_41e7_hsc_0_synth_1/prj/sol/.autopilot/db/v_hscaler.cpp:1010]   --->   Operation 57 'sparsemux' 'tmp_13' <Predicate = true> <Delay = 1.82> <CoreInst = "SparseMux">   --->   Core 135 'SparseMux' <Latency = 0> <II = 1> <Delay = 1.82> <FuncUnit> <Opcode : 'sparsemux'> <InPorts = 2> <OutPorts = 1>
ST_1 : Operation 58 [1/1] (1.82ns)   --->   "%tmp_14 = sparsemux i10 @_ssdm_op_SparseMux.ap_auto.4i10.i10.i3, i3 1, i10 %PixArray_4_2_val_read, i3 2, i10 %PixArray_5_2_val_read, i3 3, i10 %PixArray_6_2_val_read, i3 4, i10 %PixArray_7_2_val_read, i10 0, i3 %add_ln998" [/home/alen/repo/zynq-7020-video-pipe-3/hw/video-pipe-hw-v5/hw_011223.runs/bd_41e7_hsc_0_synth_1/prj/sol/.autopilot/db/v_hscaler.cpp:1010]   --->   Operation 58 'sparsemux' 'tmp_14' <Predicate = true> <Delay = 1.82> <CoreInst = "SparseMux">   --->   Core 135 'SparseMux' <Latency = 0> <II = 1> <Delay = 1.82> <FuncUnit> <Opcode : 'sparsemux'> <InPorts = 2> <OutPorts = 1>
ST_1 : Operation 59 [1/1] (1.82ns)   --->   "%tmp_15 = sparsemux i10 @_ssdm_op_SparseMux.ap_auto.4i10.i10.i3, i3 4, i10 %PixArray_0_2_val_read, i3 1, i10 %PixArray_5_2_val_read, i3 2, i10 %PixArray_6_2_val_read, i3 3, i10 %PixArray_7_2_val_read, i10 0, i3 %add_ln998" [/home/alen/repo/zynq-7020-video-pipe-3/hw/video-pipe-hw-v5/hw_011223.runs/bd_41e7_hsc_0_synth_1/prj/sol/.autopilot/db/v_hscaler.cpp:1010]   --->   Operation 59 'sparsemux' 'tmp_15' <Predicate = true> <Delay = 1.82> <CoreInst = "SparseMux">   --->   Core 135 'SparseMux' <Latency = 0> <II = 1> <Delay = 1.82> <FuncUnit> <Opcode : 'sparsemux'> <InPorts = 2> <OutPorts = 1>
ST_1 : Operation 60 [1/1] (1.82ns)   --->   "%tmp_16 = sparsemux i10 @_ssdm_op_SparseMux.ap_auto.4i10.i10.i3, i3 3, i10 %PixArray_0_2_val_read, i3 4, i10 %PixArray_1_2_val_read, i3 1, i10 %PixArray_6_2_val_read, i3 2, i10 %PixArray_7_2_val_read, i10 0, i3 %add_ln998" [/home/alen/repo/zynq-7020-video-pipe-3/hw/video-pipe-hw-v5/hw_011223.runs/bd_41e7_hsc_0_synth_1/prj/sol/.autopilot/db/v_hscaler.cpp:1010]   --->   Operation 60 'sparsemux' 'tmp_16' <Predicate = true> <Delay = 1.82> <CoreInst = "SparseMux">   --->   Core 135 'SparseMux' <Latency = 0> <II = 1> <Delay = 1.82> <FuncUnit> <Opcode : 'sparsemux'> <InPorts = 2> <OutPorts = 1>

State 2 <SV = 1> <Delay = 3.37>
ST_2 : Operation 61 [1/1] (0.00ns)   --->   "%FiltCoeff_1_addr = getelementptr i16 %FiltCoeff_1, i64 0, i64 %idxprom8" [/home/alen/repo/zynq-7020-video-pipe-3/hw/video-pipe-hw-v5/hw_011223.runs/bd_41e7_hsc_0_synth_1/prj/sol/.autopilot/db/v_hscaler.cpp:996]   --->   Operation 61 'getelementptr' 'FiltCoeff_1_addr' <Predicate = true> <Delay = 0.00>
ST_2 : Operation 62 [1/2] (2.32ns)   --->   "%FiltCoeff_0_load = load i6 %FiltCoeff_0_addr" [/home/alen/repo/zynq-7020-video-pipe-3/hw/video-pipe-hw-v5/hw_011223.runs/bd_41e7_hsc_0_synth_1/prj/sol/.autopilot/db/v_hscaler.cpp:996]   --->   Operation 62 'load' 'FiltCoeff_0_load' <Predicate = true> <Delay = 2.32> <CoreInst = "RAM_1P_LUTRAM">   --->   Core 87 'RAM_1P_LUTRAM' <Latency = 1> <II = 1> <Delay = 2.32> <Storage> <Opcode : 'load' 'store'> <Ports = 1> <Width = 16> <Depth = 64> <RAM>
ST_2 : Operation 63 [2/2] (2.32ns)   --->   "%FiltCoeff_1_load = load i6 %FiltCoeff_1_addr" [/home/alen/repo/zynq-7020-video-pipe-3/hw/video-pipe-hw-v5/hw_011223.runs/bd_41e7_hsc_0_synth_1/prj/sol/.autopilot/db/v_hscaler.cpp:996]   --->   Operation 63 'load' 'FiltCoeff_1_load' <Predicate = true> <Delay = 2.32> <CoreInst = "RAM_1P_LUTRAM">   --->   Core 87 'RAM_1P_LUTRAM' <Latency = 1> <II = 1> <Delay = 2.32> <Storage> <Opcode : 'load' 'store'> <Ports = 1> <Width = 16> <Depth = 64> <RAM>
ST_2 : Operation 64 [1/1] (0.00ns)   --->   "%zext_ln1010 = zext i10 %tmp" [/home/alen/repo/zynq-7020-video-pipe-3/hw/video-pipe-hw-v5/hw_011223.runs/bd_41e7_hsc_0_synth_1/prj/sol/.autopilot/db/v_hscaler.cpp:1010]   --->   Operation 64 'zext' 'zext_ln1010' <Predicate = true> <Delay = 0.00>
ST_2 : Operation 65 [1/1] (0.00ns)   --->   "%sext_ln1010 = sext i16 %FiltCoeff_0_load" [/home/alen/repo/zynq-7020-video-pipe-3/hw/video-pipe-hw-v5/hw_011223.runs/bd_41e7_hsc_0_synth_1/prj/sol/.autopilot/db/v_hscaler.cpp:1010]   --->   Operation 65 'sext' 'sext_ln1010' <Predicate = true> <Delay = 0.00>
ST_2 : Operation 66 [3/3] (1.05ns) (grouped into DSP with root node sum)   --->   "%mul_ln1010 = mul i26 %zext_ln1010, i26 %sext_ln1010" [/home/alen/repo/zynq-7020-video-pipe-3/hw/video-pipe-hw-v5/hw_011223.runs/bd_41e7_hsc_0_synth_1/prj/sol/.autopilot/db/v_hscaler.cpp:1010]   --->   Operation 66 'mul' 'mul_ln1010' <Predicate = true> <Delay = 1.05> <CoreInst = "DSP48">   --->   Core 119 'DSP48' <Latency = 3> <II = 1> <Delay = 2.15> <IPBlock> <Opcode : '' 'add' 'sub' 'mul' 'select'> <InPorts = 0> <OutPorts = 1> <Sync> <CReg>
ST_2 : Operation 67 [1/1] (0.00ns)   --->   "%zext_ln1010_6 = zext i10 %tmp_4" [/home/alen/repo/zynq-7020-video-pipe-3/hw/video-pipe-hw-v5/hw_011223.runs/bd_41e7_hsc_0_synth_1/prj/sol/.autopilot/db/v_hscaler.cpp:1010]   --->   Operation 67 'zext' 'zext_ln1010_6' <Predicate = true> <Delay = 0.00>
ST_2 : Operation 68 [3/3] (1.05ns) (grouped into DSP with root node sum_18)   --->   "%mul_ln1010_6 = mul i26 %zext_ln1010_6, i26 %sext_ln1010" [/home/alen/repo/zynq-7020-video-pipe-3/hw/video-pipe-hw-v5/hw_011223.runs/bd_41e7_hsc_0_synth_1/prj/sol/.autopilot/db/v_hscaler.cpp:1010]   --->   Operation 68 'mul' 'mul_ln1010_6' <Predicate = true> <Delay = 1.05> <CoreInst = "DSP48">   --->   Core 119 'DSP48' <Latency = 3> <II = 1> <Delay = 2.15> <IPBlock> <Opcode : '' 'add' 'sub' 'mul' 'select'> <InPorts = 0> <OutPorts = 1> <Sync> <CReg>
ST_2 : Operation 69 [1/1] (0.00ns)   --->   "%zext_ln1010_12 = zext i10 %tmp_11" [/home/alen/repo/zynq-7020-video-pipe-3/hw/video-pipe-hw-v5/hw_011223.runs/bd_41e7_hsc_0_synth_1/prj/sol/.autopilot/db/v_hscaler.cpp:1010]   --->   Operation 69 'zext' 'zext_ln1010_12' <Predicate = true> <Delay = 0.00>
ST_2 : Operation 70 [3/3] (1.05ns) (grouped into DSP with root node sum_24)   --->   "%mul_ln1010_12 = mul i26 %zext_ln1010_12, i26 %sext_ln1010" [/home/alen/repo/zynq-7020-video-pipe-3/hw/video-pipe-hw-v5/hw_011223.runs/bd_41e7_hsc_0_synth_1/prj/sol/.autopilot/db/v_hscaler.cpp:1010]   --->   Operation 70 'mul' 'mul_ln1010_12' <Predicate = true> <Delay = 1.05> <CoreInst = "DSP48">   --->   Core 119 'DSP48' <Latency = 3> <II = 1> <Delay = 2.15> <IPBlock> <Opcode : '' 'add' 'sub' 'mul' 'select'> <InPorts = 0> <OutPorts = 1> <Sync> <CReg>

State 3 <SV = 2> <Delay = 3.37>
ST_3 : Operation 71 [1/1] (0.00ns)   --->   "%FiltCoeff_2_addr = getelementptr i16 %FiltCoeff_2, i64 0, i64 %idxprom8" [/home/alen/repo/zynq-7020-video-pipe-3/hw/video-pipe-hw-v5/hw_011223.runs/bd_41e7_hsc_0_synth_1/prj/sol/.autopilot/db/v_hscaler.cpp:996]   --->   Operation 71 'getelementptr' 'FiltCoeff_2_addr' <Predicate = true> <Delay = 0.00>
ST_3 : Operation 72 [1/2] (2.32ns)   --->   "%FiltCoeff_1_load = load i6 %FiltCoeff_1_addr" [/home/alen/repo/zynq-7020-video-pipe-3/hw/video-pipe-hw-v5/hw_011223.runs/bd_41e7_hsc_0_synth_1/prj/sol/.autopilot/db/v_hscaler.cpp:996]   --->   Operation 72 'load' 'FiltCoeff_1_load' <Predicate = true> <Delay = 2.32> <CoreInst = "RAM_1P_LUTRAM">   --->   Core 87 'RAM_1P_LUTRAM' <Latency = 1> <II = 1> <Delay = 2.32> <Storage> <Opcode : 'load' 'store'> <Ports = 1> <Width = 16> <Depth = 64> <RAM>
ST_3 : Operation 73 [2/2] (2.32ns)   --->   "%FiltCoeff_2_load = load i6 %FiltCoeff_2_addr" [/home/alen/repo/zynq-7020-video-pipe-3/hw/video-pipe-hw-v5/hw_011223.runs/bd_41e7_hsc_0_synth_1/prj/sol/.autopilot/db/v_hscaler.cpp:996]   --->   Operation 73 'load' 'FiltCoeff_2_load' <Predicate = true> <Delay = 2.32> <CoreInst = "RAM_1P_LUTRAM">   --->   Core 87 'RAM_1P_LUTRAM' <Latency = 1> <II = 1> <Delay = 2.32> <Storage> <Opcode : 'load' 'store'> <Ports = 1> <Width = 16> <Depth = 64> <RAM>
ST_3 : Operation 74 [2/3] (1.05ns) (grouped into DSP with root node sum)   --->   "%mul_ln1010 = mul i26 %zext_ln1010, i26 %sext_ln1010" [/home/alen/repo/zynq-7020-video-pipe-3/hw/video-pipe-hw-v5/hw_011223.runs/bd_41e7_hsc_0_synth_1/prj/sol/.autopilot/db/v_hscaler.cpp:1010]   --->   Operation 74 'mul' 'mul_ln1010' <Predicate = true> <Delay = 1.05> <CoreInst = "DSP48">   --->   Core 119 'DSP48' <Latency = 3> <II = 1> <Delay = 2.15> <IPBlock> <Opcode : '' 'add' 'sub' 'mul' 'select'> <InPorts = 0> <OutPorts = 1> <Sync> <CReg>
ST_3 : Operation 75 [1/1] (0.00ns)   --->   "%zext_ln1010_1 = zext i10 %tmp_s" [/home/alen/repo/zynq-7020-video-pipe-3/hw/video-pipe-hw-v5/hw_011223.runs/bd_41e7_hsc_0_synth_1/prj/sol/.autopilot/db/v_hscaler.cpp:1010]   --->   Operation 75 'zext' 'zext_ln1010_1' <Predicate = true> <Delay = 0.00>
ST_3 : Operation 76 [1/1] (0.00ns)   --->   "%sext_ln1010_1 = sext i16 %FiltCoeff_1_load" [/home/alen/repo/zynq-7020-video-pipe-3/hw/video-pipe-hw-v5/hw_011223.runs/bd_41e7_hsc_0_synth_1/prj/sol/.autopilot/db/v_hscaler.cpp:1010]   --->   Operation 76 'sext' 'sext_ln1010_1' <Predicate = true> <Delay = 0.00>
ST_3 : Operation 77 [3/3] (1.05ns) (grouped into DSP with root node sum_1)   --->   "%mul_ln1010_1 = mul i26 %zext_ln1010_1, i26 %sext_ln1010_1" [/home/alen/repo/zynq-7020-video-pipe-3/hw/video-pipe-hw-v5/hw_011223.runs/bd_41e7_hsc_0_synth_1/prj/sol/.autopilot/db/v_hscaler.cpp:1010]   --->   Operation 77 'mul' 'mul_ln1010_1' <Predicate = true> <Delay = 1.05> <CoreInst = "DSP48">   --->   Core 119 'DSP48' <Latency = 3> <II = 1> <Delay = 2.15> <IPBlock> <Opcode : '' 'add' 'sub' 'mul' 'select'> <InPorts = 0> <OutPorts = 1> <Sync> <CReg>
ST_3 : Operation 78 [2/3] (1.05ns) (grouped into DSP with root node sum_18)   --->   "%mul_ln1010_6 = mul i26 %zext_ln1010_6, i26 %sext_ln1010" [/home/alen/repo/zynq-7020-video-pipe-3/hw/video-pipe-hw-v5/hw_011223.runs/bd_41e7_hsc_0_synth_1/prj/sol/.autopilot/db/v_hscaler.cpp:1010]   --->   Operation 78 'mul' 'mul_ln1010_6' <Predicate = true> <Delay = 1.05> <CoreInst = "DSP48">   --->   Core 119 'DSP48' <Latency = 3> <II = 1> <Delay = 2.15> <IPBlock> <Opcode : '' 'add' 'sub' 'mul' 'select'> <InPorts = 0> <OutPorts = 1> <Sync> <CReg>
ST_3 : Operation 79 [1/1] (0.00ns)   --->   "%zext_ln1010_7 = zext i10 %tmp_5" [/home/alen/repo/zynq-7020-video-pipe-3/hw/video-pipe-hw-v5/hw_011223.runs/bd_41e7_hsc_0_synth_1/prj/sol/.autopilot/db/v_hscaler.cpp:1010]   --->   Operation 79 'zext' 'zext_ln1010_7' <Predicate = true> <Delay = 0.00>
ST_3 : Operation 80 [3/3] (1.05ns) (grouped into DSP with root node sum_19)   --->   "%mul_ln1010_7 = mul i26 %zext_ln1010_7, i26 %sext_ln1010_1" [/home/alen/repo/zynq-7020-video-pipe-3/hw/video-pipe-hw-v5/hw_011223.runs/bd_41e7_hsc_0_synth_1/prj/sol/.autopilot/db/v_hscaler.cpp:1010]   --->   Operation 80 'mul' 'mul_ln1010_7' <Predicate = true> <Delay = 1.05> <CoreInst = "DSP48">   --->   Core 119 'DSP48' <Latency = 3> <II = 1> <Delay = 2.15> <IPBlock> <Opcode : '' 'add' 'sub' 'mul' 'select'> <InPorts = 0> <OutPorts = 1> <Sync> <CReg>
ST_3 : Operation 81 [2/3] (1.05ns) (grouped into DSP with root node sum_24)   --->   "%mul_ln1010_12 = mul i26 %zext_ln1010_12, i26 %sext_ln1010" [/home/alen/repo/zynq-7020-video-pipe-3/hw/video-pipe-hw-v5/hw_011223.runs/bd_41e7_hsc_0_synth_1/prj/sol/.autopilot/db/v_hscaler.cpp:1010]   --->   Operation 81 'mul' 'mul_ln1010_12' <Predicate = true> <Delay = 1.05> <CoreInst = "DSP48">   --->   Core 119 'DSP48' <Latency = 3> <II = 1> <Delay = 2.15> <IPBlock> <Opcode : '' 'add' 'sub' 'mul' 'select'> <InPorts = 0> <OutPorts = 1> <Sync> <CReg>
ST_3 : Operation 82 [1/1] (0.00ns)   --->   "%zext_ln1010_13 = zext i10 %tmp_12" [/home/alen/repo/zynq-7020-video-pipe-3/hw/video-pipe-hw-v5/hw_011223.runs/bd_41e7_hsc_0_synth_1/prj/sol/.autopilot/db/v_hscaler.cpp:1010]   --->   Operation 82 'zext' 'zext_ln1010_13' <Predicate = true> <Delay = 0.00>
ST_3 : Operation 83 [3/3] (1.05ns) (grouped into DSP with root node sum_25)   --->   "%mul_ln1010_13 = mul i26 %zext_ln1010_13, i26 %sext_ln1010_1" [/home/alen/repo/zynq-7020-video-pipe-3/hw/video-pipe-hw-v5/hw_011223.runs/bd_41e7_hsc_0_synth_1/prj/sol/.autopilot/db/v_hscaler.cpp:1010]   --->   Operation 83 'mul' 'mul_ln1010_13' <Predicate = true> <Delay = 1.05> <CoreInst = "DSP48">   --->   Core 119 'DSP48' <Latency = 3> <II = 1> <Delay = 2.15> <IPBlock> <Opcode : '' 'add' 'sub' 'mul' 'select'> <InPorts = 0> <OutPorts = 1> <Sync> <CReg>

State 4 <SV = 3> <Delay = 3.37>
ST_4 : Operation 84 [1/1] (0.00ns)   --->   "%FiltCoeff_3_addr = getelementptr i16 %FiltCoeff_3, i64 0, i64 %idxprom8" [/home/alen/repo/zynq-7020-video-pipe-3/hw/video-pipe-hw-v5/hw_011223.runs/bd_41e7_hsc_0_synth_1/prj/sol/.autopilot/db/v_hscaler.cpp:996]   --->   Operation 84 'getelementptr' 'FiltCoeff_3_addr' <Predicate = true> <Delay = 0.00>
ST_4 : Operation 85 [1/2] (2.32ns)   --->   "%FiltCoeff_2_load = load i6 %FiltCoeff_2_addr" [/home/alen/repo/zynq-7020-video-pipe-3/hw/video-pipe-hw-v5/hw_011223.runs/bd_41e7_hsc_0_synth_1/prj/sol/.autopilot/db/v_hscaler.cpp:996]   --->   Operation 85 'load' 'FiltCoeff_2_load' <Predicate = true> <Delay = 2.32> <CoreInst = "RAM_1P_LUTRAM">   --->   Core 87 'RAM_1P_LUTRAM' <Latency = 1> <II = 1> <Delay = 2.32> <Storage> <Opcode : 'load' 'store'> <Ports = 1> <Width = 16> <Depth = 64> <RAM>
ST_4 : Operation 86 [2/2] (2.32ns)   --->   "%FiltCoeff_3_load = load i6 %FiltCoeff_3_addr" [/home/alen/repo/zynq-7020-video-pipe-3/hw/video-pipe-hw-v5/hw_011223.runs/bd_41e7_hsc_0_synth_1/prj/sol/.autopilot/db/v_hscaler.cpp:996]   --->   Operation 86 'load' 'FiltCoeff_3_load' <Predicate = true> <Delay = 2.32> <CoreInst = "RAM_1P_LUTRAM">   --->   Core 87 'RAM_1P_LUTRAM' <Latency = 1> <II = 1> <Delay = 2.32> <Storage> <Opcode : 'load' 'store'> <Ports = 1> <Width = 16> <Depth = 64> <RAM>
ST_4 : Operation 87 [1/3] (0.00ns) (grouped into DSP with root node sum)   --->   "%mul_ln1010 = mul i26 %zext_ln1010, i26 %sext_ln1010" [/home/alen/repo/zynq-7020-video-pipe-3/hw/video-pipe-hw-v5/hw_011223.runs/bd_41e7_hsc_0_synth_1/prj/sol/.autopilot/db/v_hscaler.cpp:1010]   --->   Operation 87 'mul' 'mul_ln1010' <Predicate = true> <Delay = 0.00> <CoreInst = "DSP48">   --->   Core 119 'DSP48' <Latency = 3> <II = 1> <Delay = 2.15> <IPBlock> <Opcode : '' 'add' 'sub' 'mul' 'select'> <InPorts = 0> <OutPorts = 1> <Sync> <CReg>
ST_4 : Operation 88 [2/2] (2.10ns) (root node of the DSP)   --->   "%sum = add i26 %mul_ln1010, i26 2048" [/home/alen/repo/zynq-7020-video-pipe-3/hw/video-pipe-hw-v5/hw_011223.runs/bd_41e7_hsc_0_synth_1/prj/sol/.autopilot/db/v_hscaler.cpp:1010]   --->   Operation 88 'add' 'sum' <Predicate = true> <Delay = 2.10> <CoreInst = "DSP48">   --->   Core 119 'DSP48' <Latency = 3> <II = 1> <Delay = 2.15> <IPBlock> <Opcode : '' 'add' 'sub' 'mul' 'select'> <InPorts = 0> <OutPorts = 1> <Sync> <CReg>
ST_4 : Operation 89 [2/3] (1.05ns) (grouped into DSP with root node sum_1)   --->   "%mul_ln1010_1 = mul i26 %zext_ln1010_1, i26 %sext_ln1010_1" [/home/alen/repo/zynq-7020-video-pipe-3/hw/video-pipe-hw-v5/hw_011223.runs/bd_41e7_hsc_0_synth_1/prj/sol/.autopilot/db/v_hscaler.cpp:1010]   --->   Operation 89 'mul' 'mul_ln1010_1' <Predicate = true> <Delay = 1.05> <CoreInst = "DSP48">   --->   Core 119 'DSP48' <Latency = 3> <II = 1> <Delay = 2.15> <IPBlock> <Opcode : '' 'add' 'sub' 'mul' 'select'> <InPorts = 0> <OutPorts = 1> <Sync> <CReg>
ST_4 : Operation 90 [1/1] (0.00ns)   --->   "%zext_ln1010_2 = zext i10 %tmp_9" [/home/alen/repo/zynq-7020-video-pipe-3/hw/video-pipe-hw-v5/hw_011223.runs/bd_41e7_hsc_0_synth_1/prj/sol/.autopilot/db/v_hscaler.cpp:1010]   --->   Operation 90 'zext' 'zext_ln1010_2' <Predicate = true> <Delay = 0.00>
ST_4 : Operation 91 [1/1] (0.00ns)   --->   "%sext_ln1010_3 = sext i16 %FiltCoeff_2_load" [/home/alen/repo/zynq-7020-video-pipe-3/hw/video-pipe-hw-v5/hw_011223.runs/bd_41e7_hsc_0_synth_1/prj/sol/.autopilot/db/v_hscaler.cpp:1010]   --->   Operation 91 'sext' 'sext_ln1010_3' <Predicate = true> <Delay = 0.00>
ST_4 : Operation 92 [3/3] (1.05ns) (grouped into DSP with root node sum_2)   --->   "%mul_ln1010_2 = mul i26 %zext_ln1010_2, i26 %sext_ln1010_3" [/home/alen/repo/zynq-7020-video-pipe-3/hw/video-pipe-hw-v5/hw_011223.runs/bd_41e7_hsc_0_synth_1/prj/sol/.autopilot/db/v_hscaler.cpp:1010]   --->   Operation 92 'mul' 'mul_ln1010_2' <Predicate = true> <Delay = 1.05> <CoreInst = "DSP48">   --->   Core 119 'DSP48' <Latency = 3> <II = 1> <Delay = 2.15> <IPBlock> <Opcode : '' 'add' 'sub' 'mul' 'select'> <InPorts = 0> <OutPorts = 1> <Sync> <CReg>
ST_4 : Operation 93 [1/3] (0.00ns) (grouped into DSP with root node sum_18)   --->   "%mul_ln1010_6 = mul i26 %zext_ln1010_6, i26 %sext_ln1010" [/home/alen/repo/zynq-7020-video-pipe-3/hw/video-pipe-hw-v5/hw_011223.runs/bd_41e7_hsc_0_synth_1/prj/sol/.autopilot/db/v_hscaler.cpp:1010]   --->   Operation 93 'mul' 'mul_ln1010_6' <Predicate = true> <Delay = 0.00> <CoreInst = "DSP48">   --->   Core 119 'DSP48' <Latency = 3> <II = 1> <Delay = 2.15> <IPBlock> <Opcode : '' 'add' 'sub' 'mul' 'select'> <InPorts = 0> <OutPorts = 1> <Sync> <CReg>
ST_4 : Operation 94 [2/2] (2.10ns) (root node of the DSP)   --->   "%sum_18 = add i26 %mul_ln1010_6, i26 2048" [/home/alen/repo/zynq-7020-video-pipe-3/hw/video-pipe-hw-v5/hw_011223.runs/bd_41e7_hsc_0_synth_1/prj/sol/.autopilot/db/v_hscaler.cpp:1010]   --->   Operation 94 'add' 'sum_18' <Predicate = true> <Delay = 2.10> <CoreInst = "DSP48">   --->   Core 119 'DSP48' <Latency = 3> <II = 1> <Delay = 2.15> <IPBlock> <Opcode : '' 'add' 'sub' 'mul' 'select'> <InPorts = 0> <OutPorts = 1> <Sync> <CReg>
ST_4 : Operation 95 [2/3] (1.05ns) (grouped into DSP with root node sum_19)   --->   "%mul_ln1010_7 = mul i26 %zext_ln1010_7, i26 %sext_ln1010_1" [/home/alen/repo/zynq-7020-video-pipe-3/hw/video-pipe-hw-v5/hw_011223.runs/bd_41e7_hsc_0_synth_1/prj/sol/.autopilot/db/v_hscaler.cpp:1010]   --->   Operation 95 'mul' 'mul_ln1010_7' <Predicate = true> <Delay = 1.05> <CoreInst = "DSP48">   --->   Core 119 'DSP48' <Latency = 3> <II = 1> <Delay = 2.15> <IPBlock> <Opcode : '' 'add' 'sub' 'mul' 'select'> <InPorts = 0> <OutPorts = 1> <Sync> <CReg>
ST_4 : Operation 96 [1/1] (0.00ns)   --->   "%zext_ln1010_8 = zext i10 %tmp_6" [/home/alen/repo/zynq-7020-video-pipe-3/hw/video-pipe-hw-v5/hw_011223.runs/bd_41e7_hsc_0_synth_1/prj/sol/.autopilot/db/v_hscaler.cpp:1010]   --->   Operation 96 'zext' 'zext_ln1010_8' <Predicate = true> <Delay = 0.00>
ST_4 : Operation 97 [3/3] (1.05ns) (grouped into DSP with root node sum_20)   --->   "%mul_ln1010_8 = mul i26 %zext_ln1010_8, i26 %sext_ln1010_3" [/home/alen/repo/zynq-7020-video-pipe-3/hw/video-pipe-hw-v5/hw_011223.runs/bd_41e7_hsc_0_synth_1/prj/sol/.autopilot/db/v_hscaler.cpp:1010]   --->   Operation 97 'mul' 'mul_ln1010_8' <Predicate = true> <Delay = 1.05> <CoreInst = "DSP48">   --->   Core 119 'DSP48' <Latency = 3> <II = 1> <Delay = 2.15> <IPBlock> <Opcode : '' 'add' 'sub' 'mul' 'select'> <InPorts = 0> <OutPorts = 1> <Sync> <CReg>
ST_4 : Operation 98 [1/3] (0.00ns) (grouped into DSP with root node sum_24)   --->   "%mul_ln1010_12 = mul i26 %zext_ln1010_12, i26 %sext_ln1010" [/home/alen/repo/zynq-7020-video-pipe-3/hw/video-pipe-hw-v5/hw_011223.runs/bd_41e7_hsc_0_synth_1/prj/sol/.autopilot/db/v_hscaler.cpp:1010]   --->   Operation 98 'mul' 'mul_ln1010_12' <Predicate = true> <Delay = 0.00> <CoreInst = "DSP48">   --->   Core 119 'DSP48' <Latency = 3> <II = 1> <Delay = 2.15> <IPBlock> <Opcode : '' 'add' 'sub' 'mul' 'select'> <InPorts = 0> <OutPorts = 1> <Sync> <CReg>
ST_4 : Operation 99 [2/2] (2.10ns) (root node of the DSP)   --->   "%sum_24 = add i26 %mul_ln1010_12, i26 2048" [/home/alen/repo/zynq-7020-video-pipe-3/hw/video-pipe-hw-v5/hw_011223.runs/bd_41e7_hsc_0_synth_1/prj/sol/.autopilot/db/v_hscaler.cpp:1010]   --->   Operation 99 'add' 'sum_24' <Predicate = true> <Delay = 2.10> <CoreInst = "DSP48">   --->   Core 119 'DSP48' <Latency = 3> <II = 1> <Delay = 2.15> <IPBlock> <Opcode : '' 'add' 'sub' 'mul' 'select'> <InPorts = 0> <OutPorts = 1> <Sync> <CReg>
ST_4 : Operation 100 [2/3] (1.05ns) (grouped into DSP with root node sum_25)   --->   "%mul_ln1010_13 = mul i26 %zext_ln1010_13, i26 %sext_ln1010_1" [/home/alen/repo/zynq-7020-video-pipe-3/hw/video-pipe-hw-v5/hw_011223.runs/bd_41e7_hsc_0_synth_1/prj/sol/.autopilot/db/v_hscaler.cpp:1010]   --->   Operation 100 'mul' 'mul_ln1010_13' <Predicate = true> <Delay = 1.05> <CoreInst = "DSP48">   --->   Core 119 'DSP48' <Latency = 3> <II = 1> <Delay = 2.15> <IPBlock> <Opcode : '' 'add' 'sub' 'mul' 'select'> <InPorts = 0> <OutPorts = 1> <Sync> <CReg>
ST_4 : Operation 101 [1/1] (0.00ns)   --->   "%zext_ln1010_14 = zext i10 %tmp_13" [/home/alen/repo/zynq-7020-video-pipe-3/hw/video-pipe-hw-v5/hw_011223.runs/bd_41e7_hsc_0_synth_1/prj/sol/.autopilot/db/v_hscaler.cpp:1010]   --->   Operation 101 'zext' 'zext_ln1010_14' <Predicate = true> <Delay = 0.00>
ST_4 : Operation 102 [3/3] (1.05ns) (grouped into DSP with root node sum_26)   --->   "%mul_ln1010_14 = mul i26 %zext_ln1010_14, i26 %sext_ln1010_3" [/home/alen/repo/zynq-7020-video-pipe-3/hw/video-pipe-hw-v5/hw_011223.runs/bd_41e7_hsc_0_synth_1/prj/sol/.autopilot/db/v_hscaler.cpp:1010]   --->   Operation 102 'mul' 'mul_ln1010_14' <Predicate = true> <Delay = 1.05> <CoreInst = "DSP48">   --->   Core 119 'DSP48' <Latency = 3> <II = 1> <Delay = 2.15> <IPBlock> <Opcode : '' 'add' 'sub' 'mul' 'select'> <InPorts = 0> <OutPorts = 1> <Sync> <CReg>

State 5 <SV = 4> <Delay = 4.20>
ST_5 : Operation 103 [1/1] (0.00ns)   --->   "%FiltCoeff_4_addr = getelementptr i16 %FiltCoeff_4, i64 0, i64 %idxprom8" [/home/alen/repo/zynq-7020-video-pipe-3/hw/video-pipe-hw-v5/hw_011223.runs/bd_41e7_hsc_0_synth_1/prj/sol/.autopilot/db/v_hscaler.cpp:996]   --->   Operation 103 'getelementptr' 'FiltCoeff_4_addr' <Predicate = true> <Delay = 0.00>
ST_5 : Operation 104 [1/2] (2.32ns)   --->   "%FiltCoeff_3_load = load i6 %FiltCoeff_3_addr" [/home/alen/repo/zynq-7020-video-pipe-3/hw/video-pipe-hw-v5/hw_011223.runs/bd_41e7_hsc_0_synth_1/prj/sol/.autopilot/db/v_hscaler.cpp:996]   --->   Operation 104 'load' 'FiltCoeff_3_load' <Predicate = true> <Delay = 2.32> <CoreInst = "RAM_1P_LUTRAM">   --->   Core 87 'RAM_1P_LUTRAM' <Latency = 1> <II = 1> <Delay = 2.32> <Storage> <Opcode : 'load' 'store'> <Ports = 1> <Width = 16> <Depth = 64> <RAM>
ST_5 : Operation 105 [2/2] (2.32ns)   --->   "%FiltCoeff_4_load = load i6 %FiltCoeff_4_addr" [/home/alen/repo/zynq-7020-video-pipe-3/hw/video-pipe-hw-v5/hw_011223.runs/bd_41e7_hsc_0_synth_1/prj/sol/.autopilot/db/v_hscaler.cpp:996]   --->   Operation 105 'load' 'FiltCoeff_4_load' <Predicate = true> <Delay = 2.32> <CoreInst = "RAM_1P_LUTRAM">   --->   Core 87 'RAM_1P_LUTRAM' <Latency = 1> <II = 1> <Delay = 2.32> <Storage> <Opcode : 'load' 'store'> <Ports = 1> <Width = 16> <Depth = 64> <RAM>
ST_5 : Operation 106 [1/2] (2.10ns) (root node of the DSP)   --->   "%sum = add i26 %mul_ln1010, i26 2048" [/home/alen/repo/zynq-7020-video-pipe-3/hw/video-pipe-hw-v5/hw_011223.runs/bd_41e7_hsc_0_synth_1/prj/sol/.autopilot/db/v_hscaler.cpp:1010]   --->   Operation 106 'add' 'sum' <Predicate = true> <Delay = 2.10> <CoreInst = "DSP48">   --->   Core 119 'DSP48' <Latency = 3> <II = 1> <Delay = 2.15> <IPBlock> <Opcode : '' 'add' 'sub' 'mul' 'select'> <InPorts = 0> <OutPorts = 1> <Sync> <CReg>
ST_5 : Operation 107 [1/1] (0.00ns)   --->   "%sext_ln1001 = sext i26 %sum" [/home/alen/repo/zynq-7020-video-pipe-3/hw/video-pipe-hw-v5/hw_011223.runs/bd_41e7_hsc_0_synth_1/prj/sol/.autopilot/db/v_hscaler.cpp:1001]   --->   Operation 107 'sext' 'sext_ln1001' <Predicate = true> <Delay = 0.00>
ST_5 : Operation 108 [1/3] (0.00ns) (grouped into DSP with root node sum_1)   --->   "%mul_ln1010_1 = mul i26 %zext_ln1010_1, i26 %sext_ln1010_1" [/home/alen/repo/zynq-7020-video-pipe-3/hw/video-pipe-hw-v5/hw_011223.runs/bd_41e7_hsc_0_synth_1/prj/sol/.autopilot/db/v_hscaler.cpp:1010]   --->   Operation 108 'mul' 'mul_ln1010_1' <Predicate = true> <Delay = 0.00> <CoreInst = "DSP48">   --->   Core 119 'DSP48' <Latency = 3> <II = 1> <Delay = 2.15> <IPBlock> <Opcode : '' 'add' 'sub' 'mul' 'select'> <InPorts = 0> <OutPorts = 1> <Sync> <CReg>
ST_5 : Operation 109 [1/1] (0.00ns) (grouped into DSP with root node sum_1)   --->   "%sext_ln1010_2 = sext i26 %mul_ln1010_1" [/home/alen/repo/zynq-7020-video-pipe-3/hw/video-pipe-hw-v5/hw_011223.runs/bd_41e7_hsc_0_synth_1/prj/sol/.autopilot/db/v_hscaler.cpp:1010]   --->   Operation 109 'sext' 'sext_ln1010_2' <Predicate = true> <Delay = 0.00>
ST_5 : Operation 110 [2/2] (2.10ns) (root node of the DSP)   --->   "%sum_1 = add i27 %sext_ln1001, i27 %sext_ln1010_2" [/home/alen/repo/zynq-7020-video-pipe-3/hw/video-pipe-hw-v5/hw_011223.runs/bd_41e7_hsc_0_synth_1/prj/sol/.autopilot/db/v_hscaler.cpp:1010]   --->   Operation 110 'add' 'sum_1' <Predicate = true> <Delay = 2.10> <CoreInst = "DSP48">   --->   Core 119 'DSP48' <Latency = 3> <II = 1> <Delay = 2.15> <IPBlock> <Opcode : '' 'add' 'sub' 'mul' 'select'> <InPorts = 0> <OutPorts = 1> <Sync> <CReg>
ST_5 : Operation 111 [2/3] (1.05ns) (grouped into DSP with root node sum_2)   --->   "%mul_ln1010_2 = mul i26 %zext_ln1010_2, i26 %sext_ln1010_3" [/home/alen/repo/zynq-7020-video-pipe-3/hw/video-pipe-hw-v5/hw_011223.runs/bd_41e7_hsc_0_synth_1/prj/sol/.autopilot/db/v_hscaler.cpp:1010]   --->   Operation 111 'mul' 'mul_ln1010_2' <Predicate = true> <Delay = 1.05> <CoreInst = "DSP48">   --->   Core 119 'DSP48' <Latency = 3> <II = 1> <Delay = 2.15> <IPBlock> <Opcode : '' 'add' 'sub' 'mul' 'select'> <InPorts = 0> <OutPorts = 1> <Sync> <CReg>
ST_5 : Operation 112 [1/1] (0.00ns)   --->   "%zext_ln1010_3 = zext i10 %tmp_1" [/home/alen/repo/zynq-7020-video-pipe-3/hw/video-pipe-hw-v5/hw_011223.runs/bd_41e7_hsc_0_synth_1/prj/sol/.autopilot/db/v_hscaler.cpp:1010]   --->   Operation 112 'zext' 'zext_ln1010_3' <Predicate = true> <Delay = 0.00>
ST_5 : Operation 113 [1/1] (0.00ns)   --->   "%sext_ln1010_5 = sext i16 %FiltCoeff_3_load" [/home/alen/repo/zynq-7020-video-pipe-3/hw/video-pipe-hw-v5/hw_011223.runs/bd_41e7_hsc_0_synth_1/prj/sol/.autopilot/db/v_hscaler.cpp:1010]   --->   Operation 113 'sext' 'sext_ln1010_5' <Predicate = true> <Delay = 0.00>
ST_5 : Operation 114 [3/3] (1.05ns) (grouped into DSP with root node sum_3)   --->   "%mul_ln1010_3 = mul i26 %zext_ln1010_3, i26 %sext_ln1010_5" [/home/alen/repo/zynq-7020-video-pipe-3/hw/video-pipe-hw-v5/hw_011223.runs/bd_41e7_hsc_0_synth_1/prj/sol/.autopilot/db/v_hscaler.cpp:1010]   --->   Operation 114 'mul' 'mul_ln1010_3' <Predicate = true> <Delay = 1.05> <CoreInst = "DSP48">   --->   Core 119 'DSP48' <Latency = 3> <II = 1> <Delay = 2.15> <IPBlock> <Opcode : '' 'add' 'sub' 'mul' 'select'> <InPorts = 0> <OutPorts = 1> <Sync> <CReg>
ST_5 : Operation 115 [1/2] (2.10ns) (root node of the DSP)   --->   "%sum_18 = add i26 %mul_ln1010_6, i26 2048" [/home/alen/repo/zynq-7020-video-pipe-3/hw/video-pipe-hw-v5/hw_011223.runs/bd_41e7_hsc_0_synth_1/prj/sol/.autopilot/db/v_hscaler.cpp:1010]   --->   Operation 115 'add' 'sum_18' <Predicate = true> <Delay = 2.10> <CoreInst = "DSP48">   --->   Core 119 'DSP48' <Latency = 3> <II = 1> <Delay = 2.15> <IPBlock> <Opcode : '' 'add' 'sub' 'mul' 'select'> <InPorts = 0> <OutPorts = 1> <Sync> <CReg>
ST_5 : Operation 116 [1/1] (0.00ns)   --->   "%sext_ln1010_11 = sext i26 %sum_18" [/home/alen/repo/zynq-7020-video-pipe-3/hw/video-pipe-hw-v5/hw_011223.runs/bd_41e7_hsc_0_synth_1/prj/sol/.autopilot/db/v_hscaler.cpp:1010]   --->   Operation 116 'sext' 'sext_ln1010_11' <Predicate = true> <Delay = 0.00>
ST_5 : Operation 117 [1/3] (0.00ns) (grouped into DSP with root node sum_19)   --->   "%mul_ln1010_7 = mul i26 %zext_ln1010_7, i26 %sext_ln1010_1" [/home/alen/repo/zynq-7020-video-pipe-3/hw/video-pipe-hw-v5/hw_011223.runs/bd_41e7_hsc_0_synth_1/prj/sol/.autopilot/db/v_hscaler.cpp:1010]   --->   Operation 117 'mul' 'mul_ln1010_7' <Predicate = true> <Delay = 0.00> <CoreInst = "DSP48">   --->   Core 119 'DSP48' <Latency = 3> <II = 1> <Delay = 2.15> <IPBlock> <Opcode : '' 'add' 'sub' 'mul' 'select'> <InPorts = 0> <OutPorts = 1> <Sync> <CReg>
ST_5 : Operation 118 [1/1] (0.00ns) (grouped into DSP with root node sum_19)   --->   "%sext_ln1010_12 = sext i26 %mul_ln1010_7" [/home/alen/repo/zynq-7020-video-pipe-3/hw/video-pipe-hw-v5/hw_011223.runs/bd_41e7_hsc_0_synth_1/prj/sol/.autopilot/db/v_hscaler.cpp:1010]   --->   Operation 118 'sext' 'sext_ln1010_12' <Predicate = true> <Delay = 0.00>
ST_5 : Operation 119 [2/2] (2.10ns) (root node of the DSP)   --->   "%sum_19 = add i27 %sext_ln1010_11, i27 %sext_ln1010_12" [/home/alen/repo/zynq-7020-video-pipe-3/hw/video-pipe-hw-v5/hw_011223.runs/bd_41e7_hsc_0_synth_1/prj/sol/.autopilot/db/v_hscaler.cpp:1010]   --->   Operation 119 'add' 'sum_19' <Predicate = true> <Delay = 2.10> <CoreInst = "DSP48">   --->   Core 119 'DSP48' <Latency = 3> <II = 1> <Delay = 2.15> <IPBlock> <Opcode : '' 'add' 'sub' 'mul' 'select'> <InPorts = 0> <OutPorts = 1> <Sync> <CReg>
ST_5 : Operation 120 [2/3] (1.05ns) (grouped into DSP with root node sum_20)   --->   "%mul_ln1010_8 = mul i26 %zext_ln1010_8, i26 %sext_ln1010_3" [/home/alen/repo/zynq-7020-video-pipe-3/hw/video-pipe-hw-v5/hw_011223.runs/bd_41e7_hsc_0_synth_1/prj/sol/.autopilot/db/v_hscaler.cpp:1010]   --->   Operation 120 'mul' 'mul_ln1010_8' <Predicate = true> <Delay = 1.05> <CoreInst = "DSP48">   --->   Core 119 'DSP48' <Latency = 3> <II = 1> <Delay = 2.15> <IPBlock> <Opcode : '' 'add' 'sub' 'mul' 'select'> <InPorts = 0> <OutPorts = 1> <Sync> <CReg>
ST_5 : Operation 121 [1/1] (0.00ns)   --->   "%zext_ln1010_9 = zext i10 %tmp_7" [/home/alen/repo/zynq-7020-video-pipe-3/hw/video-pipe-hw-v5/hw_011223.runs/bd_41e7_hsc_0_synth_1/prj/sol/.autopilot/db/v_hscaler.cpp:1010]   --->   Operation 121 'zext' 'zext_ln1010_9' <Predicate = true> <Delay = 0.00>
ST_5 : Operation 122 [3/3] (1.05ns) (grouped into DSP with root node sum_21)   --->   "%mul_ln1010_9 = mul i26 %zext_ln1010_9, i26 %sext_ln1010_5" [/home/alen/repo/zynq-7020-video-pipe-3/hw/video-pipe-hw-v5/hw_011223.runs/bd_41e7_hsc_0_synth_1/prj/sol/.autopilot/db/v_hscaler.cpp:1010]   --->   Operation 122 'mul' 'mul_ln1010_9' <Predicate = true> <Delay = 1.05> <CoreInst = "DSP48">   --->   Core 119 'DSP48' <Latency = 3> <II = 1> <Delay = 2.15> <IPBlock> <Opcode : '' 'add' 'sub' 'mul' 'select'> <InPorts = 0> <OutPorts = 1> <Sync> <CReg>
ST_5 : Operation 123 [1/2] (2.10ns) (root node of the DSP)   --->   "%sum_24 = add i26 %mul_ln1010_12, i26 2048" [/home/alen/repo/zynq-7020-video-pipe-3/hw/video-pipe-hw-v5/hw_011223.runs/bd_41e7_hsc_0_synth_1/prj/sol/.autopilot/db/v_hscaler.cpp:1010]   --->   Operation 123 'add' 'sum_24' <Predicate = true> <Delay = 2.10> <CoreInst = "DSP48">   --->   Core 119 'DSP48' <Latency = 3> <II = 1> <Delay = 2.15> <IPBlock> <Opcode : '' 'add' 'sub' 'mul' 'select'> <InPorts = 0> <OutPorts = 1> <Sync> <CReg>
ST_5 : Operation 124 [1/1] (0.00ns)   --->   "%sext_ln1010_19 = sext i26 %sum_24" [/home/alen/repo/zynq-7020-video-pipe-3/hw/video-pipe-hw-v5/hw_011223.runs/bd_41e7_hsc_0_synth_1/prj/sol/.autopilot/db/v_hscaler.cpp:1010]   --->   Operation 124 'sext' 'sext_ln1010_19' <Predicate = true> <Delay = 0.00>
ST_5 : Operation 125 [1/3] (0.00ns) (grouped into DSP with root node sum_25)   --->   "%mul_ln1010_13 = mul i26 %zext_ln1010_13, i26 %sext_ln1010_1" [/home/alen/repo/zynq-7020-video-pipe-3/hw/video-pipe-hw-v5/hw_011223.runs/bd_41e7_hsc_0_synth_1/prj/sol/.autopilot/db/v_hscaler.cpp:1010]   --->   Operation 125 'mul' 'mul_ln1010_13' <Predicate = true> <Delay = 0.00> <CoreInst = "DSP48">   --->   Core 119 'DSP48' <Latency = 3> <II = 1> <Delay = 2.15> <IPBlock> <Opcode : '' 'add' 'sub' 'mul' 'select'> <InPorts = 0> <OutPorts = 1> <Sync> <CReg>
ST_5 : Operation 126 [1/1] (0.00ns) (grouped into DSP with root node sum_25)   --->   "%sext_ln1010_20 = sext i26 %mul_ln1010_13" [/home/alen/repo/zynq-7020-video-pipe-3/hw/video-pipe-hw-v5/hw_011223.runs/bd_41e7_hsc_0_synth_1/prj/sol/.autopilot/db/v_hscaler.cpp:1010]   --->   Operation 126 'sext' 'sext_ln1010_20' <Predicate = true> <Delay = 0.00>
ST_5 : Operation 127 [2/2] (2.10ns) (root node of the DSP)   --->   "%sum_25 = add i27 %sext_ln1010_19, i27 %sext_ln1010_20" [/home/alen/repo/zynq-7020-video-pipe-3/hw/video-pipe-hw-v5/hw_011223.runs/bd_41e7_hsc_0_synth_1/prj/sol/.autopilot/db/v_hscaler.cpp:1010]   --->   Operation 127 'add' 'sum_25' <Predicate = true> <Delay = 2.10> <CoreInst = "DSP48">   --->   Core 119 'DSP48' <Latency = 3> <II = 1> <Delay = 2.15> <IPBlock> <Opcode : '' 'add' 'sub' 'mul' 'select'> <InPorts = 0> <OutPorts = 1> <Sync> <CReg>
ST_5 : Operation 128 [2/3] (1.05ns) (grouped into DSP with root node sum_26)   --->   "%mul_ln1010_14 = mul i26 %zext_ln1010_14, i26 %sext_ln1010_3" [/home/alen/repo/zynq-7020-video-pipe-3/hw/video-pipe-hw-v5/hw_011223.runs/bd_41e7_hsc_0_synth_1/prj/sol/.autopilot/db/v_hscaler.cpp:1010]   --->   Operation 128 'mul' 'mul_ln1010_14' <Predicate = true> <Delay = 1.05> <CoreInst = "DSP48">   --->   Core 119 'DSP48' <Latency = 3> <II = 1> <Delay = 2.15> <IPBlock> <Opcode : '' 'add' 'sub' 'mul' 'select'> <InPorts = 0> <OutPorts = 1> <Sync> <CReg>
ST_5 : Operation 129 [1/1] (0.00ns)   --->   "%zext_ln1010_15 = zext i10 %tmp_14" [/home/alen/repo/zynq-7020-video-pipe-3/hw/video-pipe-hw-v5/hw_011223.runs/bd_41e7_hsc_0_synth_1/prj/sol/.autopilot/db/v_hscaler.cpp:1010]   --->   Operation 129 'zext' 'zext_ln1010_15' <Predicate = true> <Delay = 0.00>
ST_5 : Operation 130 [3/3] (1.05ns) (grouped into DSP with root node sum_27)   --->   "%mul_ln1010_15 = mul i26 %zext_ln1010_15, i26 %sext_ln1010_5" [/home/alen/repo/zynq-7020-video-pipe-3/hw/video-pipe-hw-v5/hw_011223.runs/bd_41e7_hsc_0_synth_1/prj/sol/.autopilot/db/v_hscaler.cpp:1010]   --->   Operation 130 'mul' 'mul_ln1010_15' <Predicate = true> <Delay = 1.05> <CoreInst = "DSP48">   --->   Core 119 'DSP48' <Latency = 3> <II = 1> <Delay = 2.15> <IPBlock> <Opcode : '' 'add' 'sub' 'mul' 'select'> <InPorts = 0> <OutPorts = 1> <Sync> <CReg>

State 6 <SV = 5> <Delay = 4.20>
ST_6 : Operation 131 [1/1] (0.00ns)   --->   "%FiltCoeff_5_addr = getelementptr i16 %FiltCoeff_5, i64 0, i64 %idxprom8" [/home/alen/repo/zynq-7020-video-pipe-3/hw/video-pipe-hw-v5/hw_011223.runs/bd_41e7_hsc_0_synth_1/prj/sol/.autopilot/db/v_hscaler.cpp:996]   --->   Operation 131 'getelementptr' 'FiltCoeff_5_addr' <Predicate = true> <Delay = 0.00>
ST_6 : Operation 132 [1/2] (2.32ns)   --->   "%FiltCoeff_4_load = load i6 %FiltCoeff_4_addr" [/home/alen/repo/zynq-7020-video-pipe-3/hw/video-pipe-hw-v5/hw_011223.runs/bd_41e7_hsc_0_synth_1/prj/sol/.autopilot/db/v_hscaler.cpp:996]   --->   Operation 132 'load' 'FiltCoeff_4_load' <Predicate = true> <Delay = 2.32> <CoreInst = "RAM_1P_LUTRAM">   --->   Core 87 'RAM_1P_LUTRAM' <Latency = 1> <II = 1> <Delay = 2.32> <Storage> <Opcode : 'load' 'store'> <Ports = 1> <Width = 16> <Depth = 64> <RAM>
ST_6 : Operation 133 [2/2] (2.32ns)   --->   "%FiltCoeff_5_load = load i6 %FiltCoeff_5_addr" [/home/alen/repo/zynq-7020-video-pipe-3/hw/video-pipe-hw-v5/hw_011223.runs/bd_41e7_hsc_0_synth_1/prj/sol/.autopilot/db/v_hscaler.cpp:996]   --->   Operation 133 'load' 'FiltCoeff_5_load' <Predicate = true> <Delay = 2.32> <CoreInst = "RAM_1P_LUTRAM">   --->   Core 87 'RAM_1P_LUTRAM' <Latency = 1> <II = 1> <Delay = 2.32> <Storage> <Opcode : 'load' 'store'> <Ports = 1> <Width = 16> <Depth = 64> <RAM>
ST_6 : Operation 134 [1/2] (2.10ns) (root node of the DSP)   --->   "%sum_1 = add i27 %sext_ln1001, i27 %sext_ln1010_2" [/home/alen/repo/zynq-7020-video-pipe-3/hw/video-pipe-hw-v5/hw_011223.runs/bd_41e7_hsc_0_synth_1/prj/sol/.autopilot/db/v_hscaler.cpp:1010]   --->   Operation 134 'add' 'sum_1' <Predicate = true> <Delay = 2.10> <CoreInst = "DSP48">   --->   Core 119 'DSP48' <Latency = 3> <II = 1> <Delay = 2.15> <IPBlock> <Opcode : '' 'add' 'sub' 'mul' 'select'> <InPorts = 0> <OutPorts = 1> <Sync> <CReg>
ST_6 : Operation 135 [1/1] (0.00ns)   --->   "%sext_ln1001_1 = sext i27 %sum_1" [/home/alen/repo/zynq-7020-video-pipe-3/hw/video-pipe-hw-v5/hw_011223.runs/bd_41e7_hsc_0_synth_1/prj/sol/.autopilot/db/v_hscaler.cpp:1001]   --->   Operation 135 'sext' 'sext_ln1001_1' <Predicate = true> <Delay = 0.00>
ST_6 : Operation 136 [1/3] (0.00ns) (grouped into DSP with root node sum_2)   --->   "%mul_ln1010_2 = mul i26 %zext_ln1010_2, i26 %sext_ln1010_3" [/home/alen/repo/zynq-7020-video-pipe-3/hw/video-pipe-hw-v5/hw_011223.runs/bd_41e7_hsc_0_synth_1/prj/sol/.autopilot/db/v_hscaler.cpp:1010]   --->   Operation 136 'mul' 'mul_ln1010_2' <Predicate = true> <Delay = 0.00> <CoreInst = "DSP48">   --->   Core 119 'DSP48' <Latency = 3> <II = 1> <Delay = 2.15> <IPBlock> <Opcode : '' 'add' 'sub' 'mul' 'select'> <InPorts = 0> <OutPorts = 1> <Sync> <CReg>
ST_6 : Operation 137 [1/1] (0.00ns) (grouped into DSP with root node sum_2)   --->   "%sext_ln1010_4 = sext i26 %mul_ln1010_2" [/home/alen/repo/zynq-7020-video-pipe-3/hw/video-pipe-hw-v5/hw_011223.runs/bd_41e7_hsc_0_synth_1/prj/sol/.autopilot/db/v_hscaler.cpp:1010]   --->   Operation 137 'sext' 'sext_ln1010_4' <Predicate = true> <Delay = 0.00>
ST_6 : Operation 138 [2/2] (2.10ns) (root node of the DSP)   --->   "%sum_2 = add i28 %sext_ln1001_1, i28 %sext_ln1010_4" [/home/alen/repo/zynq-7020-video-pipe-3/hw/video-pipe-hw-v5/hw_011223.runs/bd_41e7_hsc_0_synth_1/prj/sol/.autopilot/db/v_hscaler.cpp:1010]   --->   Operation 138 'add' 'sum_2' <Predicate = true> <Delay = 2.10> <CoreInst = "DSP48">   --->   Core 119 'DSP48' <Latency = 3> <II = 1> <Delay = 2.15> <IPBlock> <Opcode : '' 'add' 'sub' 'mul' 'select'> <InPorts = 0> <OutPorts = 1> <Sync> <CReg>
ST_6 : Operation 139 [2/3] (1.05ns) (grouped into DSP with root node sum_3)   --->   "%mul_ln1010_3 = mul i26 %zext_ln1010_3, i26 %sext_ln1010_5" [/home/alen/repo/zynq-7020-video-pipe-3/hw/video-pipe-hw-v5/hw_011223.runs/bd_41e7_hsc_0_synth_1/prj/sol/.autopilot/db/v_hscaler.cpp:1010]   --->   Operation 139 'mul' 'mul_ln1010_3' <Predicate = true> <Delay = 1.05> <CoreInst = "DSP48">   --->   Core 119 'DSP48' <Latency = 3> <II = 1> <Delay = 2.15> <IPBlock> <Opcode : '' 'add' 'sub' 'mul' 'select'> <InPorts = 0> <OutPorts = 1> <Sync> <CReg>
ST_6 : Operation 140 [1/1] (0.00ns)   --->   "%zext_ln1010_4 = zext i10 %tmp_2" [/home/alen/repo/zynq-7020-video-pipe-3/hw/video-pipe-hw-v5/hw_011223.runs/bd_41e7_hsc_0_synth_1/prj/sol/.autopilot/db/v_hscaler.cpp:1010]   --->   Operation 140 'zext' 'zext_ln1010_4' <Predicate = true> <Delay = 0.00>
ST_6 : Operation 141 [1/1] (0.00ns)   --->   "%sext_ln1010_7 = sext i16 %FiltCoeff_4_load" [/home/alen/repo/zynq-7020-video-pipe-3/hw/video-pipe-hw-v5/hw_011223.runs/bd_41e7_hsc_0_synth_1/prj/sol/.autopilot/db/v_hscaler.cpp:1010]   --->   Operation 141 'sext' 'sext_ln1010_7' <Predicate = true> <Delay = 0.00>
ST_6 : Operation 142 [3/3] (1.05ns) (grouped into DSP with root node sum_4)   --->   "%mul_ln1010_4 = mul i26 %zext_ln1010_4, i26 %sext_ln1010_7" [/home/alen/repo/zynq-7020-video-pipe-3/hw/video-pipe-hw-v5/hw_011223.runs/bd_41e7_hsc_0_synth_1/prj/sol/.autopilot/db/v_hscaler.cpp:1010]   --->   Operation 142 'mul' 'mul_ln1010_4' <Predicate = true> <Delay = 1.05> <CoreInst = "DSP48">   --->   Core 119 'DSP48' <Latency = 3> <II = 1> <Delay = 2.15> <IPBlock> <Opcode : '' 'add' 'sub' 'mul' 'select'> <InPorts = 0> <OutPorts = 1> <Sync> <CReg>
ST_6 : Operation 143 [1/2] (2.10ns) (root node of the DSP)   --->   "%sum_19 = add i27 %sext_ln1010_11, i27 %sext_ln1010_12" [/home/alen/repo/zynq-7020-video-pipe-3/hw/video-pipe-hw-v5/hw_011223.runs/bd_41e7_hsc_0_synth_1/prj/sol/.autopilot/db/v_hscaler.cpp:1010]   --->   Operation 143 'add' 'sum_19' <Predicate = true> <Delay = 2.10> <CoreInst = "DSP48">   --->   Core 119 'DSP48' <Latency = 3> <II = 1> <Delay = 2.15> <IPBlock> <Opcode : '' 'add' 'sub' 'mul' 'select'> <InPorts = 0> <OutPorts = 1> <Sync> <CReg>
ST_6 : Operation 144 [1/1] (0.00ns)   --->   "%sext_ln1010_13 = sext i27 %sum_19" [/home/alen/repo/zynq-7020-video-pipe-3/hw/video-pipe-hw-v5/hw_011223.runs/bd_41e7_hsc_0_synth_1/prj/sol/.autopilot/db/v_hscaler.cpp:1010]   --->   Operation 144 'sext' 'sext_ln1010_13' <Predicate = true> <Delay = 0.00>
ST_6 : Operation 145 [1/3] (0.00ns) (grouped into DSP with root node sum_20)   --->   "%mul_ln1010_8 = mul i26 %zext_ln1010_8, i26 %sext_ln1010_3" [/home/alen/repo/zynq-7020-video-pipe-3/hw/video-pipe-hw-v5/hw_011223.runs/bd_41e7_hsc_0_synth_1/prj/sol/.autopilot/db/v_hscaler.cpp:1010]   --->   Operation 145 'mul' 'mul_ln1010_8' <Predicate = true> <Delay = 0.00> <CoreInst = "DSP48">   --->   Core 119 'DSP48' <Latency = 3> <II = 1> <Delay = 2.15> <IPBlock> <Opcode : '' 'add' 'sub' 'mul' 'select'> <InPorts = 0> <OutPorts = 1> <Sync> <CReg>
ST_6 : Operation 146 [1/1] (0.00ns) (grouped into DSP with root node sum_20)   --->   "%sext_ln1010_14 = sext i26 %mul_ln1010_8" [/home/alen/repo/zynq-7020-video-pipe-3/hw/video-pipe-hw-v5/hw_011223.runs/bd_41e7_hsc_0_synth_1/prj/sol/.autopilot/db/v_hscaler.cpp:1010]   --->   Operation 146 'sext' 'sext_ln1010_14' <Predicate = true> <Delay = 0.00>
ST_6 : Operation 147 [2/2] (2.10ns) (root node of the DSP)   --->   "%sum_20 = add i28 %sext_ln1010_13, i28 %sext_ln1010_14" [/home/alen/repo/zynq-7020-video-pipe-3/hw/video-pipe-hw-v5/hw_011223.runs/bd_41e7_hsc_0_synth_1/prj/sol/.autopilot/db/v_hscaler.cpp:1010]   --->   Operation 147 'add' 'sum_20' <Predicate = true> <Delay = 2.10> <CoreInst = "DSP48">   --->   Core 119 'DSP48' <Latency = 3> <II = 1> <Delay = 2.15> <IPBlock> <Opcode : '' 'add' 'sub' 'mul' 'select'> <InPorts = 0> <OutPorts = 1> <Sync> <CReg>
ST_6 : Operation 148 [2/3] (1.05ns) (grouped into DSP with root node sum_21)   --->   "%mul_ln1010_9 = mul i26 %zext_ln1010_9, i26 %sext_ln1010_5" [/home/alen/repo/zynq-7020-video-pipe-3/hw/video-pipe-hw-v5/hw_011223.runs/bd_41e7_hsc_0_synth_1/prj/sol/.autopilot/db/v_hscaler.cpp:1010]   --->   Operation 148 'mul' 'mul_ln1010_9' <Predicate = true> <Delay = 1.05> <CoreInst = "DSP48">   --->   Core 119 'DSP48' <Latency = 3> <II = 1> <Delay = 2.15> <IPBlock> <Opcode : '' 'add' 'sub' 'mul' 'select'> <InPorts = 0> <OutPorts = 1> <Sync> <CReg>
ST_6 : Operation 149 [1/1] (0.00ns)   --->   "%zext_ln1010_10 = zext i10 %tmp_8" [/home/alen/repo/zynq-7020-video-pipe-3/hw/video-pipe-hw-v5/hw_011223.runs/bd_41e7_hsc_0_synth_1/prj/sol/.autopilot/db/v_hscaler.cpp:1010]   --->   Operation 149 'zext' 'zext_ln1010_10' <Predicate = true> <Delay = 0.00>
ST_6 : Operation 150 [3/3] (1.05ns) (grouped into DSP with root node sum_22)   --->   "%mul_ln1010_10 = mul i26 %zext_ln1010_10, i26 %sext_ln1010_7" [/home/alen/repo/zynq-7020-video-pipe-3/hw/video-pipe-hw-v5/hw_011223.runs/bd_41e7_hsc_0_synth_1/prj/sol/.autopilot/db/v_hscaler.cpp:1010]   --->   Operation 150 'mul' 'mul_ln1010_10' <Predicate = true> <Delay = 1.05> <CoreInst = "DSP48">   --->   Core 119 'DSP48' <Latency = 3> <II = 1> <Delay = 2.15> <IPBlock> <Opcode : '' 'add' 'sub' 'mul' 'select'> <InPorts = 0> <OutPorts = 1> <Sync> <CReg>
ST_6 : Operation 151 [1/2] (2.10ns) (root node of the DSP)   --->   "%sum_25 = add i27 %sext_ln1010_19, i27 %sext_ln1010_20" [/home/alen/repo/zynq-7020-video-pipe-3/hw/video-pipe-hw-v5/hw_011223.runs/bd_41e7_hsc_0_synth_1/prj/sol/.autopilot/db/v_hscaler.cpp:1010]   --->   Operation 151 'add' 'sum_25' <Predicate = true> <Delay = 2.10> <CoreInst = "DSP48">   --->   Core 119 'DSP48' <Latency = 3> <II = 1> <Delay = 2.15> <IPBlock> <Opcode : '' 'add' 'sub' 'mul' 'select'> <InPorts = 0> <OutPorts = 1> <Sync> <CReg>
ST_6 : Operation 152 [1/1] (0.00ns)   --->   "%sext_ln1010_21 = sext i27 %sum_25" [/home/alen/repo/zynq-7020-video-pipe-3/hw/video-pipe-hw-v5/hw_011223.runs/bd_41e7_hsc_0_synth_1/prj/sol/.autopilot/db/v_hscaler.cpp:1010]   --->   Operation 152 'sext' 'sext_ln1010_21' <Predicate = true> <Delay = 0.00>
ST_6 : Operation 153 [1/3] (0.00ns) (grouped into DSP with root node sum_26)   --->   "%mul_ln1010_14 = mul i26 %zext_ln1010_14, i26 %sext_ln1010_3" [/home/alen/repo/zynq-7020-video-pipe-3/hw/video-pipe-hw-v5/hw_011223.runs/bd_41e7_hsc_0_synth_1/prj/sol/.autopilot/db/v_hscaler.cpp:1010]   --->   Operation 153 'mul' 'mul_ln1010_14' <Predicate = true> <Delay = 0.00> <CoreInst = "DSP48">   --->   Core 119 'DSP48' <Latency = 3> <II = 1> <Delay = 2.15> <IPBlock> <Opcode : '' 'add' 'sub' 'mul' 'select'> <InPorts = 0> <OutPorts = 1> <Sync> <CReg>
ST_6 : Operation 154 [1/1] (0.00ns) (grouped into DSP with root node sum_26)   --->   "%sext_ln1010_22 = sext i26 %mul_ln1010_14" [/home/alen/repo/zynq-7020-video-pipe-3/hw/video-pipe-hw-v5/hw_011223.runs/bd_41e7_hsc_0_synth_1/prj/sol/.autopilot/db/v_hscaler.cpp:1010]   --->   Operation 154 'sext' 'sext_ln1010_22' <Predicate = true> <Delay = 0.00>
ST_6 : Operation 155 [2/2] (2.10ns) (root node of the DSP)   --->   "%sum_26 = add i28 %sext_ln1010_21, i28 %sext_ln1010_22" [/home/alen/repo/zynq-7020-video-pipe-3/hw/video-pipe-hw-v5/hw_011223.runs/bd_41e7_hsc_0_synth_1/prj/sol/.autopilot/db/v_hscaler.cpp:1010]   --->   Operation 155 'add' 'sum_26' <Predicate = true> <Delay = 2.10> <CoreInst = "DSP48">   --->   Core 119 'DSP48' <Latency = 3> <II = 1> <Delay = 2.15> <IPBlock> <Opcode : '' 'add' 'sub' 'mul' 'select'> <InPorts = 0> <OutPorts = 1> <Sync> <CReg>
ST_6 : Operation 156 [2/3] (1.05ns) (grouped into DSP with root node sum_27)   --->   "%mul_ln1010_15 = mul i26 %zext_ln1010_15, i26 %sext_ln1010_5" [/home/alen/repo/zynq-7020-video-pipe-3/hw/video-pipe-hw-v5/hw_011223.runs/bd_41e7_hsc_0_synth_1/prj/sol/.autopilot/db/v_hscaler.cpp:1010]   --->   Operation 156 'mul' 'mul_ln1010_15' <Predicate = true> <Delay = 1.05> <CoreInst = "DSP48">   --->   Core 119 'DSP48' <Latency = 3> <II = 1> <Delay = 2.15> <IPBlock> <Opcode : '' 'add' 'sub' 'mul' 'select'> <InPorts = 0> <OutPorts = 1> <Sync> <CReg>
ST_6 : Operation 157 [1/1] (0.00ns)   --->   "%zext_ln1010_16 = zext i10 %tmp_15" [/home/alen/repo/zynq-7020-video-pipe-3/hw/video-pipe-hw-v5/hw_011223.runs/bd_41e7_hsc_0_synth_1/prj/sol/.autopilot/db/v_hscaler.cpp:1010]   --->   Operation 157 'zext' 'zext_ln1010_16' <Predicate = true> <Delay = 0.00>
ST_6 : Operation 158 [3/3] (1.05ns) (grouped into DSP with root node sum_28)   --->   "%mul_ln1010_16 = mul i26 %zext_ln1010_16, i26 %sext_ln1010_7" [/home/alen/repo/zynq-7020-video-pipe-3/hw/video-pipe-hw-v5/hw_011223.runs/bd_41e7_hsc_0_synth_1/prj/sol/.autopilot/db/v_hscaler.cpp:1010]   --->   Operation 158 'mul' 'mul_ln1010_16' <Predicate = true> <Delay = 1.05> <CoreInst = "DSP48">   --->   Core 119 'DSP48' <Latency = 3> <II = 1> <Delay = 2.15> <IPBlock> <Opcode : '' 'add' 'sub' 'mul' 'select'> <InPorts = 0> <OutPorts = 1> <Sync> <CReg>

State 7 <SV = 6> <Delay = 4.20>
ST_7 : Operation 159 [1/2] (2.32ns)   --->   "%FiltCoeff_5_load = load i6 %FiltCoeff_5_addr" [/home/alen/repo/zynq-7020-video-pipe-3/hw/video-pipe-hw-v5/hw_011223.runs/bd_41e7_hsc_0_synth_1/prj/sol/.autopilot/db/v_hscaler.cpp:996]   --->   Operation 159 'load' 'FiltCoeff_5_load' <Predicate = true> <Delay = 2.32> <CoreInst = "RAM_1P_LUTRAM">   --->   Core 87 'RAM_1P_LUTRAM' <Latency = 1> <II = 1> <Delay = 2.32> <Storage> <Opcode : 'load' 'store'> <Ports = 1> <Width = 16> <Depth = 64> <RAM>
ST_7 : Operation 160 [1/2] (2.10ns) (root node of the DSP)   --->   "%sum_2 = add i28 %sext_ln1001_1, i28 %sext_ln1010_4" [/home/alen/repo/zynq-7020-video-pipe-3/hw/video-pipe-hw-v5/hw_011223.runs/bd_41e7_hsc_0_synth_1/prj/sol/.autopilot/db/v_hscaler.cpp:1010]   --->   Operation 160 'add' 'sum_2' <Predicate = true> <Delay = 2.10> <CoreInst = "DSP48">   --->   Core 119 'DSP48' <Latency = 3> <II = 1> <Delay = 2.15> <IPBlock> <Opcode : '' 'add' 'sub' 'mul' 'select'> <InPorts = 0> <OutPorts = 1> <Sync> <CReg>
ST_7 : Operation 161 [1/3] (0.00ns) (grouped into DSP with root node sum_3)   --->   "%mul_ln1010_3 = mul i26 %zext_ln1010_3, i26 %sext_ln1010_5" [/home/alen/repo/zynq-7020-video-pipe-3/hw/video-pipe-hw-v5/hw_011223.runs/bd_41e7_hsc_0_synth_1/prj/sol/.autopilot/db/v_hscaler.cpp:1010]   --->   Operation 161 'mul' 'mul_ln1010_3' <Predicate = true> <Delay = 0.00> <CoreInst = "DSP48">   --->   Core 119 'DSP48' <Latency = 3> <II = 1> <Delay = 2.15> <IPBlock> <Opcode : '' 'add' 'sub' 'mul' 'select'> <InPorts = 0> <OutPorts = 1> <Sync> <CReg>
ST_7 : Operation 162 [1/1] (0.00ns) (grouped into DSP with root node sum_3)   --->   "%sext_ln1010_6 = sext i26 %mul_ln1010_3" [/home/alen/repo/zynq-7020-video-pipe-3/hw/video-pipe-hw-v5/hw_011223.runs/bd_41e7_hsc_0_synth_1/prj/sol/.autopilot/db/v_hscaler.cpp:1010]   --->   Operation 162 'sext' 'sext_ln1010_6' <Predicate = true> <Delay = 0.00>
ST_7 : Operation 163 [2/2] (2.10ns) (root node of the DSP)   --->   "%sum_3 = add i28 %sum_2, i28 %sext_ln1010_6" [/home/alen/repo/zynq-7020-video-pipe-3/hw/video-pipe-hw-v5/hw_011223.runs/bd_41e7_hsc_0_synth_1/prj/sol/.autopilot/db/v_hscaler.cpp:1010]   --->   Operation 163 'add' 'sum_3' <Predicate = true> <Delay = 2.10> <CoreInst = "DSP48">   --->   Core 119 'DSP48' <Latency = 3> <II = 1> <Delay = 2.15> <IPBlock> <Opcode : '' 'add' 'sub' 'mul' 'select'> <InPorts = 0> <OutPorts = 1> <Sync> <CReg>
ST_7 : Operation 164 [2/3] (1.05ns) (grouped into DSP with root node sum_4)   --->   "%mul_ln1010_4 = mul i26 %zext_ln1010_4, i26 %sext_ln1010_7" [/home/alen/repo/zynq-7020-video-pipe-3/hw/video-pipe-hw-v5/hw_011223.runs/bd_41e7_hsc_0_synth_1/prj/sol/.autopilot/db/v_hscaler.cpp:1010]   --->   Operation 164 'mul' 'mul_ln1010_4' <Predicate = true> <Delay = 1.05> <CoreInst = "DSP48">   --->   Core 119 'DSP48' <Latency = 3> <II = 1> <Delay = 2.15> <IPBlock> <Opcode : '' 'add' 'sub' 'mul' 'select'> <InPorts = 0> <OutPorts = 1> <Sync> <CReg>
ST_7 : Operation 165 [1/1] (0.00ns)   --->   "%zext_ln1010_5 = zext i10 %tmp_3" [/home/alen/repo/zynq-7020-video-pipe-3/hw/video-pipe-hw-v5/hw_011223.runs/bd_41e7_hsc_0_synth_1/prj/sol/.autopilot/db/v_hscaler.cpp:1010]   --->   Operation 165 'zext' 'zext_ln1010_5' <Predicate = true> <Delay = 0.00>
ST_7 : Operation 166 [1/1] (0.00ns)   --->   "%sext_ln1010_9 = sext i16 %FiltCoeff_5_load" [/home/alen/repo/zynq-7020-video-pipe-3/hw/video-pipe-hw-v5/hw_011223.runs/bd_41e7_hsc_0_synth_1/prj/sol/.autopilot/db/v_hscaler.cpp:1010]   --->   Operation 166 'sext' 'sext_ln1010_9' <Predicate = true> <Delay = 0.00>
ST_7 : Operation 167 [3/3] (1.05ns) (grouped into DSP with root node sum_5)   --->   "%mul_ln1010_5 = mul i26 %zext_ln1010_5, i26 %sext_ln1010_9" [/home/alen/repo/zynq-7020-video-pipe-3/hw/video-pipe-hw-v5/hw_011223.runs/bd_41e7_hsc_0_synth_1/prj/sol/.autopilot/db/v_hscaler.cpp:1010]   --->   Operation 167 'mul' 'mul_ln1010_5' <Predicate = true> <Delay = 1.05> <CoreInst = "DSP48">   --->   Core 119 'DSP48' <Latency = 3> <II = 1> <Delay = 2.15> <IPBlock> <Opcode : '' 'add' 'sub' 'mul' 'select'> <InPorts = 0> <OutPorts = 1> <Sync> <CReg>
ST_7 : Operation 168 [1/2] (2.10ns) (root node of the DSP)   --->   "%sum_20 = add i28 %sext_ln1010_13, i28 %sext_ln1010_14" [/home/alen/repo/zynq-7020-video-pipe-3/hw/video-pipe-hw-v5/hw_011223.runs/bd_41e7_hsc_0_synth_1/prj/sol/.autopilot/db/v_hscaler.cpp:1010]   --->   Operation 168 'add' 'sum_20' <Predicate = true> <Delay = 2.10> <CoreInst = "DSP48">   --->   Core 119 'DSP48' <Latency = 3> <II = 1> <Delay = 2.15> <IPBlock> <Opcode : '' 'add' 'sub' 'mul' 'select'> <InPorts = 0> <OutPorts = 1> <Sync> <CReg>
ST_7 : Operation 169 [1/3] (0.00ns) (grouped into DSP with root node sum_21)   --->   "%mul_ln1010_9 = mul i26 %zext_ln1010_9, i26 %sext_ln1010_5" [/home/alen/repo/zynq-7020-video-pipe-3/hw/video-pipe-hw-v5/hw_011223.runs/bd_41e7_hsc_0_synth_1/prj/sol/.autopilot/db/v_hscaler.cpp:1010]   --->   Operation 169 'mul' 'mul_ln1010_9' <Predicate = true> <Delay = 0.00> <CoreInst = "DSP48">   --->   Core 119 'DSP48' <Latency = 3> <II = 1> <Delay = 2.15> <IPBlock> <Opcode : '' 'add' 'sub' 'mul' 'select'> <InPorts = 0> <OutPorts = 1> <Sync> <CReg>
ST_7 : Operation 170 [1/1] (0.00ns) (grouped into DSP with root node sum_21)   --->   "%sext_ln1010_15 = sext i26 %mul_ln1010_9" [/home/alen/repo/zynq-7020-video-pipe-3/hw/video-pipe-hw-v5/hw_011223.runs/bd_41e7_hsc_0_synth_1/prj/sol/.autopilot/db/v_hscaler.cpp:1010]   --->   Operation 170 'sext' 'sext_ln1010_15' <Predicate = true> <Delay = 0.00>
ST_7 : Operation 171 [2/2] (2.10ns) (root node of the DSP)   --->   "%sum_21 = add i28 %sum_20, i28 %sext_ln1010_15" [/home/alen/repo/zynq-7020-video-pipe-3/hw/video-pipe-hw-v5/hw_011223.runs/bd_41e7_hsc_0_synth_1/prj/sol/.autopilot/db/v_hscaler.cpp:1010]   --->   Operation 171 'add' 'sum_21' <Predicate = true> <Delay = 2.10> <CoreInst = "DSP48">   --->   Core 119 'DSP48' <Latency = 3> <II = 1> <Delay = 2.15> <IPBlock> <Opcode : '' 'add' 'sub' 'mul' 'select'> <InPorts = 0> <OutPorts = 1> <Sync> <CReg>
ST_7 : Operation 172 [2/3] (1.05ns) (grouped into DSP with root node sum_22)   --->   "%mul_ln1010_10 = mul i26 %zext_ln1010_10, i26 %sext_ln1010_7" [/home/alen/repo/zynq-7020-video-pipe-3/hw/video-pipe-hw-v5/hw_011223.runs/bd_41e7_hsc_0_synth_1/prj/sol/.autopilot/db/v_hscaler.cpp:1010]   --->   Operation 172 'mul' 'mul_ln1010_10' <Predicate = true> <Delay = 1.05> <CoreInst = "DSP48">   --->   Core 119 'DSP48' <Latency = 3> <II = 1> <Delay = 2.15> <IPBlock> <Opcode : '' 'add' 'sub' 'mul' 'select'> <InPorts = 0> <OutPorts = 1> <Sync> <CReg>
ST_7 : Operation 173 [1/1] (0.00ns)   --->   "%zext_ln1010_11 = zext i10 %tmp_10" [/home/alen/repo/zynq-7020-video-pipe-3/hw/video-pipe-hw-v5/hw_011223.runs/bd_41e7_hsc_0_synth_1/prj/sol/.autopilot/db/v_hscaler.cpp:1010]   --->   Operation 173 'zext' 'zext_ln1010_11' <Predicate = true> <Delay = 0.00>
ST_7 : Operation 174 [3/3] (1.05ns) (grouped into DSP with root node sum_23)   --->   "%mul_ln1010_11 = mul i26 %zext_ln1010_11, i26 %sext_ln1010_9" [/home/alen/repo/zynq-7020-video-pipe-3/hw/video-pipe-hw-v5/hw_011223.runs/bd_41e7_hsc_0_synth_1/prj/sol/.autopilot/db/v_hscaler.cpp:1010]   --->   Operation 174 'mul' 'mul_ln1010_11' <Predicate = true> <Delay = 1.05> <CoreInst = "DSP48">   --->   Core 119 'DSP48' <Latency = 3> <II = 1> <Delay = 2.15> <IPBlock> <Opcode : '' 'add' 'sub' 'mul' 'select'> <InPorts = 0> <OutPorts = 1> <Sync> <CReg>
ST_7 : Operation 175 [1/2] (2.10ns) (root node of the DSP)   --->   "%sum_26 = add i28 %sext_ln1010_21, i28 %sext_ln1010_22" [/home/alen/repo/zynq-7020-video-pipe-3/hw/video-pipe-hw-v5/hw_011223.runs/bd_41e7_hsc_0_synth_1/prj/sol/.autopilot/db/v_hscaler.cpp:1010]   --->   Operation 175 'add' 'sum_26' <Predicate = true> <Delay = 2.10> <CoreInst = "DSP48">   --->   Core 119 'DSP48' <Latency = 3> <II = 1> <Delay = 2.15> <IPBlock> <Opcode : '' 'add' 'sub' 'mul' 'select'> <InPorts = 0> <OutPorts = 1> <Sync> <CReg>
ST_7 : Operation 176 [1/3] (0.00ns) (grouped into DSP with root node sum_27)   --->   "%mul_ln1010_15 = mul i26 %zext_ln1010_15, i26 %sext_ln1010_5" [/home/alen/repo/zynq-7020-video-pipe-3/hw/video-pipe-hw-v5/hw_011223.runs/bd_41e7_hsc_0_synth_1/prj/sol/.autopilot/db/v_hscaler.cpp:1010]   --->   Operation 176 'mul' 'mul_ln1010_15' <Predicate = true> <Delay = 0.00> <CoreInst = "DSP48">   --->   Core 119 'DSP48' <Latency = 3> <II = 1> <Delay = 2.15> <IPBlock> <Opcode : '' 'add' 'sub' 'mul' 'select'> <InPorts = 0> <OutPorts = 1> <Sync> <CReg>
ST_7 : Operation 177 [1/1] (0.00ns) (grouped into DSP with root node sum_27)   --->   "%sext_ln1010_23 = sext i26 %mul_ln1010_15" [/home/alen/repo/zynq-7020-video-pipe-3/hw/video-pipe-hw-v5/hw_011223.runs/bd_41e7_hsc_0_synth_1/prj/sol/.autopilot/db/v_hscaler.cpp:1010]   --->   Operation 177 'sext' 'sext_ln1010_23' <Predicate = true> <Delay = 0.00>
ST_7 : Operation 178 [2/2] (2.10ns) (root node of the DSP)   --->   "%sum_27 = add i28 %sum_26, i28 %sext_ln1010_23" [/home/alen/repo/zynq-7020-video-pipe-3/hw/video-pipe-hw-v5/hw_011223.runs/bd_41e7_hsc_0_synth_1/prj/sol/.autopilot/db/v_hscaler.cpp:1010]   --->   Operation 178 'add' 'sum_27' <Predicate = true> <Delay = 2.10> <CoreInst = "DSP48">   --->   Core 119 'DSP48' <Latency = 3> <II = 1> <Delay = 2.15> <IPBlock> <Opcode : '' 'add' 'sub' 'mul' 'select'> <InPorts = 0> <OutPorts = 1> <Sync> <CReg>
ST_7 : Operation 179 [2/3] (1.05ns) (grouped into DSP with root node sum_28)   --->   "%mul_ln1010_16 = mul i26 %zext_ln1010_16, i26 %sext_ln1010_7" [/home/alen/repo/zynq-7020-video-pipe-3/hw/video-pipe-hw-v5/hw_011223.runs/bd_41e7_hsc_0_synth_1/prj/sol/.autopilot/db/v_hscaler.cpp:1010]   --->   Operation 179 'mul' 'mul_ln1010_16' <Predicate = true> <Delay = 1.05> <CoreInst = "DSP48">   --->   Core 119 'DSP48' <Latency = 3> <II = 1> <Delay = 2.15> <IPBlock> <Opcode : '' 'add' 'sub' 'mul' 'select'> <InPorts = 0> <OutPorts = 1> <Sync> <CReg>
ST_7 : Operation 180 [1/1] (0.00ns)   --->   "%zext_ln1010_17 = zext i10 %tmp_16" [/home/alen/repo/zynq-7020-video-pipe-3/hw/video-pipe-hw-v5/hw_011223.runs/bd_41e7_hsc_0_synth_1/prj/sol/.autopilot/db/v_hscaler.cpp:1010]   --->   Operation 180 'zext' 'zext_ln1010_17' <Predicate = true> <Delay = 0.00>
ST_7 : Operation 181 [3/3] (1.05ns) (grouped into DSP with root node sum_17)   --->   "%mul_ln1010_17 = mul i26 %zext_ln1010_17, i26 %sext_ln1010_9" [/home/alen/repo/zynq-7020-video-pipe-3/hw/video-pipe-hw-v5/hw_011223.runs/bd_41e7_hsc_0_synth_1/prj/sol/.autopilot/db/v_hscaler.cpp:1010]   --->   Operation 181 'mul' 'mul_ln1010_17' <Predicate = true> <Delay = 1.05> <CoreInst = "DSP48">   --->   Core 119 'DSP48' <Latency = 3> <II = 1> <Delay = 2.15> <IPBlock> <Opcode : '' 'add' 'sub' 'mul' 'select'> <InPorts = 0> <OutPorts = 1> <Sync> <CReg>

State 8 <SV = 7> <Delay = 4.20>
ST_8 : Operation 182 [1/2] (2.10ns) (root node of the DSP)   --->   "%sum_3 = add i28 %sum_2, i28 %sext_ln1010_6" [/home/alen/repo/zynq-7020-video-pipe-3/hw/video-pipe-hw-v5/hw_011223.runs/bd_41e7_hsc_0_synth_1/prj/sol/.autopilot/db/v_hscaler.cpp:1010]   --->   Operation 182 'add' 'sum_3' <Predicate = true> <Delay = 2.10> <CoreInst = "DSP48">   --->   Core 119 'DSP48' <Latency = 3> <II = 1> <Delay = 2.15> <IPBlock> <Opcode : '' 'add' 'sub' 'mul' 'select'> <InPorts = 0> <OutPorts = 1> <Sync> <CReg>
ST_8 : Operation 183 [1/1] (0.00ns)   --->   "%sext_ln1001_2 = sext i28 %sum_3" [/home/alen/repo/zynq-7020-video-pipe-3/hw/video-pipe-hw-v5/hw_011223.runs/bd_41e7_hsc_0_synth_1/prj/sol/.autopilot/db/v_hscaler.cpp:1001]   --->   Operation 183 'sext' 'sext_ln1001_2' <Predicate = true> <Delay = 0.00>
ST_8 : Operation 184 [1/3] (0.00ns) (grouped into DSP with root node sum_4)   --->   "%mul_ln1010_4 = mul i26 %zext_ln1010_4, i26 %sext_ln1010_7" [/home/alen/repo/zynq-7020-video-pipe-3/hw/video-pipe-hw-v5/hw_011223.runs/bd_41e7_hsc_0_synth_1/prj/sol/.autopilot/db/v_hscaler.cpp:1010]   --->   Operation 184 'mul' 'mul_ln1010_4' <Predicate = true> <Delay = 0.00> <CoreInst = "DSP48">   --->   Core 119 'DSP48' <Latency = 3> <II = 1> <Delay = 2.15> <IPBlock> <Opcode : '' 'add' 'sub' 'mul' 'select'> <InPorts = 0> <OutPorts = 1> <Sync> <CReg>
ST_8 : Operation 185 [1/1] (0.00ns) (grouped into DSP with root node sum_4)   --->   "%sext_ln1010_8 = sext i26 %mul_ln1010_4" [/home/alen/repo/zynq-7020-video-pipe-3/hw/video-pipe-hw-v5/hw_011223.runs/bd_41e7_hsc_0_synth_1/prj/sol/.autopilot/db/v_hscaler.cpp:1010]   --->   Operation 185 'sext' 'sext_ln1010_8' <Predicate = true> <Delay = 0.00>
ST_8 : Operation 186 [2/2] (2.10ns) (root node of the DSP)   --->   "%sum_4 = add i29 %sext_ln1001_2, i29 %sext_ln1010_8" [/home/alen/repo/zynq-7020-video-pipe-3/hw/video-pipe-hw-v5/hw_011223.runs/bd_41e7_hsc_0_synth_1/prj/sol/.autopilot/db/v_hscaler.cpp:1010]   --->   Operation 186 'add' 'sum_4' <Predicate = true> <Delay = 2.10> <CoreInst = "DSP48">   --->   Core 119 'DSP48' <Latency = 3> <II = 1> <Delay = 2.15> <IPBlock> <Opcode : '' 'add' 'sub' 'mul' 'select'> <InPorts = 0> <OutPorts = 1> <Sync> <CReg>
ST_8 : Operation 187 [2/3] (1.05ns) (grouped into DSP with root node sum_5)   --->   "%mul_ln1010_5 = mul i26 %zext_ln1010_5, i26 %sext_ln1010_9" [/home/alen/repo/zynq-7020-video-pipe-3/hw/video-pipe-hw-v5/hw_011223.runs/bd_41e7_hsc_0_synth_1/prj/sol/.autopilot/db/v_hscaler.cpp:1010]   --->   Operation 187 'mul' 'mul_ln1010_5' <Predicate = true> <Delay = 1.05> <CoreInst = "DSP48">   --->   Core 119 'DSP48' <Latency = 3> <II = 1> <Delay = 2.15> <IPBlock> <Opcode : '' 'add' 'sub' 'mul' 'select'> <InPorts = 0> <OutPorts = 1> <Sync> <CReg>
ST_8 : Operation 188 [1/2] (2.10ns) (root node of the DSP)   --->   "%sum_21 = add i28 %sum_20, i28 %sext_ln1010_15" [/home/alen/repo/zynq-7020-video-pipe-3/hw/video-pipe-hw-v5/hw_011223.runs/bd_41e7_hsc_0_synth_1/prj/sol/.autopilot/db/v_hscaler.cpp:1010]   --->   Operation 188 'add' 'sum_21' <Predicate = true> <Delay = 2.10> <CoreInst = "DSP48">   --->   Core 119 'DSP48' <Latency = 3> <II = 1> <Delay = 2.15> <IPBlock> <Opcode : '' 'add' 'sub' 'mul' 'select'> <InPorts = 0> <OutPorts = 1> <Sync> <CReg>
ST_8 : Operation 189 [1/1] (0.00ns)   --->   "%sext_ln1010_16 = sext i28 %sum_21" [/home/alen/repo/zynq-7020-video-pipe-3/hw/video-pipe-hw-v5/hw_011223.runs/bd_41e7_hsc_0_synth_1/prj/sol/.autopilot/db/v_hscaler.cpp:1010]   --->   Operation 189 'sext' 'sext_ln1010_16' <Predicate = true> <Delay = 0.00>
ST_8 : Operation 190 [1/3] (0.00ns) (grouped into DSP with root node sum_22)   --->   "%mul_ln1010_10 = mul i26 %zext_ln1010_10, i26 %sext_ln1010_7" [/home/alen/repo/zynq-7020-video-pipe-3/hw/video-pipe-hw-v5/hw_011223.runs/bd_41e7_hsc_0_synth_1/prj/sol/.autopilot/db/v_hscaler.cpp:1010]   --->   Operation 190 'mul' 'mul_ln1010_10' <Predicate = true> <Delay = 0.00> <CoreInst = "DSP48">   --->   Core 119 'DSP48' <Latency = 3> <II = 1> <Delay = 2.15> <IPBlock> <Opcode : '' 'add' 'sub' 'mul' 'select'> <InPorts = 0> <OutPorts = 1> <Sync> <CReg>
ST_8 : Operation 191 [1/1] (0.00ns) (grouped into DSP with root node sum_22)   --->   "%sext_ln1010_17 = sext i26 %mul_ln1010_10" [/home/alen/repo/zynq-7020-video-pipe-3/hw/video-pipe-hw-v5/hw_011223.runs/bd_41e7_hsc_0_synth_1/prj/sol/.autopilot/db/v_hscaler.cpp:1010]   --->   Operation 191 'sext' 'sext_ln1010_17' <Predicate = true> <Delay = 0.00>
ST_8 : Operation 192 [2/2] (2.10ns) (root node of the DSP)   --->   "%sum_22 = add i29 %sext_ln1010_16, i29 %sext_ln1010_17" [/home/alen/repo/zynq-7020-video-pipe-3/hw/video-pipe-hw-v5/hw_011223.runs/bd_41e7_hsc_0_synth_1/prj/sol/.autopilot/db/v_hscaler.cpp:1010]   --->   Operation 192 'add' 'sum_22' <Predicate = true> <Delay = 2.10> <CoreInst = "DSP48">   --->   Core 119 'DSP48' <Latency = 3> <II = 1> <Delay = 2.15> <IPBlock> <Opcode : '' 'add' 'sub' 'mul' 'select'> <InPorts = 0> <OutPorts = 1> <Sync> <CReg>
ST_8 : Operation 193 [2/3] (1.05ns) (grouped into DSP with root node sum_23)   --->   "%mul_ln1010_11 = mul i26 %zext_ln1010_11, i26 %sext_ln1010_9" [/home/alen/repo/zynq-7020-video-pipe-3/hw/video-pipe-hw-v5/hw_011223.runs/bd_41e7_hsc_0_synth_1/prj/sol/.autopilot/db/v_hscaler.cpp:1010]   --->   Operation 193 'mul' 'mul_ln1010_11' <Predicate = true> <Delay = 1.05> <CoreInst = "DSP48">   --->   Core 119 'DSP48' <Latency = 3> <II = 1> <Delay = 2.15> <IPBlock> <Opcode : '' 'add' 'sub' 'mul' 'select'> <InPorts = 0> <OutPorts = 1> <Sync> <CReg>
ST_8 : Operation 194 [1/2] (2.10ns) (root node of the DSP)   --->   "%sum_27 = add i28 %sum_26, i28 %sext_ln1010_23" [/home/alen/repo/zynq-7020-video-pipe-3/hw/video-pipe-hw-v5/hw_011223.runs/bd_41e7_hsc_0_synth_1/prj/sol/.autopilot/db/v_hscaler.cpp:1010]   --->   Operation 194 'add' 'sum_27' <Predicate = true> <Delay = 2.10> <CoreInst = "DSP48">   --->   Core 119 'DSP48' <Latency = 3> <II = 1> <Delay = 2.15> <IPBlock> <Opcode : '' 'add' 'sub' 'mul' 'select'> <InPorts = 0> <OutPorts = 1> <Sync> <CReg>
ST_8 : Operation 195 [1/1] (0.00ns)   --->   "%sext_ln1010_24 = sext i28 %sum_27" [/home/alen/repo/zynq-7020-video-pipe-3/hw/video-pipe-hw-v5/hw_011223.runs/bd_41e7_hsc_0_synth_1/prj/sol/.autopilot/db/v_hscaler.cpp:1010]   --->   Operation 195 'sext' 'sext_ln1010_24' <Predicate = true> <Delay = 0.00>
ST_8 : Operation 196 [1/3] (0.00ns) (grouped into DSP with root node sum_28)   --->   "%mul_ln1010_16 = mul i26 %zext_ln1010_16, i26 %sext_ln1010_7" [/home/alen/repo/zynq-7020-video-pipe-3/hw/video-pipe-hw-v5/hw_011223.runs/bd_41e7_hsc_0_synth_1/prj/sol/.autopilot/db/v_hscaler.cpp:1010]   --->   Operation 196 'mul' 'mul_ln1010_16' <Predicate = true> <Delay = 0.00> <CoreInst = "DSP48">   --->   Core 119 'DSP48' <Latency = 3> <II = 1> <Delay = 2.15> <IPBlock> <Opcode : '' 'add' 'sub' 'mul' 'select'> <InPorts = 0> <OutPorts = 1> <Sync> <CReg>
ST_8 : Operation 197 [1/1] (0.00ns) (grouped into DSP with root node sum_28)   --->   "%sext_ln1010_25 = sext i26 %mul_ln1010_16" [/home/alen/repo/zynq-7020-video-pipe-3/hw/video-pipe-hw-v5/hw_011223.runs/bd_41e7_hsc_0_synth_1/prj/sol/.autopilot/db/v_hscaler.cpp:1010]   --->   Operation 197 'sext' 'sext_ln1010_25' <Predicate = true> <Delay = 0.00>
ST_8 : Operation 198 [2/2] (2.10ns) (root node of the DSP)   --->   "%sum_28 = add i29 %sext_ln1010_24, i29 %sext_ln1010_25" [/home/alen/repo/zynq-7020-video-pipe-3/hw/video-pipe-hw-v5/hw_011223.runs/bd_41e7_hsc_0_synth_1/prj/sol/.autopilot/db/v_hscaler.cpp:1010]   --->   Operation 198 'add' 'sum_28' <Predicate = true> <Delay = 2.10> <CoreInst = "DSP48">   --->   Core 119 'DSP48' <Latency = 3> <II = 1> <Delay = 2.15> <IPBlock> <Opcode : '' 'add' 'sub' 'mul' 'select'> <InPorts = 0> <OutPorts = 1> <Sync> <CReg>
ST_8 : Operation 199 [2/3] (1.05ns) (grouped into DSP with root node sum_17)   --->   "%mul_ln1010_17 = mul i26 %zext_ln1010_17, i26 %sext_ln1010_9" [/home/alen/repo/zynq-7020-video-pipe-3/hw/video-pipe-hw-v5/hw_011223.runs/bd_41e7_hsc_0_synth_1/prj/sol/.autopilot/db/v_hscaler.cpp:1010]   --->   Operation 199 'mul' 'mul_ln1010_17' <Predicate = true> <Delay = 1.05> <CoreInst = "DSP48">   --->   Core 119 'DSP48' <Latency = 3> <II = 1> <Delay = 2.15> <IPBlock> <Opcode : '' 'add' 'sub' 'mul' 'select'> <InPorts = 0> <OutPorts = 1> <Sync> <CReg>

State 9 <SV = 8> <Delay = 4.20>
ST_9 : Operation 200 [1/2] (2.10ns) (root node of the DSP)   --->   "%sum_4 = add i29 %sext_ln1001_2, i29 %sext_ln1010_8" [/home/alen/repo/zynq-7020-video-pipe-3/hw/video-pipe-hw-v5/hw_011223.runs/bd_41e7_hsc_0_synth_1/prj/sol/.autopilot/db/v_hscaler.cpp:1010]   --->   Operation 200 'add' 'sum_4' <Predicate = true> <Delay = 2.10> <CoreInst = "DSP48">   --->   Core 119 'DSP48' <Latency = 3> <II = 1> <Delay = 2.15> <IPBlock> <Opcode : '' 'add' 'sub' 'mul' 'select'> <InPorts = 0> <OutPorts = 1> <Sync> <CReg>
ST_9 : Operation 201 [1/3] (0.00ns) (grouped into DSP with root node sum_5)   --->   "%mul_ln1010_5 = mul i26 %zext_ln1010_5, i26 %sext_ln1010_9" [/home/alen/repo/zynq-7020-video-pipe-3/hw/video-pipe-hw-v5/hw_011223.runs/bd_41e7_hsc_0_synth_1/prj/sol/.autopilot/db/v_hscaler.cpp:1010]   --->   Operation 201 'mul' 'mul_ln1010_5' <Predicate = true> <Delay = 0.00> <CoreInst = "DSP48">   --->   Core 119 'DSP48' <Latency = 3> <II = 1> <Delay = 2.15> <IPBlock> <Opcode : '' 'add' 'sub' 'mul' 'select'> <InPorts = 0> <OutPorts = 1> <Sync> <CReg>
ST_9 : Operation 202 [1/1] (0.00ns) (grouped into DSP with root node sum_5)   --->   "%sext_ln1010_10 = sext i26 %mul_ln1010_5" [/home/alen/repo/zynq-7020-video-pipe-3/hw/video-pipe-hw-v5/hw_011223.runs/bd_41e7_hsc_0_synth_1/prj/sol/.autopilot/db/v_hscaler.cpp:1010]   --->   Operation 202 'sext' 'sext_ln1010_10' <Predicate = true> <Delay = 0.00>
ST_9 : Operation 203 [2/2] (2.10ns) (root node of the DSP)   --->   "%sum_5 = add i29 %sum_4, i29 %sext_ln1010_10" [/home/alen/repo/zynq-7020-video-pipe-3/hw/video-pipe-hw-v5/hw_011223.runs/bd_41e7_hsc_0_synth_1/prj/sol/.autopilot/db/v_hscaler.cpp:1010]   --->   Operation 203 'add' 'sum_5' <Predicate = true> <Delay = 2.10> <CoreInst = "DSP48">   --->   Core 119 'DSP48' <Latency = 3> <II = 1> <Delay = 2.15> <IPBlock> <Opcode : '' 'add' 'sub' 'mul' 'select'> <InPorts = 0> <OutPorts = 1> <Sync> <CReg>
ST_9 : Operation 204 [1/2] (2.10ns) (root node of the DSP)   --->   "%sum_22 = add i29 %sext_ln1010_16, i29 %sext_ln1010_17" [/home/alen/repo/zynq-7020-video-pipe-3/hw/video-pipe-hw-v5/hw_011223.runs/bd_41e7_hsc_0_synth_1/prj/sol/.autopilot/db/v_hscaler.cpp:1010]   --->   Operation 204 'add' 'sum_22' <Predicate = true> <Delay = 2.10> <CoreInst = "DSP48">   --->   Core 119 'DSP48' <Latency = 3> <II = 1> <Delay = 2.15> <IPBlock> <Opcode : '' 'add' 'sub' 'mul' 'select'> <InPorts = 0> <OutPorts = 1> <Sync> <CReg>
ST_9 : Operation 205 [1/3] (0.00ns) (grouped into DSP with root node sum_23)   --->   "%mul_ln1010_11 = mul i26 %zext_ln1010_11, i26 %sext_ln1010_9" [/home/alen/repo/zynq-7020-video-pipe-3/hw/video-pipe-hw-v5/hw_011223.runs/bd_41e7_hsc_0_synth_1/prj/sol/.autopilot/db/v_hscaler.cpp:1010]   --->   Operation 205 'mul' 'mul_ln1010_11' <Predicate = true> <Delay = 0.00> <CoreInst = "DSP48">   --->   Core 119 'DSP48' <Latency = 3> <II = 1> <Delay = 2.15> <IPBlock> <Opcode : '' 'add' 'sub' 'mul' 'select'> <InPorts = 0> <OutPorts = 1> <Sync> <CReg>
ST_9 : Operation 206 [1/1] (0.00ns) (grouped into DSP with root node sum_23)   --->   "%sext_ln1010_18 = sext i26 %mul_ln1010_11" [/home/alen/repo/zynq-7020-video-pipe-3/hw/video-pipe-hw-v5/hw_011223.runs/bd_41e7_hsc_0_synth_1/prj/sol/.autopilot/db/v_hscaler.cpp:1010]   --->   Operation 206 'sext' 'sext_ln1010_18' <Predicate = true> <Delay = 0.00>
ST_9 : Operation 207 [2/2] (2.10ns) (root node of the DSP)   --->   "%sum_23 = add i29 %sum_22, i29 %sext_ln1010_18" [/home/alen/repo/zynq-7020-video-pipe-3/hw/video-pipe-hw-v5/hw_011223.runs/bd_41e7_hsc_0_synth_1/prj/sol/.autopilot/db/v_hscaler.cpp:1010]   --->   Operation 207 'add' 'sum_23' <Predicate = true> <Delay = 2.10> <CoreInst = "DSP48">   --->   Core 119 'DSP48' <Latency = 3> <II = 1> <Delay = 2.15> <IPBlock> <Opcode : '' 'add' 'sub' 'mul' 'select'> <InPorts = 0> <OutPorts = 1> <Sync> <CReg>
ST_9 : Operation 208 [1/2] (2.10ns) (root node of the DSP)   --->   "%sum_28 = add i29 %sext_ln1010_24, i29 %sext_ln1010_25" [/home/alen/repo/zynq-7020-video-pipe-3/hw/video-pipe-hw-v5/hw_011223.runs/bd_41e7_hsc_0_synth_1/prj/sol/.autopilot/db/v_hscaler.cpp:1010]   --->   Operation 208 'add' 'sum_28' <Predicate = true> <Delay = 2.10> <CoreInst = "DSP48">   --->   Core 119 'DSP48' <Latency = 3> <II = 1> <Delay = 2.15> <IPBlock> <Opcode : '' 'add' 'sub' 'mul' 'select'> <InPorts = 0> <OutPorts = 1> <Sync> <CReg>
ST_9 : Operation 209 [1/3] (0.00ns) (grouped into DSP with root node sum_17)   --->   "%mul_ln1010_17 = mul i26 %zext_ln1010_17, i26 %sext_ln1010_9" [/home/alen/repo/zynq-7020-video-pipe-3/hw/video-pipe-hw-v5/hw_011223.runs/bd_41e7_hsc_0_synth_1/prj/sol/.autopilot/db/v_hscaler.cpp:1010]   --->   Operation 209 'mul' 'mul_ln1010_17' <Predicate = true> <Delay = 0.00> <CoreInst = "DSP48">   --->   Core 119 'DSP48' <Latency = 3> <II = 1> <Delay = 2.15> <IPBlock> <Opcode : '' 'add' 'sub' 'mul' 'select'> <InPorts = 0> <OutPorts = 1> <Sync> <CReg>
ST_9 : Operation 210 [1/1] (0.00ns) (grouped into DSP with root node sum_17)   --->   "%sext_ln1010_26 = sext i26 %mul_ln1010_17" [/home/alen/repo/zynq-7020-video-pipe-3/hw/video-pipe-hw-v5/hw_011223.runs/bd_41e7_hsc_0_synth_1/prj/sol/.autopilot/db/v_hscaler.cpp:1010]   --->   Operation 210 'sext' 'sext_ln1010_26' <Predicate = true> <Delay = 0.00>
ST_9 : Operation 211 [2/2] (2.10ns) (root node of the DSP)   --->   "%sum_17 = add i29 %sum_28, i29 %sext_ln1010_26" [/home/alen/repo/zynq-7020-video-pipe-3/hw/video-pipe-hw-v5/hw_011223.runs/bd_41e7_hsc_0_synth_1/prj/sol/.autopilot/db/v_hscaler.cpp:1010]   --->   Operation 211 'add' 'sum_17' <Predicate = true> <Delay = 2.10> <CoreInst = "DSP48">   --->   Core 119 'DSP48' <Latency = 3> <II = 1> <Delay = 2.15> <IPBlock> <Opcode : '' 'add' 'sub' 'mul' 'select'> <InPorts = 0> <OutPorts = 1> <Sync> <CReg>

State 10 <SV = 9> <Delay = 3.97>
ST_10 : Operation 212 [1/2] (2.10ns) (root node of the DSP)   --->   "%sum_5 = add i29 %sum_4, i29 %sext_ln1010_10" [/home/alen/repo/zynq-7020-video-pipe-3/hw/video-pipe-hw-v5/hw_011223.runs/bd_41e7_hsc_0_synth_1/prj/sol/.autopilot/db/v_hscaler.cpp:1010]   --->   Operation 212 'add' 'sum_5' <Predicate = true> <Delay = 2.10> <CoreInst = "DSP48">   --->   Core 119 'DSP48' <Latency = 3> <II = 1> <Delay = 2.15> <IPBlock> <Opcode : '' 'add' 'sub' 'mul' 'select'> <InPorts = 0> <OutPorts = 1> <Sync> <CReg>
ST_10 : Operation 213 [1/1] (0.00ns)   --->   "%tmp_17 = bitselect i1 @_ssdm_op_BitSelect.i1.i29.i32, i29 %sum_5, i32 28" [/home/alen/repo/zynq-7020-video-pipe-3/hw/video-pipe-hw-v5/hw_011223.runs/bd_41e7_hsc_0_synth_1/prj/sol/.autopilot/db/v_hscaler.cpp:1013]   --->   Operation 213 'bitselect' 'tmp_17' <Predicate = true> <Delay = 0.00>
ST_10 : Operation 214 [1/1] (0.00ns)   --->   "%tmp_18 = partselect i7 @_ssdm_op_PartSelect.i7.i29.i32.i32, i29 %sum_5, i32 22, i32 28" [/home/alen/repo/zynq-7020-video-pipe-3/hw/video-pipe-hw-v5/hw_011223.runs/bd_41e7_hsc_0_synth_1/prj/sol/.autopilot/db/v_hscaler.cpp:1013]   --->   Operation 214 'partselect' 'tmp_18' <Predicate = true> <Delay = 0.00>
ST_10 : Operation 215 [1/1] (1.87ns)   --->   "%icmp_ln1013 = icmp_sgt  i7 %tmp_18, i7 0" [/home/alen/repo/zynq-7020-video-pipe-3/hw/video-pipe-hw-v5/hw_011223.runs/bd_41e7_hsc_0_synth_1/prj/sol/.autopilot/db/v_hscaler.cpp:1013]   --->   Operation 215 'icmp' 'icmp_ln1013' <Predicate = true> <Delay = 1.87> <CoreInst = "Cmp">   --->   Core 9 'Cmp' <Latency = 0> <II = 1> <Delay = 1.87> <FuncUnit> <Opcode : 'icmp'> <InPorts = 2> <OutPorts = 1>
ST_10 : Operation 216 [1/2] (2.10ns) (root node of the DSP)   --->   "%sum_23 = add i29 %sum_22, i29 %sext_ln1010_18" [/home/alen/repo/zynq-7020-video-pipe-3/hw/video-pipe-hw-v5/hw_011223.runs/bd_41e7_hsc_0_synth_1/prj/sol/.autopilot/db/v_hscaler.cpp:1010]   --->   Operation 216 'add' 'sum_23' <Predicate = true> <Delay = 2.10> <CoreInst = "DSP48">   --->   Core 119 'DSP48' <Latency = 3> <II = 1> <Delay = 2.15> <IPBlock> <Opcode : '' 'add' 'sub' 'mul' 'select'> <InPorts = 0> <OutPorts = 1> <Sync> <CReg>
ST_10 : Operation 217 [1/1] (0.00ns)   --->   "%tmp_19 = bitselect i1 @_ssdm_op_BitSelect.i1.i29.i32, i29 %sum_23, i32 28" [/home/alen/repo/zynq-7020-video-pipe-3/hw/video-pipe-hw-v5/hw_011223.runs/bd_41e7_hsc_0_synth_1/prj/sol/.autopilot/db/v_hscaler.cpp:1013]   --->   Operation 217 'bitselect' 'tmp_19' <Predicate = true> <Delay = 0.00>
ST_10 : Operation 218 [1/1] (0.00ns)   --->   "%tmp_20 = partselect i7 @_ssdm_op_PartSelect.i7.i29.i32.i32, i29 %sum_23, i32 22, i32 28" [/home/alen/repo/zynq-7020-video-pipe-3/hw/video-pipe-hw-v5/hw_011223.runs/bd_41e7_hsc_0_synth_1/prj/sol/.autopilot/db/v_hscaler.cpp:1013]   --->   Operation 218 'partselect' 'tmp_20' <Predicate = true> <Delay = 0.00>
ST_10 : Operation 219 [1/1] (1.87ns)   --->   "%icmp_ln1013_1 = icmp_sgt  i7 %tmp_20, i7 0" [/home/alen/repo/zynq-7020-video-pipe-3/hw/video-pipe-hw-v5/hw_011223.runs/bd_41e7_hsc_0_synth_1/prj/sol/.autopilot/db/v_hscaler.cpp:1013]   --->   Operation 219 'icmp' 'icmp_ln1013_1' <Predicate = true> <Delay = 1.87> <CoreInst = "Cmp">   --->   Core 9 'Cmp' <Latency = 0> <II = 1> <Delay = 1.87> <FuncUnit> <Opcode : 'icmp'> <InPorts = 2> <OutPorts = 1>
ST_10 : Operation 220 [1/2] (2.10ns) (root node of the DSP)   --->   "%sum_17 = add i29 %sum_28, i29 %sext_ln1010_26" [/home/alen/repo/zynq-7020-video-pipe-3/hw/video-pipe-hw-v5/hw_011223.runs/bd_41e7_hsc_0_synth_1/prj/sol/.autopilot/db/v_hscaler.cpp:1010]   --->   Operation 220 'add' 'sum_17' <Predicate = true> <Delay = 2.10> <CoreInst = "DSP48">   --->   Core 119 'DSP48' <Latency = 3> <II = 1> <Delay = 2.15> <IPBlock> <Opcode : '' 'add' 'sub' 'mul' 'select'> <InPorts = 0> <OutPorts = 1> <Sync> <CReg>
ST_10 : Operation 221 [1/1] (0.00ns)   --->   "%tmp_21 = bitselect i1 @_ssdm_op_BitSelect.i1.i29.i32, i29 %sum_17, i32 28" [/home/alen/repo/zynq-7020-video-pipe-3/hw/video-pipe-hw-v5/hw_011223.runs/bd_41e7_hsc_0_synth_1/prj/sol/.autopilot/db/v_hscaler.cpp:1013]   --->   Operation 221 'bitselect' 'tmp_21' <Predicate = true> <Delay = 0.00>
ST_10 : Operation 222 [1/1] (0.00ns)   --->   "%tmp_22 = partselect i7 @_ssdm_op_PartSelect.i7.i29.i32.i32, i29 %sum_17, i32 22, i32 28" [/home/alen/repo/zynq-7020-video-pipe-3/hw/video-pipe-hw-v5/hw_011223.runs/bd_41e7_hsc_0_synth_1/prj/sol/.autopilot/db/v_hscaler.cpp:1013]   --->   Operation 222 'partselect' 'tmp_22' <Predicate = true> <Delay = 0.00>
ST_10 : Operation 223 [1/1] (1.87ns)   --->   "%icmp_ln1013_2 = icmp_sgt  i7 %tmp_22, i7 0" [/home/alen/repo/zynq-7020-video-pipe-3/hw/video-pipe-hw-v5/hw_011223.runs/bd_41e7_hsc_0_synth_1/prj/sol/.autopilot/db/v_hscaler.cpp:1013]   --->   Operation 223 'icmp' 'icmp_ln1013_2' <Predicate = true> <Delay = 1.87> <CoreInst = "Cmp">   --->   Core 9 'Cmp' <Latency = 0> <II = 1> <Delay = 1.87> <FuncUnit> <Opcode : 'icmp'> <InPorts = 2> <OutPorts = 1>

State 11 <SV = 10> <Delay = 0.99>
ST_11 : Operation 224 [1/1] (0.00ns)   --->   "%specmemcore_ln0 = specmemcore void @_ssdm_op_SpecMemCore, i16 %FiltCoeff_0, i64 666, i64 19, i64 18446744073709551615"   --->   Operation 224 'specmemcore' 'specmemcore_ln0' <Predicate = true> <Delay = 0.00>
ST_11 : Operation 225 [1/1] (0.00ns)   --->   "%specmemcore_ln0 = specmemcore void @_ssdm_op_SpecMemCore, i16 %FiltCoeff_1, i64 666, i64 19, i64 18446744073709551615"   --->   Operation 225 'specmemcore' 'specmemcore_ln0' <Predicate = true> <Delay = 0.00>
ST_11 : Operation 226 [1/1] (0.00ns)   --->   "%specmemcore_ln0 = specmemcore void @_ssdm_op_SpecMemCore, i16 %FiltCoeff_2, i64 666, i64 19, i64 18446744073709551615"   --->   Operation 226 'specmemcore' 'specmemcore_ln0' <Predicate = true> <Delay = 0.00>
ST_11 : Operation 227 [1/1] (0.00ns)   --->   "%specmemcore_ln0 = specmemcore void @_ssdm_op_SpecMemCore, i16 %FiltCoeff_3, i64 666, i64 19, i64 18446744073709551615"   --->   Operation 227 'specmemcore' 'specmemcore_ln0' <Predicate = true> <Delay = 0.00>
ST_11 : Operation 228 [1/1] (0.00ns)   --->   "%specmemcore_ln0 = specmemcore void @_ssdm_op_SpecMemCore, i16 %FiltCoeff_4, i64 666, i64 19, i64 18446744073709551615"   --->   Operation 228 'specmemcore' 'specmemcore_ln0' <Predicate = true> <Delay = 0.00>
ST_11 : Operation 229 [1/1] (0.00ns)   --->   "%specmemcore_ln0 = specmemcore void @_ssdm_op_SpecMemCore, i16 %FiltCoeff_5, i64 666, i64 19, i64 18446744073709551615"   --->   Operation 229 'specmemcore' 'specmemcore_ln0' <Predicate = true> <Delay = 0.00>
ST_11 : Operation 230 [1/1] (0.00ns) (grouped into LUT with out node select_ln1015)   --->   "%trunc_ln = partselect i10 @_ssdm_op_PartSelect.i10.i29.i32.i32, i29 %sum_5, i32 12, i32 21" [/home/alen/repo/zynq-7020-video-pipe-3/hw/video-pipe-hw-v5/hw_011223.runs/bd_41e7_hsc_0_synth_1/prj/sol/.autopilot/db/v_hscaler.cpp:1015]   --->   Operation 230 'partselect' 'trunc_ln' <Predicate = true> <Delay = 0.00>
ST_11 : Operation 231 [1/1] (0.00ns) (grouped into LUT with out node select_ln1015)   --->   "%xor_ln1015 = xor i1 %tmp_17, i1 1" [/home/alen/repo/zynq-7020-video-pipe-3/hw/video-pipe-hw-v5/hw_011223.runs/bd_41e7_hsc_0_synth_1/prj/sol/.autopilot/db/v_hscaler.cpp:1015]   --->   Operation 231 'xor' 'xor_ln1015' <Predicate = true> <Delay = 0.00> <CoreInst = "LogicGate">   --->   Core 74 'LogicGate' <Latency = 0> <II = 1> <Delay = 0.97> <FuncUnit> <Opcode : 'and' 'or' 'xor'> <InPorts = 2> <OutPorts = 1>
ST_11 : Operation 232 [1/1] (0.00ns) (grouped into LUT with out node select_ln1015)   --->   "%select_ln1015_3 = select i1 %xor_ln1015, i10 1023, i10 0" [/home/alen/repo/zynq-7020-video-pipe-3/hw/video-pipe-hw-v5/hw_011223.runs/bd_41e7_hsc_0_synth_1/prj/sol/.autopilot/db/v_hscaler.cpp:1015]   --->   Operation 232 'select' 'select_ln1015_3' <Predicate = true> <Delay = 0.00> <CoreInst = "Sel">   --->   Core 73 'Sel' <Latency = 0> <II = 1> <Delay = 0.99> <FuncUnit> <Opcode : 'select'> <InPorts = 3> <OutPorts = 1>
ST_11 : Operation 233 [1/1] (0.00ns) (grouped into LUT with out node select_ln1015)   --->   "%or_ln1015 = or i1 %tmp_17, i1 %icmp_ln1013" [/home/alen/repo/zynq-7020-video-pipe-3/hw/video-pipe-hw-v5/hw_011223.runs/bd_41e7_hsc_0_synth_1/prj/sol/.autopilot/db/v_hscaler.cpp:1015]   --->   Operation 233 'or' 'or_ln1015' <Predicate = true> <Delay = 0.00> <CoreInst = "LogicGate">   --->   Core 74 'LogicGate' <Latency = 0> <II = 1> <Delay = 0.97> <FuncUnit> <Opcode : 'and' 'or' 'xor'> <InPorts = 2> <OutPorts = 1>
ST_11 : Operation 234 [1/1] (0.99ns) (out node of the LUT)   --->   "%select_ln1015 = select i1 %or_ln1015, i10 %select_ln1015_3, i10 %trunc_ln" [/home/alen/repo/zynq-7020-video-pipe-3/hw/video-pipe-hw-v5/hw_011223.runs/bd_41e7_hsc_0_synth_1/prj/sol/.autopilot/db/v_hscaler.cpp:1015]   --->   Operation 234 'select' 'select_ln1015' <Predicate = true> <Delay = 0.99> <CoreInst = "Sel">   --->   Core 73 'Sel' <Latency = 0> <II = 1> <Delay = 0.68> <FuncUnit> <Opcode : 'select'> <InPorts = 3> <OutPorts = 1>
ST_11 : Operation 235 [1/1] (0.00ns) (grouped into LUT with out node select_ln1015_1)   --->   "%trunc_ln1015_1 = partselect i10 @_ssdm_op_PartSelect.i10.i29.i32.i32, i29 %sum_23, i32 12, i32 21" [/home/alen/repo/zynq-7020-video-pipe-3/hw/video-pipe-hw-v5/hw_011223.runs/bd_41e7_hsc_0_synth_1/prj/sol/.autopilot/db/v_hscaler.cpp:1015]   --->   Operation 235 'partselect' 'trunc_ln1015_1' <Predicate = true> <Delay = 0.00>
ST_11 : Operation 236 [1/1] (0.00ns) (grouped into LUT with out node select_ln1015_1)   --->   "%xor_ln1015_1 = xor i1 %tmp_19, i1 1" [/home/alen/repo/zynq-7020-video-pipe-3/hw/video-pipe-hw-v5/hw_011223.runs/bd_41e7_hsc_0_synth_1/prj/sol/.autopilot/db/v_hscaler.cpp:1015]   --->   Operation 236 'xor' 'xor_ln1015_1' <Predicate = true> <Delay = 0.00> <CoreInst = "LogicGate">   --->   Core 74 'LogicGate' <Latency = 0> <II = 1> <Delay = 0.97> <FuncUnit> <Opcode : 'and' 'or' 'xor'> <InPorts = 2> <OutPorts = 1>
ST_11 : Operation 237 [1/1] (0.00ns) (grouped into LUT with out node select_ln1015_1)   --->   "%select_ln1015_4 = select i1 %xor_ln1015_1, i10 1023, i10 0" [/home/alen/repo/zynq-7020-video-pipe-3/hw/video-pipe-hw-v5/hw_011223.runs/bd_41e7_hsc_0_synth_1/prj/sol/.autopilot/db/v_hscaler.cpp:1015]   --->   Operation 237 'select' 'select_ln1015_4' <Predicate = true> <Delay = 0.00> <CoreInst = "Sel">   --->   Core 73 'Sel' <Latency = 0> <II = 1> <Delay = 0.99> <FuncUnit> <Opcode : 'select'> <InPorts = 3> <OutPorts = 1>
ST_11 : Operation 238 [1/1] (0.00ns) (grouped into LUT with out node select_ln1015_1)   --->   "%or_ln1015_1 = or i1 %tmp_19, i1 %icmp_ln1013_1" [/home/alen/repo/zynq-7020-video-pipe-3/hw/video-pipe-hw-v5/hw_011223.runs/bd_41e7_hsc_0_synth_1/prj/sol/.autopilot/db/v_hscaler.cpp:1015]   --->   Operation 238 'or' 'or_ln1015_1' <Predicate = true> <Delay = 0.00> <CoreInst = "LogicGate">   --->   Core 74 'LogicGate' <Latency = 0> <II = 1> <Delay = 0.97> <FuncUnit> <Opcode : 'and' 'or' 'xor'> <InPorts = 2> <OutPorts = 1>
ST_11 : Operation 239 [1/1] (0.99ns) (out node of the LUT)   --->   "%select_ln1015_1 = select i1 %or_ln1015_1, i10 %select_ln1015_4, i10 %trunc_ln1015_1" [/home/alen/repo/zynq-7020-video-pipe-3/hw/video-pipe-hw-v5/hw_011223.runs/bd_41e7_hsc_0_synth_1/prj/sol/.autopilot/db/v_hscaler.cpp:1015]   --->   Operation 239 'select' 'select_ln1015_1' <Predicate = true> <Delay = 0.99> <CoreInst = "Sel">   --->   Core 73 'Sel' <Latency = 0> <II = 1> <Delay = 0.68> <FuncUnit> <Opcode : 'select'> <InPorts = 3> <OutPorts = 1>
ST_11 : Operation 240 [1/1] (0.00ns) (grouped into LUT with out node select_ln1015_2)   --->   "%trunc_ln1015_2 = partselect i10 @_ssdm_op_PartSelect.i10.i29.i32.i32, i29 %sum_17, i32 12, i32 21" [/home/alen/repo/zynq-7020-video-pipe-3/hw/video-pipe-hw-v5/hw_011223.runs/bd_41e7_hsc_0_synth_1/prj/sol/.autopilot/db/v_hscaler.cpp:1015]   --->   Operation 240 'partselect' 'trunc_ln1015_2' <Predicate = true> <Delay = 0.00>
ST_11 : Operation 241 [1/1] (0.00ns) (grouped into LUT with out node select_ln1015_2)   --->   "%xor_ln1015_2 = xor i1 %tmp_21, i1 1" [/home/alen/repo/zynq-7020-video-pipe-3/hw/video-pipe-hw-v5/hw_011223.runs/bd_41e7_hsc_0_synth_1/prj/sol/.autopilot/db/v_hscaler.cpp:1015]   --->   Operation 241 'xor' 'xor_ln1015_2' <Predicate = true> <Delay = 0.00> <CoreInst = "LogicGate">   --->   Core 74 'LogicGate' <Latency = 0> <II = 1> <Delay = 0.97> <FuncUnit> <Opcode : 'and' 'or' 'xor'> <InPorts = 2> <OutPorts = 1>
ST_11 : Operation 242 [1/1] (0.00ns) (grouped into LUT with out node select_ln1015_2)   --->   "%select_ln1015_5 = select i1 %xor_ln1015_2, i10 1023, i10 0" [/home/alen/repo/zynq-7020-video-pipe-3/hw/video-pipe-hw-v5/hw_011223.runs/bd_41e7_hsc_0_synth_1/prj/sol/.autopilot/db/v_hscaler.cpp:1015]   --->   Operation 242 'select' 'select_ln1015_5' <Predicate = true> <Delay = 0.00> <CoreInst = "Sel">   --->   Core 73 'Sel' <Latency = 0> <II = 1> <Delay = 0.99> <FuncUnit> <Opcode : 'select'> <InPorts = 3> <OutPorts = 1>
ST_11 : Operation 243 [1/1] (0.00ns) (grouped into LUT with out node select_ln1015_2)   --->   "%or_ln1015_2 = or i1 %tmp_21, i1 %icmp_ln1013_2" [/home/alen/repo/zynq-7020-video-pipe-3/hw/video-pipe-hw-v5/hw_011223.runs/bd_41e7_hsc_0_synth_1/prj/sol/.autopilot/db/v_hscaler.cpp:1015]   --->   Operation 243 'or' 'or_ln1015_2' <Predicate = true> <Delay = 0.00> <CoreInst = "LogicGate">   --->   Core 74 'LogicGate' <Latency = 0> <II = 1> <Delay = 0.97> <FuncUnit> <Opcode : 'and' 'or' 'xor'> <InPorts = 2> <OutPorts = 1>
ST_11 : Operation 244 [1/1] (0.99ns) (out node of the LUT)   --->   "%select_ln1015_2 = select i1 %or_ln1015_2, i10 %select_ln1015_5, i10 %trunc_ln1015_2" [/home/alen/repo/zynq-7020-video-pipe-3/hw/video-pipe-hw-v5/hw_011223.runs/bd_41e7_hsc_0_synth_1/prj/sol/.autopilot/db/v_hscaler.cpp:1015]   --->   Operation 244 'select' 'select_ln1015_2' <Predicate = true> <Delay = 0.99> <CoreInst = "Sel">   --->   Core 73 'Sel' <Latency = 0> <II = 1> <Delay = 0.68> <FuncUnit> <Opcode : 'select'> <InPorts = 3> <OutPorts = 1>
ST_11 : Operation 245 [1/1] (0.00ns)   --->   "%mrv = insertvalue i30 <undef>, i10 %select_ln1015" [/home/alen/repo/zynq-7020-video-pipe-3/hw/video-pipe-hw-v5/hw_011223.runs/bd_41e7_hsc_0_synth_1/prj/sol/.autopilot/db/v_hscaler.cpp:1018]   --->   Operation 245 'insertvalue' 'mrv' <Predicate = true> <Delay = 0.00>
ST_11 : Operation 246 [1/1] (0.00ns)   --->   "%mrv_1 = insertvalue i30 %mrv, i10 %select_ln1015_1" [/home/alen/repo/zynq-7020-video-pipe-3/hw/video-pipe-hw-v5/hw_011223.runs/bd_41e7_hsc_0_synth_1/prj/sol/.autopilot/db/v_hscaler.cpp:1018]   --->   Operation 246 'insertvalue' 'mrv_1' <Predicate = true> <Delay = 0.00>
ST_11 : Operation 247 [1/1] (0.00ns)   --->   "%mrv_2 = insertvalue i30 %mrv_1, i10 %select_ln1015_2" [/home/alen/repo/zynq-7020-video-pipe-3/hw/video-pipe-hw-v5/hw_011223.runs/bd_41e7_hsc_0_synth_1/prj/sol/.autopilot/db/v_hscaler.cpp:1018]   --->   Operation 247 'insertvalue' 'mrv_2' <Predicate = true> <Delay = 0.00>
ST_11 : Operation 248 [1/1] (0.00ns)   --->   "%ret_ln1018 = ret i30 %mrv_2" [/home/alen/repo/zynq-7020-video-pipe-3/hw/video-pipe-hw-v5/hw_011223.runs/bd_41e7_hsc_0_synth_1/prj/sol/.autopilot/db/v_hscaler.cpp:1018]   --->   Operation 248 'ret' 'ret_ln1018' <Predicate = true> <Delay = 0.00>


============================================================
+ Verbose Summary: Timing violations
============================================================
Target clock period: 7.000ns, clock uncertainty: 1.890ns.

 <State 1>: 3.392ns
The critical path consists of the following:
	wire read operation ('ArrayIdx_val_read', /home/alen/repo/zynq-7020-video-pipe-3/hw/video-pipe-hw-v5/hw_011223.runs/bd_41e7_hsc_0_synth_1/prj/sol/.autopilot/db/v_hscaler.cpp:990) on port 'ArrayIdx_val' (/home/alen/repo/zynq-7020-video-pipe-3/hw/video-pipe-hw-v5/hw_011223.runs/bd_41e7_hsc_0_synth_1/prj/sol/.autopilot/db/v_hscaler.cpp:990) [39]  (0.000 ns)
	'add' operation 3 bit ('add_ln998', /home/alen/repo/zynq-7020-video-pipe-3/hw/video-pipe-hw-v5/hw_011223.runs/bd_41e7_hsc_0_synth_1/prj/sol/.autopilot/db/v_hscaler.cpp:998) [79]  (1.565 ns)
	'sparsemux' operation 10 bit ('tmp', /home/alen/repo/zynq-7020-video-pipe-3/hw/video-pipe-hw-v5/hw_011223.runs/bd_41e7_hsc_0_synth_1/prj/sol/.autopilot/db/v_hscaler.cpp:1010) [80]  (1.827 ns)

 <State 2>: 3.372ns
The critical path consists of the following:
	'load' operation 16 bit ('FiltCoeff_0_load', /home/alen/repo/zynq-7020-video-pipe-3/hw/video-pipe-hw-v5/hw_011223.runs/bd_41e7_hsc_0_synth_1/prj/sol/.autopilot/db/v_hscaler.cpp:996) on array 'FiltCoeff_0' [73]  (2.322 ns)
	'mul' operation 26 bit of DSP[84] ('mul_ln1010', /home/alen/repo/zynq-7020-video-pipe-3/hw/video-pipe-hw-v5/hw_011223.runs/bd_41e7_hsc_0_synth_1/prj/sol/.autopilot/db/v_hscaler.cpp:1010) [83]  (1.050 ns)

 <State 3>: 3.372ns
The critical path consists of the following:
	'load' operation 16 bit ('FiltCoeff_1_load', /home/alen/repo/zynq-7020-video-pipe-3/hw/video-pipe-hw-v5/hw_011223.runs/bd_41e7_hsc_0_synth_1/prj/sol/.autopilot/db/v_hscaler.cpp:996) on array 'FiltCoeff_1' [74]  (2.322 ns)
	'mul' operation 26 bit of DSP[91] ('mul_ln1010_1', /home/alen/repo/zynq-7020-video-pipe-3/hw/video-pipe-hw-v5/hw_011223.runs/bd_41e7_hsc_0_synth_1/prj/sol/.autopilot/db/v_hscaler.cpp:1010) [89]  (1.050 ns)

 <State 4>: 3.372ns
The critical path consists of the following:
	'load' operation 16 bit ('FiltCoeff_2_load', /home/alen/repo/zynq-7020-video-pipe-3/hw/video-pipe-hw-v5/hw_011223.runs/bd_41e7_hsc_0_synth_1/prj/sol/.autopilot/db/v_hscaler.cpp:996) on array 'FiltCoeff_2' [75]  (2.322 ns)
	'mul' operation 26 bit of DSP[98] ('mul_ln1010_2', /home/alen/repo/zynq-7020-video-pipe-3/hw/video-pipe-hw-v5/hw_011223.runs/bd_41e7_hsc_0_synth_1/prj/sol/.autopilot/db/v_hscaler.cpp:1010) [96]  (1.050 ns)

 <State 5>: 4.200ns
The critical path consists of the following:
	'add' operation 26 bit of DSP[84] ('sum', /home/alen/repo/zynq-7020-video-pipe-3/hw/video-pipe-hw-v5/hw_011223.runs/bd_41e7_hsc_0_synth_1/prj/sol/.autopilot/db/v_hscaler.cpp:1010) [84]  (2.100 ns)
	'add' operation 27 bit of DSP[91] ('sum', /home/alen/repo/zynq-7020-video-pipe-3/hw/video-pipe-hw-v5/hw_011223.runs/bd_41e7_hsc_0_synth_1/prj/sol/.autopilot/db/v_hscaler.cpp:1010) [91]  (2.100 ns)

 <State 6>: 4.200ns
The critical path consists of the following:
	'add' operation 27 bit of DSP[91] ('sum', /home/alen/repo/zynq-7020-video-pipe-3/hw/video-pipe-hw-v5/hw_011223.runs/bd_41e7_hsc_0_synth_1/prj/sol/.autopilot/db/v_hscaler.cpp:1010) [91]  (2.100 ns)
	'add' operation 28 bit of DSP[98] ('sum', /home/alen/repo/zynq-7020-video-pipe-3/hw/video-pipe-hw-v5/hw_011223.runs/bd_41e7_hsc_0_synth_1/prj/sol/.autopilot/db/v_hscaler.cpp:1010) [98]  (2.100 ns)

 <State 7>: 4.200ns
The critical path consists of the following:
	'add' operation 28 bit of DSP[98] ('sum', /home/alen/repo/zynq-7020-video-pipe-3/hw/video-pipe-hw-v5/hw_011223.runs/bd_41e7_hsc_0_synth_1/prj/sol/.autopilot/db/v_hscaler.cpp:1010) [98]  (2.100 ns)
	'add' operation 28 bit of DSP[104] ('sum', /home/alen/repo/zynq-7020-video-pipe-3/hw/video-pipe-hw-v5/hw_011223.runs/bd_41e7_hsc_0_synth_1/prj/sol/.autopilot/db/v_hscaler.cpp:1010) [104]  (2.100 ns)

 <State 8>: 4.200ns
The critical path consists of the following:
	'add' operation 28 bit of DSP[104] ('sum', /home/alen/repo/zynq-7020-video-pipe-3/hw/video-pipe-hw-v5/hw_011223.runs/bd_41e7_hsc_0_synth_1/prj/sol/.autopilot/db/v_hscaler.cpp:1010) [104]  (2.100 ns)
	'add' operation 29 bit of DSP[111] ('sum', /home/alen/repo/zynq-7020-video-pipe-3/hw/video-pipe-hw-v5/hw_011223.runs/bd_41e7_hsc_0_synth_1/prj/sol/.autopilot/db/v_hscaler.cpp:1010) [111]  (2.100 ns)

 <State 9>: 4.200ns
The critical path consists of the following:
	'add' operation 29 bit of DSP[111] ('sum', /home/alen/repo/zynq-7020-video-pipe-3/hw/video-pipe-hw-v5/hw_011223.runs/bd_41e7_hsc_0_synth_1/prj/sol/.autopilot/db/v_hscaler.cpp:1010) [111]  (2.100 ns)
	'add' operation 29 bit of DSP[117] ('sum', /home/alen/repo/zynq-7020-video-pipe-3/hw/video-pipe-hw-v5/hw_011223.runs/bd_41e7_hsc_0_synth_1/prj/sol/.autopilot/db/v_hscaler.cpp:1010) [117]  (2.100 ns)

 <State 10>: 3.970ns
The critical path consists of the following:
	'add' operation 29 bit of DSP[117] ('sum', /home/alen/repo/zynq-7020-video-pipe-3/hw/video-pipe-hw-v5/hw_011223.runs/bd_41e7_hsc_0_synth_1/prj/sol/.autopilot/db/v_hscaler.cpp:1010) [117]  (2.100 ns)
	'icmp' operation 1 bit ('icmp_ln1013', /home/alen/repo/zynq-7020-video-pipe-3/hw/video-pipe-hw-v5/hw_011223.runs/bd_41e7_hsc_0_synth_1/prj/sol/.autopilot/db/v_hscaler.cpp:1013) [120]  (1.870 ns)

 <State 11>: 0.993ns
The critical path consists of the following:
	'select' operation 10 bit ('select_ln1015', /home/alen/repo/zynq-7020-video-pipe-3/hw/video-pipe-hw-v5/hw_011223.runs/bd_41e7_hsc_0_synth_1/prj/sol/.autopilot/db/v_hscaler.cpp:1015) [125]  (0.993 ns)


============================================================
+ Verbose Summary: Binding
============================================================
N/A
* FSMD analyzer results:
  - Output states:
 - Input state : 
  - Chain level:
	State 1
	State 2
	State 3
	State 4
	State 5
	State 6
	State 7
	State 8
	State 9
	State 10
	State 11


============================================================
+ Verbose Summary: Datapath Resource usage 
============================================================
N/A
