INFO-FLOW: Workspace /home/alen/repo/zynq-7020-video-pipe-3/hw/video-pipe-hw-v5/hw_011223.runs/bd_41e7_vsc_0_synth_1/prj/sol opened at Thu Dec 28 17:21:55 IST 2023
Execute       send_msg_by_id INFO @200-1505@%s%s default  vivado 
INFO: [HLS 200-1505] Using default flow_target 'vivado'
Execute     set_part xc7z020clg484-1 
INFO: [HLS 200-1510] Running: set_part xc7z020clg484-1 
Execute       create_platform xc7z020clg484-1 -board  
DBG:HLSDevice: Trying to load device library: /home/alen/Xilinx/Vitis_HLS/2023.2/lib/lnx64.o/libxv_hlsvwrap.so
DBG:HLSDevice: first parts/arch.xml in RDI_DATADIR: /home/alen/Xilinx/Vivado/2023.2/data/parts/arch.xml
DBG:HLSDevice: init success
INFO: [HLS 200-1611] Setting target device to 'xc7z020-clg484-1'
Command       create_platform done; 0.24 sec.
Execute       source /home/alen/Xilinx/Vitis_HLS/2023.2/common/technology/xilinx/common/xilinx.gen 
Execute         source /home/alen/Xilinx/Vitis_HLS/2023.2/common/technology/xilinx/interface/plb46.gen 
Execute         source /home/alen/Xilinx/Vitis_HLS/2023.2/common/technology/xilinx/interface/axi4.gen 
Execute         source /home/alen/Xilinx/Vitis_HLS/2023.2/common/technology/xilinx/interface/nativeAXI4.gen 
Execute           source /home/alen/Xilinx/Vitis_HLS/2023.2/common/technology/xilinx/interface/saxilite.gen 
Execute         source /home/alen/Xilinx/Vitis_HLS/2023.2/common/technology/xilinx/scripts/xilinxcoregen.gen 
Execute         source /home/alen/Xilinx/Vitis_HLS/2023.2/common/technology/xilinx/interface/XilEDKCoreGen.gen 
Execute         source /home/alen/Xilinx/Vitis_HLS/2023.2/common/technology/xilinx/ip/xfft.gen 
Execute         source /home/alen/Xilinx/Vitis_HLS/2023.2/common/technology/xilinx/ip/xfir.gen 
Execute         source /home/alen/Xilinx/Vitis_HLS/2023.2/common/technology/xilinx/ip/dds_compiler.gen 
Execute         source /home/alen/Xilinx/Vitis_HLS/2023.2/common/technology/xilinx/ip/util.gen 
Execute         source /home/alen/Xilinx/Vitis_HLS/2023.2/common/technology/xilinx/DSP48/dsp48.gen 
Execute       ap_part_info -name xc7z020-clg484-1 -data info 
Execute       config_compile -quiet -complex-mul-dsp=0 
Command     set_part done; 0.33 sec.
Execute     add_files -cflags  -I /home/alen/repo/zynq-7020-video-pipe-3/hw/video-pipe-hw-v5/hw_011223.gen/sources_1/bd/broncho_video/ip/broncho_video_v_proc_ss_0_1/bd_0/ip/ip_1/src/hls -I /home/alen/repo/zynq-7020-video-pipe-3/hw/video-pipe-hw-v5/hw_011223.gen/sources_1/bd/broncho_video/ip/broncho_video_v_proc_ss_0_1/bd_0/ip/ip_1/src  /home/alen/repo/zynq-7020-video-pipe-3/hw/video-pipe-hw-v5/hw_011223.gen/sources_1/bd/broncho_video/ip/broncho_video_v_proc_ss_0_1/bd_0/ip/ip_1/src/v_vscaler_config.h 
INFO: [HLS 200-1510] Running: add_files -cflags  -I /home/alen/repo/zynq-7020-video-pipe-3/hw/video-pipe-hw-v5/hw_011223.gen/sources_1/bd/broncho_video/ip/broncho_video_v_proc_ss_0_1/bd_0/ip/ip_1/src/hls -I /home/alen/repo/zynq-7020-video-pipe-3/hw/video-pipe-hw-v5/hw_011223.gen/sources_1/bd/broncho_video/ip/broncho_video_v_proc_ss_0_1/bd_0/ip/ip_1/src  /home/alen/repo/zynq-7020-video-pipe-3/hw/video-pipe-hw-v5/hw_011223.gen/sources_1/bd/broncho_video/ip/broncho_video_v_proc_ss_0_1/bd_0/ip/ip_1/src/v_vscaler_config.h 
INFO: [HLS 200-10] Adding design file '/home/alen/repo/zynq-7020-video-pipe-3/hw/video-pipe-hw-v5/hw_011223.gen/sources_1/bd/broncho_video/ip/broncho_video_v_proc_ss_0_1/bd_0/ip/ip_1/src/v_vscaler_config.h' to the project
Execute     add_files -cflags  -I /home/alen/repo/zynq-7020-video-pipe-3/hw/video-pipe-hw-v5/hw_011223.gen/sources_1/bd/broncho_video/ip/broncho_video_v_proc_ss_0_1/bd_0/ip/ip_1/src/hls -I /home/alen/repo/zynq-7020-video-pipe-3/hw/video-pipe-hw-v5/hw_011223.gen/sources_1/bd/broncho_video/ip/broncho_video_v_proc_ss_0_1/bd_0/ip/ip_1/src  /home/alen/repo/zynq-7020-video-pipe-3/hw/video-pipe-hw-v5/hw_011223.gen/sources_1/bd/broncho_video/ip/broncho_video_v_proc_ss_0_1/bd_0/ip/ip_1/src/v_vscaler.cpp 
INFO: [HLS 200-1510] Running: add_files -cflags  -I /home/alen/repo/zynq-7020-video-pipe-3/hw/video-pipe-hw-v5/hw_011223.gen/sources_1/bd/broncho_video/ip/broncho_video_v_proc_ss_0_1/bd_0/ip/ip_1/src/hls -I /home/alen/repo/zynq-7020-video-pipe-3/hw/video-pipe-hw-v5/hw_011223.gen/sources_1/bd/broncho_video/ip/broncho_video_v_proc_ss_0_1/bd_0/ip/ip_1/src  /home/alen/repo/zynq-7020-video-pipe-3/hw/video-pipe-hw-v5/hw_011223.gen/sources_1/bd/broncho_video/ip/broncho_video_v_proc_ss_0_1/bd_0/ip/ip_1/src/v_vscaler.cpp 
INFO: [HLS 200-10] Adding design file '/home/alen/repo/zynq-7020-video-pipe-3/hw/video-pipe-hw-v5/hw_011223.gen/sources_1/bd/broncho_video/ip/broncho_video_v_proc_ss_0_1/bd_0/ip/ip_1/src/v_vscaler.cpp' to the project
Execute     add_files -cflags  -I /home/alen/repo/zynq-7020-video-pipe-3/hw/video-pipe-hw-v5/hw_011223.gen/sources_1/bd/broncho_video/ip/broncho_video_v_proc_ss_0_1/bd_0/ip/ip_1/src/hls -I /home/alen/repo/zynq-7020-video-pipe-3/hw/video-pipe-hw-v5/hw_011223.gen/sources_1/bd/broncho_video/ip/broncho_video_v_proc_ss_0_1/bd_0/ip/ip_1/src  /home/alen/repo/zynq-7020-video-pipe-3/hw/video-pipe-hw-v5/hw_011223.gen/sources_1/bd/broncho_video/ip/broncho_video_v_proc_ss_0_1/bd_0/ip/ip_1/src/v_vscaler.h 
INFO: [HLS 200-1510] Running: add_files -cflags  -I /home/alen/repo/zynq-7020-video-pipe-3/hw/video-pipe-hw-v5/hw_011223.gen/sources_1/bd/broncho_video/ip/broncho_video_v_proc_ss_0_1/bd_0/ip/ip_1/src/hls -I /home/alen/repo/zynq-7020-video-pipe-3/hw/video-pipe-hw-v5/hw_011223.gen/sources_1/bd/broncho_video/ip/broncho_video_v_proc_ss_0_1/bd_0/ip/ip_1/src  /home/alen/repo/zynq-7020-video-pipe-3/hw/video-pipe-hw-v5/hw_011223.gen/sources_1/bd/broncho_video/ip/broncho_video_v_proc_ss_0_1/bd_0/ip/ip_1/src/v_vscaler.h 
INFO: [HLS 200-10] Adding design file '/home/alen/repo/zynq-7020-video-pipe-3/hw/video-pipe-hw-v5/hw_011223.gen/sources_1/bd/broncho_video/ip/broncho_video_v_proc_ss_0_1/bd_0/ip/ip_1/src/v_vscaler.h' to the project
Execute     add_files -cflags  -I /home/alen/repo/zynq-7020-video-pipe-3/hw/video-pipe-hw-v5/hw_011223.gen/sources_1/bd/broncho_video/ip/broncho_video_v_proc_ss_0_1/bd_0/ip/ip_1/src/hls -I /home/alen/repo/zynq-7020-video-pipe-3/hw/video-pipe-hw-v5/hw_011223.gen/sources_1/bd/broncho_video/ip/broncho_video_v_proc_ss_0_1/bd_0/ip/ip_1/src  /home/alen/repo/zynq-7020-video-pipe-3/hw/video-pipe-hw-v5/hw_011223.gen/sources_1/bd/broncho_video/ip/broncho_video_v_proc_ss_0_1/bd_0/ip/ip_1/src/hls_video.h 
INFO: [HLS 200-1510] Running: add_files -cflags  -I /home/alen/repo/zynq-7020-video-pipe-3/hw/video-pipe-hw-v5/hw_011223.gen/sources_1/bd/broncho_video/ip/broncho_video_v_proc_ss_0_1/bd_0/ip/ip_1/src/hls -I /home/alen/repo/zynq-7020-video-pipe-3/hw/video-pipe-hw-v5/hw_011223.gen/sources_1/bd/broncho_video/ip/broncho_video_v_proc_ss_0_1/bd_0/ip/ip_1/src  /home/alen/repo/zynq-7020-video-pipe-3/hw/video-pipe-hw-v5/hw_011223.gen/sources_1/bd/broncho_video/ip/broncho_video_v_proc_ss_0_1/bd_0/ip/ip_1/src/hls_video.h 
INFO: [HLS 200-10] Adding design file '/home/alen/repo/zynq-7020-video-pipe-3/hw/video-pipe-hw-v5/hw_011223.gen/sources_1/bd/broncho_video/ip/broncho_video_v_proc_ss_0_1/bd_0/ip/ip_1/src/hls_video.h' to the project
Execute     add_files -cflags  -I /home/alen/repo/zynq-7020-video-pipe-3/hw/video-pipe-hw-v5/hw_011223.gen/sources_1/bd/broncho_video/ip/broncho_video_v_proc_ss_0_1/bd_0/ip/ip_1/src/hls -I /home/alen/repo/zynq-7020-video-pipe-3/hw/video-pipe-hw-v5/hw_011223.gen/sources_1/bd/broncho_video/ip/broncho_video_v_proc_ss_0_1/bd_0/ip/ip_1/src  /home/alen/repo/zynq-7020-video-pipe-3/hw/video-pipe-hw-v5/hw_011223.gen/sources_1/bd/broncho_video/ip/broncho_video_v_proc_ss_0_1/bd_0/ip/ip_1/src/hls_opencv.h 
INFO: [HLS 200-1510] Running: add_files -cflags  -I /home/alen/repo/zynq-7020-video-pipe-3/hw/video-pipe-hw-v5/hw_011223.gen/sources_1/bd/broncho_video/ip/broncho_video_v_proc_ss_0_1/bd_0/ip/ip_1/src/hls -I /home/alen/repo/zynq-7020-video-pipe-3/hw/video-pipe-hw-v5/hw_011223.gen/sources_1/bd/broncho_video/ip/broncho_video_v_proc_ss_0_1/bd_0/ip/ip_1/src  /home/alen/repo/zynq-7020-video-pipe-3/hw/video-pipe-hw-v5/hw_011223.gen/sources_1/bd/broncho_video/ip/broncho_video_v_proc_ss_0_1/bd_0/ip/ip_1/src/hls_opencv.h 
INFO: [HLS 200-10] Adding design file '/home/alen/repo/zynq-7020-video-pipe-3/hw/video-pipe-hw-v5/hw_011223.gen/sources_1/bd/broncho_video/ip/broncho_video_v_proc_ss_0_1/bd_0/ip/ip_1/src/hls_opencv.h' to the project
Execute     add_files -cflags  -I /home/alen/repo/zynq-7020-video-pipe-3/hw/video-pipe-hw-v5/hw_011223.gen/sources_1/bd/broncho_video/ip/broncho_video_v_proc_ss_0_1/bd_0/ip/ip_1/src/hls -I /home/alen/repo/zynq-7020-video-pipe-3/hw/video-pipe-hw-v5/hw_011223.gen/sources_1/bd/broncho_video/ip/broncho_video_v_proc_ss_0_1/bd_0/ip/ip_1/src  /home/alen/repo/zynq-7020-video-pipe-3/hw/video-pipe-hw-v5/hw_011223.gen/sources_1/bd/broncho_video/ip/broncho_video_v_proc_ss_0_1/bd_0/ip/ip_1/src/hls/hls_axi_io.h 
INFO: [HLS 200-1510] Running: add_files -cflags  -I /home/alen/repo/zynq-7020-video-pipe-3/hw/video-pipe-hw-v5/hw_011223.gen/sources_1/bd/broncho_video/ip/broncho_video_v_proc_ss_0_1/bd_0/ip/ip_1/src/hls -I /home/alen/repo/zynq-7020-video-pipe-3/hw/video-pipe-hw-v5/hw_011223.gen/sources_1/bd/broncho_video/ip/broncho_video_v_proc_ss_0_1/bd_0/ip/ip_1/src  /home/alen/repo/zynq-7020-video-pipe-3/hw/video-pipe-hw-v5/hw_011223.gen/sources_1/bd/broncho_video/ip/broncho_video_v_proc_ss_0_1/bd_0/ip/ip_1/src/hls/hls_axi_io.h 
INFO: [HLS 200-10] Adding design file '/home/alen/repo/zynq-7020-video-pipe-3/hw/video-pipe-hw-v5/hw_011223.gen/sources_1/bd/broncho_video/ip/broncho_video_v_proc_ss_0_1/bd_0/ip/ip_1/src/hls/hls_axi_io.h' to the project
Execute     add_files -cflags  -I /home/alen/repo/zynq-7020-video-pipe-3/hw/video-pipe-hw-v5/hw_011223.gen/sources_1/bd/broncho_video/ip/broncho_video_v_proc_ss_0_1/bd_0/ip/ip_1/src/hls -I /home/alen/repo/zynq-7020-video-pipe-3/hw/video-pipe-hw-v5/hw_011223.gen/sources_1/bd/broncho_video/ip/broncho_video_v_proc_ss_0_1/bd_0/ip/ip_1/src  /home/alen/repo/zynq-7020-video-pipe-3/hw/video-pipe-hw-v5/hw_011223.gen/sources_1/bd/broncho_video/ip/broncho_video_v_proc_ss_0_1/bd_0/ip/ip_1/src/hls/hls_video_arithm.h 
INFO: [HLS 200-1510] Running: add_files -cflags  -I /home/alen/repo/zynq-7020-video-pipe-3/hw/video-pipe-hw-v5/hw_011223.gen/sources_1/bd/broncho_video/ip/broncho_video_v_proc_ss_0_1/bd_0/ip/ip_1/src/hls -I /home/alen/repo/zynq-7020-video-pipe-3/hw/video-pipe-hw-v5/hw_011223.gen/sources_1/bd/broncho_video/ip/broncho_video_v_proc_ss_0_1/bd_0/ip/ip_1/src  /home/alen/repo/zynq-7020-video-pipe-3/hw/video-pipe-hw-v5/hw_011223.gen/sources_1/bd/broncho_video/ip/broncho_video_v_proc_ss_0_1/bd_0/ip/ip_1/src/hls/hls_video_arithm.h 
INFO: [HLS 200-10] Adding design file '/home/alen/repo/zynq-7020-video-pipe-3/hw/video-pipe-hw-v5/hw_011223.gen/sources_1/bd/broncho_video/ip/broncho_video_v_proc_ss_0_1/bd_0/ip/ip_1/src/hls/hls_video_arithm.h' to the project
Execute     add_files -cflags  -I /home/alen/repo/zynq-7020-video-pipe-3/hw/video-pipe-hw-v5/hw_011223.gen/sources_1/bd/broncho_video/ip/broncho_video_v_proc_ss_0_1/bd_0/ip/ip_1/src/hls -I /home/alen/repo/zynq-7020-video-pipe-3/hw/video-pipe-hw-v5/hw_011223.gen/sources_1/bd/broncho_video/ip/broncho_video_v_proc_ss_0_1/bd_0/ip/ip_1/src  /home/alen/repo/zynq-7020-video-pipe-3/hw/video-pipe-hw-v5/hw_011223.gen/sources_1/bd/broncho_video/ip/broncho_video_v_proc_ss_0_1/bd_0/ip/ip_1/src/hls/hls_video_core.h 
INFO: [HLS 200-1510] Running: add_files -cflags  -I /home/alen/repo/zynq-7020-video-pipe-3/hw/video-pipe-hw-v5/hw_011223.gen/sources_1/bd/broncho_video/ip/broncho_video_v_proc_ss_0_1/bd_0/ip/ip_1/src/hls -I /home/alen/repo/zynq-7020-video-pipe-3/hw/video-pipe-hw-v5/hw_011223.gen/sources_1/bd/broncho_video/ip/broncho_video_v_proc_ss_0_1/bd_0/ip/ip_1/src  /home/alen/repo/zynq-7020-video-pipe-3/hw/video-pipe-hw-v5/hw_011223.gen/sources_1/bd/broncho_video/ip/broncho_video_v_proc_ss_0_1/bd_0/ip/ip_1/src/hls/hls_video_core.h 
INFO: [HLS 200-10] Adding design file '/home/alen/repo/zynq-7020-video-pipe-3/hw/video-pipe-hw-v5/hw_011223.gen/sources_1/bd/broncho_video/ip/broncho_video_v_proc_ss_0_1/bd_0/ip/ip_1/src/hls/hls_video_core.h' to the project
Execute     add_files -cflags  -I /home/alen/repo/zynq-7020-video-pipe-3/hw/video-pipe-hw-v5/hw_011223.gen/sources_1/bd/broncho_video/ip/broncho_video_v_proc_ss_0_1/bd_0/ip/ip_1/src/hls -I /home/alen/repo/zynq-7020-video-pipe-3/hw/video-pipe-hw-v5/hw_011223.gen/sources_1/bd/broncho_video/ip/broncho_video_v_proc_ss_0_1/bd_0/ip/ip_1/src  /home/alen/repo/zynq-7020-video-pipe-3/hw/video-pipe-hw-v5/hw_011223.gen/sources_1/bd/broncho_video/ip/broncho_video_v_proc_ss_0_1/bd_0/ip/ip_1/src/hls/hls_video_fast.h 
INFO: [HLS 200-1510] Running: add_files -cflags  -I /home/alen/repo/zynq-7020-video-pipe-3/hw/video-pipe-hw-v5/hw_011223.gen/sources_1/bd/broncho_video/ip/broncho_video_v_proc_ss_0_1/bd_0/ip/ip_1/src/hls -I /home/alen/repo/zynq-7020-video-pipe-3/hw/video-pipe-hw-v5/hw_011223.gen/sources_1/bd/broncho_video/ip/broncho_video_v_proc_ss_0_1/bd_0/ip/ip_1/src  /home/alen/repo/zynq-7020-video-pipe-3/hw/video-pipe-hw-v5/hw_011223.gen/sources_1/bd/broncho_video/ip/broncho_video_v_proc_ss_0_1/bd_0/ip/ip_1/src/hls/hls_video_fast.h 
INFO: [HLS 200-10] Adding design file '/home/alen/repo/zynq-7020-video-pipe-3/hw/video-pipe-hw-v5/hw_011223.gen/sources_1/bd/broncho_video/ip/broncho_video_v_proc_ss_0_1/bd_0/ip/ip_1/src/hls/hls_video_fast.h' to the project
Execute     add_files -cflags  -I /home/alen/repo/zynq-7020-video-pipe-3/hw/video-pipe-hw-v5/hw_011223.gen/sources_1/bd/broncho_video/ip/broncho_video_v_proc_ss_0_1/bd_0/ip/ip_1/src/hls -I /home/alen/repo/zynq-7020-video-pipe-3/hw/video-pipe-hw-v5/hw_011223.gen/sources_1/bd/broncho_video/ip/broncho_video_v_proc_ss_0_1/bd_0/ip/ip_1/src  /home/alen/repo/zynq-7020-video-pipe-3/hw/video-pipe-hw-v5/hw_011223.gen/sources_1/bd/broncho_video/ip/broncho_video_v_proc_ss_0_1/bd_0/ip/ip_1/src/hls/hls_video_haar.h 
INFO: [HLS 200-1510] Running: add_files -cflags  -I /home/alen/repo/zynq-7020-video-pipe-3/hw/video-pipe-hw-v5/hw_011223.gen/sources_1/bd/broncho_video/ip/broncho_video_v_proc_ss_0_1/bd_0/ip/ip_1/src/hls -I /home/alen/repo/zynq-7020-video-pipe-3/hw/video-pipe-hw-v5/hw_011223.gen/sources_1/bd/broncho_video/ip/broncho_video_v_proc_ss_0_1/bd_0/ip/ip_1/src  /home/alen/repo/zynq-7020-video-pipe-3/hw/video-pipe-hw-v5/hw_011223.gen/sources_1/bd/broncho_video/ip/broncho_video_v_proc_ss_0_1/bd_0/ip/ip_1/src/hls/hls_video_haar.h 
INFO: [HLS 200-10] Adding design file '/home/alen/repo/zynq-7020-video-pipe-3/hw/video-pipe-hw-v5/hw_011223.gen/sources_1/bd/broncho_video/ip/broncho_video_v_proc_ss_0_1/bd_0/ip/ip_1/src/hls/hls_video_haar.h' to the project
Execute     add_files -cflags  -I /home/alen/repo/zynq-7020-video-pipe-3/hw/video-pipe-hw-v5/hw_011223.gen/sources_1/bd/broncho_video/ip/broncho_video_v_proc_ss_0_1/bd_0/ip/ip_1/src/hls -I /home/alen/repo/zynq-7020-video-pipe-3/hw/video-pipe-hw-v5/hw_011223.gen/sources_1/bd/broncho_video/ip/broncho_video_v_proc_ss_0_1/bd_0/ip/ip_1/src  /home/alen/repo/zynq-7020-video-pipe-3/hw/video-pipe-hw-v5/hw_011223.gen/sources_1/bd/broncho_video/ip/broncho_video_v_proc_ss_0_1/bd_0/ip/ip_1/src/hls/hls_video_harris.h 
INFO: [HLS 200-1510] Running: add_files -cflags  -I /home/alen/repo/zynq-7020-video-pipe-3/hw/video-pipe-hw-v5/hw_011223.gen/sources_1/bd/broncho_video/ip/broncho_video_v_proc_ss_0_1/bd_0/ip/ip_1/src/hls -I /home/alen/repo/zynq-7020-video-pipe-3/hw/video-pipe-hw-v5/hw_011223.gen/sources_1/bd/broncho_video/ip/broncho_video_v_proc_ss_0_1/bd_0/ip/ip_1/src  /home/alen/repo/zynq-7020-video-pipe-3/hw/video-pipe-hw-v5/hw_011223.gen/sources_1/bd/broncho_video/ip/broncho_video_v_proc_ss_0_1/bd_0/ip/ip_1/src/hls/hls_video_harris.h 
INFO: [HLS 200-10] Adding design file '/home/alen/repo/zynq-7020-video-pipe-3/hw/video-pipe-hw-v5/hw_011223.gen/sources_1/bd/broncho_video/ip/broncho_video_v_proc_ss_0_1/bd_0/ip/ip_1/src/hls/hls_video_harris.h' to the project
Execute     add_files -cflags  -I /home/alen/repo/zynq-7020-video-pipe-3/hw/video-pipe-hw-v5/hw_011223.gen/sources_1/bd/broncho_video/ip/broncho_video_v_proc_ss_0_1/bd_0/ip/ip_1/src/hls -I /home/alen/repo/zynq-7020-video-pipe-3/hw/video-pipe-hw-v5/hw_011223.gen/sources_1/bd/broncho_video/ip/broncho_video_v_proc_ss_0_1/bd_0/ip/ip_1/src  /home/alen/repo/zynq-7020-video-pipe-3/hw/video-pipe-hw-v5/hw_011223.gen/sources_1/bd/broncho_video/ip/broncho_video_v_proc_ss_0_1/bd_0/ip/ip_1/src/hls/hls_video_histogram.h 
INFO: [HLS 200-1510] Running: add_files -cflags  -I /home/alen/repo/zynq-7020-video-pipe-3/hw/video-pipe-hw-v5/hw_011223.gen/sources_1/bd/broncho_video/ip/broncho_video_v_proc_ss_0_1/bd_0/ip/ip_1/src/hls -I /home/alen/repo/zynq-7020-video-pipe-3/hw/video-pipe-hw-v5/hw_011223.gen/sources_1/bd/broncho_video/ip/broncho_video_v_proc_ss_0_1/bd_0/ip/ip_1/src  /home/alen/repo/zynq-7020-video-pipe-3/hw/video-pipe-hw-v5/hw_011223.gen/sources_1/bd/broncho_video/ip/broncho_video_v_proc_ss_0_1/bd_0/ip/ip_1/src/hls/hls_video_histogram.h 
INFO: [HLS 200-10] Adding design file '/home/alen/repo/zynq-7020-video-pipe-3/hw/video-pipe-hw-v5/hw_011223.gen/sources_1/bd/broncho_video/ip/broncho_video_v_proc_ss_0_1/bd_0/ip/ip_1/src/hls/hls_video_histogram.h' to the project
Execute     add_files -cflags  -I /home/alen/repo/zynq-7020-video-pipe-3/hw/video-pipe-hw-v5/hw_011223.gen/sources_1/bd/broncho_video/ip/broncho_video_v_proc_ss_0_1/bd_0/ip/ip_1/src/hls -I /home/alen/repo/zynq-7020-video-pipe-3/hw/video-pipe-hw-v5/hw_011223.gen/sources_1/bd/broncho_video/ip/broncho_video_v_proc_ss_0_1/bd_0/ip/ip_1/src  /home/alen/repo/zynq-7020-video-pipe-3/hw/video-pipe-hw-v5/hw_011223.gen/sources_1/bd/broncho_video/ip/broncho_video_v_proc_ss_0_1/bd_0/ip/ip_1/src/hls/hls_video_hough.h 
INFO: [HLS 200-1510] Running: add_files -cflags  -I /home/alen/repo/zynq-7020-video-pipe-3/hw/video-pipe-hw-v5/hw_011223.gen/sources_1/bd/broncho_video/ip/broncho_video_v_proc_ss_0_1/bd_0/ip/ip_1/src/hls -I /home/alen/repo/zynq-7020-video-pipe-3/hw/video-pipe-hw-v5/hw_011223.gen/sources_1/bd/broncho_video/ip/broncho_video_v_proc_ss_0_1/bd_0/ip/ip_1/src  /home/alen/repo/zynq-7020-video-pipe-3/hw/video-pipe-hw-v5/hw_011223.gen/sources_1/bd/broncho_video/ip/broncho_video_v_proc_ss_0_1/bd_0/ip/ip_1/src/hls/hls_video_hough.h 
INFO: [HLS 200-10] Adding design file '/home/alen/repo/zynq-7020-video-pipe-3/hw/video-pipe-hw-v5/hw_011223.gen/sources_1/bd/broncho_video/ip/broncho_video_v_proc_ss_0_1/bd_0/ip/ip_1/src/hls/hls_video_hough.h' to the project
Execute     add_files -cflags  -I /home/alen/repo/zynq-7020-video-pipe-3/hw/video-pipe-hw-v5/hw_011223.gen/sources_1/bd/broncho_video/ip/broncho_video_v_proc_ss_0_1/bd_0/ip/ip_1/src/hls -I /home/alen/repo/zynq-7020-video-pipe-3/hw/video-pipe-hw-v5/hw_011223.gen/sources_1/bd/broncho_video/ip/broncho_video_v_proc_ss_0_1/bd_0/ip/ip_1/src  /home/alen/repo/zynq-7020-video-pipe-3/hw/video-pipe-hw-v5/hw_011223.gen/sources_1/bd/broncho_video/ip/broncho_video_v_proc_ss_0_1/bd_0/ip/ip_1/src/hls/hls_video_imgbase.h 
INFO: [HLS 200-1510] Running: add_files -cflags  -I /home/alen/repo/zynq-7020-video-pipe-3/hw/video-pipe-hw-v5/hw_011223.gen/sources_1/bd/broncho_video/ip/broncho_video_v_proc_ss_0_1/bd_0/ip/ip_1/src/hls -I /home/alen/repo/zynq-7020-video-pipe-3/hw/video-pipe-hw-v5/hw_011223.gen/sources_1/bd/broncho_video/ip/broncho_video_v_proc_ss_0_1/bd_0/ip/ip_1/src  /home/alen/repo/zynq-7020-video-pipe-3/hw/video-pipe-hw-v5/hw_011223.gen/sources_1/bd/broncho_video/ip/broncho_video_v_proc_ss_0_1/bd_0/ip/ip_1/src/hls/hls_video_imgbase.h 
INFO: [HLS 200-10] Adding design file '/home/alen/repo/zynq-7020-video-pipe-3/hw/video-pipe-hw-v5/hw_011223.gen/sources_1/bd/broncho_video/ip/broncho_video_v_proc_ss_0_1/bd_0/ip/ip_1/src/hls/hls_video_imgbase.h' to the project
Execute     add_files -cflags  -I /home/alen/repo/zynq-7020-video-pipe-3/hw/video-pipe-hw-v5/hw_011223.gen/sources_1/bd/broncho_video/ip/broncho_video_v_proc_ss_0_1/bd_0/ip/ip_1/src/hls -I /home/alen/repo/zynq-7020-video-pipe-3/hw/video-pipe-hw-v5/hw_011223.gen/sources_1/bd/broncho_video/ip/broncho_video_v_proc_ss_0_1/bd_0/ip/ip_1/src  /home/alen/repo/zynq-7020-video-pipe-3/hw/video-pipe-hw-v5/hw_011223.gen/sources_1/bd/broncho_video/ip/broncho_video_v_proc_ss_0_1/bd_0/ip/ip_1/src/hls/hls_video_imgproc.h 
INFO: [HLS 200-1510] Running: add_files -cflags  -I /home/alen/repo/zynq-7020-video-pipe-3/hw/video-pipe-hw-v5/hw_011223.gen/sources_1/bd/broncho_video/ip/broncho_video_v_proc_ss_0_1/bd_0/ip/ip_1/src/hls -I /home/alen/repo/zynq-7020-video-pipe-3/hw/video-pipe-hw-v5/hw_011223.gen/sources_1/bd/broncho_video/ip/broncho_video_v_proc_ss_0_1/bd_0/ip/ip_1/src  /home/alen/repo/zynq-7020-video-pipe-3/hw/video-pipe-hw-v5/hw_011223.gen/sources_1/bd/broncho_video/ip/broncho_video_v_proc_ss_0_1/bd_0/ip/ip_1/src/hls/hls_video_imgproc.h 
INFO: [HLS 200-10] Adding design file '/home/alen/repo/zynq-7020-video-pipe-3/hw/video-pipe-hw-v5/hw_011223.gen/sources_1/bd/broncho_video/ip/broncho_video_v_proc_ss_0_1/bd_0/ip/ip_1/src/hls/hls_video_imgproc.h' to the project
Execute     add_files -cflags  -I /home/alen/repo/zynq-7020-video-pipe-3/hw/video-pipe-hw-v5/hw_011223.gen/sources_1/bd/broncho_video/ip/broncho_video_v_proc_ss_0_1/bd_0/ip/ip_1/src/hls -I /home/alen/repo/zynq-7020-video-pipe-3/hw/video-pipe-hw-v5/hw_011223.gen/sources_1/bd/broncho_video/ip/broncho_video_v_proc_ss_0_1/bd_0/ip/ip_1/src  /home/alen/repo/zynq-7020-video-pipe-3/hw/video-pipe-hw-v5/hw_011223.gen/sources_1/bd/broncho_video/ip/broncho_video_v_proc_ss_0_1/bd_0/ip/ip_1/src/hls/hls_video_io.h 
INFO: [HLS 200-1510] Running: add_files -cflags  -I /home/alen/repo/zynq-7020-video-pipe-3/hw/video-pipe-hw-v5/hw_011223.gen/sources_1/bd/broncho_video/ip/broncho_video_v_proc_ss_0_1/bd_0/ip/ip_1/src/hls -I /home/alen/repo/zynq-7020-video-pipe-3/hw/video-pipe-hw-v5/hw_011223.gen/sources_1/bd/broncho_video/ip/broncho_video_v_proc_ss_0_1/bd_0/ip/ip_1/src  /home/alen/repo/zynq-7020-video-pipe-3/hw/video-pipe-hw-v5/hw_011223.gen/sources_1/bd/broncho_video/ip/broncho_video_v_proc_ss_0_1/bd_0/ip/ip_1/src/hls/hls_video_io.h 
INFO: [HLS 200-10] Adding design file '/home/alen/repo/zynq-7020-video-pipe-3/hw/video-pipe-hw-v5/hw_011223.gen/sources_1/bd/broncho_video/ip/broncho_video_v_proc_ss_0_1/bd_0/ip/ip_1/src/hls/hls_video_io.h' to the project
Execute     add_files -cflags  -I /home/alen/repo/zynq-7020-video-pipe-3/hw/video-pipe-hw-v5/hw_011223.gen/sources_1/bd/broncho_video/ip/broncho_video_v_proc_ss_0_1/bd_0/ip/ip_1/src/hls -I /home/alen/repo/zynq-7020-video-pipe-3/hw/video-pipe-hw-v5/hw_011223.gen/sources_1/bd/broncho_video/ip/broncho_video_v_proc_ss_0_1/bd_0/ip/ip_1/src  /home/alen/repo/zynq-7020-video-pipe-3/hw/video-pipe-hw-v5/hw_011223.gen/sources_1/bd/broncho_video/ip/broncho_video_v_proc_ss_0_1/bd_0/ip/ip_1/src/hls/hls_video_mem.h 
INFO: [HLS 200-1510] Running: add_files -cflags  -I /home/alen/repo/zynq-7020-video-pipe-3/hw/video-pipe-hw-v5/hw_011223.gen/sources_1/bd/broncho_video/ip/broncho_video_v_proc_ss_0_1/bd_0/ip/ip_1/src/hls -I /home/alen/repo/zynq-7020-video-pipe-3/hw/video-pipe-hw-v5/hw_011223.gen/sources_1/bd/broncho_video/ip/broncho_video_v_proc_ss_0_1/bd_0/ip/ip_1/src  /home/alen/repo/zynq-7020-video-pipe-3/hw/video-pipe-hw-v5/hw_011223.gen/sources_1/bd/broncho_video/ip/broncho_video_v_proc_ss_0_1/bd_0/ip/ip_1/src/hls/hls_video_mem.h 
INFO: [HLS 200-10] Adding design file '/home/alen/repo/zynq-7020-video-pipe-3/hw/video-pipe-hw-v5/hw_011223.gen/sources_1/bd/broncho_video/ip/broncho_video_v_proc_ss_0_1/bd_0/ip/ip_1/src/hls/hls_video_mem.h' to the project
Execute     add_files -cflags  -I /home/alen/repo/zynq-7020-video-pipe-3/hw/video-pipe-hw-v5/hw_011223.gen/sources_1/bd/broncho_video/ip/broncho_video_v_proc_ss_0_1/bd_0/ip/ip_1/src/hls -I /home/alen/repo/zynq-7020-video-pipe-3/hw/video-pipe-hw-v5/hw_011223.gen/sources_1/bd/broncho_video/ip/broncho_video_v_proc_ss_0_1/bd_0/ip/ip_1/src  /home/alen/repo/zynq-7020-video-pipe-3/hw/video-pipe-hw-v5/hw_011223.gen/sources_1/bd/broncho_video/ip/broncho_video_v_proc_ss_0_1/bd_0/ip/ip_1/src/hls/hls_video_stereobm.h 
INFO: [HLS 200-1510] Running: add_files -cflags  -I /home/alen/repo/zynq-7020-video-pipe-3/hw/video-pipe-hw-v5/hw_011223.gen/sources_1/bd/broncho_video/ip/broncho_video_v_proc_ss_0_1/bd_0/ip/ip_1/src/hls -I /home/alen/repo/zynq-7020-video-pipe-3/hw/video-pipe-hw-v5/hw_011223.gen/sources_1/bd/broncho_video/ip/broncho_video_v_proc_ss_0_1/bd_0/ip/ip_1/src  /home/alen/repo/zynq-7020-video-pipe-3/hw/video-pipe-hw-v5/hw_011223.gen/sources_1/bd/broncho_video/ip/broncho_video_v_proc_ss_0_1/bd_0/ip/ip_1/src/hls/hls_video_stereobm.h 
INFO: [HLS 200-10] Adding design file '/home/alen/repo/zynq-7020-video-pipe-3/hw/video-pipe-hw-v5/hw_011223.gen/sources_1/bd/broncho_video/ip/broncho_video_v_proc_ss_0_1/bd_0/ip/ip_1/src/hls/hls_video_stereobm.h' to the project
Execute     add_files -cflags  -I /home/alen/repo/zynq-7020-video-pipe-3/hw/video-pipe-hw-v5/hw_011223.gen/sources_1/bd/broncho_video/ip/broncho_video_v_proc_ss_0_1/bd_0/ip/ip_1/src/hls -I /home/alen/repo/zynq-7020-video-pipe-3/hw/video-pipe-hw-v5/hw_011223.gen/sources_1/bd/broncho_video/ip/broncho_video_v_proc_ss_0_1/bd_0/ip/ip_1/src  /home/alen/repo/zynq-7020-video-pipe-3/hw/video-pipe-hw-v5/hw_011223.gen/sources_1/bd/broncho_video/ip/broncho_video_v_proc_ss_0_1/bd_0/ip/ip_1/src/hls/hls_video_types.h 
INFO: [HLS 200-1510] Running: add_files -cflags  -I /home/alen/repo/zynq-7020-video-pipe-3/hw/video-pipe-hw-v5/hw_011223.gen/sources_1/bd/broncho_video/ip/broncho_video_v_proc_ss_0_1/bd_0/ip/ip_1/src/hls -I /home/alen/repo/zynq-7020-video-pipe-3/hw/video-pipe-hw-v5/hw_011223.gen/sources_1/bd/broncho_video/ip/broncho_video_v_proc_ss_0_1/bd_0/ip/ip_1/src  /home/alen/repo/zynq-7020-video-pipe-3/hw/video-pipe-hw-v5/hw_011223.gen/sources_1/bd/broncho_video/ip/broncho_video_v_proc_ss_0_1/bd_0/ip/ip_1/src/hls/hls_video_types.h 
INFO: [HLS 200-10] Adding design file '/home/alen/repo/zynq-7020-video-pipe-3/hw/video-pipe-hw-v5/hw_011223.gen/sources_1/bd/broncho_video/ip/broncho_video_v_proc_ss_0_1/bd_0/ip/ip_1/src/hls/hls_video_types.h' to the project
Execute     add_files -cflags  -I /home/alen/repo/zynq-7020-video-pipe-3/hw/video-pipe-hw-v5/hw_011223.gen/sources_1/bd/broncho_video/ip/broncho_video_v_proc_ss_0_1/bd_0/ip/ip_1/src/hls -I /home/alen/repo/zynq-7020-video-pipe-3/hw/video-pipe-hw-v5/hw_011223.gen/sources_1/bd/broncho_video/ip/broncho_video_v_proc_ss_0_1/bd_0/ip/ip_1/src  /home/alen/repo/zynq-7020-video-pipe-3/hw/video-pipe-hw-v5/hw_011223.gen/sources_1/bd/broncho_video/ip/broncho_video_v_proc_ss_0_1/bd_0/ip/ip_1/src/hls/hls_video_undistort.h 
INFO: [HLS 200-1510] Running: add_files -cflags  -I /home/alen/repo/zynq-7020-video-pipe-3/hw/video-pipe-hw-v5/hw_011223.gen/sources_1/bd/broncho_video/ip/broncho_video_v_proc_ss_0_1/bd_0/ip/ip_1/src/hls -I /home/alen/repo/zynq-7020-video-pipe-3/hw/video-pipe-hw-v5/hw_011223.gen/sources_1/bd/broncho_video/ip/broncho_video_v_proc_ss_0_1/bd_0/ip/ip_1/src  /home/alen/repo/zynq-7020-video-pipe-3/hw/video-pipe-hw-v5/hw_011223.gen/sources_1/bd/broncho_video/ip/broncho_video_v_proc_ss_0_1/bd_0/ip/ip_1/src/hls/hls_video_undistort.h 
INFO: [HLS 200-10] Adding design file '/home/alen/repo/zynq-7020-video-pipe-3/hw/video-pipe-hw-v5/hw_011223.gen/sources_1/bd/broncho_video/ip/broncho_video_v_proc_ss_0_1/bd_0/ip/ip_1/src/hls/hls_video_undistort.h' to the project
Execute     create_clock -period 7 -name ap_clk 
INFO: [HLS 200-1510] Running: create_clock -period 7 -name ap_clk 
Execute       ap_set_clock -name ap_clk -period 7 -default=false 
INFO: [SYN 201-201] Setting up clock 'ap_clk' with a period of 7ns.
Execute     config_schedule -verbose 
INFO: [HLS 200-1510] Running: config_schedule -verbose 
WARNING: [HLS 200-484] The 'config_schedule -verbose' command is deprecated and will be removed in a future release.
Execute     config_dataflow -default_channel fifo 
INFO: [HLS 200-1510] Running: config_dataflow -default_channel fifo 
INFO: [XFORM 203-701] Set the default channel type in dataflow to FIFO.
Execute     config_rtl -module_prefix bd_41e7_vsc_0_ 
INFO: [HLS 200-1510] Running: config_rtl -module_prefix bd_41e7_vsc_0_ 
Execute     config_export -vendor xilinx.com -library ip -version 1.1 
INFO: [HLS 200-1510] Running: config_export -vendor xilinx.com -library ip -version 1.1 
Execute     csynth_design 
INFO: [HLS 200-1510] Running: csynth_design 
INFO-FLOW: Running SLX 'csynth' proc: ::SLX::run_csynth
Execute       elaborate -effort=medium -skip_syncheck=0 -keep_printf=0 -skip_cdt=0 -skip_transform=0 -ng=0 -g=0 -opt_fp=0 -from_csynth_design=1 
INFO: [HLS 200-111] Finished File checks and directory preparation: CPU user time: 0.08 seconds. CPU system time: 0 seconds. Elapsed time: 0.08 seconds; current allocated memory: 190.242 MB.
Execute         set_directive_top v_vscaler -name=v_vscaler 
Execute         source /home/alen/Xilinx/Vitis_HLS/2023.2/tps/tcl/tcllib1.11.1/yaml/huddle.tcl 
Execute         source /home/alen/Xilinx/Vitis_HLS/2023.2/tps/tcl/tcllib1.11.1/yaml/json2huddle.tcl 
Execute           source /home/alen/Xilinx/Vitis_HLS/2023.2/tps/tcl/tcllib1.11.1/try/try.tcl 
INFO: [HLS 200-10] Analyzing design file '/home/alen/repo/zynq-7020-video-pipe-3/hw/video-pipe-hw-v5/hw_011223.gen/sources_1/bd/broncho_video/ip/broncho_video_v_proc_ss_0_1/bd_0/ip/ip_1/src/v_vscaler.cpp' ... 
INFO-FLOW: Compiling one TU...
INFO-FLOW: Handling /home/alen/repo/zynq-7020-video-pipe-3/hw/video-pipe-hw-v5/hw_011223.gen/sources_1/bd/broncho_video/ip/broncho_video_v_proc_ss_0_1/bd_0/ip/ip_1/src/v_vscaler.cpp as C++
Execute         ap_part_info -name xc7z020-clg484-1 -data info 
INFO-FLOW: Running: GCC PP 39
INFO-FLOW: Source preprocessing
INFO-FLOW: run_clang exec: /home/alen/Xilinx/Vitis_HLS/2023.2/lnx64/tools/clang-3.9-csynth/bin/clang /home/alen/repo/zynq-7020-video-pipe-3/hw/video-pipe-hw-v5/hw_011223.runs/bd_41e7_vsc_0_synth_1/prj/sol/.autopilot/db/v_vscaler.cpp -foptimization-record-file=/home/alen/repo/zynq-7020-video-pipe-3/hw/video-pipe-hw-v5/hw_011223.runs/bd_41e7_vsc_0_synth_1/prj/sol/.autopilot/db/v_vscaler.cpp.clang.diag.yml -mllvm -pass-remarks-missed=reflow|pasta|unroll -mllvm -pass-remarks=reflow|pasta|unroll|inline -fno-limit-debug-info -gcc-toolchain /home/alen/Xilinx/Vitis_HLS/2023.2/tps/lnx64/gcc-8.3.0 -fhls -fno-exceptions -insert-hls-directive=/home/alen/repo/zynq-7020-video-pipe-3/hw/video-pipe-hw-v5/hw_011223.runs/bd_41e7_vsc_0_synth_1/prj/sol/.autopilot/db/all.directive.json -E -I/home/alen/repo/zynq-7020-video-pipe-3/hw/video-pipe-hw-v5/hw_011223.gen/sources_1/bd/broncho_video/ip/broncho_video_v_proc_ss_0_1/bd_0/ip/ip_1/src/hls -I/home/alen/repo/zynq-7020-video-pipe-3/hw/video-pipe-hw-v5/hw_011223.gen/sources_1/bd/broncho_video/ip/broncho_video_v_proc_ss_0_1/bd_0/ip/ip_1/src -fno-math-errno -c -emit-llvm -mllvm -disable-llvm-optzns -Werror=implicit-function-declaration -Werror=implicit-hls-streams -Werror=return-type -Wpragmas -Wunused-parameter -Wdump-hls-pragmas -Wno-error=dump-hls-pragmas -hls-clock-period=7 -fno-threadsafe-statics -fno-use-cxa-atexit -std=gnu++14 -target fpga64-xilinx-linux-gnu -fno-threadsafe-statics -fno-use-cxa-atexit -D__VITIS_HLS__ -DAESL_SYN -D__SYNTHESIS__ -D__HLS_SYN__ -I /home/alen/Xilinx/Vitis_HLS/2023.2/common/technology/autopilot -I /home/alen/Xilinx/Vitis_HLS/2023.2/common/technology/autopilot/ap_sysc -include etc/autopilot_ssdm_op.h -D__DSP48E1__ -I /usr/include/x86_64-linux-gnu -o /home/alen/repo/zynq-7020-video-pipe-3/hw/video-pipe-hw-v5/hw_011223.runs/bd_41e7_vsc_0_synth_1/prj/sol/.autopilot/db/v_vscaler.pp.0.cpp -hls-platform-db-name=/home/alen/Xilinx/Vitis_HLS/2023.2/common/technology/xilinx/common/platform.db -hls-platform-name=zynq_slow -device-resource-info=BRAM_280.000000_DSP_220.000000_FF_106400.000000_LUT_53200.000000_SLICE_13300.000000_URAM_0.000000 -device-name-info=xc7z020clg484-1 > /home/alen/repo/zynq-7020-video-pipe-3/hw/video-pipe-hw-v5/hw_011223.runs/bd_41e7_vsc_0_synth_1/prj/sol/.autopilot/db/v_vscaler.cpp.clang.out.log 2> /home/alen/repo/zynq-7020-video-pipe-3/hw/video-pipe-hw-v5/hw_011223.runs/bd_41e7_vsc_0_synth_1/prj/sol/.autopilot/db/v_vscaler.cpp.clang.err.log
INFO-FLOW: Done: GCC PP 39 time: 0.9 seconds per iteration
INFO-FLOW: Source syntax check for synthesis
INFO-FLOW: run_clang exec: /home/alen/Xilinx/Vitis_HLS/2023.2/lnx64/tools/clang-3.9-csynth/bin/clang -foptimization-record-file=/home/alen/repo/zynq-7020-video-pipe-3/hw/video-pipe-hw-v5/hw_011223.runs/bd_41e7_vsc_0_synth_1/prj/sol/.autopilot/db/clang.diag.yml -mllvm -pass-remarks-missed=reflow|pasta|unroll -mllvm -pass-remarks=reflow|pasta|unroll|inline -fsyntax-only -fhls -target fpga64-xilinx-linux-gnu /home/alen/repo/zynq-7020-video-pipe-3/hw/video-pipe-hw-v5/hw_011223.runs/bd_41e7_vsc_0_synth_1/prj/sol/.autopilot/db/v_vscaler.pp.0.cpp -hls-platform-db-name=/home/alen/Xilinx/Vitis_HLS/2023.2/common/technology/xilinx/common/platform.db -hls-platform-name=zynq_slow -device-resource-info=BRAM_280.000000_DSP_220.000000_FF_106400.000000_LUT_53200.000000_SLICE_13300.000000_URAM_0.000000 -device-name-info=xc7z020clg484-1 > /home/alen/repo/zynq-7020-video-pipe-3/hw/video-pipe-hw-v5/hw_011223.runs/bd_41e7_vsc_0_synth_1/prj/sol/.autopilot/db/clang.out.log 2> /home/alen/repo/zynq-7020-video-pipe-3/hw/video-pipe-hw-v5/hw_011223.runs/bd_41e7_vsc_0_synth_1/prj/sol/.autopilot/db/clang.err.log
Execute         clang_tidy xilinx-systemc-detector -desc systemc-detector /home/alen/repo/zynq-7020-video-pipe-3/hw/video-pipe-hw-v5/hw_011223.runs/bd_41e7_vsc_0_synth_1/prj/sol/.autopilot/db/v_vscaler.pp.0.cpp std=gnu++14 -target fpga  -directive=/home/alen/repo/zynq-7020-video-pipe-3/hw/video-pipe-hw-v5/hw_011223.runs/bd_41e7_vsc_0_synth_1/prj/sol/.autopilot/db/.systemc_flag 
INFO-FLOW: exec /home/alen/Xilinx/Vitis_HLS/2023.2/lnx64/tools/clang-3.9-csynth/bin/clang-tidy -header-filter=.* --checks=-*,xilinx-systemc-detector -import-directive=/home/alen/repo/zynq-7020-video-pipe-3/hw/video-pipe-hw-v5/hw_011223.runs/bd_41e7_vsc_0_synth_1/prj/sol/.autopilot/db/.systemc_flag -fix-errors /home/alen/repo/zynq-7020-video-pipe-3/hw/video-pipe-hw-v5/hw_011223.runs/bd_41e7_vsc_0_synth_1/prj/sol/.autopilot/db/v_vscaler.pp.0.cpp -- -std=gnu++14 -target fpga -fhls -ferror-limit=0
Command         clang_tidy done; 3.5 sec.
INFO-FLOW: Running: clang-tidy CDT preprocess 39
Execute         clang_tidy xilinx-directive2pragma -desc directive2pragma /home/alen/repo/zynq-7020-video-pipe-3/hw/video-pipe-hw-v5/hw_011223.runs/bd_41e7_vsc_0_synth_1/prj/sol/.autopilot/db/v_vscaler.pp.0.cpp std=gnu++14 -target fpga  -directive=/home/alen/repo/zynq-7020-video-pipe-3/hw/video-pipe-hw-v5/hw_011223.runs/bd_41e7_vsc_0_synth_1/prj/sol/.autopilot/db/all.directive.json 
INFO-FLOW: exec /home/alen/Xilinx/Vitis_HLS/2023.2/lnx64/tools/clang-3.9-csynth/bin/clang-tidy -header-filter=.* --checks=-*,xilinx-directive2pragma -import-directive=/home/alen/repo/zynq-7020-video-pipe-3/hw/video-pipe-hw-v5/hw_011223.runs/bd_41e7_vsc_0_synth_1/prj/sol/.autopilot/db/all.directive.json -fix-errors /home/alen/repo/zynq-7020-video-pipe-3/hw/video-pipe-hw-v5/hw_011223.runs/bd_41e7_vsc_0_synth_1/prj/sol/.autopilot/db/v_vscaler.pp.0.cpp -- -std=gnu++14 -target fpga -fhls -ferror-limit=0
Command         clang_tidy done; 3.73 sec.
INFO-FLOW: Done: clang-tidy CDT preprocess 39 time: 3.7 seconds per iteration
INFO-FLOW: Calling xilinx-label-all-loops ... 
INFO-FLOW: Calling xilinx-aggregate-on-hls-vector ... 
Execute         clang_tidy -errorcheck -desc loop-label xilinx-label-all-loops,xilinx-aggregate-on-hls-vector,,xilinx-warn-mayneed-no-ctor-attribute /home/alen/repo/zynq-7020-video-pipe-3/hw/video-pipe-hw-v5/hw_011223.runs/bd_41e7_vsc_0_synth_1/prj/sol/.autopilot/db/v_vscaler.pp.0.cpp std=gnu++14 -target fpga  
INFO-FLOW: run_clang exec: /home/alen/Xilinx/Vitis_HLS/2023.2/lnx64/tools/clang-3.9-csynth/bin/clang-tidy -export-fixes=/home/alen/repo/zynq-7020-video-pipe-3/hw/video-pipe-hw-v5/hw_011223.runs/bd_41e7_vsc_0_synth_1/prj/sol/.autopilot/db/v_vscaler.pp.0.cpp.clang-tidy.loop-label.diag.yml -header-filter=.* --checks=-*,xilinx-label-all-loops,xilinx-aggregate-on-hls-vector,,xilinx-warn-mayneed-no-ctor-attribute -fix-errors /home/alen/repo/zynq-7020-video-pipe-3/hw/video-pipe-hw-v5/hw_011223.runs/bd_41e7_vsc_0_synth_1/prj/sol/.autopilot/db/v_vscaler.pp.0.cpp -- -std=gnu++14 -target fpga -fhls -ferror-limit=0 > /home/alen/repo/zynq-7020-video-pipe-3/hw/video-pipe-hw-v5/hw_011223.runs/bd_41e7_vsc_0_synth_1/prj/sol/.autopilot/db/v_vscaler.pp.0.cpp.clang-tidy.loop-label.out.log 2> /home/alen/repo/zynq-7020-video-pipe-3/hw/video-pipe-hw-v5/hw_011223.runs/bd_41e7_vsc_0_synth_1/prj/sol/.autopilot/db/v_vscaler.pp.0.cpp.clang-tidy.loop-label.err.log
Execute           source /home/alen/Xilinx/Vitis_HLS/2023.2/tps/tcl/tcllib1.11.1/yaml/yaml.tcl 
Command         clang_tidy done; 9.17 sec.
INFO-FLOW: run_clang exec: /home/alen/Xilinx/Vitis_HLS/2023.2/lnx64/tools/clang-3.9-csynth/bin/xilinx-dataflow-lawyer -export-fixes=/home/alen/repo/zynq-7020-video-pipe-3/hw/video-pipe-hw-v5/hw_011223.runs/bd_41e7_vsc_0_synth_1/prj/sol/.autopilot/db/v_vscaler.pp.0.cpp.xilinx-dataflow-lawyer.diag.yml /home/alen/repo/zynq-7020-video-pipe-3/hw/video-pipe-hw-v5/hw_011223.runs/bd_41e7_vsc_0_synth_1/prj/sol/.autopilot/db/v_vscaler.pp.0.cpp -- -std=gnu++14 -target fpga -fhls -ferror-limit=0 -fstrict-dataflow > /home/alen/repo/zynq-7020-video-pipe-3/hw/video-pipe-hw-v5/hw_011223.runs/bd_41e7_vsc_0_synth_1/prj/sol/.autopilot/db/v_vscaler.pp.0.cpp.xilinx-dataflow-lawyer.out.log 2> /home/alen/repo/zynq-7020-video-pipe-3/hw/video-pipe-hw-v5/hw_011223.runs/bd_41e7_vsc_0_synth_1/prj/sol/.autopilot/db/v_vscaler.pp.0.cpp.xilinx-dataflow-lawyer.err.log
WARNING: [HLS 214-114] Since the only kind of statements allowed in a canonical dataflow region are variable declarations and function calls, the compiler may not be able to correctly handle the region (/home/alen/repo/zynq-7020-video-pipe-3/hw/video-pipe-hw-v5/hw_011223.runs/bd_41e7_vsc_0_synth_1/prj/sol/.autopilot/db/v_vscaler.cpp:151:9)
WARNING: [HLS 214-169] There are a total of 8 such instances of non-canonical statements in the dataflow region (/home/alen/repo/zynq-7020-video-pipe-3/hw/video-pipe-hw-v5/hw_011223.runs/bd_41e7_vsc_0_synth_1/prj/sol/.autopilot/db/v_vscaler.cpp:151:9)
Execute         send_msg_by_id WARNING @200-471@%s%s 2 /home/alen/repo/zynq-7020-video-pipe-3/hw/video-pipe-hw-v5/hw_011223.gen/sources_1/bd/broncho_video/ip/broncho_video_v_proc_ss_0_1/bd_0/ip/ip_1/src/v_vscaler.cpp 
WARNING: [HLS 200-471] Dataflow form checks found 2 issue(s) in file /home/alen/repo/zynq-7020-video-pipe-3/hw/video-pipe-hw-v5/hw_011223.gen/sources_1/bd/broncho_video/ip/broncho_video_v_proc_ss_0_1/bd_0/ip/ip_1/src/v_vscaler.cpp
Execute         ap_part_info -name xc7z020-clg484-1 -data info 
INFO-FLOW: compiling source code to llvm bc
INFO-FLOW: run_clang exec: /home/alen/Xilinx/Vitis_HLS/2023.2/lnx64/tools/clang-3.9-csynth/bin/clang -foptimization-record-file=/home/alen/repo/zynq-7020-video-pipe-3/hw/video-pipe-hw-v5/hw_011223.runs/bd_41e7_vsc_0_synth_1/prj/sol/.autopilot/db/v_vscaler.pp.0.cpp.clang.diag.yml -mllvm -pass-remarks-missed=reflow|pasta|unroll -mllvm -pass-remarks=reflow|pasta|unroll|inline -fno-limit-debug-info -fhls -flto -fno-exceptions -Wno-error=c++11-narrowing -hls-emit-hint-scope /home/alen/repo/zynq-7020-video-pipe-3/hw/video-pipe-hw-v5/hw_011223.runs/bd_41e7_vsc_0_synth_1/prj/sol/.autopilot/db/v_vscaler.pp.0.cpp -I/home/alen/repo/zynq-7020-video-pipe-3/hw/video-pipe-hw-v5/hw_011223.gen/sources_1/bd/broncho_video/ip/broncho_video_v_proc_ss_0_1/bd_0/ip/ip_1/src/hls -I/home/alen/repo/zynq-7020-video-pipe-3/hw/video-pipe-hw-v5/hw_011223.gen/sources_1/bd/broncho_video/ip/broncho_video_v_proc_ss_0_1/bd_0/ip/ip_1/src -fno-math-errno -c -emit-llvm -mllvm -disable-llvm-optzns -Werror=implicit-function-declaration -Werror=implicit-hls-streams -Werror=return-type -Wpragmas -Wunused-parameter -Wdump-hls-pragmas -Wno-error=dump-hls-pragmas -hls-clock-period=7 -fno-threadsafe-statics -fno-use-cxa-atexit -std=gnu++14 -target fpga64-xilinx-linux-gnu -D__VITIS_HLS__ -DAESL_SYN -D__SYNTHESIS__ -D__HLS_SYN__ -I /home/alen/Xilinx/Vitis_HLS/2023.2/common/technology/autopilot -I /home/alen/Xilinx/Vitis_HLS/2023.2/common/technology/autopilot/ap_sysc -include etc/autopilot_ssdm_op.h -D__DSP48E1__ -g -o /home/alen/repo/zynq-7020-video-pipe-3/hw/video-pipe-hw-v5/hw_011223.runs/bd_41e7_vsc_0_synth_1/prj/sol/.autopilot/db/v_vscaler.bc -hls-platform-db-name=/home/alen/Xilinx/Vitis_HLS/2023.2/common/technology/xilinx/common/platform.db -hls-platform-name=zynq_slow -device-resource-info=BRAM_280.000000_DSP_220.000000_FF_106400.000000_LUT_53200.000000_SLICE_13300.000000_URAM_0.000000 -device-name-info=xc7z020clg484-1 > /home/alen/repo/zynq-7020-video-pipe-3/hw/video-pipe-hw-v5/hw_011223.runs/bd_41e7_vsc_0_synth_1/prj/sol/.autopilot/db/v_vscaler.pp.0.cpp.clang.out.log 2> /home/alen/repo/zynq-7020-video-pipe-3/hw/video-pipe-hw-v5/hw_011223.runs/bd_41e7_vsc_0_synth_1/prj/sol/.autopilot/db/v_vscaler.pp.0.cpp.clang.err.log
INFO: [HLS 200-111] Finished Source Code Analysis and Preprocessing: CPU user time: 26.83 seconds. CPU system time: 1.12 seconds. Elapsed time: 28.22 seconds; current allocated memory: 218.434 MB.
INFO-FLOW: Linking Debug ...
INFO-FLOW: Linking dut bc code.
Execute         run_link_or_opt -out /home/alen/repo/zynq-7020-video-pipe-3/hw/video-pipe-hw-v5/hw_011223.runs/bd_41e7_vsc_0_synth_1/prj/sol/.autopilot/db/a.g.ld.0.bc -args  "/home/alen/repo/zynq-7020-video-pipe-3/hw/video-pipe-hw-v5/hw_011223.runs/bd_41e7_vsc_0_synth_1/prj/sol/.autopilot/db/v_vscaler.g.bc"  
INFO-FLOW: run_clang exec: /home/alen/Xilinx/Vitis_HLS/2023.2/lnx64/tools/clang-3.9-csynth/bin/llvm-link /home/alen/repo/zynq-7020-video-pipe-3/hw/video-pipe-hw-v5/hw_011223.runs/bd_41e7_vsc_0_synth_1/prj/sol/.autopilot/db/v_vscaler.g.bc -o /home/alen/repo/zynq-7020-video-pipe-3/hw/video-pipe-hw-v5/hw_011223.runs/bd_41e7_vsc_0_synth_1/prj/sol/.autopilot/db/a.g.ld.0.bc > /home/alen/repo/zynq-7020-video-pipe-3/hw/video-pipe-hw-v5/hw_011223.runs/bd_41e7_vsc_0_synth_1/prj/sol/.autopilot/db/a.g.ld.0.bc.llvm-link.out.log 2> /home/alen/repo/zynq-7020-video-pipe-3/hw/video-pipe-hw-v5/hw_011223.runs/bd_41e7_vsc_0_synth_1/prj/sol/.autopilot/db/a.g.ld.0.bc.llvm-link.err.log
INFO-FLOW: 
Execute         run_link_or_opt -opt -out /home/alen/repo/zynq-7020-video-pipe-3/hw/video-pipe-hw-v5/hw_011223.runs/bd_41e7_vsc_0_synth_1/prj/sol/.autopilot/db/a.g.ld.1.lower.bc -args /home/alen/repo/zynq-7020-video-pipe-3/hw/video-pipe-hw-v5/hw_011223.runs/bd_41e7_vsc_0_synth_1/prj/sol/.autopilot/db/a.g.ld.0.bc -reflow-lower-math-intrinsics 
INFO-FLOW: run_clang exec: /home/alen/Xilinx/Vitis_HLS/2023.2/lnx64/tools/clang-3.9-csynth/bin/opt -pass-remarks-missed=reflow|pasta|unroll -pass-remarks=reflow|pasta|unroll|inline -pass-remarks-output=/home/alen/repo/zynq-7020-video-pipe-3/hw/video-pipe-hw-v5/hw_011223.runs/bd_41e7_vsc_0_synth_1/prj/sol/.autopilot/db/a.g.ld.1.lower.bc.opt.diag.yml /home/alen/repo/zynq-7020-video-pipe-3/hw/video-pipe-hw-v5/hw_011223.runs/bd_41e7_vsc_0_synth_1/prj/sol/.autopilot/db/a.g.ld.0.bc -reflow-lower-math-intrinsics -o /home/alen/repo/zynq-7020-video-pipe-3/hw/video-pipe-hw-v5/hw_011223.runs/bd_41e7_vsc_0_synth_1/prj/sol/.autopilot/db/a.g.ld.1.lower.bc > /home/alen/repo/zynq-7020-video-pipe-3/hw/video-pipe-hw-v5/hw_011223.runs/bd_41e7_vsc_0_synth_1/prj/sol/.autopilot/db/a.g.ld.1.lower.bc.opt.out.log 2> /home/alen/repo/zynq-7020-video-pipe-3/hw/video-pipe-hw-v5/hw_011223.runs/bd_41e7_vsc_0_synth_1/prj/sol/.autopilot/db/a.g.ld.1.lower.bc.opt.err.log
INFO-FLOW: 
INFO-FLOW: Running: gen_design_size_report post-opt
INFO-FLOW: Done: gen_design_size_report post-opt time: 0 seconds per iteration
INFO-FLOW: Linking math bc lib
Execute         run_link_or_opt -out /home/alen/repo/zynq-7020-video-pipe-3/hw/video-pipe-hw-v5/hw_011223.runs/bd_41e7_vsc_0_synth_1/prj/sol/.autopilot/db/a.g.ld.2.m1.bc -args /home/alen/repo/zynq-7020-video-pipe-3/hw/video-pipe-hw-v5/hw_011223.runs/bd_41e7_vsc_0_synth_1/prj/sol/.autopilot/db/a.g.ld.1.lower.bc -only-needed /home/alen/Xilinx/Vitis_HLS/2023.2/lnx64/lib/libhlsm_39.bc /home/alen/Xilinx/Vitis_HLS/2023.2/lnx64/lib/libhlsmc++_39.bc 
INFO-FLOW: run_clang exec: /home/alen/Xilinx/Vitis_HLS/2023.2/lnx64/tools/clang-3.9-csynth/bin/llvm-link /home/alen/repo/zynq-7020-video-pipe-3/hw/video-pipe-hw-v5/hw_011223.runs/bd_41e7_vsc_0_synth_1/prj/sol/.autopilot/db/a.g.ld.1.lower.bc -only-needed /home/alen/Xilinx/Vitis_HLS/2023.2/lnx64/lib/libhlsm_39.bc /home/alen/Xilinx/Vitis_HLS/2023.2/lnx64/lib/libhlsmc++_39.bc -o /home/alen/repo/zynq-7020-video-pipe-3/hw/video-pipe-hw-v5/hw_011223.runs/bd_41e7_vsc_0_synth_1/prj/sol/.autopilot/db/a.g.ld.2.m1.bc > /home/alen/repo/zynq-7020-video-pipe-3/hw/video-pipe-hw-v5/hw_011223.runs/bd_41e7_vsc_0_synth_1/prj/sol/.autopilot/db/a.g.ld.2.m1.bc.llvm-link.out.log 2> /home/alen/repo/zynq-7020-video-pipe-3/hw/video-pipe-hw-v5/hw_011223.runs/bd_41e7_vsc_0_synth_1/prj/sol/.autopilot/db/a.g.ld.2.m1.bc.llvm-link.err.log
INFO-FLOW: 
Command         run_link_or_opt done; 1.49 sec.
Execute         run_link_or_opt -opt -out /home/alen/repo/zynq-7020-video-pipe-3/hw/video-pipe-hw-v5/hw_011223.runs/bd_41e7_vsc_0_synth_1/prj/sol/.autopilot/db/a.g.ld.3.fpc.bc -args /home/alen/repo/zynq-7020-video-pipe-3/hw/video-pipe-hw-v5/hw_011223.runs/bd_41e7_vsc_0_synth_1/prj/sol/.autopilot/db/a.g.ld.2.m1.bc -reflow-globaldce -hls-top-function-name=v_vscaler -reflow-float-conversion 
INFO-FLOW: run_clang exec: /home/alen/Xilinx/Vitis_HLS/2023.2/lnx64/tools/clang-3.9-csynth/bin/opt -pass-remarks-missed=reflow|pasta|unroll -pass-remarks=reflow|pasta|unroll|inline -pass-remarks-output=/home/alen/repo/zynq-7020-video-pipe-3/hw/video-pipe-hw-v5/hw_011223.runs/bd_41e7_vsc_0_synth_1/prj/sol/.autopilot/db/a.g.ld.3.fpc.bc.opt.diag.yml /home/alen/repo/zynq-7020-video-pipe-3/hw/video-pipe-hw-v5/hw_011223.runs/bd_41e7_vsc_0_synth_1/prj/sol/.autopilot/db/a.g.ld.2.m1.bc -reflow-globaldce -hls-top-function-name=v_vscaler -reflow-float-conversion -o /home/alen/repo/zynq-7020-video-pipe-3/hw/video-pipe-hw-v5/hw_011223.runs/bd_41e7_vsc_0_synth_1/prj/sol/.autopilot/db/a.g.ld.3.fpc.bc > /home/alen/repo/zynq-7020-video-pipe-3/hw/video-pipe-hw-v5/hw_011223.runs/bd_41e7_vsc_0_synth_1/prj/sol/.autopilot/db/a.g.ld.3.fpc.bc.opt.out.log 2> /home/alen/repo/zynq-7020-video-pipe-3/hw/video-pipe-hw-v5/hw_011223.runs/bd_41e7_vsc_0_synth_1/prj/sol/.autopilot/db/a.g.ld.3.fpc.bc.opt.err.log
INFO-FLOW: 
INFO-FLOW: Running: gen_design_size_report post-opt
INFO-FLOW: Done: gen_design_size_report post-opt time: 0 seconds per iteration
Command         run_link_or_opt done; 0.62 sec.
Execute         run_link_or_opt -out /home/alen/repo/zynq-7020-video-pipe-3/hw/video-pipe-hw-v5/hw_011223.runs/bd_41e7_vsc_0_synth_1/prj/sol/.autopilot/db/a.g.ld.4.m2.bc -args /home/alen/repo/zynq-7020-video-pipe-3/hw/video-pipe-hw-v5/hw_011223.runs/bd_41e7_vsc_0_synth_1/prj/sol/.autopilot/db/a.g.ld.3.fpc.bc -only-needed /home/alen/Xilinx/Vitis_HLS/2023.2/lnx64/lib/libfloatconversion_39.bc 
INFO-FLOW: run_clang exec: /home/alen/Xilinx/Vitis_HLS/2023.2/lnx64/tools/clang-3.9-csynth/bin/llvm-link /home/alen/repo/zynq-7020-video-pipe-3/hw/video-pipe-hw-v5/hw_011223.runs/bd_41e7_vsc_0_synth_1/prj/sol/.autopilot/db/a.g.ld.3.fpc.bc -only-needed /home/alen/Xilinx/Vitis_HLS/2023.2/lnx64/lib/libfloatconversion_39.bc -o /home/alen/repo/zynq-7020-video-pipe-3/hw/video-pipe-hw-v5/hw_011223.runs/bd_41e7_vsc_0_synth_1/prj/sol/.autopilot/db/a.g.ld.4.m2.bc > /home/alen/repo/zynq-7020-video-pipe-3/hw/video-pipe-hw-v5/hw_011223.runs/bd_41e7_vsc_0_synth_1/prj/sol/.autopilot/db/a.g.ld.4.m2.bc.llvm-link.out.log 2> /home/alen/repo/zynq-7020-video-pipe-3/hw/video-pipe-hw-v5/hw_011223.runs/bd_41e7_vsc_0_synth_1/prj/sol/.autopilot/db/a.g.ld.4.m2.bc.llvm-link.err.log
INFO-FLOW: 
Execute         run_link_or_opt -opt -out /home/alen/repo/zynq-7020-video-pipe-3/hw/video-pipe-hw-v5/hw_011223.runs/bd_41e7_vsc_0_synth_1/prj/sol/.autopilot/db/a.g.ld.5.gdce.bc -args /home/alen/repo/zynq-7020-video-pipe-3/hw/video-pipe-hw-v5/hw_011223.runs/bd_41e7_vsc_0_synth_1/prj/sol/.autopilot/db/a.g.ld.4.m2.bc -reflow-globaldce -hls-top-function-name=v_vscaler 
INFO-FLOW: run_clang exec: /home/alen/Xilinx/Vitis_HLS/2023.2/lnx64/tools/clang-3.9-csynth/bin/opt -pass-remarks-missed=reflow|pasta|unroll -pass-remarks=reflow|pasta|unroll|inline -pass-remarks-output=/home/alen/repo/zynq-7020-video-pipe-3/hw/video-pipe-hw-v5/hw_011223.runs/bd_41e7_vsc_0_synth_1/prj/sol/.autopilot/db/a.g.ld.5.gdce.bc.opt.diag.yml /home/alen/repo/zynq-7020-video-pipe-3/hw/video-pipe-hw-v5/hw_011223.runs/bd_41e7_vsc_0_synth_1/prj/sol/.autopilot/db/a.g.ld.4.m2.bc -reflow-globaldce -hls-top-function-name=v_vscaler -o /home/alen/repo/zynq-7020-video-pipe-3/hw/video-pipe-hw-v5/hw_011223.runs/bd_41e7_vsc_0_synth_1/prj/sol/.autopilot/db/a.g.ld.5.gdce.bc > /home/alen/repo/zynq-7020-video-pipe-3/hw/video-pipe-hw-v5/hw_011223.runs/bd_41e7_vsc_0_synth_1/prj/sol/.autopilot/db/a.g.ld.5.gdce.bc.opt.out.log 2> /home/alen/repo/zynq-7020-video-pipe-3/hw/video-pipe-hw-v5/hw_011223.runs/bd_41e7_vsc_0_synth_1/prj/sol/.autopilot/db/a.g.ld.5.gdce.bc.opt.err.log
INFO-FLOW: 
INFO-FLOW: Running: gen_design_size_report post-opt
INFO-FLOW: Done: gen_design_size_report post-opt time: 0 seconds per iteration
Execute         send_msg_by_id INFO @200-777@%s Vivado 
INFO: [HLS 200-777] Using interface defaults for 'Vivado' flow target.
Execute         is_m_axi_addr64 
INFO-FLOW: Doing LTO.
INFO-FLOW: run_clang (background poll_ms 5000) exec: /home/alen/Xilinx/Vitis_HLS/2023.2/lnx64/tools/clang-3.9-csynth/bin/clang -foptimization-record-file=/home/alen/repo/zynq-7020-video-pipe-3/hw/video-pipe-hw-v5/hw_011223.runs/bd_41e7_vsc_0_synth_1/prj/sol/.autopilot/db/a.g.ld.0.bc.clang.reflow.diag.yml -mllvm -pass-remarks-missed=reflow|pasta|unroll -mllvm -pass-remarks=reflow|pasta|unroll|inline -fhls -mllvm -hls-top-function-name=v_vscaler -mllvm -hls-db-dir -mllvm /home/alen/repo/zynq-7020-video-pipe-3/hw/video-pipe-hw-v5/hw_011223.runs/bd_41e7_vsc_0_synth_1/prj/sol/.autopilot/db -emit-llvm -c -target fpga64-xilinx-none -mllvm -xcl-xmlinfo=/home/alen/repo/zynq-7020-video-pipe-3/hw/video-pipe-hw-v5/hw_011223.runs/bd_41e7_vsc_0_synth_1/prj/sol/.autopilot/db/kernel.internal.xml -mllvm -top-io-mapping-info=/home/alen/repo/zynq-7020-video-pipe-3/hw/video-pipe-hw-v5/hw_011223.runs/bd_41e7_vsc_0_synth_1/prj/sol/.autopilot/db/top-io-fe.xml -mllvm -hls-bitcode-version=3.1 -mllvm -hls-top-function-prefix=bd_41e7_vsc_0_ -mllvm -reflow-enable-slave-interface-default-setting=true -mllvm -gen-kernel-xml=false -mllvm -default-maxi-offset=slave -mllvm -maxi-latency=0 -mllvm -hls-maxi-data-size-in-bits=8 -mllvm -hls-maxi-max-data-size-in-bits=1024 -mllvm -hls-max-widen-size-in-bits=0 -mllvm -xcl-kernel-max-mem-ports=0 -mllvm -maxi-read-trans=16 -mllvm -maxi-write-trans=16 -mllvm -maxi-read-burst-len=16 -mllvm -maxi-write-burst-len=16 -mllvm -reflow-enable-saxi-64bits=0 -mllvm -reflow-basic-block-instr-threshold=200000 -mllvm -reflow-auto-pipeline-threshold=64 -mllvm -reflow-enable-maxi-auto-id-channel=0 -mllvm -enable-fp-thr=0 -mllvm -reflow-bdd-simplify-threshold=1048576 -mllvm -reflow-fanout-threshold=16 -mllvm -assume-maxi-align=1 -mllvm -reflow-pipeline-style-llvm-setting=2 -mllvm -reflow-enable-dataflow-strict-mode-checking=1 -ftime-report -mllvm -time-passes -mllvm -reflow-auto-array-partition-mode=default -mllvm -reflow-enable-auto-array-partition=true -mllvm -reflow-enable-auto-parallel-performance-driven=true -mllvm -reflow-enable-partition-for-automation=true -mllvm -reflow-aggregate-bitwidth-threshold=4096 -mllvm -reflow-reserved-saxilite-registers=0 -mllvm -enable-reflow-auto-loop-pipeline -mllvm -reflow-max-unroll-threshold=409600 -mllvm -reflow-assume-no-address-wrap=true -mllvm -reflow-enable-occurrence-inference=true -mllvm -reflow-emit-hint-scope=true -mllvm -hls -mllvm -disable-inlined-alloca-merging=true -mllvm -default-clock-period=7 -x ir /home/alen/repo/zynq-7020-video-pipe-3/hw/video-pipe-hw-v5/hw_011223.runs/bd_41e7_vsc_0_synth_1/prj/sol/.autopilot/db/a.g.ld.5.gdce.bc -o /home/alen/repo/zynq-7020-video-pipe-3/hw/video-pipe-hw-v5/hw_011223.runs/bd_41e7_vsc_0_synth_1/prj/sol/.autopilot/db/a.g.lto.bc -hls-platform-db-name=/home/alen/Xilinx/Vitis_HLS/2023.2/common/technology/xilinx/common/platform.db -hls-platform-name=zynq_slow -device-resource-info=BRAM_280.000000_DSP_220.000000_FF_106400.000000_LUT_53200.000000_SLICE_13300.000000_URAM_0.000000 -device-name-info=xc7z020clg484-1 2> /home/alen/repo/zynq-7020-video-pipe-3/hw/video-pipe-hw-v5/hw_011223.runs/bd_41e7_vsc_0_synth_1/prj/sol/.autopilot/db/a.g.ld.0.bc.clang.reflow.err.log bg_poll_cmd: ::AP::poll_clang_39_closed_source
Execute         send_msg_by_id INFO @200-1995@%s%s%s 5,110 Compile/Link /home/alen/repo/zynq-7020-video-pipe-3/hw/video-pipe-hw-v5/hw_011223.runs/bd_41e7_vsc_0_synth_1/prj/sol/syn/report/csynth_design_size.rpt 
INFO: [HLS 200-1995] There were 5,110 instructions in the design after the 'Compile/Link' phase of compilation. See the Design Size Report for more details: /home/alen/repo/zynq-7020-video-pipe-3/hw/video-pipe-hw-v5/hw_011223.runs/bd_41e7_vsc_0_synth_1/prj/sol/syn/report/csynth_design_size.rpt
Execute         send_msg_by_id INFO @200-1995@%s%s%s 1,931 Unroll/Inline (step 1) /home/alen/repo/zynq-7020-video-pipe-3/hw/video-pipe-hw-v5/hw_011223.runs/bd_41e7_vsc_0_synth_1/prj/sol/syn/report/csynth_design_size.rpt 
INFO: [HLS 200-1995] There were 1,931 instructions in the design after the 'Unroll/Inline (step 1)' phase of compilation. See the Design Size Report for more details: /home/alen/repo/zynq-7020-video-pipe-3/hw/video-pipe-hw-v5/hw_011223.runs/bd_41e7_vsc_0_synth_1/prj/sol/syn/report/csynth_design_size.rpt
Execute         send_msg_by_id INFO @200-1995@%s%s%s 1,234 Unroll/Inline (step 2) /home/alen/repo/zynq-7020-video-pipe-3/hw/video-pipe-hw-v5/hw_011223.runs/bd_41e7_vsc_0_synth_1/prj/sol/syn/report/csynth_design_size.rpt 
INFO: [HLS 200-1995] There were 1,234 instructions in the design after the 'Unroll/Inline (step 2)' phase of compilation. See the Design Size Report for more details: /home/alen/repo/zynq-7020-video-pipe-3/hw/video-pipe-hw-v5/hw_011223.runs/bd_41e7_vsc_0_synth_1/prj/sol/syn/report/csynth_design_size.rpt
Execute         send_msg_by_id INFO @200-1995@%s%s%s 1,298 Unroll/Inline (step 3) /home/alen/repo/zynq-7020-video-pipe-3/hw/video-pipe-hw-v5/hw_011223.runs/bd_41e7_vsc_0_synth_1/prj/sol/syn/report/csynth_design_size.rpt 
INFO: [HLS 200-1995] There were 1,298 instructions in the design after the 'Unroll/Inline (step 3)' phase of compilation. See the Design Size Report for more details: /home/alen/repo/zynq-7020-video-pipe-3/hw/video-pipe-hw-v5/hw_011223.runs/bd_41e7_vsc_0_synth_1/prj/sol/syn/report/csynth_design_size.rpt
Execute         send_msg_by_id INFO @200-1995@%s%s%s 1,265 Unroll/Inline (step 4) /home/alen/repo/zynq-7020-video-pipe-3/hw/video-pipe-hw-v5/hw_011223.runs/bd_41e7_vsc_0_synth_1/prj/sol/syn/report/csynth_design_size.rpt 
INFO: [HLS 200-1995] There were 1,265 instructions in the design after the 'Unroll/Inline (step 4)' phase of compilation. See the Design Size Report for more details: /home/alen/repo/zynq-7020-video-pipe-3/hw/video-pipe-hw-v5/hw_011223.runs/bd_41e7_vsc_0_synth_1/prj/sol/syn/report/csynth_design_size.rpt
Execute         send_msg_by_id INFO @200-1995@%s%s%s 1,182 Array/Struct (step 1) /home/alen/repo/zynq-7020-video-pipe-3/hw/video-pipe-hw-v5/hw_011223.runs/bd_41e7_vsc_0_synth_1/prj/sol/syn/report/csynth_design_size.rpt 
INFO: [HLS 200-1995] There were 1,182 instructions in the design after the 'Array/Struct (step 1)' phase of compilation. See the Design Size Report for more details: /home/alen/repo/zynq-7020-video-pipe-3/hw/video-pipe-hw-v5/hw_011223.runs/bd_41e7_vsc_0_synth_1/prj/sol/syn/report/csynth_design_size.rpt
Execute         send_msg_by_id INFO @200-1995@%s%s%s 1,035 Array/Struct (step 2) /home/alen/repo/zynq-7020-video-pipe-3/hw/video-pipe-hw-v5/hw_011223.runs/bd_41e7_vsc_0_synth_1/prj/sol/syn/report/csynth_design_size.rpt 
INFO: [HLS 200-1995] There were 1,035 instructions in the design after the 'Array/Struct (step 2)' phase of compilation. See the Design Size Report for more details: /home/alen/repo/zynq-7020-video-pipe-3/hw/video-pipe-hw-v5/hw_011223.runs/bd_41e7_vsc_0_synth_1/prj/sol/syn/report/csynth_design_size.rpt
Execute         send_msg_by_id INFO @200-1995@%s%s%s 1,045 Array/Struct (step 3) /home/alen/repo/zynq-7020-video-pipe-3/hw/video-pipe-hw-v5/hw_011223.runs/bd_41e7_vsc_0_synth_1/prj/sol/syn/report/csynth_design_size.rpt 
INFO: [HLS 200-1995] There were 1,045 instructions in the design after the 'Array/Struct (step 3)' phase of compilation. See the Design Size Report for more details: /home/alen/repo/zynq-7020-video-pipe-3/hw/video-pipe-hw-v5/hw_011223.runs/bd_41e7_vsc_0_synth_1/prj/sol/syn/report/csynth_design_size.rpt
Execute         send_msg_by_id INFO @200-1995@%s%s%s 1,177 Array/Struct (step 4) /home/alen/repo/zynq-7020-video-pipe-3/hw/video-pipe-hw-v5/hw_011223.runs/bd_41e7_vsc_0_synth_1/prj/sol/syn/report/csynth_design_size.rpt 
INFO: [HLS 200-1995] There were 1,177 instructions in the design after the 'Array/Struct (step 4)' phase of compilation. See the Design Size Report for more details: /home/alen/repo/zynq-7020-video-pipe-3/hw/video-pipe-hw-v5/hw_011223.runs/bd_41e7_vsc_0_synth_1/prj/sol/syn/report/csynth_design_size.rpt
Execute         send_msg_by_id INFO @200-1995@%s%s%s 1,243 Array/Struct (step 5) /home/alen/repo/zynq-7020-video-pipe-3/hw/video-pipe-hw-v5/hw_011223.runs/bd_41e7_vsc_0_synth_1/prj/sol/syn/report/csynth_design_size.rpt 
INFO: [HLS 200-1995] There were 1,243 instructions in the design after the 'Array/Struct (step 5)' phase of compilation. See the Design Size Report for more details: /home/alen/repo/zynq-7020-video-pipe-3/hw/video-pipe-hw-v5/hw_011223.runs/bd_41e7_vsc_0_synth_1/prj/sol/syn/report/csynth_design_size.rpt
Execute         send_msg_by_id INFO @200-1995@%s%s%s 1,244 Performance (step 1) /home/alen/repo/zynq-7020-video-pipe-3/hw/video-pipe-hw-v5/hw_011223.runs/bd_41e7_vsc_0_synth_1/prj/sol/syn/report/csynth_design_size.rpt 
INFO: [HLS 200-1995] There were 1,244 instructions in the design after the 'Performance (step 1)' phase of compilation. See the Design Size Report for more details: /home/alen/repo/zynq-7020-video-pipe-3/hw/video-pipe-hw-v5/hw_011223.runs/bd_41e7_vsc_0_synth_1/prj/sol/syn/report/csynth_design_size.rpt
Execute         send_msg_by_id INFO @200-1995@%s%s%s 1,222 Performance (step 2) /home/alen/repo/zynq-7020-video-pipe-3/hw/video-pipe-hw-v5/hw_011223.runs/bd_41e7_vsc_0_synth_1/prj/sol/syn/report/csynth_design_size.rpt 
INFO: [HLS 200-1995] There were 1,222 instructions in the design after the 'Performance (step 2)' phase of compilation. See the Design Size Report for more details: /home/alen/repo/zynq-7020-video-pipe-3/hw/video-pipe-hw-v5/hw_011223.runs/bd_41e7_vsc_0_synth_1/prj/sol/syn/report/csynth_design_size.rpt
Execute         send_msg_by_id INFO @200-1995@%s%s%s 1,149 Performance (step 3) /home/alen/repo/zynq-7020-video-pipe-3/hw/video-pipe-hw-v5/hw_011223.runs/bd_41e7_vsc_0_synth_1/prj/sol/syn/report/csynth_design_size.rpt 
INFO: [HLS 200-1995] There were 1,149 instructions in the design after the 'Performance (step 3)' phase of compilation. See the Design Size Report for more details: /home/alen/repo/zynq-7020-video-pipe-3/hw/video-pipe-hw-v5/hw_011223.runs/bd_41e7_vsc_0_synth_1/prj/sol/syn/report/csynth_design_size.rpt
Execute         send_msg_by_id INFO @200-1995@%s%s%s 1,149 Performance (step 4) /home/alen/repo/zynq-7020-video-pipe-3/hw/video-pipe-hw-v5/hw_011223.runs/bd_41e7_vsc_0_synth_1/prj/sol/syn/report/csynth_design_size.rpt 
INFO: [HLS 200-1995] There were 1,149 instructions in the design after the 'Performance (step 4)' phase of compilation. See the Design Size Report for more details: /home/alen/repo/zynq-7020-video-pipe-3/hw/video-pipe-hw-v5/hw_011223.runs/bd_41e7_vsc_0_synth_1/prj/sol/syn/report/csynth_design_size.rpt
Execute         send_msg_by_id INFO @200-1995@%s%s%s 1,105 HW Transforms (step 1) /home/alen/repo/zynq-7020-video-pipe-3/hw/video-pipe-hw-v5/hw_011223.runs/bd_41e7_vsc_0_synth_1/prj/sol/syn/report/csynth_design_size.rpt 
INFO: [HLS 200-1995] There were 1,105 instructions in the design after the 'HW Transforms (step 1)' phase of compilation. See the Design Size Report for more details: /home/alen/repo/zynq-7020-video-pipe-3/hw/video-pipe-hw-v5/hw_011223.runs/bd_41e7_vsc_0_synth_1/prj/sol/syn/report/csynth_design_size.rpt
Execute         send_msg_by_id INFO @200-1995@%s%s%s 1,068 HW Transforms (step 2) /home/alen/repo/zynq-7020-video-pipe-3/hw/video-pipe-hw-v5/hw_011223.runs/bd_41e7_vsc_0_synth_1/prj/sol/syn/report/csynth_design_size.rpt 
INFO: [HLS 200-1995] There were 1,068 instructions in the design after the 'HW Transforms (step 2)' phase of compilation. See the Design Size Report for more details: /home/alen/repo/zynq-7020-video-pipe-3/hw/video-pipe-hw-v5/hw_011223.runs/bd_41e7_vsc_0_synth_1/prj/sol/syn/report/csynth_design_size.rpt
INFO: [HLS 214-131] Inlining function 'void hls::AXIGetBitFields<30, ap_uint<10> >(ap_uint<30>, int, int, ap_uint<10>&)' into 'void hls::AXIGetBitFields<30, ap_uint<10> >(hls::axis<ap_uint<30>, 1ul, 1ul, 1ul, (unsigned char)56, false>, int, int, ap_uint<10>&)' (/home/alen/repo/zynq-7020-video-pipe-3/hw/video-pipe-hw-v5/hw_011223.gen/sources_1/bd/broncho_video/ip/broncho_video_v_proc_ss_0_1/bd_0/ip/ip_1/src/hls/hls_axi_io.h:85:2)
INFO: [HLS 214-131] Inlining function 'hls::Scalar<3, ap_uint<10> >::Scalar()' into 'AXIvideo2MultiPixStream(hls::stream<hls::axis<ap_uint<30>, 1ul, 1ul, 1ul, (unsigned char)56, false>, 0>&, hls::stream<hls::Scalar<3, ap_uint<10> >, 0>&, unsigned short&, unsigned short&, unsigned char&)' (/home/alen/repo/zynq-7020-video-pipe-3/hw/video-pipe-hw-v5/hw_011223.runs/bd_41e7_vsc_0_synth_1/prj/sol/.autopilot/db/v_vscaler.cpp:793:18)
INFO: [HLS 214-131] Inlining function 'void hls::AXIGetBitFields<30, ap_uint<10> >(hls::axis<ap_uint<30>, 1ul, 1ul, 1ul, (unsigned char)56, false>, int, int, ap_uint<10>&)' into 'AXIvideo2MultiPixStream(hls::stream<hls::axis<ap_uint<30>, 1ul, 1ul, 1ul, (unsigned char)56, false>, 0>&, hls::stream<hls::Scalar<3, ap_uint<10> >, 0>&, unsigned short&, unsigned short&, unsigned char&)' (/home/alen/repo/zynq-7020-video-pipe-3/hw/video-pipe-hw-v5/hw_011223.runs/bd_41e7_vsc_0_synth_1/prj/sol/.autopilot/db/v_vscaler.cpp:853:7)
INFO: [HLS 214-131] Inlining function 'void hls::AXIGetBitFields<30, ap_uint<10> >(hls::axis<ap_uint<30>, 1ul, 1ul, 1ul, (unsigned char)56, false>, int, int, ap_uint<10>&)' into 'AXIvideo2MultiPixStream(hls::stream<hls::axis<ap_uint<30>, 1ul, 1ul, 1ul, (unsigned char)56, false>, 0>&, hls::stream<hls::Scalar<3, ap_uint<10> >, 0>&, unsigned short&, unsigned short&, unsigned char&)' (/home/alen/repo/zynq-7020-video-pipe-3/hw/video-pipe-hw-v5/hw_011223.runs/bd_41e7_vsc_0_synth_1/prj/sol/.autopilot/db/v_vscaler.cpp:849:7)
INFO: [HLS 214-131] Inlining function 'void hls::AXIGetBitFields<30, ap_uint<10> >(hls::axis<ap_uint<30>, 1ul, 1ul, 1ul, (unsigned char)56, false>, int, int, ap_uint<10>&)' into 'AXIvideo2MultiPixStream(hls::stream<hls::axis<ap_uint<30>, 1ul, 1ul, 1ul, (unsigned char)56, false>, 0>&, hls::stream<hls::Scalar<3, ap_uint<10> >, 0>&, unsigned short&, unsigned short&, unsigned char&)' (/home/alen/repo/zynq-7020-video-pipe-3/hw/video-pipe-hw-v5/hw_011223.runs/bd_41e7_vsc_0_synth_1/prj/sol/.autopilot/db/v_vscaler.cpp:845:7)
INFO: [HLS 214-131] Inlining function 'hls::LineBuffer<2, 1920, ap_uint<10>, 0>::insert_top_row(ap_uint<10>, int)' into 'hls::LineBuffer<2, 1920, ap_uint<10>, 0>::insert_bottom(ap_uint<10>, int)' (/home/alen/repo/zynq-7020-video-pipe-3/hw/video-pipe-hw-v5/hw_011223.gen/sources_1/bd/broncho_video/ip/broncho_video_v_proc_ss_0_1/bd_0/ip/ip_1/src/hls/hls_video_mem.h:888:2)
INFO: [HLS 214-131] Inlining function 'hls::LineBuffer<3, 1920, ap_uint<10>, 0>::insert_top_row(ap_uint<10>, int)' into 'hls::LineBuffer<3, 1920, ap_uint<10>, 0>::insert_bottom(ap_uint<10>, int)' (/home/alen/repo/zynq-7020-video-pipe-3/hw/video-pipe-hw-v5/hw_011223.gen/sources_1/bd/broncho_video/ip/broncho_video_v_proc_ss_0_1/bd_0/ip/ip_1/src/hls/hls_video_mem.h:888:2)
INFO: [HLS 214-131] Inlining function 'hls::Scalar<3, ap_uint<10> >::Scalar()' into 'v_vcresampler_core(hls::stream<hls::Scalar<3, ap_uint<10> >, 0>&, unsigned short&, unsigned short&, unsigned char&, unsigned char&, hls::stream<hls::Scalar<3, ap_uint<10> >, 0>&)' (/home/alen/repo/zynq-7020-video-pipe-3/hw/video-pipe-hw-v5/hw_011223.runs/bd_41e7_vsc_0_synth_1/prj/sol/.autopilot/db/v_vscaler.cpp:1023:18)
INFO: [HLS 214-131] Inlining function 'hls::LineBuffer<3, 1920, ap_uint<10>, 0>::getval(int, int)' into 'v_vcresampler_core(hls::stream<hls::Scalar<3, ap_uint<10> >, 0>&, unsigned short&, unsigned short&, unsigned char&, unsigned char&, hls::stream<hls::Scalar<3, ap_uint<10> >, 0>&)' (/home/alen/repo/zynq-7020-video-pipe-3/hw/video-pipe-hw-v5/hw_011223.runs/bd_41e7_vsc_0_synth_1/prj/sol/.autopilot/db/v_vscaler.cpp:1171:46)
INFO: [HLS 214-131] Inlining function 'hls::Scalar<1, ap_uint<10> >::Scalar()' into 'v_vcresampler_core(hls::stream<hls::Scalar<3, ap_uint<10> >, 0>&, unsigned short&, unsigned short&, unsigned char&, unsigned char&, hls::stream<hls::Scalar<3, ap_uint<10> >, 0>&)' (/home/alen/repo/zynq-7020-video-pipe-3/hw/video-pipe-hw-v5/hw_011223.runs/bd_41e7_vsc_0_synth_1/prj/sol/.autopilot/db/v_vscaler.cpp:1156:20)
INFO: [HLS 214-131] Inlining function 'hls::LineBuffer<3, 1920, ap_uint<10>, 0>::insert_bottom(ap_uint<10>, int)' into 'v_vcresampler_core(hls::stream<hls::Scalar<3, ap_uint<10> >, 0>&, unsigned short&, unsigned short&, unsigned char&, unsigned char&, hls::stream<hls::Scalar<3, ap_uint<10> >, 0>&)' (/home/alen/repo/zynq-7020-video-pipe-3/hw/video-pipe-hw-v5/hw_011223.runs/bd_41e7_vsc_0_synth_1/prj/sol/.autopilot/db/v_vscaler.cpp:1145:16)
INFO: [HLS 214-131] Inlining function 'hls::LineBuffer<3, 1920, ap_uint<10>, 0>::getval(int, int)' into 'v_vcresampler_core(hls::stream<hls::Scalar<3, ap_uint<10> >, 0>&, unsigned short&, unsigned short&, unsigned char&, unsigned char&, hls::stream<hls::Scalar<3, ap_uint<10> >, 0>&)' (/home/alen/repo/zynq-7020-video-pipe-3/hw/video-pipe-hw-v5/hw_011223.runs/bd_41e7_vsc_0_synth_1/prj/sol/.autopilot/db/v_vscaler.cpp:1119:45)
INFO: [HLS 214-131] Inlining function 'hls::Scalar<1, ap_uint<10> >::Scalar()' into 'v_vcresampler_core(hls::stream<hls::Scalar<3, ap_uint<10> >, 0>&, unsigned short&, unsigned short&, unsigned char&, unsigned char&, hls::stream<hls::Scalar<3, ap_uint<10> >, 0>&)' (/home/alen/repo/zynq-7020-video-pipe-3/hw/video-pipe-hw-v5/hw_011223.runs/bd_41e7_vsc_0_synth_1/prj/sol/.autopilot/db/v_vscaler.cpp:1118:19)
INFO: [HLS 214-131] Inlining function 'hls::Scalar<1, ap_uint<10> >::Scalar()' into 'v_vcresampler_core(hls::stream<hls::Scalar<3, ap_uint<10> >, 0>&, unsigned short&, unsigned short&, unsigned char&, unsigned char&, hls::stream<hls::Scalar<3, ap_uint<10> >, 0>&)' (/home/alen/repo/zynq-7020-video-pipe-3/hw/video-pipe-hw-v5/hw_011223.runs/bd_41e7_vsc_0_synth_1/prj/sol/.autopilot/db/v_vscaler.cpp:1099:19)
INFO: [HLS 214-131] Inlining function 'hls::LineBuffer<2, 1920, ap_uint<10>, 0>::insert_bottom(ap_uint<10>, int)' into 'v_vcresampler_core(hls::stream<hls::Scalar<3, ap_uint<10> >, 0>&, unsigned short&, unsigned short&, unsigned char&, unsigned char&, hls::stream<hls::Scalar<3, ap_uint<10> >, 0>&)' (/home/alen/repo/zynq-7020-video-pipe-3/hw/video-pipe-hw-v5/hw_011223.runs/bd_41e7_vsc_0_synth_1/prj/sol/.autopilot/db/v_vscaler.cpp:1092:14)
INFO: [HLS 214-131] Inlining function 'hls::LineBuffer<2, 1920, ap_uint<10>, 0>::getval(int, int)' into 'v_vcresampler_core(hls::stream<hls::Scalar<3, ap_uint<10> >, 0>&, unsigned short&, unsigned short&, unsigned char&, unsigned char&, hls::stream<hls::Scalar<3, ap_uint<10> >, 0>&)' (/home/alen/repo/zynq-7020-video-pipe-3/hw/video-pipe-hw-v5/hw_011223.runs/bd_41e7_vsc_0_synth_1/prj/sol/.autopilot/db/v_vscaler.cpp:1081:45)
INFO: [HLS 214-131] Inlining function 'hls::LineBuffer<3, 1920, ap_uint<10>, 0>::LineBuffer()' into 'v_vcresampler_core(hls::stream<hls::Scalar<3, ap_uint<10> >, 0>&, unsigned short&, unsigned short&, unsigned char&, unsigned char&, hls::stream<hls::Scalar<3, ap_uint<10> >, 0>&)' (/home/alen/repo/zynq-7020-video-pipe-3/hw/video-pipe-hw-v5/hw_011223.runs/bd_41e7_vsc_0_synth_1/prj/sol/.autopilot/db/v_vscaler.cpp:1033:16)
INFO: [HLS 214-131] Inlining function 'hls::LineBuffer<2, 1920, ap_uint<10>, 0>::LineBuffer()' into 'v_vcresampler_core(hls::stream<hls::Scalar<3, ap_uint<10> >, 0>&, unsigned short&, unsigned short&, unsigned char&, unsigned char&, hls::stream<hls::Scalar<3, ap_uint<10> >, 0>&)' (/home/alen/repo/zynq-7020-video-pipe-3/hw/video-pipe-hw-v5/hw_011223.runs/bd_41e7_vsc_0_synth_1/prj/sol/.autopilot/db/v_vscaler.cpp:1032:16)
INFO: [HLS 214-131] Inlining function 'hls::Scalar<1, ap_uint<10> >::Scalar()' into 'v_vcresampler_core(hls::stream<hls::Scalar<3, ap_uint<10> >, 0>&, unsigned short&, unsigned short&, unsigned char&, unsigned char&, hls::stream<hls::Scalar<3, ap_uint<10> >, 0>&)' (/home/alen/repo/zynq-7020-video-pipe-3/hw/video-pipe-hw-v5/hw_011223.runs/bd_41e7_vsc_0_synth_1/prj/sol/.autopilot/db/v_vscaler.cpp:1029:16)
INFO: [HLS 214-131] Inlining function 'hls::Scalar<1, ap_uint<10> >::Scalar()' into 'v_vcresampler_core(hls::stream<hls::Scalar<3, ap_uint<10> >, 0>&, unsigned short&, unsigned short&, unsigned char&, unsigned char&, hls::stream<hls::Scalar<3, ap_uint<10> >, 0>&)' (/home/alen/repo/zynq-7020-video-pipe-3/hw/video-pipe-hw-v5/hw_011223.runs/bd_41e7_vsc_0_synth_1/prj/sol/.autopilot/db/v_vscaler.cpp:1028:16)
INFO: [HLS 214-131] Inlining function 'hls::Scalar<1, ap_uint<10> >::Scalar()' into 'v_vcresampler_core(hls::stream<hls::Scalar<3, ap_uint<10> >, 0>&, unsigned short&, unsigned short&, unsigned char&, unsigned char&, hls::stream<hls::Scalar<3, ap_uint<10> >, 0>&)' (/home/alen/repo/zynq-7020-video-pipe-3/hw/video-pipe-hw-v5/hw_011223.runs/bd_41e7_vsc_0_synth_1/prj/sol/.autopilot/db/v_vscaler.cpp:1026:16)
INFO: [HLS 214-131] Inlining function 'hls::Scalar<1, ap_uint<10> >::Scalar()' into 'v_vcresampler_core(hls::stream<hls::Scalar<3, ap_uint<10> >, 0>&, unsigned short&, unsigned short&, unsigned char&, unsigned char&, hls::stream<hls::Scalar<3, ap_uint<10> >, 0>&)' (/home/alen/repo/zynq-7020-video-pipe-3/hw/video-pipe-hw-v5/hw_011223.runs/bd_41e7_vsc_0_synth_1/prj/sol/.autopilot/db/v_vscaler.cpp:1025:16)
INFO: [HLS 214-131] Inlining function 'hls::Scalar<3, ap_uint<10> >::Scalar()' into 'v_vcresampler_core(hls::stream<hls::Scalar<3, ap_uint<10> >, 0>&, unsigned short&, unsigned short&, unsigned char&, unsigned char&, hls::stream<hls::Scalar<3, ap_uint<10> >, 0>&)' (/home/alen/repo/zynq-7020-video-pipe-3/hw/video-pipe-hw-v5/hw_011223.runs/bd_41e7_vsc_0_synth_1/prj/sol/.autopilot/db/v_vscaler.cpp:1024:18)
INFO: [HLS 214-131] Inlining function 'hls::LineBuffer<6, 1920, ap_uint<30>, 0>::insert_top_row(ap_uint<30>, int)' into 'hls::LineBuffer<6, 1920, ap_uint<30>, 0>::insert_bottom(ap_uint<30>, int)' (/home/alen/repo/zynq-7020-video-pipe-3/hw/video-pipe-hw-v5/hw_011223.gen/sources_1/bd/broncho_video/ip/broncho_video_v_proc_ss_0_1/bd_0/ip/ip_1/src/hls/hls_video_mem.h:888:2)
INFO: [HLS 214-131] Inlining function 'hls::Scalar<3, ap_uint<10> >::Scalar()' into 'vscale_core_polyphase(hls::stream<hls::Scalar<3, ap_uint<10> >, 0>&, unsigned short&, unsigned short&, unsigned short&, unsigned int&, short (*) [6], hls::stream<hls::Scalar<3, ap_uint<10> >, 0>&)' (/home/alen/repo/zynq-7020-video-pipe-3/hw/video-pipe-hw-v5/hw_011223.runs/bd_41e7_vsc_0_synth_1/prj/sol/.autopilot/db/v_vscaler.cpp:211:18)
INFO: [HLS 214-131] Inlining function 'vscale_polyphase(short (*) [6], hls::Scalar<3, ap_uint<10> >*, unsigned char, hls::Scalar<3, ap_uint<10> >*)' into 'vscale_core_polyphase(hls::stream<hls::Scalar<3, ap_uint<10> >, 0>&, unsigned short&, unsigned short&, unsigned short&, unsigned int&, short (*) [6], hls::stream<hls::Scalar<3, ap_uint<10> >, 0>&)' (/home/alen/repo/zynq-7020-video-pipe-3/hw/video-pipe-hw-v5/hw_011223.runs/bd_41e7_vsc_0_synth_1/prj/sol/.autopilot/db/v_vscaler.cpp:371:5)
INFO: [HLS 214-131] Inlining function 'hls::Scalar<3, ap_uint<10> >::Scalar()' into 'vscale_core_polyphase(hls::stream<hls::Scalar<3, ap_uint<10> >, 0>&, unsigned short&, unsigned short&, unsigned short&, unsigned int&, short (*) [6], hls::stream<hls::Scalar<3, ap_uint<10> >, 0>&)' (/home/alen/repo/zynq-7020-video-pipe-3/hw/video-pipe-hw-v5/hw_011223.runs/bd_41e7_vsc_0_synth_1/prj/sol/.autopilot/db/v_vscaler.cpp:346:22)
INFO: [HLS 214-131] Inlining function 'hls::LineBuffer<6, 1920, ap_uint<30>, 0>::insert_bottom(ap_uint<30>, int)' into 'vscale_core_polyphase(hls::stream<hls::Scalar<3, ap_uint<10> >, 0>&, unsigned short&, unsigned short&, unsigned short&, unsigned int&, short (*) [6], hls::stream<hls::Scalar<3, ap_uint<10> >, 0>&)' (/home/alen/repo/zynq-7020-video-pipe-3/hw/video-pipe-hw-v5/hw_011223.runs/bd_41e7_vsc_0_synth_1/prj/sol/.autopilot/db/v_vscaler.cpp:339:14)
INFO: [HLS 214-131] Inlining function 'hls::LineBuffer<6, 1920, ap_uint<30>, 0>::getval(int, int)' into 'vscale_core_polyphase(hls::stream<hls::Scalar<3, ap_uint<10> >, 0>&, unsigned short&, unsigned short&, unsigned short&, unsigned int&, short (*) [6], hls::stream<hls::Scalar<3, ap_uint<10> >, 0>&)' (/home/alen/repo/zynq-7020-video-pipe-3/hw/video-pipe-hw-v5/hw_011223.runs/bd_41e7_vsc_0_synth_1/prj/sol/.autopilot/db/v_vscaler.cpp:309:41)
INFO: [HLS 214-131] Inlining function 'hls::LineBuffer<6, 1920, ap_uint<30>, 0>::LineBuffer()' into 'vscale_core_polyphase(hls::stream<hls::Scalar<3, ap_uint<10> >, 0>&, unsigned short&, unsigned short&, unsigned short&, unsigned int&, short (*) [6], hls::stream<hls::Scalar<3, ap_uint<10> >, 0>&)' (/home/alen/repo/zynq-7020-video-pipe-3/hw/video-pipe-hw-v5/hw_011223.runs/bd_41e7_vsc_0_synth_1/prj/sol/.autopilot/db/v_vscaler.cpp:214:18)
INFO: [HLS 214-131] Inlining function 'hls::Scalar<3, ap_uint<10> >::Scalar()' into 'vscale_core_polyphase(hls::stream<hls::Scalar<3, ap_uint<10> >, 0>&, unsigned short&, unsigned short&, unsigned short&, unsigned int&, short (*) [6], hls::stream<hls::Scalar<3, ap_uint<10> >, 0>&)' (/home/alen/repo/zynq-7020-video-pipe-3/hw/video-pipe-hw-v5/hw_011223.runs/bd_41e7_vsc_0_synth_1/prj/sol/.autopilot/db/v_vscaler.cpp:212:18)
INFO: [HLS 214-131] Inlining function 'hls::Scalar<3, ap_uint<10> >::Scalar()' into 'vscale_core_polyphase(hls::stream<hls::Scalar<3, ap_uint<10> >, 0>&, unsigned short&, unsigned short&, unsigned short&, unsigned int&, short (*) [6], hls::stream<hls::Scalar<3, ap_uint<10> >, 0>&)' (/home/alen/repo/zynq-7020-video-pipe-3/hw/video-pipe-hw-v5/hw_011223.runs/bd_41e7_vsc_0_synth_1/prj/sol/.autopilot/db/v_vscaler.cpp:211:26)
INFO: [HLS 214-131] Inlining function 'hls::Scalar<3, ap_uint<10> >::Scalar()' into 'MultiPixStream2AXIvideo(hls::stream<hls::Scalar<3, ap_uint<10> >, 0>&, hls::stream<hls::axis<ap_uint<30>, 1ul, 1ul, 1ul, (unsigned char)56, false>, 0>&, unsigned short&, unsigned short&, unsigned char&)' (/home/alen/repo/zynq-7020-video-pipe-3/hw/video-pipe-hw-v5/hw_011223.runs/bd_41e7_vsc_0_synth_1/prj/sol/.autopilot/db/v_vscaler.cpp:887:18)
WARNING: [HLS 214-340] The resource pragma (bind_storage) on top-level function argument, in 'call' is unsupported, please use INTERFACE pragma instead (/home/alen/repo/zynq-7020-video-pipe-3/hw/video-pipe-hw-v5/hw_011223.runs/bd_41e7_vsc_0_synth_1/prj/sol/.autopilot/db/v_vscaler.cpp:130:9)
INFO: [HLS 214-377] Adding 'pix' into disaggregation list because there's array-partition pragma applied on the struct field (/home/alen/repo/zynq-7020-video-pipe-3/hw/video-pipe-hw-v5/hw_011223.gen/sources_1/bd/broncho_video/ip/broncho_video_v_proc_ss_0_1/bd_0/ip/ip_1/src/hls/hls_video_core.h:198:9)
INFO: [HLS 214-377] Adding 'OutPix' into disaggregation list because there's array-partition pragma applied on the struct field (/home/alen/repo/zynq-7020-video-pipe-3/hw/video-pipe-hw-v5/hw_011223.gen/sources_1/bd/broncho_video/ip/broncho_video_v_proc_ss_0_1/bd_0/ip/ip_1/src/hls/hls_video_core.h:198:9)
INFO: [HLS 214-377] Adding 'PixArray' into disaggregation list because there's array-partition pragma applied on the struct field (/home/alen/repo/zynq-7020-video-pipe-3/hw/video-pipe-hw-v5/hw_011223.gen/sources_1/bd/broncho_video/ip/broncho_video_v_proc_ss_0_1/bd_0/ip/ip_1/src/hls/hls_video_core.h:198:9)
INFO: [HLS 214-377] Adding 'LineBuf' into disaggregation list because there's array-partition pragma applied on the struct field (/home/alen/repo/zynq-7020-video-pipe-3/hw/video-pipe-hw-v5/hw_011223.gen/sources_1/bd/broncho_video/ip/broncho_video_v_proc_ss_0_1/bd_0/ip/ip_1/src/hls/hls_video_mem.h:639:9)
INFO: [HLS 214-377] Adding 'PixArrayVal' into disaggregation list because there's array-partition pragma applied on the struct field (/home/alen/repo/zynq-7020-video-pipe-3/hw/video-pipe-hw-v5/hw_011223.gen/sources_1/bd/broncho_video/ip/broncho_video_v_proc_ss_0_1/bd_0/ip/ip_1/src/hls/hls_video_core.h:198:9)
INFO: [HLS 214-377] Adding 'SrcPix' into disaggregation list because there's array-partition pragma applied on the struct field (/home/alen/repo/zynq-7020-video-pipe-3/hw/video-pipe-hw-v5/hw_011223.gen/sources_1/bd/broncho_video/ip/broncho_video_v_proc_ss_0_1/bd_0/ip/ip_1/src/hls/hls_video_core.h:198:9)
INFO: [HLS 214-377] Adding 'outpix' into disaggregation list because there's array-partition pragma applied on the struct field (/home/alen/repo/zynq-7020-video-pipe-3/hw/video-pipe-hw-v5/hw_011223.gen/sources_1/bd/broncho_video/ip/broncho_video_v_proc_ss_0_1/bd_0/ip/ip_1/src/hls/hls_video_core.h:198:9)
INFO: [HLS 214-377] Adding 'mpix_y' into disaggregation list because there's array-partition pragma applied on the struct field (/home/alen/repo/zynq-7020-video-pipe-3/hw/video-pipe-hw-v5/hw_011223.gen/sources_1/bd/broncho_video/ip/broncho_video_v_proc_ss_0_1/bd_0/ip/ip_1/src/hls/hls_video_core.h:198:9)
INFO: [HLS 214-377] Adding 'mpix_c' into disaggregation list because there's array-partition pragma applied on the struct field (/home/alen/repo/zynq-7020-video-pipe-3/hw/video-pipe-hw-v5/hw_011223.gen/sources_1/bd/broncho_video/ip/broncho_video_v_proc_ss_0_1/bd_0/ip/ip_1/src/hls/hls_video_core.h:198:9)
INFO: [HLS 214-377] Adding 'pixbuf_y' into disaggregation list because there's array-partition pragma applied on the struct field (/home/alen/repo/zynq-7020-video-pipe-3/hw/video-pipe-hw-v5/hw_011223.gen/sources_1/bd/broncho_video/ip/broncho_video_v_proc_ss_0_1/bd_0/ip/ip_1/src/hls/hls_video_core.h:198:9)
INFO: [HLS 214-377] Adding 'pixbuf_c' into disaggregation list because there's array-partition pragma applied on the struct field (/home/alen/repo/zynq-7020-video-pipe-3/hw/video-pipe-hw-v5/hw_011223.gen/sources_1/bd/broncho_video/ip/broncho_video_v_proc_ss_0_1/bd_0/ip/ip_1/src/hls/hls_video_core.h:198:9)
INFO: [HLS 214-377] Adding 'linebuf_y' into disaggregation list because there's array-partition pragma applied on the struct field (/home/alen/repo/zynq-7020-video-pipe-3/hw/video-pipe-hw-v5/hw_011223.gen/sources_1/bd/broncho_video/ip/broncho_video_v_proc_ss_0_1/bd_0/ip/ip_1/src/hls/hls_video_mem.h:639:9)
INFO: [HLS 214-377] Adding 'linebuf_c' into disaggregation list because there's array-partition pragma applied on the struct field (/home/alen/repo/zynq-7020-video-pipe-3/hw/video-pipe-hw-v5/hw_011223.gen/sources_1/bd/broncho_video/ip/broncho_video_v_proc_ss_0_1/bd_0/ip/ip_1/src/hls/hls_video_mem.h:639:9)
INFO: [HLS 214-377] Adding 'PixBufVal' into disaggregation list because there's array-partition pragma applied on the struct field (/home/alen/repo/zynq-7020-video-pipe-3/hw/video-pipe-hw-v5/hw_011223.gen/sources_1/bd/broncho_video/ip/broncho_video_v_proc_ss_0_1/bd_0/ip/ip_1/src/hls/hls_video_core.h:198:9)
INFO: [HLS 214-377] Adding 'CBufVal' into disaggregation list because there's array-partition pragma applied on the struct field (/home/alen/repo/zynq-7020-video-pipe-3/hw/video-pipe-hw-v5/hw_011223.gen/sources_1/bd/broncho_video/ip/broncho_video_v_proc_ss_0_1/bd_0/ip/ip_1/src/hls/hls_video_core.h:198:9)
INFO: [HLS 214-377] Adding 'PixBufVal223' into disaggregation list because there's array-partition pragma applied on the struct field (/home/alen/repo/zynq-7020-video-pipe-3/hw/video-pipe-hw-v5/hw_011223.gen/sources_1/bd/broncho_video/ip/broncho_video_v_proc_ss_0_1/bd_0/ip/ip_1/src/hls/hls_video_core.h:198:9)
INFO: [HLS 214-210] Disaggregating variable 'pix' (/home/alen/repo/zynq-7020-video-pipe-3/hw/video-pipe-hw-v5/hw_011223.runs/bd_41e7_vsc_0_synth_1/prj/sol/.autopilot/db/v_vscaler.cpp:793:18)
INFO: [HLS 214-210] Disaggregating variable 'PixBufVal223' (/home/alen/repo/zynq-7020-video-pipe-3/hw/video-pipe-hw-v5/hw_011223.runs/bd_41e7_vsc_0_synth_1/prj/sol/.autopilot/db/v_vscaler.cpp:1156:20)
INFO: [HLS 214-210] Disaggregating variable 'CBufVal' (/home/alen/repo/zynq-7020-video-pipe-3/hw/video-pipe-hw-v5/hw_011223.runs/bd_41e7_vsc_0_synth_1/prj/sol/.autopilot/db/v_vscaler.cpp:1118:19)
INFO: [HLS 214-210] Disaggregating variable 'PixBufVal' (/home/alen/repo/zynq-7020-video-pipe-3/hw/video-pipe-hw-v5/hw_011223.runs/bd_41e7_vsc_0_synth_1/prj/sol/.autopilot/db/v_vscaler.cpp:1099:19)
INFO: [HLS 214-210] Disaggregating variable 'linebuf_c' (/home/alen/repo/zynq-7020-video-pipe-3/hw/video-pipe-hw-v5/hw_011223.runs/bd_41e7_vsc_0_synth_1/prj/sol/.autopilot/db/v_vscaler.cpp:1033:16)
INFO: [HLS 214-210] Disaggregating variable 'linebuf_y' (/home/alen/repo/zynq-7020-video-pipe-3/hw/video-pipe-hw-v5/hw_011223.runs/bd_41e7_vsc_0_synth_1/prj/sol/.autopilot/db/v_vscaler.cpp:1032:16)
INFO: [HLS 214-210] Disaggregating variable 'pixbuf_c' (/home/alen/repo/zynq-7020-video-pipe-3/hw/video-pipe-hw-v5/hw_011223.runs/bd_41e7_vsc_0_synth_1/prj/sol/.autopilot/db/v_vscaler.cpp:1029:16)
INFO: [HLS 214-210] Disaggregating variable 'pixbuf_y' (/home/alen/repo/zynq-7020-video-pipe-3/hw/video-pipe-hw-v5/hw_011223.runs/bd_41e7_vsc_0_synth_1/prj/sol/.autopilot/db/v_vscaler.cpp:1028:16)
INFO: [HLS 214-210] Disaggregating variable 'mpix_c' (/home/alen/repo/zynq-7020-video-pipe-3/hw/video-pipe-hw-v5/hw_011223.runs/bd_41e7_vsc_0_synth_1/prj/sol/.autopilot/db/v_vscaler.cpp:1026:16)
INFO: [HLS 214-210] Disaggregating variable 'mpix_y' (/home/alen/repo/zynq-7020-video-pipe-3/hw/video-pipe-hw-v5/hw_011223.runs/bd_41e7_vsc_0_synth_1/prj/sol/.autopilot/db/v_vscaler.cpp:1025:16)
INFO: [HLS 214-210] Disaggregating variable 'outpix' (/home/alen/repo/zynq-7020-video-pipe-3/hw/video-pipe-hw-v5/hw_011223.runs/bd_41e7_vsc_0_synth_1/prj/sol/.autopilot/db/v_vscaler.cpp:1024:18)
INFO: [HLS 214-210] Disaggregating variable 'pix' (/home/alen/repo/zynq-7020-video-pipe-3/hw/video-pipe-hw-v5/hw_011223.runs/bd_41e7_vsc_0_synth_1/prj/sol/.autopilot/db/v_vscaler.cpp:1023:18)
INFO: [HLS 214-210] Disaggregating variable 'PixArrayVal' (/home/alen/repo/zynq-7020-video-pipe-3/hw/video-pipe-hw-v5/hw_011223.runs/bd_41e7_vsc_0_synth_1/prj/sol/.autopilot/db/v_vscaler.cpp:346:22)
INFO: [HLS 214-210] Disaggregating variable 'LineBuf' (/home/alen/repo/zynq-7020-video-pipe-3/hw/video-pipe-hw-v5/hw_011223.runs/bd_41e7_vsc_0_synth_1/prj/sol/.autopilot/db/v_vscaler.cpp:214:18)
INFO: [HLS 214-210] Disaggregating variable 'PixArray' (/home/alen/repo/zynq-7020-video-pipe-3/hw/video-pipe-hw-v5/hw_011223.runs/bd_41e7_vsc_0_synth_1/prj/sol/.autopilot/db/v_vscaler.cpp:212:18)
INFO: [HLS 214-210] Disaggregating variable 'OutPix' (/home/alen/repo/zynq-7020-video-pipe-3/hw/video-pipe-hw-v5/hw_011223.runs/bd_41e7_vsc_0_synth_1/prj/sol/.autopilot/db/v_vscaler.cpp:211:26)
INFO: [HLS 214-210] Disaggregating variable 'SrcPix' (/home/alen/repo/zynq-7020-video-pipe-3/hw/video-pipe-hw-v5/hw_011223.runs/bd_41e7_vsc_0_synth_1/prj/sol/.autopilot/db/v_vscaler.cpp:211:18)
INFO: [HLS 214-210] Disaggregating variable 'pix' (/home/alen/repo/zynq-7020-video-pipe-3/hw/video-pipe-hw-v5/hw_011223.runs/bd_41e7_vsc_0_synth_1/prj/sol/.autopilot/db/v_vscaler.cpp:887:18)
INFO: [HLS 214-291] Loop 'VITIS_LOOP_964_3' is marked as complete unroll implied by the pipeline pragma (/home/alen/repo/zynq-7020-video-pipe-3/hw/video-pipe-hw-v5/hw_011223.runs/bd_41e7_vsc_0_synth_1/prj/sol/.autopilot/db/v_vscaler.cpp:964:22)
INFO: [HLS 214-291] Loop 'VITIS_LOOP_966_4' is marked as complete unroll implied by the pipeline pragma (/home/alen/repo/zynq-7020-video-pipe-3/hw/video-pipe-hw-v5/hw_011223.runs/bd_41e7_vsc_0_synth_1/prj/sol/.autopilot/db/v_vscaler.cpp:966:23)
INFO: [HLS 214-291] Loop 'VITIS_LOOP_307_1' is marked as complete unroll implied by the pipeline pragma (/home/alen/repo/zynq-7020-video-pipe-3/hw/video-pipe-hw-v5/hw_011223.runs/bd_41e7_vsc_0_synth_1/prj/sol/.autopilot/db/v_vscaler.cpp:307:20)
INFO: [HLS 214-291] Loop 'VITIS_LOOP_310_2' is marked as complete unroll implied by the pipeline pragma (/home/alen/repo/zynq-7020-video-pipe-3/hw/video-pipe-hw-v5/hw_011223.runs/bd_41e7_vsc_0_synth_1/prj/sol/.autopilot/db/v_vscaler.cpp:310:23)
INFO: [HLS 214-291] Loop 'VITIS_LOOP_312_3' is marked as complete unroll implied by the pipeline pragma (/home/alen/repo/zynq-7020-video-pipe-3/hw/video-pipe-hw-v5/hw_011223.runs/bd_41e7_vsc_0_synth_1/prj/sol/.autopilot/db/v_vscaler.cpp:312:24)
INFO: [HLS 214-291] Loop 'VITIS_LOOP_323_4' is marked as complete unroll implied by the pipeline pragma (/home/alen/repo/zynq-7020-video-pipe-3/hw/video-pipe-hw-v5/hw_011223.runs/bd_41e7_vsc_0_synth_1/prj/sol/.autopilot/db/v_vscaler.cpp:323:23)
INFO: [HLS 214-291] Loop 'VITIS_LOOP_330_5' is marked as complete unroll implied by the pipeline pragma (/home/alen/repo/zynq-7020-video-pipe-3/hw/video-pipe-hw-v5/hw_011223.runs/bd_41e7_vsc_0_synth_1/prj/sol/.autopilot/db/v_vscaler.cpp:330:24)
INFO: [HLS 214-291] Loop 'VITIS_LOOP_332_6' is marked as complete unroll implied by the pipeline pragma (/home/alen/repo/zynq-7020-video-pipe-3/hw/video-pipe-hw-v5/hw_011223.runs/bd_41e7_vsc_0_synth_1/prj/sol/.autopilot/db/v_vscaler.cpp:332:25)
INFO: [HLS 214-291] Loop 'VITIS_LOOP_343_7' is marked as complete unroll implied by the pipeline pragma (/home/alen/repo/zynq-7020-video-pipe-3/hw/video-pipe-hw-v5/hw_011223.runs/bd_41e7_vsc_0_synth_1/prj/sol/.autopilot/db/v_vscaler.cpp:343:23)
INFO: [HLS 214-291] Loop 'VITIS_LOOP_351_8' is marked as complete unroll implied by the pipeline pragma (/home/alen/repo/zynq-7020-video-pipe-3/hw/video-pipe-hw-v5/hw_011223.runs/bd_41e7_vsc_0_synth_1/prj/sol/.autopilot/db/v_vscaler.cpp:351:24)
INFO: [HLS 214-291] Loop 'VITIS_LOOP_353_9' is marked as complete unroll implied by the pipeline pragma (/home/alen/repo/zynq-7020-video-pipe-3/hw/video-pipe-hw-v5/hw_011223.runs/bd_41e7_vsc_0_synth_1/prj/sol/.autopilot/db/v_vscaler.cpp:353:25)
INFO: [HLS 214-291] Loop 'VITIS_LOOP_383_1' is marked as complete unroll implied by the pipeline pragma (/home/alen/repo/zynq-7020-video-pipe-3/hw/video-pipe-hw-v5/hw_011223.runs/bd_41e7_vsc_0_synth_1/prj/sol/.autopilot/db/v_vscaler.cpp:383:20)
INFO: [HLS 214-291] Loop 'VITIS_LOOP_385_2' is marked as complete unroll implied by the pipeline pragma (/home/alen/repo/zynq-7020-video-pipe-3/hw/video-pipe-hw-v5/hw_011223.runs/bd_41e7_vsc_0_synth_1/prj/sol/.autopilot/db/v_vscaler.cpp:385:21)
INFO: [HLS 214-291] Loop 'VITIS_LOOP_392_3' is marked as complete unroll implied by the pipeline pragma (/home/alen/repo/zynq-7020-video-pipe-3/hw/video-pipe-hw-v5/hw_011223.runs/bd_41e7_vsc_0_synth_1/prj/sol/.autopilot/db/v_vscaler.cpp:392:22)
INFO: [HLS 214-291] Loop 'VITIS_LOOP_1069_3' is marked as complete unroll implied by the pipeline pragma (/home/alen/repo/zynq-7020-video-pipe-3/hw/video-pipe-hw-v5/hw_011223.runs/bd_41e7_vsc_0_synth_1/prj/sol/.autopilot/db/v_vscaler.cpp:1069:24)
INFO: [HLS 214-291] Loop 'VITIS_LOOP_1079_4' is marked as complete unroll implied by the pipeline pragma (/home/alen/repo/zynq-7020-video-pipe-3/hw/video-pipe-hw-v5/hw_011223.runs/bd_41e7_vsc_0_synth_1/prj/sol/.autopilot/db/v_vscaler.cpp:1079:21)
INFO: [HLS 214-291] Loop 'VITIS_LOOP_1082_5' is marked as complete unroll implied by the pipeline pragma (/home/alen/repo/zynq-7020-video-pipe-3/hw/video-pipe-hw-v5/hw_011223.runs/bd_41e7_vsc_0_synth_1/prj/sol/.autopilot/db/v_vscaler.cpp:1082:24)
INFO: [HLS 214-291] Loop 'VITIS_LOOP_1095_6' is marked as complete unroll implied by the pipeline pragma (/home/alen/repo/zynq-7020-video-pipe-3/hw/video-pipe-hw-v5/hw_011223.runs/bd_41e7_vsc_0_synth_1/prj/sol/.autopilot/db/v_vscaler.cpp:1095:23)
INFO: [HLS 214-291] Loop 'VITIS_LOOP_1104_7' is marked as complete unroll implied by the pipeline pragma (/home/alen/repo/zynq-7020-video-pipe-3/hw/video-pipe-hw-v5/hw_011223.runs/bd_41e7_vsc_0_synth_1/prj/sol/.autopilot/db/v_vscaler.cpp:1104:24)
INFO: [HLS 214-291] Loop 'VITIS_LOOP_1116_8' is marked as complete unroll implied by the pipeline pragma (/home/alen/repo/zynq-7020-video-pipe-3/hw/video-pipe-hw-v5/hw_011223.runs/bd_41e7_vsc_0_synth_1/prj/sol/.autopilot/db/v_vscaler.cpp:1116:23)
INFO: [HLS 214-291] Loop 'VITIS_LOOP_1120_9' is marked as complete unroll implied by the pipeline pragma (/home/alen/repo/zynq-7020-video-pipe-3/hw/video-pipe-hw-v5/hw_011223.runs/bd_41e7_vsc_0_synth_1/prj/sol/.autopilot/db/v_vscaler.cpp:1120:24)
INFO: [HLS 214-291] Loop 'VITIS_LOOP_1172_13' is marked as complete unroll implied by the pipeline pragma (/home/alen/repo/zynq-7020-video-pipe-3/hw/video-pipe-hw-v5/hw_011223.runs/bd_41e7_vsc_0_synth_1/prj/sol/.autopilot/db/v_vscaler.cpp:1172:25)
INFO: [HLS 214-291] Loop 'VITIS_LOOP_1140_10' is marked as complete unroll implied by the pipeline pragma (/home/alen/repo/zynq-7020-video-pipe-3/hw/video-pipe-hw-v5/hw_011223.runs/bd_41e7_vsc_0_synth_1/prj/sol/.autopilot/db/v_vscaler.cpp:1140:26)
INFO: [HLS 214-291] Loop 'VITIS_LOOP_1152_11' is marked as complete unroll implied by the pipeline pragma (/home/alen/repo/zynq-7020-video-pipe-3/hw/video-pipe-hw-v5/hw_011223.runs/bd_41e7_vsc_0_synth_1/prj/sol/.autopilot/db/v_vscaler.cpp:1152:25)
INFO: [HLS 214-291] Loop 'VITIS_LOOP_1161_12' is marked as complete unroll implied by the pipeline pragma (/home/alen/repo/zynq-7020-video-pipe-3/hw/video-pipe-hw-v5/hw_011223.runs/bd_41e7_vsc_0_synth_1/prj/sol/.autopilot/db/v_vscaler.cpp:1161:26)
INFO: [HLS 214-291] Loop 'VITIS_LOOP_1179_14' is marked as complete unroll implied by the pipeline pragma (/home/alen/repo/zynq-7020-video-pipe-3/hw/video-pipe-hw-v5/hw_011223.runs/bd_41e7_vsc_0_synth_1/prj/sol/.autopilot/db/v_vscaler.cpp:1179:24)
INFO: [HLS 214-291] Loop 'VITIS_LOOP_834_1' is marked as complete unroll implied by the pipeline pragma (/home/alen/repo/zynq-7020-video-pipe-3/hw/video-pipe-hw-v5/hw_011223.runs/bd_41e7_vsc_0_synth_1/prj/sol/.autopilot/db/v_vscaler.cpp:834:22)
INFO: [HLS 214-291] Loop 'VITIS_LOOP_836_2' is marked as complete unroll implied by the pipeline pragma (/home/alen/repo/zynq-7020-video-pipe-3/hw/video-pipe-hw-v5/hw_011223.runs/bd_41e7_vsc_0_synth_1/prj/sol/.autopilot/db/v_vscaler.cpp:836:23)
INFO: [HLS 214-186] Unrolling loop 'VITIS_LOOP_964_3' (/home/alen/repo/zynq-7020-video-pipe-3/hw/video-pipe-hw-v5/hw_011223.runs/bd_41e7_vsc_0_synth_1/prj/sol/.autopilot/db/v_vscaler.cpp:964:22) in function 'MultiPixStream2AXIvideo' completely with a factor of 1 (/home/alen/repo/zynq-7020-video-pipe-3/hw/video-pipe-hw-v5/hw_011223.runs/bd_41e7_vsc_0_synth_1/prj/sol/.autopilot/db/v_vscaler.cpp:885:0)
INFO: [HLS 214-186] Unrolling loop 'VITIS_LOOP_966_4' (/home/alen/repo/zynq-7020-video-pipe-3/hw/video-pipe-hw-v5/hw_011223.runs/bd_41e7_vsc_0_synth_1/prj/sol/.autopilot/db/v_vscaler.cpp:966:23) in function 'MultiPixStream2AXIvideo' completely with a factor of 3 (/home/alen/repo/zynq-7020-video-pipe-3/hw/video-pipe-hw-v5/hw_011223.runs/bd_41e7_vsc_0_synth_1/prj/sol/.autopilot/db/v_vscaler.cpp:885:0)
INFO: [HLS 214-186] Unrolling loop 'VITIS_LOOP_307_1' (/home/alen/repo/zynq-7020-video-pipe-3/hw/video-pipe-hw-v5/hw_011223.runs/bd_41e7_vsc_0_synth_1/prj/sol/.autopilot/db/v_vscaler.cpp:307:20) in function 'vscale_core_polyphase' completely with a factor of 6 (/home/alen/repo/zynq-7020-video-pipe-3/hw/video-pipe-hw-v5/hw_011223.runs/bd_41e7_vsc_0_synth_1/prj/sol/.autopilot/db/v_vscaler.cpp:200:0)
INFO: [HLS 214-186] Unrolling loop 'VITIS_LOOP_310_2' (/home/alen/repo/zynq-7020-video-pipe-3/hw/video-pipe-hw-v5/hw_011223.runs/bd_41e7_vsc_0_synth_1/prj/sol/.autopilot/db/v_vscaler.cpp:310:23) in function 'vscale_core_polyphase' completely with a factor of 1 (/home/alen/repo/zynq-7020-video-pipe-3/hw/video-pipe-hw-v5/hw_011223.runs/bd_41e7_vsc_0_synth_1/prj/sol/.autopilot/db/v_vscaler.cpp:200:0)
INFO: [HLS 214-186] Unrolling loop 'VITIS_LOOP_312_3' (/home/alen/repo/zynq-7020-video-pipe-3/hw/video-pipe-hw-v5/hw_011223.runs/bd_41e7_vsc_0_synth_1/prj/sol/.autopilot/db/v_vscaler.cpp:312:24) in function 'vscale_core_polyphase' completely with a factor of 3 (/home/alen/repo/zynq-7020-video-pipe-3/hw/video-pipe-hw-v5/hw_011223.runs/bd_41e7_vsc_0_synth_1/prj/sol/.autopilot/db/v_vscaler.cpp:200:0)
INFO: [HLS 214-186] Unrolling loop 'VITIS_LOOP_323_4' (/home/alen/repo/zynq-7020-video-pipe-3/hw/video-pipe-hw-v5/hw_011223.runs/bd_41e7_vsc_0_synth_1/prj/sol/.autopilot/db/v_vscaler.cpp:323:23) in function 'vscale_core_polyphase' completely with a factor of 5 (/home/alen/repo/zynq-7020-video-pipe-3/hw/video-pipe-hw-v5/hw_011223.runs/bd_41e7_vsc_0_synth_1/prj/sol/.autopilot/db/v_vscaler.cpp:200:0)
INFO: [HLS 214-186] Unrolling loop 'VITIS_LOOP_330_5' (/home/alen/repo/zynq-7020-video-pipe-3/hw/video-pipe-hw-v5/hw_011223.runs/bd_41e7_vsc_0_synth_1/prj/sol/.autopilot/db/v_vscaler.cpp:330:24) in function 'vscale_core_polyphase' completely with a factor of 1 (/home/alen/repo/zynq-7020-video-pipe-3/hw/video-pipe-hw-v5/hw_011223.runs/bd_41e7_vsc_0_synth_1/prj/sol/.autopilot/db/v_vscaler.cpp:200:0)
INFO: [HLS 214-186] Unrolling loop 'VITIS_LOOP_332_6' (/home/alen/repo/zynq-7020-video-pipe-3/hw/video-pipe-hw-v5/hw_011223.runs/bd_41e7_vsc_0_synth_1/prj/sol/.autopilot/db/v_vscaler.cpp:332:25) in function 'vscale_core_polyphase' completely with a factor of 3 (/home/alen/repo/zynq-7020-video-pipe-3/hw/video-pipe-hw-v5/hw_011223.runs/bd_41e7_vsc_0_synth_1/prj/sol/.autopilot/db/v_vscaler.cpp:200:0)
INFO: [HLS 214-186] Unrolling loop 'VITIS_LOOP_343_7' (/home/alen/repo/zynq-7020-video-pipe-3/hw/video-pipe-hw-v5/hw_011223.runs/bd_41e7_vsc_0_synth_1/prj/sol/.autopilot/db/v_vscaler.cpp:343:23) in function 'vscale_core_polyphase' completely with a factor of 5 (/home/alen/repo/zynq-7020-video-pipe-3/hw/video-pipe-hw-v5/hw_011223.runs/bd_41e7_vsc_0_synth_1/prj/sol/.autopilot/db/v_vscaler.cpp:200:0)
INFO: [HLS 214-186] Unrolling loop 'VITIS_LOOP_351_8' (/home/alen/repo/zynq-7020-video-pipe-3/hw/video-pipe-hw-v5/hw_011223.runs/bd_41e7_vsc_0_synth_1/prj/sol/.autopilot/db/v_vscaler.cpp:351:24) in function 'vscale_core_polyphase' completely with a factor of 1 (/home/alen/repo/zynq-7020-video-pipe-3/hw/video-pipe-hw-v5/hw_011223.runs/bd_41e7_vsc_0_synth_1/prj/sol/.autopilot/db/v_vscaler.cpp:200:0)
INFO: [HLS 214-186] Unrolling loop 'VITIS_LOOP_353_9' (/home/alen/repo/zynq-7020-video-pipe-3/hw/video-pipe-hw-v5/hw_011223.runs/bd_41e7_vsc_0_synth_1/prj/sol/.autopilot/db/v_vscaler.cpp:353:25) in function 'vscale_core_polyphase' completely with a factor of 3 (/home/alen/repo/zynq-7020-video-pipe-3/hw/video-pipe-hw-v5/hw_011223.runs/bd_41e7_vsc_0_synth_1/prj/sol/.autopilot/db/v_vscaler.cpp:200:0)
INFO: [HLS 214-186] Unrolling loop 'VITIS_LOOP_383_1' (/home/alen/repo/zynq-7020-video-pipe-3/hw/video-pipe-hw-v5/hw_011223.runs/bd_41e7_vsc_0_synth_1/prj/sol/.autopilot/db/v_vscaler.cpp:383:20) in function 'vscale_core_polyphase' completely with a factor of 1 (/home/alen/repo/zynq-7020-video-pipe-3/hw/video-pipe-hw-v5/hw_011223.runs/bd_41e7_vsc_0_synth_1/prj/sol/.autopilot/db/v_vscaler.cpp:200:0)
INFO: [HLS 214-186] Unrolling loop 'VITIS_LOOP_385_2' (/home/alen/repo/zynq-7020-video-pipe-3/hw/video-pipe-hw-v5/hw_011223.runs/bd_41e7_vsc_0_synth_1/prj/sol/.autopilot/db/v_vscaler.cpp:385:21) in function 'vscale_core_polyphase' completely with a factor of 3 (/home/alen/repo/zynq-7020-video-pipe-3/hw/video-pipe-hw-v5/hw_011223.runs/bd_41e7_vsc_0_synth_1/prj/sol/.autopilot/db/v_vscaler.cpp:200:0)
INFO: [HLS 214-186] Unrolling loop 'VITIS_LOOP_392_3' (/home/alen/repo/zynq-7020-video-pipe-3/hw/video-pipe-hw-v5/hw_011223.runs/bd_41e7_vsc_0_synth_1/prj/sol/.autopilot/db/v_vscaler.cpp:392:22) in function 'vscale_core_polyphase' completely with a factor of 6 (/home/alen/repo/zynq-7020-video-pipe-3/hw/video-pipe-hw-v5/hw_011223.runs/bd_41e7_vsc_0_synth_1/prj/sol/.autopilot/db/v_vscaler.cpp:200:0)
INFO: [HLS 214-186] Unrolling loop 'VITIS_LOOP_1069_3' (/home/alen/repo/zynq-7020-video-pipe-3/hw/video-pipe-hw-v5/hw_011223.runs/bd_41e7_vsc_0_synth_1/prj/sol/.autopilot/db/v_vscaler.cpp:1069:24) in function 'v_vcresampler_core' completely with a factor of 1 (/home/alen/repo/zynq-7020-video-pipe-3/hw/video-pipe-hw-v5/hw_011223.runs/bd_41e7_vsc_0_synth_1/prj/sol/.autopilot/db/v_vscaler.cpp:1014:0)
INFO: [HLS 214-186] Unrolling loop 'VITIS_LOOP_1079_4' (/home/alen/repo/zynq-7020-video-pipe-3/hw/video-pipe-hw-v5/hw_011223.runs/bd_41e7_vsc_0_synth_1/prj/sol/.autopilot/db/v_vscaler.cpp:1079:21) in function 'v_vcresampler_core' completely with a factor of 2 (/home/alen/repo/zynq-7020-video-pipe-3/hw/video-pipe-hw-v5/hw_011223.runs/bd_41e7_vsc_0_synth_1/prj/sol/.autopilot/db/v_vscaler.cpp:1014:0)
INFO: [HLS 214-186] Unrolling loop 'VITIS_LOOP_1082_5' (/home/alen/repo/zynq-7020-video-pipe-3/hw/video-pipe-hw-v5/hw_011223.runs/bd_41e7_vsc_0_synth_1/prj/sol/.autopilot/db/v_vscaler.cpp:1082:24) in function 'v_vcresampler_core' completely with a factor of 1 (/home/alen/repo/zynq-7020-video-pipe-3/hw/video-pipe-hw-v5/hw_011223.runs/bd_41e7_vsc_0_synth_1/prj/sol/.autopilot/db/v_vscaler.cpp:1014:0)
INFO: [HLS 214-186] Unrolling loop 'VITIS_LOOP_1095_6' (/home/alen/repo/zynq-7020-video-pipe-3/hw/video-pipe-hw-v5/hw_011223.runs/bd_41e7_vsc_0_synth_1/prj/sol/.autopilot/db/v_vscaler.cpp:1095:23) in function 'v_vcresampler_core' completely with a factor of 1 (/home/alen/repo/zynq-7020-video-pipe-3/hw/video-pipe-hw-v5/hw_011223.runs/bd_41e7_vsc_0_synth_1/prj/sol/.autopilot/db/v_vscaler.cpp:1014:0)
INFO: [HLS 214-186] Unrolling loop 'VITIS_LOOP_1104_7' (/home/alen/repo/zynq-7020-video-pipe-3/hw/video-pipe-hw-v5/hw_011223.runs/bd_41e7_vsc_0_synth_1/prj/sol/.autopilot/db/v_vscaler.cpp:1104:24) in function 'v_vcresampler_core' completely with a factor of 1 (/home/alen/repo/zynq-7020-video-pipe-3/hw/video-pipe-hw-v5/hw_011223.runs/bd_41e7_vsc_0_synth_1/prj/sol/.autopilot/db/v_vscaler.cpp:1014:0)
INFO: [HLS 214-186] Unrolling loop 'VITIS_LOOP_1116_8' (/home/alen/repo/zynq-7020-video-pipe-3/hw/video-pipe-hw-v5/hw_011223.runs/bd_41e7_vsc_0_synth_1/prj/sol/.autopilot/db/v_vscaler.cpp:1116:23) in function 'v_vcresampler_core' completely with a factor of 2 (/home/alen/repo/zynq-7020-video-pipe-3/hw/video-pipe-hw-v5/hw_011223.runs/bd_41e7_vsc_0_synth_1/prj/sol/.autopilot/db/v_vscaler.cpp:1014:0)
INFO: [HLS 214-186] Unrolling loop 'VITIS_LOOP_1120_9' (/home/alen/repo/zynq-7020-video-pipe-3/hw/video-pipe-hw-v5/hw_011223.runs/bd_41e7_vsc_0_synth_1/prj/sol/.autopilot/db/v_vscaler.cpp:1120:24) in function 'v_vcresampler_core' completely with a factor of 1 (/home/alen/repo/zynq-7020-video-pipe-3/hw/video-pipe-hw-v5/hw_011223.runs/bd_41e7_vsc_0_synth_1/prj/sol/.autopilot/db/v_vscaler.cpp:1014:0)
INFO: [HLS 214-186] Unrolling loop 'VITIS_LOOP_1172_13' (/home/alen/repo/zynq-7020-video-pipe-3/hw/video-pipe-hw-v5/hw_011223.runs/bd_41e7_vsc_0_synth_1/prj/sol/.autopilot/db/v_vscaler.cpp:1172:25) in function 'v_vcresampler_core' completely with a factor of 1 (/home/alen/repo/zynq-7020-video-pipe-3/hw/video-pipe-hw-v5/hw_011223.runs/bd_41e7_vsc_0_synth_1/prj/sol/.autopilot/db/v_vscaler.cpp:1014:0)
INFO: [HLS 214-186] Unrolling loop 'VITIS_LOOP_1140_10' (/home/alen/repo/zynq-7020-video-pipe-3/hw/video-pipe-hw-v5/hw_011223.runs/bd_41e7_vsc_0_synth_1/prj/sol/.autopilot/db/v_vscaler.cpp:1140:26) in function 'v_vcresampler_core' completely with a factor of 1 (/home/alen/repo/zynq-7020-video-pipe-3/hw/video-pipe-hw-v5/hw_011223.runs/bd_41e7_vsc_0_synth_1/prj/sol/.autopilot/db/v_vscaler.cpp:1014:0)
INFO: [HLS 214-186] Unrolling loop 'VITIS_LOOP_1152_11' (/home/alen/repo/zynq-7020-video-pipe-3/hw/video-pipe-hw-v5/hw_011223.runs/bd_41e7_vsc_0_synth_1/prj/sol/.autopilot/db/v_vscaler.cpp:1152:25) in function 'v_vcresampler_core' completely with a factor of 1 (/home/alen/repo/zynq-7020-video-pipe-3/hw/video-pipe-hw-v5/hw_011223.runs/bd_41e7_vsc_0_synth_1/prj/sol/.autopilot/db/v_vscaler.cpp:1014:0)
INFO: [HLS 214-186] Unrolling loop 'VITIS_LOOP_1161_12' (/home/alen/repo/zynq-7020-video-pipe-3/hw/video-pipe-hw-v5/hw_011223.runs/bd_41e7_vsc_0_synth_1/prj/sol/.autopilot/db/v_vscaler.cpp:1161:26) in function 'v_vcresampler_core' completely with a factor of 1 (/home/alen/repo/zynq-7020-video-pipe-3/hw/video-pipe-hw-v5/hw_011223.runs/bd_41e7_vsc_0_synth_1/prj/sol/.autopilot/db/v_vscaler.cpp:1014:0)
INFO: [HLS 214-186] Unrolling loop 'VITIS_LOOP_1179_14' (/home/alen/repo/zynq-7020-video-pipe-3/hw/video-pipe-hw-v5/hw_011223.runs/bd_41e7_vsc_0_synth_1/prj/sol/.autopilot/db/v_vscaler.cpp:1179:24) in function 'v_vcresampler_core' completely with a factor of 1 (/home/alen/repo/zynq-7020-video-pipe-3/hw/video-pipe-hw-v5/hw_011223.runs/bd_41e7_vsc_0_synth_1/prj/sol/.autopilot/db/v_vscaler.cpp:1014:0)
INFO: [HLS 214-186] Unrolling loop 'VITIS_LOOP_834_1' (/home/alen/repo/zynq-7020-video-pipe-3/hw/video-pipe-hw-v5/hw_011223.runs/bd_41e7_vsc_0_synth_1/prj/sol/.autopilot/db/v_vscaler.cpp:834:22) in function 'AXIvideo2MultiPixStream' completely with a factor of 1 (/home/alen/repo/zynq-7020-video-pipe-3/hw/video-pipe-hw-v5/hw_011223.runs/bd_41e7_vsc_0_synth_1/prj/sol/.autopilot/db/v_vscaler.cpp:790:0)
INFO: [HLS 214-186] Unrolling loop 'VITIS_LOOP_836_2' (/home/alen/repo/zynq-7020-video-pipe-3/hw/video-pipe-hw-v5/hw_011223.runs/bd_41e7_vsc_0_synth_1/prj/sol/.autopilot/db/v_vscaler.cpp:836:23) in function 'AXIvideo2MultiPixStream' completely with a factor of 3 (/home/alen/repo/zynq-7020-video-pipe-3/hw/video-pipe-hw-v5/hw_011223.runs/bd_41e7_vsc_0_synth_1/prj/sol/.autopilot/db/v_vscaler.cpp:790:0)
INFO: [HLS 214-248] Applying array_partition to 'linebuf_y': Complete partitioning on dimension 1. (/home/alen/repo/zynq-7020-video-pipe-3/hw/video-pipe-hw-v5/hw_011223.runs/bd_41e7_vsc_0_synth_1/prj/sol/.autopilot/db/v_vscaler.cpp:1032:16)
INFO: [HLS 214-248] Applying array_partition to 'linebuf_c': Complete partitioning on dimension 1. (/home/alen/repo/zynq-7020-video-pipe-3/hw/video-pipe-hw-v5/hw_011223.runs/bd_41e7_vsc_0_synth_1/prj/sol/.autopilot/db/v_vscaler.cpp:1033:16)
INFO: [HLS 214-248] Applying array_partition to 'PixBufVal': Complete partitioning on dimension 1. (/home/alen/repo/zynq-7020-video-pipe-3/hw/video-pipe-hw-v5/hw_011223.runs/bd_41e7_vsc_0_synth_1/prj/sol/.autopilot/db/v_vscaler.cpp:1099:19)
INFO: [HLS 214-248] Applying array_partition to 'PixBufVal223': Complete partitioning on dimension 1. (/home/alen/repo/zynq-7020-video-pipe-3/hw/video-pipe-hw-v5/hw_011223.runs/bd_41e7_vsc_0_synth_1/prj/sol/.autopilot/db/v_vscaler.cpp:1156:20)
INFO: [HLS 214-248] Applying array_partition to 'FiltCoeff': Complete partitioning on dimension 2. (/home/alen/repo/zynq-7020-video-pipe-3/hw/video-pipe-hw-v5/hw_011223.runs/bd_41e7_vsc_0_synth_1/prj/sol/.autopilot/db/v_vscaler.cpp:213:6)
INFO: [HLS 214-248] Applying array_partition to 'LineBuf': Complete partitioning on dimension 1. (/home/alen/repo/zynq-7020-video-pipe-3/hw/video-pipe-hw-v5/hw_011223.runs/bd_41e7_vsc_0_synth_1/prj/sol/.autopilot/db/v_vscaler.cpp:214:18)
INFO: [HLS 214-248] Applying array_partition to 'PixArrayVal': Complete partitioning on dimension 1.
INFO: [HLS 214-241] Aggregating fifo (hls::stream) variable 'SrcYUV' with compact=bit mode in 30-bits (/home/alen/repo/zynq-7020-video-pipe-3/hw/video-pipe-hw-v5/hw_011223.runs/bd_41e7_vsc_0_synth_1/prj/sol/.autopilot/db/v_vscaler.cpp:146:18)
INFO: [HLS 214-241] Aggregating fifo (hls::stream) variable 'SrcYUV422' with compact=bit mode in 30-bits (/home/alen/repo/zynq-7020-video-pipe-3/hw/video-pipe-hw-v5/hw_011223.runs/bd_41e7_vsc_0_synth_1/prj/sol/.autopilot/db/v_vscaler.cpp:147:18)
INFO: [HLS 214-241] Aggregating fifo (hls::stream) variable 'OutYUV' with compact=bit mode in 30-bits (/home/alen/repo/zynq-7020-video-pipe-3/hw/video-pipe-hw-v5/hw_011223.runs/bd_41e7_vsc_0_synth_1/prj/sol/.autopilot/db/v_vscaler.cpp:148:18)
INFO: [HLS 214-376] automatically set the pipeline for Loop< loop_init_coeff_tap> at /home/alen/repo/zynq-7020-video-pipe-3/hw/video-pipe-hw-v5/hw_011223.runs/bd_41e7_vsc_0_synth_1/prj/sol/.autopilot/db/v_vscaler.cpp:252:3 
INFO-FLOW: DBG:PUTS: copy_raw_kernel_xml ap_link_39: kernel.xml not generated: /home/alen/repo/zynq-7020-video-pipe-3/hw/video-pipe-hw-v5/hw_011223.runs/bd_41e7_vsc_0_synth_1/prj/sol/.autopilot/db/kernel.internal.xml
INFO: [HLS 200-111] Finished Compiling Optimization and Transform: CPU user time: 3.73 seconds. CPU system time: 0.44 seconds. Elapsed time: 8.34 seconds; current allocated memory: 218.434 MB.
INFO: [HLS 200-111] Finished Checking Pragmas: CPU user time: 0 seconds. CPU system time: 0 seconds. Elapsed time: 0 seconds; current allocated memory: 218.434 MB.
Execute         opt_and_import_c a -opt_level=2 -skip_syncheck=0 -ng=0 -keep_printf=0 
Execute           cleanup_all_models 
INFO: [HLS 200-10] Starting code transformations ...
INFO-FLOW: Running Standard Transforms...
Execute           transform -hls -share-std-xform -demangle-name -inline-byval-memcpy -always-inline -promote-dbg-pointer -interface-preproc -mem2reg -scalarrepl -mem2reg -keep-read-access -instcombine -dce -promote-dbg-pointer -bitop-raise -loop-simplify -indvarspre -indvars -loop-simplify -xunroll -constprop -instcombine -simplifycfg -indvars -simplifycfg -dce -globaldce -basicaa -simplifycfg -mem2reg -globalopt -global-constprop -deadargelim -instcombine -simplifycfg -scalarrepl -instcombine -reassociate -licm -simplifycfg -loop-simplify -indvars -instcombine -simplifycfg -mem2reg -loop-simplify -indvars -instcombine -gvn -gvn -instcombine -adce -break-crit-edges -simplifycfg -loop-delete -global-array-opt -dce -dse -adce -find-syn-modules -top v_vscaler -deadargelim -mem2reg -instcombine -dce -presyn-prepare -interface-preproc -syn-check -check-rec-only -find-region -simplifycfg -func-extr -function-inline -globaldce -mem2reg -instcombine -dce -gvn -globaldce -adce -adse -constprop -instcombine -bit-constprop -instcombine -dce -simplifycfg -bitop-raise -simplifycfg -dce -loop-delete -reassociate -globalopt -global-privatize -mem2reg -dce -global-constprop -pointer-simplify -constprop -dce -auto-shift-reg-idiom -promote-dbg-pointer -norm-name /home/alen/repo/zynq-7020-video-pipe-3/hw/video-pipe-hw-v5/hw_011223.runs/bd_41e7_vsc_0_synth_1/prj/sol/.autopilot/db/a.g.0.bc -o /home/alen/repo/zynq-7020-video-pipe-3/hw/video-pipe-hw-v5/hw_011223.runs/bd_41e7_vsc_0_synth_1/prj/sol/.autopilot/db/a.g.1.bc -f -phase std-opt 
INFO: [HLS 200-111] Finished Standard Transforms: CPU user time: 0.05 seconds. CPU system time: 0.01 seconds. Elapsed time: 0.07 seconds; current allocated memory: 218.434 MB.
INFO: [HLS 200-10] Checking synthesizability ...
INFO-FLOW: Checking Synthesizability 1/2..
Execute           transform -hls -syn-check -check-rec-only -scalarrepl -norm-name -dce -mem2reg -instcombine -directive-preproc -mem2reg -dse -dce -dce -pag -array-normalize -instcombine -dce -array-seg-normalize -instcombine -dce -data-pack -instcombine -dce -inst-simplify -array-flatten -instcombine -dce -array-burst -dce -deadargelim -promote-global-argument -simplifycfg -mem2reg -globaldce -dce -deadargelim -dce -instcombine -function-inline -globaldce -dce -doublePtrSimplify -doublePtrElim -dce -doublePtrSimplify -promote-dbg-pointer -dce -scalarrepl -dse -adse -instcombine -ptrLegalization -simplifycfg -dce -instcombine -pointer-simplify -ptrArgReplace -dce -instcombine -resolve-double-ptr -scalarrepl -norm-name -dce -mem2reg -instcombine -ptrLegalization -simplifycfg -deadargelim -instcombine -dce -inst-simplify -directive-preproc -mem2reg -dse -dce -globaldce /home/alen/repo/zynq-7020-video-pipe-3/hw/video-pipe-hw-v5/hw_011223.runs/bd_41e7_vsc_0_synth_1/prj/sol/.autopilot/db/a.g.1.bc -o /home/alen/repo/zynq-7020-video-pipe-3/hw/video-pipe-hw-v5/hw_011223.runs/bd_41e7_vsc_0_synth_1/prj/sol/.autopilot/db/a.g.2.prechk.bc -f 
INFO-FLOW: Checking Synthesizability 2/2..
Execute           transform -syn-check /home/alen/repo/zynq-7020-video-pipe-3/hw/video-pipe-hw-v5/hw_011223.runs/bd_41e7_vsc_0_synth_1/prj/sol/.autopilot/db/a.g.2.prechk.bc -o /home/alen/repo/zynq-7020-video-pipe-3/hw/video-pipe-hw-v5/hw_011223.runs/bd_41e7_vsc_0_synth_1/prj/sol/.autopilot/db/a.g.2.bc -f -phase syn-check 
INFO: [HLS 200-111] Finished Checking Synthesizability: CPU user time: 0.05 seconds. CPU system time: 0.01 seconds. Elapsed time: 0.05 seconds; current allocated memory: 218.434 MB.
INFO-FLOW: Compiler optimizing ...
INFO-FLOW: Share syncheck's 1.bc for syn flow: copy /home/alen/repo/zynq-7020-video-pipe-3/hw/video-pipe-hw-v5/hw_011223.runs/bd_41e7_vsc_0_synth_1/prj/sol/.autopilot/db/a.g.1.bc to /home/alen/repo/zynq-7020-video-pipe-3/hw/video-pipe-hw-v5/hw_011223.runs/bd_41e7_vsc_0_synth_1/prj/sol/.autopilot/db/a.o.1.bc
INFO-FLOW: Presyn 1...
Execute           transform -hls -tmp /home/alen/repo/zynq-7020-video-pipe-3/hw/video-pipe-hw-v5/hw_011223.runs/bd_41e7_vsc_0_synth_1/prj/sol/.autopilot/db -interface-port-rename -directive-preproc -mem2reg -dse -dce -scalarrepl -norm-name -deadargelim -mem2reg -instcombine -dce -simplifycfg -dce -resource-proc -clib-intrinsic-prepare -dce -func-buffer -dce -pag -array-normalize -func-legal -instcombine -gvn -constprop -dce -simplifycfg -mem2reg -globaldce -resolve-double-ptr -dce -deadargelim -dce -instcombine -ptrArgReplace -mem2reg -dce -array-seg-normalize -deadargelim -instcombine -dce -directive-preproc -mem2reg -dse -dce -pointer-simplify -dce -port-alignment -dce -interface-preproc -data-pack -instcombine -dce -basicaa -aggr-aa -aggrmodref-aa -aggr-aa -gvn -gvn -basicaa -aggr-aa -aggrmodref-aa -aggr-aa -dse -adse -adce -loop-simplify -indvars -instcombine -gvn -loop-simplify -mem2reg -dce -find-region -instcombine -inst-simplify -interface-preproc -cfgopt -instcombine -indvars -auto-loop-unroll -loop-simplify -loop-bound -xunroll -constprop -instcombine -simplifycfg -indvars -simplifycfg -dce -globaldce -clean-region -attach-range -gvn -inst-simplify -constprop -simplifycfg -dce -pointer-simplify -dce -globalopt -constprop -dce -array-promote -scalar-auto-dep-elim -constprop -dce -ptrArgReplace -mem2reg -simplifycfg -dce -instcombine -dce -array-transform-check -array-reshape -instcombine -simplifycfg -dce -ptrArgReplace -deadargelim -mem2reg -instcombine -simplifycfg -dce -indvars -loop-simplify -loop-bound -xunroll -constprop -instcombine -simplifycfg -indvars -simplifycfg -dce -globaldce -basicaa -aggr-aa -aggrmodref-aa -aggr-aa -dse -duplicate-dataflow-processes -globaldce -instcombine -array-partition -prepare-dynamic-array-partition -instcombine -simplifycfg -dce -ptrArgReplace -global-constprop -deadargelim -mem2reg -func-legal -dce -global-constprop -deadargelim -mem2reg -simplifycfg -dce -merge-param -deadargelim -globalopt -constprop -dce -array-promote -scalar-auto-dep-elim -constprop -dce -ptrArgReplace -mem2reg -simplifycfg -dce -mem-intrinsic-preproc -dce -global-internalize -global-privatize -mem2reg -globaldce -promote-global-argument -ptrArgReplace -mem2reg -dce -globalopt -mergereturn -simplify-global-access -mem2reg -dce -pointer-simplify -dce -functionattrs -basicaa -aggr-aa -aggrmodref-aa -aggr-aa -gvn -gvn -basicaa -aggr-aa -aggrmodref-aa -aggr-aa -dse -adse -adce -dce -norm-name -basicaa -aggr-aa -aggrmodref-aa -aggr-aa -accesses-merge -function-inline -complex-op-raise -inst-simplify -globaldce -func-legal -dce -loop-bound -arraycheck -bitwidthmin2 -bitwidthmin2 -on-by-dataflow -loop-delete -instcombine -simplifycfg -globaldce -dce -gvn -deadargelim -dce -loop-simplify -clean-region -simplifycfg -propagate-stable-arguments -loop-stream -instcombine -simplifycfg -dce -globaldce -duplicate-dataflow-processes -stream-intrinsic-preproc -dce -check-ap-stream -loop-simplify -eliminate-keepreads -extract-dataflow-in-loop -loop-simplify -dce -gvn -deadargelim -dse -duplicate-dataflow-processes -check-dataflow-syntax -legalize-stream-variable -globaldce -legalize-global -extract-subproc -dce -dead-channel-elimination -canonicalize-gep -globaldce -dce -gvn -hls-dead-arg-elim -deadargelim -directive-preproc -canonicalize-dataflow -dce -globaldce -scalar-preprocessing -scalar-propagation2 -scalar-stream -deadargelim -globaldce -mem2reg -check-dataflow-channels -function-stream -dce -globaldce -prop-fifo-spec -internal-stream-gen -canonicalize-gep -globaldce -dce -gvn -deadargelim -mergereturn -indvars -loop-simplify -instcombine -array-stream -array-seg-normalize -array-partition -clean-array-spec -func-legal -instcombine -simplifycfg -dce -bundle-memfifo-ops -deadargelim -directive-preproc -mem2reg -dse -dce -group-axi-access -licm -simplifycfg -dce -loop-delete -hls-display -norm-name /home/alen/repo/zynq-7020-video-pipe-3/hw/video-pipe-hw-v5/hw_011223.runs/bd_41e7_vsc_0_synth_1/prj/sol/.autopilot/db/a.o.1.bc -o /home/alen/repo/zynq-7020-video-pipe-3/hw/video-pipe-hw-v5/hw_011223.runs/bd_41e7_vsc_0_synth_1/prj/sol/.autopilot/db/a.o.1.tmp.bc -f 
WARNING: [XFORM 203-561] Updating loop upper bound from 65535 to 1920 for loop 'loop_width_for_procpix' (/home/alen/repo/zynq-7020-video-pipe-3/hw/video-pipe-hw-v5/hw_011223.runs/bd_41e7_vsc_0_synth_1/prj/sol/.autopilot/db/v_vscaler.cpp:297:12) in function 'vscale_core_polyphase'.
WARNING: [XFORM 203-561] Ignored invalid trip count directive (MAX (= 1920) < AVE (= 32767)) for loop 'loop_width_for_procpix' (/home/alen/repo/zynq-7020-video-pipe-3/hw/video-pipe-hw-v5/hw_011223.runs/bd_41e7_vsc_0_synth_1/prj/sol/.autopilot/db/v_vscaler.cpp:297:12) in function 'vscale_core_polyphase'.
WARNING: [XFORM 203-561] Updating loop upper bound from 65535 to 1085 for loop 'loop_height' (/home/alen/repo/zynq-7020-video-pipe-3/hw/video-pipe-hw-v5/hw_011223.runs/bd_41e7_vsc_0_synth_1/prj/sol/.autopilot/db/v_vscaler.cpp:242:6) in function 'vscale_core_polyphase'.
WARNING: [XFORM 203-561] Ignored invalid trip count directive (MAX (= 1085) < AVE (= 32767)) for loop 'loop_height' (/home/alen/repo/zynq-7020-video-pipe-3/hw/video-pipe-hw-v5/hw_011223.runs/bd_41e7_vsc_0_synth_1/prj/sol/.autopilot/db/v_vscaler.cpp:242:6) in function 'vscale_core_polyphase'.
WARNING: [XFORM 203-561] Updating loop upper bound from 65535 to 32767 for loop 'VITIS_LOOP_1057_2' (/home/alen/repo/zynq-7020-video-pipe-3/hw/video-pipe-hw-v5/hw_011223.runs/bd_41e7_vsc_0_synth_1/prj/sol/.autopilot/db/v_vscaler.cpp:1015:9) in function 'v_vcresampler_core'.
WARNING: [XFORM 203-561] Updating loop upper bound from 65535 to 32767 for loop 'VITIS_LOOP_1055_1' (/home/alen/repo/zynq-7020-video-pipe-3/hw/video-pipe-hw-v5/hw_011223.runs/bd_41e7_vsc_0_synth_1/prj/sol/.autopilot/db/v_vscaler.cpp:1015:6) in function 'v_vcresampler_core'.
WARNING: [XFORM 203-561] Updating loop upper bound from 65535 to 1920 for loop 'VITIS_LOOP_940_2' (/home/alen/repo/zynq-7020-video-pipe-3/hw/video-pipe-hw-v5/hw_011223.runs/bd_41e7_vsc_0_synth_1/prj/sol/.autopilot/db/v_vscaler.cpp:937:7) in function 'MultiPixStream2AXIvideo'.
WARNING: [XFORM 203-561] Ignored invalid trip count directive (MAX (= 1920) < AVE (= 32767)) for loop 'VITIS_LOOP_940_2' (/home/alen/repo/zynq-7020-video-pipe-3/hw/video-pipe-hw-v5/hw_011223.runs/bd_41e7_vsc_0_synth_1/prj/sol/.autopilot/db/v_vscaler.cpp:937:7) in function 'MultiPixStream2AXIvideo'.
WARNING: [XFORM 203-561] Updating loop upper bound from 65535 to 1080 for loop 'VITIS_LOOP_938_1' (/home/alen/repo/zynq-7020-video-pipe-3/hw/video-pipe-hw-v5/hw_011223.runs/bd_41e7_vsc_0_synth_1/prj/sol/.autopilot/db/v_vscaler.cpp:937:7) in function 'MultiPixStream2AXIvideo'.
WARNING: [XFORM 203-561] Ignored invalid trip count directive (MAX (= 1080) < AVE (= 32767)) for loop 'VITIS_LOOP_938_1' (/home/alen/repo/zynq-7020-video-pipe-3/hw/video-pipe-hw-v5/hw_011223.runs/bd_41e7_vsc_0_synth_1/prj/sol/.autopilot/db/v_vscaler.cpp:937:7) in function 'MultiPixStream2AXIvideo'.
WARNING: [XFORM 203-561] Updating loop upper bound from 65535 to 1920 for loop 'loop_width' (/home/alen/repo/zynq-7020-video-pipe-3/hw/video-pipe-hw-v5/hw_011223.runs/bd_41e7_vsc_0_synth_1/prj/sol/.autopilot/db/v_vscaler.cpp:792:31) in function 'AXIvideo2MultiPixStream'.
WARNING: [XFORM 203-561] Ignored invalid trip count directive (MAX (= 1920) < AVE (= 32767)) for loop 'loop_width' (/home/alen/repo/zynq-7020-video-pipe-3/hw/video-pipe-hw-v5/hw_011223.runs/bd_41e7_vsc_0_synth_1/prj/sol/.autopilot/db/v_vscaler.cpp:792:31) in function 'AXIvideo2MultiPixStream'.
WARNING: [XFORM 203-561] Updating loop upper bound from 2160 to 1080 for loop 'loop_height' (/home/alen/repo/zynq-7020-video-pipe-3/hw/video-pipe-hw-v5/hw_011223.runs/bd_41e7_vsc_0_synth_1/prj/sol/.autopilot/db/v_vscaler.cpp:814:9) in function 'AXIvideo2MultiPixStream'.
INFO: [XFORM 203-712] Applying dataflow to function 'v_vscaler' (/home/alen/repo/zynq-7020-video-pipe-3/hw/video-pipe-hw-v5/hw_011223.runs/bd_41e7_vsc_0_synth_1/prj/sol/.autopilot/db/v_vscaler.cpp:104:1), detected/extracted 5 process function(s): 
	 'Block_entry4_proc'
	 'AXIvideo2MultiPixStream'
	 'v_vcresampler_core'
	 'vscale_core_polyphase'
	 'MultiPixStream2AXIvideo'.
Command           transform done; 0.19 sec.
INFO-FLOW: Presyn 2...
Execute           transform -hls -keep-callgraph -scalarrepl -mem2reg -port-alignment -attach-range -dce -pipe-mux-gen -indvars -loop-bound -inst-simplify -instcombine -dce -merge-array-access -mem2reg -dce -clean-region -mergereturn -if-conv -instcombine -dce -constprop -basicaa -aggr-aa -aggrmodref-aa -aggr-aa -gvn -gvn -basicaa -aggr-aa -aggrmodref-aa -aggr-aa -dse -adse -adce -scalarrepl -mem2reg -global-constprop -deadargelim -deadargelim -instcombine -dce -simplifycfg -ptrArgReplace -mem2reg -function-inline -globaldce -mem2reg -instcombine -dce -expr-balance -instcombine -dce -bitwidthmin2 -bitwidthmin2 -interface-preproc -directive-preproc -inst-rectify -instcombine -dce -functionattrs -constprop -instcombine -bit-constprop -simplify-global-access -globalopt -globaldce -inst-simplify -instcombine -elimdeaddata -dce -loop-delete -simplifycfg -loop-simplify -barrier -norm-name /home/alen/repo/zynq-7020-video-pipe-3/hw/video-pipe-hw-v5/hw_011223.runs/bd_41e7_vsc_0_synth_1/prj/sol/.autopilot/db/a.o.1.tmp.bc -o /home/alen/repo/zynq-7020-video-pipe-3/hw/video-pipe-hw-v5/hw_011223.runs/bd_41e7_vsc_0_synth_1/prj/sol/.autopilot/db/a.o.2.bc -f -phase presyn 
INFO: [XFORM 203-401] Performing if-conversion on hyperblock from (/home/alen/repo/zynq-7020-video-pipe-3/hw/video-pipe-hw-v5/hw_011223.runs/bd_41e7_vsc_0_synth_1/prj/sol/.autopilot/db/v_vscaler.cpp:259:2) to (/home/alen/repo/zynq-7020-video-pipe-3/hw/video-pipe-hw-v5/hw_011223.runs/bd_41e7_vsc_0_synth_1/prj/sol/.autopilot/db/v_vscaler.cpp:297:3) in function 'vscale_core_polyphase'... converting 3 basic blocks.
INFO: [XFORM 203-401] Performing if-conversion on hyperblock from (/home/alen/repo/zynq-7020-video-pipe-3/hw/video-pipe-hw-v5/hw_011223.runs/bd_41e7_vsc_0_synth_1/prj/sol/.autopilot/db/v_vscaler.cpp:1182:10) to (/home/alen/repo/zynq-7020-video-pipe-3/hw/video-pipe-hw-v5/hw_011223.runs/bd_41e7_vsc_0_synth_1/prj/sol/.autopilot/db/v_vscaler.cpp:1224:21) in function 'v_vcresampler_core'... converting 6 basic blocks.
INFO: [XFORM 203-401] Performing if-conversion on hyperblock from (/home/alen/repo/zynq-7020-video-pipe-3/hw/video-pipe-hw-v5/hw_011223.runs/bd_41e7_vsc_0_synth_1/prj/sol/.autopilot/db/v_vscaler.cpp:842:2) to (/home/alen/repo/zynq-7020-video-pipe-3/hw/video-pipe-hw-v5/hw_011223.runs/bd_41e7_vsc_0_synth_1/prj/sol/.autopilot/db/v_vscaler.cpp:817:3) in function 'AXIvideo2MultiPixStream'... converting 13 basic blocks.
INFO: [HLS 200-111] Finished Loop, function and other optimizations: CPU user time: 0.27 seconds. CPU system time: 0 seconds. Elapsed time: 0.27 seconds; current allocated memory: 238.891 MB.
INFO-FLOW: Building ssdm...
Execute           transform -hls -auto-function-inline -globaldce -ptrArgReplace -mem2reg -dce -reset-lda -loop-simplify -indvars -aggr-aa -licm -loop-dep -loop-bound -licm -loop-simplify -loop-sink-hoist -flattenloopnest -array-flatten -gvn -instcombine -dce -array-map -dce -func-legal -gvn -adce -instcombine -cfgopt -simplifycfg-lite -loop-simplify -array-burst -promote-global-argument -dce -array-seg-normalize -basicaa -aggrmodref-aa -globalsmodref-aa -aggr-aa -gvn -gvn -basicaa -aggrmodref-aa -globalsmodref-aa -aggr-aa -dse -adse -adce -licm -inst-simplify -dce -globaldce -instcombine -array-stream -eliminate-keepreads -instcombine -dce -deadargelim -doublePtrSimplify -doublePtrElim -dce -doublePtrSimplify -promote-dbg-pointer -dce -scalarrepl -mem2reg -norm-name -mem2reg -instcombine -dse -adse -adce -ptrLegalization -dce -array-flatten -dce -instcombine -check-doubleptr -loop-rot -constprop -cfgopt -simplifycfg-lite -loop-simplify -indvars -pointer-simplify -dce -loop-bound -loop-simplify -loop-preproc -constprop -global-constprop -gvn -mem2reg -instcombine -dce -loop-bound -loop-merge -dce -deadargelim -dce -canonicalize-dataflow -dce -deadargelim -globaldce -mem2reg -bram-byte-enable -inst-simplify -inst-rectify -instcombine -adce -deadargelim -load-elim -read-loop-dep -loop-simplify -loop-extract-inner -directive-preproc -bitwidthmin2 -bitwidthmin2 -read-loop-dep -interface-preproc -directive-preproc -interface-gen -bram-byte-enable-spec-prop -deadargelim -inst-simplify -dce -mem2reg -instcombine -gvn -dce -adse -loop-bound -instcombine -cfgopt -simplifycfg-lite -loop-simplify -clean-region -io-protocol -find-region -mem2reg -bitop-raise -complex-op-raise -inst-simplify -inst-rectify -instcombine -adce -deadargelim -float-op-raise -loop-simplify -phi-opt -bitop-raise -cfgopt -simplifycfg-lite -strip-dead-prototypes -interface-lower -bitop-lower -intrinsic-lower -auto-function-inline -basicaa -aggrmodref-aa -globalsmodref-aa -aggr-aa -inst-simplify -simplifycfg-lite -loop-simplify -mergereturn -inst-simplify -inst-rectify -globaldce -dce -load-elim -bitop-lower -float-op-raise -fma-raise -loop-rewind -pointer-simplify -dce -cfgopt -dce -loop-bound -loop-dep -read-loop-dep -dce -dyn-mem-reuse -dce -recurrence-min -dce -share-scalar-alloca -deadargelim -dce -check-stream -norm-name -legalize -validate-dataflow -inst-clarity -bitwidth -dce -dump-loop-dep-to-ir -check-all-ssdm -dump-complexity-metric -cdfg-build /home/alen/repo/zynq-7020-video-pipe-3/hw/video-pipe-hw-v5/hw_011223.runs/bd_41e7_vsc_0_synth_1/prj/sol/.autopilot/db/a.o.2.bc -o /home/alen/repo/zynq-7020-video-pipe-3/hw/video-pipe-hw-v5/hw_011223.runs/bd_41e7_vsc_0_synth_1/prj/sol/.autopilot/db/a.o.3.bc -f -phase build-ssdm 
INFO: [HLS 200-2061] Successfully converted nested loops 'loop_init_coeff_phase'(/home/alen/repo/zynq-7020-video-pipe-3/hw/video-pipe-hw-v5/hw_011223.runs/bd_41e7_vsc_0_synth_1/prj/sol/.autopilot/db/v_vscaler.cpp:249:2) and 'loop_init_coeff_tap'(/home/alen/repo/zynq-7020-video-pipe-3/hw/video-pipe-hw-v5/hw_011223.runs/bd_41e7_vsc_0_synth_1/prj/sol/.autopilot/db/v_vscaler.cpp:252:3) in function 'vscale_core_polyphase' into perfectly nested loops.
INFO: [XFORM 203-541] Flattening a loop nest 'loop_init_coeff_phase' (/home/alen/repo/zynq-7020-video-pipe-3/hw/video-pipe-hw-v5/hw_011223.runs/bd_41e7_vsc_0_synth_1/prj/sol/.autopilot/db/v_vscaler.cpp:249:2) in function 'vscale_core_polyphase'.
WARNING: [ANALYSIS 214-52] Found false inter dependency for variable 'LineBuf.5' (/home/alen/repo/zynq-7020-video-pipe-3/hw/video-pipe-hw-v5/hw_011223.runs/bd_41e7_vsc_0_synth_1/prj/sol/.autopilot/db/v_vscaler.cpp:214).
WARNING: [ANALYSIS 214-52] Found false inter dependency for variable 'LineBuf.4' (/home/alen/repo/zynq-7020-video-pipe-3/hw/video-pipe-hw-v5/hw_011223.runs/bd_41e7_vsc_0_synth_1/prj/sol/.autopilot/db/v_vscaler.cpp:214).
WARNING: [ANALYSIS 214-52] Found false inter dependency for variable 'LineBuf.3' (/home/alen/repo/zynq-7020-video-pipe-3/hw/video-pipe-hw-v5/hw_011223.runs/bd_41e7_vsc_0_synth_1/prj/sol/.autopilot/db/v_vscaler.cpp:214).
WARNING: [ANALYSIS 214-52] Found false inter dependency for variable 'LineBuf.2' (/home/alen/repo/zynq-7020-video-pipe-3/hw/video-pipe-hw-v5/hw_011223.runs/bd_41e7_vsc_0_synth_1/prj/sol/.autopilot/db/v_vscaler.cpp:214).
WARNING: [ANALYSIS 214-52] Found false inter dependency for variable 'LineBuf.1' (/home/alen/repo/zynq-7020-video-pipe-3/hw/video-pipe-hw-v5/hw_011223.runs/bd_41e7_vsc_0_synth_1/prj/sol/.autopilot/db/v_vscaler.cpp:214).
WARNING: [ANALYSIS 214-52] Found false inter dependency for variable 'LineBuf' (/home/alen/repo/zynq-7020-video-pipe-3/hw/video-pipe-hw-v5/hw_011223.runs/bd_41e7_vsc_0_synth_1/prj/sol/.autopilot/db/v_vscaler.cpp:214).
WARNING: [ANALYSIS 214-52] Found false intra dependency for variable 'LineBuf.5' (/home/alen/repo/zynq-7020-video-pipe-3/hw/video-pipe-hw-v5/hw_011223.runs/bd_41e7_vsc_0_synth_1/prj/sol/.autopilot/db/v_vscaler.cpp:214).
WARNING: [ANALYSIS 214-52] Found false intra dependency for variable 'LineBuf.4' (/home/alen/repo/zynq-7020-video-pipe-3/hw/video-pipe-hw-v5/hw_011223.runs/bd_41e7_vsc_0_synth_1/prj/sol/.autopilot/db/v_vscaler.cpp:214).
WARNING: [ANALYSIS 214-52] Found false intra dependency for variable 'LineBuf.3' (/home/alen/repo/zynq-7020-video-pipe-3/hw/video-pipe-hw-v5/hw_011223.runs/bd_41e7_vsc_0_synth_1/prj/sol/.autopilot/db/v_vscaler.cpp:214).
WARNING: [ANALYSIS 214-52] Found false intra dependency for variable 'LineBuf.2' (/home/alen/repo/zynq-7020-video-pipe-3/hw/video-pipe-hw-v5/hw_011223.runs/bd_41e7_vsc_0_synth_1/prj/sol/.autopilot/db/v_vscaler.cpp:214).
WARNING: [ANALYSIS 214-52] Found false intra dependency for variable 'LineBuf.1' (/home/alen/repo/zynq-7020-video-pipe-3/hw/video-pipe-hw-v5/hw_011223.runs/bd_41e7_vsc_0_synth_1/prj/sol/.autopilot/db/v_vscaler.cpp:214).
WARNING: [ANALYSIS 214-52] Found false intra dependency for variable 'LineBuf' (/home/alen/repo/zynq-7020-video-pipe-3/hw/video-pipe-hw-v5/hw_011223.runs/bd_41e7_vsc_0_synth_1/prj/sol/.autopilot/db/v_vscaler.cpp:214).
WARNING: [ANALYSIS 214-52] Found false inter dependency for variable 'linebuf_y.1' (/home/alen/repo/zynq-7020-video-pipe-3/hw/video-pipe-hw-v5/hw_011223.runs/bd_41e7_vsc_0_synth_1/prj/sol/.autopilot/db/v_vscaler.cpp:1032).
WARNING: [ANALYSIS 214-52] Found false inter dependency for variable 'linebuf_y' (/home/alen/repo/zynq-7020-video-pipe-3/hw/video-pipe-hw-v5/hw_011223.runs/bd_41e7_vsc_0_synth_1/prj/sol/.autopilot/db/v_vscaler.cpp:1032).
WARNING: [ANALYSIS 214-52] Found false intra dependency for variable 'linebuf_y.1' (/home/alen/repo/zynq-7020-video-pipe-3/hw/video-pipe-hw-v5/hw_011223.runs/bd_41e7_vsc_0_synth_1/prj/sol/.autopilot/db/v_vscaler.cpp:1032).
WARNING: [ANALYSIS 214-52] Found false intra dependency for variable 'linebuf_y' (/home/alen/repo/zynq-7020-video-pipe-3/hw/video-pipe-hw-v5/hw_011223.runs/bd_41e7_vsc_0_synth_1/prj/sol/.autopilot/db/v_vscaler.cpp:1032).
WARNING: [ANALYSIS 214-52] Found false inter dependency for variable 'linebuf_c.2' (/home/alen/repo/zynq-7020-video-pipe-3/hw/video-pipe-hw-v5/hw_011223.runs/bd_41e7_vsc_0_synth_1/prj/sol/.autopilot/db/v_vscaler.cpp:1033).
WARNING: [ANALYSIS 214-52] Found false inter dependency for variable 'linebuf_c.1' (/home/alen/repo/zynq-7020-video-pipe-3/hw/video-pipe-hw-v5/hw_011223.runs/bd_41e7_vsc_0_synth_1/prj/sol/.autopilot/db/v_vscaler.cpp:1033).
WARNING: [ANALYSIS 214-52] Found false inter dependency for variable 'linebuf_c' (/home/alen/repo/zynq-7020-video-pipe-3/hw/video-pipe-hw-v5/hw_011223.runs/bd_41e7_vsc_0_synth_1/prj/sol/.autopilot/db/v_vscaler.cpp:1033).
WARNING: [ANALYSIS 214-52] Found false intra dependency for variable 'linebuf_c.2' (/home/alen/repo/zynq-7020-video-pipe-3/hw/video-pipe-hw-v5/hw_011223.runs/bd_41e7_vsc_0_synth_1/prj/sol/.autopilot/db/v_vscaler.cpp:1033).
WARNING: [ANALYSIS 214-52] Found false intra dependency for variable 'linebuf_c.1' (/home/alen/repo/zynq-7020-video-pipe-3/hw/video-pipe-hw-v5/hw_011223.runs/bd_41e7_vsc_0_synth_1/prj/sol/.autopilot/db/v_vscaler.cpp:1033).
WARNING: [ANALYSIS 214-52] Found false intra dependency for variable 'linebuf_c' (/home/alen/repo/zynq-7020-video-pipe-3/hw/video-pipe-hw-v5/hw_011223.runs/bd_41e7_vsc_0_synth_1/prj/sol/.autopilot/db/v_vscaler.cpp:1033).
WARNING: [ANALYSIS 214-52] Found false inter dependency for variable 'LineBuf.5' (/home/alen/repo/zynq-7020-video-pipe-3/hw/video-pipe-hw-v5/hw_011223.runs/bd_41e7_vsc_0_synth_1/prj/sol/.autopilot/db/v_vscaler.cpp:214).
WARNING: [ANALYSIS 214-52] Found false inter dependency for variable 'LineBuf.4' (/home/alen/repo/zynq-7020-video-pipe-3/hw/video-pipe-hw-v5/hw_011223.runs/bd_41e7_vsc_0_synth_1/prj/sol/.autopilot/db/v_vscaler.cpp:214).
WARNING: [ANALYSIS 214-52] Found false inter dependency for variable 'LineBuf.3' (/home/alen/repo/zynq-7020-video-pipe-3/hw/video-pipe-hw-v5/hw_011223.runs/bd_41e7_vsc_0_synth_1/prj/sol/.autopilot/db/v_vscaler.cpp:214).
WARNING: [ANALYSIS 214-52] Found false inter dependency for variable 'LineBuf.2' (/home/alen/repo/zynq-7020-video-pipe-3/hw/video-pipe-hw-v5/hw_011223.runs/bd_41e7_vsc_0_synth_1/prj/sol/.autopilot/db/v_vscaler.cpp:214).
WARNING: [ANALYSIS 214-52] Found false inter dependency for variable 'LineBuf.1' (/home/alen/repo/zynq-7020-video-pipe-3/hw/video-pipe-hw-v5/hw_011223.runs/bd_41e7_vsc_0_synth_1/prj/sol/.autopilot/db/v_vscaler.cpp:214).
WARNING: [ANALYSIS 214-52] Found false inter dependency for variable 'LineBuf' (/home/alen/repo/zynq-7020-video-pipe-3/hw/video-pipe-hw-v5/hw_011223.runs/bd_41e7_vsc_0_synth_1/prj/sol/.autopilot/db/v_vscaler.cpp:214).
WARNING: [ANALYSIS 214-52] Found false intra dependency for variable 'LineBuf.5' (/home/alen/repo/zynq-7020-video-pipe-3/hw/video-pipe-hw-v5/hw_011223.runs/bd_41e7_vsc_0_synth_1/prj/sol/.autopilot/db/v_vscaler.cpp:214).
WARNING: [ANALYSIS 214-52] Found false intra dependency for variable 'LineBuf.4' (/home/alen/repo/zynq-7020-video-pipe-3/hw/video-pipe-hw-v5/hw_011223.runs/bd_41e7_vsc_0_synth_1/prj/sol/.autopilot/db/v_vscaler.cpp:214).
WARNING: [ANALYSIS 214-52] Found false intra dependency for variable 'LineBuf.3' (/home/alen/repo/zynq-7020-video-pipe-3/hw/video-pipe-hw-v5/hw_011223.runs/bd_41e7_vsc_0_synth_1/prj/sol/.autopilot/db/v_vscaler.cpp:214).
WARNING: [ANALYSIS 214-52] Found false intra dependency for variable 'LineBuf.2' (/home/alen/repo/zynq-7020-video-pipe-3/hw/video-pipe-hw-v5/hw_011223.runs/bd_41e7_vsc_0_synth_1/prj/sol/.autopilot/db/v_vscaler.cpp:214).
WARNING: [ANALYSIS 214-52] Found false intra dependency for variable 'LineBuf.1' (/home/alen/repo/zynq-7020-video-pipe-3/hw/video-pipe-hw-v5/hw_011223.runs/bd_41e7_vsc_0_synth_1/prj/sol/.autopilot/db/v_vscaler.cpp:214).
WARNING: [ANALYSIS 214-52] Found false intra dependency for variable 'LineBuf' (/home/alen/repo/zynq-7020-video-pipe-3/hw/video-pipe-hw-v5/hw_011223.runs/bd_41e7_vsc_0_synth_1/prj/sol/.autopilot/db/v_vscaler.cpp:214).
WARNING: [ANALYSIS 214-52] Found false inter dependency for variable 'linebuf_y.1' (/home/alen/repo/zynq-7020-video-pipe-3/hw/video-pipe-hw-v5/hw_011223.runs/bd_41e7_vsc_0_synth_1/prj/sol/.autopilot/db/v_vscaler.cpp:1032).
WARNING: [ANALYSIS 214-52] Found false inter dependency for variable 'linebuf_y' (/home/alen/repo/zynq-7020-video-pipe-3/hw/video-pipe-hw-v5/hw_011223.runs/bd_41e7_vsc_0_synth_1/prj/sol/.autopilot/db/v_vscaler.cpp:1032).
WARNING: [ANALYSIS 214-52] Found false intra dependency for variable 'linebuf_y.1' (/home/alen/repo/zynq-7020-video-pipe-3/hw/video-pipe-hw-v5/hw_011223.runs/bd_41e7_vsc_0_synth_1/prj/sol/.autopilot/db/v_vscaler.cpp:1032).
WARNING: [ANALYSIS 214-52] Found false intra dependency for variable 'linebuf_y' (/home/alen/repo/zynq-7020-video-pipe-3/hw/video-pipe-hw-v5/hw_011223.runs/bd_41e7_vsc_0_synth_1/prj/sol/.autopilot/db/v_vscaler.cpp:1032).
WARNING: [ANALYSIS 214-52] Found false inter dependency for variable 'linebuf_c.2' (/home/alen/repo/zynq-7020-video-pipe-3/hw/video-pipe-hw-v5/hw_011223.runs/bd_41e7_vsc_0_synth_1/prj/sol/.autopilot/db/v_vscaler.cpp:1033).
WARNING: [ANALYSIS 214-52] Found false inter dependency for variable 'linebuf_c.1' (/home/alen/repo/zynq-7020-video-pipe-3/hw/video-pipe-hw-v5/hw_011223.runs/bd_41e7_vsc_0_synth_1/prj/sol/.autopilot/db/v_vscaler.cpp:1033).
WARNING: [ANALYSIS 214-52] Found false inter dependency for variable 'linebuf_c' (/home/alen/repo/zynq-7020-video-pipe-3/hw/video-pipe-hw-v5/hw_011223.runs/bd_41e7_vsc_0_synth_1/prj/sol/.autopilot/db/v_vscaler.cpp:1033).
WARNING: [ANALYSIS 214-52] Found false intra dependency for variable 'linebuf_c.2' (/home/alen/repo/zynq-7020-video-pipe-3/hw/video-pipe-hw-v5/hw_011223.runs/bd_41e7_vsc_0_synth_1/prj/sol/.autopilot/db/v_vscaler.cpp:1033).
WARNING: [ANALYSIS 214-52] Found false intra dependency for variable 'linebuf_c.1' (/home/alen/repo/zynq-7020-video-pipe-3/hw/video-pipe-hw-v5/hw_011223.runs/bd_41e7_vsc_0_synth_1/prj/sol/.autopilot/db/v_vscaler.cpp:1033).
WARNING: [ANALYSIS 214-52] Found false intra dependency for variable 'linebuf_c' (/home/alen/repo/zynq-7020-video-pipe-3/hw/video-pipe-hw-v5/hw_011223.runs/bd_41e7_vsc_0_synth_1/prj/sol/.autopilot/db/v_vscaler.cpp:1033).
Execute             auto_get_db
WARNING: [HLS 200-1614] Cosimulation may deadlock if process AXIvideo2MultiPixStream has a streamed top-level array input and has predecessor processes. If a deadlock occurs, please consider converting the streamed array into an hls::stream
WARNING: [HLS 200-1449] Process vscale_core_polyphase has both a predecessor and reads an input from its caller (see the GUI dataflow viewer). This may lead to lower throughput. Consider copying this input via a predecessor process.
Command           transform done; 0.34 sec.
INFO: [HLS 200-111] Finished Architecture Synthesis: CPU user time: 0.29 seconds. CPU system time: 0.04 seconds. Elapsed time: 0.34 seconds; current allocated memory: 360.371 MB.
INFO-FLOW: Finish building internal data model.
Command         opt_and_import_c done; 0.74 sec.
Command       elaborate done; 37.32 sec.
Execute       ap_eval exec zip -j /home/alen/repo/zynq-7020-video-pipe-3/hw/video-pipe-hw-v5/hw_011223.runs/bd_41e7_vsc_0_synth_1/prj/sol/.autopilot/db/dut.hcp $dbDir/a.o.3.bc $dbDir/${topname}.rtl_wrap.cfg.tcl $dbDir/apatb_${topname}.cpp $dbDir/apatb_${topname}_util.cpp $dbDir/apatb_${topname}_ir.ll $dbDir/mapper_${topname}.cpp $dbDir/top-io-fe.xml $dbDir/kernel.internal.xml $workdir/../hls.app 
Execute       autosyn -from_csynth_design=1 
INFO: [HLS 200-10] Starting hardware synthesis ...
INFO-FLOW: Synthesizing C/C++ design ...
INFO: [HLS 200-10] Synthesizing 'v_vscaler' ...
Execute         ap_set_top_model v_vscaler 
WARNING: [SYN 201-103] Legalizing function name 'reg<unsigned short>' to 'reg_unsigned_short_s'.
Execute         get_model_list v_vscaler -filter all-wo-channel -topdown 
Execute         preproc_iomode -model v_vscaler 
Execute         preproc_iomode -model MultiPixStream2AXIvideo 
Execute         preproc_iomode -model MultiPixStream2AXIvideo_Pipeline_VITIS_LOOP_940_2 
Execute         preproc_iomode -model vscale_core_polyphase 
Execute         preproc_iomode -model vscale_core_polyphase_Pipeline_loop_width_for_procpix 
Execute         preproc_iomode -model vscale_core_polyphase_Pipeline_loop_init_coeff_phase_loop_init_coeff_tap 
Execute         preproc_iomode -model v_vcresampler_core 
Execute         preproc_iomode -model v_vcresampler_core_Pipeline_VITIS_LOOP_1057_2 
Execute         preproc_iomode -model AXIvideo2MultiPixStream 
Execute         preproc_iomode -model AXIvideo2MultiPixStream_Pipeline_loop_wait_for_eol 
Execute         preproc_iomode -model AXIvideo2MultiPixStream_Pipeline_loop_width 
Execute         preproc_iomode -model AXIvideo2MultiPixStream_Pipeline_loop_wait_for_start 
Execute         preproc_iomode -model reg<unsigned short> 
Execute         preproc_iomode -model Block_entry4_proc 
Execute         get_model_list v_vscaler -filter all-wo-channel 
INFO-FLOW: Model list for configure: Block_entry4_proc {reg<unsigned short>} AXIvideo2MultiPixStream_Pipeline_loop_wait_for_start AXIvideo2MultiPixStream_Pipeline_loop_width AXIvideo2MultiPixStream_Pipeline_loop_wait_for_eol AXIvideo2MultiPixStream v_vcresampler_core_Pipeline_VITIS_LOOP_1057_2 v_vcresampler_core vscale_core_polyphase_Pipeline_loop_init_coeff_phase_loop_init_coeff_tap vscale_core_polyphase_Pipeline_loop_width_for_procpix vscale_core_polyphase MultiPixStream2AXIvideo_Pipeline_VITIS_LOOP_940_2 MultiPixStream2AXIvideo v_vscaler
INFO-FLOW: Configuring Module : Block_entry4_proc ...
Execute         set_default_model Block_entry4_proc 
Execute         apply_spec_resource_limit Block_entry4_proc 
INFO-FLOW: Configuring Module : reg<unsigned short> ...
Execute         set_default_model reg<unsigned short> 
Execute         apply_spec_resource_limit reg<unsigned short> 
INFO-FLOW: Configuring Module : AXIvideo2MultiPixStream_Pipeline_loop_wait_for_start ...
Execute         set_default_model AXIvideo2MultiPixStream_Pipeline_loop_wait_for_start 
Execute         apply_spec_resource_limit AXIvideo2MultiPixStream_Pipeline_loop_wait_for_start 
INFO-FLOW: Configuring Module : AXIvideo2MultiPixStream_Pipeline_loop_width ...
Execute         set_default_model AXIvideo2MultiPixStream_Pipeline_loop_width 
Execute         apply_spec_resource_limit AXIvideo2MultiPixStream_Pipeline_loop_width 
INFO-FLOW: Configuring Module : AXIvideo2MultiPixStream_Pipeline_loop_wait_for_eol ...
Execute         set_default_model AXIvideo2MultiPixStream_Pipeline_loop_wait_for_eol 
Execute         apply_spec_resource_limit AXIvideo2MultiPixStream_Pipeline_loop_wait_for_eol 
INFO-FLOW: Configuring Module : AXIvideo2MultiPixStream ...
Execute         set_default_model AXIvideo2MultiPixStream 
Execute         apply_spec_resource_limit AXIvideo2MultiPixStream 
INFO-FLOW: Configuring Module : v_vcresampler_core_Pipeline_VITIS_LOOP_1057_2 ...
Execute         set_default_model v_vcresampler_core_Pipeline_VITIS_LOOP_1057_2 
Execute         apply_spec_resource_limit v_vcresampler_core_Pipeline_VITIS_LOOP_1057_2 
INFO-FLOW: Configuring Module : v_vcresampler_core ...
Execute         set_default_model v_vcresampler_core 
Execute         apply_spec_resource_limit v_vcresampler_core 
INFO-FLOW: Configuring Module : vscale_core_polyphase_Pipeline_loop_init_coeff_phase_loop_init_coeff_tap ...
Execute         set_default_model vscale_core_polyphase_Pipeline_loop_init_coeff_phase_loop_init_coeff_tap 
Execute         apply_spec_resource_limit vscale_core_polyphase_Pipeline_loop_init_coeff_phase_loop_init_coeff_tap 
INFO-FLOW: Configuring Module : vscale_core_polyphase_Pipeline_loop_width_for_procpix ...
Execute         set_default_model vscale_core_polyphase_Pipeline_loop_width_for_procpix 
Execute         apply_spec_resource_limit vscale_core_polyphase_Pipeline_loop_width_for_procpix 
INFO-FLOW: Configuring Module : vscale_core_polyphase ...
Execute         set_default_model vscale_core_polyphase 
Execute         apply_spec_resource_limit vscale_core_polyphase 
INFO-FLOW: Configuring Module : MultiPixStream2AXIvideo_Pipeline_VITIS_LOOP_940_2 ...
Execute         set_default_model MultiPixStream2AXIvideo_Pipeline_VITIS_LOOP_940_2 
Execute         apply_spec_resource_limit MultiPixStream2AXIvideo_Pipeline_VITIS_LOOP_940_2 
INFO-FLOW: Configuring Module : MultiPixStream2AXIvideo ...
Execute         set_default_model MultiPixStream2AXIvideo 
Execute         apply_spec_resource_limit MultiPixStream2AXIvideo 
INFO-FLOW: Configuring Module : v_vscaler ...
Execute         set_default_model v_vscaler 
Execute         apply_spec_resource_limit v_vscaler 
INFO-FLOW: Model list for preprocess: Block_entry4_proc {reg<unsigned short>} AXIvideo2MultiPixStream_Pipeline_loop_wait_for_start AXIvideo2MultiPixStream_Pipeline_loop_width AXIvideo2MultiPixStream_Pipeline_loop_wait_for_eol AXIvideo2MultiPixStream v_vcresampler_core_Pipeline_VITIS_LOOP_1057_2 v_vcresampler_core vscale_core_polyphase_Pipeline_loop_init_coeff_phase_loop_init_coeff_tap vscale_core_polyphase_Pipeline_loop_width_for_procpix vscale_core_polyphase MultiPixStream2AXIvideo_Pipeline_VITIS_LOOP_940_2 MultiPixStream2AXIvideo v_vscaler
INFO-FLOW: Preprocessing Module: Block_entry4_proc ...
Execute         set_default_model Block_entry4_proc 
Execute         cdfg_preprocess -model Block_entry4_proc 
Execute         rtl_gen_preprocess Block_entry4_proc 
INFO-FLOW: Preprocessing Module: reg<unsigned short> ...
Execute         set_default_model reg<unsigned short> 
Execute         cdfg_preprocess -model reg<unsigned short> 
Execute         rtl_gen_preprocess reg<unsigned short> 
INFO-FLOW: Preprocessing Module: AXIvideo2MultiPixStream_Pipeline_loop_wait_for_start ...
Execute         set_default_model AXIvideo2MultiPixStream_Pipeline_loop_wait_for_start 
Execute         cdfg_preprocess -model AXIvideo2MultiPixStream_Pipeline_loop_wait_for_start 
Execute         rtl_gen_preprocess AXIvideo2MultiPixStream_Pipeline_loop_wait_for_start 
INFO-FLOW: Preprocessing Module: AXIvideo2MultiPixStream_Pipeline_loop_width ...
Execute         set_default_model AXIvideo2MultiPixStream_Pipeline_loop_width 
Execute         cdfg_preprocess -model AXIvideo2MultiPixStream_Pipeline_loop_width 
Execute         rtl_gen_preprocess AXIvideo2MultiPixStream_Pipeline_loop_width 
INFO-FLOW: Preprocessing Module: AXIvideo2MultiPixStream_Pipeline_loop_wait_for_eol ...
Execute         set_default_model AXIvideo2MultiPixStream_Pipeline_loop_wait_for_eol 
Execute         cdfg_preprocess -model AXIvideo2MultiPixStream_Pipeline_loop_wait_for_eol 
Execute         rtl_gen_preprocess AXIvideo2MultiPixStream_Pipeline_loop_wait_for_eol 
INFO-FLOW: Preprocessing Module: AXIvideo2MultiPixStream ...
Execute         set_default_model AXIvideo2MultiPixStream 
Execute         cdfg_preprocess -model AXIvideo2MultiPixStream 
Execute         rtl_gen_preprocess AXIvideo2MultiPixStream 
INFO-FLOW: Preprocessing Module: v_vcresampler_core_Pipeline_VITIS_LOOP_1057_2 ...
Execute         set_default_model v_vcresampler_core_Pipeline_VITIS_LOOP_1057_2 
Execute         cdfg_preprocess -model v_vcresampler_core_Pipeline_VITIS_LOOP_1057_2 
Execute         rtl_gen_preprocess v_vcresampler_core_Pipeline_VITIS_LOOP_1057_2 
INFO-FLOW: Preprocessing Module: v_vcresampler_core ...
Execute         set_default_model v_vcresampler_core 
Execute         cdfg_preprocess -model v_vcresampler_core 
Execute         rtl_gen_preprocess v_vcresampler_core 
INFO-FLOW: Preprocessing Module: vscale_core_polyphase_Pipeline_loop_init_coeff_phase_loop_init_coeff_tap ...
Execute         set_default_model vscale_core_polyphase_Pipeline_loop_init_coeff_phase_loop_init_coeff_tap 
Execute         cdfg_preprocess -model vscale_core_polyphase_Pipeline_loop_init_coeff_phase_loop_init_coeff_tap 
Execute         rtl_gen_preprocess vscale_core_polyphase_Pipeline_loop_init_coeff_phase_loop_init_coeff_tap 
INFO-FLOW: Preprocessing Module: vscale_core_polyphase_Pipeline_loop_width_for_procpix ...
Execute         set_default_model vscale_core_polyphase_Pipeline_loop_width_for_procpix 
Execute         cdfg_preprocess -model vscale_core_polyphase_Pipeline_loop_width_for_procpix 
Execute         rtl_gen_preprocess vscale_core_polyphase_Pipeline_loop_width_for_procpix 
INFO-FLOW: Preprocessing Module: vscale_core_polyphase ...
Execute         set_default_model vscale_core_polyphase 
Execute         cdfg_preprocess -model vscale_core_polyphase 
Execute         rtl_gen_preprocess vscale_core_polyphase 
INFO-FLOW: Preprocessing Module: MultiPixStream2AXIvideo_Pipeline_VITIS_LOOP_940_2 ...
Execute         set_default_model MultiPixStream2AXIvideo_Pipeline_VITIS_LOOP_940_2 
Execute         cdfg_preprocess -model MultiPixStream2AXIvideo_Pipeline_VITIS_LOOP_940_2 
Execute         rtl_gen_preprocess MultiPixStream2AXIvideo_Pipeline_VITIS_LOOP_940_2 
INFO-FLOW: Preprocessing Module: MultiPixStream2AXIvideo ...
Execute         set_default_model MultiPixStream2AXIvideo 
Execute         cdfg_preprocess -model MultiPixStream2AXIvideo 
Execute         rtl_gen_preprocess MultiPixStream2AXIvideo 
INFO-FLOW: Preprocessing Module: v_vscaler ...
Execute         set_default_model v_vscaler 
Execute         cdfg_preprocess -model v_vscaler 
Execute         rtl_gen_preprocess v_vscaler 
INFO-FLOW: Model list for synthesis: Block_entry4_proc {reg<unsigned short>} AXIvideo2MultiPixStream_Pipeline_loop_wait_for_start AXIvideo2MultiPixStream_Pipeline_loop_width AXIvideo2MultiPixStream_Pipeline_loop_wait_for_eol AXIvideo2MultiPixStream v_vcresampler_core_Pipeline_VITIS_LOOP_1057_2 v_vcresampler_core vscale_core_polyphase_Pipeline_loop_init_coeff_phase_loop_init_coeff_tap vscale_core_polyphase_Pipeline_loop_width_for_procpix vscale_core_polyphase MultiPixStream2AXIvideo_Pipeline_VITIS_LOOP_940_2 MultiPixStream2AXIvideo v_vscaler
INFO: [HLS 200-10] ----------------------------------------------------------------
INFO: [HLS 200-42] -- Implementing module 'Block_entry4_proc' 
INFO: [HLS 200-10] ----------------------------------------------------------------
Execute         set_default_model Block_entry4_proc 
Execute         schedule -model Block_entry4_proc 
INFO: [SCHED 204-11] Starting scheduling ...
INFO: [SCHED 204-11] Generating True dependence constraints ... 
INFO: [SCHED 204-11] Generating Auxiliary dependence constraints ... 
INFO: [SCHED 204-11] Generating Ternary mapping constraints ... 
INFO: [SCHED 204-11] Generating Lut Grouping constraints ... 
INFO: [SCHED 204-11] Generating Node latency constraints ... 
INFO: [SCHED 204-11] Generating Relative time constraints ... 
INFO: [SCHED 204-11] Generating Protocol constraints ... 
INFO: [SCHED 204-11] Generating Precedence constraints ... 
INFO: [SCHED 204-11] Generating Supporting dependence constraints ... 
INFO: [SCHED 204-11] Generating Pipeline constraints ... 
INFO: [SCHED 204-11] Generating DSP mapping constraints ... 
INFO: [SCHED 204-11] Generating Supporting dependence constraints ... 
INFO: [SCHED 204-11] Generating Resource constraints ... 
INFO: [SCHED 204-11] Generating Latency constraints ... 
INFO: [SCHED 204-11] Generating Latency constraints ... 
INFO: [SCHED 204-11] Generating Cycle time constraints ... 
INFO: [SCHED 204-11] Generating Blocking node constraints ... 
INFO: [SCHED 204-11] Generating Chaining constraints ... 
INFO: [SCHED 204-11] Generating Operation gating constraints ... 
INFO: [SCHED 204-11] Generating Variable bound constraints ... 
INFO: [SCHED 204-11] Generating PHI node constraints ... 
INFO: [SCHED 204-11] Start checking consistency (resolving sdc graph) ...
INFO: [SCHED 204-11] Finished checking consistency.
INFO: [SCHED 204-11] Start scheduling optimization (solving LP) ...
INFO: [SCHED 204-11] Finished scheduling optimization.
INFO: [SCHED 204-11] Start constructing STG ...
INFO: [SCHED 204-11] Finished constructing STG.
INFO: [SCHED 204-11] Finished scheduling.
INFO: [HLS 200-111] Finished Scheduling: CPU user time: 0.11 seconds. CPU system time: 0.03 seconds. Elapsed time: 0.14 seconds; current allocated memory: 361.898 MB.
Execute         syn_report -verbosereport -o /home/alen/repo/zynq-7020-video-pipe-3/hw/video-pipe-hw-v5/hw_011223.runs/bd_41e7_vsc_0_synth_1/prj/sol/.autopilot/db/Block_entry4_proc.verbose.sched.rpt 
Execute           list_part -family xc7z020-clg484-1 
Execute             ap_family_info -name xc7z020-clg484-1 -data names 
Execute             ap_part_info -quiet -name xc7z020-clg484-1 -data family 
Execute         db_write -o /home/alen/repo/zynq-7020-video-pipe-3/hw/video-pipe-hw-v5/hw_011223.runs/bd_41e7_vsc_0_synth_1/prj/sol/.autopilot/db/Block_entry4_proc.sched.adb -f 
INFO-FLOW: Finish scheduling Block_entry4_proc.
Execute         set_default_model Block_entry4_proc 
Execute         bind -model Block_entry4_proc 
INFO: [BIND 205-100] Starting micro-architecture generation ...
INFO: [BIND 205-101] Performing variable lifetime analysis.
INFO: [BIND 205-101] Exploring resource sharing.
INFO: [BIND 205-101] Binding ...
INFO: [BIND 205-100] Finished micro-architecture generation.
INFO: [HLS 200-111] Finished Binding: CPU user time: 0.01 seconds. CPU system time: 0.01 seconds. Elapsed time: 0.02 seconds; current allocated memory: 361.898 MB.
Execute         syn_report -verbosereport -o /home/alen/repo/zynq-7020-video-pipe-3/hw/video-pipe-hw-v5/hw_011223.runs/bd_41e7_vsc_0_synth_1/prj/sol/.autopilot/db/Block_entry4_proc.verbose.bind.rpt 
Execute           list_part -family xc7z020-clg484-1 
Execute             ap_family_info -name xc7z020-clg484-1 -data names 
Execute             ap_part_info -quiet -name xc7z020-clg484-1 -data family 
Execute         db_write -o /home/alen/repo/zynq-7020-video-pipe-3/hw/video-pipe-hw-v5/hw_011223.runs/bd_41e7_vsc_0_synth_1/prj/sol/.autopilot/db/Block_entry4_proc.bind.adb -f 
INFO-FLOW: Finish binding Block_entry4_proc.
INFO: [HLS 200-10] ----------------------------------------------------------------
INFO: [HLS 200-42] -- Implementing module 'reg_unsigned_short_s' 
INFO: [HLS 200-10] ----------------------------------------------------------------
Execute         set_default_model reg<unsigned short> 
Execute         schedule -model reg<unsigned short> 
INFO: [SCHED 204-11] Starting scheduling ...
INFO: [SCHED 204-11] Generating True dependence constraints ... 
INFO: [SCHED 204-11] Generating Auxiliary dependence constraints ... 
INFO: [SCHED 204-11] Generating Ternary mapping constraints ... 
INFO: [SCHED 204-11] Generating Lut Grouping constraints ... 
INFO: [SCHED 204-11] Generating Node latency constraints ... 
INFO: [SCHED 204-11] Generating Relative time constraints ... 
INFO: [SCHED 204-11] Generating Protocol constraints ... 
INFO: [SCHED 204-11] Generating Precedence constraints ... 
INFO: [SCHED 204-11] Generating Supporting dependence constraints ... 
INFO: [SCHED 204-11] Generating Pipeline constraints ... 
INFO: [SCHED 204-61] Pipelining function 'reg<unsigned short>'.
INFO: [SCHED 204-11] Generating DSP mapping constraints ... 
INFO: [SCHED 204-11] Generating Supporting dependence constraints ... 
INFO: [SCHED 204-11] Generating Resource constraints ... 
INFO: [SCHED 204-11] Generating Latency constraints ... 
INFO: [SCHED 204-11] Generating Latency constraints ... 
INFO: [SCHED 204-11] Generating Cycle time constraints ... 
INFO: [SCHED 204-11] Generating Blocking node constraints ... 
INFO: [SCHED 204-11] Generating Chaining constraints ... 
INFO: [SCHED 204-11] Generating Operation gating constraints ... 
INFO: [SCHED 204-11] Generating Variable bound constraints ... 
INFO: [SCHED 204-11] Generating PHI node constraints ... 
INFO: [SCHED 204-11] Start checking consistency (resolving sdc graph) ...
INFO: [SCHED 204-11] Finished checking consistency.
INFO: [SCHED 204-11] Start scheduling optimization (solving LP) ...
INFO: [SCHED 204-11] Finished scheduling optimization.
INFO: [SCHED 204-11] Start constructing STG ...
INFO: [HLS 200-1470] Pipelining result : Target II = 1, Final II = 1, Depth = 2, function 'reg<unsigned short>'
INFO: [SCHED 204-11] Finished constructing STG.
INFO: [SCHED 204-11] Finished scheduling.
INFO: [HLS 200-111] Finished Scheduling: CPU user time: 0.08 seconds. CPU system time: 0 seconds. Elapsed time: 0.08 seconds; current allocated memory: 362.215 MB.
Execute         syn_report -verbosereport -o /home/alen/repo/zynq-7020-video-pipe-3/hw/video-pipe-hw-v5/hw_011223.runs/bd_41e7_vsc_0_synth_1/prj/sol/.autopilot/db/reg_unsigned_short_s.verbose.sched.rpt 
Execute           list_part -family xc7z020-clg484-1 
Execute             ap_family_info -name xc7z020-clg484-1 -data names 
Execute             ap_part_info -quiet -name xc7z020-clg484-1 -data family 
Execute         db_write -o /home/alen/repo/zynq-7020-video-pipe-3/hw/video-pipe-hw-v5/hw_011223.runs/bd_41e7_vsc_0_synth_1/prj/sol/.autopilot/db/reg_unsigned_short_s.sched.adb -f 
INFO-FLOW: Finish scheduling reg<unsigned short>.
Execute         set_default_model reg<unsigned short> 
Execute         bind -model reg<unsigned short> 
INFO: [BIND 205-100] Starting micro-architecture generation ...
INFO: [BIND 205-101] Performing variable lifetime analysis.
INFO: [BIND 205-101] Exploring resource sharing.
INFO: [BIND 205-101] Binding ...
INFO: [BIND 205-100] Finished micro-architecture generation.
INFO: [HLS 200-111] Finished Binding: CPU user time: 0.01 seconds. CPU system time: 0 seconds. Elapsed time: 0.01 seconds; current allocated memory: 362.215 MB.
Execute         syn_report -verbosereport -o /home/alen/repo/zynq-7020-video-pipe-3/hw/video-pipe-hw-v5/hw_011223.runs/bd_41e7_vsc_0_synth_1/prj/sol/.autopilot/db/reg_unsigned_short_s.verbose.bind.rpt 
Execute           list_part -family xc7z020-clg484-1 
Execute             ap_family_info -name xc7z020-clg484-1 -data names 
Execute             ap_part_info -quiet -name xc7z020-clg484-1 -data family 
Execute         db_write -o /home/alen/repo/zynq-7020-video-pipe-3/hw/video-pipe-hw-v5/hw_011223.runs/bd_41e7_vsc_0_synth_1/prj/sol/.autopilot/db/reg_unsigned_short_s.bind.adb -f 
INFO-FLOW: Finish binding reg<unsigned short>.
INFO: [HLS 200-10] ----------------------------------------------------------------
INFO: [HLS 200-42] -- Implementing module 'AXIvideo2MultiPixStream_Pipeline_loop_wait_for_start' 
INFO: [HLS 200-10] ----------------------------------------------------------------
Execute         set_default_model AXIvideo2MultiPixStream_Pipeline_loop_wait_for_start 
Execute         schedule -model AXIvideo2MultiPixStream_Pipeline_loop_wait_for_start 
INFO: [SCHED 204-11] Starting scheduling ...
INFO: [SCHED 204-11] Generating True dependence constraints ... 
INFO: [SCHED 204-11] Generating Auxiliary dependence constraints ... 
INFO: [SCHED 204-11] Generating Ternary mapping constraints ... 
INFO: [SCHED 204-11] Generating Lut Grouping constraints ... 
INFO: [SCHED 204-11] Generating Node latency constraints ... 
INFO: [SCHED 204-11] Generating Relative time constraints ... 
INFO: [SCHED 204-11] Generating Protocol constraints ... 
INFO: [SCHED 204-11] Generating Precedence constraints ... 
INFO: [SCHED 204-11] Generating Supporting dependence constraints ... 
INFO: [SCHED 204-11] Generating Pipeline constraints ... 
INFO: [SCHED 204-61] Pipelining loop 'loop_wait_for_start'.
INFO: [SCHED 204-11] Generating DSP mapping constraints ... 
INFO: [SCHED 204-11] Generating Supporting dependence constraints ... 
INFO: [SCHED 204-11] Generating Resource constraints ... 
INFO: [SCHED 204-11] Generating Latency constraints ... 
INFO: [SCHED 204-11] Generating Latency constraints ... 
INFO: [SCHED 204-11] Generating Cycle time constraints ... 
INFO: [SCHED 204-11] Generating Blocking node constraints ... 
INFO: [SCHED 204-11] Generating Chaining constraints ... 
INFO: [SCHED 204-11] Generating Operation gating constraints ... 
INFO: [SCHED 204-11] Generating Variable bound constraints ... 
INFO: [SCHED 204-11] Generating PHI node constraints ... 
INFO: [SCHED 204-11] Start checking consistency (resolving sdc graph) ...
INFO: [SCHED 204-11] Finished checking consistency.
INFO: [SCHED 204-11] Start scheduling optimization (solving LP) ...
INFO: [SCHED 204-11] Finished scheduling optimization.
INFO: [SCHED 204-11] Start constructing STG ...
INFO: [HLS 200-1470] Pipelining result : Target II = 1, Final II = 1, Depth = 1, loop 'loop_wait_for_start'
INFO: [SCHED 204-11] Finished constructing STG.
INFO: [SCHED 204-11] Finished scheduling.
INFO: [HLS 200-111] Finished Scheduling: CPU user time: 0.08 seconds. CPU system time: 0.01 seconds. Elapsed time: 0.09 seconds; current allocated memory: 362.590 MB.
Execute         syn_report -verbosereport -o /home/alen/repo/zynq-7020-video-pipe-3/hw/video-pipe-hw-v5/hw_011223.runs/bd_41e7_vsc_0_synth_1/prj/sol/.autopilot/db/AXIvideo2MultiPixStream_Pipeline_loop_wait_for_start.verbose.sched.rpt 
Execute           list_part -family xc7z020-clg484-1 
Execute             ap_family_info -name xc7z020-clg484-1 -data names 
Execute             ap_part_info -quiet -name xc7z020-clg484-1 -data family 
Execute         db_write -o /home/alen/repo/zynq-7020-video-pipe-3/hw/video-pipe-hw-v5/hw_011223.runs/bd_41e7_vsc_0_synth_1/prj/sol/.autopilot/db/AXIvideo2MultiPixStream_Pipeline_loop_wait_for_start.sched.adb -f 
INFO-FLOW: Finish scheduling AXIvideo2MultiPixStream_Pipeline_loop_wait_for_start.
Execute         set_default_model AXIvideo2MultiPixStream_Pipeline_loop_wait_for_start 
Execute         bind -model AXIvideo2MultiPixStream_Pipeline_loop_wait_for_start 
INFO: [BIND 205-100] Starting micro-architecture generation ...
INFO: [BIND 205-101] Performing variable lifetime analysis.
INFO: [BIND 205-101] Exploring resource sharing.
INFO: [BIND 205-101] Binding ...
INFO: [BIND 205-100] Finished micro-architecture generation.
INFO: [HLS 200-111] Finished Binding: CPU user time: 0.02 seconds. CPU system time: 0 seconds. Elapsed time: 0.02 seconds; current allocated memory: 362.590 MB.
Execute         syn_report -verbosereport -o /home/alen/repo/zynq-7020-video-pipe-3/hw/video-pipe-hw-v5/hw_011223.runs/bd_41e7_vsc_0_synth_1/prj/sol/.autopilot/db/AXIvideo2MultiPixStream_Pipeline_loop_wait_for_start.verbose.bind.rpt 
Execute           list_part -family xc7z020-clg484-1 
Execute             ap_family_info -name xc7z020-clg484-1 -data names 
Execute             ap_part_info -quiet -name xc7z020-clg484-1 -data family 
Execute         db_write -o /home/alen/repo/zynq-7020-video-pipe-3/hw/video-pipe-hw-v5/hw_011223.runs/bd_41e7_vsc_0_synth_1/prj/sol/.autopilot/db/AXIvideo2MultiPixStream_Pipeline_loop_wait_for_start.bind.adb -f 
INFO-FLOW: Finish binding AXIvideo2MultiPixStream_Pipeline_loop_wait_for_start.
INFO: [HLS 200-10] ----------------------------------------------------------------
INFO: [HLS 200-42] -- Implementing module 'AXIvideo2MultiPixStream_Pipeline_loop_width' 
INFO: [HLS 200-10] ----------------------------------------------------------------
Execute         set_default_model AXIvideo2MultiPixStream_Pipeline_loop_width 
Execute         schedule -model AXIvideo2MultiPixStream_Pipeline_loop_width 
INFO: [SCHED 204-11] Starting scheduling ...
INFO: [SCHED 204-11] Generating True dependence constraints ... 
INFO: [SCHED 204-11] Generating Auxiliary dependence constraints ... 
INFO: [SCHED 204-11] Generating Ternary mapping constraints ... 
INFO: [SCHED 204-11] Generating Lut Grouping constraints ... 
INFO: [SCHED 204-11] Generating Node latency constraints ... 
INFO: [SCHED 204-11] Generating Relative time constraints ... 
INFO: [SCHED 204-11] Generating Protocol constraints ... 
INFO: [SCHED 204-11] Generating Precedence constraints ... 
INFO: [SCHED 204-11] Generating Supporting dependence constraints ... 
INFO: [SCHED 204-11] Generating Pipeline constraints ... 
INFO: [SCHED 204-61] Pipelining loop 'loop_width'.
INFO: [SCHED 204-11] Generating DSP mapping constraints ... 
INFO: [SCHED 204-11] Generating Supporting dependence constraints ... 
INFO: [SCHED 204-11] Generating Resource constraints ... 
INFO: [SCHED 204-11] Generating Latency constraints ... 
INFO: [SCHED 204-11] Generating Latency constraints ... 
INFO: [SCHED 204-11] Generating Cycle time constraints ... 
INFO: [SCHED 204-11] Generating Blocking node constraints ... 
INFO: [SCHED 204-11] Generating Chaining constraints ... 
INFO: [SCHED 204-11] Generating Operation gating constraints ... 
INFO: [SCHED 204-11] Generating Variable bound constraints ... 
INFO: [SCHED 204-11] Generating PHI node constraints ... 
INFO: [SCHED 204-11] Start checking consistency (resolving sdc graph) ...
INFO: [SCHED 204-11] Finished checking consistency.
INFO: [SCHED 204-11] Start scheduling optimization (solving LP) ...
INFO: [SCHED 204-11] Finished scheduling optimization.
INFO: [SCHED 204-11] Start constructing STG ...
INFO: [HLS 200-1470] Pipelining result : Target II = 1, Final II = 1, Depth = 2, loop 'loop_width'
WARNING: [HLS 200-871] Estimated clock period (5.815 ns) exceeds the target (target clock period: 7.000 ns, clock uncertainty: 1.890 ns, effective delay budget: 5.110 ns).
WARNING: [HLS 200-1016] The critical path in module 'AXIvideo2MultiPixStream_Pipeline_loop_width' consists of the following:
	'store' operation 0 bit ('j_write_ln817', /home/alen/repo/zynq-7020-video-pipe-3/hw/video-pipe-hw-v5/hw_011223.runs/bd_41e7_vsc_0_synth_1/prj/sol/.autopilot/db/v_vscaler.cpp:817) of constant 0 on local variable 'j', /home/alen/repo/zynq-7020-video-pipe-3/hw/video-pipe-hw-v5/hw_011223.runs/bd_41e7_vsc_0_synth_1/prj/sol/.autopilot/db/v_vscaler.cpp:817 [35]  (1.588 ns)
	'load' operation 11 bit ('j', /home/alen/repo/zynq-7020-video-pipe-3/hw/video-pipe-hw-v5/hw_011223.runs/bd_41e7_vsc_0_synth_1/prj/sol/.autopilot/db/v_vscaler.cpp:817) on local variable 'j', /home/alen/repo/zynq-7020-video-pipe-3/hw/video-pipe-hw-v5/hw_011223.runs/bd_41e7_vsc_0_synth_1/prj/sol/.autopilot/db/v_vscaler.cpp:817 [40]  (0.000 ns)
	'icmp' operation 1 bit ('icmp_ln817', /home/alen/repo/zynq-7020-video-pipe-3/hw/video-pipe-hw-v5/hw_011223.runs/bd_41e7_vsc_0_synth_1/prj/sol/.autopilot/db/v_vscaler.cpp:817) [41]  (1.639 ns)
	axis read operation ('empty', /home/alen/repo/zynq-7020-video-pipe-3/hw/video-pipe-hw-v5/hw_011223.runs/bd_41e7_vsc_0_synth_1/prj/sol/.autopilot/db/v_vscaler.cpp:827) on port 's_axis_video_V_data_V' (/home/alen/repo/zynq-7020-video-pipe-3/hw/video-pipe-hw-v5/hw_011223.runs/bd_41e7_vsc_0_synth_1/prj/sol/.autopilot/db/v_vscaler.cpp:827) [51]  (1.000 ns)
	'store' operation 0 bit ('axi_last_write_ln792', /home/alen/repo/zynq-7020-video-pipe-3/hw/video-pipe-hw-v5/hw_011223.runs/bd_41e7_vsc_0_synth_1/prj/sol/.autopilot/db/v_vscaler.cpp:792) of variable 'axi.last', /home/alen/repo/zynq-7020-video-pipe-3/hw/video-pipe-hw-v5/hw_011223.runs/bd_41e7_vsc_0_synth_1/prj/sol/.autopilot/db/v_vscaler.cpp:827 on local variable 'axi.last', /home/alen/repo/zynq-7020-video-pipe-3/hw/video-pipe-hw-v5/hw_011223.runs/bd_41e7_vsc_0_synth_1/prj/sol/.autopilot/db/v_vscaler.cpp:792 [55]  (1.588 ns)

INFO: [SCHED 204-11] Finished constructing STG.
INFO: [SCHED 204-11] Finished scheduling.
Command         schedule done; 0.12 sec.
INFO: [HLS 200-111] Finished Scheduling: CPU user time: 0.13 seconds. CPU system time: 0.01 seconds. Elapsed time: 0.14 seconds; current allocated memory: 363.250 MB.
Execute         syn_report -verbosereport -o /home/alen/repo/zynq-7020-video-pipe-3/hw/video-pipe-hw-v5/hw_011223.runs/bd_41e7_vsc_0_synth_1/prj/sol/.autopilot/db/AXIvideo2MultiPixStream_Pipeline_loop_width.verbose.sched.rpt 
Execute           list_part -family xc7z020-clg484-1 
Execute             ap_family_info -name xc7z020-clg484-1 -data names 
Execute             ap_part_info -quiet -name xc7z020-clg484-1 -data family 
Execute         db_write -o /home/alen/repo/zynq-7020-video-pipe-3/hw/video-pipe-hw-v5/hw_011223.runs/bd_41e7_vsc_0_synth_1/prj/sol/.autopilot/db/AXIvideo2MultiPixStream_Pipeline_loop_width.sched.adb -f 
INFO-FLOW: Finish scheduling AXIvideo2MultiPixStream_Pipeline_loop_width.
Execute         set_default_model AXIvideo2MultiPixStream_Pipeline_loop_width 
Execute         bind -model AXIvideo2MultiPixStream_Pipeline_loop_width 
INFO: [BIND 205-100] Starting micro-architecture generation ...
INFO: [BIND 205-101] Performing variable lifetime analysis.
INFO: [BIND 205-101] Exploring resource sharing.
INFO: [BIND 205-101] Binding ...
INFO: [BIND 205-100] Finished micro-architecture generation.
INFO: [HLS 200-111] Finished Binding: CPU user time: 0.01 seconds. CPU system time: 0 seconds. Elapsed time: 0.03 seconds; current allocated memory: 363.250 MB.
Execute         syn_report -verbosereport -o /home/alen/repo/zynq-7020-video-pipe-3/hw/video-pipe-hw-v5/hw_011223.runs/bd_41e7_vsc_0_synth_1/prj/sol/.autopilot/db/AXIvideo2MultiPixStream_Pipeline_loop_width.verbose.bind.rpt 
Execute           list_part -family xc7z020-clg484-1 
Execute             ap_family_info -name xc7z020-clg484-1 -data names 
Execute             ap_part_info -quiet -name xc7z020-clg484-1 -data family 
Execute         db_write -o /home/alen/repo/zynq-7020-video-pipe-3/hw/video-pipe-hw-v5/hw_011223.runs/bd_41e7_vsc_0_synth_1/prj/sol/.autopilot/db/AXIvideo2MultiPixStream_Pipeline_loop_width.bind.adb -f 
INFO-FLOW: Finish binding AXIvideo2MultiPixStream_Pipeline_loop_width.
INFO: [HLS 200-10] ----------------------------------------------------------------
INFO: [HLS 200-42] -- Implementing module 'AXIvideo2MultiPixStream_Pipeline_loop_wait_for_eol' 
INFO: [HLS 200-10] ----------------------------------------------------------------
Execute         set_default_model AXIvideo2MultiPixStream_Pipeline_loop_wait_for_eol 
Execute         schedule -model AXIvideo2MultiPixStream_Pipeline_loop_wait_for_eol 
INFO: [SCHED 204-11] Starting scheduling ...
INFO: [SCHED 204-11] Generating True dependence constraints ... 
INFO: [SCHED 204-11] Generating Auxiliary dependence constraints ... 
INFO: [SCHED 204-11] Generating Ternary mapping constraints ... 
INFO: [SCHED 204-11] Generating Lut Grouping constraints ... 
INFO: [SCHED 204-11] Generating Node latency constraints ... 
INFO: [SCHED 204-11] Generating Relative time constraints ... 
INFO: [SCHED 204-11] Generating Protocol constraints ... 
INFO: [SCHED 204-11] Generating Precedence constraints ... 
INFO: [SCHED 204-11] Generating Supporting dependence constraints ... 
INFO: [SCHED 204-11] Generating Pipeline constraints ... 
INFO: [SCHED 204-61] Pipelining loop 'loop_wait_for_eol'.
INFO: [SCHED 204-11] Generating DSP mapping constraints ... 
INFO: [SCHED 204-11] Generating Supporting dependence constraints ... 
INFO: [SCHED 204-11] Generating Resource constraints ... 
INFO: [SCHED 204-11] Generating Latency constraints ... 
INFO: [SCHED 204-11] Generating Latency constraints ... 
INFO: [SCHED 204-11] Generating Cycle time constraints ... 
INFO: [SCHED 204-11] Generating Blocking node constraints ... 
INFO: [SCHED 204-11] Generating Chaining constraints ... 
INFO: [SCHED 204-11] Generating Operation gating constraints ... 
INFO: [SCHED 204-11] Generating Variable bound constraints ... 
INFO: [SCHED 204-11] Generating PHI node constraints ... 
INFO: [SCHED 204-11] Start checking consistency (resolving sdc graph) ...
INFO: [SCHED 204-11] Finished checking consistency.
INFO: [SCHED 204-11] Start scheduling optimization (solving LP) ...
INFO: [SCHED 204-11] Finished scheduling optimization.
INFO: [SCHED 204-11] Start constructing STG ...
INFO: [HLS 200-1470] Pipelining result : Target II = 1, Final II = 1, Depth = 1, loop 'loop_wait_for_eol'
INFO: [SCHED 204-11] Finished constructing STG.
INFO: [SCHED 204-11] Finished scheduling.
INFO: [HLS 200-111] Finished Scheduling: CPU user time: 0.11 seconds. CPU system time: 0.01 seconds. Elapsed time: 0.12 seconds; current allocated memory: 363.715 MB.
Execute         syn_report -verbosereport -o /home/alen/repo/zynq-7020-video-pipe-3/hw/video-pipe-hw-v5/hw_011223.runs/bd_41e7_vsc_0_synth_1/prj/sol/.autopilot/db/AXIvideo2MultiPixStream_Pipeline_loop_wait_for_eol.verbose.sched.rpt 
Execute           list_part -family xc7z020-clg484-1 
Execute             ap_family_info -name xc7z020-clg484-1 -data names 
Execute             ap_part_info -quiet -name xc7z020-clg484-1 -data family 
Execute         db_write -o /home/alen/repo/zynq-7020-video-pipe-3/hw/video-pipe-hw-v5/hw_011223.runs/bd_41e7_vsc_0_synth_1/prj/sol/.autopilot/db/AXIvideo2MultiPixStream_Pipeline_loop_wait_for_eol.sched.adb -f 
INFO-FLOW: Finish scheduling AXIvideo2MultiPixStream_Pipeline_loop_wait_for_eol.
Execute         set_default_model AXIvideo2MultiPixStream_Pipeline_loop_wait_for_eol 
Execute         bind -model AXIvideo2MultiPixStream_Pipeline_loop_wait_for_eol 
INFO: [BIND 205-100] Starting micro-architecture generation ...
INFO: [BIND 205-101] Performing variable lifetime analysis.
INFO: [BIND 205-101] Exploring resource sharing.
INFO: [BIND 205-101] Binding ...
INFO: [BIND 205-100] Finished micro-architecture generation.
INFO: [HLS 200-111] Finished Binding: CPU user time: 0.02 seconds. CPU system time: 0 seconds. Elapsed time: 0.02 seconds; current allocated memory: 363.715 MB.
Execute         syn_report -verbosereport -o /home/alen/repo/zynq-7020-video-pipe-3/hw/video-pipe-hw-v5/hw_011223.runs/bd_41e7_vsc_0_synth_1/prj/sol/.autopilot/db/AXIvideo2MultiPixStream_Pipeline_loop_wait_for_eol.verbose.bind.rpt 
Execute           list_part -family xc7z020-clg484-1 
Execute             ap_family_info -name xc7z020-clg484-1 -data names 
Execute             ap_part_info -quiet -name xc7z020-clg484-1 -data family 
Execute         db_write -o /home/alen/repo/zynq-7020-video-pipe-3/hw/video-pipe-hw-v5/hw_011223.runs/bd_41e7_vsc_0_synth_1/prj/sol/.autopilot/db/AXIvideo2MultiPixStream_Pipeline_loop_wait_for_eol.bind.adb -f 
INFO-FLOW: Finish binding AXIvideo2MultiPixStream_Pipeline_loop_wait_for_eol.
INFO: [HLS 200-10] ----------------------------------------------------------------
INFO: [HLS 200-42] -- Implementing module 'AXIvideo2MultiPixStream' 
INFO: [HLS 200-10] ----------------------------------------------------------------
Execute         set_default_model AXIvideo2MultiPixStream 
Execute         schedule -model AXIvideo2MultiPixStream 
INFO: [SCHED 204-11] Starting scheduling ...
INFO: [SCHED 204-11] Generating True dependence constraints ... 
INFO: [SCHED 204-11] Generating Auxiliary dependence constraints ... 
INFO: [SCHED 204-11] Generating Ternary mapping constraints ... 
INFO: [SCHED 204-11] Generating Lut Grouping constraints ... 
INFO: [SCHED 204-11] Generating Node latency constraints ... 
INFO: [SCHED 204-11] Generating Relative time constraints ... 
INFO: [SCHED 204-11] Generating Protocol constraints ... 
INFO: [SCHED 204-11] Generating Precedence constraints ... 
INFO: [SCHED 204-11] Generating Supporting dependence constraints ... 
INFO: [SCHED 204-11] Generating Pipeline constraints ... 
INFO: [SCHED 204-11] Generating DSP mapping constraints ... 
INFO: [SCHED 204-11] Generating Supporting dependence constraints ... 
INFO: [SCHED 204-11] Generating Resource constraints ... 
INFO: [SCHED 204-11] Generating Latency constraints ... 
INFO: [SCHED 204-11] Generating Latency constraints ... 
INFO: [SCHED 204-11] Generating Cycle time constraints ... 
INFO: [SCHED 204-11] Generating Blocking node constraints ... 
INFO: [SCHED 204-11] Generating Chaining constraints ... 
INFO: [SCHED 204-11] Generating Operation gating constraints ... 
INFO: [SCHED 204-11] Generating Variable bound constraints ... 
INFO: [SCHED 204-11] Generating PHI node constraints ... 
INFO: [SCHED 204-11] Start checking consistency (resolving sdc graph) ...
INFO: [SCHED 204-11] Finished checking consistency.
INFO: [SCHED 204-11] Start scheduling optimization (solving LP) ...
INFO: [SCHED 204-11] Finished scheduling optimization.
INFO: [SCHED 204-11] Start constructing STG ...
WARNING: [HLS 200-871] Estimated clock period (5.154 ns) exceeds the target (target clock period: 7.000 ns, clock uncertainty: 1.890 ns, effective delay budget: 5.110 ns).
WARNING: [HLS 200-1016] The critical path in module 'AXIvideo2MultiPixStream' consists of the following:
	'load' operation 30 bit ('axi_data_13_load') on local variable 'axi.data', /home/alen/repo/zynq-7020-video-pipe-3/hw/video-pipe-hw-v5/hw_011223.runs/bd_41e7_vsc_0_synth_1/prj/sol/.autopilot/db/v_vscaler.cpp:792 [55]  (0.000 ns)
	'call' operation 0 bit ('_ln862', /home/alen/repo/zynq-7020-video-pipe-3/hw/video-pipe-hw-v5/hw_011223.runs/bd_41e7_vsc_0_synth_1/prj/sol/.autopilot/db/v_vscaler.cpp:862) to 'AXIvideo2MultiPixStream_Pipeline_loop_width' [58]  (5.154 ns)

INFO: [SCHED 204-11] Finished constructing STG.
INFO: [SCHED 204-11] Finished scheduling.
Command         schedule done; 0.13 sec.
INFO: [HLS 200-111] Finished Scheduling: CPU user time: 0.12 seconds. CPU system time: 0.02 seconds. Elapsed time: 0.15 seconds; current allocated memory: 364.352 MB.
Execute         syn_report -verbosereport -o /home/alen/repo/zynq-7020-video-pipe-3/hw/video-pipe-hw-v5/hw_011223.runs/bd_41e7_vsc_0_synth_1/prj/sol/.autopilot/db/AXIvideo2MultiPixStream.verbose.sched.rpt 
Execute           list_part -family xc7z020-clg484-1 
Execute             ap_family_info -name xc7z020-clg484-1 -data names 
Execute             ap_part_info -quiet -name xc7z020-clg484-1 -data family 
Execute         db_write -o /home/alen/repo/zynq-7020-video-pipe-3/hw/video-pipe-hw-v5/hw_011223.runs/bd_41e7_vsc_0_synth_1/prj/sol/.autopilot/db/AXIvideo2MultiPixStream.sched.adb -f 
INFO-FLOW: Finish scheduling AXIvideo2MultiPixStream.
Execute         set_default_model AXIvideo2MultiPixStream 
Execute         bind -model AXIvideo2MultiPixStream 
INFO: [BIND 205-100] Starting micro-architecture generation ...
INFO: [BIND 205-101] Performing variable lifetime analysis.
INFO: [BIND 205-101] Exploring resource sharing.
INFO: [BIND 205-101] Binding ...
INFO: [BIND 205-100] Finished micro-architecture generation.
INFO: [HLS 200-111] Finished Binding: CPU user time: 0.03 seconds. CPU system time: 0 seconds. Elapsed time: 0.03 seconds; current allocated memory: 364.352 MB.
Execute         syn_report -verbosereport -o /home/alen/repo/zynq-7020-video-pipe-3/hw/video-pipe-hw-v5/hw_011223.runs/bd_41e7_vsc_0_synth_1/prj/sol/.autopilot/db/AXIvideo2MultiPixStream.verbose.bind.rpt 
Execute           list_part -family xc7z020-clg484-1 
Execute             ap_family_info -name xc7z020-clg484-1 -data names 
Execute             ap_part_info -quiet -name xc7z020-clg484-1 -data family 
Execute         db_write -o /home/alen/repo/zynq-7020-video-pipe-3/hw/video-pipe-hw-v5/hw_011223.runs/bd_41e7_vsc_0_synth_1/prj/sol/.autopilot/db/AXIvideo2MultiPixStream.bind.adb -f 
INFO-FLOW: Finish binding AXIvideo2MultiPixStream.
INFO: [HLS 200-10] ----------------------------------------------------------------
INFO: [HLS 200-42] -- Implementing module 'v_vcresampler_core_Pipeline_VITIS_LOOP_1057_2' 
INFO: [HLS 200-10] ----------------------------------------------------------------
Execute         set_default_model v_vcresampler_core_Pipeline_VITIS_LOOP_1057_2 
Execute         schedule -model v_vcresampler_core_Pipeline_VITIS_LOOP_1057_2 
INFO: [SCHED 204-11] Starting scheduling ...
INFO: [SYN 201-351] The following objects are mapped to a ternary adder tree.
   a  'phi' operation 10 bit ('LineBufVal') with incoming values : ('InCPix') ('LineBufVal_14', /home/alen/repo/zynq-7020-video-pipe-3/hw/video-pipe-hw-v5/hw_011223.runs/bd_41e7_vsc_0_synth_1/prj/sol/.autopilot/db/v_vscaler.cpp:1119)
   b  'select' operation 10 bit ('PixBufVal', /home/alen/repo/zynq-7020-video-pipe-3/hw/video-pipe-hw-v5/hw_011223.runs/bd_41e7_vsc_0_synth_1/prj/sol/.autopilot/db/v_vscaler.cpp:1125)
   c  constant 1

INFO: [SYN 201-351] The following objects are mapped to a ternary adder tree.
   a  'bitconcatenate' operation 11 bit ('shl_ln', /home/alen/repo/zynq-7020-video-pipe-3/hw/video-pipe-hw-v5/hw_011223.runs/bd_41e7_vsc_0_synth_1/prj/sol/.autopilot/db/v_vscaler.cpp:1196)
   b  'add' operation 11 bit ('add_ln1196', /home/alen/repo/zynq-7020-video-pipe-3/hw/video-pipe-hw-v5/hw_011223.runs/bd_41e7_vsc_0_synth_1/prj/sol/.autopilot/db/v_vscaler.cpp:1196)
   c  'phi' operation 10 bit ('LineBufCVal') with incoming values : ('LineBufVal', /home/alen/repo/zynq-7020-video-pipe-3/hw/video-pipe-hw-v5/hw_011223.runs/bd_41e7_vsc_0_synth_1/prj/sol/.autopilot/db/v_vscaler.cpp:1119) ('LineBufCVal', /home/alen/repo/zynq-7020-video-pipe-3/hw/video-pipe-hw-v5/hw_011223.runs/bd_41e7_vsc_0_synth_1/prj/sol/.autopilot/db/v_vscaler.cpp:1171)

INFO: [SCHED 204-11] Generating True dependence constraints ... 
INFO: [SCHED 204-11] Generating Auxiliary dependence constraints ... 
INFO: [SCHED 204-11] Generating Ternary mapping constraints ... 
INFO: [SCHED 204-11] Generating Lut Grouping constraints ... 
INFO: [SCHED 204-11] Generating Node latency constraints ... 
INFO: [SCHED 204-11] Generating Relative time constraints ... 
INFO: [SCHED 204-11] Generating Protocol constraints ... 
INFO: [SCHED 204-11] Generating Precedence constraints ... 
INFO: [SCHED 204-11] Generating Supporting dependence constraints ... 
INFO: [SCHED 204-11] Generating Pipeline constraints ... 
INFO: [SCHED 204-61] Pipelining loop 'VITIS_LOOP_1057_2'.
INFO: [SCHED 204-61]  rescheduled in stage scheduling from 0 to 2 with current asap = 0, alap = 2
INFO: [SCHED 204-11] Generating DSP mapping constraints ... 
INFO: [SCHED 204-11] Generating Supporting dependence constraints ... 
INFO: [SCHED 204-11] Generating Resource constraints ... 
INFO: [SCHED 204-11] Generating Latency constraints ... 
INFO: [SCHED 204-11] Generating Latency constraints ... 
INFO: [SCHED 204-11] Generating Cycle time constraints ... 
INFO: [SCHED 204-11] Generating Blocking node constraints ... 
INFO: [SCHED 204-11] Generating Chaining constraints ... 
INFO: [SCHED 204-11] Generating Operation gating constraints ... 
INFO: [SCHED 204-11] Generating Variable bound constraints ... 
INFO: [SCHED 204-11] Generating PHI node constraints ... 
INFO: [SCHED 204-11] Start checking consistency (resolving sdc graph) ...
INFO: [SCHED 204-11] Finished checking consistency.
INFO: [SCHED 204-11] Start scheduling optimization (solving LP) ...
INFO: [SCHED 204-11] Finished scheduling optimization.
INFO: [SCHED 204-11] Start constructing STG ...
INFO: [HLS 200-1470] Pipelining result : Target II = 1, Final II = 1, Depth = 5, loop 'VITIS_LOOP_1057_2'
INFO: [SCHED 204-11] Finished constructing STG.
INFO: [SCHED 204-11] Finished scheduling.
Command         schedule done; 0.17 sec.
INFO: [HLS 200-111] Finished Scheduling: CPU user time: 0.17 seconds. CPU system time: 0.02 seconds. Elapsed time: 0.2 seconds; current allocated memory: 365.867 MB.
Execute         syn_report -verbosereport -o /home/alen/repo/zynq-7020-video-pipe-3/hw/video-pipe-hw-v5/hw_011223.runs/bd_41e7_vsc_0_synth_1/prj/sol/.autopilot/db/v_vcresampler_core_Pipeline_VITIS_LOOP_1057_2.verbose.sched.rpt 
Execute           list_part -family xc7z020-clg484-1 
Execute             ap_family_info -name xc7z020-clg484-1 -data names 
Execute             ap_part_info -quiet -name xc7z020-clg484-1 -data family 
Execute         db_write -o /home/alen/repo/zynq-7020-video-pipe-3/hw/video-pipe-hw-v5/hw_011223.runs/bd_41e7_vsc_0_synth_1/prj/sol/.autopilot/db/v_vcresampler_core_Pipeline_VITIS_LOOP_1057_2.sched.adb -f 
INFO-FLOW: Finish scheduling v_vcresampler_core_Pipeline_VITIS_LOOP_1057_2.
Execute         set_default_model v_vcresampler_core_Pipeline_VITIS_LOOP_1057_2 
Execute         bind -model v_vcresampler_core_Pipeline_VITIS_LOOP_1057_2 
INFO: [BIND 205-100] Starting micro-architecture generation ...
INFO: [BIND 205-101] Performing variable lifetime analysis.
INFO: [BIND 205-101] Exploring resource sharing.
INFO: [BIND 205-101] Binding ...
INFO: [BIND 205-100] Finished micro-architecture generation.
INFO: [HLS 200-111] Finished Binding: CPU user time: 0.03 seconds. CPU system time: 0.01 seconds. Elapsed time: 0.04 seconds; current allocated memory: 365.867 MB.
Execute         syn_report -verbosereport -o /home/alen/repo/zynq-7020-video-pipe-3/hw/video-pipe-hw-v5/hw_011223.runs/bd_41e7_vsc_0_synth_1/prj/sol/.autopilot/db/v_vcresampler_core_Pipeline_VITIS_LOOP_1057_2.verbose.bind.rpt 
Execute           list_part -family xc7z020-clg484-1 
Execute             ap_family_info -name xc7z020-clg484-1 -data names 
Execute             ap_part_info -quiet -name xc7z020-clg484-1 -data family 
Execute         db_write -o /home/alen/repo/zynq-7020-video-pipe-3/hw/video-pipe-hw-v5/hw_011223.runs/bd_41e7_vsc_0_synth_1/prj/sol/.autopilot/db/v_vcresampler_core_Pipeline_VITIS_LOOP_1057_2.bind.adb -f 
INFO-FLOW: Finish binding v_vcresampler_core_Pipeline_VITIS_LOOP_1057_2.
INFO: [HLS 200-10] ----------------------------------------------------------------
INFO: [HLS 200-42] -- Implementing module 'v_vcresampler_core' 
INFO: [HLS 200-10] ----------------------------------------------------------------
Execute         set_default_model v_vcresampler_core 
Execute         schedule -model v_vcresampler_core 
INFO: [SCHED 204-11] Starting scheduling ...
INFO: [SCHED 204-11] Generating True dependence constraints ... 
INFO: [SCHED 204-11] Generating Auxiliary dependence constraints ... 
INFO: [SCHED 204-11] Generating Ternary mapping constraints ... 
INFO: [SCHED 204-11] Generating Lut Grouping constraints ... 
INFO: [SCHED 204-11] Generating Node latency constraints ... 
INFO: [SCHED 204-11] Generating Relative time constraints ... 
INFO: [SCHED 204-11] Generating Protocol constraints ... 
INFO: [SCHED 204-11] Generating Precedence constraints ... 
INFO: [SCHED 204-11] Generating Supporting dependence constraints ... 
INFO: [SCHED 204-11] Generating Pipeline constraints ... 
INFO: [SCHED 204-11] Generating DSP mapping constraints ... 
INFO: [SCHED 204-11] Generating Supporting dependence constraints ... 
INFO: [SCHED 204-11] Generating Resource constraints ... 
INFO: [SCHED 204-11] Generating Latency constraints ... 
INFO: [SCHED 204-11] Generating Latency constraints ... 
INFO: [SCHED 204-11] Generating Cycle time constraints ... 
INFO: [SCHED 204-11] Generating Blocking node constraints ... 
INFO: [SCHED 204-11] Generating Chaining constraints ... 
INFO: [SCHED 204-11] Generating Operation gating constraints ... 
INFO: [SCHED 204-11] Generating Variable bound constraints ... 
INFO: [SCHED 204-11] Generating PHI node constraints ... 
INFO: [SCHED 204-11] Start checking consistency (resolving sdc graph) ...
INFO: [SCHED 204-11] Finished checking consistency.
INFO: [SCHED 204-11] Start scheduling optimization (solving LP) ...
INFO: [SCHED 204-11] Finished scheduling optimization.
INFO: [SCHED 204-11] Start constructing STG ...
INFO: [SCHED 204-11] Finished constructing STG.
INFO: [SCHED 204-11] Finished scheduling.
Command         schedule done; 0.14 sec.
INFO: [HLS 200-111] Finished Scheduling: CPU user time: 0.16 seconds. CPU system time: 0 seconds. Elapsed time: 0.16 seconds; current allocated memory: 366.039 MB.
Execute         syn_report -verbosereport -o /home/alen/repo/zynq-7020-video-pipe-3/hw/video-pipe-hw-v5/hw_011223.runs/bd_41e7_vsc_0_synth_1/prj/sol/.autopilot/db/v_vcresampler_core.verbose.sched.rpt 
Execute           list_part -family xc7z020-clg484-1 
Execute             ap_family_info -name xc7z020-clg484-1 -data names 
Execute             ap_part_info -quiet -name xc7z020-clg484-1 -data family 
Execute         db_write -o /home/alen/repo/zynq-7020-video-pipe-3/hw/video-pipe-hw-v5/hw_011223.runs/bd_41e7_vsc_0_synth_1/prj/sol/.autopilot/db/v_vcresampler_core.sched.adb -f 
INFO-FLOW: Finish scheduling v_vcresampler_core.
Execute         set_default_model v_vcresampler_core 
Execute         bind -model v_vcresampler_core 
INFO: [BIND 205-100] Starting micro-architecture generation ...
INFO: [BIND 205-101] Performing variable lifetime analysis.
INFO: [BIND 205-101] Exploring resource sharing.
INFO: [BIND 205-101] Binding ...
INFO: [BIND 205-100] Finished micro-architecture generation.
INFO: [HLS 200-111] Finished Binding: CPU user time: 0.04 seconds. CPU system time: 0 seconds. Elapsed time: 0.03 seconds; current allocated memory: 366.039 MB.
Execute         syn_report -verbosereport -o /home/alen/repo/zynq-7020-video-pipe-3/hw/video-pipe-hw-v5/hw_011223.runs/bd_41e7_vsc_0_synth_1/prj/sol/.autopilot/db/v_vcresampler_core.verbose.bind.rpt 
Execute           list_part -family xc7z020-clg484-1 
Execute             ap_family_info -name xc7z020-clg484-1 -data names 
Execute             ap_part_info -quiet -name xc7z020-clg484-1 -data family 
Execute         db_write -o /home/alen/repo/zynq-7020-video-pipe-3/hw/video-pipe-hw-v5/hw_011223.runs/bd_41e7_vsc_0_synth_1/prj/sol/.autopilot/db/v_vcresampler_core.bind.adb -f 
INFO-FLOW: Finish binding v_vcresampler_core.
INFO: [HLS 200-10] ----------------------------------------------------------------
INFO: [HLS 200-42] -- Implementing module 'vscale_core_polyphase_Pipeline_loop_init_coeff_phase_loop_init_coeff_tap' 
INFO: [HLS 200-10] ----------------------------------------------------------------
Execute         set_default_model vscale_core_polyphase_Pipeline_loop_init_coeff_phase_loop_init_coeff_tap 
Execute         schedule -model vscale_core_polyphase_Pipeline_loop_init_coeff_phase_loop_init_coeff_tap 
INFO: [SCHED 204-11] Starting scheduling ...
INFO: [SYN 201-351] The following objects are mapped to a ternary adder tree.
   a  'select' operation 3 bit ('select_ln249', /home/alen/repo/zynq-7020-video-pipe-3/hw/video-pipe-hw-v5/hw_011223.runs/bd_41e7_vsc_0_synth_1/prj/sol/.autopilot/db/v_vscaler.cpp:249)
   b  'bitconcatenate' operation 9 bit ('tmp_s', /home/alen/repo/zynq-7020-video-pipe-3/hw/video-pipe-hw-v5/hw_011223.runs/bd_41e7_vsc_0_synth_1/prj/sol/.autopilot/db/v_vscaler.cpp:254)
   c  'bitconcatenate' operation 8 bit ('tmp_16', /home/alen/repo/zynq-7020-video-pipe-3/hw/video-pipe-hw-v5/hw_011223.runs/bd_41e7_vsc_0_synth_1/prj/sol/.autopilot/db/v_vscaler.cpp:254)

INFO: [SCHED 204-11] Generating True dependence constraints ... 
INFO: [SCHED 204-11] Generating Auxiliary dependence constraints ... 
INFO: [SCHED 204-11] Generating Ternary mapping constraints ... 
INFO: [SCHED 204-11] Generating Lut Grouping constraints ... 
INFO: [SCHED 204-11] Generating Node latency constraints ... 
INFO: [SCHED 204-11] Generating Relative time constraints ... 
INFO: [SCHED 204-11] Generating Protocol constraints ... 
INFO: [SCHED 204-11] Generating Precedence constraints ... 
INFO: [SCHED 204-11] Generating Supporting dependence constraints ... 
INFO: [SCHED 204-11] Generating Pipeline constraints ... 
INFO: [SCHED 204-61] Pipelining loop 'loop_init_coeff_phase_loop_init_coeff_tap'.
INFO: [SCHED 204-11] Generating DSP mapping constraints ... 
INFO: [SCHED 204-11] Generating Supporting dependence constraints ... 
INFO: [SCHED 204-11] Generating Resource constraints ... 
INFO: [SCHED 204-11] Generating Latency constraints ... 
INFO: [SCHED 204-11] Generating Latency constraints ... 
INFO: [SCHED 204-11] Generating Cycle time constraints ... 
INFO: [SCHED 204-11] Generating Blocking node constraints ... 
INFO: [SCHED 204-11] Generating Chaining constraints ... 
INFO: [SCHED 204-11] Generating Operation gating constraints ... 
INFO: [SCHED 204-11] Generating Variable bound constraints ... 
INFO: [SCHED 204-11] Generating PHI node constraints ... 
INFO: [SCHED 204-11] Start checking consistency (resolving sdc graph) ...
INFO: [SCHED 204-11] Finished checking consistency.
INFO: [SCHED 204-11] Start scheduling optimization (solving LP) ...
INFO: [SCHED 204-11] Finished scheduling optimization.
INFO: [SCHED 204-11] Start constructing STG ...
INFO: [HLS 200-1470] Pipelining result : Target II = NA, Final II = 1, Depth = 5, loop 'loop_init_coeff_phase_loop_init_coeff_tap'
WARNING: [HLS 200-871] Estimated clock period (6.091 ns) exceeds the target (target clock period: 7.000 ns, clock uncertainty: 1.890 ns, effective delay budget: 5.110 ns).
WARNING: [HLS 200-1016] The critical path in module 'vscale_core_polyphase_Pipeline_loop_init_coeff_phase_loop_init_coeff_tap' consists of the following:
	'store' operation 0 bit ('j_write_ln252', /home/alen/repo/zynq-7020-video-pipe-3/hw/video-pipe-hw-v5/hw_011223.runs/bd_41e7_vsc_0_synth_1/prj/sol/.autopilot/db/v_vscaler.cpp:252) of constant 0 on local variable 'j', /home/alen/repo/zynq-7020-video-pipe-3/hw/video-pipe-hw-v5/hw_011223.runs/bd_41e7_vsc_0_synth_1/prj/sol/.autopilot/db/v_vscaler.cpp:252 [21]  (1.588 ns)
	'load' operation 3 bit ('j_load', /home/alen/repo/zynq-7020-video-pipe-3/hw/video-pipe-hw-v5/hw_011223.runs/bd_41e7_vsc_0_synth_1/prj/sol/.autopilot/db/v_vscaler.cpp:252) on local variable 'j', /home/alen/repo/zynq-7020-video-pipe-3/hw/video-pipe-hw-v5/hw_011223.runs/bd_41e7_vsc_0_synth_1/prj/sol/.autopilot/db/v_vscaler.cpp:252 [29]  (0.000 ns)
	'icmp' operation 1 bit ('icmp_ln252', /home/alen/repo/zynq-7020-video-pipe-3/hw/video-pipe-hw-v5/hw_011223.runs/bd_41e7_vsc_0_synth_1/prj/sol/.autopilot/db/v_vscaler.cpp:252) [34]  (1.650 ns)
	'select' operation 3 bit ('select_ln249', /home/alen/repo/zynq-7020-video-pipe-3/hw/video-pipe-hw-v5/hw_011223.runs/bd_41e7_vsc_0_synth_1/prj/sol/.autopilot/db/v_vscaler.cpp:249) [35]  (0.980 ns)
	blocking operation 1.87264 ns on control path)

INFO: [SCHED 204-11] Finished constructing STG.
INFO: [SCHED 204-11] Finished scheduling.
Command         schedule done; 0.19 sec.
INFO: [HLS 200-111] Finished Scheduling: CPU user time: 0.21 seconds. CPU system time: 0.01 seconds. Elapsed time: 0.22 seconds; current allocated memory: 366.922 MB.
Execute         syn_report -verbosereport -o /home/alen/repo/zynq-7020-video-pipe-3/hw/video-pipe-hw-v5/hw_011223.runs/bd_41e7_vsc_0_synth_1/prj/sol/.autopilot/db/vscale_core_polyphase_Pipeline_loop_init_coeff_phase_loop_init_coeff_tap.verbose.sched.rpt 
Execute           list_part -family xc7z020-clg484-1 
Execute             ap_family_info -name xc7z020-clg484-1 -data names 
Execute             ap_part_info -quiet -name xc7z020-clg484-1 -data family 
Execute         db_write -o /home/alen/repo/zynq-7020-video-pipe-3/hw/video-pipe-hw-v5/hw_011223.runs/bd_41e7_vsc_0_synth_1/prj/sol/.autopilot/db/vscale_core_polyphase_Pipeline_loop_init_coeff_phase_loop_init_coeff_tap.sched.adb -f 
INFO-FLOW: Finish scheduling vscale_core_polyphase_Pipeline_loop_init_coeff_phase_loop_init_coeff_tap.
Execute         set_default_model vscale_core_polyphase_Pipeline_loop_init_coeff_phase_loop_init_coeff_tap 
Execute         bind -model vscale_core_polyphase_Pipeline_loop_init_coeff_phase_loop_init_coeff_tap 
INFO: [BIND 205-100] Starting micro-architecture generation ...
INFO: [BIND 205-101] Performing variable lifetime analysis.
INFO: [BIND 205-101] Exploring resource sharing.
INFO: [BIND 205-101] Binding ...
INFO: [BIND 205-100] Finished micro-architecture generation.
INFO: [HLS 200-111] Finished Binding: CPU user time: 0.03 seconds. CPU system time: 0 seconds. Elapsed time: 0.04 seconds; current allocated memory: 366.922 MB.
Execute         syn_report -verbosereport -o /home/alen/repo/zynq-7020-video-pipe-3/hw/video-pipe-hw-v5/hw_011223.runs/bd_41e7_vsc_0_synth_1/prj/sol/.autopilot/db/vscale_core_polyphase_Pipeline_loop_init_coeff_phase_loop_init_coeff_tap.verbose.bind.rpt 
Execute           list_part -family xc7z020-clg484-1 
Execute             ap_family_info -name xc7z020-clg484-1 -data names 
Execute             ap_part_info -quiet -name xc7z020-clg484-1 -data family 
Execute         db_write -o /home/alen/repo/zynq-7020-video-pipe-3/hw/video-pipe-hw-v5/hw_011223.runs/bd_41e7_vsc_0_synth_1/prj/sol/.autopilot/db/vscale_core_polyphase_Pipeline_loop_init_coeff_phase_loop_init_coeff_tap.bind.adb -f 
INFO-FLOW: Finish binding vscale_core_polyphase_Pipeline_loop_init_coeff_phase_loop_init_coeff_tap.
INFO: [HLS 200-10] ----------------------------------------------------------------
INFO: [HLS 200-42] -- Implementing module 'vscale_core_polyphase_Pipeline_loop_width_for_procpix' 
INFO: [HLS 200-10] ----------------------------------------------------------------
Execute         set_default_model vscale_core_polyphase_Pipeline_loop_width_for_procpix 
Execute         schedule -model vscale_core_polyphase_Pipeline_loop_width_for_procpix 
INFO: [SCHED 204-11] Starting scheduling ...
INFO: [HLS 200-486] Changing DSP latency (root=sum_2) to 3 in order to utilize available DSP registers.
INFO: [SYN 201-351] The following objects are mapped to a DSP.
   a  'load' operation 16 bit ('FiltCoeff_5_load', /home/alen/repo/zynq-7020-video-pipe-3/hw/video-pipe-hw-v5/hw_011223.runs/bd_41e7_vsc_0_synth_1/prj/sol/.autopilot/db/v_vscaler.cpp:394->/home/alen/repo/zynq-7020-video-pipe-3/hw/video-pipe-hw-v5/hw_011223.runs/bd_41e7_vsc_0_synth_1/prj/sol/.autopilot/db/v_vscaler.cpp:371) on array 'FiltCoeff_5'
   b  'phi' operation 10 bit ('empty_60', /home/alen/repo/zynq-7020-video-pipe-3/hw/video-pipe-hw-v5/hw_011223.runs/bd_41e7_vsc_0_synth_1/prj/sol/.autopilot/db/v_vscaler.cpp:329) with incoming values : ('tmp_1', /home/alen/repo/zynq-7020-video-pipe-3/hw/video-pipe-hw-v5/hw_011223.runs/bd_41e7_vsc_0_synth_1/prj/sol/.autopilot/db/v_vscaler.cpp:315) ('trunc_ln329_2', /home/alen/repo/zynq-7020-video-pipe-3/hw/video-pipe-hw-v5/hw_011223.runs/bd_41e7_vsc_0_synth_1/prj/sol/.autopilot/db/v_vscaler.cpp:329)
   c  'add' operation 29 bit ('add_ln394_16', /home/alen/repo/zynq-7020-video-pipe-3/hw/video-pipe-hw-v5/hw_011223.runs/bd_41e7_vsc_0_synth_1/prj/sol/.autopilot/db/v_vscaler.cpp:394->/home/alen/repo/zynq-7020-video-pipe-3/hw/video-pipe-hw-v5/hw_011223.runs/bd_41e7_vsc_0_synth_1/prj/sol/.autopilot/db/v_vscaler.cpp:371)
  DSP Expression: sum_2 = add_ln394_16 + sext_ln394_9 * zext_ln394_17
INFO: [HLS 200-486] Changing DSP latency (root=add_ln394_16) to 3 in order to utilize available DSP registers.
INFO: [SYN 201-351] The following objects are mapped to a DSP.
   a  'load' operation 16 bit ('FiltCoeff_4_load', /home/alen/repo/zynq-7020-video-pipe-3/hw/video-pipe-hw-v5/hw_011223.runs/bd_41e7_vsc_0_synth_1/prj/sol/.autopilot/db/v_vscaler.cpp:394->/home/alen/repo/zynq-7020-video-pipe-3/hw/video-pipe-hw-v5/hw_011223.runs/bd_41e7_vsc_0_synth_1/prj/sol/.autopilot/db/v_vscaler.cpp:371) on array 'FiltCoeff_4'
   b  'phi' operation 10 bit ('empty_57', /home/alen/repo/zynq-7020-video-pipe-3/hw/video-pipe-hw-v5/hw_011223.runs/bd_41e7_vsc_0_synth_1/prj/sol/.autopilot/db/v_vscaler.cpp:315) with incoming values : ('tmp_1', /home/alen/repo/zynq-7020-video-pipe-3/hw/video-pipe-hw-v5/hw_011223.runs/bd_41e7_vsc_0_synth_1/prj/sol/.autopilot/db/v_vscaler.cpp:315) ('tmp_3', /home/alen/repo/zynq-7020-video-pipe-3/hw/video-pipe-hw-v5/hw_011223.runs/bd_41e7_vsc_0_synth_1/prj/sol/.autopilot/db/v_vscaler.cpp:315)
   c  'add' operation 28 bit ('add_ln394_15', /home/alen/repo/zynq-7020-video-pipe-3/hw/video-pipe-hw-v5/hw_011223.runs/bd_41e7_vsc_0_synth_1/prj/sol/.autopilot/db/v_vscaler.cpp:394->/home/alen/repo/zynq-7020-video-pipe-3/hw/video-pipe-hw-v5/hw_011223.runs/bd_41e7_vsc_0_synth_1/prj/sol/.autopilot/db/v_vscaler.cpp:371)
  DSP Expression: add_ln394_16 = sext_ln394_29 + sext_ln394_7 * zext_ln394_16
INFO: [HLS 200-486] Changing DSP latency (root=add_ln394_15) to 3 in order to utilize available DSP registers.
INFO: [SYN 201-351] The following objects are mapped to a DSP.
   a  'load' operation 16 bit ('FiltCoeff_3_load', /home/alen/repo/zynq-7020-video-pipe-3/hw/video-pipe-hw-v5/hw_011223.runs/bd_41e7_vsc_0_synth_1/prj/sol/.autopilot/db/v_vscaler.cpp:394->/home/alen/repo/zynq-7020-video-pipe-3/hw/video-pipe-hw-v5/hw_011223.runs/bd_41e7_vsc_0_synth_1/prj/sol/.autopilot/db/v_vscaler.cpp:371) on array 'FiltCoeff_3'
   b  'phi' operation 10 bit ('empty_54', /home/alen/repo/zynq-7020-video-pipe-3/hw/video-pipe-hw-v5/hw_011223.runs/bd_41e7_vsc_0_synth_1/prj/sol/.autopilot/db/v_vscaler.cpp:315) with incoming values : ('tmp_3', /home/alen/repo/zynq-7020-video-pipe-3/hw/video-pipe-hw-v5/hw_011223.runs/bd_41e7_vsc_0_synth_1/prj/sol/.autopilot/db/v_vscaler.cpp:315) ('tmp_5', /home/alen/repo/zynq-7020-video-pipe-3/hw/video-pipe-hw-v5/hw_011223.runs/bd_41e7_vsc_0_synth_1/prj/sol/.autopilot/db/v_vscaler.cpp:315)
   c  'add' operation 28 bit ('add_ln394_14', /home/alen/repo/zynq-7020-video-pipe-3/hw/video-pipe-hw-v5/hw_011223.runs/bd_41e7_vsc_0_synth_1/prj/sol/.autopilot/db/v_vscaler.cpp:394->/home/alen/repo/zynq-7020-video-pipe-3/hw/video-pipe-hw-v5/hw_011223.runs/bd_41e7_vsc_0_synth_1/prj/sol/.autopilot/db/v_vscaler.cpp:371)
  DSP Expression: add_ln394_15 = add_ln394_14 + sext_ln394_5 * zext_ln394_15
INFO: [HLS 200-486] Changing DSP latency (root=add_ln394_14) to 3 in order to utilize available DSP registers.
INFO: [SYN 201-351] The following objects are mapped to a DSP.
   a  'load' operation 16 bit ('FiltCoeff_2_load', /home/alen/repo/zynq-7020-video-pipe-3/hw/video-pipe-hw-v5/hw_011223.runs/bd_41e7_vsc_0_synth_1/prj/sol/.autopilot/db/v_vscaler.cpp:394->/home/alen/repo/zynq-7020-video-pipe-3/hw/video-pipe-hw-v5/hw_011223.runs/bd_41e7_vsc_0_synth_1/prj/sol/.autopilot/db/v_vscaler.cpp:371) on array 'FiltCoeff_2'
   b  'phi' operation 10 bit ('empty_51', /home/alen/repo/zynq-7020-video-pipe-3/hw/video-pipe-hw-v5/hw_011223.runs/bd_41e7_vsc_0_synth_1/prj/sol/.autopilot/db/v_vscaler.cpp:315) with incoming values : ('tmp_5', /home/alen/repo/zynq-7020-video-pipe-3/hw/video-pipe-hw-v5/hw_011223.runs/bd_41e7_vsc_0_synth_1/prj/sol/.autopilot/db/v_vscaler.cpp:315) ('tmp_7', /home/alen/repo/zynq-7020-video-pipe-3/hw/video-pipe-hw-v5/hw_011223.runs/bd_41e7_vsc_0_synth_1/prj/sol/.autopilot/db/v_vscaler.cpp:315)
   c  'add' operation 27 bit ('add_ln394_13', /home/alen/repo/zynq-7020-video-pipe-3/hw/video-pipe-hw-v5/hw_011223.runs/bd_41e7_vsc_0_synth_1/prj/sol/.autopilot/db/v_vscaler.cpp:394->/home/alen/repo/zynq-7020-video-pipe-3/hw/video-pipe-hw-v5/hw_011223.runs/bd_41e7_vsc_0_synth_1/prj/sol/.autopilot/db/v_vscaler.cpp:371)
  DSP Expression: add_ln394_14 = sext_ln394_28 + sext_ln394_3 * zext_ln394_14
INFO: [HLS 200-486] Changing DSP latency (root=add_ln394_13) to 3 in order to utilize available DSP registers.
INFO: [SYN 201-351] The following objects are mapped to a DSP.
   a  'load' operation 16 bit ('FiltCoeff_1_load', /home/alen/repo/zynq-7020-video-pipe-3/hw/video-pipe-hw-v5/hw_011223.runs/bd_41e7_vsc_0_synth_1/prj/sol/.autopilot/db/v_vscaler.cpp:394->/home/alen/repo/zynq-7020-video-pipe-3/hw/video-pipe-hw-v5/hw_011223.runs/bd_41e7_vsc_0_synth_1/prj/sol/.autopilot/db/v_vscaler.cpp:371) on array 'FiltCoeff_1'
   b  'phi' operation 10 bit ('empty_48', /home/alen/repo/zynq-7020-video-pipe-3/hw/video-pipe-hw-v5/hw_011223.runs/bd_41e7_vsc_0_synth_1/prj/sol/.autopilot/db/v_vscaler.cpp:315) with incoming values : ('tmp_7', /home/alen/repo/zynq-7020-video-pipe-3/hw/video-pipe-hw-v5/hw_011223.runs/bd_41e7_vsc_0_synth_1/prj/sol/.autopilot/db/v_vscaler.cpp:315) ('tmp_9', /home/alen/repo/zynq-7020-video-pipe-3/hw/video-pipe-hw-v5/hw_011223.runs/bd_41e7_vsc_0_synth_1/prj/sol/.autopilot/db/v_vscaler.cpp:315)
   c  'add' operation 26 bit ('add_ln394_12', /home/alen/repo/zynq-7020-video-pipe-3/hw/video-pipe-hw-v5/hw_011223.runs/bd_41e7_vsc_0_synth_1/prj/sol/.autopilot/db/v_vscaler.cpp:394->/home/alen/repo/zynq-7020-video-pipe-3/hw/video-pipe-hw-v5/hw_011223.runs/bd_41e7_vsc_0_synth_1/prj/sol/.autopilot/db/v_vscaler.cpp:371)
  DSP Expression: add_ln394_13 = sext_ln394_27 + sext_ln394_1 * zext_ln394_13
INFO: [HLS 200-486] Changing DSP latency (root=add_ln394_12) to 3 in order to utilize available DSP registers.
INFO: [SYN 201-351] The following objects are mapped to a DSP.
   a  'load' operation 16 bit ('FiltCoeff_load', /home/alen/repo/zynq-7020-video-pipe-3/hw/video-pipe-hw-v5/hw_011223.runs/bd_41e7_vsc_0_synth_1/prj/sol/.autopilot/db/v_vscaler.cpp:394->/home/alen/repo/zynq-7020-video-pipe-3/hw/video-pipe-hw-v5/hw_011223.runs/bd_41e7_vsc_0_synth_1/prj/sol/.autopilot/db/v_vscaler.cpp:371) on array 'FiltCoeff'
   b  'phi' operation 10 bit ('empty', /home/alen/repo/zynq-7020-video-pipe-3/hw/video-pipe-hw-v5/hw_011223.runs/bd_41e7_vsc_0_synth_1/prj/sol/.autopilot/db/v_vscaler.cpp:315) with incoming values : ('tmp_9', /home/alen/repo/zynq-7020-video-pipe-3/hw/video-pipe-hw-v5/hw_011223.runs/bd_41e7_vsc_0_synth_1/prj/sol/.autopilot/db/v_vscaler.cpp:315) ('tmp_11', /home/alen/repo/zynq-7020-video-pipe-3/hw/video-pipe-hw-v5/hw_011223.runs/bd_41e7_vsc_0_synth_1/prj/sol/.autopilot/db/v_vscaler.cpp:315)
   c  constant 2048
  DSP Expression: add_ln394_12 = sext_ln394 * zext_ln394_12 + 2048
INFO: [HLS 200-486] Changing DSP latency (root=sum_1) to 3 in order to utilize available DSP registers.
INFO: [SYN 201-351] The following objects are mapped to a DSP.
   a  'load' operation 16 bit ('FiltCoeff_5_load', /home/alen/repo/zynq-7020-video-pipe-3/hw/video-pipe-hw-v5/hw_011223.runs/bd_41e7_vsc_0_synth_1/prj/sol/.autopilot/db/v_vscaler.cpp:394->/home/alen/repo/zynq-7020-video-pipe-3/hw/video-pipe-hw-v5/hw_011223.runs/bd_41e7_vsc_0_synth_1/prj/sol/.autopilot/db/v_vscaler.cpp:371) on array 'FiltCoeff_5'
   b  'phi' operation 10 bit ('empty_61', /home/alen/repo/zynq-7020-video-pipe-3/hw/video-pipe-hw-v5/hw_011223.runs/bd_41e7_vsc_0_synth_1/prj/sol/.autopilot/db/v_vscaler.cpp:329) with incoming values : ('tmp_s', /home/alen/repo/zynq-7020-video-pipe-3/hw/video-pipe-hw-v5/hw_011223.runs/bd_41e7_vsc_0_synth_1/prj/sol/.autopilot/db/v_vscaler.cpp:315) ('trunc_ln329_1', /home/alen/repo/zynq-7020-video-pipe-3/hw/video-pipe-hw-v5/hw_011223.runs/bd_41e7_vsc_0_synth_1/prj/sol/.autopilot/db/v_vscaler.cpp:329)
   c  'add' operation 29 bit ('add_ln394_10', /home/alen/repo/zynq-7020-video-pipe-3/hw/video-pipe-hw-v5/hw_011223.runs/bd_41e7_vsc_0_synth_1/prj/sol/.autopilot/db/v_vscaler.cpp:394->/home/alen/repo/zynq-7020-video-pipe-3/hw/video-pipe-hw-v5/hw_011223.runs/bd_41e7_vsc_0_synth_1/prj/sol/.autopilot/db/v_vscaler.cpp:371)
  DSP Expression: sum_1 = add_ln394_10 + sext_ln394_9 * zext_ln394_11
INFO: [HLS 200-486] Changing DSP latency (root=add_ln394_10) to 3 in order to utilize available DSP registers.
INFO: [SYN 201-351] The following objects are mapped to a DSP.
   a  'load' operation 16 bit ('FiltCoeff_4_load', /home/alen/repo/zynq-7020-video-pipe-3/hw/video-pipe-hw-v5/hw_011223.runs/bd_41e7_vsc_0_synth_1/prj/sol/.autopilot/db/v_vscaler.cpp:394->/home/alen/repo/zynq-7020-video-pipe-3/hw/video-pipe-hw-v5/hw_011223.runs/bd_41e7_vsc_0_synth_1/prj/sol/.autopilot/db/v_vscaler.cpp:371) on array 'FiltCoeff_4'
   b  'phi' operation 10 bit ('empty_58', /home/alen/repo/zynq-7020-video-pipe-3/hw/video-pipe-hw-v5/hw_011223.runs/bd_41e7_vsc_0_synth_1/prj/sol/.autopilot/db/v_vscaler.cpp:315) with incoming values : ('tmp_s', /home/alen/repo/zynq-7020-video-pipe-3/hw/video-pipe-hw-v5/hw_011223.runs/bd_41e7_vsc_0_synth_1/prj/sol/.autopilot/db/v_vscaler.cpp:315) ('tmp_2', /home/alen/repo/zynq-7020-video-pipe-3/hw/video-pipe-hw-v5/hw_011223.runs/bd_41e7_vsc_0_synth_1/prj/sol/.autopilot/db/v_vscaler.cpp:315)
   c  'add' operation 28 bit ('add_ln394_9', /home/alen/repo/zynq-7020-video-pipe-3/hw/video-pipe-hw-v5/hw_011223.runs/bd_41e7_vsc_0_synth_1/prj/sol/.autopilot/db/v_vscaler.cpp:394->/home/alen/repo/zynq-7020-video-pipe-3/hw/video-pipe-hw-v5/hw_011223.runs/bd_41e7_vsc_0_synth_1/prj/sol/.autopilot/db/v_vscaler.cpp:371)
  DSP Expression: add_ln394_10 = sext_ln394_21 + sext_ln394_7 * zext_ln394_10
INFO: [HLS 200-486] Changing DSP latency (root=add_ln394_9) to 3 in order to utilize available DSP registers.
INFO: [SYN 201-351] The following objects are mapped to a DSP.
   a  'load' operation 16 bit ('FiltCoeff_3_load', /home/alen/repo/zynq-7020-video-pipe-3/hw/video-pipe-hw-v5/hw_011223.runs/bd_41e7_vsc_0_synth_1/prj/sol/.autopilot/db/v_vscaler.cpp:394->/home/alen/repo/zynq-7020-video-pipe-3/hw/video-pipe-hw-v5/hw_011223.runs/bd_41e7_vsc_0_synth_1/prj/sol/.autopilot/db/v_vscaler.cpp:371) on array 'FiltCoeff_3'
   b  'phi' operation 10 bit ('empty_55', /home/alen/repo/zynq-7020-video-pipe-3/hw/video-pipe-hw-v5/hw_011223.runs/bd_41e7_vsc_0_synth_1/prj/sol/.autopilot/db/v_vscaler.cpp:315) with incoming values : ('tmp_2', /home/alen/repo/zynq-7020-video-pipe-3/hw/video-pipe-hw-v5/hw_011223.runs/bd_41e7_vsc_0_synth_1/prj/sol/.autopilot/db/v_vscaler.cpp:315) ('tmp_4', /home/alen/repo/zynq-7020-video-pipe-3/hw/video-pipe-hw-v5/hw_011223.runs/bd_41e7_vsc_0_synth_1/prj/sol/.autopilot/db/v_vscaler.cpp:315)
   c  'add' operation 28 bit ('add_ln394_8', /home/alen/repo/zynq-7020-video-pipe-3/hw/video-pipe-hw-v5/hw_011223.runs/bd_41e7_vsc_0_synth_1/prj/sol/.autopilot/db/v_vscaler.cpp:394->/home/alen/repo/zynq-7020-video-pipe-3/hw/video-pipe-hw-v5/hw_011223.runs/bd_41e7_vsc_0_synth_1/prj/sol/.autopilot/db/v_vscaler.cpp:371)
  DSP Expression: add_ln394_9 = add_ln394_8 + sext_ln394_5 * zext_ln394_9
INFO: [HLS 200-486] Changing DSP latency (root=add_ln394_8) to 3 in order to utilize available DSP registers.
INFO: [SYN 201-351] The following objects are mapped to a DSP.
   a  'load' operation 16 bit ('FiltCoeff_2_load', /home/alen/repo/zynq-7020-video-pipe-3/hw/video-pipe-hw-v5/hw_011223.runs/bd_41e7_vsc_0_synth_1/prj/sol/.autopilot/db/v_vscaler.cpp:394->/home/alen/repo/zynq-7020-video-pipe-3/hw/video-pipe-hw-v5/hw_011223.runs/bd_41e7_vsc_0_synth_1/prj/sol/.autopilot/db/v_vscaler.cpp:371) on array 'FiltCoeff_2'
   b  'phi' operation 10 bit ('empty_52', /home/alen/repo/zynq-7020-video-pipe-3/hw/video-pipe-hw-v5/hw_011223.runs/bd_41e7_vsc_0_synth_1/prj/sol/.autopilot/db/v_vscaler.cpp:315) with incoming values : ('tmp_4', /home/alen/repo/zynq-7020-video-pipe-3/hw/video-pipe-hw-v5/hw_011223.runs/bd_41e7_vsc_0_synth_1/prj/sol/.autopilot/db/v_vscaler.cpp:315) ('tmp_6', /home/alen/repo/zynq-7020-video-pipe-3/hw/video-pipe-hw-v5/hw_011223.runs/bd_41e7_vsc_0_synth_1/prj/sol/.autopilot/db/v_vscaler.cpp:315)
   c  'add' operation 27 bit ('add_ln394_7', /home/alen/repo/zynq-7020-video-pipe-3/hw/video-pipe-hw-v5/hw_011223.runs/bd_41e7_vsc_0_synth_1/prj/sol/.autopilot/db/v_vscaler.cpp:394->/home/alen/repo/zynq-7020-video-pipe-3/hw/video-pipe-hw-v5/hw_011223.runs/bd_41e7_vsc_0_synth_1/prj/sol/.autopilot/db/v_vscaler.cpp:371)
  DSP Expression: add_ln394_8 = sext_ln394_20 + sext_ln394_3 * zext_ln394_8
INFO: [HLS 200-486] Changing DSP latency (root=add_ln394_7) to 3 in order to utilize available DSP registers.
INFO: [SYN 201-351] The following objects are mapped to a DSP.
   a  'load' operation 16 bit ('FiltCoeff_1_load', /home/alen/repo/zynq-7020-video-pipe-3/hw/video-pipe-hw-v5/hw_011223.runs/bd_41e7_vsc_0_synth_1/prj/sol/.autopilot/db/v_vscaler.cpp:394->/home/alen/repo/zynq-7020-video-pipe-3/hw/video-pipe-hw-v5/hw_011223.runs/bd_41e7_vsc_0_synth_1/prj/sol/.autopilot/db/v_vscaler.cpp:371) on array 'FiltCoeff_1'
   b  'phi' operation 10 bit ('empty_49', /home/alen/repo/zynq-7020-video-pipe-3/hw/video-pipe-hw-v5/hw_011223.runs/bd_41e7_vsc_0_synth_1/prj/sol/.autopilot/db/v_vscaler.cpp:315) with incoming values : ('tmp_6', /home/alen/repo/zynq-7020-video-pipe-3/hw/video-pipe-hw-v5/hw_011223.runs/bd_41e7_vsc_0_synth_1/prj/sol/.autopilot/db/v_vscaler.cpp:315) ('tmp_8', /home/alen/repo/zynq-7020-video-pipe-3/hw/video-pipe-hw-v5/hw_011223.runs/bd_41e7_vsc_0_synth_1/prj/sol/.autopilot/db/v_vscaler.cpp:315)
   c  'add' operation 26 bit ('add_ln394_6', /home/alen/repo/zynq-7020-video-pipe-3/hw/video-pipe-hw-v5/hw_011223.runs/bd_41e7_vsc_0_synth_1/prj/sol/.autopilot/db/v_vscaler.cpp:394->/home/alen/repo/zynq-7020-video-pipe-3/hw/video-pipe-hw-v5/hw_011223.runs/bd_41e7_vsc_0_synth_1/prj/sol/.autopilot/db/v_vscaler.cpp:371)
  DSP Expression: add_ln394_7 = sext_ln394_19 + sext_ln394_1 * zext_ln394_7
INFO: [HLS 200-486] Changing DSP latency (root=add_ln394_6) to 3 in order to utilize available DSP registers.
INFO: [SYN 201-351] The following objects are mapped to a DSP.
   a  'load' operation 16 bit ('FiltCoeff_load', /home/alen/repo/zynq-7020-video-pipe-3/hw/video-pipe-hw-v5/hw_011223.runs/bd_41e7_vsc_0_synth_1/prj/sol/.autopilot/db/v_vscaler.cpp:394->/home/alen/repo/zynq-7020-video-pipe-3/hw/video-pipe-hw-v5/hw_011223.runs/bd_41e7_vsc_0_synth_1/prj/sol/.autopilot/db/v_vscaler.cpp:371) on array 'FiltCoeff'
   b  'phi' operation 10 bit ('empty_46', /home/alen/repo/zynq-7020-video-pipe-3/hw/video-pipe-hw-v5/hw_011223.runs/bd_41e7_vsc_0_synth_1/prj/sol/.autopilot/db/v_vscaler.cpp:315) with incoming values : ('tmp_8', /home/alen/repo/zynq-7020-video-pipe-3/hw/video-pipe-hw-v5/hw_011223.runs/bd_41e7_vsc_0_synth_1/prj/sol/.autopilot/db/v_vscaler.cpp:315) ('tmp_10', /home/alen/repo/zynq-7020-video-pipe-3/hw/video-pipe-hw-v5/hw_011223.runs/bd_41e7_vsc_0_synth_1/prj/sol/.autopilot/db/v_vscaler.cpp:315)
   c  constant 2048
  DSP Expression: add_ln394_6 = sext_ln394 * zext_ln394_6 + 2048
INFO: [HLS 200-486] Changing DSP latency (root=sum) to 3 in order to utilize available DSP registers.
INFO: [SYN 201-351] The following objects are mapped to a DSP.
   a  'load' operation 16 bit ('FiltCoeff_5_load', /home/alen/repo/zynq-7020-video-pipe-3/hw/video-pipe-hw-v5/hw_011223.runs/bd_41e7_vsc_0_synth_1/prj/sol/.autopilot/db/v_vscaler.cpp:394->/home/alen/repo/zynq-7020-video-pipe-3/hw/video-pipe-hw-v5/hw_011223.runs/bd_41e7_vsc_0_synth_1/prj/sol/.autopilot/db/v_vscaler.cpp:371) on array 'FiltCoeff_5'
   b  'phi' operation 10 bit ('empty_62', /home/alen/repo/zynq-7020-video-pipe-3/hw/video-pipe-hw-v5/hw_011223.runs/bd_41e7_vsc_0_synth_1/prj/sol/.autopilot/db/v_vscaler.cpp:329) with incoming values : ('trunc_ln315', /home/alen/repo/zynq-7020-video-pipe-3/hw/video-pipe-hw-v5/hw_011223.runs/bd_41e7_vsc_0_synth_1/prj/sol/.autopilot/db/v_vscaler.cpp:315) ('trunc_ln329', /home/alen/repo/zynq-7020-video-pipe-3/hw/video-pipe-hw-v5/hw_011223.runs/bd_41e7_vsc_0_synth_1/prj/sol/.autopilot/db/v_vscaler.cpp:329)
   c  'add' operation 29 bit ('add_ln394_4', /home/alen/repo/zynq-7020-video-pipe-3/hw/video-pipe-hw-v5/hw_011223.runs/bd_41e7_vsc_0_synth_1/prj/sol/.autopilot/db/v_vscaler.cpp:394->/home/alen/repo/zynq-7020-video-pipe-3/hw/video-pipe-hw-v5/hw_011223.runs/bd_41e7_vsc_0_synth_1/prj/sol/.autopilot/db/v_vscaler.cpp:371)
  DSP Expression: sum = add_ln394_4 + sext_ln394_9 * zext_ln394_5
INFO: [HLS 200-486] Changing DSP latency (root=add_ln394_4) to 3 in order to utilize available DSP registers.
INFO: [SYN 201-351] The following objects are mapped to a DSP.
   a  'load' operation 16 bit ('FiltCoeff_4_load', /home/alen/repo/zynq-7020-video-pipe-3/hw/video-pipe-hw-v5/hw_011223.runs/bd_41e7_vsc_0_synth_1/prj/sol/.autopilot/db/v_vscaler.cpp:394->/home/alen/repo/zynq-7020-video-pipe-3/hw/video-pipe-hw-v5/hw_011223.runs/bd_41e7_vsc_0_synth_1/prj/sol/.autopilot/db/v_vscaler.cpp:371) on array 'FiltCoeff_4'
   b  'phi' operation 10 bit ('empty_59', /home/alen/repo/zynq-7020-video-pipe-3/hw/video-pipe-hw-v5/hw_011223.runs/bd_41e7_vsc_0_synth_1/prj/sol/.autopilot/db/v_vscaler.cpp:315) with incoming values : ('trunc_ln315', /home/alen/repo/zynq-7020-video-pipe-3/hw/video-pipe-hw-v5/hw_011223.runs/bd_41e7_vsc_0_synth_1/prj/sol/.autopilot/db/v_vscaler.cpp:315) ('trunc_ln315_1', /home/alen/repo/zynq-7020-video-pipe-3/hw/video-pipe-hw-v5/hw_011223.runs/bd_41e7_vsc_0_synth_1/prj/sol/.autopilot/db/v_vscaler.cpp:315)
   c  'add' operation 28 bit ('add_ln394_3', /home/alen/repo/zynq-7020-video-pipe-3/hw/video-pipe-hw-v5/hw_011223.runs/bd_41e7_vsc_0_synth_1/prj/sol/.autopilot/db/v_vscaler.cpp:394->/home/alen/repo/zynq-7020-video-pipe-3/hw/video-pipe-hw-v5/hw_011223.runs/bd_41e7_vsc_0_synth_1/prj/sol/.autopilot/db/v_vscaler.cpp:371)
  DSP Expression: add_ln394_4 = sext_ln394_13 + sext_ln394_7 * zext_ln394_4
INFO: [HLS 200-486] Changing DSP latency (root=add_ln394_3) to 3 in order to utilize available DSP registers.
INFO: [SYN 201-351] The following objects are mapped to a DSP.
   a  'load' operation 16 bit ('FiltCoeff_3_load', /home/alen/repo/zynq-7020-video-pipe-3/hw/video-pipe-hw-v5/hw_011223.runs/bd_41e7_vsc_0_synth_1/prj/sol/.autopilot/db/v_vscaler.cpp:394->/home/alen/repo/zynq-7020-video-pipe-3/hw/video-pipe-hw-v5/hw_011223.runs/bd_41e7_vsc_0_synth_1/prj/sol/.autopilot/db/v_vscaler.cpp:371) on array 'FiltCoeff_3'
   b  'phi' operation 10 bit ('empty_56', /home/alen/repo/zynq-7020-video-pipe-3/hw/video-pipe-hw-v5/hw_011223.runs/bd_41e7_vsc_0_synth_1/prj/sol/.autopilot/db/v_vscaler.cpp:315) with incoming values : ('trunc_ln315_1', /home/alen/repo/zynq-7020-video-pipe-3/hw/video-pipe-hw-v5/hw_011223.runs/bd_41e7_vsc_0_synth_1/prj/sol/.autopilot/db/v_vscaler.cpp:315) ('trunc_ln315_2', /home/alen/repo/zynq-7020-video-pipe-3/hw/video-pipe-hw-v5/hw_011223.runs/bd_41e7_vsc_0_synth_1/prj/sol/.autopilot/db/v_vscaler.cpp:315)
   c  'add' operation 28 bit ('add_ln394_2', /home/alen/repo/zynq-7020-video-pipe-3/hw/video-pipe-hw-v5/hw_011223.runs/bd_41e7_vsc_0_synth_1/prj/sol/.autopilot/db/v_vscaler.cpp:394->/home/alen/repo/zynq-7020-video-pipe-3/hw/video-pipe-hw-v5/hw_011223.runs/bd_41e7_vsc_0_synth_1/prj/sol/.autopilot/db/v_vscaler.cpp:371)
  DSP Expression: add_ln394_3 = add_ln394_2 + sext_ln394_5 * zext_ln394_3
INFO: [HLS 200-486] Changing DSP latency (root=add_ln394_2) to 3 in order to utilize available DSP registers.
INFO: [SYN 201-351] The following objects are mapped to a DSP.
   a  'load' operation 16 bit ('FiltCoeff_2_load', /home/alen/repo/zynq-7020-video-pipe-3/hw/video-pipe-hw-v5/hw_011223.runs/bd_41e7_vsc_0_synth_1/prj/sol/.autopilot/db/v_vscaler.cpp:394->/home/alen/repo/zynq-7020-video-pipe-3/hw/video-pipe-hw-v5/hw_011223.runs/bd_41e7_vsc_0_synth_1/prj/sol/.autopilot/db/v_vscaler.cpp:371) on array 'FiltCoeff_2'
   b  'phi' operation 10 bit ('empty_53', /home/alen/repo/zynq-7020-video-pipe-3/hw/video-pipe-hw-v5/hw_011223.runs/bd_41e7_vsc_0_synth_1/prj/sol/.autopilot/db/v_vscaler.cpp:315) with incoming values : ('trunc_ln315_2', /home/alen/repo/zynq-7020-video-pipe-3/hw/video-pipe-hw-v5/hw_011223.runs/bd_41e7_vsc_0_synth_1/prj/sol/.autopilot/db/v_vscaler.cpp:315) ('trunc_ln315_3', /home/alen/repo/zynq-7020-video-pipe-3/hw/video-pipe-hw-v5/hw_011223.runs/bd_41e7_vsc_0_synth_1/prj/sol/.autopilot/db/v_vscaler.cpp:315)
   c  'add' operation 27 bit ('add_ln394_1', /home/alen/repo/zynq-7020-video-pipe-3/hw/video-pipe-hw-v5/hw_011223.runs/bd_41e7_vsc_0_synth_1/prj/sol/.autopilot/db/v_vscaler.cpp:394->/home/alen/repo/zynq-7020-video-pipe-3/hw/video-pipe-hw-v5/hw_011223.runs/bd_41e7_vsc_0_synth_1/prj/sol/.autopilot/db/v_vscaler.cpp:371)
  DSP Expression: add_ln394_2 = sext_ln394_12 + sext_ln394_3 * zext_ln394_2
INFO: [HLS 200-486] Changing DSP latency (root=add_ln394_1) to 3 in order to utilize available DSP registers.
INFO: [SYN 201-351] The following objects are mapped to a DSP.
   a  'load' operation 16 bit ('FiltCoeff_1_load', /home/alen/repo/zynq-7020-video-pipe-3/hw/video-pipe-hw-v5/hw_011223.runs/bd_41e7_vsc_0_synth_1/prj/sol/.autopilot/db/v_vscaler.cpp:394->/home/alen/repo/zynq-7020-video-pipe-3/hw/video-pipe-hw-v5/hw_011223.runs/bd_41e7_vsc_0_synth_1/prj/sol/.autopilot/db/v_vscaler.cpp:371) on array 'FiltCoeff_1'
   b  'phi' operation 10 bit ('empty_50', /home/alen/repo/zynq-7020-video-pipe-3/hw/video-pipe-hw-v5/hw_011223.runs/bd_41e7_vsc_0_synth_1/prj/sol/.autopilot/db/v_vscaler.cpp:315) with incoming values : ('trunc_ln315_3', /home/alen/repo/zynq-7020-video-pipe-3/hw/video-pipe-hw-v5/hw_011223.runs/bd_41e7_vsc_0_synth_1/prj/sol/.autopilot/db/v_vscaler.cpp:315) ('trunc_ln315_4', /home/alen/repo/zynq-7020-video-pipe-3/hw/video-pipe-hw-v5/hw_011223.runs/bd_41e7_vsc_0_synth_1/prj/sol/.autopilot/db/v_vscaler.cpp:315)
   c  'add' operation 26 bit ('add_ln394', /home/alen/repo/zynq-7020-video-pipe-3/hw/video-pipe-hw-v5/hw_011223.runs/bd_41e7_vsc_0_synth_1/prj/sol/.autopilot/db/v_vscaler.cpp:394->/home/alen/repo/zynq-7020-video-pipe-3/hw/video-pipe-hw-v5/hw_011223.runs/bd_41e7_vsc_0_synth_1/prj/sol/.autopilot/db/v_vscaler.cpp:371)
  DSP Expression: add_ln394_1 = sext_ln394_11 + sext_ln394_1 * zext_ln394_1
INFO: [HLS 200-486] Changing DSP latency (root=add_ln394) to 3 in order to utilize available DSP registers.
INFO: [SYN 201-351] The following objects are mapped to a DSP.
   a  'load' operation 16 bit ('FiltCoeff_load', /home/alen/repo/zynq-7020-video-pipe-3/hw/video-pipe-hw-v5/hw_011223.runs/bd_41e7_vsc_0_synth_1/prj/sol/.autopilot/db/v_vscaler.cpp:394->/home/alen/repo/zynq-7020-video-pipe-3/hw/video-pipe-hw-v5/hw_011223.runs/bd_41e7_vsc_0_synth_1/prj/sol/.autopilot/db/v_vscaler.cpp:371) on array 'FiltCoeff'
   b  'phi' operation 10 bit ('empty_47', /home/alen/repo/zynq-7020-video-pipe-3/hw/video-pipe-hw-v5/hw_011223.runs/bd_41e7_vsc_0_synth_1/prj/sol/.autopilot/db/v_vscaler.cpp:315) with incoming values : ('trunc_ln315_4', /home/alen/repo/zynq-7020-video-pipe-3/hw/video-pipe-hw-v5/hw_011223.runs/bd_41e7_vsc_0_synth_1/prj/sol/.autopilot/db/v_vscaler.cpp:315) ('trunc_ln315_5', /home/alen/repo/zynq-7020-video-pipe-3/hw/video-pipe-hw-v5/hw_011223.runs/bd_41e7_vsc_0_synth_1/prj/sol/.autopilot/db/v_vscaler.cpp:315)
   c  constant 2048
  DSP Expression: add_ln394 = sext_ln394 * zext_ln394 + 2048
INFO: [SCHED 204-11] Generating True dependence constraints ... 
INFO: [SCHED 204-11] Generating Auxiliary dependence constraints ... 
INFO: [SCHED 204-11] Generating Ternary mapping constraints ... 
INFO: [SCHED 204-11] Generating Lut Grouping constraints ... 
INFO: [SCHED 204-11] Generating Node latency constraints ... 
INFO: [SCHED 204-11] Generating Relative time constraints ... 
INFO: [SCHED 204-11] Generating Protocol constraints ... 
INFO: [SCHED 204-11] Generating Precedence constraints ... 
INFO: [SCHED 204-11] Generating Supporting dependence constraints ... 
INFO: [SCHED 204-11] Generating Pipeline constraints ... 
INFO: [SCHED 204-61] Pipelining loop 'loop_width_for_procpix'.
INFO: [SCHED 204-61]  rescheduled in stage scheduling from 0 to 6 with current asap = 0, alap = 6
INFO: [SCHED 204-61]  rescheduled in stage scheduling from 0 to 5 with current asap = 0, alap = 5
INFO: [SCHED 204-61]  rescheduled in stage scheduling from 0 to 4 with current asap = 0, alap = 4
INFO: [SCHED 204-61]  rescheduled in stage scheduling from 0 to 3 with current asap = 0, alap = 3
INFO: [SCHED 204-61]  rescheduled in stage scheduling from 0 to 2 with current asap = 0, alap = 2
INFO: [SCHED 204-61]  rescheduled in stage scheduling from 0 to 1 with current asap = 0, alap = 1
INFO: [SCHED 204-11] Generating DSP mapping constraints ... 
INFO: [SCHED 204-11] Generating Supporting dependence constraints ... 
INFO: [SCHED 204-11] Generating Resource constraints ... 
INFO: [SCHED 204-11] Generating Latency constraints ... 
INFO: [SCHED 204-11] Generating Latency constraints ... 
INFO: [SCHED 204-11] Generating Cycle time constraints ... 
INFO: [SCHED 204-11] Generating Blocking node constraints ... 
INFO: [SCHED 204-11] Generating Chaining constraints ... 
INFO: [SCHED 204-11] Generating Operation gating constraints ... 
INFO: [SCHED 204-11] Generating Variable bound constraints ... 
INFO: [SCHED 204-11] Generating PHI node constraints ... 
INFO: [SCHED 204-11] Start checking consistency (resolving sdc graph) ...
INFO: [SCHED 204-11] Finished checking consistency.
INFO: [SCHED 204-11] Start scheduling optimization (solving LP) ...
INFO: [SCHED 204-11] Finished scheduling optimization.
INFO: [SCHED 204-11] Start constructing STG ...
INFO: [HLS 200-1470] Pipelining result : Target II = NA, Final II = 1, Depth = 12, loop 'loop_width_for_procpix'
INFO: [SCHED 204-11] Finished constructing STG.
INFO: [SCHED 204-11] Finished scheduling.
Command         schedule done; 0.43 sec.
INFO: [HLS 200-111] Finished Scheduling: CPU user time: 0.42 seconds. CPU system time: 0.04 seconds. Elapsed time: 0.46 seconds; current allocated memory: 369.594 MB.
Execute         syn_report -verbosereport -o /home/alen/repo/zynq-7020-video-pipe-3/hw/video-pipe-hw-v5/hw_011223.runs/bd_41e7_vsc_0_synth_1/prj/sol/.autopilot/db/vscale_core_polyphase_Pipeline_loop_width_for_procpix.verbose.sched.rpt 
Execute           list_part -family xc7z020-clg484-1 
Execute             ap_family_info -name xc7z020-clg484-1 -data names 
Execute             ap_part_info -quiet -name xc7z020-clg484-1 -data family 
Execute         db_write -o /home/alen/repo/zynq-7020-video-pipe-3/hw/video-pipe-hw-v5/hw_011223.runs/bd_41e7_vsc_0_synth_1/prj/sol/.autopilot/db/vscale_core_polyphase_Pipeline_loop_width_for_procpix.sched.adb -f 
INFO-FLOW: Finish scheduling vscale_core_polyphase_Pipeline_loop_width_for_procpix.
Execute         set_default_model vscale_core_polyphase_Pipeline_loop_width_for_procpix 
Execute         bind -model vscale_core_polyphase_Pipeline_loop_width_for_procpix 
INFO: [BIND 205-100] Starting micro-architecture generation ...
INFO: [BIND 205-101] Performing variable lifetime analysis.
INFO: [BIND 205-101] Exploring resource sharing.
INFO: [BIND 205-101] Binding ...
INFO: [BIND 205-100] Finished micro-architecture generation.
INFO: [HLS 200-111] Finished Binding: CPU user time: 0.06 seconds. CPU system time: 0 seconds. Elapsed time: 0.06 seconds; current allocated memory: 369.594 MB.
Execute         syn_report -verbosereport -o /home/alen/repo/zynq-7020-video-pipe-3/hw/video-pipe-hw-v5/hw_011223.runs/bd_41e7_vsc_0_synth_1/prj/sol/.autopilot/db/vscale_core_polyphase_Pipeline_loop_width_for_procpix.verbose.bind.rpt 
Execute           list_part -family xc7z020-clg484-1 
Execute             ap_family_info -name xc7z020-clg484-1 -data names 
Execute             ap_part_info -quiet -name xc7z020-clg484-1 -data family 
Execute         db_write -o /home/alen/repo/zynq-7020-video-pipe-3/hw/video-pipe-hw-v5/hw_011223.runs/bd_41e7_vsc_0_synth_1/prj/sol/.autopilot/db/vscale_core_polyphase_Pipeline_loop_width_for_procpix.bind.adb -f 
INFO-FLOW: Finish binding vscale_core_polyphase_Pipeline_loop_width_for_procpix.
INFO: [HLS 200-10] ----------------------------------------------------------------
INFO: [HLS 200-42] -- Implementing module 'vscale_core_polyphase' 
INFO: [HLS 200-10] ----------------------------------------------------------------
Execute         set_default_model vscale_core_polyphase 
Execute         schedule -model vscale_core_polyphase 
INFO: [SCHED 204-11] Starting scheduling ...
INFO: [SCHED 204-11] Generating True dependence constraints ... 
INFO: [SCHED 204-11] Generating Auxiliary dependence constraints ... 
INFO: [SCHED 204-11] Generating Ternary mapping constraints ... 
INFO: [SCHED 204-11] Generating Lut Grouping constraints ... 
INFO: [SCHED 204-11] Generating Node latency constraints ... 
INFO: [SCHED 204-11] Generating Relative time constraints ... 
INFO: [SCHED 204-11] Generating Protocol constraints ... 
INFO: [SCHED 204-11] Generating Precedence constraints ... 
INFO: [SCHED 204-11] Generating Supporting dependence constraints ... 
INFO: [SCHED 204-11] Generating Pipeline constraints ... 
INFO: [SCHED 204-11] Generating DSP mapping constraints ... 
INFO: [SCHED 204-11] Generating Supporting dependence constraints ... 
INFO: [SCHED 204-11] Generating Resource constraints ... 
INFO: [SCHED 204-11] Generating Latency constraints ... 
INFO: [SCHED 204-11] Generating Latency constraints ... 
INFO: [SCHED 204-11] Generating Cycle time constraints ... 
INFO: [SCHED 204-11] Generating Blocking node constraints ... 
INFO: [SCHED 204-11] Generating Chaining constraints ... 
INFO: [SCHED 204-11] Generating Operation gating constraints ... 
INFO: [SCHED 204-11] Generating Variable bound constraints ... 
INFO: [SCHED 204-11] Generating PHI node constraints ... 
INFO: [SCHED 204-11] Start checking consistency (resolving sdc graph) ...
INFO: [SCHED 204-11] Finished checking consistency.
INFO: [SCHED 204-11] Start scheduling optimization (solving LP) ...
INFO: [SCHED 204-11] Finished scheduling optimization.
INFO: [SCHED 204-11] Start constructing STG ...
INFO: [SCHED 204-11] Finished constructing STG.
INFO: [SCHED 204-11] Finished scheduling.
Command         schedule done; 0.2 sec.
INFO: [HLS 200-111] Finished Scheduling: CPU user time: 0.22 seconds. CPU system time: 0.02 seconds. Elapsed time: 0.24 seconds; current allocated memory: 370.281 MB.
Execute         syn_report -verbosereport -o /home/alen/repo/zynq-7020-video-pipe-3/hw/video-pipe-hw-v5/hw_011223.runs/bd_41e7_vsc_0_synth_1/prj/sol/.autopilot/db/vscale_core_polyphase.verbose.sched.rpt 
Execute           list_part -family xc7z020-clg484-1 
Execute             ap_family_info -name xc7z020-clg484-1 -data names 
Execute             ap_part_info -quiet -name xc7z020-clg484-1 -data family 
Execute         db_write -o /home/alen/repo/zynq-7020-video-pipe-3/hw/video-pipe-hw-v5/hw_011223.runs/bd_41e7_vsc_0_synth_1/prj/sol/.autopilot/db/vscale_core_polyphase.sched.adb -f 
INFO-FLOW: Finish scheduling vscale_core_polyphase.
Execute         set_default_model vscale_core_polyphase 
Execute         bind -model vscale_core_polyphase 
INFO: [BIND 205-100] Starting micro-architecture generation ...
INFO: [BIND 205-101] Performing variable lifetime analysis.
INFO: [BIND 205-101] Exploring resource sharing.
INFO: [BIND 205-101] Binding ...
INFO: [BIND 205-100] Finished micro-architecture generation.
INFO: [HLS 200-111] Finished Binding: CPU user time: 0.03 seconds. CPU system time: 0.01 seconds. Elapsed time: 0.04 seconds; current allocated memory: 370.281 MB.
Execute         syn_report -verbosereport -o /home/alen/repo/zynq-7020-video-pipe-3/hw/video-pipe-hw-v5/hw_011223.runs/bd_41e7_vsc_0_synth_1/prj/sol/.autopilot/db/vscale_core_polyphase.verbose.bind.rpt 
Execute           list_part -family xc7z020-clg484-1 
Execute             ap_family_info -name xc7z020-clg484-1 -data names 
Execute             ap_part_info -quiet -name xc7z020-clg484-1 -data family 
Execute         db_write -o /home/alen/repo/zynq-7020-video-pipe-3/hw/video-pipe-hw-v5/hw_011223.runs/bd_41e7_vsc_0_synth_1/prj/sol/.autopilot/db/vscale_core_polyphase.bind.adb -f 
INFO-FLOW: Finish binding vscale_core_polyphase.
INFO: [HLS 200-10] ----------------------------------------------------------------
INFO: [HLS 200-42] -- Implementing module 'MultiPixStream2AXIvideo_Pipeline_VITIS_LOOP_940_2' 
INFO: [HLS 200-10] ----------------------------------------------------------------
Execute         set_default_model MultiPixStream2AXIvideo_Pipeline_VITIS_LOOP_940_2 
Execute         schedule -model MultiPixStream2AXIvideo_Pipeline_VITIS_LOOP_940_2 
INFO: [SCHED 204-11] Starting scheduling ...
INFO: [SCHED 204-11] Generating True dependence constraints ... 
INFO: [SCHED 204-11] Generating Auxiliary dependence constraints ... 
INFO: [SCHED 204-11] Generating Ternary mapping constraints ... 
INFO: [SCHED 204-11] Generating Lut Grouping constraints ... 
INFO: [SCHED 204-11] Generating Node latency constraints ... 
INFO: [SCHED 204-11] Generating Relative time constraints ... 
INFO: [SCHED 204-11] Generating Protocol constraints ... 
INFO: [SCHED 204-11] Generating Precedence constraints ... 
INFO: [SCHED 204-11] Generating Supporting dependence constraints ... 
INFO: [SCHED 204-11] Generating Pipeline constraints ... 
INFO: [SCHED 204-61] Pipelining loop 'VITIS_LOOP_940_2'.
INFO: [SCHED 204-11] Generating DSP mapping constraints ... 
INFO: [SCHED 204-11] Generating Supporting dependence constraints ... 
INFO: [SCHED 204-11] Generating Resource constraints ... 
INFO: [SCHED 204-11] Generating Latency constraints ... 
INFO: [SCHED 204-11] Generating Latency constraints ... 
INFO: [SCHED 204-11] Generating Cycle time constraints ... 
INFO: [SCHED 204-11] Generating Blocking node constraints ... 
INFO: [SCHED 204-11] Generating Chaining constraints ... 
INFO: [SCHED 204-11] Generating Operation gating constraints ... 
INFO: [SCHED 204-11] Generating Variable bound constraints ... 
INFO: [SCHED 204-11] Generating PHI node constraints ... 
INFO: [SCHED 204-11] Start checking consistency (resolving sdc graph) ...
INFO: [SCHED 204-11] Finished checking consistency.
INFO: [SCHED 204-11] Start scheduling optimization (solving LP) ...
INFO: [SCHED 204-11] Finished scheduling optimization.
INFO: [SCHED 204-11] Start constructing STG ...
INFO: [HLS 200-1470] Pipelining result : Target II = 1, Final II = 1, Depth = 3, loop 'VITIS_LOOP_940_2'
INFO: [SCHED 204-11] Finished constructing STG.
INFO: [SCHED 204-11] Finished scheduling.
Command         schedule done; 0.2 sec.
INFO: [HLS 200-111] Finished Scheduling: CPU user time: 0.22 seconds. CPU system time: 0.01 seconds. Elapsed time: 0.23 seconds; current allocated memory: 371.184 MB.
Execute         syn_report -verbosereport -o /home/alen/repo/zynq-7020-video-pipe-3/hw/video-pipe-hw-v5/hw_011223.runs/bd_41e7_vsc_0_synth_1/prj/sol/.autopilot/db/MultiPixStream2AXIvideo_Pipeline_VITIS_LOOP_940_2.verbose.sched.rpt 
Execute           list_part -family xc7z020-clg484-1 
Execute             ap_family_info -name xc7z020-clg484-1 -data names 
Execute             ap_part_info -quiet -name xc7z020-clg484-1 -data family 
Execute         db_write -o /home/alen/repo/zynq-7020-video-pipe-3/hw/video-pipe-hw-v5/hw_011223.runs/bd_41e7_vsc_0_synth_1/prj/sol/.autopilot/db/MultiPixStream2AXIvideo_Pipeline_VITIS_LOOP_940_2.sched.adb -f 
INFO-FLOW: Finish scheduling MultiPixStream2AXIvideo_Pipeline_VITIS_LOOP_940_2.
Execute         set_default_model MultiPixStream2AXIvideo_Pipeline_VITIS_LOOP_940_2 
Execute         bind -model MultiPixStream2AXIvideo_Pipeline_VITIS_LOOP_940_2 
INFO: [BIND 205-100] Starting micro-architecture generation ...
INFO: [BIND 205-101] Performing variable lifetime analysis.
INFO: [BIND 205-101] Exploring resource sharing.
INFO: [BIND 205-101] Binding ...
INFO: [BIND 205-100] Finished micro-architecture generation.
INFO: [HLS 200-111] Finished Binding: CPU user time: 0.03 seconds. CPU system time: 0.01 seconds. Elapsed time: 0.04 seconds; current allocated memory: 371.184 MB.
Execute         syn_report -verbosereport -o /home/alen/repo/zynq-7020-video-pipe-3/hw/video-pipe-hw-v5/hw_011223.runs/bd_41e7_vsc_0_synth_1/prj/sol/.autopilot/db/MultiPixStream2AXIvideo_Pipeline_VITIS_LOOP_940_2.verbose.bind.rpt 
Execute           list_part -family xc7z020-clg484-1 
Execute             ap_family_info -name xc7z020-clg484-1 -data names 
Execute             ap_part_info -quiet -name xc7z020-clg484-1 -data family 
Execute         db_write -o /home/alen/repo/zynq-7020-video-pipe-3/hw/video-pipe-hw-v5/hw_011223.runs/bd_41e7_vsc_0_synth_1/prj/sol/.autopilot/db/MultiPixStream2AXIvideo_Pipeline_VITIS_LOOP_940_2.bind.adb -f 
INFO-FLOW: Finish binding MultiPixStream2AXIvideo_Pipeline_VITIS_LOOP_940_2.
INFO: [HLS 200-10] ----------------------------------------------------------------
INFO: [HLS 200-42] -- Implementing module 'MultiPixStream2AXIvideo' 
INFO: [HLS 200-10] ----------------------------------------------------------------
Execute         set_default_model MultiPixStream2AXIvideo 
Execute         schedule -model MultiPixStream2AXIvideo 
INFO: [SCHED 204-11] Starting scheduling ...
INFO: [SCHED 204-11] Generating True dependence constraints ... 
INFO: [SCHED 204-11] Generating Auxiliary dependence constraints ... 
INFO: [SCHED 204-11] Generating Ternary mapping constraints ... 
INFO: [SCHED 204-11] Generating Lut Grouping constraints ... 
INFO: [SCHED 204-11] Generating Node latency constraints ... 
INFO: [SCHED 204-11] Generating Relative time constraints ... 
INFO: [SCHED 204-11] Generating Protocol constraints ... 
INFO: [SCHED 204-11] Generating Precedence constraints ... 
INFO: [SCHED 204-11] Generating Supporting dependence constraints ... 
INFO: [SCHED 204-11] Generating Pipeline constraints ... 
INFO: [SCHED 204-11] Generating DSP mapping constraints ... 
INFO: [SCHED 204-11] Generating Supporting dependence constraints ... 
INFO: [SCHED 204-11] Generating Resource constraints ... 
INFO: [SCHED 204-11] Generating Latency constraints ... 
INFO: [SCHED 204-11] Generating Latency constraints ... 
INFO: [SCHED 204-11] Generating Cycle time constraints ... 
INFO: [SCHED 204-11] Generating Blocking node constraints ... 
INFO: [SCHED 204-11] Generating Chaining constraints ... 
INFO: [SCHED 204-11] Generating Operation gating constraints ... 
INFO: [SCHED 204-11] Generating Variable bound constraints ... 
INFO: [SCHED 204-11] Generating PHI node constraints ... 
INFO: [SCHED 204-11] Start checking consistency (resolving sdc graph) ...
INFO: [SCHED 204-11] Finished checking consistency.
INFO: [SCHED 204-11] Start scheduling optimization (solving LP) ...
INFO: [SCHED 204-11] Finished scheduling optimization.
INFO: [SCHED 204-11] Start constructing STG ...
INFO: [SCHED 204-11] Finished constructing STG.
INFO: [SCHED 204-11] Finished scheduling.
Command         schedule done; 0.18 sec.
INFO: [HLS 200-111] Finished Scheduling: CPU user time: 0.18 seconds. CPU system time: 0.03 seconds. Elapsed time: 0.21 seconds; current allocated memory: 371.367 MB.
Execute         syn_report -verbosereport -o /home/alen/repo/zynq-7020-video-pipe-3/hw/video-pipe-hw-v5/hw_011223.runs/bd_41e7_vsc_0_synth_1/prj/sol/.autopilot/db/MultiPixStream2AXIvideo.verbose.sched.rpt 
Execute           list_part -family xc7z020-clg484-1 
Execute             ap_family_info -name xc7z020-clg484-1 -data names 
Execute             ap_part_info -quiet -name xc7z020-clg484-1 -data family 
Execute         db_write -o /home/alen/repo/zynq-7020-video-pipe-3/hw/video-pipe-hw-v5/hw_011223.runs/bd_41e7_vsc_0_synth_1/prj/sol/.autopilot/db/MultiPixStream2AXIvideo.sched.adb -f 
INFO-FLOW: Finish scheduling MultiPixStream2AXIvideo.
Execute         set_default_model MultiPixStream2AXIvideo 
Execute         bind -model MultiPixStream2AXIvideo 
INFO: [BIND 205-100] Starting micro-architecture generation ...
INFO: [BIND 205-101] Performing variable lifetime analysis.
INFO: [BIND 205-101] Exploring resource sharing.
INFO: [BIND 205-101] Binding ...
INFO: [BIND 205-100] Finished micro-architecture generation.
INFO: [HLS 200-111] Finished Binding: CPU user time: 0.03 seconds. CPU system time: 0.01 seconds. Elapsed time: 0.04 seconds; current allocated memory: 371.367 MB.
Execute         syn_report -verbosereport -o /home/alen/repo/zynq-7020-video-pipe-3/hw/video-pipe-hw-v5/hw_011223.runs/bd_41e7_vsc_0_synth_1/prj/sol/.autopilot/db/MultiPixStream2AXIvideo.verbose.bind.rpt 
Execute           list_part -family xc7z020-clg484-1 
Execute             ap_family_info -name xc7z020-clg484-1 -data names 
Execute             ap_part_info -quiet -name xc7z020-clg484-1 -data family 
Execute         db_write -o /home/alen/repo/zynq-7020-video-pipe-3/hw/video-pipe-hw-v5/hw_011223.runs/bd_41e7_vsc_0_synth_1/prj/sol/.autopilot/db/MultiPixStream2AXIvideo.bind.adb -f 
INFO-FLOW: Finish binding MultiPixStream2AXIvideo.
INFO: [HLS 200-10] ----------------------------------------------------------------
INFO: [HLS 200-42] -- Implementing module 'v_vscaler' 
INFO: [HLS 200-10] ----------------------------------------------------------------
Execute         set_default_model v_vscaler 
Execute         schedule -model v_vscaler 
INFO: [SCHED 204-11] Starting scheduling ...
INFO: [SCHED 204-11] Generating True dependence constraints ... 
INFO: [SCHED 204-11] Generating Auxiliary dependence constraints ... 
INFO: [SCHED 204-11] Generating Ternary mapping constraints ... 
INFO: [SCHED 204-11] Generating Lut Grouping constraints ... 
INFO: [SCHED 204-11] Generating Node latency constraints ... 
INFO: [SCHED 204-11] Generating Relative time constraints ... 
INFO: [SCHED 204-11] Generating Protocol constraints ... 
INFO: [SCHED 204-11] Generating Precedence constraints ... 
INFO: [SCHED 204-11] Generating Supporting dependence constraints ... 
INFO: [SCHED 204-11] Generating Pipeline constraints ... 
INFO: [SCHED 204-11] Generating DSP mapping constraints ... 
INFO: [SCHED 204-11] Generating Supporting dependence constraints ... 
INFO: [SCHED 204-11] Generating Resource constraints ... 
INFO: [SCHED 204-11] Generating Latency constraints ... 
INFO: [SCHED 204-11] Generating Latency constraints ... 
INFO: [SCHED 204-11] Generating Cycle time constraints ... 
INFO: [SCHED 204-11] Generating Blocking node constraints ... 
INFO: [SCHED 204-11] Generating Chaining constraints ... 
INFO: [SCHED 204-11] Generating Operation gating constraints ... 
INFO: [SCHED 204-11] Generating Variable bound constraints ... 
INFO: [SCHED 204-11] Generating PHI node constraints ... 
INFO: [SCHED 204-11] Start checking consistency (resolving sdc graph) ...
INFO: [SCHED 204-11] Finished checking consistency.
INFO: [SCHED 204-11] Start scheduling optimization (solving LP) ...
INFO: [SCHED 204-11] Finished scheduling optimization.
INFO: [SCHED 204-11] Start constructing STG ...
INFO: [SCHED 204-11] Finished constructing STG.
INFO: [SCHED 204-11] Finished scheduling.
WARNING: [HLS 200-1020] Increasing the depth of FIFO start_for_v_vcresampler_core_U0 (from Block_entry4_proc_U0 to v_vcresampler_core_U0) to 3 to improve performance and/or avoid deadlocks.
WARNING: [HLS 200-1018] Consider increasing the depth of FIFO HwReg_LineRate (from Block_entry4_proc_U0 to vscale_core_polyphase_U0) to 4 to improve performance and/or avoid deadlocks.
WARNING: [HLS 200-1018] Consider increasing the depth of FIFO HwReg_HeightOut_c19 (from Block_entry4_proc_U0 to vscale_core_polyphase_U0) to 4 to improve performance and/or avoid deadlocks.
WARNING: [HLS 200-1018] Consider increasing the depth of FIFO ColorMode_vcr_c21 (from Block_entry4_proc_U0 to v_vcresampler_core_U0) to 3 to improve performance and/or avoid deadlocks.
Command         schedule done; 0.24 sec.
INFO: [HLS 200-111] Finished Scheduling: CPU user time: 0.25 seconds. CPU system time: 0.01 seconds. Elapsed time: 0.26 seconds; current allocated memory: 372.098 MB.
Execute         syn_report -verbosereport -o /home/alen/repo/zynq-7020-video-pipe-3/hw/video-pipe-hw-v5/hw_011223.runs/bd_41e7_vsc_0_synth_1/prj/sol/.autopilot/db/v_vscaler.verbose.sched.rpt 
Execute           list_part -family xc7z020-clg484-1 
Execute             ap_family_info -name xc7z020-clg484-1 -data names 
Execute             ap_part_info -quiet -name xc7z020-clg484-1 -data family 
Execute         db_write -o /home/alen/repo/zynq-7020-video-pipe-3/hw/video-pipe-hw-v5/hw_011223.runs/bd_41e7_vsc_0_synth_1/prj/sol/.autopilot/db/v_vscaler.sched.adb -f 
INFO-FLOW: Finish scheduling v_vscaler.
Execute         set_default_model v_vscaler 
Execute         bind -model v_vscaler 
INFO: [BIND 205-100] Starting micro-architecture generation ...
INFO: [BIND 205-101] Performing variable lifetime analysis.
INFO: [BIND 205-101] Exploring resource sharing.
INFO: [BIND 205-101] Binding ...
INFO: [BIND 205-100] Finished micro-architecture generation.
INFO: [HLS 200-111] Finished Binding: CPU user time: 0.05 seconds. CPU system time: 0 seconds. Elapsed time: 0.05 seconds; current allocated memory: 372.098 MB.
Execute         syn_report -verbosereport -o /home/alen/repo/zynq-7020-video-pipe-3/hw/video-pipe-hw-v5/hw_011223.runs/bd_41e7_vsc_0_synth_1/prj/sol/.autopilot/db/v_vscaler.verbose.bind.rpt 
Execute           list_part -family xc7z020-clg484-1 
Execute             ap_family_info -name xc7z020-clg484-1 -data names 
Execute             ap_part_info -quiet -name xc7z020-clg484-1 -data family 
Execute         db_write -o /home/alen/repo/zynq-7020-video-pipe-3/hw/video-pipe-hw-v5/hw_011223.runs/bd_41e7_vsc_0_synth_1/prj/sol/.autopilot/db/v_vscaler.bind.adb -f 
INFO-FLOW: Finish binding v_vscaler.
Execute         get_model_list v_vscaler -filter all-wo-channel 
INFO-FLOW: Preprocessing for RTLGen ...
Execute         rtl_gen_preprocess Block_entry4_proc 
Execute         rtl_gen_preprocess reg<unsigned short> 
Execute         rtl_gen_preprocess AXIvideo2MultiPixStream_Pipeline_loop_wait_for_start 
Execute         rtl_gen_preprocess AXIvideo2MultiPixStream_Pipeline_loop_width 
Execute         rtl_gen_preprocess AXIvideo2MultiPixStream_Pipeline_loop_wait_for_eol 
Execute         rtl_gen_preprocess AXIvideo2MultiPixStream 
Execute         rtl_gen_preprocess v_vcresampler_core_Pipeline_VITIS_LOOP_1057_2 
Execute         rtl_gen_preprocess v_vcresampler_core 
Execute         rtl_gen_preprocess vscale_core_polyphase_Pipeline_loop_init_coeff_phase_loop_init_coeff_tap 
Execute         rtl_gen_preprocess vscale_core_polyphase_Pipeline_loop_width_for_procpix 
Execute         rtl_gen_preprocess vscale_core_polyphase 
Execute         rtl_gen_preprocess MultiPixStream2AXIvideo_Pipeline_VITIS_LOOP_940_2 
Execute         rtl_gen_preprocess MultiPixStream2AXIvideo 
Execute         rtl_gen_preprocess v_vscaler 
INFO-FLOW: Model list for RTL generation: Block_entry4_proc {reg<unsigned short>} AXIvideo2MultiPixStream_Pipeline_loop_wait_for_start AXIvideo2MultiPixStream_Pipeline_loop_width AXIvideo2MultiPixStream_Pipeline_loop_wait_for_eol AXIvideo2MultiPixStream v_vcresampler_core_Pipeline_VITIS_LOOP_1057_2 v_vcresampler_core vscale_core_polyphase_Pipeline_loop_init_coeff_phase_loop_init_coeff_tap vscale_core_polyphase_Pipeline_loop_width_for_procpix vscale_core_polyphase MultiPixStream2AXIvideo_Pipeline_VITIS_LOOP_940_2 MultiPixStream2AXIvideo v_vscaler
INFO: [HLS 200-10] ----------------------------------------------------------------
INFO: [HLS 200-10] -- Generating RTL for module 'Block_entry4_proc' 
INFO: [HLS 200-10] ----------------------------------------------------------------
Execute         create_rtl_model Block_entry4_proc -top_prefix bd_41e7_vsc_0_ -sub_prefix bd_41e7_vsc_0_ -mg_file /home/alen/repo/zynq-7020-video-pipe-3/hw/video-pipe-hw-v5/hw_011223.runs/bd_41e7_vsc_0_synth_1/prj/sol/.autopilot/db/Block_entry4_proc.compgen.tcl 
INFO: [RTGEN 206-100] Finished creating RTL model for 'Block_entry4_proc'.
INFO: [HLS 200-111] Finished Creating RTL model: CPU user time: 0.05 seconds. CPU system time: 0.01 seconds. Elapsed time: 0.06 seconds; current allocated memory: 372.289 MB.
Execute         source /home/alen/repo/zynq-7020-video-pipe-3/hw/video-pipe-hw-v5/hw_011223.runs/bd_41e7_vsc_0_synth_1/prj/sol/.autopilot/db/v_vscaler.rtl_wrap.cfg.tcl 
Execute         gen_rtl Block_entry4_proc -style xilinx -f -lang vhdl -o /home/alen/repo/zynq-7020-video-pipe-3/hw/video-pipe-hw-v5/hw_011223.runs/bd_41e7_vsc_0_synth_1/prj/sol/syn/vhdl/bd_41e7_vsc_0_Block_entry4_proc 
Execute         gen_rtl Block_entry4_proc -style xilinx -f -lang vlog -o /home/alen/repo/zynq-7020-video-pipe-3/hw/video-pipe-hw-v5/hw_011223.runs/bd_41e7_vsc_0_synth_1/prj/sol/syn/verilog/bd_41e7_vsc_0_Block_entry4_proc 
Execute         syn_report -csynth -model Block_entry4_proc -o /home/alen/repo/zynq-7020-video-pipe-3/hw/video-pipe-hw-v5/hw_011223.runs/bd_41e7_vsc_0_synth_1/prj/sol/syn/report/Block_entry4_proc_csynth.rpt 
Execute           list_part -family xc7z020-clg484-1 
Execute             ap_family_info -name xc7z020-clg484-1 -data names 
Execute             ap_part_info -quiet -name xc7z020-clg484-1 -data family 
Execute         syn_report -rtlxml -model Block_entry4_proc -o /home/alen/repo/zynq-7020-video-pipe-3/hw/video-pipe-hw-v5/hw_011223.runs/bd_41e7_vsc_0_synth_1/prj/sol/syn/report/Block_entry4_proc_csynth.xml 
Execute           list_part -family xc7z020-clg484-1 
Execute             ap_family_info -name xc7z020-clg484-1 -data names 
Execute             ap_part_info -quiet -name xc7z020-clg484-1 -data family 
Execute         syn_report -verbosereport -model Block_entry4_proc -o /home/alen/repo/zynq-7020-video-pipe-3/hw/video-pipe-hw-v5/hw_011223.runs/bd_41e7_vsc_0_synth_1/prj/sol/.autopilot/db/Block_entry4_proc.verbose.rpt 
Execute           list_part -family xc7z020-clg484-1 
Execute             ap_family_info -name xc7z020-clg484-1 -data names 
Execute             ap_part_info -quiet -name xc7z020-clg484-1 -data family 
Execute         db_write -model Block_entry4_proc -f -o /home/alen/repo/zynq-7020-video-pipe-3/hw/video-pipe-hw-v5/hw_011223.runs/bd_41e7_vsc_0_synth_1/prj/sol/.autopilot/db/Block_entry4_proc.adb 
Execute         db_write -model Block_entry4_proc -bindview -o /home/alen/repo/zynq-7020-video-pipe-3/hw/video-pipe-hw-v5/hw_011223.runs/bd_41e7_vsc_0_synth_1/prj/sol/.autopilot/db/design.bindinfo.xml 
Execute         gen_tb_info Block_entry4_proc -p /home/alen/repo/zynq-7020-video-pipe-3/hw/video-pipe-hw-v5/hw_011223.runs/bd_41e7_vsc_0_synth_1/prj/sol/.autopilot/db -o /home/alen/repo/zynq-7020-video-pipe-3/hw/video-pipe-hw-v5/hw_011223.runs/bd_41e7_vsc_0_synth_1/prj/sol/.autopilot/db/Block_entry4_proc 
INFO: [HLS 200-10] ----------------------------------------------------------------
INFO: [HLS 200-10] -- Generating RTL for module 'reg_unsigned_short_s' 
INFO: [HLS 200-10] ----------------------------------------------------------------
Execute         create_rtl_model reg<unsigned short> -top_prefix bd_41e7_vsc_0_ -sub_prefix bd_41e7_vsc_0_ -mg_file /home/alen/repo/zynq-7020-video-pipe-3/hw/video-pipe-hw-v5/hw_011223.runs/bd_41e7_vsc_0_synth_1/prj/sol/.autopilot/db/reg_unsigned_short_s.compgen.tcl 
INFO: [RTGEN 206-100] Finished creating RTL model for 'reg_unsigned_short_s'.
INFO: [HLS 200-111] Finished Creating RTL model: CPU user time: 0.05 seconds. CPU system time: 0.01 seconds. Elapsed time: 0.06 seconds; current allocated memory: 372.863 MB.
Execute         source /home/alen/repo/zynq-7020-video-pipe-3/hw/video-pipe-hw-v5/hw_011223.runs/bd_41e7_vsc_0_synth_1/prj/sol/.autopilot/db/v_vscaler.rtl_wrap.cfg.tcl 
Execute         gen_rtl reg<unsigned short> -style xilinx -f -lang vhdl -o /home/alen/repo/zynq-7020-video-pipe-3/hw/video-pipe-hw-v5/hw_011223.runs/bd_41e7_vsc_0_synth_1/prj/sol/syn/vhdl/bd_41e7_vsc_0_reg_unsigned_short_s 
Execute         gen_rtl reg<unsigned short> -style xilinx -f -lang vlog -o /home/alen/repo/zynq-7020-video-pipe-3/hw/video-pipe-hw-v5/hw_011223.runs/bd_41e7_vsc_0_synth_1/prj/sol/syn/verilog/bd_41e7_vsc_0_reg_unsigned_short_s 
Execute         syn_report -csynth -model reg<unsigned short> -o /home/alen/repo/zynq-7020-video-pipe-3/hw/video-pipe-hw-v5/hw_011223.runs/bd_41e7_vsc_0_synth_1/prj/sol/syn/report/reg_unsigned_short_s_csynth.rpt 
Execute           list_part -family xc7z020-clg484-1 
Execute             ap_family_info -name xc7z020-clg484-1 -data names 
Execute             ap_part_info -quiet -name xc7z020-clg484-1 -data family 
Execute         syn_report -rtlxml -model reg<unsigned short> -o /home/alen/repo/zynq-7020-video-pipe-3/hw/video-pipe-hw-v5/hw_011223.runs/bd_41e7_vsc_0_synth_1/prj/sol/syn/report/reg_unsigned_short_s_csynth.xml 
Execute           list_part -family xc7z020-clg484-1 
Execute             ap_family_info -name xc7z020-clg484-1 -data names 
Execute             ap_part_info -quiet -name xc7z020-clg484-1 -data family 
Execute         syn_report -verbosereport -model reg<unsigned short> -o /home/alen/repo/zynq-7020-video-pipe-3/hw/video-pipe-hw-v5/hw_011223.runs/bd_41e7_vsc_0_synth_1/prj/sol/.autopilot/db/reg_unsigned_short_s.verbose.rpt 
Execute           list_part -family xc7z020-clg484-1 
Execute             ap_family_info -name xc7z020-clg484-1 -data names 
Execute             ap_part_info -quiet -name xc7z020-clg484-1 -data family 
Execute         db_write -model reg<unsigned short> -f -o /home/alen/repo/zynq-7020-video-pipe-3/hw/video-pipe-hw-v5/hw_011223.runs/bd_41e7_vsc_0_synth_1/prj/sol/.autopilot/db/reg_unsigned_short_s.adb 
Execute         db_write -model reg<unsigned short> -bindview -o /home/alen/repo/zynq-7020-video-pipe-3/hw/video-pipe-hw-v5/hw_011223.runs/bd_41e7_vsc_0_synth_1/prj/sol/.autopilot/db/design.bindinfo.xml 
Execute         gen_tb_info reg<unsigned short> -p /home/alen/repo/zynq-7020-video-pipe-3/hw/video-pipe-hw-v5/hw_011223.runs/bd_41e7_vsc_0_synth_1/prj/sol/.autopilot/db -o /home/alen/repo/zynq-7020-video-pipe-3/hw/video-pipe-hw-v5/hw_011223.runs/bd_41e7_vsc_0_synth_1/prj/sol/.autopilot/db/reg_unsigned_short_s 
INFO: [HLS 200-10] ----------------------------------------------------------------
INFO: [HLS 200-10] -- Generating RTL for module 'AXIvideo2MultiPixStream_Pipeline_loop_wait_for_start' 
INFO: [HLS 200-10] ----------------------------------------------------------------
Execute         create_rtl_model AXIvideo2MultiPixStream_Pipeline_loop_wait_for_start -top_prefix bd_41e7_vsc_0_ -sub_prefix bd_41e7_vsc_0_ -mg_file /home/alen/repo/zynq-7020-video-pipe-3/hw/video-pipe-hw-v5/hw_011223.runs/bd_41e7_vsc_0_synth_1/prj/sol/.autopilot/db/AXIvideo2MultiPixStream_Pipeline_loop_wait_for_start.compgen.tcl 
INFO: [RTGEN 206-100] Finished creating RTL model for 'AXIvideo2MultiPixStream_Pipeline_loop_wait_for_start'.
INFO: [HLS 200-111] Finished Creating RTL model: CPU user time: 0.04 seconds. CPU system time: 0 seconds. Elapsed time: 0.04 seconds; current allocated memory: 373.234 MB.
Execute         source /home/alen/repo/zynq-7020-video-pipe-3/hw/video-pipe-hw-v5/hw_011223.runs/bd_41e7_vsc_0_synth_1/prj/sol/.autopilot/db/v_vscaler.rtl_wrap.cfg.tcl 
Execute         gen_rtl AXIvideo2MultiPixStream_Pipeline_loop_wait_for_start -style xilinx -f -lang vhdl -o /home/alen/repo/zynq-7020-video-pipe-3/hw/video-pipe-hw-v5/hw_011223.runs/bd_41e7_vsc_0_synth_1/prj/sol/syn/vhdl/bd_41e7_vsc_0_AXIvideo2MultiPixStream_Pipeline_loop_wait_for_start 
Execute         gen_rtl AXIvideo2MultiPixStream_Pipeline_loop_wait_for_start -style xilinx -f -lang vlog -o /home/alen/repo/zynq-7020-video-pipe-3/hw/video-pipe-hw-v5/hw_011223.runs/bd_41e7_vsc_0_synth_1/prj/sol/syn/verilog/bd_41e7_vsc_0_AXIvideo2MultiPixStream_Pipeline_loop_wait_for_start 
Execute         syn_report -csynth -model AXIvideo2MultiPixStream_Pipeline_loop_wait_for_start -o /home/alen/repo/zynq-7020-video-pipe-3/hw/video-pipe-hw-v5/hw_011223.runs/bd_41e7_vsc_0_synth_1/prj/sol/syn/report/AXIvideo2MultiPixStream_Pipeline_loop_wait_for_start_csynth.rpt 
Execute           list_part -family xc7z020-clg484-1 
Execute             ap_family_info -name xc7z020-clg484-1 -data names 
Execute             ap_part_info -quiet -name xc7z020-clg484-1 -data family 
Execute         syn_report -rtlxml -model AXIvideo2MultiPixStream_Pipeline_loop_wait_for_start -o /home/alen/repo/zynq-7020-video-pipe-3/hw/video-pipe-hw-v5/hw_011223.runs/bd_41e7_vsc_0_synth_1/prj/sol/syn/report/AXIvideo2MultiPixStream_Pipeline_loop_wait_for_start_csynth.xml 
Execute           list_part -family xc7z020-clg484-1 
Execute             ap_family_info -name xc7z020-clg484-1 -data names 
Execute             ap_part_info -quiet -name xc7z020-clg484-1 -data family 
Execute         syn_report -verbosereport -model AXIvideo2MultiPixStream_Pipeline_loop_wait_for_start -o /home/alen/repo/zynq-7020-video-pipe-3/hw/video-pipe-hw-v5/hw_011223.runs/bd_41e7_vsc_0_synth_1/prj/sol/.autopilot/db/AXIvideo2MultiPixStream_Pipeline_loop_wait_for_start.verbose.rpt 
Execute           list_part -family xc7z020-clg484-1 
Execute             ap_family_info -name xc7z020-clg484-1 -data names 
Execute             ap_part_info -quiet -name xc7z020-clg484-1 -data family 
Execute         db_write -model AXIvideo2MultiPixStream_Pipeline_loop_wait_for_start -f -o /home/alen/repo/zynq-7020-video-pipe-3/hw/video-pipe-hw-v5/hw_011223.runs/bd_41e7_vsc_0_synth_1/prj/sol/.autopilot/db/AXIvideo2MultiPixStream_Pipeline_loop_wait_for_start.adb 
Execute         db_write -model AXIvideo2MultiPixStream_Pipeline_loop_wait_for_start -bindview -o /home/alen/repo/zynq-7020-video-pipe-3/hw/video-pipe-hw-v5/hw_011223.runs/bd_41e7_vsc_0_synth_1/prj/sol/.autopilot/db/design.bindinfo.xml 
Execute         gen_tb_info AXIvideo2MultiPixStream_Pipeline_loop_wait_for_start -p /home/alen/repo/zynq-7020-video-pipe-3/hw/video-pipe-hw-v5/hw_011223.runs/bd_41e7_vsc_0_synth_1/prj/sol/.autopilot/db -o /home/alen/repo/zynq-7020-video-pipe-3/hw/video-pipe-hw-v5/hw_011223.runs/bd_41e7_vsc_0_synth_1/prj/sol/.autopilot/db/AXIvideo2MultiPixStream_Pipeline_loop_wait_for_start 
INFO: [HLS 200-10] ----------------------------------------------------------------
INFO: [HLS 200-10] -- Generating RTL for module 'AXIvideo2MultiPixStream_Pipeline_loop_width' 
INFO: [HLS 200-10] ----------------------------------------------------------------
Execute         create_rtl_model AXIvideo2MultiPixStream_Pipeline_loop_width -top_prefix bd_41e7_vsc_0_ -sub_prefix bd_41e7_vsc_0_ -mg_file /home/alen/repo/zynq-7020-video-pipe-3/hw/video-pipe-hw-v5/hw_011223.runs/bd_41e7_vsc_0_synth_1/prj/sol/.autopilot/db/AXIvideo2MultiPixStream_Pipeline_loop_width.compgen.tcl 
INFO: [HLS 200-1030] Apply Unified Pipeline Control on module 'AXIvideo2MultiPixStream_Pipeline_loop_width' pipeline 'loop_width' pipeline type 'loop pipeline'
INFO: [RTGEN 206-100] Finished creating RTL model for 'AXIvideo2MultiPixStream_Pipeline_loop_width'.
INFO: [HLS 200-111] Finished Creating RTL model: CPU user time: 0.06 seconds. CPU system time: 0 seconds. Elapsed time: 0.06 seconds; current allocated memory: 374.117 MB.
Execute         source /home/alen/repo/zynq-7020-video-pipe-3/hw/video-pipe-hw-v5/hw_011223.runs/bd_41e7_vsc_0_synth_1/prj/sol/.autopilot/db/v_vscaler.rtl_wrap.cfg.tcl 
Execute         gen_rtl AXIvideo2MultiPixStream_Pipeline_loop_width -style xilinx -f -lang vhdl -o /home/alen/repo/zynq-7020-video-pipe-3/hw/video-pipe-hw-v5/hw_011223.runs/bd_41e7_vsc_0_synth_1/prj/sol/syn/vhdl/bd_41e7_vsc_0_AXIvideo2MultiPixStream_Pipeline_loop_width 
Execute         gen_rtl AXIvideo2MultiPixStream_Pipeline_loop_width -style xilinx -f -lang vlog -o /home/alen/repo/zynq-7020-video-pipe-3/hw/video-pipe-hw-v5/hw_011223.runs/bd_41e7_vsc_0_synth_1/prj/sol/syn/verilog/bd_41e7_vsc_0_AXIvideo2MultiPixStream_Pipeline_loop_width 
Execute         syn_report -csynth -model AXIvideo2MultiPixStream_Pipeline_loop_width -o /home/alen/repo/zynq-7020-video-pipe-3/hw/video-pipe-hw-v5/hw_011223.runs/bd_41e7_vsc_0_synth_1/prj/sol/syn/report/AXIvideo2MultiPixStream_Pipeline_loop_width_csynth.rpt 
Execute           list_part -family xc7z020-clg484-1 
Execute             ap_family_info -name xc7z020-clg484-1 -data names 
Execute             ap_part_info -quiet -name xc7z020-clg484-1 -data family 
Execute         syn_report -rtlxml -model AXIvideo2MultiPixStream_Pipeline_loop_width -o /home/alen/repo/zynq-7020-video-pipe-3/hw/video-pipe-hw-v5/hw_011223.runs/bd_41e7_vsc_0_synth_1/prj/sol/syn/report/AXIvideo2MultiPixStream_Pipeline_loop_width_csynth.xml 
Execute           list_part -family xc7z020-clg484-1 
Execute             ap_family_info -name xc7z020-clg484-1 -data names 
Execute             ap_part_info -quiet -name xc7z020-clg484-1 -data family 
Execute         syn_report -verbosereport -model AXIvideo2MultiPixStream_Pipeline_loop_width -o /home/alen/repo/zynq-7020-video-pipe-3/hw/video-pipe-hw-v5/hw_011223.runs/bd_41e7_vsc_0_synth_1/prj/sol/.autopilot/db/AXIvideo2MultiPixStream_Pipeline_loop_width.verbose.rpt 
Execute           list_part -family xc7z020-clg484-1 
Execute             ap_family_info -name xc7z020-clg484-1 -data names 
Execute             ap_part_info -quiet -name xc7z020-clg484-1 -data family 
Execute         db_write -model AXIvideo2MultiPixStream_Pipeline_loop_width -f -o /home/alen/repo/zynq-7020-video-pipe-3/hw/video-pipe-hw-v5/hw_011223.runs/bd_41e7_vsc_0_synth_1/prj/sol/.autopilot/db/AXIvideo2MultiPixStream_Pipeline_loop_width.adb 
Execute         db_write -model AXIvideo2MultiPixStream_Pipeline_loop_width -bindview -o /home/alen/repo/zynq-7020-video-pipe-3/hw/video-pipe-hw-v5/hw_011223.runs/bd_41e7_vsc_0_synth_1/prj/sol/.autopilot/db/design.bindinfo.xml 
Execute         gen_tb_info AXIvideo2MultiPixStream_Pipeline_loop_width -p /home/alen/repo/zynq-7020-video-pipe-3/hw/video-pipe-hw-v5/hw_011223.runs/bd_41e7_vsc_0_synth_1/prj/sol/.autopilot/db -o /home/alen/repo/zynq-7020-video-pipe-3/hw/video-pipe-hw-v5/hw_011223.runs/bd_41e7_vsc_0_synth_1/prj/sol/.autopilot/db/AXIvideo2MultiPixStream_Pipeline_loop_width 
INFO: [HLS 200-10] ----------------------------------------------------------------
INFO: [HLS 200-10] -- Generating RTL for module 'AXIvideo2MultiPixStream_Pipeline_loop_wait_for_eol' 
INFO: [HLS 200-10] ----------------------------------------------------------------
Execute         create_rtl_model AXIvideo2MultiPixStream_Pipeline_loop_wait_for_eol -top_prefix bd_41e7_vsc_0_ -sub_prefix bd_41e7_vsc_0_ -mg_file /home/alen/repo/zynq-7020-video-pipe-3/hw/video-pipe-hw-v5/hw_011223.runs/bd_41e7_vsc_0_synth_1/prj/sol/.autopilot/db/AXIvideo2MultiPixStream_Pipeline_loop_wait_for_eol.compgen.tcl 
INFO: [RTGEN 206-100] Finished creating RTL model for 'AXIvideo2MultiPixStream_Pipeline_loop_wait_for_eol'.
INFO: [HLS 200-111] Finished Creating RTL model: CPU user time: 0.06 seconds. CPU system time: 0.01 seconds. Elapsed time: 0.06 seconds; current allocated memory: 375.301 MB.
Execute         source /home/alen/repo/zynq-7020-video-pipe-3/hw/video-pipe-hw-v5/hw_011223.runs/bd_41e7_vsc_0_synth_1/prj/sol/.autopilot/db/v_vscaler.rtl_wrap.cfg.tcl 
Execute         gen_rtl AXIvideo2MultiPixStream_Pipeline_loop_wait_for_eol -style xilinx -f -lang vhdl -o /home/alen/repo/zynq-7020-video-pipe-3/hw/video-pipe-hw-v5/hw_011223.runs/bd_41e7_vsc_0_synth_1/prj/sol/syn/vhdl/bd_41e7_vsc_0_AXIvideo2MultiPixStream_Pipeline_loop_wait_for_eol 
Execute         gen_rtl AXIvideo2MultiPixStream_Pipeline_loop_wait_for_eol -style xilinx -f -lang vlog -o /home/alen/repo/zynq-7020-video-pipe-3/hw/video-pipe-hw-v5/hw_011223.runs/bd_41e7_vsc_0_synth_1/prj/sol/syn/verilog/bd_41e7_vsc_0_AXIvideo2MultiPixStream_Pipeline_loop_wait_for_eol 
Execute         syn_report -csynth -model AXIvideo2MultiPixStream_Pipeline_loop_wait_for_eol -o /home/alen/repo/zynq-7020-video-pipe-3/hw/video-pipe-hw-v5/hw_011223.runs/bd_41e7_vsc_0_synth_1/prj/sol/syn/report/AXIvideo2MultiPixStream_Pipeline_loop_wait_for_eol_csynth.rpt 
Execute           list_part -family xc7z020-clg484-1 
Execute             ap_family_info -name xc7z020-clg484-1 -data names 
Execute             ap_part_info -quiet -name xc7z020-clg484-1 -data family 
Execute         syn_report -rtlxml -model AXIvideo2MultiPixStream_Pipeline_loop_wait_for_eol -o /home/alen/repo/zynq-7020-video-pipe-3/hw/video-pipe-hw-v5/hw_011223.runs/bd_41e7_vsc_0_synth_1/prj/sol/syn/report/AXIvideo2MultiPixStream_Pipeline_loop_wait_for_eol_csynth.xml 
Execute           list_part -family xc7z020-clg484-1 
Execute             ap_family_info -name xc7z020-clg484-1 -data names 
Execute             ap_part_info -quiet -name xc7z020-clg484-1 -data family 
Execute         syn_report -verbosereport -model AXIvideo2MultiPixStream_Pipeline_loop_wait_for_eol -o /home/alen/repo/zynq-7020-video-pipe-3/hw/video-pipe-hw-v5/hw_011223.runs/bd_41e7_vsc_0_synth_1/prj/sol/.autopilot/db/AXIvideo2MultiPixStream_Pipeline_loop_wait_for_eol.verbose.rpt 
Execute           list_part -family xc7z020-clg484-1 
Execute             ap_family_info -name xc7z020-clg484-1 -data names 
Execute             ap_part_info -quiet -name xc7z020-clg484-1 -data family 
Execute         db_write -model AXIvideo2MultiPixStream_Pipeline_loop_wait_for_eol -f -o /home/alen/repo/zynq-7020-video-pipe-3/hw/video-pipe-hw-v5/hw_011223.runs/bd_41e7_vsc_0_synth_1/prj/sol/.autopilot/db/AXIvideo2MultiPixStream_Pipeline_loop_wait_for_eol.adb 
Execute         db_write -model AXIvideo2MultiPixStream_Pipeline_loop_wait_for_eol -bindview -o /home/alen/repo/zynq-7020-video-pipe-3/hw/video-pipe-hw-v5/hw_011223.runs/bd_41e7_vsc_0_synth_1/prj/sol/.autopilot/db/design.bindinfo.xml 
Execute         gen_tb_info AXIvideo2MultiPixStream_Pipeline_loop_wait_for_eol -p /home/alen/repo/zynq-7020-video-pipe-3/hw/video-pipe-hw-v5/hw_011223.runs/bd_41e7_vsc_0_synth_1/prj/sol/.autopilot/db -o /home/alen/repo/zynq-7020-video-pipe-3/hw/video-pipe-hw-v5/hw_011223.runs/bd_41e7_vsc_0_synth_1/prj/sol/.autopilot/db/AXIvideo2MultiPixStream_Pipeline_loop_wait_for_eol 
INFO: [HLS 200-10] ----------------------------------------------------------------
INFO: [HLS 200-10] -- Generating RTL for module 'AXIvideo2MultiPixStream' 
INFO: [HLS 200-10] ----------------------------------------------------------------
Execute         create_rtl_model AXIvideo2MultiPixStream -top_prefix bd_41e7_vsc_0_ -sub_prefix bd_41e7_vsc_0_ -mg_file /home/alen/repo/zynq-7020-video-pipe-3/hw/video-pipe-hw-v5/hw_011223.runs/bd_41e7_vsc_0_synth_1/prj/sol/.autopilot/db/AXIvideo2MultiPixStream.compgen.tcl 
INFO: [RTGEN 206-100] Finished creating RTL model for 'AXIvideo2MultiPixStream'.
INFO: [HLS 200-111] Finished Creating RTL model: CPU user time: 0.05 seconds. CPU system time: 0.01 seconds. Elapsed time: 0.06 seconds; current allocated memory: 376.555 MB.
Execute         source /home/alen/repo/zynq-7020-video-pipe-3/hw/video-pipe-hw-v5/hw_011223.runs/bd_41e7_vsc_0_synth_1/prj/sol/.autopilot/db/v_vscaler.rtl_wrap.cfg.tcl 
Execute         gen_rtl AXIvideo2MultiPixStream -style xilinx -f -lang vhdl -o /home/alen/repo/zynq-7020-video-pipe-3/hw/video-pipe-hw-v5/hw_011223.runs/bd_41e7_vsc_0_synth_1/prj/sol/syn/vhdl/bd_41e7_vsc_0_AXIvideo2MultiPixStream 
Execute         gen_rtl AXIvideo2MultiPixStream -style xilinx -f -lang vlog -o /home/alen/repo/zynq-7020-video-pipe-3/hw/video-pipe-hw-v5/hw_011223.runs/bd_41e7_vsc_0_synth_1/prj/sol/syn/verilog/bd_41e7_vsc_0_AXIvideo2MultiPixStream 
Execute         syn_report -csynth -model AXIvideo2MultiPixStream -o /home/alen/repo/zynq-7020-video-pipe-3/hw/video-pipe-hw-v5/hw_011223.runs/bd_41e7_vsc_0_synth_1/prj/sol/syn/report/AXIvideo2MultiPixStream_csynth.rpt 
Execute           list_part -family xc7z020-clg484-1 
Execute             ap_family_info -name xc7z020-clg484-1 -data names 
Execute             ap_part_info -quiet -name xc7z020-clg484-1 -data family 
Execute         syn_report -rtlxml -model AXIvideo2MultiPixStream -o /home/alen/repo/zynq-7020-video-pipe-3/hw/video-pipe-hw-v5/hw_011223.runs/bd_41e7_vsc_0_synth_1/prj/sol/syn/report/AXIvideo2MultiPixStream_csynth.xml 
Execute           list_part -family xc7z020-clg484-1 
Execute             ap_family_info -name xc7z020-clg484-1 -data names 
Execute             ap_part_info -quiet -name xc7z020-clg484-1 -data family 
Execute         syn_report -verbosereport -model AXIvideo2MultiPixStream -o /home/alen/repo/zynq-7020-video-pipe-3/hw/video-pipe-hw-v5/hw_011223.runs/bd_41e7_vsc_0_synth_1/prj/sol/.autopilot/db/AXIvideo2MultiPixStream.verbose.rpt 
Execute           list_part -family xc7z020-clg484-1 
Execute             ap_family_info -name xc7z020-clg484-1 -data names 
Execute             ap_part_info -quiet -name xc7z020-clg484-1 -data family 
Execute         db_write -model AXIvideo2MultiPixStream -f -o /home/alen/repo/zynq-7020-video-pipe-3/hw/video-pipe-hw-v5/hw_011223.runs/bd_41e7_vsc_0_synth_1/prj/sol/.autopilot/db/AXIvideo2MultiPixStream.adb 
Execute         db_write -model AXIvideo2MultiPixStream -bindview -o /home/alen/repo/zynq-7020-video-pipe-3/hw/video-pipe-hw-v5/hw_011223.runs/bd_41e7_vsc_0_synth_1/prj/sol/.autopilot/db/design.bindinfo.xml 
Execute         gen_tb_info AXIvideo2MultiPixStream -p /home/alen/repo/zynq-7020-video-pipe-3/hw/video-pipe-hw-v5/hw_011223.runs/bd_41e7_vsc_0_synth_1/prj/sol/.autopilot/db -o /home/alen/repo/zynq-7020-video-pipe-3/hw/video-pipe-hw-v5/hw_011223.runs/bd_41e7_vsc_0_synth_1/prj/sol/.autopilot/db/AXIvideo2MultiPixStream 
INFO: [HLS 200-10] ----------------------------------------------------------------
INFO: [HLS 200-10] -- Generating RTL for module 'v_vcresampler_core_Pipeline_VITIS_LOOP_1057_2' 
INFO: [HLS 200-10] ----------------------------------------------------------------
Execute         create_rtl_model v_vcresampler_core_Pipeline_VITIS_LOOP_1057_2 -top_prefix bd_41e7_vsc_0_ -sub_prefix bd_41e7_vsc_0_ -mg_file /home/alen/repo/zynq-7020-video-pipe-3/hw/video-pipe-hw-v5/hw_011223.runs/bd_41e7_vsc_0_synth_1/prj/sol/.autopilot/db/v_vcresampler_core_Pipeline_VITIS_LOOP_1057_2.compgen.tcl 
INFO: [HLS 200-1030] Apply Unified Pipeline Control on module 'v_vcresampler_core_Pipeline_VITIS_LOOP_1057_2' pipeline 'VITIS_LOOP_1057_2' pipeline type 'loop pipeline'
INFO: [RTGEN 206-100] Finished creating RTL model for 'v_vcresampler_core_Pipeline_VITIS_LOOP_1057_2'.
INFO: [HLS 200-111] Finished Creating RTL model: CPU user time: 0.08 seconds. CPU system time: 0 seconds. Elapsed time: 0.09 seconds; current allocated memory: 378.430 MB.
Execute         source /home/alen/repo/zynq-7020-video-pipe-3/hw/video-pipe-hw-v5/hw_011223.runs/bd_41e7_vsc_0_synth_1/prj/sol/.autopilot/db/v_vscaler.rtl_wrap.cfg.tcl 
Execute         gen_rtl v_vcresampler_core_Pipeline_VITIS_LOOP_1057_2 -style xilinx -f -lang vhdl -o /home/alen/repo/zynq-7020-video-pipe-3/hw/video-pipe-hw-v5/hw_011223.runs/bd_41e7_vsc_0_synth_1/prj/sol/syn/vhdl/bd_41e7_vsc_0_v_vcresampler_core_Pipeline_VITIS_LOOP_1057_2 
Execute         gen_rtl v_vcresampler_core_Pipeline_VITIS_LOOP_1057_2 -style xilinx -f -lang vlog -o /home/alen/repo/zynq-7020-video-pipe-3/hw/video-pipe-hw-v5/hw_011223.runs/bd_41e7_vsc_0_synth_1/prj/sol/syn/verilog/bd_41e7_vsc_0_v_vcresampler_core_Pipeline_VITIS_LOOP_1057_2 
Execute         syn_report -csynth -model v_vcresampler_core_Pipeline_VITIS_LOOP_1057_2 -o /home/alen/repo/zynq-7020-video-pipe-3/hw/video-pipe-hw-v5/hw_011223.runs/bd_41e7_vsc_0_synth_1/prj/sol/syn/report/v_vcresampler_core_Pipeline_VITIS_LOOP_1057_2_csynth.rpt 
Execute           list_part -family xc7z020-clg484-1 
Execute             ap_family_info -name xc7z020-clg484-1 -data names 
Execute             ap_part_info -quiet -name xc7z020-clg484-1 -data family 
Execute         syn_report -rtlxml -model v_vcresampler_core_Pipeline_VITIS_LOOP_1057_2 -o /home/alen/repo/zynq-7020-video-pipe-3/hw/video-pipe-hw-v5/hw_011223.runs/bd_41e7_vsc_0_synth_1/prj/sol/syn/report/v_vcresampler_core_Pipeline_VITIS_LOOP_1057_2_csynth.xml 
Execute           list_part -family xc7z020-clg484-1 
Execute             ap_family_info -name xc7z020-clg484-1 -data names 
Execute             ap_part_info -quiet -name xc7z020-clg484-1 -data family 
Execute         syn_report -verbosereport -model v_vcresampler_core_Pipeline_VITIS_LOOP_1057_2 -o /home/alen/repo/zynq-7020-video-pipe-3/hw/video-pipe-hw-v5/hw_011223.runs/bd_41e7_vsc_0_synth_1/prj/sol/.autopilot/db/v_vcresampler_core_Pipeline_VITIS_LOOP_1057_2.verbose.rpt 
Execute           list_part -family xc7z020-clg484-1 
Execute             ap_family_info -name xc7z020-clg484-1 -data names 
Execute             ap_part_info -quiet -name xc7z020-clg484-1 -data family 
Execute         db_write -model v_vcresampler_core_Pipeline_VITIS_LOOP_1057_2 -f -o /home/alen/repo/zynq-7020-video-pipe-3/hw/video-pipe-hw-v5/hw_011223.runs/bd_41e7_vsc_0_synth_1/prj/sol/.autopilot/db/v_vcresampler_core_Pipeline_VITIS_LOOP_1057_2.adb 
Execute         db_write -model v_vcresampler_core_Pipeline_VITIS_LOOP_1057_2 -bindview -o /home/alen/repo/zynq-7020-video-pipe-3/hw/video-pipe-hw-v5/hw_011223.runs/bd_41e7_vsc_0_synth_1/prj/sol/.autopilot/db/design.bindinfo.xml 
Execute         gen_tb_info v_vcresampler_core_Pipeline_VITIS_LOOP_1057_2 -p /home/alen/repo/zynq-7020-video-pipe-3/hw/video-pipe-hw-v5/hw_011223.runs/bd_41e7_vsc_0_synth_1/prj/sol/.autopilot/db -o /home/alen/repo/zynq-7020-video-pipe-3/hw/video-pipe-hw-v5/hw_011223.runs/bd_41e7_vsc_0_synth_1/prj/sol/.autopilot/db/v_vcresampler_core_Pipeline_VITIS_LOOP_1057_2 
INFO: [HLS 200-10] ----------------------------------------------------------------
INFO: [HLS 200-10] -- Generating RTL for module 'v_vcresampler_core' 
INFO: [HLS 200-10] ----------------------------------------------------------------
Execute         create_rtl_model v_vcresampler_core -top_prefix bd_41e7_vsc_0_ -sub_prefix bd_41e7_vsc_0_ -mg_file /home/alen/repo/zynq-7020-video-pipe-3/hw/video-pipe-hw-v5/hw_011223.runs/bd_41e7_vsc_0_synth_1/prj/sol/.autopilot/db/v_vcresampler_core.compgen.tcl 
INFO: [RTGEN 206-100] Finished creating RTL model for 'v_vcresampler_core'.
INFO: [RTMG 210-278] Implementing memory 'bd_41e7_vsc_0_v_vcresampler_core_linebuf_y_RAM_AUTO_1R1W' using auto RAMs.
INFO: [RTMG 210-278] Implementing memory 'bd_41e7_vsc_0_v_vcresampler_core_linebuf_y_1_RAM_AUTO_1R1W' using auto RAMs.
INFO: [RTMG 210-279] Implementing memory 'bd_41e7_vsc_0_v_vcresampler_core_linebuf_c_2_RAM_AUTO_1R1W' using auto ROMs.
INFO: [HLS 200-111] Finished Creating RTL model: CPU user time: 0.1 seconds. CPU system time: 0.01 seconds. Elapsed time: 0.12 seconds; current allocated memory: 381.156 MB.
Execute         source /home/alen/repo/zynq-7020-video-pipe-3/hw/video-pipe-hw-v5/hw_011223.runs/bd_41e7_vsc_0_synth_1/prj/sol/.autopilot/db/v_vscaler.rtl_wrap.cfg.tcl 
Execute         gen_rtl v_vcresampler_core -style xilinx -f -lang vhdl -o /home/alen/repo/zynq-7020-video-pipe-3/hw/video-pipe-hw-v5/hw_011223.runs/bd_41e7_vsc_0_synth_1/prj/sol/syn/vhdl/bd_41e7_vsc_0_v_vcresampler_core 
Execute         gen_rtl v_vcresampler_core -style xilinx -f -lang vlog -o /home/alen/repo/zynq-7020-video-pipe-3/hw/video-pipe-hw-v5/hw_011223.runs/bd_41e7_vsc_0_synth_1/prj/sol/syn/verilog/bd_41e7_vsc_0_v_vcresampler_core 
Execute         syn_report -csynth -model v_vcresampler_core -o /home/alen/repo/zynq-7020-video-pipe-3/hw/video-pipe-hw-v5/hw_011223.runs/bd_41e7_vsc_0_synth_1/prj/sol/syn/report/v_vcresampler_core_csynth.rpt 
Execute           list_part -family xc7z020-clg484-1 
Execute             ap_family_info -name xc7z020-clg484-1 -data names 
Execute             ap_part_info -quiet -name xc7z020-clg484-1 -data family 
Execute         syn_report -rtlxml -model v_vcresampler_core -o /home/alen/repo/zynq-7020-video-pipe-3/hw/video-pipe-hw-v5/hw_011223.runs/bd_41e7_vsc_0_synth_1/prj/sol/syn/report/v_vcresampler_core_csynth.xml 
Execute           list_part -family xc7z020-clg484-1 
Execute             ap_family_info -name xc7z020-clg484-1 -data names 
Execute             ap_part_info -quiet -name xc7z020-clg484-1 -data family 
Execute         syn_report -verbosereport -model v_vcresampler_core -o /home/alen/repo/zynq-7020-video-pipe-3/hw/video-pipe-hw-v5/hw_011223.runs/bd_41e7_vsc_0_synth_1/prj/sol/.autopilot/db/v_vcresampler_core.verbose.rpt 
Execute           list_part -family xc7z020-clg484-1 
Execute             ap_family_info -name xc7z020-clg484-1 -data names 
Execute             ap_part_info -quiet -name xc7z020-clg484-1 -data family 
Execute         db_write -model v_vcresampler_core -f -o /home/alen/repo/zynq-7020-video-pipe-3/hw/video-pipe-hw-v5/hw_011223.runs/bd_41e7_vsc_0_synth_1/prj/sol/.autopilot/db/v_vcresampler_core.adb 
Execute         db_write -model v_vcresampler_core -bindview -o /home/alen/repo/zynq-7020-video-pipe-3/hw/video-pipe-hw-v5/hw_011223.runs/bd_41e7_vsc_0_synth_1/prj/sol/.autopilot/db/design.bindinfo.xml 
Execute         gen_tb_info v_vcresampler_core -p /home/alen/repo/zynq-7020-video-pipe-3/hw/video-pipe-hw-v5/hw_011223.runs/bd_41e7_vsc_0_synth_1/prj/sol/.autopilot/db -o /home/alen/repo/zynq-7020-video-pipe-3/hw/video-pipe-hw-v5/hw_011223.runs/bd_41e7_vsc_0_synth_1/prj/sol/.autopilot/db/v_vcresampler_core 
INFO: [HLS 200-10] ----------------------------------------------------------------
INFO: [HLS 200-10] -- Generating RTL for module 'vscale_core_polyphase_Pipeline_loop_init_coeff_phase_loop_init_coeff_tap' 
INFO: [HLS 200-10] ----------------------------------------------------------------
Execute         create_rtl_model vscale_core_polyphase_Pipeline_loop_init_coeff_phase_loop_init_coeff_tap -top_prefix bd_41e7_vsc_0_ -sub_prefix bd_41e7_vsc_0_ -mg_file /home/alen/repo/zynq-7020-video-pipe-3/hw/video-pipe-hw-v5/hw_011223.runs/bd_41e7_vsc_0_synth_1/prj/sol/.autopilot/db/vscale_core_polyphase_Pipeline_loop_init_coeff_phase_loop_init_coeff_tap.compgen.tcl 
INFO: [HLS 200-1030] Apply Unified Pipeline Control on module 'vscale_core_polyphase_Pipeline_loop_init_coeff_phase_loop_init_coeff_tap' pipeline 'loop_init_coeff_phase_loop_init_coeff_tap' pipeline type 'loop pipeline'
INFO: [RTGEN 206-100] Finished creating RTL model for 'vscale_core_polyphase_Pipeline_loop_init_coeff_phase_loop_init_coeff_tap'.
INFO: [HLS 200-111] Finished Creating RTL model: CPU user time: 0.07 seconds. CPU system time: 0.01 seconds. Elapsed time: 0.08 seconds; current allocated memory: 382.613 MB.
Execute         source /home/alen/repo/zynq-7020-video-pipe-3/hw/video-pipe-hw-v5/hw_011223.runs/bd_41e7_vsc_0_synth_1/prj/sol/.autopilot/db/v_vscaler.rtl_wrap.cfg.tcl 
Execute         gen_rtl vscale_core_polyphase_Pipeline_loop_init_coeff_phase_loop_init_coeff_tap -style xilinx -f -lang vhdl -o /home/alen/repo/zynq-7020-video-pipe-3/hw/video-pipe-hw-v5/hw_011223.runs/bd_41e7_vsc_0_synth_1/prj/sol/syn/vhdl/bd_41e7_vsc_0_vscale_core_polyphase_Pipeline_loop_init_coeff_phase_loop_init_coeff_tap 
Execute         gen_rtl vscale_core_polyphase_Pipeline_loop_init_coeff_phase_loop_init_coeff_tap -style xilinx -f -lang vlog -o /home/alen/repo/zynq-7020-video-pipe-3/hw/video-pipe-hw-v5/hw_011223.runs/bd_41e7_vsc_0_synth_1/prj/sol/syn/verilog/bd_41e7_vsc_0_vscale_core_polyphase_Pipeline_loop_init_coeff_phase_loop_init_coeff_tap 
Execute         syn_report -csynth -model vscale_core_polyphase_Pipeline_loop_init_coeff_phase_loop_init_coeff_tap -o /home/alen/repo/zynq-7020-video-pipe-3/hw/video-pipe-hw-v5/hw_011223.runs/bd_41e7_vsc_0_synth_1/prj/sol/syn/report/vscale_core_polyphase_Pipeline_loop_init_coeff_phase_loop_init_coeff_tap_csynth.rpt 
Execute           list_part -family xc7z020-clg484-1 
Execute             ap_family_info -name xc7z020-clg484-1 -data names 
Execute             ap_part_info -quiet -name xc7z020-clg484-1 -data family 
Execute         syn_report -rtlxml -model vscale_core_polyphase_Pipeline_loop_init_coeff_phase_loop_init_coeff_tap -o /home/alen/repo/zynq-7020-video-pipe-3/hw/video-pipe-hw-v5/hw_011223.runs/bd_41e7_vsc_0_synth_1/prj/sol/syn/report/vscale_core_polyphase_Pipeline_loop_init_coeff_phase_loop_init_coeff_tap_csynth.xml 
Execute           list_part -family xc7z020-clg484-1 
Execute             ap_family_info -name xc7z020-clg484-1 -data names 
Execute             ap_part_info -quiet -name xc7z020-clg484-1 -data family 
Execute         syn_report -verbosereport -model vscale_core_polyphase_Pipeline_loop_init_coeff_phase_loop_init_coeff_tap -o /home/alen/repo/zynq-7020-video-pipe-3/hw/video-pipe-hw-v5/hw_011223.runs/bd_41e7_vsc_0_synth_1/prj/sol/.autopilot/db/vscale_core_polyphase_Pipeline_loop_init_coeff_phase_loop_init_coeff_tap.verbose.rpt 
Execute           list_part -family xc7z020-clg484-1 
Execute             ap_family_info -name xc7z020-clg484-1 -data names 
Execute             ap_part_info -quiet -name xc7z020-clg484-1 -data family 
Execute         db_write -model vscale_core_polyphase_Pipeline_loop_init_coeff_phase_loop_init_coeff_tap -f -o /home/alen/repo/zynq-7020-video-pipe-3/hw/video-pipe-hw-v5/hw_011223.runs/bd_41e7_vsc_0_synth_1/prj/sol/.autopilot/db/vscale_core_polyphase_Pipeline_loop_init_coeff_phase_loop_init_coeff_tap.adb 
Execute         db_write -model vscale_core_polyphase_Pipeline_loop_init_coeff_phase_loop_init_coeff_tap -bindview -o /home/alen/repo/zynq-7020-video-pipe-3/hw/video-pipe-hw-v5/hw_011223.runs/bd_41e7_vsc_0_synth_1/prj/sol/.autopilot/db/design.bindinfo.xml 
Execute         gen_tb_info vscale_core_polyphase_Pipeline_loop_init_coeff_phase_loop_init_coeff_tap -p /home/alen/repo/zynq-7020-video-pipe-3/hw/video-pipe-hw-v5/hw_011223.runs/bd_41e7_vsc_0_synth_1/prj/sol/.autopilot/db -o /home/alen/repo/zynq-7020-video-pipe-3/hw/video-pipe-hw-v5/hw_011223.runs/bd_41e7_vsc_0_synth_1/prj/sol/.autopilot/db/vscale_core_polyphase_Pipeline_loop_init_coeff_phase_loop_init_coeff_tap 
INFO: [HLS 200-10] ----------------------------------------------------------------
INFO: [HLS 200-10] -- Generating RTL for module 'vscale_core_polyphase_Pipeline_loop_width_for_procpix' 
INFO: [HLS 200-10] ----------------------------------------------------------------
Execute         create_rtl_model vscale_core_polyphase_Pipeline_loop_width_for_procpix -top_prefix bd_41e7_vsc_0_ -sub_prefix bd_41e7_vsc_0_ -mg_file /home/alen/repo/zynq-7020-video-pipe-3/hw/video-pipe-hw-v5/hw_011223.runs/bd_41e7_vsc_0_synth_1/prj/sol/.autopilot/db/vscale_core_polyphase_Pipeline_loop_width_for_procpix.compgen.tcl 
INFO: [HLS 200-1030] Apply Unified Pipeline Control on module 'vscale_core_polyphase_Pipeline_loop_width_for_procpix' pipeline 'loop_width_for_procpix' pipeline type 'loop pipeline'
INFO: [RTGEN 206-100] Generating core module 'mac_muladd_16s_10ns_12ns_26_4_1': 3 instance(s).
INFO: [RTGEN 206-100] Generating core module 'mac_muladd_16s_10ns_26s_27_4_1': 3 instance(s).
INFO: [RTGEN 206-100] Generating core module 'mac_muladd_16s_10ns_27s_28_4_1': 3 instance(s).
INFO: [RTGEN 206-100] Generating core module 'mac_muladd_16s_10ns_28s_28_4_1': 3 instance(s).
INFO: [RTGEN 206-100] Generating core module 'mac_muladd_16s_10ns_28s_29_4_1': 3 instance(s).
INFO: [RTGEN 206-100] Generating core module 'mac_muladd_16s_10ns_29s_29_4_1': 3 instance(s).
INFO: [RTGEN 206-100] Finished creating RTL model for 'vscale_core_polyphase_Pipeline_loop_width_for_procpix'.
INFO: [HLS 200-111] Finished Creating RTL model: CPU user time: 0.14 seconds. CPU system time: 0 seconds. Elapsed time: 0.16 seconds; current allocated memory: 386.109 MB.
Execute         source /home/alen/repo/zynq-7020-video-pipe-3/hw/video-pipe-hw-v5/hw_011223.runs/bd_41e7_vsc_0_synth_1/prj/sol/.autopilot/db/v_vscaler.rtl_wrap.cfg.tcl 
Execute         gen_rtl vscale_core_polyphase_Pipeline_loop_width_for_procpix -style xilinx -f -lang vhdl -o /home/alen/repo/zynq-7020-video-pipe-3/hw/video-pipe-hw-v5/hw_011223.runs/bd_41e7_vsc_0_synth_1/prj/sol/syn/vhdl/bd_41e7_vsc_0_vscale_core_polyphase_Pipeline_loop_width_for_procpix 
Execute         gen_rtl vscale_core_polyphase_Pipeline_loop_width_for_procpix -style xilinx -f -lang vlog -o /home/alen/repo/zynq-7020-video-pipe-3/hw/video-pipe-hw-v5/hw_011223.runs/bd_41e7_vsc_0_synth_1/prj/sol/syn/verilog/bd_41e7_vsc_0_vscale_core_polyphase_Pipeline_loop_width_for_procpix 
Execute         syn_report -csynth -model vscale_core_polyphase_Pipeline_loop_width_for_procpix -o /home/alen/repo/zynq-7020-video-pipe-3/hw/video-pipe-hw-v5/hw_011223.runs/bd_41e7_vsc_0_synth_1/prj/sol/syn/report/vscale_core_polyphase_Pipeline_loop_width_for_procpix_csynth.rpt 
Execute           list_part -family xc7z020-clg484-1 
Execute             ap_family_info -name xc7z020-clg484-1 -data names 
Execute             ap_part_info -quiet -name xc7z020-clg484-1 -data family 
Execute         syn_report -rtlxml -model vscale_core_polyphase_Pipeline_loop_width_for_procpix -o /home/alen/repo/zynq-7020-video-pipe-3/hw/video-pipe-hw-v5/hw_011223.runs/bd_41e7_vsc_0_synth_1/prj/sol/syn/report/vscale_core_polyphase_Pipeline_loop_width_for_procpix_csynth.xml 
Execute           list_part -family xc7z020-clg484-1 
Execute             ap_family_info -name xc7z020-clg484-1 -data names 
Execute             ap_part_info -quiet -name xc7z020-clg484-1 -data family 
Execute         syn_report -verbosereport -model vscale_core_polyphase_Pipeline_loop_width_for_procpix -o /home/alen/repo/zynq-7020-video-pipe-3/hw/video-pipe-hw-v5/hw_011223.runs/bd_41e7_vsc_0_synth_1/prj/sol/.autopilot/db/vscale_core_polyphase_Pipeline_loop_width_for_procpix.verbose.rpt 
Execute           list_part -family xc7z020-clg484-1 
Execute             ap_family_info -name xc7z020-clg484-1 -data names 
Execute             ap_part_info -quiet -name xc7z020-clg484-1 -data family 
Execute         db_write -model vscale_core_polyphase_Pipeline_loop_width_for_procpix -f -o /home/alen/repo/zynq-7020-video-pipe-3/hw/video-pipe-hw-v5/hw_011223.runs/bd_41e7_vsc_0_synth_1/prj/sol/.autopilot/db/vscale_core_polyphase_Pipeline_loop_width_for_procpix.adb 
Execute         db_write -model vscale_core_polyphase_Pipeline_loop_width_for_procpix -bindview -o /home/alen/repo/zynq-7020-video-pipe-3/hw/video-pipe-hw-v5/hw_011223.runs/bd_41e7_vsc_0_synth_1/prj/sol/.autopilot/db/design.bindinfo.xml 
Execute         gen_tb_info vscale_core_polyphase_Pipeline_loop_width_for_procpix -p /home/alen/repo/zynq-7020-video-pipe-3/hw/video-pipe-hw-v5/hw_011223.runs/bd_41e7_vsc_0_synth_1/prj/sol/.autopilot/db -o /home/alen/repo/zynq-7020-video-pipe-3/hw/video-pipe-hw-v5/hw_011223.runs/bd_41e7_vsc_0_synth_1/prj/sol/.autopilot/db/vscale_core_polyphase_Pipeline_loop_width_for_procpix 
INFO: [HLS 200-10] ----------------------------------------------------------------
INFO: [HLS 200-10] -- Generating RTL for module 'vscale_core_polyphase' 
INFO: [HLS 200-10] ----------------------------------------------------------------
Execute         create_rtl_model vscale_core_polyphase -top_prefix bd_41e7_vsc_0_ -sub_prefix bd_41e7_vsc_0_ -mg_file /home/alen/repo/zynq-7020-video-pipe-3/hw/video-pipe-hw-v5/hw_011223.runs/bd_41e7_vsc_0_synth_1/prj/sol/.autopilot/db/vscale_core_polyphase.compgen.tcl 
INFO: [RTGEN 206-100] Finished creating RTL model for 'vscale_core_polyphase'.
INFO: [RTMG 210-278] Implementing memory 'bd_41e7_vsc_0_vscale_core_polyphase_FiltCoeff_RAM_1P_LUTRAM_1R1W' using distributed RAMs.
INFO: [RTMG 210-278] Implementing memory 'bd_41e7_vsc_0_vscale_core_polyphase_LineBuf_RAM_AUTO_1R1W' using auto RAMs.
INFO: [HLS 200-111] Finished Creating RTL model: CPU user time: 0.15 seconds. CPU system time: 0.03 seconds. Elapsed time: 0.17 seconds; current allocated memory: 391.812 MB.
Execute         source /home/alen/repo/zynq-7020-video-pipe-3/hw/video-pipe-hw-v5/hw_011223.runs/bd_41e7_vsc_0_synth_1/prj/sol/.autopilot/db/v_vscaler.rtl_wrap.cfg.tcl 
Execute         gen_rtl vscale_core_polyphase -style xilinx -f -lang vhdl -o /home/alen/repo/zynq-7020-video-pipe-3/hw/video-pipe-hw-v5/hw_011223.runs/bd_41e7_vsc_0_synth_1/prj/sol/syn/vhdl/bd_41e7_vsc_0_vscale_core_polyphase 
Execute         gen_rtl vscale_core_polyphase -style xilinx -f -lang vlog -o /home/alen/repo/zynq-7020-video-pipe-3/hw/video-pipe-hw-v5/hw_011223.runs/bd_41e7_vsc_0_synth_1/prj/sol/syn/verilog/bd_41e7_vsc_0_vscale_core_polyphase 
Execute         syn_report -csynth -model vscale_core_polyphase -o /home/alen/repo/zynq-7020-video-pipe-3/hw/video-pipe-hw-v5/hw_011223.runs/bd_41e7_vsc_0_synth_1/prj/sol/syn/report/vscale_core_polyphase_csynth.rpt 
Execute           list_part -family xc7z020-clg484-1 
Execute             ap_family_info -name xc7z020-clg484-1 -data names 
Execute             ap_part_info -quiet -name xc7z020-clg484-1 -data family 
Execute         syn_report -rtlxml -model vscale_core_polyphase -o /home/alen/repo/zynq-7020-video-pipe-3/hw/video-pipe-hw-v5/hw_011223.runs/bd_41e7_vsc_0_synth_1/prj/sol/syn/report/vscale_core_polyphase_csynth.xml 
Execute           list_part -family xc7z020-clg484-1 
Execute             ap_family_info -name xc7z020-clg484-1 -data names 
Execute             ap_part_info -quiet -name xc7z020-clg484-1 -data family 
Execute         syn_report -verbosereport -model vscale_core_polyphase -o /home/alen/repo/zynq-7020-video-pipe-3/hw/video-pipe-hw-v5/hw_011223.runs/bd_41e7_vsc_0_synth_1/prj/sol/.autopilot/db/vscale_core_polyphase.verbose.rpt 
Execute           list_part -family xc7z020-clg484-1 
Execute             ap_family_info -name xc7z020-clg484-1 -data names 
Execute             ap_part_info -quiet -name xc7z020-clg484-1 -data family 
Execute         db_write -model vscale_core_polyphase -f -o /home/alen/repo/zynq-7020-video-pipe-3/hw/video-pipe-hw-v5/hw_011223.runs/bd_41e7_vsc_0_synth_1/prj/sol/.autopilot/db/vscale_core_polyphase.adb 
Execute         db_write -model vscale_core_polyphase -bindview -o /home/alen/repo/zynq-7020-video-pipe-3/hw/video-pipe-hw-v5/hw_011223.runs/bd_41e7_vsc_0_synth_1/prj/sol/.autopilot/db/design.bindinfo.xml 
Execute         gen_tb_info vscale_core_polyphase -p /home/alen/repo/zynq-7020-video-pipe-3/hw/video-pipe-hw-v5/hw_011223.runs/bd_41e7_vsc_0_synth_1/prj/sol/.autopilot/db -o /home/alen/repo/zynq-7020-video-pipe-3/hw/video-pipe-hw-v5/hw_011223.runs/bd_41e7_vsc_0_synth_1/prj/sol/.autopilot/db/vscale_core_polyphase 
INFO: [HLS 200-10] ----------------------------------------------------------------
INFO: [HLS 200-10] -- Generating RTL for module 'MultiPixStream2AXIvideo_Pipeline_VITIS_LOOP_940_2' 
INFO: [HLS 200-10] ----------------------------------------------------------------
Execute         create_rtl_model MultiPixStream2AXIvideo_Pipeline_VITIS_LOOP_940_2 -top_prefix bd_41e7_vsc_0_ -sub_prefix bd_41e7_vsc_0_ -mg_file /home/alen/repo/zynq-7020-video-pipe-3/hw/video-pipe-hw-v5/hw_011223.runs/bd_41e7_vsc_0_synth_1/prj/sol/.autopilot/db/MultiPixStream2AXIvideo_Pipeline_VITIS_LOOP_940_2.compgen.tcl 
INFO: [HLS 200-1030] Apply Unified Pipeline Control on module 'MultiPixStream2AXIvideo_Pipeline_VITIS_LOOP_940_2' pipeline 'VITIS_LOOP_940_2' pipeline type 'loop pipeline'
INFO: [RTGEN 206-100] Finished creating RTL model for 'MultiPixStream2AXIvideo_Pipeline_VITIS_LOOP_940_2'.
INFO: [HLS 200-111] Finished Creating RTL model: CPU user time: 0.1 seconds. CPU system time: 0.01 seconds. Elapsed time: 0.1 seconds; current allocated memory: 394.086 MB.
Execute         source /home/alen/repo/zynq-7020-video-pipe-3/hw/video-pipe-hw-v5/hw_011223.runs/bd_41e7_vsc_0_synth_1/prj/sol/.autopilot/db/v_vscaler.rtl_wrap.cfg.tcl 
Execute         gen_rtl MultiPixStream2AXIvideo_Pipeline_VITIS_LOOP_940_2 -style xilinx -f -lang vhdl -o /home/alen/repo/zynq-7020-video-pipe-3/hw/video-pipe-hw-v5/hw_011223.runs/bd_41e7_vsc_0_synth_1/prj/sol/syn/vhdl/bd_41e7_vsc_0_MultiPixStream2AXIvideo_Pipeline_VITIS_LOOP_940_2 
Execute         gen_rtl MultiPixStream2AXIvideo_Pipeline_VITIS_LOOP_940_2 -style xilinx -f -lang vlog -o /home/alen/repo/zynq-7020-video-pipe-3/hw/video-pipe-hw-v5/hw_011223.runs/bd_41e7_vsc_0_synth_1/prj/sol/syn/verilog/bd_41e7_vsc_0_MultiPixStream2AXIvideo_Pipeline_VITIS_LOOP_940_2 
Execute         syn_report -csynth -model MultiPixStream2AXIvideo_Pipeline_VITIS_LOOP_940_2 -o /home/alen/repo/zynq-7020-video-pipe-3/hw/video-pipe-hw-v5/hw_011223.runs/bd_41e7_vsc_0_synth_1/prj/sol/syn/report/MultiPixStream2AXIvideo_Pipeline_VITIS_LOOP_940_2_csynth.rpt 
Execute           list_part -family xc7z020-clg484-1 
Execute             ap_family_info -name xc7z020-clg484-1 -data names 
Execute             ap_part_info -quiet -name xc7z020-clg484-1 -data family 
Execute         syn_report -rtlxml -model MultiPixStream2AXIvideo_Pipeline_VITIS_LOOP_940_2 -o /home/alen/repo/zynq-7020-video-pipe-3/hw/video-pipe-hw-v5/hw_011223.runs/bd_41e7_vsc_0_synth_1/prj/sol/syn/report/MultiPixStream2AXIvideo_Pipeline_VITIS_LOOP_940_2_csynth.xml 
Execute           list_part -family xc7z020-clg484-1 
Execute             ap_family_info -name xc7z020-clg484-1 -data names 
Execute             ap_part_info -quiet -name xc7z020-clg484-1 -data family 
Execute         syn_report -verbosereport -model MultiPixStream2AXIvideo_Pipeline_VITIS_LOOP_940_2 -o /home/alen/repo/zynq-7020-video-pipe-3/hw/video-pipe-hw-v5/hw_011223.runs/bd_41e7_vsc_0_synth_1/prj/sol/.autopilot/db/MultiPixStream2AXIvideo_Pipeline_VITIS_LOOP_940_2.verbose.rpt 
Execute           list_part -family xc7z020-clg484-1 
Execute             ap_family_info -name xc7z020-clg484-1 -data names 
Execute             ap_part_info -quiet -name xc7z020-clg484-1 -data family 
Execute         db_write -model MultiPixStream2AXIvideo_Pipeline_VITIS_LOOP_940_2 -f -o /home/alen/repo/zynq-7020-video-pipe-3/hw/video-pipe-hw-v5/hw_011223.runs/bd_41e7_vsc_0_synth_1/prj/sol/.autopilot/db/MultiPixStream2AXIvideo_Pipeline_VITIS_LOOP_940_2.adb 
Execute         db_write -model MultiPixStream2AXIvideo_Pipeline_VITIS_LOOP_940_2 -bindview -o /home/alen/repo/zynq-7020-video-pipe-3/hw/video-pipe-hw-v5/hw_011223.runs/bd_41e7_vsc_0_synth_1/prj/sol/.autopilot/db/design.bindinfo.xml 
Execute         gen_tb_info MultiPixStream2AXIvideo_Pipeline_VITIS_LOOP_940_2 -p /home/alen/repo/zynq-7020-video-pipe-3/hw/video-pipe-hw-v5/hw_011223.runs/bd_41e7_vsc_0_synth_1/prj/sol/.autopilot/db -o /home/alen/repo/zynq-7020-video-pipe-3/hw/video-pipe-hw-v5/hw_011223.runs/bd_41e7_vsc_0_synth_1/prj/sol/.autopilot/db/MultiPixStream2AXIvideo_Pipeline_VITIS_LOOP_940_2 
INFO: [HLS 200-10] ----------------------------------------------------------------
INFO: [HLS 200-10] -- Generating RTL for module 'MultiPixStream2AXIvideo' 
INFO: [HLS 200-10] ----------------------------------------------------------------
Execute         create_rtl_model MultiPixStream2AXIvideo -top_prefix bd_41e7_vsc_0_ -sub_prefix bd_41e7_vsc_0_ -mg_file /home/alen/repo/zynq-7020-video-pipe-3/hw/video-pipe-hw-v5/hw_011223.runs/bd_41e7_vsc_0_synth_1/prj/sol/.autopilot/db/MultiPixStream2AXIvideo.compgen.tcl 
INFO: [RTGEN 206-100] Finished creating RTL model for 'MultiPixStream2AXIvideo'.
INFO: [HLS 200-111] Finished Creating RTL model: CPU user time: 0.07 seconds. CPU system time: 0 seconds. Elapsed time: 0.07 seconds; current allocated memory: 395.574 MB.
Execute         source /home/alen/repo/zynq-7020-video-pipe-3/hw/video-pipe-hw-v5/hw_011223.runs/bd_41e7_vsc_0_synth_1/prj/sol/.autopilot/db/v_vscaler.rtl_wrap.cfg.tcl 
Execute         gen_rtl MultiPixStream2AXIvideo -style xilinx -f -lang vhdl -o /home/alen/repo/zynq-7020-video-pipe-3/hw/video-pipe-hw-v5/hw_011223.runs/bd_41e7_vsc_0_synth_1/prj/sol/syn/vhdl/bd_41e7_vsc_0_MultiPixStream2AXIvideo 
Execute         gen_rtl MultiPixStream2AXIvideo -style xilinx -f -lang vlog -o /home/alen/repo/zynq-7020-video-pipe-3/hw/video-pipe-hw-v5/hw_011223.runs/bd_41e7_vsc_0_synth_1/prj/sol/syn/verilog/bd_41e7_vsc_0_MultiPixStream2AXIvideo 
Execute         syn_report -csynth -model MultiPixStream2AXIvideo -o /home/alen/repo/zynq-7020-video-pipe-3/hw/video-pipe-hw-v5/hw_011223.runs/bd_41e7_vsc_0_synth_1/prj/sol/syn/report/MultiPixStream2AXIvideo_csynth.rpt 
Execute           list_part -family xc7z020-clg484-1 
Execute             ap_family_info -name xc7z020-clg484-1 -data names 
Execute             ap_part_info -quiet -name xc7z020-clg484-1 -data family 
Execute         syn_report -rtlxml -model MultiPixStream2AXIvideo -o /home/alen/repo/zynq-7020-video-pipe-3/hw/video-pipe-hw-v5/hw_011223.runs/bd_41e7_vsc_0_synth_1/prj/sol/syn/report/MultiPixStream2AXIvideo_csynth.xml 
Execute           list_part -family xc7z020-clg484-1 
Execute             ap_family_info -name xc7z020-clg484-1 -data names 
Execute             ap_part_info -quiet -name xc7z020-clg484-1 -data family 
Execute         syn_report -verbosereport -model MultiPixStream2AXIvideo -o /home/alen/repo/zynq-7020-video-pipe-3/hw/video-pipe-hw-v5/hw_011223.runs/bd_41e7_vsc_0_synth_1/prj/sol/.autopilot/db/MultiPixStream2AXIvideo.verbose.rpt 
Execute           list_part -family xc7z020-clg484-1 
Execute             ap_family_info -name xc7z020-clg484-1 -data names 
Execute             ap_part_info -quiet -name xc7z020-clg484-1 -data family 
Execute         db_write -model MultiPixStream2AXIvideo -f -o /home/alen/repo/zynq-7020-video-pipe-3/hw/video-pipe-hw-v5/hw_011223.runs/bd_41e7_vsc_0_synth_1/prj/sol/.autopilot/db/MultiPixStream2AXIvideo.adb 
Execute         db_write -model MultiPixStream2AXIvideo -bindview -o /home/alen/repo/zynq-7020-video-pipe-3/hw/video-pipe-hw-v5/hw_011223.runs/bd_41e7_vsc_0_synth_1/prj/sol/.autopilot/db/design.bindinfo.xml 
Execute         gen_tb_info MultiPixStream2AXIvideo -p /home/alen/repo/zynq-7020-video-pipe-3/hw/video-pipe-hw-v5/hw_011223.runs/bd_41e7_vsc_0_synth_1/prj/sol/.autopilot/db -o /home/alen/repo/zynq-7020-video-pipe-3/hw/video-pipe-hw-v5/hw_011223.runs/bd_41e7_vsc_0_synth_1/prj/sol/.autopilot/db/MultiPixStream2AXIvideo 
INFO: [HLS 200-10] ----------------------------------------------------------------
INFO: [HLS 200-10] -- Generating RTL for module 'v_vscaler' 
INFO: [HLS 200-10] ----------------------------------------------------------------
Execute         create_rtl_model v_vscaler -top_prefix bd_41e7_vsc_0_ -sub_prefix bd_41e7_vsc_0_ -mg_file /home/alen/repo/zynq-7020-video-pipe-3/hw/video-pipe-hw-v5/hw_011223.runs/bd_41e7_vsc_0_synth_1/prj/sol/.autopilot/db/v_vscaler.compgen.tcl 
WARNING: [RTGEN 206-101] Design contains AXI ports. Reset is fixed to synchronous and active low.
INFO: [RTGEN 206-500] Setting interface mode on port 'v_vscaler/s_axis_video_V_data_V' to 'axis' (register, both mode).
INFO: [RTGEN 206-500] Setting interface mode on port 'v_vscaler/s_axis_video_V_keep_V' to 'axis' (register, both mode).
INFO: [RTGEN 206-500] Setting interface mode on port 'v_vscaler/s_axis_video_V_strb_V' to 'axis' (register, both mode).
INFO: [RTGEN 206-500] Setting interface mode on port 'v_vscaler/s_axis_video_V_user_V' to 'axis' (register, both mode).
INFO: [RTGEN 206-500] Setting interface mode on port 'v_vscaler/s_axis_video_V_last_V' to 'axis' (register, both mode).
INFO: [RTGEN 206-500] Setting interface mode on port 'v_vscaler/s_axis_video_V_id_V' to 'axis' (register, both mode).
INFO: [RTGEN 206-500] Setting interface mode on port 'v_vscaler/s_axis_video_V_dest_V' to 'axis' (register, both mode).
INFO: [RTGEN 206-500] Setting interface mode on port 'v_vscaler/HeightIn' to 's_axilite & ap_none'.
INFO: [RTGEN 206-500] Setting interface mode on port 'v_vscaler/Width' to 's_axilite & ap_none'.
INFO: [RTGEN 206-500] Setting interface mode on port 'v_vscaler/HeightOut' to 's_axilite & ap_none'.
INFO: [RTGEN 206-500] Setting interface mode on port 'v_vscaler/LineRate' to 's_axilite & ap_none'.
INFO: [RTGEN 206-500] Setting interface mode on port 'v_vscaler/ColorMode' to 's_axilite & ap_none'.
INFO: [RTGEN 206-500] Setting interface mode on port 'v_vscaler/vfltCoeff' to 's_axilite & ap_memory'.
INFO: [RTGEN 206-500] Setting interface mode on port 'v_vscaler/m_axis_video_V_data_V' to 'axis' (register, both mode).
INFO: [RTGEN 206-500] Setting interface mode on port 'v_vscaler/m_axis_video_V_keep_V' to 'axis' (register, both mode).
INFO: [RTGEN 206-500] Setting interface mode on port 'v_vscaler/m_axis_video_V_strb_V' to 'axis' (register, both mode).
INFO: [RTGEN 206-500] Setting interface mode on port 'v_vscaler/m_axis_video_V_user_V' to 'axis' (register, both mode).
INFO: [RTGEN 206-500] Setting interface mode on port 'v_vscaler/m_axis_video_V_last_V' to 'axis' (register, both mode).
INFO: [RTGEN 206-500] Setting interface mode on port 'v_vscaler/m_axis_video_V_id_V' to 'axis' (register, both mode).
INFO: [RTGEN 206-500] Setting interface mode on port 'v_vscaler/m_axis_video_V_dest_V' to 'axis' (register, both mode).
INFO: [RTGEN 206-500] Setting interface mode on function 'v_vscaler' to 's_axilite & ap_ctrl_hs'.
INFO: [RTGEN 206-100] Bundling port 'HeightIn', 'Width', 'HeightOut', 'LineRate', 'ColorMode', 'vfltCoeff' and 'return' to AXI-Lite port CTRL.
INFO: [RTGEN 206-100] Finished creating RTL model for 'v_vscaler'.
INFO: [RTMG 210-285] Implementing FIFO 'HwReg_LineRate_U(bd_41e7_vsc_0_fifo_w32_d2_S)' using Shift Registers.
INFO: [RTMG 210-285] Implementing FIFO 'HwReg_HeightIn_c15_U(bd_41e7_vsc_0_fifo_w11_d2_S)' using Shift Registers.
INFO: [RTMG 210-285] Implementing FIFO 'HwReg_Width_c18_U(bd_41e7_vsc_0_fifo_w11_d2_S)' using Shift Registers.
INFO: [RTMG 210-285] Implementing FIFO 'HwReg_HeightOut_c19_U(bd_41e7_vsc_0_fifo_w11_d2_S)' using Shift Registers.
INFO: [RTMG 210-285] Implementing FIFO 'HwReg_ColorMode_c20_U(bd_41e7_vsc_0_fifo_w8_d2_S)' using Shift Registers.
INFO: [RTMG 210-285] Implementing FIFO 'ColorMode_vcr_c21_U(bd_41e7_vsc_0_fifo_w8_d2_S)' using Shift Registers.
INFO: [RTMG 210-285] Implementing FIFO 'SrcYUV_U(bd_41e7_vsc_0_fifo_w30_d16_S)' using Shift Registers.
INFO: [RTMG 210-285] Implementing FIFO 'HwReg_HeightIn_c14_U(bd_41e7_vsc_0_fifo_w11_d2_S)' using Shift Registers.
INFO: [RTMG 210-285] Implementing FIFO 'HwReg_Width_c17_U(bd_41e7_vsc_0_fifo_w11_d2_S)' using Shift Registers.
INFO: [RTMG 210-285] Implementing FIFO 'HwReg_ColorMode_c_U(bd_41e7_vsc_0_fifo_w8_d2_S)' using Shift Registers.
INFO: [RTMG 210-285] Implementing FIFO 'SrcYUV422_U(bd_41e7_vsc_0_fifo_w30_d16_S)' using Shift Registers.
INFO: [RTMG 210-285] Implementing FIFO 'HwReg_HeightIn_c_U(bd_41e7_vsc_0_fifo_w11_d2_S)' using Shift Registers.
INFO: [RTMG 210-285] Implementing FIFO 'HwReg_Width_c16_U(bd_41e7_vsc_0_fifo_w11_d2_S)' using Shift Registers.
INFO: [RTMG 210-285] Implementing FIFO 'ColorMode_vcr_c_U(bd_41e7_vsc_0_fifo_w8_d3_S)' using Shift Registers.
INFO: [RTMG 210-285] Implementing FIFO 'OutYUV_U(bd_41e7_vsc_0_fifo_w30_d16_S)' using Shift Registers.
INFO: [RTMG 210-285] Implementing FIFO 'HwReg_Width_c_U(bd_41e7_vsc_0_fifo_w11_d2_S)' using Shift Registers.
INFO: [RTMG 210-285] Implementing FIFO 'HwReg_HeightOut_c_U(bd_41e7_vsc_0_fifo_w11_d2_S)' using Shift Registers.
INFO: [RTMG 210-285] Implementing FIFO 'start_for_AXIvideo2MultiPixStream_U0_U(bd_41e7_vsc_0_start_for_AXIvideo2MultiPixStream_U0)' using Shift Registers.
INFO: [RTMG 210-285] Implementing FIFO 'start_for_v_vcresampler_core_U0_U(bd_41e7_vsc_0_start_for_v_vcresampler_core_U0)' using Shift Registers.
INFO: [RTMG 210-285] Implementing FIFO 'start_for_MultiPixStream2AXIvideo_U0_U(bd_41e7_vsc_0_start_for_MultiPixStream2AXIvideo_U0)' using Shift Registers.
Command         create_rtl_model done; 0.3 sec.
INFO: [HLS 200-111] Finished Creating RTL model: CPU user time: 0.3 seconds. CPU system time: 0.04 seconds. Elapsed time: 0.35 seconds; current allocated memory: 398.047 MB.
Execute         source /home/alen/repo/zynq-7020-video-pipe-3/hw/video-pipe-hw-v5/hw_011223.runs/bd_41e7_vsc_0_synth_1/prj/sol/.autopilot/db/v_vscaler.rtl_wrap.cfg.tcl 
Execute         gen_rtl v_vscaler -istop -style xilinx -f -lang vhdl -o /home/alen/repo/zynq-7020-video-pipe-3/hw/video-pipe-hw-v5/hw_011223.runs/bd_41e7_vsc_0_synth_1/prj/sol/syn/vhdl/bd_41e7_vsc_0_v_vscaler 
Execute         gen_rtl v_vscaler -istop -style xilinx -f -lang vlog -o /home/alen/repo/zynq-7020-video-pipe-3/hw/video-pipe-hw-v5/hw_011223.runs/bd_41e7_vsc_0_synth_1/prj/sol/syn/verilog/bd_41e7_vsc_0_v_vscaler 
Execute         syn_report -csynth -model v_vscaler -o /home/alen/repo/zynq-7020-video-pipe-3/hw/video-pipe-hw-v5/hw_011223.runs/bd_41e7_vsc_0_synth_1/prj/sol/syn/report/v_vscaler_csynth.rpt 
Execute           list_part -family xc7z020-clg484-1 
Execute             ap_family_info -name xc7z020-clg484-1 -data names 
Execute             ap_part_info -quiet -name xc7z020-clg484-1 -data family 
Execute         syn_report -rtlxml -model v_vscaler -o /home/alen/repo/zynq-7020-video-pipe-3/hw/video-pipe-hw-v5/hw_011223.runs/bd_41e7_vsc_0_synth_1/prj/sol/syn/report/v_vscaler_csynth.xml 
Execute           list_part -family xc7z020-clg484-1 
Execute             ap_family_info -name xc7z020-clg484-1 -data names 
Execute             ap_part_info -quiet -name xc7z020-clg484-1 -data family 
Execute         syn_report -verbosereport -model v_vscaler -o /home/alen/repo/zynq-7020-video-pipe-3/hw/video-pipe-hw-v5/hw_011223.runs/bd_41e7_vsc_0_synth_1/prj/sol/.autopilot/db/v_vscaler.verbose.rpt 
Execute           list_part -family xc7z020-clg484-1 
Execute             ap_family_info -name xc7z020-clg484-1 -data names 
Execute             ap_part_info -quiet -name xc7z020-clg484-1 -data family 
Execute         db_write -model v_vscaler -f -o /home/alen/repo/zynq-7020-video-pipe-3/hw/video-pipe-hw-v5/hw_011223.runs/bd_41e7_vsc_0_synth_1/prj/sol/.autopilot/db/v_vscaler.adb 
Execute         db_write -model v_vscaler -bindview -o /home/alen/repo/zynq-7020-video-pipe-3/hw/video-pipe-hw-v5/hw_011223.runs/bd_41e7_vsc_0_synth_1/prj/sol/.autopilot/db/design.bindinfo.xml 
Execute         gen_tb_info v_vscaler -p /home/alen/repo/zynq-7020-video-pipe-3/hw/video-pipe-hw-v5/hw_011223.runs/bd_41e7_vsc_0_synth_1/prj/sol/.autopilot/db -o /home/alen/repo/zynq-7020-video-pipe-3/hw/video-pipe-hw-v5/hw_011223.runs/bd_41e7_vsc_0_synth_1/prj/sol/.autopilot/db/v_vscaler 
Execute         export_constraint_db -f -tool general -o /home/alen/repo/zynq-7020-video-pipe-3/hw/video-pipe-hw-v5/hw_011223.runs/bd_41e7_vsc_0_synth_1/prj/sol/.autopilot/db/v_vscaler.constraint.tcl 
Execute         syn_report -designview -model v_vscaler -o /home/alen/repo/zynq-7020-video-pipe-3/hw/video-pipe-hw-v5/hw_011223.runs/bd_41e7_vsc_0_synth_1/prj/sol/.autopilot/db/v_vscaler.design.xml 
Execute         syn_report -csynthDesign -model v_vscaler -o /home/alen/repo/zynq-7020-video-pipe-3/hw/video-pipe-hw-v5/hw_011223.runs/bd_41e7_vsc_0_synth_1/prj/sol/syn/report/csynth.rpt -MHOut /home/alen/repo/zynq-7020-video-pipe-3/hw/video-pipe-hw-v5/hw_011223.runs/bd_41e7_vsc_0_synth_1/prj/sol/.autopilot/db/kernel_module_hierarchy.tcl 
Execute           list_part -family xc7z020-clg484-1 
Execute             ap_family_info -name xc7z020-clg484-1 -data names 
Execute             ap_part_info -quiet -name xc7z020-clg484-1 -data family 
Execute         syn_report -wcfg -model v_vscaler -o /home/alen/repo/zynq-7020-video-pipe-3/hw/video-pipe-hw-v5/hw_011223.runs/bd_41e7_vsc_0_synth_1/prj/sol/.autopilot/db/v_vscaler_dataflow_ana.wcfg 
Execute         syn_report -protoinst -model v_vscaler -o /home/alen/repo/zynq-7020-video-pipe-3/hw/video-pipe-hw-v5/hw_011223.runs/bd_41e7_vsc_0_synth_1/prj/sol/.autopilot/db/v_vscaler.protoinst 
Execute         sc_get_clocks v_vscaler 
Execute         sc_get_portdomain v_vscaler 
INFO-FLOW: Model list for RTL component generation: Block_entry4_proc {reg<unsigned short>} AXIvideo2MultiPixStream_Pipeline_loop_wait_for_start AXIvideo2MultiPixStream_Pipeline_loop_width AXIvideo2MultiPixStream_Pipeline_loop_wait_for_eol AXIvideo2MultiPixStream v_vcresampler_core_Pipeline_VITIS_LOOP_1057_2 v_vcresampler_core vscale_core_polyphase_Pipeline_loop_init_coeff_phase_loop_init_coeff_tap vscale_core_polyphase_Pipeline_loop_width_for_procpix vscale_core_polyphase MultiPixStream2AXIvideo_Pipeline_VITIS_LOOP_940_2 MultiPixStream2AXIvideo v_vscaler
INFO-FLOW: Handling components in module [Block_entry4_proc] ... 
Execute         source /home/alen/repo/zynq-7020-video-pipe-3/hw/video-pipe-hw-v5/hw_011223.runs/bd_41e7_vsc_0_synth_1/prj/sol/.autopilot/db/Block_entry4_proc.compgen.tcl 
INFO-FLOW: Handling components in module [reg_unsigned_short_s] ... 
Execute         source /home/alen/repo/zynq-7020-video-pipe-3/hw/video-pipe-hw-v5/hw_011223.runs/bd_41e7_vsc_0_synth_1/prj/sol/.autopilot/db/reg_unsigned_short_s.compgen.tcl 
INFO-FLOW: Handling components in module [AXIvideo2MultiPixStream_Pipeline_loop_wait_for_start] ... 
Execute         source /home/alen/repo/zynq-7020-video-pipe-3/hw/video-pipe-hw-v5/hw_011223.runs/bd_41e7_vsc_0_synth_1/prj/sol/.autopilot/db/AXIvideo2MultiPixStream_Pipeline_loop_wait_for_start.compgen.tcl 
INFO-FLOW: Found component bd_41e7_vsc_0_flow_control_loop_pipe_sequential_init.
INFO-FLOW: Append model bd_41e7_vsc_0_flow_control_loop_pipe_sequential_init
INFO-FLOW: Handling components in module [AXIvideo2MultiPixStream_Pipeline_loop_width] ... 
Execute         source /home/alen/repo/zynq-7020-video-pipe-3/hw/video-pipe-hw-v5/hw_011223.runs/bd_41e7_vsc_0_synth_1/prj/sol/.autopilot/db/AXIvideo2MultiPixStream_Pipeline_loop_width.compgen.tcl 
INFO-FLOW: Found component bd_41e7_vsc_0_flow_control_loop_pipe_sequential_init.
INFO-FLOW: Append model bd_41e7_vsc_0_flow_control_loop_pipe_sequential_init
INFO-FLOW: Handling components in module [AXIvideo2MultiPixStream_Pipeline_loop_wait_for_eol] ... 
Execute         source /home/alen/repo/zynq-7020-video-pipe-3/hw/video-pipe-hw-v5/hw_011223.runs/bd_41e7_vsc_0_synth_1/prj/sol/.autopilot/db/AXIvideo2MultiPixStream_Pipeline_loop_wait_for_eol.compgen.tcl 
INFO-FLOW: Found component bd_41e7_vsc_0_flow_control_loop_pipe_sequential_init.
INFO-FLOW: Append model bd_41e7_vsc_0_flow_control_loop_pipe_sequential_init
INFO-FLOW: Handling components in module [AXIvideo2MultiPixStream] ... 
Execute         source /home/alen/repo/zynq-7020-video-pipe-3/hw/video-pipe-hw-v5/hw_011223.runs/bd_41e7_vsc_0_synth_1/prj/sol/.autopilot/db/AXIvideo2MultiPixStream.compgen.tcl 
INFO-FLOW: Found component bd_41e7_vsc_0_regslice_both.
INFO-FLOW: Append model bd_41e7_vsc_0_regslice_both
INFO-FLOW: Found component bd_41e7_vsc_0_regslice_both.
INFO-FLOW: Append model bd_41e7_vsc_0_regslice_both
INFO-FLOW: Found component bd_41e7_vsc_0_regslice_both.
INFO-FLOW: Append model bd_41e7_vsc_0_regslice_both
INFO-FLOW: Found component bd_41e7_vsc_0_regslice_both.
INFO-FLOW: Append model bd_41e7_vsc_0_regslice_both
INFO-FLOW: Found component bd_41e7_vsc_0_regslice_both.
INFO-FLOW: Append model bd_41e7_vsc_0_regslice_both
INFO-FLOW: Found component bd_41e7_vsc_0_regslice_both.
INFO-FLOW: Append model bd_41e7_vsc_0_regslice_both
INFO-FLOW: Found component bd_41e7_vsc_0_regslice_both.
INFO-FLOW: Append model bd_41e7_vsc_0_regslice_both
INFO-FLOW: Handling components in module [v_vcresampler_core_Pipeline_VITIS_LOOP_1057_2] ... 
Execute         source /home/alen/repo/zynq-7020-video-pipe-3/hw/video-pipe-hw-v5/hw_011223.runs/bd_41e7_vsc_0_synth_1/prj/sol/.autopilot/db/v_vcresampler_core_Pipeline_VITIS_LOOP_1057_2.compgen.tcl 
INFO-FLOW: Found component bd_41e7_vsc_0_flow_control_loop_pipe_sequential_init.
INFO-FLOW: Append model bd_41e7_vsc_0_flow_control_loop_pipe_sequential_init
INFO-FLOW: Handling components in module [v_vcresampler_core] ... 
Execute         source /home/alen/repo/zynq-7020-video-pipe-3/hw/video-pipe-hw-v5/hw_011223.runs/bd_41e7_vsc_0_synth_1/prj/sol/.autopilot/db/v_vcresampler_core.compgen.tcl 
INFO-FLOW: Found component bd_41e7_vsc_0_v_vcresampler_core_linebuf_y_RAM_AUTO_1R1W.
INFO-FLOW: Append model bd_41e7_vsc_0_v_vcresampler_core_linebuf_y_RAM_AUTO_1R1W
INFO-FLOW: Found component bd_41e7_vsc_0_v_vcresampler_core_linebuf_y_1_RAM_AUTO_1R1W.
INFO-FLOW: Append model bd_41e7_vsc_0_v_vcresampler_core_linebuf_y_1_RAM_AUTO_1R1W
INFO-FLOW: Found component bd_41e7_vsc_0_v_vcresampler_core_linebuf_c_2_RAM_AUTO_1R1W.
INFO-FLOW: Append model bd_41e7_vsc_0_v_vcresampler_core_linebuf_c_2_RAM_AUTO_1R1W
INFO-FLOW: Handling components in module [vscale_core_polyphase_Pipeline_loop_init_coeff_phase_loop_init_coeff_tap] ... 
Execute         source /home/alen/repo/zynq-7020-video-pipe-3/hw/video-pipe-hw-v5/hw_011223.runs/bd_41e7_vsc_0_synth_1/prj/sol/.autopilot/db/vscale_core_polyphase_Pipeline_loop_init_coeff_phase_loop_init_coeff_tap.compgen.tcl 
INFO-FLOW: Found component bd_41e7_vsc_0_flow_control_loop_pipe_sequential_init.
INFO-FLOW: Append model bd_41e7_vsc_0_flow_control_loop_pipe_sequential_init
INFO-FLOW: Handling components in module [vscale_core_polyphase_Pipeline_loop_width_for_procpix] ... 
Execute         source /home/alen/repo/zynq-7020-video-pipe-3/hw/video-pipe-hw-v5/hw_011223.runs/bd_41e7_vsc_0_synth_1/prj/sol/.autopilot/db/vscale_core_polyphase_Pipeline_loop_width_for_procpix.compgen.tcl 
INFO-FLOW: Found component bd_41e7_vsc_0_mac_muladd_16s_10ns_12ns_26_4_1.
INFO-FLOW: Append model bd_41e7_vsc_0_mac_muladd_16s_10ns_12ns_26_4_1
INFO-FLOW: Found component bd_41e7_vsc_0_mac_muladd_16s_10ns_26s_27_4_1.
INFO-FLOW: Append model bd_41e7_vsc_0_mac_muladd_16s_10ns_26s_27_4_1
INFO-FLOW: Found component bd_41e7_vsc_0_mac_muladd_16s_10ns_27s_28_4_1.
INFO-FLOW: Append model bd_41e7_vsc_0_mac_muladd_16s_10ns_27s_28_4_1
INFO-FLOW: Found component bd_41e7_vsc_0_mac_muladd_16s_10ns_28s_28_4_1.
INFO-FLOW: Append model bd_41e7_vsc_0_mac_muladd_16s_10ns_28s_28_4_1
INFO-FLOW: Found component bd_41e7_vsc_0_mac_muladd_16s_10ns_28s_29_4_1.
INFO-FLOW: Append model bd_41e7_vsc_0_mac_muladd_16s_10ns_28s_29_4_1
INFO-FLOW: Found component bd_41e7_vsc_0_mac_muladd_16s_10ns_29s_29_4_1.
INFO-FLOW: Append model bd_41e7_vsc_0_mac_muladd_16s_10ns_29s_29_4_1
INFO-FLOW: Found component bd_41e7_vsc_0_flow_control_loop_pipe_sequential_init.
INFO-FLOW: Append model bd_41e7_vsc_0_flow_control_loop_pipe_sequential_init
INFO-FLOW: Handling components in module [vscale_core_polyphase] ... 
Execute         source /home/alen/repo/zynq-7020-video-pipe-3/hw/video-pipe-hw-v5/hw_011223.runs/bd_41e7_vsc_0_synth_1/prj/sol/.autopilot/db/vscale_core_polyphase.compgen.tcl 
INFO-FLOW: Found component bd_41e7_vsc_0_vscale_core_polyphase_FiltCoeff_RAM_1P_LUTRAM_1R1W.
INFO-FLOW: Append model bd_41e7_vsc_0_vscale_core_polyphase_FiltCoeff_RAM_1P_LUTRAM_1R1W
INFO-FLOW: Found component bd_41e7_vsc_0_vscale_core_polyphase_LineBuf_RAM_AUTO_1R1W.
INFO-FLOW: Append model bd_41e7_vsc_0_vscale_core_polyphase_LineBuf_RAM_AUTO_1R1W
INFO-FLOW: Handling components in module [MultiPixStream2AXIvideo_Pipeline_VITIS_LOOP_940_2] ... 
Execute         source /home/alen/repo/zynq-7020-video-pipe-3/hw/video-pipe-hw-v5/hw_011223.runs/bd_41e7_vsc_0_synth_1/prj/sol/.autopilot/db/MultiPixStream2AXIvideo_Pipeline_VITIS_LOOP_940_2.compgen.tcl 
INFO-FLOW: Found component bd_41e7_vsc_0_flow_control_loop_pipe_sequential_init.
INFO-FLOW: Append model bd_41e7_vsc_0_flow_control_loop_pipe_sequential_init
INFO-FLOW: Handling components in module [MultiPixStream2AXIvideo] ... 
Execute         source /home/alen/repo/zynq-7020-video-pipe-3/hw/video-pipe-hw-v5/hw_011223.runs/bd_41e7_vsc_0_synth_1/prj/sol/.autopilot/db/MultiPixStream2AXIvideo.compgen.tcl 
INFO-FLOW: Found component bd_41e7_vsc_0_regslice_both.
INFO-FLOW: Append model bd_41e7_vsc_0_regslice_both
INFO-FLOW: Found component bd_41e7_vsc_0_regslice_both.
INFO-FLOW: Append model bd_41e7_vsc_0_regslice_both
INFO-FLOW: Found component bd_41e7_vsc_0_regslice_both.
INFO-FLOW: Append model bd_41e7_vsc_0_regslice_both
INFO-FLOW: Found component bd_41e7_vsc_0_regslice_both.
INFO-FLOW: Append model bd_41e7_vsc_0_regslice_both
INFO-FLOW: Found component bd_41e7_vsc_0_regslice_both.
INFO-FLOW: Append model bd_41e7_vsc_0_regslice_both
INFO-FLOW: Found component bd_41e7_vsc_0_regslice_both.
INFO-FLOW: Append model bd_41e7_vsc_0_regslice_both
INFO-FLOW: Found component bd_41e7_vsc_0_regslice_both.
INFO-FLOW: Append model bd_41e7_vsc_0_regslice_both
INFO-FLOW: Handling components in module [v_vscaler] ... 
Execute         source /home/alen/repo/zynq-7020-video-pipe-3/hw/video-pipe-hw-v5/hw_011223.runs/bd_41e7_vsc_0_synth_1/prj/sol/.autopilot/db/v_vscaler.compgen.tcl 
INFO-FLOW: Found component bd_41e7_vsc_0_fifo_w32_d2_S.
INFO-FLOW: Append model bd_41e7_vsc_0_fifo_w32_d2_S
INFO-FLOW: Found component bd_41e7_vsc_0_fifo_w11_d2_S.
INFO-FLOW: Append model bd_41e7_vsc_0_fifo_w11_d2_S
INFO-FLOW: Found component bd_41e7_vsc_0_fifo_w11_d2_S.
INFO-FLOW: Append model bd_41e7_vsc_0_fifo_w11_d2_S
INFO-FLOW: Found component bd_41e7_vsc_0_fifo_w11_d2_S.
INFO-FLOW: Append model bd_41e7_vsc_0_fifo_w11_d2_S
INFO-FLOW: Found component bd_41e7_vsc_0_fifo_w8_d2_S.
INFO-FLOW: Append model bd_41e7_vsc_0_fifo_w8_d2_S
INFO-FLOW: Found component bd_41e7_vsc_0_fifo_w8_d2_S.
INFO-FLOW: Append model bd_41e7_vsc_0_fifo_w8_d2_S
INFO-FLOW: Found component bd_41e7_vsc_0_fifo_w30_d16_S.
INFO-FLOW: Append model bd_41e7_vsc_0_fifo_w30_d16_S
INFO-FLOW: Found component bd_41e7_vsc_0_fifo_w11_d2_S.
INFO-FLOW: Append model bd_41e7_vsc_0_fifo_w11_d2_S
INFO-FLOW: Found component bd_41e7_vsc_0_fifo_w11_d2_S.
INFO-FLOW: Append model bd_41e7_vsc_0_fifo_w11_d2_S
INFO-FLOW: Found component bd_41e7_vsc_0_fifo_w8_d2_S.
INFO-FLOW: Append model bd_41e7_vsc_0_fifo_w8_d2_S
INFO-FLOW: Found component bd_41e7_vsc_0_fifo_w30_d16_S.
INFO-FLOW: Append model bd_41e7_vsc_0_fifo_w30_d16_S
INFO-FLOW: Found component bd_41e7_vsc_0_fifo_w11_d2_S.
INFO-FLOW: Append model bd_41e7_vsc_0_fifo_w11_d2_S
INFO-FLOW: Found component bd_41e7_vsc_0_fifo_w11_d2_S.
INFO-FLOW: Append model bd_41e7_vsc_0_fifo_w11_d2_S
INFO-FLOW: Found component bd_41e7_vsc_0_fifo_w8_d3_S.
INFO-FLOW: Append model bd_41e7_vsc_0_fifo_w8_d3_S
INFO-FLOW: Found component bd_41e7_vsc_0_fifo_w30_d16_S.
INFO-FLOW: Append model bd_41e7_vsc_0_fifo_w30_d16_S
INFO-FLOW: Found component bd_41e7_vsc_0_fifo_w11_d2_S.
INFO-FLOW: Append model bd_41e7_vsc_0_fifo_w11_d2_S
INFO-FLOW: Found component bd_41e7_vsc_0_fifo_w11_d2_S.
INFO-FLOW: Append model bd_41e7_vsc_0_fifo_w11_d2_S
INFO-FLOW: Found component bd_41e7_vsc_0_start_for_AXIvideo2MultiPixStream_U0.
INFO-FLOW: Append model bd_41e7_vsc_0_start_for_AXIvideo2MultiPixStream_U0
INFO-FLOW: Found component bd_41e7_vsc_0_start_for_v_vcresampler_core_U0.
INFO-FLOW: Append model bd_41e7_vsc_0_start_for_v_vcresampler_core_U0
INFO-FLOW: Found component bd_41e7_vsc_0_start_for_MultiPixStream2AXIvideo_U0.
INFO-FLOW: Append model bd_41e7_vsc_0_start_for_MultiPixStream2AXIvideo_U0
INFO-FLOW: Found component bd_41e7_vsc_0_CTRL_s_axi.
INFO-FLOW: Append model bd_41e7_vsc_0_CTRL_s_axi
INFO-FLOW: Append model Block_entry4_proc
INFO-FLOW: Append model reg_unsigned_short_s
INFO-FLOW: Append model AXIvideo2MultiPixStream_Pipeline_loop_wait_for_start
INFO-FLOW: Append model AXIvideo2MultiPixStream_Pipeline_loop_width
INFO-FLOW: Append model AXIvideo2MultiPixStream_Pipeline_loop_wait_for_eol
INFO-FLOW: Append model AXIvideo2MultiPixStream
INFO-FLOW: Append model v_vcresampler_core_Pipeline_VITIS_LOOP_1057_2
INFO-FLOW: Append model v_vcresampler_core
INFO-FLOW: Append model vscale_core_polyphase_Pipeline_loop_init_coeff_phase_loop_init_coeff_tap
INFO-FLOW: Append model vscale_core_polyphase_Pipeline_loop_width_for_procpix
INFO-FLOW: Append model vscale_core_polyphase
INFO-FLOW: Append model MultiPixStream2AXIvideo_Pipeline_VITIS_LOOP_940_2
INFO-FLOW: Append model MultiPixStream2AXIvideo
INFO-FLOW: Append model v_vscaler
INFO-FLOW: Generating RTL model list ...
INFO-FLOW: All models in this session: bd_41e7_vsc_0_flow_control_loop_pipe_sequential_init bd_41e7_vsc_0_flow_control_loop_pipe_sequential_init bd_41e7_vsc_0_flow_control_loop_pipe_sequential_init bd_41e7_vsc_0_regslice_both bd_41e7_vsc_0_regslice_both bd_41e7_vsc_0_regslice_both bd_41e7_vsc_0_regslice_both bd_41e7_vsc_0_regslice_both bd_41e7_vsc_0_regslice_both bd_41e7_vsc_0_regslice_both bd_41e7_vsc_0_flow_control_loop_pipe_sequential_init bd_41e7_vsc_0_v_vcresampler_core_linebuf_y_RAM_AUTO_1R1W bd_41e7_vsc_0_v_vcresampler_core_linebuf_y_1_RAM_AUTO_1R1W bd_41e7_vsc_0_v_vcresampler_core_linebuf_c_2_RAM_AUTO_1R1W bd_41e7_vsc_0_flow_control_loop_pipe_sequential_init bd_41e7_vsc_0_mac_muladd_16s_10ns_12ns_26_4_1 bd_41e7_vsc_0_mac_muladd_16s_10ns_26s_27_4_1 bd_41e7_vsc_0_mac_muladd_16s_10ns_27s_28_4_1 bd_41e7_vsc_0_mac_muladd_16s_10ns_28s_28_4_1 bd_41e7_vsc_0_mac_muladd_16s_10ns_28s_29_4_1 bd_41e7_vsc_0_mac_muladd_16s_10ns_29s_29_4_1 bd_41e7_vsc_0_flow_control_loop_pipe_sequential_init bd_41e7_vsc_0_vscale_core_polyphase_FiltCoeff_RAM_1P_LUTRAM_1R1W bd_41e7_vsc_0_vscale_core_polyphase_LineBuf_RAM_AUTO_1R1W bd_41e7_vsc_0_flow_control_loop_pipe_sequential_init bd_41e7_vsc_0_regslice_both bd_41e7_vsc_0_regslice_both bd_41e7_vsc_0_regslice_both bd_41e7_vsc_0_regslice_both bd_41e7_vsc_0_regslice_both bd_41e7_vsc_0_regslice_both bd_41e7_vsc_0_regslice_both bd_41e7_vsc_0_fifo_w32_d2_S bd_41e7_vsc_0_fifo_w11_d2_S bd_41e7_vsc_0_fifo_w11_d2_S bd_41e7_vsc_0_fifo_w11_d2_S bd_41e7_vsc_0_fifo_w8_d2_S bd_41e7_vsc_0_fifo_w8_d2_S bd_41e7_vsc_0_fifo_w30_d16_S bd_41e7_vsc_0_fifo_w11_d2_S bd_41e7_vsc_0_fifo_w11_d2_S bd_41e7_vsc_0_fifo_w8_d2_S bd_41e7_vsc_0_fifo_w30_d16_S bd_41e7_vsc_0_fifo_w11_d2_S bd_41e7_vsc_0_fifo_w11_d2_S bd_41e7_vsc_0_fifo_w8_d3_S bd_41e7_vsc_0_fifo_w30_d16_S bd_41e7_vsc_0_fifo_w11_d2_S bd_41e7_vsc_0_fifo_w11_d2_S bd_41e7_vsc_0_start_for_AXIvideo2MultiPixStream_U0 bd_41e7_vsc_0_start_for_v_vcresampler_core_U0 bd_41e7_vsc_0_start_for_MultiPixStream2AXIvideo_U0 bd_41e7_vsc_0_CTRL_s_axi Block_entry4_proc reg_unsigned_short_s AXIvideo2MultiPixStream_Pipeline_loop_wait_for_start AXIvideo2MultiPixStream_Pipeline_loop_width AXIvideo2MultiPixStream_Pipeline_loop_wait_for_eol AXIvideo2MultiPixStream v_vcresampler_core_Pipeline_VITIS_LOOP_1057_2 v_vcresampler_core vscale_core_polyphase_Pipeline_loop_init_coeff_phase_loop_init_coeff_tap vscale_core_polyphase_Pipeline_loop_width_for_procpix vscale_core_polyphase MultiPixStream2AXIvideo_Pipeline_VITIS_LOOP_940_2 MultiPixStream2AXIvideo v_vscaler
INFO-FLOW: Generating /home/alen/repo/zynq-7020-video-pipe-3/hw/video-pipe-hw-v5/hw_011223.runs/bd_41e7_vsc_0_synth_1/prj/sol/.autopilot/db/autopilot.rtl.models.txt file...
INFO-FLOW: To file: write model bd_41e7_vsc_0_flow_control_loop_pipe_sequential_init
INFO-FLOW: To file: write model bd_41e7_vsc_0_flow_control_loop_pipe_sequential_init
INFO-FLOW: To file: write model bd_41e7_vsc_0_flow_control_loop_pipe_sequential_init
INFO-FLOW: To file: write model bd_41e7_vsc_0_regslice_both
INFO-FLOW: To file: write model bd_41e7_vsc_0_regslice_both
INFO-FLOW: To file: write model bd_41e7_vsc_0_regslice_both
INFO-FLOW: To file: write model bd_41e7_vsc_0_regslice_both
INFO-FLOW: To file: write model bd_41e7_vsc_0_regslice_both
INFO-FLOW: To file: write model bd_41e7_vsc_0_regslice_both
INFO-FLOW: To file: write model bd_41e7_vsc_0_regslice_both
INFO-FLOW: To file: write model bd_41e7_vsc_0_flow_control_loop_pipe_sequential_init
INFO-FLOW: To file: write model bd_41e7_vsc_0_v_vcresampler_core_linebuf_y_RAM_AUTO_1R1W
INFO-FLOW: To file: write model bd_41e7_vsc_0_v_vcresampler_core_linebuf_y_1_RAM_AUTO_1R1W
INFO-FLOW: To file: write model bd_41e7_vsc_0_v_vcresampler_core_linebuf_c_2_RAM_AUTO_1R1W
INFO-FLOW: To file: write model bd_41e7_vsc_0_flow_control_loop_pipe_sequential_init
INFO-FLOW: To file: write model bd_41e7_vsc_0_mac_muladd_16s_10ns_12ns_26_4_1
INFO-FLOW: To file: write model bd_41e7_vsc_0_mac_muladd_16s_10ns_26s_27_4_1
INFO-FLOW: To file: write model bd_41e7_vsc_0_mac_muladd_16s_10ns_27s_28_4_1
INFO-FLOW: To file: write model bd_41e7_vsc_0_mac_muladd_16s_10ns_28s_28_4_1
INFO-FLOW: To file: write model bd_41e7_vsc_0_mac_muladd_16s_10ns_28s_29_4_1
INFO-FLOW: To file: write model bd_41e7_vsc_0_mac_muladd_16s_10ns_29s_29_4_1
INFO-FLOW: To file: write model bd_41e7_vsc_0_flow_control_loop_pipe_sequential_init
INFO-FLOW: To file: write model bd_41e7_vsc_0_vscale_core_polyphase_FiltCoeff_RAM_1P_LUTRAM_1R1W
INFO-FLOW: To file: write model bd_41e7_vsc_0_vscale_core_polyphase_LineBuf_RAM_AUTO_1R1W
INFO-FLOW: To file: write model bd_41e7_vsc_0_flow_control_loop_pipe_sequential_init
INFO-FLOW: To file: write model bd_41e7_vsc_0_regslice_both
INFO-FLOW: To file: write model bd_41e7_vsc_0_regslice_both
INFO-FLOW: To file: write model bd_41e7_vsc_0_regslice_both
INFO-FLOW: To file: write model bd_41e7_vsc_0_regslice_both
INFO-FLOW: To file: write model bd_41e7_vsc_0_regslice_both
INFO-FLOW: To file: write model bd_41e7_vsc_0_regslice_both
INFO-FLOW: To file: write model bd_41e7_vsc_0_regslice_both
INFO-FLOW: To file: write model bd_41e7_vsc_0_fifo_w32_d2_S
INFO-FLOW: To file: write model bd_41e7_vsc_0_fifo_w11_d2_S
INFO-FLOW: To file: write model bd_41e7_vsc_0_fifo_w11_d2_S
INFO-FLOW: To file: write model bd_41e7_vsc_0_fifo_w11_d2_S
INFO-FLOW: To file: write model bd_41e7_vsc_0_fifo_w8_d2_S
INFO-FLOW: To file: write model bd_41e7_vsc_0_fifo_w8_d2_S
INFO-FLOW: To file: write model bd_41e7_vsc_0_fifo_w30_d16_S
INFO-FLOW: To file: write model bd_41e7_vsc_0_fifo_w11_d2_S
INFO-FLOW: To file: write model bd_41e7_vsc_0_fifo_w11_d2_S
INFO-FLOW: To file: write model bd_41e7_vsc_0_fifo_w8_d2_S
INFO-FLOW: To file: write model bd_41e7_vsc_0_fifo_w30_d16_S
INFO-FLOW: To file: write model bd_41e7_vsc_0_fifo_w11_d2_S
INFO-FLOW: To file: write model bd_41e7_vsc_0_fifo_w11_d2_S
INFO-FLOW: To file: write model bd_41e7_vsc_0_fifo_w8_d3_S
INFO-FLOW: To file: write model bd_41e7_vsc_0_fifo_w30_d16_S
INFO-FLOW: To file: write model bd_41e7_vsc_0_fifo_w11_d2_S
INFO-FLOW: To file: write model bd_41e7_vsc_0_fifo_w11_d2_S
INFO-FLOW: To file: write model bd_41e7_vsc_0_start_for_AXIvideo2MultiPixStream_U0
INFO-FLOW: To file: write model bd_41e7_vsc_0_start_for_v_vcresampler_core_U0
INFO-FLOW: To file: write model bd_41e7_vsc_0_start_for_MultiPixStream2AXIvideo_U0
INFO-FLOW: To file: write model bd_41e7_vsc_0_CTRL_s_axi
INFO-FLOW: To file: write model Block_entry4_proc
INFO-FLOW: To file: write model reg_unsigned_short_s
INFO-FLOW: To file: write model AXIvideo2MultiPixStream_Pipeline_loop_wait_for_start
INFO-FLOW: To file: write model AXIvideo2MultiPixStream_Pipeline_loop_width
INFO-FLOW: To file: write model AXIvideo2MultiPixStream_Pipeline_loop_wait_for_eol
INFO-FLOW: To file: write model AXIvideo2MultiPixStream
INFO-FLOW: To file: write model v_vcresampler_core_Pipeline_VITIS_LOOP_1057_2
INFO-FLOW: To file: write model v_vcresampler_core
INFO-FLOW: To file: write model vscale_core_polyphase_Pipeline_loop_init_coeff_phase_loop_init_coeff_tap
INFO-FLOW: To file: write model vscale_core_polyphase_Pipeline_loop_width_for_procpix
INFO-FLOW: To file: write model vscale_core_polyphase
INFO-FLOW: To file: write model MultiPixStream2AXIvideo_Pipeline_VITIS_LOOP_940_2
INFO-FLOW: To file: write model MultiPixStream2AXIvideo
INFO-FLOW: To file: write model v_vscaler
INFO-FLOW: Generating /home/alen/repo/zynq-7020-video-pipe-3/hw/video-pipe-hw-v5/hw_011223.runs/bd_41e7_vsc_0_synth_1/prj/sol/.autopilot/db/autopilot.rtl.models.tcl file...
INFO-FLOW: Finished generating RTL model list.


INFO-FLOW: RTL Generation done.
INFO-FLOW: CAS Generation done.
INFO-FLOW: CBC Generation done.
INFO-FLOW: DBG:PROC: ::AESL_AUTOMG::auto_generate_csynth_design
INFO-FLOW: DBG:PUTS: read_platform_lib /home/alen/repo/zynq-7020-video-pipe-3/hw/video-pipe-hw-v5/hw_011223.runs/bd_41e7_vsc_0_synth_1/prj/sol/.autopilot/db/global.setting.tcl
Execute         source /home/alen/Xilinx/Vitis_HLS/2023.2/common/technology/generic/autopilot/common.gen 
Execute           source /home/alen/Xilinx/Vitis_HLS/2023.2/common/technology/generic/autopilot/APCoreGen.gen 
Execute         source /home/alen/Xilinx/Vitis_HLS/2023.2/common/technology/generic/autopilot/op.gen 
Execute         source /home/alen/Xilinx/Vitis_HLS/2023.2/common/technology/generic/autopilot/op_simcore.gen 
Execute         source /home/alen/Xilinx/Vitis_HLS/2023.2/common/technology/generic/autopilot/interface.gen 
Execute         source /home/alen/repo/zynq-7020-video-pipe-3/hw/video-pipe-hw-v5/hw_011223.runs/bd_41e7_vsc_0_synth_1/prj/sol/.autopilot/db/global.setting.tcl 
Execute         source /home/alen/Xilinx/Vitis_HLS/2023.2/common/technology/xilinx/common/xilinx.gen 
Execute           source /home/alen/Xilinx/Vitis_HLS/2023.2/common/technology/xilinx/interface/plb46.gen 
Execute           source /home/alen/Xilinx/Vitis_HLS/2023.2/common/technology/xilinx/interface/axi4.gen 
Execute           source /home/alen/Xilinx/Vitis_HLS/2023.2/common/technology/xilinx/interface/nativeAXI4.gen 
Execute             source /home/alen/Xilinx/Vitis_HLS/2023.2/common/technology/xilinx/interface/saxilite.gen 
Execute           source /home/alen/Xilinx/Vitis_HLS/2023.2/common/technology/xilinx/scripts/xilinxcoregen.gen 
Execute           source /home/alen/Xilinx/Vitis_HLS/2023.2/common/technology/xilinx/interface/XilEDKCoreGen.gen 
Execute           source /home/alen/Xilinx/Vitis_HLS/2023.2/common/technology/xilinx/ip/xfft.gen 
Execute           source /home/alen/Xilinx/Vitis_HLS/2023.2/common/technology/xilinx/ip/xfir.gen 
Execute           source /home/alen/Xilinx/Vitis_HLS/2023.2/common/technology/xilinx/ip/dds_compiler.gen 
Execute           source /home/alen/Xilinx/Vitis_HLS/2023.2/common/technology/xilinx/ip/util.gen 
Execute           source /home/alen/Xilinx/Vitis_HLS/2023.2/common/technology/xilinx/DSP48/dsp48.gen 
INFO-FLOW: DBG:PUTS:   using AESL_AUTOCG::g_clock_period=7.000 (was NA)
INFO-FLOW: DBG:PROC: ::AESL_AUTOMG::generate_ip_cores gen_sim_model='1' gen_fp_models='0' gen_for_export='0' dstSCDir='' dstVhdlDir='/home/alen/repo/zynq-7020-video-pipe-3/hw/video-pipe-hw-v5/hw_011223.runs/bd_41e7_vsc_0_synth_1/prj/sol/.autopilot/db/vhdl' dstVlogDir='/home/alen/repo/zynq-7020-video-pipe-3/hw/video-pipe-hw-v5/hw_011223.runs/bd_41e7_vsc_0_synth_1/prj/sol/.autopilot/db/vlog' tclDir='/home/alen/repo/zynq-7020-video-pipe-3/hw/video-pipe-hw-v5/hw_011223.runs/bd_41e7_vsc_0_synth_1/prj/sol/.autopilot/db' modelList='bd_41e7_vsc_0_flow_control_loop_pipe_sequential_init
bd_41e7_vsc_0_flow_control_loop_pipe_sequential_init
bd_41e7_vsc_0_flow_control_loop_pipe_sequential_init
bd_41e7_vsc_0_regslice_both
bd_41e7_vsc_0_regslice_both
bd_41e7_vsc_0_regslice_both
bd_41e7_vsc_0_regslice_both
bd_41e7_vsc_0_regslice_both
bd_41e7_vsc_0_regslice_both
bd_41e7_vsc_0_regslice_both
bd_41e7_vsc_0_flow_control_loop_pipe_sequential_init
bd_41e7_vsc_0_v_vcresampler_core_linebuf_y_RAM_AUTO_1R1W
bd_41e7_vsc_0_v_vcresampler_core_linebuf_y_1_RAM_AUTO_1R1W
bd_41e7_vsc_0_v_vcresampler_core_linebuf_c_2_RAM_AUTO_1R1W
bd_41e7_vsc_0_flow_control_loop_pipe_sequential_init
bd_41e7_vsc_0_mac_muladd_16s_10ns_12ns_26_4_1
bd_41e7_vsc_0_mac_muladd_16s_10ns_26s_27_4_1
bd_41e7_vsc_0_mac_muladd_16s_10ns_27s_28_4_1
bd_41e7_vsc_0_mac_muladd_16s_10ns_28s_28_4_1
bd_41e7_vsc_0_mac_muladd_16s_10ns_28s_29_4_1
bd_41e7_vsc_0_mac_muladd_16s_10ns_29s_29_4_1
bd_41e7_vsc_0_flow_control_loop_pipe_sequential_init
bd_41e7_vsc_0_vscale_core_polyphase_FiltCoeff_RAM_1P_LUTRAM_1R1W
bd_41e7_vsc_0_vscale_core_polyphase_LineBuf_RAM_AUTO_1R1W
bd_41e7_vsc_0_flow_control_loop_pipe_sequential_init
bd_41e7_vsc_0_regslice_both
bd_41e7_vsc_0_regslice_both
bd_41e7_vsc_0_regslice_both
bd_41e7_vsc_0_regslice_both
bd_41e7_vsc_0_regslice_both
bd_41e7_vsc_0_regslice_both
bd_41e7_vsc_0_regslice_both
bd_41e7_vsc_0_fifo_w32_d2_S
bd_41e7_vsc_0_fifo_w11_d2_S
bd_41e7_vsc_0_fifo_w11_d2_S
bd_41e7_vsc_0_fifo_w11_d2_S
bd_41e7_vsc_0_fifo_w8_d2_S
bd_41e7_vsc_0_fifo_w8_d2_S
bd_41e7_vsc_0_fifo_w30_d16_S
bd_41e7_vsc_0_fifo_w11_d2_S
bd_41e7_vsc_0_fifo_w11_d2_S
bd_41e7_vsc_0_fifo_w8_d2_S
bd_41e7_vsc_0_fifo_w30_d16_S
bd_41e7_vsc_0_fifo_w11_d2_S
bd_41e7_vsc_0_fifo_w11_d2_S
bd_41e7_vsc_0_fifo_w8_d3_S
bd_41e7_vsc_0_fifo_w30_d16_S
bd_41e7_vsc_0_fifo_w11_d2_S
bd_41e7_vsc_0_fifo_w11_d2_S
bd_41e7_vsc_0_start_for_AXIvideo2MultiPixStream_U0
bd_41e7_vsc_0_start_for_v_vcresampler_core_U0
bd_41e7_vsc_0_start_for_MultiPixStream2AXIvideo_U0
bd_41e7_vsc_0_CTRL_s_axi
Block_entry4_proc
reg_unsigned_short_s
AXIvideo2MultiPixStream_Pipeline_loop_wait_for_start
AXIvideo2MultiPixStream_Pipeline_loop_width
AXIvideo2MultiPixStream_Pipeline_loop_wait_for_eol
AXIvideo2MultiPixStream
v_vcresampler_core_Pipeline_VITIS_LOOP_1057_2
v_vcresampler_core
vscale_core_polyphase_Pipeline_loop_init_coeff_phase_loop_init_coeff_tap
vscale_core_polyphase_Pipeline_loop_width_for_procpix
vscale_core_polyphase
MultiPixStream2AXIvideo_Pipeline_VITIS_LOOP_940_2
MultiPixStream2AXIvideo
v_vscaler
' expOnly='0'
Execute         source /home/alen/repo/zynq-7020-video-pipe-3/hw/video-pipe-hw-v5/hw_011223.runs/bd_41e7_vsc_0_synth_1/prj/sol/.autopilot/db/global.setting.tcl 
Execute         ap_part_info -name xc7z020-clg484-1 -data names -quiet 
Execute         ap_part_info -name xc7z020-clg484-1 -data info -quiet 
Execute         source /home/alen/repo/zynq-7020-video-pipe-3/hw/video-pipe-hw-v5/hw_011223.runs/bd_41e7_vsc_0_synth_1/prj/sol/.autopilot/db/global.setting.tcl 
Execute         source /home/alen/repo/zynq-7020-video-pipe-3/hw/video-pipe-hw-v5/hw_011223.runs/bd_41e7_vsc_0_synth_1/prj/sol/.autopilot/db/global.setting.tcl 
Execute         source /home/alen/repo/zynq-7020-video-pipe-3/hw/video-pipe-hw-v5/hw_011223.runs/bd_41e7_vsc_0_synth_1/prj/sol/.autopilot/db/Block_entry4_proc.compgen.tcl 
Execute         source /home/alen/repo/zynq-7020-video-pipe-3/hw/video-pipe-hw-v5/hw_011223.runs/bd_41e7_vsc_0_synth_1/prj/sol/.autopilot/db/reg_unsigned_short_s.compgen.tcl 
Execute         source /home/alen/repo/zynq-7020-video-pipe-3/hw/video-pipe-hw-v5/hw_011223.runs/bd_41e7_vsc_0_synth_1/prj/sol/.autopilot/db/AXIvideo2MultiPixStream_Pipeline_loop_wait_for_start.compgen.tcl 
Execute         source /home/alen/repo/zynq-7020-video-pipe-3/hw/video-pipe-hw-v5/hw_011223.runs/bd_41e7_vsc_0_synth_1/prj/sol/.autopilot/db/AXIvideo2MultiPixStream_Pipeline_loop_width.compgen.tcl 
Execute         source /home/alen/repo/zynq-7020-video-pipe-3/hw/video-pipe-hw-v5/hw_011223.runs/bd_41e7_vsc_0_synth_1/prj/sol/.autopilot/db/AXIvideo2MultiPixStream_Pipeline_loop_wait_for_eol.compgen.tcl 
Execute         source /home/alen/repo/zynq-7020-video-pipe-3/hw/video-pipe-hw-v5/hw_011223.runs/bd_41e7_vsc_0_synth_1/prj/sol/.autopilot/db/AXIvideo2MultiPixStream.compgen.tcl 
Execute         source /home/alen/repo/zynq-7020-video-pipe-3/hw/video-pipe-hw-v5/hw_011223.runs/bd_41e7_vsc_0_synth_1/prj/sol/.autopilot/db/v_vcresampler_core_Pipeline_VITIS_LOOP_1057_2.compgen.tcl 
Execute         source /home/alen/repo/zynq-7020-video-pipe-3/hw/video-pipe-hw-v5/hw_011223.runs/bd_41e7_vsc_0_synth_1/prj/sol/.autopilot/db/v_vcresampler_core.compgen.tcl 
Execute         source /home/alen/repo/zynq-7020-video-pipe-3/hw/video-pipe-hw-v5/hw_011223.runs/bd_41e7_vsc_0_synth_1/prj/sol/.autopilot/db/vscale_core_polyphase_Pipeline_loop_init_coeff_phase_loop_init_coeff_tap.compgen.tcl 
Execute         source /home/alen/repo/zynq-7020-video-pipe-3/hw/video-pipe-hw-v5/hw_011223.runs/bd_41e7_vsc_0_synth_1/prj/sol/.autopilot/db/vscale_core_polyphase_Pipeline_loop_width_for_procpix.compgen.tcl 
Execute           ap_part_info -name xc7z020-clg484-1 -data names -quiet 
Execute           ap_part_info -name xc7z020-clg484-1 -data info -quiet 
Execute           ap_part_info -name xc7z020-clg484-1 -data info 
Execute           ap_part_info -name xc7z020-clg484-1 -data names -quiet 
Execute           ap_part_info -name xc7z020-clg484-1 -data info -quiet 
Execute           ap_part_info -name xc7z020-clg484-1 -data info 
Execute           ap_part_info -name xc7z020-clg484-1 -data names -quiet 
Execute           ap_part_info -name xc7z020-clg484-1 -data info -quiet 
Execute           ap_part_info -name xc7z020-clg484-1 -data info 
Execute           ap_part_info -name xc7z020-clg484-1 -data names -quiet 
Execute           ap_part_info -name xc7z020-clg484-1 -data info -quiet 
Execute           ap_part_info -name xc7z020-clg484-1 -data info 
Execute           ap_part_info -name xc7z020-clg484-1 -data names -quiet 
Execute           ap_part_info -name xc7z020-clg484-1 -data info -quiet 
Execute           ap_part_info -name xc7z020-clg484-1 -data info 
Execute           ap_part_info -name xc7z020-clg484-1 -data names -quiet 
Execute           ap_part_info -name xc7z020-clg484-1 -data info -quiet 
Execute           ap_part_info -name xc7z020-clg484-1 -data info 
Execute         source /home/alen/repo/zynq-7020-video-pipe-3/hw/video-pipe-hw-v5/hw_011223.runs/bd_41e7_vsc_0_synth_1/prj/sol/.autopilot/db/vscale_core_polyphase.compgen.tcl 
Execute         source /home/alen/repo/zynq-7020-video-pipe-3/hw/video-pipe-hw-v5/hw_011223.runs/bd_41e7_vsc_0_synth_1/prj/sol/.autopilot/db/MultiPixStream2AXIvideo_Pipeline_VITIS_LOOP_940_2.compgen.tcl 
Execute         source /home/alen/repo/zynq-7020-video-pipe-3/hw/video-pipe-hw-v5/hw_011223.runs/bd_41e7_vsc_0_synth_1/prj/sol/.autopilot/db/MultiPixStream2AXIvideo.compgen.tcl 
Execute         source /home/alen/repo/zynq-7020-video-pipe-3/hw/video-pipe-hw-v5/hw_011223.runs/bd_41e7_vsc_0_synth_1/prj/sol/.autopilot/db/v_vscaler.compgen.tcl 
Execute           source ./bd_41e7_vsc_0_CTRL.slave.tcl 
INFO: [HLS 200-111] Finished Generating all RTL models: CPU user time: 0.29 seconds. CPU system time: 0.03 seconds. Elapsed time: 0.32 seconds; current allocated memory: 398.785 MB.
INFO-FLOW: DBG:PROC: ::HLSREPORTS::create_csynth_xml bind_info_var='bind_info' RtlSubPrefix='bd_41e7_vsc_0_' outfile=''
INFO-FLOW: Running: create_csynth_xml read xml data
INFO-FLOW: Done: create_csynth_xml read xml data time: 0 seconds per iteration
INFO-FLOW: Running: create_csynth_xml bind info
INFO-FLOW: No bind nodes found for module_name Block_entry4_proc
INFO-FLOW: No bind nodes found for module_name reg_unsigned_short_s
INFO-FLOW: No bind nodes found for module_name AXIvideo2MultiPixStream_Pipeline_loop_wait_for_start
INFO-FLOW: No bind nodes found for module_name AXIvideo2MultiPixStream_Pipeline_loop_wait_for_eol
INFO-FLOW: Done: create_csynth_xml bind info time: 0 seconds per iteration
INFO-FLOW: Running: create_csynth_xml config info
INFO-FLOW: Done: create_csynth_xml config info time: 0 seconds per iteration
INFO-FLOW: Running: create_csynth_xml write xml
INFO-FLOW: Done: create_csynth_xml write xml time: 0 seconds per iteration
INFO-FLOW: DBG:PUTS:      create_csynth_xml wrote csynth_xml=/home/alen/repo/zynq-7020-video-pipe-3/hw/video-pipe-hw-v5/hw_011223.runs/bd_41e7_vsc_0_synth_1/prj/sol/syn/report/csynth.xml
INFO-FLOW: DBG:PROC: ::AP::DESIGN_DATA::generate_json generate_bd_files='0' generate_xo_files='0' modelList='bd_41e7_vsc_0_flow_control_loop_pipe_sequential_init
bd_41e7_vsc_0_flow_control_loop_pipe_sequential_init
bd_41e7_vsc_0_flow_control_loop_pipe_sequential_init
bd_41e7_vsc_0_regslice_both
bd_41e7_vsc_0_regslice_both
bd_41e7_vsc_0_regslice_both
bd_41e7_vsc_0_regslice_both
bd_41e7_vsc_0_regslice_both
bd_41e7_vsc_0_regslice_both
bd_41e7_vsc_0_regslice_both
bd_41e7_vsc_0_flow_control_loop_pipe_sequential_init
bd_41e7_vsc_0_v_vcresampler_core_linebuf_y_RAM_AUTO_1R1W
bd_41e7_vsc_0_v_vcresampler_core_linebuf_y_1_RAM_AUTO_1R1W
bd_41e7_vsc_0_v_vcresampler_core_linebuf_c_2_RAM_AUTO_1R1W
bd_41e7_vsc_0_flow_control_loop_pipe_sequential_init
bd_41e7_vsc_0_mac_muladd_16s_10ns_12ns_26_4_1
bd_41e7_vsc_0_mac_muladd_16s_10ns_26s_27_4_1
bd_41e7_vsc_0_mac_muladd_16s_10ns_27s_28_4_1
bd_41e7_vsc_0_mac_muladd_16s_10ns_28s_28_4_1
bd_41e7_vsc_0_mac_muladd_16s_10ns_28s_29_4_1
bd_41e7_vsc_0_mac_muladd_16s_10ns_29s_29_4_1
bd_41e7_vsc_0_flow_control_loop_pipe_sequential_init
bd_41e7_vsc_0_vscale_core_polyphase_FiltCoeff_RAM_1P_LUTRAM_1R1W
bd_41e7_vsc_0_vscale_core_polyphase_LineBuf_RAM_AUTO_1R1W
bd_41e7_vsc_0_flow_control_loop_pipe_sequential_init
bd_41e7_vsc_0_regslice_both
bd_41e7_vsc_0_regslice_both
bd_41e7_vsc_0_regslice_both
bd_41e7_vsc_0_regslice_both
bd_41e7_vsc_0_regslice_both
bd_41e7_vsc_0_regslice_both
bd_41e7_vsc_0_regslice_both
bd_41e7_vsc_0_fifo_w32_d2_S
bd_41e7_vsc_0_fifo_w11_d2_S
bd_41e7_vsc_0_fifo_w11_d2_S
bd_41e7_vsc_0_fifo_w11_d2_S
bd_41e7_vsc_0_fifo_w8_d2_S
bd_41e7_vsc_0_fifo_w8_d2_S
bd_41e7_vsc_0_fifo_w30_d16_S
bd_41e7_vsc_0_fifo_w11_d2_S
bd_41e7_vsc_0_fifo_w11_d2_S
bd_41e7_vsc_0_fifo_w8_d2_S
bd_41e7_vsc_0_fifo_w30_d16_S
bd_41e7_vsc_0_fifo_w11_d2_S
bd_41e7_vsc_0_fifo_w11_d2_S
bd_41e7_vsc_0_fifo_w8_d3_S
bd_41e7_vsc_0_fifo_w30_d16_S
bd_41e7_vsc_0_fifo_w11_d2_S
bd_41e7_vsc_0_fifo_w11_d2_S
bd_41e7_vsc_0_start_for_AXIvideo2MultiPixStream_U0
bd_41e7_vsc_0_start_for_v_vcresampler_core_U0
bd_41e7_vsc_0_start_for_MultiPixStream2AXIvideo_U0
bd_41e7_vsc_0_CTRL_s_axi
Block_entry4_proc
reg_unsigned_short_s
AXIvideo2MultiPixStream_Pipeline_loop_wait_for_start
AXIvideo2MultiPixStream_Pipeline_loop_width
AXIvideo2MultiPixStream_Pipeline_loop_wait_for_eol
AXIvideo2MultiPixStream
v_vcresampler_core_Pipeline_VITIS_LOOP_1057_2
v_vcresampler_core
vscale_core_polyphase_Pipeline_loop_init_coeff_phase_loop_init_coeff_tap
vscale_core_polyphase_Pipeline_loop_width_for_procpix
vscale_core_polyphase
MultiPixStream2AXIvideo_Pipeline_VITIS_LOOP_940_2
MultiPixStream2AXIvideo
v_vscaler
' rtl_lang='both' bootstrap_tcl='false' outdir='' outfilename=''
Execute         source /home/alen/repo/zynq-7020-video-pipe-3/hw/video-pipe-hw-v5/hw_011223.runs/bd_41e7_vsc_0_synth_1/prj/sol/.autopilot/db/global.setting.tcl 
Execute         source /home/alen/repo/zynq-7020-video-pipe-3/hw/video-pipe-hw-v5/hw_011223.runs/bd_41e7_vsc_0_synth_1/prj/sol/.autopilot/db/global.setting.tcl 
Execute         source /home/alen/repo/zynq-7020-video-pipe-3/hw/video-pipe-hw-v5/hw_011223.runs/bd_41e7_vsc_0_synth_1/prj/sol/.autopilot/db/top-io-be.tcl 
Execute         source /home/alen/repo/zynq-7020-video-pipe-3/hw/video-pipe-hw-v5/hw_011223.runs/bd_41e7_vsc_0_synth_1/prj/sol/.autopilot/db/v_vscaler.tbgen.tcl 
Execute         source /home/alen/repo/zynq-7020-video-pipe-3/hw/video-pipe-hw-v5/hw_011223.runs/bd_41e7_vsc_0_synth_1/prj/sol/.autopilot/db/v_vscaler.compgen.dataonly.tcl 
Execute         source /home/alen/repo/zynq-7020-video-pipe-3/hw/video-pipe-hw-v5/hw_011223.runs/bd_41e7_vsc_0_synth_1/prj/sol/.autopilot/db/v_vscaler.compgen.dataonly.tcl 
Execute         source /home/alen/repo/zynq-7020-video-pipe-3/hw/video-pipe-hw-v5/hw_011223.runs/bd_41e7_vsc_0_synth_1/prj/sol/.autopilot/db/v_vscaler.rtl_wrap.cfg.tcl 
Execute         source /home/alen/repo/zynq-7020-video-pipe-3/hw/video-pipe-hw-v5/hw_011223.runs/bd_41e7_vsc_0_synth_1/prj/sol/.autopilot/db/v_vscaler.compgen.dataonly.tcl 
Execute         source /home/alen/repo/zynq-7020-video-pipe-3/hw/video-pipe-hw-v5/hw_011223.runs/bd_41e7_vsc_0_synth_1/prj/sol/.autopilot/db/Block_entry4_proc.tbgen.tcl 
Execute         source /home/alen/repo/zynq-7020-video-pipe-3/hw/video-pipe-hw-v5/hw_011223.runs/bd_41e7_vsc_0_synth_1/prj/sol/.autopilot/db/reg_unsigned_short_s.tbgen.tcl 
Execute         source /home/alen/repo/zynq-7020-video-pipe-3/hw/video-pipe-hw-v5/hw_011223.runs/bd_41e7_vsc_0_synth_1/prj/sol/.autopilot/db/AXIvideo2MultiPixStream_Pipeline_loop_wait_for_start.tbgen.tcl 
Execute         source /home/alen/repo/zynq-7020-video-pipe-3/hw/video-pipe-hw-v5/hw_011223.runs/bd_41e7_vsc_0_synth_1/prj/sol/.autopilot/db/AXIvideo2MultiPixStream_Pipeline_loop_width.tbgen.tcl 
Execute         source /home/alen/repo/zynq-7020-video-pipe-3/hw/video-pipe-hw-v5/hw_011223.runs/bd_41e7_vsc_0_synth_1/prj/sol/.autopilot/db/AXIvideo2MultiPixStream_Pipeline_loop_wait_for_eol.tbgen.tcl 
Execute         source /home/alen/repo/zynq-7020-video-pipe-3/hw/video-pipe-hw-v5/hw_011223.runs/bd_41e7_vsc_0_synth_1/prj/sol/.autopilot/db/AXIvideo2MultiPixStream.tbgen.tcl 
Execute         source /home/alen/repo/zynq-7020-video-pipe-3/hw/video-pipe-hw-v5/hw_011223.runs/bd_41e7_vsc_0_synth_1/prj/sol/.autopilot/db/v_vcresampler_core_Pipeline_VITIS_LOOP_1057_2.tbgen.tcl 
Execute         source /home/alen/repo/zynq-7020-video-pipe-3/hw/video-pipe-hw-v5/hw_011223.runs/bd_41e7_vsc_0_synth_1/prj/sol/.autopilot/db/v_vcresampler_core.tbgen.tcl 
Execute         source /home/alen/repo/zynq-7020-video-pipe-3/hw/video-pipe-hw-v5/hw_011223.runs/bd_41e7_vsc_0_synth_1/prj/sol/.autopilot/db/vscale_core_polyphase_Pipeline_loop_init_coeff_phase_loop_init_coeff_tap.tbgen.tcl 
Execute         source /home/alen/repo/zynq-7020-video-pipe-3/hw/video-pipe-hw-v5/hw_011223.runs/bd_41e7_vsc_0_synth_1/prj/sol/.autopilot/db/vscale_core_polyphase_Pipeline_loop_width_for_procpix.tbgen.tcl 
Execute         source /home/alen/repo/zynq-7020-video-pipe-3/hw/video-pipe-hw-v5/hw_011223.runs/bd_41e7_vsc_0_synth_1/prj/sol/.autopilot/db/vscale_core_polyphase.tbgen.tcl 
Execute         source /home/alen/repo/zynq-7020-video-pipe-3/hw/video-pipe-hw-v5/hw_011223.runs/bd_41e7_vsc_0_synth_1/prj/sol/.autopilot/db/MultiPixStream2AXIvideo_Pipeline_VITIS_LOOP_940_2.tbgen.tcl 
Execute         source /home/alen/repo/zynq-7020-video-pipe-3/hw/video-pipe-hw-v5/hw_011223.runs/bd_41e7_vsc_0_synth_1/prj/sol/.autopilot/db/MultiPixStream2AXIvideo.tbgen.tcl 
Execute         source /home/alen/repo/zynq-7020-video-pipe-3/hw/video-pipe-hw-v5/hw_011223.runs/bd_41e7_vsc_0_synth_1/prj/sol/.autopilot/db/v_vscaler.tbgen.tcl 
Execute         source /home/alen/repo/zynq-7020-video-pipe-3/hw/video-pipe-hw-v5/hw_011223.runs/bd_41e7_vsc_0_synth_1/prj/sol/.autopilot/db/global.setting.tcl 
Execute         ap_part_info -name xc7z020-clg484-1 -data names -quiet 
Execute         ap_part_info -name xc7z020-clg484-1 -data info -quiet 
Execute         source /home/alen/repo/zynq-7020-video-pipe-3/hw/video-pipe-hw-v5/hw_011223.runs/bd_41e7_vsc_0_synth_1/prj/sol/.autopilot/db/v_vscaler.constraint.tcl 
Execute         sc_get_clocks v_vscaler 
Execute         source /home/alen/repo/zynq-7020-video-pipe-3/hw/video-pipe-hw-v5/hw_011223.runs/bd_41e7_vsc_0_synth_1/prj/sol/.autopilot/db/global.setting.tcl 
INFO-FLOW: DBG:PROC: ::HLSREPORTS::add_csynth_report_sections bind_info_dict='adapter_nodes {{BINDTYPE adapter ID {} IMPL {} LATENCY {} OPTYPE {} PRAGMA {} RTLNAME CTRL_s_axi_U SOURCE {} VARIABLE {} LOOP {} BUNDLEDNAME CTRL DSP 0 BRAM 1 URAM 0 STORAGESUBTYPE s_axilite STORAGESIZE {} STORAGEUSAGE interface DISPNAME {bind_adapter }}} report_dict {TOPINST v_vscaler MODULE2INSTS {v_vscaler v_vscaler Block_entry4_proc Block_entry4_proc_U0 AXIvideo2MultiPixStream AXIvideo2MultiPixStream_U0 AXIvideo2MultiPixStream_Pipeline_loop_wait_for_start grp_AXIvideo2MultiPixStream_Pipeline_loop_wait_for_start_fu_182 reg_unsigned_short_s {grp_reg_unsigned_short_s_fu_259 grp_reg_unsigned_short_s_fu_264 grp_reg_unsigned_short_s_fu_139 grp_reg_unsigned_short_s_fu_145} AXIvideo2MultiPixStream_Pipeline_loop_width grp_AXIvideo2MultiPixStream_Pipeline_loop_width_fu_202 AXIvideo2MultiPixStream_Pipeline_loop_wait_for_eol grp_AXIvideo2MultiPixStream_Pipeline_loop_wait_for_eol_fu_231 v_vcresampler_core v_vcresampler_core_U0 v_vcresampler_core_Pipeline_VITIS_LOOP_1057_2 grp_v_vcresampler_core_Pipeline_VITIS_LOOP_1057_2_fu_178 vscale_core_polyphase vscale_core_polyphase_U0 vscale_core_polyphase_Pipeline_loop_init_coeff_phase_loop_init_coeff_tap grp_vscale_core_polyphase_Pipeline_loop_init_coeff_phase_loop_init_coeff_tap_fu_229 vscale_core_polyphase_Pipeline_loop_width_for_procpix grp_vscale_core_polyphase_Pipeline_loop_width_for_procpix_fu_247 MultiPixStream2AXIvideo MultiPixStream2AXIvideo_U0 MultiPixStream2AXIvideo_Pipeline_VITIS_LOOP_940_2 grp_MultiPixStream2AXIvideo_Pipeline_VITIS_LOOP_940_2_fu_114} INST2MODULE {v_vscaler v_vscaler Block_entry4_proc_U0 Block_entry4_proc AXIvideo2MultiPixStream_U0 AXIvideo2MultiPixStream grp_AXIvideo2MultiPixStream_Pipeline_loop_wait_for_start_fu_182 AXIvideo2MultiPixStream_Pipeline_loop_wait_for_start grp_reg_unsigned_short_s_fu_259 reg_unsigned_short_s grp_reg_unsigned_short_s_fu_264 reg_unsigned_short_s grp_AXIvideo2MultiPixStream_Pipeline_loop_width_fu_202 AXIvideo2MultiPixStream_Pipeline_loop_width grp_AXIvideo2MultiPixStream_Pipeline_loop_wait_for_eol_fu_231 AXIvideo2MultiPixStream_Pipeline_loop_wait_for_eol v_vcresampler_core_U0 v_vcresampler_core grp_v_vcresampler_core_Pipeline_VITIS_LOOP_1057_2_fu_178 v_vcresampler_core_Pipeline_VITIS_LOOP_1057_2 vscale_core_polyphase_U0 vscale_core_polyphase grp_vscale_core_polyphase_Pipeline_loop_init_coeff_phase_loop_init_coeff_tap_fu_229 vscale_core_polyphase_Pipeline_loop_init_coeff_phase_loop_init_coeff_tap grp_vscale_core_polyphase_Pipeline_loop_width_for_procpix_fu_247 vscale_core_polyphase_Pipeline_loop_width_for_procpix MultiPixStream2AXIvideo_U0 MultiPixStream2AXIvideo grp_reg_unsigned_short_s_fu_139 reg_unsigned_short_s grp_reg_unsigned_short_s_fu_145 reg_unsigned_short_s grp_MultiPixStream2AXIvideo_Pipeline_VITIS_LOOP_940_2_fu_114 MultiPixStream2AXIvideo_Pipeline_VITIS_LOOP_940_2} INSTDATA {v_vscaler {DEPTH 1 CHILDREN {Block_entry4_proc_U0 AXIvideo2MultiPixStream_U0 v_vcresampler_core_U0 vscale_core_polyphase_U0 MultiPixStream2AXIvideo_U0}} Block_entry4_proc_U0 {DEPTH 2 CHILDREN {}} AXIvideo2MultiPixStream_U0 {DEPTH 2 CHILDREN {grp_AXIvideo2MultiPixStream_Pipeline_loop_wait_for_start_fu_182 grp_reg_unsigned_short_s_fu_259 grp_reg_unsigned_short_s_fu_264 grp_AXIvideo2MultiPixStream_Pipeline_loop_width_fu_202 grp_AXIvideo2MultiPixStream_Pipeline_loop_wait_for_eol_fu_231}} grp_AXIvideo2MultiPixStream_Pipeline_loop_wait_for_start_fu_182 {DEPTH 3 CHILDREN {}} grp_reg_unsigned_short_s_fu_259 {DEPTH 3 CHILDREN {}} grp_reg_unsigned_short_s_fu_264 {DEPTH 3 CHILDREN {}} grp_AXIvideo2MultiPixStream_Pipeline_loop_width_fu_202 {DEPTH 3 CHILDREN {}} grp_AXIvideo2MultiPixStream_Pipeline_loop_wait_for_eol_fu_231 {DEPTH 3 CHILDREN {}} v_vcresampler_core_U0 {DEPTH 2 CHILDREN grp_v_vcresampler_core_Pipeline_VITIS_LOOP_1057_2_fu_178} grp_v_vcresampler_core_Pipeline_VITIS_LOOP_1057_2_fu_178 {DEPTH 3 CHILDREN {}} vscale_core_polyphase_U0 {DEPTH 2 CHILDREN {grp_vscale_core_polyphase_Pipeline_loop_init_coeff_phase_loop_init_coeff_tap_fu_229 grp_vscale_core_polyphase_Pipeline_loop_width_for_procpix_fu_247}} grp_vscale_core_polyphase_Pipeline_loop_init_coeff_phase_loop_init_coeff_tap_fu_229 {DEPTH 3 CHILDREN {}} grp_vscale_core_polyphase_Pipeline_loop_width_for_procpix_fu_247 {DEPTH 3 CHILDREN {}} MultiPixStream2AXIvideo_U0 {DEPTH 2 CHILDREN {grp_reg_unsigned_short_s_fu_139 grp_reg_unsigned_short_s_fu_145 grp_MultiPixStream2AXIvideo_Pipeline_VITIS_LOOP_940_2_fu_114}} grp_reg_unsigned_short_s_fu_139 {DEPTH 3 CHILDREN {}} grp_reg_unsigned_short_s_fu_145 {DEPTH 3 CHILDREN {}} grp_MultiPixStream2AXIvideo_Pipeline_VITIS_LOOP_940_2_fu_114 {DEPTH 3 CHILDREN {}}} MODULEDATA {AXIvideo2MultiPixStream_Pipeline_loop_width {BINDINFO {{BINDTYPE op ID {} IMPL fabric LATENCY 0 OPTYPE add PRAGMA {} RTLNAME j_4_fu_227_p2 SOURCE /home/alen/repo/zynq-7020-video-pipe-3/hw/video-pipe-hw-v5/hw_011223.runs/bd_41e7_vsc_0_synth_1/prj/sol/.autopilot/db/v_vscaler.cpp:817 VARIABLE j_4 LOOP loop_width BUNDLEDNAME {} DSP 0 BRAM 0 URAM 0 STORAGESUBTYPE {} DISPNAME {bind_op add}}} AREA {DSP 0 BRAM 0 URAM 0}} AXIvideo2MultiPixStream {BINDINFO {{BINDTYPE op ID {} IMPL fabric LATENCY 0 OPTYPE add PRAGMA {} RTLNAME i_4_fu_292_p2 SOURCE /home/alen/repo/zynq-7020-video-pipe-3/hw/video-pipe-hw-v5/hw_011223.runs/bd_41e7_vsc_0_synth_1/prj/sol/.autopilot/db/v_vscaler.cpp:812 VARIABLE i_4 LOOP loop_height BUNDLEDNAME {} DSP 0 BRAM 0 URAM 0 STORAGESUBTYPE {} DISPNAME {bind_op add}}} AREA {DSP 0 BRAM 0 URAM 0}} v_vcresampler_core_Pipeline_VITIS_LOOP_1057_2 {BINDINFO {{BINDTYPE op ID {} IMPL fabric LATENCY 0 OPTYPE add PRAGMA {} RTLNAME add_ln1057_fu_293_p2 SOURCE /home/alen/repo/zynq-7020-video-pipe-3/hw/video-pipe-hw-v5/hw_011223.runs/bd_41e7_vsc_0_synth_1/prj/sol/.autopilot/db/v_vscaler.cpp:1057 VARIABLE add_ln1057 LOOP VITIS_LOOP_1057_2 BUNDLEDNAME {} DSP 0 BRAM 0 URAM 0 STORAGESUBTYPE {} DISPNAME {bind_op add}} {BINDTYPE op ID {} IMPL fabric LATENCY 0 OPTYPE add PRAGMA {} RTLNAME add_ln1196_fu_411_p2 SOURCE /home/alen/repo/zynq-7020-video-pipe-3/hw/video-pipe-hw-v5/hw_011223.runs/bd_41e7_vsc_0_synth_1/prj/sol/.autopilot/db/v_vscaler.cpp:1196 VARIABLE add_ln1196 LOOP VITIS_LOOP_1057_2 BUNDLEDNAME {} DSP 0 BRAM 0 URAM 0 STORAGESUBTYPE {} DISPNAME {bind_op add}}} AREA {DSP 0 BRAM 0 URAM 0}} v_vcresampler_core {BINDINFO {{BINDTYPE storage ID {} IMPL auto LATENCY 1 OPTYPE ram_s2p PRAGMA {} RTLNAME linebuf_y_U SOURCE /home/alen/repo/zynq-7020-video-pipe-3/hw/video-pipe-hw-v5/hw_011223.runs/bd_41e7_vsc_0_synth_1/prj/sol/.autopilot/db/v_vscaler.cpp:1032 VARIABLE linebuf_y LOOP {} BUNDLEDNAME {} DSP 0 BRAM 2 URAM 0 STORAGESUBTYPE {} STORAGESIZE {10 1920 1} STORAGEUSAGE {ram_s2p array} DISPNAME {bind_storage ram_s2p}} {BINDTYPE storage ID {} IMPL auto LATENCY 1 OPTYPE ram_1p PRAGMA {} RTLNAME linebuf_y_1_U SOURCE /home/alen/repo/zynq-7020-video-pipe-3/hw/video-pipe-hw-v5/hw_011223.runs/bd_41e7_vsc_0_synth_1/prj/sol/.autopilot/db/v_vscaler.cpp:1032 VARIABLE linebuf_y_1 LOOP {} BUNDLEDNAME {} DSP 0 BRAM 2 URAM 0 STORAGESUBTYPE {} STORAGESIZE {10 1920 1} STORAGEUSAGE {ram_1p array} DISPNAME {bind_storage ram_1p}} {BINDTYPE storage ID {} IMPL auto LATENCY 1 OPTYPE ram_s2p PRAGMA {} RTLNAME linebuf_c_U SOURCE /home/alen/repo/zynq-7020-video-pipe-3/hw/video-pipe-hw-v5/hw_011223.runs/bd_41e7_vsc_0_synth_1/prj/sol/.autopilot/db/v_vscaler.cpp:1033 VARIABLE linebuf_c LOOP {} BUNDLEDNAME {} DSP 0 BRAM 2 URAM 0 STORAGESUBTYPE {} STORAGESIZE {10 1920 1} STORAGEUSAGE {ram_s2p array} DISPNAME {bind_storage ram_s2p}} {BINDTYPE storage ID {} IMPL auto LATENCY 1 OPTYPE ram_s2p PRAGMA {} RTLNAME linebuf_c_1_U SOURCE /home/alen/repo/zynq-7020-video-pipe-3/hw/video-pipe-hw-v5/hw_011223.runs/bd_41e7_vsc_0_synth_1/prj/sol/.autopilot/db/v_vscaler.cpp:1033 VARIABLE linebuf_c_1 LOOP {} BUNDLEDNAME {} DSP 0 BRAM 2 URAM 0 STORAGESUBTYPE {} STORAGESIZE {10 1920 1} STORAGEUSAGE {ram_s2p array} DISPNAME {bind_storage ram_s2p}} {BINDTYPE storage ID {} IMPL auto LATENCY 1 OPTYPE ram_1p PRAGMA {} RTLNAME linebuf_c_2_U SOURCE /home/alen/repo/zynq-7020-video-pipe-3/hw/video-pipe-hw-v5/hw_011223.runs/bd_41e7_vsc_0_synth_1/prj/sol/.autopilot/db/v_vscaler.cpp:1033 VARIABLE linebuf_c_2 LOOP {} BUNDLEDNAME {} DSP 0 BRAM 2 URAM 0 STORAGESUBTYPE {} STORAGESIZE {10 1920 1} STORAGEUSAGE {ram_1p array} DISPNAME {bind_storage ram_1p}} {BINDTYPE op ID {} IMPL fabric LATENCY 0 OPTYPE add PRAGMA {} RTLNAME add_ln1055_1_fu_258_p2 SOURCE /home/alen/repo/zynq-7020-video-pipe-3/hw/video-pipe-hw-v5/hw_011223.runs/bd_41e7_vsc_0_synth_1/prj/sol/.autopilot/db/v_vscaler.cpp:1055 VARIABLE add_ln1055_1 LOOP {} BUNDLEDNAME {} DSP 0 BRAM 0 URAM 0 STORAGESUBTYPE {} DISPNAME {bind_op add}} {BINDTYPE op ID {} IMPL fabric LATENCY 0 OPTYPE add PRAGMA {} RTLNAME add_ln1055_fu_272_p2 SOURCE /home/alen/repo/zynq-7020-video-pipe-3/hw/video-pipe-hw-v5/hw_011223.runs/bd_41e7_vsc_0_synth_1/prj/sol/.autopilot/db/v_vscaler.cpp:1055 VARIABLE add_ln1055 LOOP VITIS_LOOP_1055_1 BUNDLEDNAME {} DSP 0 BRAM 0 URAM 0 STORAGESUBTYPE {} DISPNAME {bind_op add}} {BINDTYPE op ID {} IMPL fabric LATENCY 0 OPTYPE sub PRAGMA {} RTLNAME out_y_fu_286_p2 SOURCE /home/alen/repo/zynq-7020-video-pipe-3/hw/video-pipe-hw-v5/hw_011223.runs/bd_41e7_vsc_0_synth_1/prj/sol/.autopilot/db/v_vscaler.cpp:1016 VARIABLE out_y LOOP VITIS_LOOP_1055_1 BUNDLEDNAME {} DSP 0 BRAM 0 URAM 0 STORAGESUBTYPE {} DISPNAME {bind_op sub}}} AREA {DSP 0 BRAM 10 URAM 0}} vscale_core_polyphase_Pipeline_loop_init_coeff_phase_loop_init_coeff_tap {BINDINFO {{BINDTYPE op ID {} IMPL fabric LATENCY 0 OPTYPE add PRAGMA {} RTLNAME add_ln249_1_fu_205_p2 SOURCE /home/alen/repo/zynq-7020-video-pipe-3/hw/video-pipe-hw-v5/hw_011223.runs/bd_41e7_vsc_0_synth_1/prj/sol/.autopilot/db/v_vscaler.cpp:249 VARIABLE add_ln249_1 LOOP loop_init_coeff_phase_loop_init_coeff_tap BUNDLEDNAME {} DSP 0 BRAM 0 URAM 0 STORAGESUBTYPE {} DISPNAME {bind_op add}} {BINDTYPE op ID {} IMPL fabric LATENCY 0 OPTYPE add PRAGMA {} RTLNAME add_ln249_fu_217_p2 SOURCE /home/alen/repo/zynq-7020-video-pipe-3/hw/video-pipe-hw-v5/hw_011223.runs/bd_41e7_vsc_0_synth_1/prj/sol/.autopilot/db/v_vscaler.cpp:249 VARIABLE add_ln249 LOOP loop_init_coeff_phase_loop_init_coeff_tap BUNDLEDNAME {} DSP 0 BRAM 0 URAM 0 STORAGESUBTYPE {} DISPNAME {bind_op add}} {BINDTYPE op ID {} IMPL fabric LATENCY 0 OPTYPE add PRAGMA {} RTLNAME add_ln252_fu_249_p2 SOURCE /home/alen/repo/zynq-7020-video-pipe-3/hw/video-pipe-hw-v5/hw_011223.runs/bd_41e7_vsc_0_synth_1/prj/sol/.autopilot/db/v_vscaler.cpp:252 VARIABLE add_ln252 LOOP loop_init_coeff_phase_loop_init_coeff_tap BUNDLEDNAME {} DSP 0 BRAM 0 URAM 0 STORAGESUBTYPE {} DISPNAME {bind_op add}}} AREA {DSP 0 BRAM 0 URAM 0}} vscale_core_polyphase_Pipeline_loop_width_for_procpix {BINDINFO {{BINDTYPE op ID {} IMPL fabric LATENCY 0 OPTYPE add PRAGMA {} RTLNAME add_ln297_fu_580_p2 SOURCE /home/alen/repo/zynq-7020-video-pipe-3/hw/video-pipe-hw-v5/hw_011223.runs/bd_41e7_vsc_0_synth_1/prj/sol/.autopilot/db/v_vscaler.cpp:297 VARIABLE add_ln297 LOOP loop_width_for_procpix BUNDLEDNAME {} DSP 0 BRAM 0 URAM 0 STORAGESUBTYPE {} DISPNAME {bind_op add}} {BINDTYPE op ID {} IMPL dsp_slice LATENCY 3 OPTYPE mul PRAGMA {} RTLNAME mac_muladd_16s_10ns_12ns_26_4_1_U110 SOURCE /home/alen/repo/zynq-7020-video-pipe-3/hw/video-pipe-hw-v5/hw_011223.runs/bd_41e7_vsc_0_synth_1/prj/sol/.autopilot/db/v_vscaler.cpp:394 VARIABLE mul_ln394 LOOP loop_width_for_procpix BUNDLEDNAME {} DSP 1 BRAM 0 URAM 0 STORAGESUBTYPE {} DISPNAME {bind_op mul}} {BINDTYPE op ID {} IMPL dsp_slice LATENCY 3 OPTYPE mul PRAGMA {} RTLNAME mac_muladd_16s_10ns_26s_27_4_1_U113 SOURCE /home/alen/repo/zynq-7020-video-pipe-3/hw/video-pipe-hw-v5/hw_011223.runs/bd_41e7_vsc_0_synth_1/prj/sol/.autopilot/db/v_vscaler.cpp:394 VARIABLE mul_ln394_1 LOOP loop_width_for_procpix BUNDLEDNAME {} DSP 1 BRAM 0 URAM 0 STORAGESUBTYPE {} DISPNAME {bind_op mul}} {BINDTYPE op ID {} IMPL dsp_slice LATENCY 3 OPTYPE mul PRAGMA {} RTLNAME mac_muladd_16s_10ns_27s_28_4_1_U116 SOURCE /home/alen/repo/zynq-7020-video-pipe-3/hw/video-pipe-hw-v5/hw_011223.runs/bd_41e7_vsc_0_synth_1/prj/sol/.autopilot/db/v_vscaler.cpp:394 VARIABLE mul_ln394_2 LOOP loop_width_for_procpix BUNDLEDNAME {} DSP 1 BRAM 0 URAM 0 STORAGESUBTYPE {} DISPNAME {bind_op mul}} {BINDTYPE op ID {} IMPL dsp_slice LATENCY 3 OPTYPE mul PRAGMA {} RTLNAME mac_muladd_16s_10ns_28s_28_4_1_U119 SOURCE /home/alen/repo/zynq-7020-video-pipe-3/hw/video-pipe-hw-v5/hw_011223.runs/bd_41e7_vsc_0_synth_1/prj/sol/.autopilot/db/v_vscaler.cpp:394 VARIABLE mul_ln394_3 LOOP loop_width_for_procpix BUNDLEDNAME {} DSP 1 BRAM 0 URAM 0 STORAGESUBTYPE {} DISPNAME {bind_op mul}} {BINDTYPE op ID {} IMPL dsp_slice LATENCY 3 OPTYPE mul PRAGMA {} RTLNAME mac_muladd_16s_10ns_28s_29_4_1_U122 SOURCE /home/alen/repo/zynq-7020-video-pipe-3/hw/video-pipe-hw-v5/hw_011223.runs/bd_41e7_vsc_0_synth_1/prj/sol/.autopilot/db/v_vscaler.cpp:394 VARIABLE mul_ln394_4 LOOP loop_width_for_procpix BUNDLEDNAME {} DSP 1 BRAM 0 URAM 0 STORAGESUBTYPE {} DISPNAME {bind_op mul}} {BINDTYPE op ID {} IMPL dsp_slice LATENCY 3 OPTYPE mul PRAGMA {} RTLNAME mac_muladd_16s_10ns_29s_29_4_1_U125 SOURCE /home/alen/repo/zynq-7020-video-pipe-3/hw/video-pipe-hw-v5/hw_011223.runs/bd_41e7_vsc_0_synth_1/prj/sol/.autopilot/db/v_vscaler.cpp:394 VARIABLE mul_ln394_5 LOOP loop_width_for_procpix BUNDLEDNAME {} DSP 1 BRAM 0 URAM 0 STORAGESUBTYPE {} DISPNAME {bind_op mul}} {BINDTYPE op ID {} IMPL dsp_slice LATENCY 3 OPTYPE add PRAGMA {} RTLNAME mac_muladd_16s_10ns_12ns_26_4_1_U110 SOURCE /home/alen/repo/zynq-7020-video-pipe-3/hw/video-pipe-hw-v5/hw_011223.runs/bd_41e7_vsc_0_synth_1/prj/sol/.autopilot/db/v_vscaler.cpp:394 VARIABLE add_ln394 LOOP loop_width_for_procpix BUNDLEDNAME {} DSP 1 BRAM 0 URAM 0 STORAGESUBTYPE {} DISPNAME {bind_op add}} {BINDTYPE op ID {} IMPL dsp_slice LATENCY 3 OPTYPE add PRAGMA {} RTLNAME mac_muladd_16s_10ns_26s_27_4_1_U113 SOURCE /home/alen/repo/zynq-7020-video-pipe-3/hw/video-pipe-hw-v5/hw_011223.runs/bd_41e7_vsc_0_synth_1/prj/sol/.autopilot/db/v_vscaler.cpp:394 VARIABLE add_ln394_1 LOOP loop_width_for_procpix BUNDLEDNAME {} DSP 1 BRAM 0 URAM 0 STORAGESUBTYPE {} DISPNAME {bind_op add}} {BINDTYPE op ID {} IMPL dsp_slice LATENCY 3 OPTYPE add PRAGMA {} RTLNAME mac_muladd_16s_10ns_27s_28_4_1_U116 SOURCE /home/alen/repo/zynq-7020-video-pipe-3/hw/video-pipe-hw-v5/hw_011223.runs/bd_41e7_vsc_0_synth_1/prj/sol/.autopilot/db/v_vscaler.cpp:394 VARIABLE add_ln394_2 LOOP loop_width_for_procpix BUNDLEDNAME {} DSP 1 BRAM 0 URAM 0 STORAGESUBTYPE {} DISPNAME {bind_op add}} {BINDTYPE op ID {} IMPL dsp_slice LATENCY 3 OPTYPE add PRAGMA {} RTLNAME mac_muladd_16s_10ns_28s_28_4_1_U119 SOURCE /home/alen/repo/zynq-7020-video-pipe-3/hw/video-pipe-hw-v5/hw_011223.runs/bd_41e7_vsc_0_synth_1/prj/sol/.autopilot/db/v_vscaler.cpp:394 VARIABLE add_ln394_3 LOOP loop_width_for_procpix BUNDLEDNAME {} DSP 1 BRAM 0 URAM 0 STORAGESUBTYPE {} DISPNAME {bind_op add}} {BINDTYPE op ID {} IMPL dsp_slice LATENCY 3 OPTYPE add PRAGMA {} RTLNAME mac_muladd_16s_10ns_28s_29_4_1_U122 SOURCE /home/alen/repo/zynq-7020-video-pipe-3/hw/video-pipe-hw-v5/hw_011223.runs/bd_41e7_vsc_0_synth_1/prj/sol/.autopilot/db/v_vscaler.cpp:394 VARIABLE add_ln394_4 LOOP loop_width_for_procpix BUNDLEDNAME {} DSP 1 BRAM 0 URAM 0 STORAGESUBTYPE {} DISPNAME {bind_op add}} {BINDTYPE op ID {} IMPL dsp_slice LATENCY 3 OPTYPE add PRAGMA {} RTLNAME mac_muladd_16s_10ns_29s_29_4_1_U125 SOURCE /home/alen/repo/zynq-7020-video-pipe-3/hw/video-pipe-hw-v5/hw_011223.runs/bd_41e7_vsc_0_synth_1/prj/sol/.autopilot/db/v_vscaler.cpp:394 VARIABLE sum LOOP loop_width_for_procpix BUNDLEDNAME {} DSP 1 BRAM 0 URAM 0 STORAGESUBTYPE {} DISPNAME {bind_op add}} {BINDTYPE op ID {} IMPL dsp_slice LATENCY 3 OPTYPE mul PRAGMA {} RTLNAME mac_muladd_16s_10ns_12ns_26_4_1_U111 SOURCE /home/alen/repo/zynq-7020-video-pipe-3/hw/video-pipe-hw-v5/hw_011223.runs/bd_41e7_vsc_0_synth_1/prj/sol/.autopilot/db/v_vscaler.cpp:394 VARIABLE mul_ln394_6 LOOP loop_width_for_procpix BUNDLEDNAME {} DSP 1 BRAM 0 URAM 0 STORAGESUBTYPE {} DISPNAME {bind_op mul}} {BINDTYPE op ID {} IMPL dsp_slice LATENCY 3 OPTYPE mul PRAGMA {} RTLNAME mac_muladd_16s_10ns_26s_27_4_1_U114 SOURCE /home/alen/repo/zynq-7020-video-pipe-3/hw/video-pipe-hw-v5/hw_011223.runs/bd_41e7_vsc_0_synth_1/prj/sol/.autopilot/db/v_vscaler.cpp:394 VARIABLE mul_ln394_7 LOOP loop_width_for_procpix BUNDLEDNAME {} DSP 1 BRAM 0 URAM 0 STORAGESUBTYPE {} DISPNAME {bind_op mul}} {BINDTYPE op ID {} IMPL dsp_slice LATENCY 3 OPTYPE mul PRAGMA {} RTLNAME mac_muladd_16s_10ns_27s_28_4_1_U117 SOURCE /home/alen/repo/zynq-7020-video-pipe-3/hw/video-pipe-hw-v5/hw_011223.runs/bd_41e7_vsc_0_synth_1/prj/sol/.autopilot/db/v_vscaler.cpp:394 VARIABLE mul_ln394_8 LOOP loop_width_for_procpix BUNDLEDNAME {} DSP 1 BRAM 0 URAM 0 STORAGESUBTYPE {} DISPNAME {bind_op mul}} {BINDTYPE op ID {} IMPL dsp_slice LATENCY 3 OPTYPE mul PRAGMA {} RTLNAME mac_muladd_16s_10ns_28s_28_4_1_U120 SOURCE /home/alen/repo/zynq-7020-video-pipe-3/hw/video-pipe-hw-v5/hw_011223.runs/bd_41e7_vsc_0_synth_1/prj/sol/.autopilot/db/v_vscaler.cpp:394 VARIABLE mul_ln394_9 LOOP loop_width_for_procpix BUNDLEDNAME {} DSP 1 BRAM 0 URAM 0 STORAGESUBTYPE {} DISPNAME {bind_op mul}} {BINDTYPE op ID {} IMPL dsp_slice LATENCY 3 OPTYPE mul PRAGMA {} RTLNAME mac_muladd_16s_10ns_28s_29_4_1_U123 SOURCE /home/alen/repo/zynq-7020-video-pipe-3/hw/video-pipe-hw-v5/hw_011223.runs/bd_41e7_vsc_0_synth_1/prj/sol/.autopilot/db/v_vscaler.cpp:394 VARIABLE mul_ln394_10 LOOP loop_width_for_procpix BUNDLEDNAME {} DSP 1 BRAM 0 URAM 0 STORAGESUBTYPE {} DISPNAME {bind_op mul}} {BINDTYPE op ID {} IMPL dsp_slice LATENCY 3 OPTYPE mul PRAGMA {} RTLNAME mac_muladd_16s_10ns_29s_29_4_1_U126 SOURCE /home/alen/repo/zynq-7020-video-pipe-3/hw/video-pipe-hw-v5/hw_011223.runs/bd_41e7_vsc_0_synth_1/prj/sol/.autopilot/db/v_vscaler.cpp:394 VARIABLE mul_ln394_11 LOOP loop_width_for_procpix BUNDLEDNAME {} DSP 1 BRAM 0 URAM 0 STORAGESUBTYPE {} DISPNAME {bind_op mul}} {BINDTYPE op ID {} IMPL dsp_slice LATENCY 3 OPTYPE add PRAGMA {} RTLNAME mac_muladd_16s_10ns_12ns_26_4_1_U111 SOURCE /home/alen/repo/zynq-7020-video-pipe-3/hw/video-pipe-hw-v5/hw_011223.runs/bd_41e7_vsc_0_synth_1/prj/sol/.autopilot/db/v_vscaler.cpp:394 VARIABLE add_ln394_6 LOOP loop_width_for_procpix BUNDLEDNAME {} DSP 1 BRAM 0 URAM 0 STORAGESUBTYPE {} DISPNAME {bind_op add}} {BINDTYPE op ID {} IMPL dsp_slice LATENCY 3 OPTYPE add PRAGMA {} RTLNAME mac_muladd_16s_10ns_26s_27_4_1_U114 SOURCE /home/alen/repo/zynq-7020-video-pipe-3/hw/video-pipe-hw-v5/hw_011223.runs/bd_41e7_vsc_0_synth_1/prj/sol/.autopilot/db/v_vscaler.cpp:394 VARIABLE add_ln394_7 LOOP loop_width_for_procpix BUNDLEDNAME {} DSP 1 BRAM 0 URAM 0 STORAGESUBTYPE {} DISPNAME {bind_op add}} {BINDTYPE op ID {} IMPL dsp_slice LATENCY 3 OPTYPE add PRAGMA {} RTLNAME mac_muladd_16s_10ns_27s_28_4_1_U117 SOURCE /home/alen/repo/zynq-7020-video-pipe-3/hw/video-pipe-hw-v5/hw_011223.runs/bd_41e7_vsc_0_synth_1/prj/sol/.autopilot/db/v_vscaler.cpp:394 VARIABLE add_ln394_8 LOOP loop_width_for_procpix BUNDLEDNAME {} DSP 1 BRAM 0 URAM 0 STORAGESUBTYPE {} DISPNAME {bind_op add}} {BINDTYPE op ID {} IMPL dsp_slice LATENCY 3 OPTYPE add PRAGMA {} RTLNAME mac_muladd_16s_10ns_28s_28_4_1_U120 SOURCE /home/alen/repo/zynq-7020-video-pipe-3/hw/video-pipe-hw-v5/hw_011223.runs/bd_41e7_vsc_0_synth_1/prj/sol/.autopilot/db/v_vscaler.cpp:394 VARIABLE add_ln394_9 LOOP loop_width_for_procpix BUNDLEDNAME {} DSP 1 BRAM 0 URAM 0 STORAGESUBTYPE {} DISPNAME {bind_op add}} {BINDTYPE op ID {} IMPL dsp_slice LATENCY 3 OPTYPE add PRAGMA {} RTLNAME mac_muladd_16s_10ns_28s_29_4_1_U123 SOURCE /home/alen/repo/zynq-7020-video-pipe-3/hw/video-pipe-hw-v5/hw_011223.runs/bd_41e7_vsc_0_synth_1/prj/sol/.autopilot/db/v_vscaler.cpp:394 VARIABLE add_ln394_10 LOOP loop_width_for_procpix BUNDLEDNAME {} DSP 1 BRAM 0 URAM 0 STORAGESUBTYPE {} DISPNAME {bind_op add}} {BINDTYPE op ID {} IMPL dsp_slice LATENCY 3 OPTYPE add PRAGMA {} RTLNAME mac_muladd_16s_10ns_29s_29_4_1_U126 SOURCE /home/alen/repo/zynq-7020-video-pipe-3/hw/video-pipe-hw-v5/hw_011223.runs/bd_41e7_vsc_0_synth_1/prj/sol/.autopilot/db/v_vscaler.cpp:394 VARIABLE sum_1 LOOP loop_width_for_procpix BUNDLEDNAME {} DSP 1 BRAM 0 URAM 0 STORAGESUBTYPE {} DISPNAME {bind_op add}} {BINDTYPE op ID {} IMPL dsp_slice LATENCY 3 OPTYPE mul PRAGMA {} RTLNAME mac_muladd_16s_10ns_12ns_26_4_1_U112 SOURCE /home/alen/repo/zynq-7020-video-pipe-3/hw/video-pipe-hw-v5/hw_011223.runs/bd_41e7_vsc_0_synth_1/prj/sol/.autopilot/db/v_vscaler.cpp:394 VARIABLE mul_ln394_12 LOOP loop_width_for_procpix BUNDLEDNAME {} DSP 1 BRAM 0 URAM 0 STORAGESUBTYPE {} DISPNAME {bind_op mul}} {BINDTYPE op ID {} IMPL dsp_slice LATENCY 3 OPTYPE mul PRAGMA {} RTLNAME mac_muladd_16s_10ns_26s_27_4_1_U115 SOURCE /home/alen/repo/zynq-7020-video-pipe-3/hw/video-pipe-hw-v5/hw_011223.runs/bd_41e7_vsc_0_synth_1/prj/sol/.autopilot/db/v_vscaler.cpp:394 VARIABLE mul_ln394_13 LOOP loop_width_for_procpix BUNDLEDNAME {} DSP 1 BRAM 0 URAM 0 STORAGESUBTYPE {} DISPNAME {bind_op mul}} {BINDTYPE op ID {} IMPL dsp_slice LATENCY 3 OPTYPE mul PRAGMA {} RTLNAME mac_muladd_16s_10ns_27s_28_4_1_U118 SOURCE /home/alen/repo/zynq-7020-video-pipe-3/hw/video-pipe-hw-v5/hw_011223.runs/bd_41e7_vsc_0_synth_1/prj/sol/.autopilot/db/v_vscaler.cpp:394 VARIABLE mul_ln394_14 LOOP loop_width_for_procpix BUNDLEDNAME {} DSP 1 BRAM 0 URAM 0 STORAGESUBTYPE {} DISPNAME {bind_op mul}} {BINDTYPE op ID {} IMPL dsp_slice LATENCY 3 OPTYPE mul PRAGMA {} RTLNAME mac_muladd_16s_10ns_28s_28_4_1_U121 SOURCE /home/alen/repo/zynq-7020-video-pipe-3/hw/video-pipe-hw-v5/hw_011223.runs/bd_41e7_vsc_0_synth_1/prj/sol/.autopilot/db/v_vscaler.cpp:394 VARIABLE mul_ln394_15 LOOP loop_width_for_procpix BUNDLEDNAME {} DSP 1 BRAM 0 URAM 0 STORAGESUBTYPE {} DISPNAME {bind_op mul}} {BINDTYPE op ID {} IMPL dsp_slice LATENCY 3 OPTYPE mul PRAGMA {} RTLNAME mac_muladd_16s_10ns_28s_29_4_1_U124 SOURCE /home/alen/repo/zynq-7020-video-pipe-3/hw/video-pipe-hw-v5/hw_011223.runs/bd_41e7_vsc_0_synth_1/prj/sol/.autopilot/db/v_vscaler.cpp:394 VARIABLE mul_ln394_16 LOOP loop_width_for_procpix BUNDLEDNAME {} DSP 1 BRAM 0 URAM 0 STORAGESUBTYPE {} DISPNAME {bind_op mul}} {BINDTYPE op ID {} IMPL dsp_slice LATENCY 3 OPTYPE mul PRAGMA {} RTLNAME mac_muladd_16s_10ns_29s_29_4_1_U127 SOURCE /home/alen/repo/zynq-7020-video-pipe-3/hw/video-pipe-hw-v5/hw_011223.runs/bd_41e7_vsc_0_synth_1/prj/sol/.autopilot/db/v_vscaler.cpp:394 VARIABLE mul_ln394_17 LOOP loop_width_for_procpix BUNDLEDNAME {} DSP 1 BRAM 0 URAM 0 STORAGESUBTYPE {} DISPNAME {bind_op mul}} {BINDTYPE op ID {} IMPL dsp_slice LATENCY 3 OPTYPE add PRAGMA {} RTLNAME mac_muladd_16s_10ns_12ns_26_4_1_U112 SOURCE /home/alen/repo/zynq-7020-video-pipe-3/hw/video-pipe-hw-v5/hw_011223.runs/bd_41e7_vsc_0_synth_1/prj/sol/.autopilot/db/v_vscaler.cpp:394 VARIABLE add_ln394_12 LOOP loop_width_for_procpix BUNDLEDNAME {} DSP 1 BRAM 0 URAM 0 STORAGESUBTYPE {} DISPNAME {bind_op add}} {BINDTYPE op ID {} IMPL dsp_slice LATENCY 3 OPTYPE add PRAGMA {} RTLNAME mac_muladd_16s_10ns_26s_27_4_1_U115 SOURCE /home/alen/repo/zynq-7020-video-pipe-3/hw/video-pipe-hw-v5/hw_011223.runs/bd_41e7_vsc_0_synth_1/prj/sol/.autopilot/db/v_vscaler.cpp:394 VARIABLE add_ln394_13 LOOP loop_width_for_procpix BUNDLEDNAME {} DSP 1 BRAM 0 URAM 0 STORAGESUBTYPE {} DISPNAME {bind_op add}} {BINDTYPE op ID {} IMPL dsp_slice LATENCY 3 OPTYPE add PRAGMA {} RTLNAME mac_muladd_16s_10ns_27s_28_4_1_U118 SOURCE /home/alen/repo/zynq-7020-video-pipe-3/hw/video-pipe-hw-v5/hw_011223.runs/bd_41e7_vsc_0_synth_1/prj/sol/.autopilot/db/v_vscaler.cpp:394 VARIABLE add_ln394_14 LOOP loop_width_for_procpix BUNDLEDNAME {} DSP 1 BRAM 0 URAM 0 STORAGESUBTYPE {} DISPNAME {bind_op add}} {BINDTYPE op ID {} IMPL dsp_slice LATENCY 3 OPTYPE add PRAGMA {} RTLNAME mac_muladd_16s_10ns_28s_28_4_1_U121 SOURCE /home/alen/repo/zynq-7020-video-pipe-3/hw/video-pipe-hw-v5/hw_011223.runs/bd_41e7_vsc_0_synth_1/prj/sol/.autopilot/db/v_vscaler.cpp:394 VARIABLE add_ln394_15 LOOP loop_width_for_procpix BUNDLEDNAME {} DSP 1 BRAM 0 URAM 0 STORAGESUBTYPE {} DISPNAME {bind_op add}} {BINDTYPE op ID {} IMPL dsp_slice LATENCY 3 OPTYPE add PRAGMA {} RTLNAME mac_muladd_16s_10ns_28s_29_4_1_U124 SOURCE /home/alen/repo/zynq-7020-video-pipe-3/hw/video-pipe-hw-v5/hw_011223.runs/bd_41e7_vsc_0_synth_1/prj/sol/.autopilot/db/v_vscaler.cpp:394 VARIABLE add_ln394_16 LOOP loop_width_for_procpix BUNDLEDNAME {} DSP 1 BRAM 0 URAM 0 STORAGESUBTYPE {} DISPNAME {bind_op add}} {BINDTYPE op ID {} IMPL dsp_slice LATENCY 3 OPTYPE add PRAGMA {} RTLNAME mac_muladd_16s_10ns_29s_29_4_1_U127 SOURCE /home/alen/repo/zynq-7020-video-pipe-3/hw/video-pipe-hw-v5/hw_011223.runs/bd_41e7_vsc_0_synth_1/prj/sol/.autopilot/db/v_vscaler.cpp:394 VARIABLE sum_2 LOOP loop_width_for_procpix BUNDLEDNAME {} DSP 1 BRAM 0 URAM 0 STORAGESUBTYPE {} DISPNAME {bind_op add}}} AREA {DSP 18 BRAM 0 URAM 0}} vscale_core_polyphase {BINDINFO {{BINDTYPE storage ID {} IMPL lutram LATENCY 1 OPTYPE ram_1p PRAGMA yes RTLNAME FiltCoeff_U SOURCE /home/alen/repo/zynq-7020-video-pipe-3/hw/video-pipe-hw-v5/hw_011223.runs/bd_41e7_vsc_0_synth_1/prj/sol/.autopilot/db/v_vscaler.cpp:213 VARIABLE FiltCoeff LOOP {} BUNDLEDNAME {} DSP 0 BRAM 0 URAM 0 STORAGESUBTYPE {} STORAGESIZE {16 64 1} STORAGEUSAGE {ram_1p array} DISPNAME {bind_storage ram_1p}} {BINDTYPE storage ID {} IMPL lutram LATENCY 1 OPTYPE ram_1p PRAGMA yes RTLNAME FiltCoeff_1_U SOURCE /home/alen/repo/zynq-7020-video-pipe-3/hw/video-pipe-hw-v5/hw_011223.runs/bd_41e7_vsc_0_synth_1/prj/sol/.autopilot/db/v_vscaler.cpp:213 VARIABLE FiltCoeff_1 LOOP {} BUNDLEDNAME {} DSP 0 BRAM 0 URAM 0 STORAGESUBTYPE {} STORAGESIZE {16 64 1} STORAGEUSAGE {ram_1p array} DISPNAME {bind_storage ram_1p}} {BINDTYPE storage ID {} IMPL lutram LATENCY 1 OPTYPE ram_1p PRAGMA yes RTLNAME FiltCoeff_2_U SOURCE /home/alen/repo/zynq-7020-video-pipe-3/hw/video-pipe-hw-v5/hw_011223.runs/bd_41e7_vsc_0_synth_1/prj/sol/.autopilot/db/v_vscaler.cpp:213 VARIABLE FiltCoeff_2 LOOP {} BUNDLEDNAME {} DSP 0 BRAM 0 URAM 0 STORAGESUBTYPE {} STORAGESIZE {16 64 1} STORAGEUSAGE {ram_1p array} DISPNAME {bind_storage ram_1p}} {BINDTYPE storage ID {} IMPL lutram LATENCY 1 OPTYPE ram_1p PRAGMA yes RTLNAME FiltCoeff_3_U SOURCE /home/alen/repo/zynq-7020-video-pipe-3/hw/video-pipe-hw-v5/hw_011223.runs/bd_41e7_vsc_0_synth_1/prj/sol/.autopilot/db/v_vscaler.cpp:213 VARIABLE FiltCoeff_3 LOOP {} BUNDLEDNAME {} DSP 0 BRAM 0 URAM 0 STORAGESUBTYPE {} STORAGESIZE {16 64 1} STORAGEUSAGE {ram_1p array} DISPNAME {bind_storage ram_1p}} {BINDTYPE storage ID {} IMPL lutram LATENCY 1 OPTYPE ram_1p PRAGMA yes RTLNAME FiltCoeff_4_U SOURCE /home/alen/repo/zynq-7020-video-pipe-3/hw/video-pipe-hw-v5/hw_011223.runs/bd_41e7_vsc_0_synth_1/prj/sol/.autopilot/db/v_vscaler.cpp:213 VARIABLE FiltCoeff_4 LOOP {} BUNDLEDNAME {} DSP 0 BRAM 0 URAM 0 STORAGESUBTYPE {} STORAGESIZE {16 64 1} STORAGEUSAGE {ram_1p array} DISPNAME {bind_storage ram_1p}} {BINDTYPE storage ID {} IMPL lutram LATENCY 1 OPTYPE ram_1p PRAGMA yes RTLNAME FiltCoeff_5_U SOURCE /home/alen/repo/zynq-7020-video-pipe-3/hw/video-pipe-hw-v5/hw_011223.runs/bd_41e7_vsc_0_synth_1/prj/sol/.autopilot/db/v_vscaler.cpp:213 VARIABLE FiltCoeff_5 LOOP {} BUNDLEDNAME {} DSP 0 BRAM 0 URAM 0 STORAGESUBTYPE {} STORAGESIZE {16 64 1} STORAGEUSAGE {ram_1p array} DISPNAME {bind_storage ram_1p}} {BINDTYPE storage ID {} IMPL auto LATENCY 1 OPTYPE ram_s2p PRAGMA {} RTLNAME LineBuf_U SOURCE /home/alen/repo/zynq-7020-video-pipe-3/hw/video-pipe-hw-v5/hw_011223.runs/bd_41e7_vsc_0_synth_1/prj/sol/.autopilot/db/v_vscaler.cpp:214 VARIABLE LineBuf LOOP {} BUNDLEDNAME {} DSP 0 BRAM 4 URAM 0 STORAGESUBTYPE {} STORAGESIZE {30 1920 1} STORAGEUSAGE {ram_s2p array} DISPNAME {bind_storage ram_s2p}} {BINDTYPE storage ID {} IMPL auto LATENCY 1 OPTYPE ram_s2p PRAGMA {} RTLNAME LineBuf_1_U SOURCE /home/alen/repo/zynq-7020-video-pipe-3/hw/video-pipe-hw-v5/hw_011223.runs/bd_41e7_vsc_0_synth_1/prj/sol/.autopilot/db/v_vscaler.cpp:214 VARIABLE LineBuf_1 LOOP {} BUNDLEDNAME {} DSP 0 BRAM 4 URAM 0 STORAGESUBTYPE {} STORAGESIZE {30 1920 1} STORAGEUSAGE {ram_s2p array} DISPNAME {bind_storage ram_s2p}} {BINDTYPE storage ID {} IMPL auto LATENCY 1 OPTYPE ram_s2p PRAGMA {} RTLNAME LineBuf_2_U SOURCE /home/alen/repo/zynq-7020-video-pipe-3/hw/video-pipe-hw-v5/hw_011223.runs/bd_41e7_vsc_0_synth_1/prj/sol/.autopilot/db/v_vscaler.cpp:214 VARIABLE LineBuf_2 LOOP {} BUNDLEDNAME {} DSP 0 BRAM 4 URAM 0 STORAGESUBTYPE {} STORAGESIZE {30 1920 1} STORAGEUSAGE {ram_s2p array} DISPNAME {bind_storage ram_s2p}} {BINDTYPE storage ID {} IMPL auto LATENCY 1 OPTYPE ram_s2p PRAGMA {} RTLNAME LineBuf_3_U SOURCE /home/alen/repo/zynq-7020-video-pipe-3/hw/video-pipe-hw-v5/hw_011223.runs/bd_41e7_vsc_0_synth_1/prj/sol/.autopilot/db/v_vscaler.cpp:214 VARIABLE LineBuf_3 LOOP {} BUNDLEDNAME {} DSP 0 BRAM 4 URAM 0 STORAGESUBTYPE {} STORAGESIZE {30 1920 1} STORAGEUSAGE {ram_s2p array} DISPNAME {bind_storage ram_s2p}} {BINDTYPE storage ID {} IMPL auto LATENCY 1 OPTYPE ram_s2p PRAGMA {} RTLNAME LineBuf_4_U SOURCE /home/alen/repo/zynq-7020-video-pipe-3/hw/video-pipe-hw-v5/hw_011223.runs/bd_41e7_vsc_0_synth_1/prj/sol/.autopilot/db/v_vscaler.cpp:214 VARIABLE LineBuf_4 LOOP {} BUNDLEDNAME {} DSP 0 BRAM 4 URAM 0 STORAGESUBTYPE {} STORAGESIZE {30 1920 1} STORAGEUSAGE {ram_s2p array} DISPNAME {bind_storage ram_s2p}} {BINDTYPE storage ID {} IMPL auto LATENCY 1 OPTYPE ram_s2p PRAGMA {} RTLNAME LineBuf_5_U SOURCE /home/alen/repo/zynq-7020-video-pipe-3/hw/video-pipe-hw-v5/hw_011223.runs/bd_41e7_vsc_0_synth_1/prj/sol/.autopilot/db/v_vscaler.cpp:214 VARIABLE LineBuf_5 LOOP {} BUNDLEDNAME {} DSP 0 BRAM 4 URAM 0 STORAGESUBTYPE {} STORAGESIZE {30 1920 1} STORAGEUSAGE {ram_s2p array} DISPNAME {bind_storage ram_s2p}} {BINDTYPE op ID {} IMPL fabric LATENCY 0 OPTYPE add PRAGMA {} RTLNAME YLoopSize_fu_308_p2 SOURCE /home/alen/repo/zynq-7020-video-pipe-3/hw/video-pipe-hw-v5/hw_011223.runs/bd_41e7_vsc_0_synth_1/prj/sol/.autopilot/db/v_vscaler.cpp:226 VARIABLE YLoopSize LOOP {} BUNDLEDNAME {} DSP 0 BRAM 0 URAM 0 STORAGESUBTYPE {} DISPNAME {bind_op add}} {BINDTYPE op ID {} IMPL fabric LATENCY 0 OPTYPE add PRAGMA {} RTLNAME y_2_fu_328_p2 SOURCE /home/alen/repo/zynq-7020-video-pipe-3/hw/video-pipe-hw-v5/hw_011223.runs/bd_41e7_vsc_0_synth_1/prj/sol/.autopilot/db/v_vscaler.cpp:259 VARIABLE y_2 LOOP loop_height BUNDLEDNAME {} DSP 0 BRAM 0 URAM 0 STORAGESUBTYPE {} DISPNAME {bind_op add}} {BINDTYPE op ID {} IMPL fabric LATENCY 0 OPTYPE add PRAGMA {} RTLNAME PixArrayLoc_1_fu_372_p2 SOURCE /home/alen/repo/zynq-7020-video-pipe-3/hw/video-pipe-hw-v5/hw_011223.runs/bd_41e7_vsc_0_synth_1/prj/sol/.autopilot/db/v_vscaler.cpp:280 VARIABLE PixArrayLoc_1 LOOP loop_height BUNDLEDNAME {} DSP 0 BRAM 0 URAM 0 STORAGESUBTYPE {} DISPNAME {bind_op add}} {BINDTYPE op ID {} IMPL fabric LATENCY 0 OPTYPE add PRAGMA {} RTLNAME offset_1_fu_378_p2 SOURCE /home/alen/repo/zynq-7020-video-pipe-3/hw/video-pipe-hw-v5/hw_011223.runs/bd_41e7_vsc_0_synth_1/prj/sol/.autopilot/db/v_vscaler.cpp:281 VARIABLE offset_1 LOOP loop_height BUNDLEDNAME {} DSP 0 BRAM 0 URAM 0 STORAGESUBTYPE {} DISPNAME {bind_op add}} {BINDTYPE op ID {} IMPL fabric LATENCY 0 OPTYPE add PRAGMA {} RTLNAME offset_3_fu_487_p2 SOURCE /home/alen/repo/zynq-7020-video-pipe-3/hw/video-pipe-hw-v5/hw_011223.runs/bd_41e7_vsc_0_synth_1/prj/sol/.autopilot/db/v_vscaler.cpp:289 VARIABLE offset_3 LOOP loop_height BUNDLEDNAME {} DSP 0 BRAM 0 URAM 0 STORAGESUBTYPE {} DISPNAME {bind_op add}} {BINDTYPE op ID {} IMPL fabric LATENCY 0 OPTYPE add PRAGMA {} RTLNAME WriteLocNext_fu_492_p2 SOURCE /home/alen/repo/zynq-7020-video-pipe-3/hw/video-pipe-hw-v5/hw_011223.runs/bd_41e7_vsc_0_synth_1/prj/sol/.autopilot/db/v_vscaler.cpp:291 VARIABLE WriteLocNext LOOP loop_height BUNDLEDNAME {} DSP 0 BRAM 0 URAM 0 STORAGESUBTYPE {} DISPNAME {bind_op add}} {BINDTYPE op ID {} IMPL fabric LATENCY 0 OPTYPE add PRAGMA {} RTLNAME add119_fu_546_p2 SOURCE /home/alen/repo/zynq-7020-video-pipe-3/hw/video-pipe-hw-v5/hw_011223.runs/bd_41e7_vsc_0_synth_1/prj/sol/.autopilot/db/v_vscaler.cpp:267 VARIABLE add119 LOOP loop_height BUNDLEDNAME {} DSP 0 BRAM 0 URAM 0 STORAGESUBTYPE {} DISPNAME {bind_op add}}} AREA {DSP 18 BRAM 24 URAM 0}} MultiPixStream2AXIvideo_Pipeline_VITIS_LOOP_940_2 {BINDINFO {{BINDTYPE op ID {} IMPL fabric LATENCY 0 OPTYPE add PRAGMA {} RTLNAME j_2_fu_222_p2 SOURCE /home/alen/repo/zynq-7020-video-pipe-3/hw/video-pipe-hw-v5/hw_011223.runs/bd_41e7_vsc_0_synth_1/prj/sol/.autopilot/db/v_vscaler.cpp:940 VARIABLE j_2 LOOP VITIS_LOOP_940_2 BUNDLEDNAME {} DSP 0 BRAM 0 URAM 0 STORAGESUBTYPE {} DISPNAME {bind_op add}}} AREA {DSP 0 BRAM 0 URAM 0}} MultiPixStream2AXIvideo {BINDINFO {{BINDTYPE op ID {} IMPL fabric LATENCY 0 OPTYPE add PRAGMA {} RTLNAME sub_fu_160_p2 SOURCE /home/alen/repo/zynq-7020-video-pipe-3/hw/video-pipe-hw-v5/hw_011223.runs/bd_41e7_vsc_0_synth_1/prj/sol/.autopilot/db/v_vscaler.cpp:892 VARIABLE sub LOOP {} BUNDLEDNAME {} DSP 0 BRAM 0 URAM 0 STORAGESUBTYPE {} DISPNAME {bind_op add}} {BINDTYPE op ID {} IMPL fabric LATENCY 0 OPTYPE add PRAGMA {} RTLNAME i_2_fu_180_p2 SOURCE /home/alen/repo/zynq-7020-video-pipe-3/hw/video-pipe-hw-v5/hw_011223.runs/bd_41e7_vsc_0_synth_1/prj/sol/.autopilot/db/v_vscaler.cpp:938 VARIABLE i_2 LOOP VITIS_LOOP_938_1 BUNDLEDNAME {} DSP 0 BRAM 0 URAM 0 STORAGESUBTYPE {} DISPNAME {bind_op add}}} AREA {DSP 0 BRAM 0 URAM 0}} v_vscaler {BINDINFO {{BINDTYPE storage ID {} IMPL srl LATENCY 0 OPTYPE fifo PRAGMA {} RTLNAME HwReg_LineRate_U SOURCE :0 VARIABLE HwReg_LineRate LOOP {} BUNDLEDNAME {} DSP 0 BRAM 0 URAM 0 STORAGESUBTYPE stream STORAGESIZE {32 2 1} STORAGEUSAGE {fifo channel} DISPNAME {bind_storage fifo}} {BINDTYPE storage ID {} IMPL srl LATENCY 0 OPTYPE fifo PRAGMA {} RTLNAME HwReg_HeightIn_c15_U SOURCE /home/alen/repo/zynq-7020-video-pipe-3/hw/video-pipe-hw-v5/hw_011223.runs/bd_41e7_vsc_0_synth_1/prj/sol/.autopilot/db/v_vscaler.cpp:151 VARIABLE HwReg_HeightIn_c15 LOOP {} BUNDLEDNAME {} DSP 0 BRAM 0 URAM 0 STORAGESUBTYPE stream STORAGESIZE {11 2 1} STORAGEUSAGE {fifo channel} DISPNAME {bind_storage fifo}} {BINDTYPE storage ID {} IMPL srl LATENCY 0 OPTYPE fifo PRAGMA {} RTLNAME HwReg_Width_c18_U SOURCE /home/alen/repo/zynq-7020-video-pipe-3/hw/video-pipe-hw-v5/hw_011223.runs/bd_41e7_vsc_0_synth_1/prj/sol/.autopilot/db/v_vscaler.cpp:151 VARIABLE HwReg_Width_c18 LOOP {} BUNDLEDNAME {} DSP 0 BRAM 0 URAM 0 STORAGESUBTYPE stream STORAGESIZE {11 2 1} STORAGEUSAGE {fifo channel} DISPNAME {bind_storage fifo}} {BINDTYPE storage ID {} IMPL srl LATENCY 0 OPTYPE fifo PRAGMA {} RTLNAME HwReg_HeightOut_c19_U SOURCE /home/alen/repo/zynq-7020-video-pipe-3/hw/video-pipe-hw-v5/hw_011223.runs/bd_41e7_vsc_0_synth_1/prj/sol/.autopilot/db/v_vscaler.cpp:151 VARIABLE HwReg_HeightOut_c19 LOOP {} BUNDLEDNAME {} DSP 0 BRAM 0 URAM 0 STORAGESUBTYPE stream STORAGESIZE {11 2 1} STORAGEUSAGE {fifo channel} DISPNAME {bind_storage fifo}} {BINDTYPE storage ID {} IMPL srl LATENCY 0 OPTYPE fifo PRAGMA {} RTLNAME HwReg_ColorMode_c20_U SOURCE /home/alen/repo/zynq-7020-video-pipe-3/hw/video-pipe-hw-v5/hw_011223.runs/bd_41e7_vsc_0_synth_1/prj/sol/.autopilot/db/v_vscaler.cpp:151 VARIABLE HwReg_ColorMode_c20 LOOP {} BUNDLEDNAME {} DSP 0 BRAM 0 URAM 0 STORAGESUBTYPE stream STORAGESIZE {8 2 1} STORAGEUSAGE {fifo channel} DISPNAME {bind_storage fifo}} {BINDTYPE storage ID {} IMPL srl LATENCY 0 OPTYPE fifo PRAGMA {} RTLNAME ColorMode_vcr_c21_U SOURCE /home/alen/repo/zynq-7020-video-pipe-3/hw/video-pipe-hw-v5/hw_011223.runs/bd_41e7_vsc_0_synth_1/prj/sol/.autopilot/db/v_vscaler.cpp:151 VARIABLE ColorMode_vcr_c21 LOOP {} BUNDLEDNAME {} DSP 0 BRAM 0 URAM 0 STORAGESUBTYPE stream STORAGESIZE {8 2 1} STORAGEUSAGE {fifo channel} DISPNAME {bind_storage fifo}} {BINDTYPE storage ID {} IMPL srl LATENCY 0 OPTYPE fifo PRAGMA {} RTLNAME SrcYUV_U SOURCE :0 VARIABLE SrcYUV LOOP {} BUNDLEDNAME {} DSP 0 BRAM 0 URAM 0 STORAGESUBTYPE stream STORAGESIZE {30 16 1} STORAGEUSAGE {fifo channel} DISPNAME {bind_storage fifo}} {BINDTYPE storage ID {} IMPL srl LATENCY 0 OPTYPE fifo PRAGMA {} RTLNAME HwReg_HeightIn_c14_U SOURCE /home/alen/repo/zynq-7020-video-pipe-3/hw/video-pipe-hw-v5/hw_011223.runs/bd_41e7_vsc_0_synth_1/prj/sol/.autopilot/db/v_vscaler.cpp:151 VARIABLE HwReg_HeightIn_c14 LOOP {} BUNDLEDNAME {} DSP 0 BRAM 0 URAM 0 STORAGESUBTYPE {scalar prop} STORAGESIZE {11 2 1} STORAGEUSAGE {fifo channel} DISPNAME {bind_storage fifo}} {BINDTYPE storage ID {} IMPL srl LATENCY 0 OPTYPE fifo PRAGMA {} RTLNAME HwReg_Width_c17_U SOURCE /home/alen/repo/zynq-7020-video-pipe-3/hw/video-pipe-hw-v5/hw_011223.runs/bd_41e7_vsc_0_synth_1/prj/sol/.autopilot/db/v_vscaler.cpp:151 VARIABLE HwReg_Width_c17 LOOP {} BUNDLEDNAME {} DSP 0 BRAM 0 URAM 0 STORAGESUBTYPE {scalar prop} STORAGESIZE {11 2 1} STORAGEUSAGE {fifo channel} DISPNAME {bind_storage fifo}} {BINDTYPE storage ID {} IMPL srl LATENCY 0 OPTYPE fifo PRAGMA {} RTLNAME HwReg_ColorMode_c_U SOURCE /home/alen/repo/zynq-7020-video-pipe-3/hw/video-pipe-hw-v5/hw_011223.runs/bd_41e7_vsc_0_synth_1/prj/sol/.autopilot/db/v_vscaler.cpp:151 VARIABLE HwReg_ColorMode_c LOOP {} BUNDLEDNAME {} DSP 0 BRAM 0 URAM 0 STORAGESUBTYPE {scalar prop} STORAGESIZE {8 2 1} STORAGEUSAGE {fifo channel} DISPNAME {bind_storage fifo}} {BINDTYPE storage ID {} IMPL srl LATENCY 0 OPTYPE fifo PRAGMA {} RTLNAME SrcYUV422_U SOURCE :0 VARIABLE SrcYUV422 LOOP {} BUNDLEDNAME {} DSP 0 BRAM 0 URAM 0 STORAGESUBTYPE stream STORAGESIZE {30 16 1} STORAGEUSAGE {fifo channel} DISPNAME {bind_storage fifo}} {BINDTYPE storage ID {} IMPL srl LATENCY 0 OPTYPE fifo PRAGMA {} RTLNAME HwReg_HeightIn_c_U SOURCE /home/alen/repo/zynq-7020-video-pipe-3/hw/video-pipe-hw-v5/hw_011223.runs/bd_41e7_vsc_0_synth_1/prj/sol/.autopilot/db/v_vscaler.cpp:151 VARIABLE HwReg_HeightIn_c LOOP {} BUNDLEDNAME {} DSP 0 BRAM 0 URAM 0 STORAGESUBTYPE {scalar prop} STORAGESIZE {11 2 1} STORAGEUSAGE {fifo channel} DISPNAME {bind_storage fifo}} {BINDTYPE storage ID {} IMPL srl LATENCY 0 OPTYPE fifo PRAGMA {} RTLNAME HwReg_Width_c16_U SOURCE /home/alen/repo/zynq-7020-video-pipe-3/hw/video-pipe-hw-v5/hw_011223.runs/bd_41e7_vsc_0_synth_1/prj/sol/.autopilot/db/v_vscaler.cpp:151 VARIABLE HwReg_Width_c16 LOOP {} BUNDLEDNAME {} DSP 0 BRAM 0 URAM 0 STORAGESUBTYPE {scalar prop} STORAGESIZE {11 2 1} STORAGEUSAGE {fifo channel} DISPNAME {bind_storage fifo}} {BINDTYPE storage ID {} IMPL srl LATENCY 0 OPTYPE fifo PRAGMA {} RTLNAME ColorMode_vcr_c_U SOURCE /home/alen/repo/zynq-7020-video-pipe-3/hw/video-pipe-hw-v5/hw_011223.runs/bd_41e7_vsc_0_synth_1/prj/sol/.autopilot/db/v_vscaler.cpp:151 VARIABLE ColorMode_vcr_c LOOP {} BUNDLEDNAME {} DSP 0 BRAM 0 URAM 0 STORAGESUBTYPE {scalar prop} STORAGESIZE {8 3 1} STORAGEUSAGE {fifo channel} DISPNAME {bind_storage fifo}} {BINDTYPE storage ID {} IMPL srl LATENCY 0 OPTYPE fifo PRAGMA {} RTLNAME OutYUV_U SOURCE :0 VARIABLE OutYUV LOOP {} BUNDLEDNAME {} DSP 0 BRAM 0 URAM 0 STORAGESUBTYPE stream STORAGESIZE {30 16 1} STORAGEUSAGE {fifo channel} DISPNAME {bind_storage fifo}} {BINDTYPE storage ID {} IMPL srl LATENCY 0 OPTYPE fifo PRAGMA {} RTLNAME HwReg_Width_c_U SOURCE /home/alen/repo/zynq-7020-video-pipe-3/hw/video-pipe-hw-v5/hw_011223.runs/bd_41e7_vsc_0_synth_1/prj/sol/.autopilot/db/v_vscaler.cpp:151 VARIABLE HwReg_Width_c LOOP {} BUNDLEDNAME {} DSP 0 BRAM 0 URAM 0 STORAGESUBTYPE {scalar prop} STORAGESIZE {11 2 1} STORAGEUSAGE {fifo channel} DISPNAME {bind_storage fifo}} {BINDTYPE storage ID {} IMPL srl LATENCY 0 OPTYPE fifo PRAGMA {} RTLNAME HwReg_HeightOut_c_U SOURCE /home/alen/repo/zynq-7020-video-pipe-3/hw/video-pipe-hw-v5/hw_011223.runs/bd_41e7_vsc_0_synth_1/prj/sol/.autopilot/db/v_vscaler.cpp:151 VARIABLE HwReg_HeightOut_c LOOP {} BUNDLEDNAME {} DSP 0 BRAM 0 URAM 0 STORAGESUBTYPE {scalar prop} STORAGESIZE {11 2 1} STORAGEUSAGE {fifo channel} DISPNAME {bind_storage fifo}}} AREA {DSP 18 BRAM 35 URAM 0}} Block_entry4_proc {AREA {DSP 0 BRAM 0 URAM 0}} reg_unsigned_short_s {AREA {DSP 0 BRAM 0 URAM 0}} AXIvideo2MultiPixStream_Pipeline_loop_wait_for_start {AREA {DSP 0 BRAM 0 URAM 0}} AXIvideo2MultiPixStream_Pipeline_loop_wait_for_eol {AREA {DSP 0 BRAM 0 URAM 0}}}}'
INFO-FLOW: DBG:PUTS:      update_csynth_reports json2rpt_hw_sw_interfaces
INFO-FLOW: Running: gen_csynth_sec_pragma
INFO-FLOW: Done: gen_csynth_sec_pragma time: 0.2 seconds per iteration
INFO-FLOW: DBG:PUTS:      update_csynth_reports wrote xml
INFO-FLOW: DBG:PUTS:      update_csynth_reports appended to csynth rpt file
INFO: [HLS 200-111] Finished Updating report files: CPU user time: 1.49 seconds. CPU system time: 0.04 seconds. Elapsed time: 1.54 seconds; current allocated memory: 411.574 MB.
INFO: [VHDL 208-304] Generating VHDL RTL for v_vscaler with prefix bd_41e7_vsc_0_.
INFO: [VLOG 209-307] Generating Verilog RTL for v_vscaler with prefix bd_41e7_vsc_0_.
Execute         syn_report -model v_vscaler -printsummary 
INFO: [HLS 200-790] **** Loop Constraint Status: All loop constraints were satisfied.
INFO: [HLS 200-789] **** Estimated Fmax: 164.19 MHz
Command       autosyn done; 6.74 sec.
Command     csynth_design done; 44.15 sec.
INFO: [HLS 200-111] Finished Command csynth_design CPU user time: 37.53 seconds. CPU system time: 2.13 seconds. Elapsed time: 44.15 seconds; current allocated memory: 224.246 MB.
Execute     export_design -format ip_catalog 
INFO: [HLS 200-1510] Running: export_design -format ip_catalog 
Execute       config_export -format=ip_catalog 
INFO-FLOW: DBG:PUTS: export_design_wrap: -format ip_catalog -rtl verilog -vendor xilinx.com -library ip -version 1.1
Execute       source /home/alen/repo/zynq-7020-video-pipe-3/hw/video-pipe-hw-v5/hw_011223.runs/bd_41e7_vsc_0_synth_1/prj/sol/.autopilot/db/global.setting.tcl 
INFO-FLOW: DBG:PUTS:   auto_impl: pack: -export -rtl verilog
INFO-FLOW: DBG:PROC: ::AESL_AUTOIMPL::auto_impl args='-export -rtl verilog'
Execute       source /home/alen/repo/zynq-7020-video-pipe-3/hw/video-pipe-hw-v5/hw_011223.runs/bd_41e7_vsc_0_synth_1/prj/sol/.autopilot/db/global.setting.tcl 
INFO: [IMPL 213-8] Exporting RTL as a Vivado IP.
INFO-FLOW: DBG:PUTS: automg_wrap -export -pcore_version 1.00.a -rtl vlog -tool Vivado -impltomg_flag
INFO-FLOW: DBG:PROC: ::AESL_AUTOMG::auto_generate args='-export -pcore_version 1.00.a -rtl vlog -tool Vivado -impltomg_flag'
INFO-FLOW: DBG:PUTS:     auto_generate -export -pcore_version 1.00.a -rtl vlog -tool Vivado -impltomg_flag
Execute       source /home/alen/repo/zynq-7020-video-pipe-3/hw/video-pipe-hw-v5/hw_011223.runs/bd_41e7_vsc_0_synth_1/prj/sol/.autopilot/db/global.setting.tcl 
INFO-FLOW: DBG:PUTS: read_platform_lib /home/alen/repo/zynq-7020-video-pipe-3/hw/video-pipe-hw-v5/hw_011223.runs/bd_41e7_vsc_0_synth_1/prj/sol/.autopilot/db/global.setting.tcl
Execute       source /home/alen/Xilinx/Vitis_HLS/2023.2/common/technology/generic/autopilot/common.gen 
Execute         source /home/alen/Xilinx/Vitis_HLS/2023.2/common/technology/generic/autopilot/APCoreGen.gen 
Execute       source /home/alen/Xilinx/Vitis_HLS/2023.2/common/technology/generic/autopilot/op.gen 
Execute       source /home/alen/Xilinx/Vitis_HLS/2023.2/common/technology/generic/autopilot/op_simcore.gen 
Execute       source /home/alen/Xilinx/Vitis_HLS/2023.2/common/technology/generic/autopilot/interface.gen 
Execute       source /home/alen/repo/zynq-7020-video-pipe-3/hw/video-pipe-hw-v5/hw_011223.runs/bd_41e7_vsc_0_synth_1/prj/sol/.autopilot/db/global.setting.tcl 
Execute       source /home/alen/Xilinx/Vitis_HLS/2023.2/common/technology/xilinx/common/xilinx.gen 
Execute         source /home/alen/Xilinx/Vitis_HLS/2023.2/common/technology/xilinx/interface/plb46.gen 
Execute         source /home/alen/Xilinx/Vitis_HLS/2023.2/common/technology/xilinx/interface/axi4.gen 
Execute         source /home/alen/Xilinx/Vitis_HLS/2023.2/common/technology/xilinx/interface/nativeAXI4.gen 
Execute           source /home/alen/Xilinx/Vitis_HLS/2023.2/common/technology/xilinx/interface/saxilite.gen 
Execute         source /home/alen/Xilinx/Vitis_HLS/2023.2/common/technology/xilinx/scripts/xilinxcoregen.gen 
Execute         source /home/alen/Xilinx/Vitis_HLS/2023.2/common/technology/xilinx/interface/XilEDKCoreGen.gen 
Execute         source /home/alen/Xilinx/Vitis_HLS/2023.2/common/technology/xilinx/ip/xfft.gen 
Execute         source /home/alen/Xilinx/Vitis_HLS/2023.2/common/technology/xilinx/ip/xfir.gen 
Execute         source /home/alen/Xilinx/Vitis_HLS/2023.2/common/technology/xilinx/ip/dds_compiler.gen 
Execute         source /home/alen/Xilinx/Vitis_HLS/2023.2/common/technology/xilinx/ip/util.gen 
Execute         source /home/alen/Xilinx/Vitis_HLS/2023.2/common/technology/xilinx/DSP48/dsp48.gen 
INFO-FLOW: DBG:PUTS:       initCTypeInfo top_module=v_vscaler xml_exists=0
Execute       source /home/alen/repo/zynq-7020-video-pipe-3/hw/video-pipe-hw-v5/hw_011223.runs/bd_41e7_vsc_0_synth_1/prj/sol/.autopilot/db/v_vscaler.rtl_wrap.cfg.tcl 
Execute       source /home/alen/repo/zynq-7020-video-pipe-3/hw/video-pipe-hw-v5/hw_011223.runs/bd_41e7_vsc_0_synth_1/prj/sol/.autopilot/db/v_vscaler.rtl_wrap.cfg.tcl 
Execute       source /home/alen/repo/zynq-7020-video-pipe-3/hw/video-pipe-hw-v5/hw_011223.runs/bd_41e7_vsc_0_synth_1/prj/sol/.autopilot/db/v_vscaler.rtl_wrap.cfg.tcl 
Execute       source /home/alen/repo/zynq-7020-video-pipe-3/hw/video-pipe-hw-v5/hw_011223.runs/bd_41e7_vsc_0_synth_1/prj/sol/.autopilot/db/v_vscaler.tbgen.tcl 
Execute       source /home/alen/repo/zynq-7020-video-pipe-3/hw/video-pipe-hw-v5/hw_011223.runs/bd_41e7_vsc_0_synth_1/prj/sol/.autopilot/db/v_vscaler.tbgen.tcl 
Execute       source /home/alen/repo/zynq-7020-video-pipe-3/hw/video-pipe-hw-v5/hw_011223.runs/bd_41e7_vsc_0_synth_1/prj/sol/.autopilot/db/global.setting.tcl 
Execute       source /home/alen/repo/zynq-7020-video-pipe-3/hw/video-pipe-hw-v5/hw_011223.runs/bd_41e7_vsc_0_synth_1/prj/sol/.autopilot/db/v_vscaler.tbgen.tcl 
INFO-FLOW: DBG:PUTS:       cosim_export_main adding deadlock detection to bd_41e7_vsc_0_v_vscaler
INFO-FLOW: DBG:PUTS: Skipping loadAnalyze_DB, #g_database=20
INFO-FLOW: DBG:PUTS:       generate_json generate_bd_files=0 generate_xo_files=false #modelList=67 #gSsdmPorts=0
INFO-FLOW: DBG:PROC: ::AP::DESIGN_DATA::generate_json generate_bd_files='0' generate_xo_files='false' modelList='bd_41e7_vsc_0_flow_control_loop_pipe_sequential_init
bd_41e7_vsc_0_flow_control_loop_pipe_sequential_init
bd_41e7_vsc_0_flow_control_loop_pipe_sequential_init
bd_41e7_vsc_0_regslice_both
bd_41e7_vsc_0_regslice_both
bd_41e7_vsc_0_regslice_both
bd_41e7_vsc_0_regslice_both
bd_41e7_vsc_0_regslice_both
bd_41e7_vsc_0_regslice_both
bd_41e7_vsc_0_regslice_both
bd_41e7_vsc_0_flow_control_loop_pipe_sequential_init
bd_41e7_vsc_0_v_vcresampler_core_linebuf_y_RAM_AUTO_1R1W
bd_41e7_vsc_0_v_vcresampler_core_linebuf_y_1_RAM_AUTO_1R1W
bd_41e7_vsc_0_v_vcresampler_core_linebuf_c_2_RAM_AUTO_1R1W
bd_41e7_vsc_0_flow_control_loop_pipe_sequential_init
bd_41e7_vsc_0_mac_muladd_16s_10ns_12ns_26_4_1
bd_41e7_vsc_0_mac_muladd_16s_10ns_26s_27_4_1
bd_41e7_vsc_0_mac_muladd_16s_10ns_27s_28_4_1
bd_41e7_vsc_0_mac_muladd_16s_10ns_28s_28_4_1
bd_41e7_vsc_0_mac_muladd_16s_10ns_28s_29_4_1
bd_41e7_vsc_0_mac_muladd_16s_10ns_29s_29_4_1
bd_41e7_vsc_0_flow_control_loop_pipe_sequential_init
bd_41e7_vsc_0_vscale_core_polyphase_FiltCoeff_RAM_1P_LUTRAM_1R1W
bd_41e7_vsc_0_vscale_core_polyphase_LineBuf_RAM_AUTO_1R1W
bd_41e7_vsc_0_flow_control_loop_pipe_sequential_init
bd_41e7_vsc_0_regslice_both
bd_41e7_vsc_0_regslice_both
bd_41e7_vsc_0_regslice_both
bd_41e7_vsc_0_regslice_both
bd_41e7_vsc_0_regslice_both
bd_41e7_vsc_0_regslice_both
bd_41e7_vsc_0_regslice_both
bd_41e7_vsc_0_fifo_w32_d2_S
bd_41e7_vsc_0_fifo_w11_d2_S
bd_41e7_vsc_0_fifo_w11_d2_S
bd_41e7_vsc_0_fifo_w11_d2_S
bd_41e7_vsc_0_fifo_w8_d2_S
bd_41e7_vsc_0_fifo_w8_d2_S
bd_41e7_vsc_0_fifo_w30_d16_S
bd_41e7_vsc_0_fifo_w11_d2_S
bd_41e7_vsc_0_fifo_w11_d2_S
bd_41e7_vsc_0_fifo_w8_d2_S
bd_41e7_vsc_0_fifo_w30_d16_S
bd_41e7_vsc_0_fifo_w11_d2_S
bd_41e7_vsc_0_fifo_w11_d2_S
bd_41e7_vsc_0_fifo_w8_d3_S
bd_41e7_vsc_0_fifo_w30_d16_S
bd_41e7_vsc_0_fifo_w11_d2_S
bd_41e7_vsc_0_fifo_w11_d2_S
bd_41e7_vsc_0_start_for_AXIvideo2MultiPixStream_U0
bd_41e7_vsc_0_start_for_v_vcresampler_core_U0
bd_41e7_vsc_0_start_for_MultiPixStream2AXIvideo_U0
bd_41e7_vsc_0_CTRL_s_axi
Block_entry4_proc
reg_unsigned_short_s
AXIvideo2MultiPixStream_Pipeline_loop_wait_for_start
AXIvideo2MultiPixStream_Pipeline_loop_width
AXIvideo2MultiPixStream_Pipeline_loop_wait_for_eol
AXIvideo2MultiPixStream
v_vcresampler_core_Pipeline_VITIS_LOOP_1057_2
v_vcresampler_core
vscale_core_polyphase_Pipeline_loop_init_coeff_phase_loop_init_coeff_tap
vscale_core_polyphase_Pipeline_loop_width_for_procpix
vscale_core_polyphase
MultiPixStream2AXIvideo_Pipeline_VITIS_LOOP_940_2
MultiPixStream2AXIvideo
v_vscaler
' rtl_lang='vlog' bootstrap_tcl='false' outdir='' outfilename=''
Execute       source /home/alen/repo/zynq-7020-video-pipe-3/hw/video-pipe-hw-v5/hw_011223.runs/bd_41e7_vsc_0_synth_1/prj/sol/.autopilot/db/global.setting.tcl 
Execute       source /home/alen/repo/zynq-7020-video-pipe-3/hw/video-pipe-hw-v5/hw_011223.runs/bd_41e7_vsc_0_synth_1/prj/sol/.autopilot/db/global.setting.tcl 
Execute       source /home/alen/repo/zynq-7020-video-pipe-3/hw/video-pipe-hw-v5/hw_011223.runs/bd_41e7_vsc_0_synth_1/prj/sol/.autopilot/db/top-io-be.tcl 
Execute       source /home/alen/repo/zynq-7020-video-pipe-3/hw/video-pipe-hw-v5/hw_011223.runs/bd_41e7_vsc_0_synth_1/prj/sol/.autopilot/db/v_vscaler.tbgen.tcl 
Execute       source /home/alen/repo/zynq-7020-video-pipe-3/hw/video-pipe-hw-v5/hw_011223.runs/bd_41e7_vsc_0_synth_1/prj/sol/.autopilot/db/v_vscaler.compgen.dataonly.tcl 
Execute       source /home/alen/repo/zynq-7020-video-pipe-3/hw/video-pipe-hw-v5/hw_011223.runs/bd_41e7_vsc_0_synth_1/prj/sol/.autopilot/db/v_vscaler.compgen.dataonly.tcl 
Execute       source /home/alen/repo/zynq-7020-video-pipe-3/hw/video-pipe-hw-v5/hw_011223.runs/bd_41e7_vsc_0_synth_1/prj/sol/.autopilot/db/v_vscaler.rtl_wrap.cfg.tcl 
Execute       source /home/alen/repo/zynq-7020-video-pipe-3/hw/video-pipe-hw-v5/hw_011223.runs/bd_41e7_vsc_0_synth_1/prj/sol/.autopilot/db/v_vscaler.compgen.dataonly.tcl 
Execute       source /home/alen/repo/zynq-7020-video-pipe-3/hw/video-pipe-hw-v5/hw_011223.runs/bd_41e7_vsc_0_synth_1/prj/sol/.autopilot/db/Block_entry4_proc.tbgen.tcl 
Execute       source /home/alen/repo/zynq-7020-video-pipe-3/hw/video-pipe-hw-v5/hw_011223.runs/bd_41e7_vsc_0_synth_1/prj/sol/.autopilot/db/reg_unsigned_short_s.tbgen.tcl 
Execute       source /home/alen/repo/zynq-7020-video-pipe-3/hw/video-pipe-hw-v5/hw_011223.runs/bd_41e7_vsc_0_synth_1/prj/sol/.autopilot/db/AXIvideo2MultiPixStream_Pipeline_loop_wait_for_start.tbgen.tcl 
Execute       source /home/alen/repo/zynq-7020-video-pipe-3/hw/video-pipe-hw-v5/hw_011223.runs/bd_41e7_vsc_0_synth_1/prj/sol/.autopilot/db/AXIvideo2MultiPixStream_Pipeline_loop_width.tbgen.tcl 
Execute       source /home/alen/repo/zynq-7020-video-pipe-3/hw/video-pipe-hw-v5/hw_011223.runs/bd_41e7_vsc_0_synth_1/prj/sol/.autopilot/db/AXIvideo2MultiPixStream_Pipeline_loop_wait_for_eol.tbgen.tcl 
Execute       source /home/alen/repo/zynq-7020-video-pipe-3/hw/video-pipe-hw-v5/hw_011223.runs/bd_41e7_vsc_0_synth_1/prj/sol/.autopilot/db/AXIvideo2MultiPixStream.tbgen.tcl 
Execute       source /home/alen/repo/zynq-7020-video-pipe-3/hw/video-pipe-hw-v5/hw_011223.runs/bd_41e7_vsc_0_synth_1/prj/sol/.autopilot/db/v_vcresampler_core_Pipeline_VITIS_LOOP_1057_2.tbgen.tcl 
Execute       source /home/alen/repo/zynq-7020-video-pipe-3/hw/video-pipe-hw-v5/hw_011223.runs/bd_41e7_vsc_0_synth_1/prj/sol/.autopilot/db/v_vcresampler_core.tbgen.tcl 
Execute       source /home/alen/repo/zynq-7020-video-pipe-3/hw/video-pipe-hw-v5/hw_011223.runs/bd_41e7_vsc_0_synth_1/prj/sol/.autopilot/db/vscale_core_polyphase_Pipeline_loop_init_coeff_phase_loop_init_coeff_tap.tbgen.tcl 
Execute       source /home/alen/repo/zynq-7020-video-pipe-3/hw/video-pipe-hw-v5/hw_011223.runs/bd_41e7_vsc_0_synth_1/prj/sol/.autopilot/db/vscale_core_polyphase_Pipeline_loop_width_for_procpix.tbgen.tcl 
Execute       source /home/alen/repo/zynq-7020-video-pipe-3/hw/video-pipe-hw-v5/hw_011223.runs/bd_41e7_vsc_0_synth_1/prj/sol/.autopilot/db/vscale_core_polyphase.tbgen.tcl 
Execute       source /home/alen/repo/zynq-7020-video-pipe-3/hw/video-pipe-hw-v5/hw_011223.runs/bd_41e7_vsc_0_synth_1/prj/sol/.autopilot/db/MultiPixStream2AXIvideo_Pipeline_VITIS_LOOP_940_2.tbgen.tcl 
Execute       source /home/alen/repo/zynq-7020-video-pipe-3/hw/video-pipe-hw-v5/hw_011223.runs/bd_41e7_vsc_0_synth_1/prj/sol/.autopilot/db/MultiPixStream2AXIvideo.tbgen.tcl 
Execute       source /home/alen/repo/zynq-7020-video-pipe-3/hw/video-pipe-hw-v5/hw_011223.runs/bd_41e7_vsc_0_synth_1/prj/sol/.autopilot/db/v_vscaler.tbgen.tcl 
Execute       source /home/alen/repo/zynq-7020-video-pipe-3/hw/video-pipe-hw-v5/hw_011223.runs/bd_41e7_vsc_0_synth_1/prj/sol/.autopilot/db/global.setting.tcl 
Execute       ap_part_info -name xc7z020-clg484-1 -data names -quiet 
Execute       ap_part_info -name xc7z020-clg484-1 -data info -quiet 
Execute       source /home/alen/repo/zynq-7020-video-pipe-3/hw/video-pipe-hw-v5/hw_011223.runs/bd_41e7_vsc_0_synth_1/prj/sol/.autopilot/db/v_vscaler.constraint.tcl 
Execute       sc_get_clocks v_vscaler 
Execute       source /home/alen/repo/zynq-7020-video-pipe-3/hw/video-pipe-hw-v5/hw_011223.runs/bd_41e7_vsc_0_synth_1/prj/sol/.autopilot/db/global.setting.tcl 
Execute       source /home/alen/repo/zynq-7020-video-pipe-3/hw/video-pipe-hw-v5/hw_011223.runs/bd_41e7_vsc_0_synth_1/prj/sol/.autopilot/db/global.setting.tcl 
Execute       source /home/alen/repo/zynq-7020-video-pipe-3/hw/video-pipe-hw-v5/hw_011223.runs/bd_41e7_vsc_0_synth_1/prj/sol/.autopilot/db/v_vscaler.tbgen.tcl 
INFO-FLOW: DBG:PUTS:       cosim_export_main adding deadlock detection to bd_41e7_vsc_0_v_vscaler
INFO-FLOW: DBG:PUTS:       copy ip_driver_dir 1_1 /home/alen/repo/zynq-7020-video-pipe-3/hw/video-pipe-hw-v5/hw_011223.runs/bd_41e7_vsc_0_synth_1/prj/sol/.autopilot/db/driver
INFO-FLOW: DBG:PUTS:       generate_ip_script #gSsdmPorts=0 g_lang=vlog is_sdaccel=false is_sdsoc=true xo_file=
Execute       ap_part_info -name xc7z020-clg484-1 -data names -quiet 
Execute       ap_part_info -name xc7z020-clg484-1 -data info -quiet 
Execute       ap_part_info -name xc7z020-clg484-1 -data names -quiet 
Execute       ap_part_info -name xc7z020-clg484-1 -data info -quiet 
Execute       source /home/alen/repo/zynq-7020-video-pipe-3/hw/video-pipe-hw-v5/hw_011223.runs/bd_41e7_vsc_0_synth_1/prj/sol/.autopilot/db/v_vscaler.tbgen.tcl 
Execute       source /home/alen/repo/zynq-7020-video-pipe-3/hw/video-pipe-hw-v5/hw_011223.runs/bd_41e7_vsc_0_synth_1/prj/sol/.autopilot/db/v_vscaler.compgen.dataonly.tcl 
Execute       source /home/alen/repo/zynq-7020-video-pipe-3/hw/video-pipe-hw-v5/hw_011223.runs/bd_41e7_vsc_0_synth_1/prj/sol/.autopilot/db/v_vscaler.compgen.dataonly.tcl 
Execute       source /home/alen/repo/zynq-7020-video-pipe-3/hw/video-pipe-hw-v5/hw_011223.runs/bd_41e7_vsc_0_synth_1/prj/sol/.autopilot/db/v_vscaler.tbgen.tcl 
Execute       source /home/alen/repo/zynq-7020-video-pipe-3/hw/video-pipe-hw-v5/hw_011223.runs/bd_41e7_vsc_0_synth_1/prj/sol/.autopilot/db/v_vscaler.tbgen.tcl 
Execute       source /home/alen/repo/zynq-7020-video-pipe-3/hw/video-pipe-hw-v5/hw_011223.runs/bd_41e7_vsc_0_synth_1/prj/sol/.autopilot/db/v_vscaler.tbgen.tcl 
Execute       source /home/alen/repo/zynq-7020-video-pipe-3/hw/video-pipe-hw-v5/hw_011223.runs/bd_41e7_vsc_0_synth_1/prj/sol/.autopilot/db/v_vscaler.tbgen.tcl 
Execute       source /home/alen/repo/zynq-7020-video-pipe-3/hw/video-pipe-hw-v5/hw_011223.runs/bd_41e7_vsc_0_synth_1/prj/sol/.autopilot/db/v_vscaler.tbgen.tcl 
Execute       source /home/alen/repo/zynq-7020-video-pipe-3/hw/video-pipe-hw-v5/hw_011223.runs/bd_41e7_vsc_0_synth_1/prj/sol/.autopilot/db/v_vscaler.tbgen.tcl 
Execute       source /home/alen/repo/zynq-7020-video-pipe-3/hw/video-pipe-hw-v5/hw_011223.runs/bd_41e7_vsc_0_synth_1/prj/sol/.autopilot/db/v_vscaler.tbgen.tcl 
Execute       source /home/alen/repo/zynq-7020-video-pipe-3/hw/video-pipe-hw-v5/hw_011223.runs/bd_41e7_vsc_0_synth_1/prj/sol/.autopilot/db/global.setting.tcl 
INFO-FLOW: DBG:PUTS:       generate_top_info
INFO-FLOW: DBG:PUTS:       prepArgInfo -> loadAnalyze_DB top_module=v_vscaler
Execute       source /home/alen/repo/zynq-7020-video-pipe-3/hw/video-pipe-hw-v5/hw_011223.runs/bd_41e7_vsc_0_synth_1/prj/sol/.autopilot/db/v_vscaler.rtl_wrap.cfg.tcl 
Execute       source /home/alen/repo/zynq-7020-video-pipe-3/hw/video-pipe-hw-v5/hw_011223.runs/bd_41e7_vsc_0_synth_1/prj/sol/.autopilot/db/v_vscaler.rtl_wrap.cfg.tcl 
Execute       source /home/alen/repo/zynq-7020-video-pipe-3/hw/video-pipe-hw-v5/hw_011223.runs/bd_41e7_vsc_0_synth_1/prj/sol/.autopilot/db/v_vscaler.rtl_wrap.cfg.tcl 
Execute       source /home/alen/repo/zynq-7020-video-pipe-3/hw/video-pipe-hw-v5/hw_011223.runs/bd_41e7_vsc_0_synth_1/prj/sol/.autopilot/db/v_vscaler.tbgen.tcl 
Execute       source /home/alen/repo/zynq-7020-video-pipe-3/hw/video-pipe-hw-v5/hw_011223.runs/bd_41e7_vsc_0_synth_1/prj/sol/.autopilot/db/v_vscaler.tbgen.tcl 
Execute       ap_part_info -name xc7z020-clg484-1 -data names -quiet 
Execute       ap_part_info -name xc7z020-clg484-1 -data info -quiet 
Execute       source /home/alen/repo/zynq-7020-video-pipe-3/hw/video-pipe-hw-v5/hw_011223.runs/bd_41e7_vsc_0_synth_1/prj/sol/.autopilot/db/global.setting.tcl 
Execute       ap_part_info -name xc7z020-clg484-1 -data names -quiet 
Execute       ap_part_info -name xc7z020-clg484-1 -data info -quiet 
Execute       ap_part_info -name xc7z020-clg484-1 -data names -quiet 
Execute       ap_part_info -name xc7z020-clg484-1 -data info -quiet 
Execute       source /home/alen/repo/zynq-7020-video-pipe-3/hw/video-pipe-hw-v5/hw_011223.runs/bd_41e7_vsc_0_synth_1/prj/sol/.autopilot/db/v_vscaler.tbgen.tcl 
Execute       source /home/alen/repo/zynq-7020-video-pipe-3/hw/video-pipe-hw-v5/hw_011223.runs/bd_41e7_vsc_0_synth_1/prj/sol/.autopilot/db/global.setting.tcl 
Execute       source /home/alen/repo/zynq-7020-video-pipe-3/hw/video-pipe-hw-v5/hw_011223.runs/bd_41e7_vsc_0_synth_1/prj/sol/.autopilot/db/v_vscaler.constraint.tcl 
INFO-FLOW: DBG:PUTS:       generate_syn_sh
Execute       ap_part_info -name xc7z020-clg484-1 -data names -quiet 
Execute       ap_part_info -name xc7z020-clg484-1 -data info -quiet 
Execute       source /home/alen/repo/zynq-7020-video-pipe-3/hw/video-pipe-hw-v5/hw_011223.runs/bd_41e7_vsc_0_synth_1/prj/sol/.autopilot/db/global.setting.tcl 
INFO-FLOW: DBG:PUTS:       generate_imp_constraints
Execute       ap_part_info -name xc7z020-clg484-1 -data names -quiet 
Execute       ap_part_info -name xc7z020-clg484-1 -data info -quiet 
Execute       source /home/alen/repo/zynq-7020-video-pipe-3/hw/video-pipe-hw-v5/hw_011223.runs/bd_41e7_vsc_0_synth_1/prj/sol/.autopilot/db/v_vscaler.constraint.tcl 
Execute       source /home/alen/repo/zynq-7020-video-pipe-3/hw/video-pipe-hw-v5/hw_011223.runs/bd_41e7_vsc_0_synth_1/prj/sol/.autopilot/db/v_vscaler.tbgen.tcl 
INFO-FLOW: DBG:PUTS:       delete-temp-dirs (skipped for debug)
Execute       ap_part_info -name xc7z020-clg484-1 -data names -quiet 
Execute       ap_part_info -name xc7z020-clg484-1 -data info -quiet 
INFO-FLOW: DBG:PUTS: read_platform_lib /home/alen/repo/zynq-7020-video-pipe-3/hw/video-pipe-hw-v5/hw_011223.runs/bd_41e7_vsc_0_synth_1/prj/sol/.autopilot/db/global.setting.tcl
Execute       source /home/alen/Xilinx/Vitis_HLS/2023.2/common/technology/generic/autopilot/common.gen 
Execute         source /home/alen/Xilinx/Vitis_HLS/2023.2/common/technology/generic/autopilot/APCoreGen.gen 
Execute       source /home/alen/Xilinx/Vitis_HLS/2023.2/common/technology/generic/autopilot/op.gen 
Execute       source /home/alen/Xilinx/Vitis_HLS/2023.2/common/technology/generic/autopilot/op_simcore.gen 
Execute       source /home/alen/Xilinx/Vitis_HLS/2023.2/common/technology/generic/autopilot/interface.gen 
Execute       source /home/alen/repo/zynq-7020-video-pipe-3/hw/video-pipe-hw-v5/hw_011223.runs/bd_41e7_vsc_0_synth_1/prj/sol/.autopilot/db/global.setting.tcl 
Execute       source /home/alen/Xilinx/Vitis_HLS/2023.2/common/technology/xilinx/common/xilinx.gen 
Execute         source /home/alen/Xilinx/Vitis_HLS/2023.2/common/technology/xilinx/interface/plb46.gen 
Execute         source /home/alen/Xilinx/Vitis_HLS/2023.2/common/technology/xilinx/interface/axi4.gen 
Execute         source /home/alen/Xilinx/Vitis_HLS/2023.2/common/technology/xilinx/interface/nativeAXI4.gen 
Execute           source /home/alen/Xilinx/Vitis_HLS/2023.2/common/technology/xilinx/interface/saxilite.gen 
Execute         source /home/alen/Xilinx/Vitis_HLS/2023.2/common/technology/xilinx/scripts/xilinxcoregen.gen 
Execute         source /home/alen/Xilinx/Vitis_HLS/2023.2/common/technology/xilinx/interface/XilEDKCoreGen.gen 
Execute         source /home/alen/Xilinx/Vitis_HLS/2023.2/common/technology/xilinx/ip/xfft.gen 
Execute         source /home/alen/Xilinx/Vitis_HLS/2023.2/common/technology/xilinx/ip/xfir.gen 
Execute         source /home/alen/Xilinx/Vitis_HLS/2023.2/common/technology/xilinx/ip/dds_compiler.gen 
Execute         source /home/alen/Xilinx/Vitis_HLS/2023.2/common/technology/xilinx/ip/util.gen 
Execute         source /home/alen/Xilinx/Vitis_HLS/2023.2/common/technology/xilinx/DSP48/dsp48.gen 
INFO-FLOW: DBG:PUTS:     IP package: exec /home/alen/repo/zynq-7020-video-pipe-3/hw/video-pipe-hw-v5/hw_011223.runs/bd_41e7_vsc_0_synth_1/prj/sol/impl/ip/pack.sh
INFO-FLOW: DBG:PUTS:     IP package: success /home/alen/repo/zynq-7020-video-pipe-3/hw/video-pipe-hw-v5/hw_011223.runs/bd_41e7_vsc_0_synth_1/prj/sol/impl/ip/pack.sh
Execute       send_msg_by_id INFO @200-802@%s prj/sol/impl/export.zip 
INFO: [HLS 200-802] Generated output file prj/sol/impl/export.zip
Command     export_design done; 15.77 sec.
INFO: [HLS 200-111] Finished Command export_design CPU user time: 13.18 seconds. CPU system time: 0.34 seconds. Elapsed time: 15.77 seconds; current allocated memory: 4.566 MB.
Execute     cleanup_all 
