

================================================================
== Vitis HLS Report for 'v_vscaler'
================================================================
* Date:           Thu Dec 28 17:22:38 2023

* Version:        2023.2 (Build 4023990 on Oct 11 2023)
* Project:        prj
* Solution:       sol (Vivado IP Flow Target)
* Product family: zynq
* Target device:  xc7z020-clg484-1


================================================================
== Performance Estimates
================================================================
+ Timing: 
    * Summary: 
    +--------+---------+----------+------------+
    |  Clock |  Target | Estimated| Uncertainty|
    +--------+---------+----------+------------+
    |ap_clk  |  7.00 ns|  6.091 ns|     1.89 ns|
    +--------+---------+----------+------------+

+ Latency: 
    * Summary: 
    +---------+------------+----------+-----------+-----+------------+----------+
    |   Latency (cycles)   |  Latency (absolute)  |     Interval     | Pipeline |
    |   min   |     max    |    min   |    max    | min |     max    |   Type   |
    +---------+------------+----------+-----------+-----+------------+----------+
    |      397|  1073905666|  2.779 us|  7.517 sec|  392|  1073905661|  dataflow|
    +---------+------------+----------+-----------+-----+------------+----------+

    + Detail: 
        * Instance: 
        +----------------------------+-------------------------+---------+------------+-----------+-----------+-----+------------+---------+
        |                            |                         |   Latency (cycles)   |   Latency (absolute)  |     Interval     | Pipeline|
        |          Instance          |          Module         |   min   |     max    |    min    |    max    | min |     max    |   Type  |
        +----------------------------+-------------------------+---------+------------+-----------+-----------+-----+------------+---------+
        |Block_entry4_proc_U0        |Block_entry4_proc        |        1|           1|   7.000 ns|   7.000 ns|    1|           1|       no|
        |AXIvideo2MultiPixStream_U0  |AXIvideo2MultiPixStream  |        6|     2085486|  42.000 ns|  14.598 ms|    6|     2085486|       no|
        |v_vcresampler_core_U0       |v_vcresampler_core       |        2|  1073905660|  14.000 ns|  7.517 sec|    2|  1073905660|       no|
        |vscale_core_polyphase_U0    |vscale_core_polyphase    |      391|     2100951|   2.737 us|  14.707 ms|  391|     2100951|       no|
        |MultiPixStream2AXIvideo_U0  |MultiPixStream2AXIvideo  |        3|     2080083|  21.000 ns|  14.561 ms|    3|     2080083|       no|
        +----------------------------+-------------------------+---------+------------+-----------+-----------+-----+------------+---------+

        * Loop: 
        N/A



================================================================
== Utilization Estimates
================================================================
* Summary: 
+-----------------+---------+-----+--------+-------+-----+
|       Name      | BRAM_18K| DSP |   FF   |  LUT  | URAM|
+-----------------+---------+-----+--------+-------+-----+
|DSP              |        -|    -|       -|      -|    -|
|Expression       |        -|    -|       0|     14|    -|
|FIFO             |        -|    -|    1683|   1156|    -|
|Instance         |       35|   18|    3484|   4323|    0|
|Memory           |        -|    -|       -|      -|    -|
|Multiplexer      |        -|    -|       -|     18|    -|
|Register         |        -|    -|       2|      -|    -|
+-----------------+---------+-----+--------+-------+-----+
|Total            |       35|   18|    5169|   5511|    0|
+-----------------+---------+-----+--------+-------+-----+
|Available        |      280|  220|  106400|  53200|    0|
+-----------------+---------+-----+--------+-------+-----+
|Utilization (%)  |       12|    8|       4|     10|    0|
+-----------------+---------+-----+--------+-------+-----+

+ Detail: 
    * Instance: 
    +----------------------------+-------------------------+---------+----+------+------+-----+
    |          Instance          |          Module         | BRAM_18K| DSP|  FF  |  LUT | URAM|
    +----------------------------+-------------------------+---------+----+------+------+-----+
    |AXIvideo2MultiPixStream_U0  |AXIvideo2MultiPixStream  |        0|   0|   218|   591|    0|
    |Block_entry4_proc_U0        |Block_entry4_proc        |        0|   0|     5|   113|    0|
    |CTRL_s_axi_U                |CTRL_s_axi               |        1|   0|   234|   286|    0|
    |MultiPixStream2AXIvideo_U0  |MultiPixStream2AXIvideo  |        0|   0|   183|   349|    0|
    |v_vcresampler_core_U0       |v_vcresampler_core       |       10|   0|   595|   736|    0|
    |vscale_core_polyphase_U0    |vscale_core_polyphase    |       24|  18|  2249|  2248|    0|
    +----------------------------+-------------------------+---------+----+------+------+-----+
    |Total                       |                         |       35|  18|  3484|  4323|    0|
    +----------------------------+-------------------------+---------+----+------+------+-----+

    * DSP: 
    N/A

    * Memory: 
    N/A

    * FIFO: 
    +-----------------------+---------+----+----+-----+------+-----+---------+
    |          Name         | BRAM_18K| FF | LUT| URAM| Depth| Bits| Size:D*B|
    +-----------------------+---------+----+----+-----+------+-----+---------+
    |ColorMode_vcr_c21_U    |        0|  99|   0|    -|     2|    8|       16|
    |ColorMode_vcr_c_U      |        0|  99|   0|    -|     3|    8|       24|
    |HwReg_ColorMode_c20_U  |        0|  99|   0|    -|     2|    8|       16|
    |HwReg_ColorMode_c_U    |        0|  99|   0|    -|     2|    8|       16|
    |HwReg_HeightIn_c14_U   |        0|  99|   0|    -|     2|   11|       22|
    |HwReg_HeightIn_c15_U   |        0|  99|   0|    -|     2|   11|       22|
    |HwReg_HeightIn_c_U     |        0|  99|   0|    -|     2|   11|       22|
    |HwReg_HeightOut_c19_U  |        0|  99|   0|    -|     2|   11|       22|
    |HwReg_HeightOut_c_U    |        0|  99|   0|    -|     2|   11|       22|
    |HwReg_LineRate_U       |        0|  99|   0|    -|     2|   32|       64|
    |HwReg_Width_c16_U      |        0|  99|   0|    -|     2|   11|       22|
    |HwReg_Width_c17_U      |        0|  99|   0|    -|     2|   11|       22|
    |HwReg_Width_c18_U      |        0|  99|   0|    -|     2|   11|       22|
    |HwReg_Width_c_U        |        0|  99|   0|    -|     2|   11|       22|
    |OutYUV_U               |        0|  99|   0|    -|    16|   30|      480|
    |SrcYUV422_U            |        0|  99|   0|    -|    16|   30|      480|
    |SrcYUV_U               |        0|  99|   0|    -|    16|   30|      480|
    +-----------------------+---------+----+----+-----+------+-----+---------+
    |Total                  |        0|1683|   0|    0|    77|  253|     1774|
    +-----------------------+---------+----+----+-----+------+-----+---------+

    * Expression: 
    +-------------------------------------------+----------+----+---+----+------------+------------+
    |               Variable Name               | Operation| DSP| FF| LUT| Bitwidth P0| Bitwidth P1|
    +-------------------------------------------+----------+----+---+----+------------+------------+
    |Block_entry4_proc_U0_ap_start              |       and|   0|  0|   2|           1|           1|
    |Block_entry4_proc_U0_start_full_n          |       and|   0|  0|   2|           1|           1|
    |ap_idle                                    |       and|   0|  0|   2|           1|           1|
    |ap_sync_ready                              |       and|   0|  0|   2|           1|           1|
    |vscale_core_polyphase_U0_ap_start          |       and|   0|  0|   2|           1|           1|
    |ap_sync_Block_entry4_proc_U0_ap_ready      |        or|   0|  0|   2|           1|           1|
    |ap_sync_vscale_core_polyphase_U0_ap_ready  |        or|   0|  0|   2|           1|           1|
    +-------------------------------------------+----------+----+---+----+------------+------------+
    |Total                                      |          |   0|  0|  14|           7|           7|
    +-------------------------------------------+----------+----+---+----+------------+------------+

    * Multiplexer: 
    +-----------------------------------------------+----+-----------+-----+-----------+
    |                      Name                     | LUT| Input Size| Bits| Total Bits|
    +-----------------------------------------------+----+-----------+-----+-----------+
    |ap_sync_reg_Block_entry4_proc_U0_ap_ready      |   9|          2|    1|          2|
    |ap_sync_reg_vscale_core_polyphase_U0_ap_ready  |   9|          2|    1|          2|
    +-----------------------------------------------+----+-----------+-----+-----------+
    |Total                                          |  18|          4|    2|          4|
    +-----------------------------------------------+----+-----------+-----+-----------+

    * Register: 
    +-----------------------------------------------+---+----+-----+-----------+
    |                      Name                     | FF| LUT| Bits| Const Bits|
    +-----------------------------------------------+---+----+-----+-----------+
    |ap_sync_reg_Block_entry4_proc_U0_ap_ready      |  1|   0|    1|          0|
    |ap_sync_reg_vscale_core_polyphase_U0_ap_ready  |  1|   0|    1|          0|
    +-----------------------------------------------+---+----+-----+-----------+
    |Total                                          |  2|   0|    2|          0|
    +-----------------------------------------------+---+----+-----+-----------+



================================================================
== Interface
================================================================
* Summary: 
+---------------------+-----+-----+------------+-----------------------+--------------+
|      RTL Ports      | Dir | Bits|  Protocol  |     Source Object     |    C Type    |
+---------------------+-----+-----+------------+-----------------------+--------------+
|s_axi_CTRL_AWVALID   |   in|    1|       s_axi|                   CTRL|         array|
|s_axi_CTRL_AWREADY   |  out|    1|       s_axi|                   CTRL|         array|
|s_axi_CTRL_AWADDR    |   in|   12|       s_axi|                   CTRL|         array|
|s_axi_CTRL_WVALID    |   in|    1|       s_axi|                   CTRL|         array|
|s_axi_CTRL_WREADY    |  out|    1|       s_axi|                   CTRL|         array|
|s_axi_CTRL_WDATA     |   in|   32|       s_axi|                   CTRL|         array|
|s_axi_CTRL_WSTRB     |   in|    4|       s_axi|                   CTRL|         array|
|s_axi_CTRL_ARVALID   |   in|    1|       s_axi|                   CTRL|         array|
|s_axi_CTRL_ARREADY   |  out|    1|       s_axi|                   CTRL|         array|
|s_axi_CTRL_ARADDR    |   in|   12|       s_axi|                   CTRL|         array|
|s_axi_CTRL_RVALID    |  out|    1|       s_axi|                   CTRL|         array|
|s_axi_CTRL_RREADY    |   in|    1|       s_axi|                   CTRL|         array|
|s_axi_CTRL_RDATA     |  out|   32|       s_axi|                   CTRL|         array|
|s_axi_CTRL_RRESP     |  out|    2|       s_axi|                   CTRL|         array|
|s_axi_CTRL_BVALID    |  out|    1|       s_axi|                   CTRL|         array|
|s_axi_CTRL_BREADY    |   in|    1|       s_axi|                   CTRL|         array|
|s_axi_CTRL_BRESP     |  out|    2|       s_axi|                   CTRL|         array|
|ap_clk               |   in|    1|  ap_ctrl_hs|              v_vscaler|  return value|
|ap_rst_n             |   in|    1|  ap_ctrl_hs|              v_vscaler|  return value|
|interrupt            |  out|    1|  ap_ctrl_hs|              v_vscaler|  return value|
|s_axis_video_TDATA   |   in|   32|        axis|  s_axis_video_V_data_V|       pointer|
|s_axis_video_TKEEP   |   in|    4|        axis|  s_axis_video_V_keep_V|       pointer|
|s_axis_video_TSTRB   |   in|    4|        axis|  s_axis_video_V_strb_V|       pointer|
|s_axis_video_TUSER   |   in|    1|        axis|  s_axis_video_V_user_V|       pointer|
|s_axis_video_TLAST   |   in|    1|        axis|  s_axis_video_V_last_V|       pointer|
|s_axis_video_TID     |   in|    1|        axis|    s_axis_video_V_id_V|       pointer|
|s_axis_video_TDEST   |   in|    1|        axis|  s_axis_video_V_dest_V|       pointer|
|s_axis_video_TVALID  |   in|    1|        axis|  s_axis_video_V_dest_V|       pointer|
|s_axis_video_TREADY  |  out|    1|        axis|  s_axis_video_V_dest_V|       pointer|
|m_axis_video_TDATA   |  out|   32|        axis|  m_axis_video_V_data_V|       pointer|
|m_axis_video_TKEEP   |  out|    4|        axis|  m_axis_video_V_keep_V|       pointer|
|m_axis_video_TSTRB   |  out|    4|        axis|  m_axis_video_V_strb_V|       pointer|
|m_axis_video_TUSER   |  out|    1|        axis|  m_axis_video_V_user_V|       pointer|
|m_axis_video_TLAST   |  out|    1|        axis|  m_axis_video_V_last_V|       pointer|
|m_axis_video_TID     |  out|    1|        axis|    m_axis_video_V_id_V|       pointer|
|m_axis_video_TDEST   |  out|    1|        axis|  m_axis_video_V_dest_V|       pointer|
|m_axis_video_TVALID  |  out|    1|        axis|  m_axis_video_V_dest_V|       pointer|
|m_axis_video_TREADY  |   in|    1|        axis|  m_axis_video_V_dest_V|       pointer|
+---------------------+-----+-----+------------+-----------------------+--------------+

============================================================
+ Verbose Summary: Synthesis Manager
============================================================
InlineROM: 1
ExposeGlobal: 0
============================================================
+ Verbose Summary: CDFG Model
============================================================
IsTopModel: 1
ResetActiveHigh: 1
IsCombinational: 2
IsDatapathOnly: 2
HasWiredReturn: 1
HasMFsm: 0
HasVarLatency: 1
IsPipeline: 0
IsRtlPipelined: 0
IsInstanceOverlapped: 0
IsDontTouch: 0
HasImplIP: 0
IsGatedGlobalClock: 0


============================================================
+ Verbose Summary: Schedule
============================================================
* Number of FSM states : 11
* Pipeline : 0
* Dataflow Pipeline: 1
  DF-Pipeline-0: Size = 11, States = { 1 2 3 4 5 6 7 8 9 10 11 }

* FSM state transitions: 
1 --> 2 
2 --> 3 
3 --> 4 
4 --> 5 
5 --> 6 
6 --> 7 
7 --> 8 
8 --> 9 
9 --> 10 
10 --> 11 
11 --> 

* FSM state operations: 

State 1 <SV = 0> <Delay = 2.55>
ST_1 : Operation 12 [1/1] (0.00ns)   --->   "%ColorMode_vcr_c21 = alloca i64 1" [/home/alen/repo/zynq-7020-video-pipe-3/hw/video-pipe-hw-v5/hw_011223.runs/bd_41e7_vsc_0_synth_1/prj/sol/.autopilot/db/v_vscaler.cpp:151]   --->   Operation 12 'alloca' 'ColorMode_vcr_c21' <Predicate = true> <Delay = 0.00> <CoreInst = "FIFO_SRL">   --->   Core 81 'FIFO_SRL' <Latency = 0> <II = 1> <Delay = 3.63> <Storage> <Opcode : 'read' 'write' 'nbread' 'nbwrite'> <Ports = 0> <Width = 8> <Depth = 2> <FIFO>
ST_1 : Operation 13 [1/1] (0.00ns)   --->   "%ColorMode_vcr_c = alloca i64 1" [/home/alen/repo/zynq-7020-video-pipe-3/hw/video-pipe-hw-v5/hw_011223.runs/bd_41e7_vsc_0_synth_1/prj/sol/.autopilot/db/v_vscaler.cpp:151]   --->   Operation 13 'alloca' 'ColorMode_vcr_c' <Predicate = true> <Delay = 0.00> <CoreInst = "FIFO_SRL">   --->   Core 81 'FIFO_SRL' <Latency = 0> <II = 1> <Delay = 3.63> <Storage> <Opcode : 'read' 'write' 'nbread' 'nbwrite'> <Ports = 0> <Width = 8> <Depth = 3> <FIFO>
ST_1 : Operation 14 [1/1] (0.00ns)   --->   "%HwReg_ColorMode_c20 = alloca i64 1" [/home/alen/repo/zynq-7020-video-pipe-3/hw/video-pipe-hw-v5/hw_011223.runs/bd_41e7_vsc_0_synth_1/prj/sol/.autopilot/db/v_vscaler.cpp:151]   --->   Operation 14 'alloca' 'HwReg_ColorMode_c20' <Predicate = true> <Delay = 0.00> <CoreInst = "FIFO_SRL">   --->   Core 81 'FIFO_SRL' <Latency = 0> <II = 1> <Delay = 3.63> <Storage> <Opcode : 'read' 'write' 'nbread' 'nbwrite'> <Ports = 0> <Width = 8> <Depth = 2> <FIFO>
ST_1 : Operation 15 [1/1] (0.00ns)   --->   "%HwReg_ColorMode_c = alloca i64 1" [/home/alen/repo/zynq-7020-video-pipe-3/hw/video-pipe-hw-v5/hw_011223.runs/bd_41e7_vsc_0_synth_1/prj/sol/.autopilot/db/v_vscaler.cpp:151]   --->   Operation 15 'alloca' 'HwReg_ColorMode_c' <Predicate = true> <Delay = 0.00> <CoreInst = "FIFO_SRL">   --->   Core 81 'FIFO_SRL' <Latency = 0> <II = 1> <Delay = 3.63> <Storage> <Opcode : 'read' 'write' 'nbread' 'nbwrite'> <Ports = 0> <Width = 8> <Depth = 2> <FIFO>
ST_1 : Operation 16 [1/1] (0.00ns)   --->   "%HwReg_HeightOut_c19 = alloca i64 1" [/home/alen/repo/zynq-7020-video-pipe-3/hw/video-pipe-hw-v5/hw_011223.runs/bd_41e7_vsc_0_synth_1/prj/sol/.autopilot/db/v_vscaler.cpp:151]   --->   Operation 16 'alloca' 'HwReg_HeightOut_c19' <Predicate = true> <Delay = 0.00> <CoreInst = "FIFO_SRL">   --->   Core 81 'FIFO_SRL' <Latency = 0> <II = 1> <Delay = 3.63> <Storage> <Opcode : 'read' 'write' 'nbread' 'nbwrite'> <Ports = 0> <Width = 11> <Depth = 2> <FIFO>
ST_1 : Operation 17 [1/1] (0.00ns)   --->   "%HwReg_HeightOut_c = alloca i64 1" [/home/alen/repo/zynq-7020-video-pipe-3/hw/video-pipe-hw-v5/hw_011223.runs/bd_41e7_vsc_0_synth_1/prj/sol/.autopilot/db/v_vscaler.cpp:151]   --->   Operation 17 'alloca' 'HwReg_HeightOut_c' <Predicate = true> <Delay = 0.00> <CoreInst = "FIFO_SRL">   --->   Core 81 'FIFO_SRL' <Latency = 0> <II = 1> <Delay = 3.63> <Storage> <Opcode : 'read' 'write' 'nbread' 'nbwrite'> <Ports = 0> <Width = 11> <Depth = 2> <FIFO>
ST_1 : Operation 18 [1/1] (0.00ns)   --->   "%HwReg_Width_c18 = alloca i64 1" [/home/alen/repo/zynq-7020-video-pipe-3/hw/video-pipe-hw-v5/hw_011223.runs/bd_41e7_vsc_0_synth_1/prj/sol/.autopilot/db/v_vscaler.cpp:151]   --->   Operation 18 'alloca' 'HwReg_Width_c18' <Predicate = true> <Delay = 0.00> <CoreInst = "FIFO_SRL">   --->   Core 81 'FIFO_SRL' <Latency = 0> <II = 1> <Delay = 3.63> <Storage> <Opcode : 'read' 'write' 'nbread' 'nbwrite'> <Ports = 0> <Width = 11> <Depth = 2> <FIFO>
ST_1 : Operation 19 [1/1] (0.00ns)   --->   "%HwReg_Width_c17 = alloca i64 1" [/home/alen/repo/zynq-7020-video-pipe-3/hw/video-pipe-hw-v5/hw_011223.runs/bd_41e7_vsc_0_synth_1/prj/sol/.autopilot/db/v_vscaler.cpp:151]   --->   Operation 19 'alloca' 'HwReg_Width_c17' <Predicate = true> <Delay = 0.00> <CoreInst = "FIFO_SRL">   --->   Core 81 'FIFO_SRL' <Latency = 0> <II = 1> <Delay = 3.63> <Storage> <Opcode : 'read' 'write' 'nbread' 'nbwrite'> <Ports = 0> <Width = 11> <Depth = 2> <FIFO>
ST_1 : Operation 20 [1/1] (0.00ns)   --->   "%HwReg_Width_c16 = alloca i64 1" [/home/alen/repo/zynq-7020-video-pipe-3/hw/video-pipe-hw-v5/hw_011223.runs/bd_41e7_vsc_0_synth_1/prj/sol/.autopilot/db/v_vscaler.cpp:151]   --->   Operation 20 'alloca' 'HwReg_Width_c16' <Predicate = true> <Delay = 0.00> <CoreInst = "FIFO_SRL">   --->   Core 81 'FIFO_SRL' <Latency = 0> <II = 1> <Delay = 3.63> <Storage> <Opcode : 'read' 'write' 'nbread' 'nbwrite'> <Ports = 0> <Width = 11> <Depth = 2> <FIFO>
ST_1 : Operation 21 [1/1] (0.00ns)   --->   "%HwReg_Width_c = alloca i64 1" [/home/alen/repo/zynq-7020-video-pipe-3/hw/video-pipe-hw-v5/hw_011223.runs/bd_41e7_vsc_0_synth_1/prj/sol/.autopilot/db/v_vscaler.cpp:151]   --->   Operation 21 'alloca' 'HwReg_Width_c' <Predicate = true> <Delay = 0.00> <CoreInst = "FIFO_SRL">   --->   Core 81 'FIFO_SRL' <Latency = 0> <II = 1> <Delay = 3.63> <Storage> <Opcode : 'read' 'write' 'nbread' 'nbwrite'> <Ports = 0> <Width = 11> <Depth = 2> <FIFO>
ST_1 : Operation 22 [1/1] (0.00ns)   --->   "%HwReg_HeightIn_c15 = alloca i64 1" [/home/alen/repo/zynq-7020-video-pipe-3/hw/video-pipe-hw-v5/hw_011223.runs/bd_41e7_vsc_0_synth_1/prj/sol/.autopilot/db/v_vscaler.cpp:151]   --->   Operation 22 'alloca' 'HwReg_HeightIn_c15' <Predicate = true> <Delay = 0.00> <CoreInst = "FIFO_SRL">   --->   Core 81 'FIFO_SRL' <Latency = 0> <II = 1> <Delay = 3.63> <Storage> <Opcode : 'read' 'write' 'nbread' 'nbwrite'> <Ports = 0> <Width = 11> <Depth = 2> <FIFO>
ST_1 : Operation 23 [1/1] (0.00ns)   --->   "%HwReg_HeightIn_c14 = alloca i64 1" [/home/alen/repo/zynq-7020-video-pipe-3/hw/video-pipe-hw-v5/hw_011223.runs/bd_41e7_vsc_0_synth_1/prj/sol/.autopilot/db/v_vscaler.cpp:151]   --->   Operation 23 'alloca' 'HwReg_HeightIn_c14' <Predicate = true> <Delay = 0.00> <CoreInst = "FIFO_SRL">   --->   Core 81 'FIFO_SRL' <Latency = 0> <II = 1> <Delay = 3.63> <Storage> <Opcode : 'read' 'write' 'nbread' 'nbwrite'> <Ports = 0> <Width = 11> <Depth = 2> <FIFO>
ST_1 : Operation 24 [1/1] (0.00ns)   --->   "%HwReg_HeightIn_c = alloca i64 1" [/home/alen/repo/zynq-7020-video-pipe-3/hw/video-pipe-hw-v5/hw_011223.runs/bd_41e7_vsc_0_synth_1/prj/sol/.autopilot/db/v_vscaler.cpp:151]   --->   Operation 24 'alloca' 'HwReg_HeightIn_c' <Predicate = true> <Delay = 0.00> <CoreInst = "FIFO_SRL">   --->   Core 81 'FIFO_SRL' <Latency = 0> <II = 1> <Delay = 3.63> <Storage> <Opcode : 'read' 'write' 'nbread' 'nbwrite'> <Ports = 0> <Width = 11> <Depth = 2> <FIFO>
ST_1 : Operation 25 [1/1] (0.00ns)   --->   "%SrcYUV = alloca i64 1"   --->   Operation 25 'alloca' 'SrcYUV' <Predicate = true> <Delay = 0.00> <CoreInst = "FIFO_SRL">   --->   Core 81 'FIFO_SRL' <Latency = 0> <II = 1> <Delay = 3.80> <Storage> <Opcode : 'read' 'write' 'nbread' 'nbwrite'> <Ports = 0> <Width = 30> <Depth = 16> <FIFO>
ST_1 : Operation 26 [1/1] (0.00ns)   --->   "%SrcYUV422 = alloca i64 1"   --->   Operation 26 'alloca' 'SrcYUV422' <Predicate = true> <Delay = 0.00> <CoreInst = "FIFO_SRL">   --->   Core 81 'FIFO_SRL' <Latency = 0> <II = 1> <Delay = 3.80> <Storage> <Opcode : 'read' 'write' 'nbread' 'nbwrite'> <Ports = 0> <Width = 30> <Depth = 16> <FIFO>
ST_1 : Operation 27 [1/1] (0.00ns)   --->   "%OutYUV = alloca i64 1"   --->   Operation 27 'alloca' 'OutYUV' <Predicate = true> <Delay = 0.00> <CoreInst = "FIFO_SRL">   --->   Core 81 'FIFO_SRL' <Latency = 0> <II = 1> <Delay = 3.80> <Storage> <Opcode : 'read' 'write' 'nbread' 'nbwrite'> <Ports = 0> <Width = 30> <Depth = 16> <FIFO>
ST_1 : Operation 28 [1/1] (0.00ns)   --->   "%HwReg_LineRate = alloca i64 1"   --->   Operation 28 'alloca' 'HwReg_LineRate' <Predicate = true> <Delay = 0.00> <CoreInst = "FIFO_SRL">   --->   Core 81 'FIFO_SRL' <Latency = 0> <II = 1> <Delay = 3.63> <Storage> <Opcode : 'read' 'write' 'nbread' 'nbwrite'> <Ports = 0> <Width = 32> <Depth = 2> <FIFO>
ST_1 : Operation 29 [2/2] (2.55ns)   --->   "%call_ln151 = call void @Block_entry4_proc, i8 %ColorMode, i16 %HeightIn, i16 %HeightOut, i32 %LineRate, i32 %HwReg_LineRate, i16 %Width, i11 %HwReg_HeightIn_c15, i11 %HwReg_Width_c18, i11 %HwReg_HeightOut_c19, i8 %HwReg_ColorMode_c20, i8 %ColorMode_vcr_c21" [/home/alen/repo/zynq-7020-video-pipe-3/hw/video-pipe-hw-v5/hw_011223.runs/bd_41e7_vsc_0_synth_1/prj/sol/.autopilot/db/v_vscaler.cpp:151]   --->   Operation 29 'call' 'call_ln151' <Predicate = true> <Delay = 2.55> <CoreType = "Generic">   --->   Core 0 '' <Latency = 0> <II = 1> <Delay = 1.00> <Generic> <Opcode : >

State 2 <SV = 1> <Delay = 0.00>
ST_2 : Operation 30 [1/2] (0.00ns)   --->   "%call_ln151 = call void @Block_entry4_proc, i8 %ColorMode, i16 %HeightIn, i16 %HeightOut, i32 %LineRate, i32 %HwReg_LineRate, i16 %Width, i11 %HwReg_HeightIn_c15, i11 %HwReg_Width_c18, i11 %HwReg_HeightOut_c19, i8 %HwReg_ColorMode_c20, i8 %ColorMode_vcr_c21" [/home/alen/repo/zynq-7020-video-pipe-3/hw/video-pipe-hw-v5/hw_011223.runs/bd_41e7_vsc_0_synth_1/prj/sol/.autopilot/db/v_vscaler.cpp:151]   --->   Operation 30 'call' 'call_ln151' <Predicate = true> <Delay = 0.00> <CoreType = "Generic">   --->   Core 0 '' <Latency = 0> <II = 1> <Delay = 1.00> <Generic> <Opcode : >

State 3 <SV = 2> <Delay = 0.00>
ST_3 : Operation 31 [2/2] (0.00ns)   --->   "%call_ln157 = call void @AXIvideo2MultiPixStream, i32 %s_axis_video_V_data_V, i4 %s_axis_video_V_keep_V, i4 %s_axis_video_V_strb_V, i1 %s_axis_video_V_user_V, i1 %s_axis_video_V_last_V, i1 %s_axis_video_V_id_V, i1 %s_axis_video_V_dest_V, i30 %SrcYUV, i11 %HwReg_HeightIn_c15, i11 %HwReg_Width_c18, i8 %HwReg_ColorMode_c20, i11 %HwReg_HeightIn_c14, i11 %HwReg_Width_c17, i8 %HwReg_ColorMode_c" [/home/alen/repo/zynq-7020-video-pipe-3/hw/video-pipe-hw-v5/hw_011223.runs/bd_41e7_vsc_0_synth_1/prj/sol/.autopilot/db/v_vscaler.cpp:157]   --->   Operation 31 'call' 'call_ln157' <Predicate = true> <Delay = 0.00> <CoreType = "Generic">   --->   Core 0 '' <Latency = 0> <II = 1> <Delay = 1.00> <Generic> <Opcode : >

State 4 <SV = 3> <Delay = 0.00>
ST_4 : Operation 32 [1/2] (0.00ns)   --->   "%call_ln157 = call void @AXIvideo2MultiPixStream, i32 %s_axis_video_V_data_V, i4 %s_axis_video_V_keep_V, i4 %s_axis_video_V_strb_V, i1 %s_axis_video_V_user_V, i1 %s_axis_video_V_last_V, i1 %s_axis_video_V_id_V, i1 %s_axis_video_V_dest_V, i30 %SrcYUV, i11 %HwReg_HeightIn_c15, i11 %HwReg_Width_c18, i8 %HwReg_ColorMode_c20, i11 %HwReg_HeightIn_c14, i11 %HwReg_Width_c17, i8 %HwReg_ColorMode_c" [/home/alen/repo/zynq-7020-video-pipe-3/hw/video-pipe-hw-v5/hw_011223.runs/bd_41e7_vsc_0_synth_1/prj/sol/.autopilot/db/v_vscaler.cpp:157]   --->   Operation 32 'call' 'call_ln157' <Predicate = true> <Delay = 0.00> <CoreType = "Generic">   --->   Core 0 '' <Latency = 0> <II = 1> <Delay = 1.00> <Generic> <Opcode : >

State 5 <SV = 4> <Delay = 0.00>
ST_5 : Operation 33 [2/2] (0.00ns)   --->   "%call_ln160 = call void @v_vcresampler_core, i30 %SrcYUV, i11 %HwReg_HeightIn_c14, i11 %HwReg_Width_c17, i8 %HwReg_ColorMode_c, i8 %ColorMode_vcr_c21, i30 %SrcYUV422, i11 %HwReg_HeightIn_c, i11 %HwReg_Width_c16, i8 %ColorMode_vcr_c" [/home/alen/repo/zynq-7020-video-pipe-3/hw/video-pipe-hw-v5/hw_011223.runs/bd_41e7_vsc_0_synth_1/prj/sol/.autopilot/db/v_vscaler.cpp:160]   --->   Operation 33 'call' 'call_ln160' <Predicate = true> <Delay = 0.00> <CoreType = "Generic">   --->   Core 0 '' <Latency = 0> <II = 1> <Delay = 1.00> <Generic> <Opcode : >

State 6 <SV = 5> <Delay = 0.00>
ST_6 : Operation 34 [1/2] (0.00ns)   --->   "%call_ln160 = call void @v_vcresampler_core, i30 %SrcYUV, i11 %HwReg_HeightIn_c14, i11 %HwReg_Width_c17, i8 %HwReg_ColorMode_c, i8 %ColorMode_vcr_c21, i30 %SrcYUV422, i11 %HwReg_HeightIn_c, i11 %HwReg_Width_c16, i8 %ColorMode_vcr_c" [/home/alen/repo/zynq-7020-video-pipe-3/hw/video-pipe-hw-v5/hw_011223.runs/bd_41e7_vsc_0_synth_1/prj/sol/.autopilot/db/v_vscaler.cpp:160]   --->   Operation 34 'call' 'call_ln160' <Predicate = true> <Delay = 0.00> <CoreType = "Generic">   --->   Core 0 '' <Latency = 0> <II = 1> <Delay = 1.00> <Generic> <Opcode : >

State 7 <SV = 6> <Delay = 0.00>
ST_7 : Operation 35 [2/2] (0.00ns)   --->   "%call_ln176 = call void @vscale_core_polyphase, i30 %SrcYUV422, i11 %HwReg_HeightIn_c, i11 %HwReg_Width_c16, i11 %HwReg_HeightOut_c19, i32 %HwReg_LineRate, i16 %vfltCoeff, i30 %OutYUV, i11 %HwReg_Width_c, i11 %HwReg_HeightOut_c" [/home/alen/repo/zynq-7020-video-pipe-3/hw/video-pipe-hw-v5/hw_011223.runs/bd_41e7_vsc_0_synth_1/prj/sol/.autopilot/db/v_vscaler.cpp:176]   --->   Operation 35 'call' 'call_ln176' <Predicate = true> <Delay = 0.00> <CoreType = "Generic">   --->   Core 0 '' <Latency = 0> <II = 1> <Delay = 1.00> <Generic> <Opcode : >

State 8 <SV = 7> <Delay = 0.00>
ST_8 : Operation 36 [1/2] (0.00ns)   --->   "%call_ln176 = call void @vscale_core_polyphase, i30 %SrcYUV422, i11 %HwReg_HeightIn_c, i11 %HwReg_Width_c16, i11 %HwReg_HeightOut_c19, i32 %HwReg_LineRate, i16 %vfltCoeff, i30 %OutYUV, i11 %HwReg_Width_c, i11 %HwReg_HeightOut_c" [/home/alen/repo/zynq-7020-video-pipe-3/hw/video-pipe-hw-v5/hw_011223.runs/bd_41e7_vsc_0_synth_1/prj/sol/.autopilot/db/v_vscaler.cpp:176]   --->   Operation 36 'call' 'call_ln176' <Predicate = true> <Delay = 0.00> <CoreType = "Generic">   --->   Core 0 '' <Latency = 0> <II = 1> <Delay = 1.00> <Generic> <Opcode : >

State 9 <SV = 8> <Delay = 0.00>
ST_9 : Operation 37 [2/2] (0.00ns)   --->   "%call_ln180 = call void @MultiPixStream2AXIvideo, i30 %OutYUV, i32 %m_axis_video_V_data_V, i4 %m_axis_video_V_keep_V, i4 %m_axis_video_V_strb_V, i1 %m_axis_video_V_user_V, i1 %m_axis_video_V_last_V, i1 %m_axis_video_V_id_V, i1 %m_axis_video_V_dest_V, i11 %HwReg_HeightOut_c, i11 %HwReg_Width_c, i8 %ColorMode_vcr_c" [/home/alen/repo/zynq-7020-video-pipe-3/hw/video-pipe-hw-v5/hw_011223.runs/bd_41e7_vsc_0_synth_1/prj/sol/.autopilot/db/v_vscaler.cpp:180]   --->   Operation 37 'call' 'call_ln180' <Predicate = true> <Delay = 0.00> <CoreType = "Generic">   --->   Core 0 '' <Latency = 0> <II = 1> <Delay = 1.00> <Generic> <Opcode : >

State 10 <SV = 9> <Delay = 0.00>
ST_10 : Operation 38 [1/2] (0.00ns)   --->   "%call_ln180 = call void @MultiPixStream2AXIvideo, i30 %OutYUV, i32 %m_axis_video_V_data_V, i4 %m_axis_video_V_keep_V, i4 %m_axis_video_V_strb_V, i1 %m_axis_video_V_user_V, i1 %m_axis_video_V_last_V, i1 %m_axis_video_V_id_V, i1 %m_axis_video_V_dest_V, i11 %HwReg_HeightOut_c, i11 %HwReg_Width_c, i8 %ColorMode_vcr_c" [/home/alen/repo/zynq-7020-video-pipe-3/hw/video-pipe-hw-v5/hw_011223.runs/bd_41e7_vsc_0_synth_1/prj/sol/.autopilot/db/v_vscaler.cpp:180]   --->   Operation 38 'call' 'call_ln180' <Predicate = true> <Delay = 0.00> <CoreType = "Generic">   --->   Core 0 '' <Latency = 0> <II = 1> <Delay = 1.00> <Generic> <Opcode : >

State 11 <SV = 10> <Delay = 0.00>
ST_11 : Operation 39 [1/1] (0.00ns)   --->   "%empty = specchannel i32 @_ssdm_op_SpecChannel, void @ColorMode_vcr_c21_str, i32 1, void @p_str, void @p_str, i32 2, i32 0, i8 %ColorMode_vcr_c21, i8 %ColorMode_vcr_c21" [/home/alen/repo/zynq-7020-video-pipe-3/hw/video-pipe-hw-v5/hw_011223.runs/bd_41e7_vsc_0_synth_1/prj/sol/.autopilot/db/v_vscaler.cpp:151]   --->   Operation 39 'specchannel' 'empty' <Predicate = true> <Delay = 0.00>
ST_11 : Operation 40 [1/1] (0.00ns)   --->   "%specinterface_ln151 = specinterface void @_ssdm_op_SpecInterface, i8 %ColorMode_vcr_c21, void @ap_fifo_str, i32 0, i32 0, void @p_str, i32 0, i32 0, void @p_str, void @p_str, void @p_str, i32 2, i32 2, i32 16, i32 16, void @p_str, void @p_str, i32 4294967295, i32 0" [/home/alen/repo/zynq-7020-video-pipe-3/hw/video-pipe-hw-v5/hw_011223.runs/bd_41e7_vsc_0_synth_1/prj/sol/.autopilot/db/v_vscaler.cpp:151]   --->   Operation 40 'specinterface' 'specinterface_ln151' <Predicate = true> <Delay = 0.00>
ST_11 : Operation 41 [1/1] (0.00ns)   --->   "%empty_67 = specchannel i32 @_ssdm_op_SpecChannel, void @ColorMode_vcr_c_str, i32 1, void @p_str, void @p_str, i32 3, i32 0, i8 %ColorMode_vcr_c, i8 %ColorMode_vcr_c" [/home/alen/repo/zynq-7020-video-pipe-3/hw/video-pipe-hw-v5/hw_011223.runs/bd_41e7_vsc_0_synth_1/prj/sol/.autopilot/db/v_vscaler.cpp:151]   --->   Operation 41 'specchannel' 'empty_67' <Predicate = true> <Delay = 0.00>
ST_11 : Operation 42 [1/1] (0.00ns)   --->   "%specinterface_ln151 = specinterface void @_ssdm_op_SpecInterface, i8 %ColorMode_vcr_c, void @ap_fifo_str, i32 0, i32 0, void @p_str, i32 0, i32 0, void @p_str, void @p_str, void @p_str, i32 2, i32 2, i32 16, i32 16, void @p_str, void @p_str, i32 4294967295, i32 0" [/home/alen/repo/zynq-7020-video-pipe-3/hw/video-pipe-hw-v5/hw_011223.runs/bd_41e7_vsc_0_synth_1/prj/sol/.autopilot/db/v_vscaler.cpp:151]   --->   Operation 42 'specinterface' 'specinterface_ln151' <Predicate = true> <Delay = 0.00>
ST_11 : Operation 43 [1/1] (0.00ns)   --->   "%empty_68 = specchannel i32 @_ssdm_op_SpecChannel, void @HwReg_OC_ColorMode_c20_str, i32 1, void @p_str, void @p_str, i32 2, i32 0, i8 %HwReg_ColorMode_c20, i8 %HwReg_ColorMode_c20" [/home/alen/repo/zynq-7020-video-pipe-3/hw/video-pipe-hw-v5/hw_011223.runs/bd_41e7_vsc_0_synth_1/prj/sol/.autopilot/db/v_vscaler.cpp:151]   --->   Operation 43 'specchannel' 'empty_68' <Predicate = true> <Delay = 0.00>
ST_11 : Operation 44 [1/1] (0.00ns)   --->   "%specinterface_ln151 = specinterface void @_ssdm_op_SpecInterface, i8 %HwReg_ColorMode_c20, void @ap_fifo_str, i32 0, i32 0, void @p_str, i32 0, i32 0, void @p_str, void @p_str, void @p_str, i32 2, i32 2, i32 16, i32 16, void @p_str, void @p_str, i32 4294967295, i32 0" [/home/alen/repo/zynq-7020-video-pipe-3/hw/video-pipe-hw-v5/hw_011223.runs/bd_41e7_vsc_0_synth_1/prj/sol/.autopilot/db/v_vscaler.cpp:151]   --->   Operation 44 'specinterface' 'specinterface_ln151' <Predicate = true> <Delay = 0.00>
ST_11 : Operation 45 [1/1] (0.00ns)   --->   "%empty_69 = specchannel i32 @_ssdm_op_SpecChannel, void @HwReg_OC_ColorMode_c_str, i32 1, void @p_str, void @p_str, i32 2, i32 0, i8 %HwReg_ColorMode_c, i8 %HwReg_ColorMode_c" [/home/alen/repo/zynq-7020-video-pipe-3/hw/video-pipe-hw-v5/hw_011223.runs/bd_41e7_vsc_0_synth_1/prj/sol/.autopilot/db/v_vscaler.cpp:151]   --->   Operation 45 'specchannel' 'empty_69' <Predicate = true> <Delay = 0.00>
ST_11 : Operation 46 [1/1] (0.00ns)   --->   "%specinterface_ln151 = specinterface void @_ssdm_op_SpecInterface, i8 %HwReg_ColorMode_c, void @ap_fifo_str, i32 0, i32 0, void @p_str, i32 0, i32 0, void @p_str, void @p_str, void @p_str, i32 2, i32 2, i32 16, i32 16, void @p_str, void @p_str, i32 4294967295, i32 0" [/home/alen/repo/zynq-7020-video-pipe-3/hw/video-pipe-hw-v5/hw_011223.runs/bd_41e7_vsc_0_synth_1/prj/sol/.autopilot/db/v_vscaler.cpp:151]   --->   Operation 46 'specinterface' 'specinterface_ln151' <Predicate = true> <Delay = 0.00>
ST_11 : Operation 47 [1/1] (0.00ns)   --->   "%empty_70 = specchannel i32 @_ssdm_op_SpecChannel, void @HwReg_OC_HeightOut_c19_str, i32 1, void @p_str, void @p_str, i32 2, i32 0, i11 %HwReg_HeightOut_c19, i11 %HwReg_HeightOut_c19" [/home/alen/repo/zynq-7020-video-pipe-3/hw/video-pipe-hw-v5/hw_011223.runs/bd_41e7_vsc_0_synth_1/prj/sol/.autopilot/db/v_vscaler.cpp:151]   --->   Operation 47 'specchannel' 'empty_70' <Predicate = true> <Delay = 0.00>
ST_11 : Operation 48 [1/1] (0.00ns)   --->   "%specinterface_ln151 = specinterface void @_ssdm_op_SpecInterface, i11 %HwReg_HeightOut_c19, void @ap_fifo_str, i32 0, i32 0, void @p_str, i32 0, i32 0, void @p_str, void @p_str, void @p_str, i32 2, i32 2, i32 16, i32 16, void @p_str, void @p_str, i32 4294967295, i32 0" [/home/alen/repo/zynq-7020-video-pipe-3/hw/video-pipe-hw-v5/hw_011223.runs/bd_41e7_vsc_0_synth_1/prj/sol/.autopilot/db/v_vscaler.cpp:151]   --->   Operation 48 'specinterface' 'specinterface_ln151' <Predicate = true> <Delay = 0.00>
ST_11 : Operation 49 [1/1] (0.00ns)   --->   "%empty_71 = specchannel i32 @_ssdm_op_SpecChannel, void @HwReg_OC_HeightOut_c_str, i32 1, void @p_str, void @p_str, i32 2, i32 0, i11 %HwReg_HeightOut_c, i11 %HwReg_HeightOut_c" [/home/alen/repo/zynq-7020-video-pipe-3/hw/video-pipe-hw-v5/hw_011223.runs/bd_41e7_vsc_0_synth_1/prj/sol/.autopilot/db/v_vscaler.cpp:151]   --->   Operation 49 'specchannel' 'empty_71' <Predicate = true> <Delay = 0.00>
ST_11 : Operation 50 [1/1] (0.00ns)   --->   "%specinterface_ln151 = specinterface void @_ssdm_op_SpecInterface, i11 %HwReg_HeightOut_c, void @ap_fifo_str, i32 0, i32 0, void @p_str, i32 0, i32 0, void @p_str, void @p_str, void @p_str, i32 2, i32 2, i32 16, i32 16, void @p_str, void @p_str, i32 4294967295, i32 0" [/home/alen/repo/zynq-7020-video-pipe-3/hw/video-pipe-hw-v5/hw_011223.runs/bd_41e7_vsc_0_synth_1/prj/sol/.autopilot/db/v_vscaler.cpp:151]   --->   Operation 50 'specinterface' 'specinterface_ln151' <Predicate = true> <Delay = 0.00>
ST_11 : Operation 51 [1/1] (0.00ns)   --->   "%empty_72 = specchannel i32 @_ssdm_op_SpecChannel, void @HwReg_OC_Width_c18_str, i32 1, void @p_str, void @p_str, i32 2, i32 0, i11 %HwReg_Width_c18, i11 %HwReg_Width_c18" [/home/alen/repo/zynq-7020-video-pipe-3/hw/video-pipe-hw-v5/hw_011223.runs/bd_41e7_vsc_0_synth_1/prj/sol/.autopilot/db/v_vscaler.cpp:151]   --->   Operation 51 'specchannel' 'empty_72' <Predicate = true> <Delay = 0.00>
ST_11 : Operation 52 [1/1] (0.00ns)   --->   "%specinterface_ln151 = specinterface void @_ssdm_op_SpecInterface, i11 %HwReg_Width_c18, void @ap_fifo_str, i32 0, i32 0, void @p_str, i32 0, i32 0, void @p_str, void @p_str, void @p_str, i32 2, i32 2, i32 16, i32 16, void @p_str, void @p_str, i32 4294967295, i32 0" [/home/alen/repo/zynq-7020-video-pipe-3/hw/video-pipe-hw-v5/hw_011223.runs/bd_41e7_vsc_0_synth_1/prj/sol/.autopilot/db/v_vscaler.cpp:151]   --->   Operation 52 'specinterface' 'specinterface_ln151' <Predicate = true> <Delay = 0.00>
ST_11 : Operation 53 [1/1] (0.00ns)   --->   "%empty_73 = specchannel i32 @_ssdm_op_SpecChannel, void @HwReg_OC_Width_c17_str, i32 1, void @p_str, void @p_str, i32 2, i32 0, i11 %HwReg_Width_c17, i11 %HwReg_Width_c17" [/home/alen/repo/zynq-7020-video-pipe-3/hw/video-pipe-hw-v5/hw_011223.runs/bd_41e7_vsc_0_synth_1/prj/sol/.autopilot/db/v_vscaler.cpp:151]   --->   Operation 53 'specchannel' 'empty_73' <Predicate = true> <Delay = 0.00>
ST_11 : Operation 54 [1/1] (0.00ns)   --->   "%specinterface_ln151 = specinterface void @_ssdm_op_SpecInterface, i11 %HwReg_Width_c17, void @ap_fifo_str, i32 0, i32 0, void @p_str, i32 0, i32 0, void @p_str, void @p_str, void @p_str, i32 2, i32 2, i32 16, i32 16, void @p_str, void @p_str, i32 4294967295, i32 0" [/home/alen/repo/zynq-7020-video-pipe-3/hw/video-pipe-hw-v5/hw_011223.runs/bd_41e7_vsc_0_synth_1/prj/sol/.autopilot/db/v_vscaler.cpp:151]   --->   Operation 54 'specinterface' 'specinterface_ln151' <Predicate = true> <Delay = 0.00>
ST_11 : Operation 55 [1/1] (0.00ns)   --->   "%empty_74 = specchannel i32 @_ssdm_op_SpecChannel, void @HwReg_OC_Width_c16_str, i32 1, void @p_str, void @p_str, i32 2, i32 0, i11 %HwReg_Width_c16, i11 %HwReg_Width_c16" [/home/alen/repo/zynq-7020-video-pipe-3/hw/video-pipe-hw-v5/hw_011223.runs/bd_41e7_vsc_0_synth_1/prj/sol/.autopilot/db/v_vscaler.cpp:151]   --->   Operation 55 'specchannel' 'empty_74' <Predicate = true> <Delay = 0.00>
ST_11 : Operation 56 [1/1] (0.00ns)   --->   "%specinterface_ln151 = specinterface void @_ssdm_op_SpecInterface, i11 %HwReg_Width_c16, void @ap_fifo_str, i32 0, i32 0, void @p_str, i32 0, i32 0, void @p_str, void @p_str, void @p_str, i32 2, i32 2, i32 16, i32 16, void @p_str, void @p_str, i32 4294967295, i32 0" [/home/alen/repo/zynq-7020-video-pipe-3/hw/video-pipe-hw-v5/hw_011223.runs/bd_41e7_vsc_0_synth_1/prj/sol/.autopilot/db/v_vscaler.cpp:151]   --->   Operation 56 'specinterface' 'specinterface_ln151' <Predicate = true> <Delay = 0.00>
ST_11 : Operation 57 [1/1] (0.00ns)   --->   "%empty_75 = specchannel i32 @_ssdm_op_SpecChannel, void @HwReg_OC_Width_c_str, i32 1, void @p_str, void @p_str, i32 2, i32 0, i11 %HwReg_Width_c, i11 %HwReg_Width_c" [/home/alen/repo/zynq-7020-video-pipe-3/hw/video-pipe-hw-v5/hw_011223.runs/bd_41e7_vsc_0_synth_1/prj/sol/.autopilot/db/v_vscaler.cpp:151]   --->   Operation 57 'specchannel' 'empty_75' <Predicate = true> <Delay = 0.00>
ST_11 : Operation 58 [1/1] (0.00ns)   --->   "%specinterface_ln151 = specinterface void @_ssdm_op_SpecInterface, i11 %HwReg_Width_c, void @ap_fifo_str, i32 0, i32 0, void @p_str, i32 0, i32 0, void @p_str, void @p_str, void @p_str, i32 2, i32 2, i32 16, i32 16, void @p_str, void @p_str, i32 4294967295, i32 0" [/home/alen/repo/zynq-7020-video-pipe-3/hw/video-pipe-hw-v5/hw_011223.runs/bd_41e7_vsc_0_synth_1/prj/sol/.autopilot/db/v_vscaler.cpp:151]   --->   Operation 58 'specinterface' 'specinterface_ln151' <Predicate = true> <Delay = 0.00>
ST_11 : Operation 59 [1/1] (0.00ns)   --->   "%empty_76 = specchannel i32 @_ssdm_op_SpecChannel, void @HwReg_OC_HeightIn_c15_str, i32 1, void @p_str, void @p_str, i32 2, i32 0, i11 %HwReg_HeightIn_c15, i11 %HwReg_HeightIn_c15" [/home/alen/repo/zynq-7020-video-pipe-3/hw/video-pipe-hw-v5/hw_011223.runs/bd_41e7_vsc_0_synth_1/prj/sol/.autopilot/db/v_vscaler.cpp:151]   --->   Operation 59 'specchannel' 'empty_76' <Predicate = true> <Delay = 0.00>
ST_11 : Operation 60 [1/1] (0.00ns)   --->   "%specinterface_ln151 = specinterface void @_ssdm_op_SpecInterface, i11 %HwReg_HeightIn_c15, void @ap_fifo_str, i32 0, i32 0, void @p_str, i32 0, i32 0, void @p_str, void @p_str, void @p_str, i32 2, i32 2, i32 16, i32 16, void @p_str, void @p_str, i32 4294967295, i32 0" [/home/alen/repo/zynq-7020-video-pipe-3/hw/video-pipe-hw-v5/hw_011223.runs/bd_41e7_vsc_0_synth_1/prj/sol/.autopilot/db/v_vscaler.cpp:151]   --->   Operation 60 'specinterface' 'specinterface_ln151' <Predicate = true> <Delay = 0.00>
ST_11 : Operation 61 [1/1] (0.00ns)   --->   "%empty_77 = specchannel i32 @_ssdm_op_SpecChannel, void @HwReg_OC_HeightIn_c14_str, i32 1, void @p_str, void @p_str, i32 2, i32 0, i11 %HwReg_HeightIn_c14, i11 %HwReg_HeightIn_c14" [/home/alen/repo/zynq-7020-video-pipe-3/hw/video-pipe-hw-v5/hw_011223.runs/bd_41e7_vsc_0_synth_1/prj/sol/.autopilot/db/v_vscaler.cpp:151]   --->   Operation 61 'specchannel' 'empty_77' <Predicate = true> <Delay = 0.00>
ST_11 : Operation 62 [1/1] (0.00ns)   --->   "%specinterface_ln151 = specinterface void @_ssdm_op_SpecInterface, i11 %HwReg_HeightIn_c14, void @ap_fifo_str, i32 0, i32 0, void @p_str, i32 0, i32 0, void @p_str, void @p_str, void @p_str, i32 2, i32 2, i32 16, i32 16, void @p_str, void @p_str, i32 4294967295, i32 0" [/home/alen/repo/zynq-7020-video-pipe-3/hw/video-pipe-hw-v5/hw_011223.runs/bd_41e7_vsc_0_synth_1/prj/sol/.autopilot/db/v_vscaler.cpp:151]   --->   Operation 62 'specinterface' 'specinterface_ln151' <Predicate = true> <Delay = 0.00>
ST_11 : Operation 63 [1/1] (0.00ns)   --->   "%empty_78 = specchannel i32 @_ssdm_op_SpecChannel, void @HwReg_OC_HeightIn_c_str, i32 1, void @p_str, void @p_str, i32 2, i32 0, i11 %HwReg_HeightIn_c, i11 %HwReg_HeightIn_c" [/home/alen/repo/zynq-7020-video-pipe-3/hw/video-pipe-hw-v5/hw_011223.runs/bd_41e7_vsc_0_synth_1/prj/sol/.autopilot/db/v_vscaler.cpp:151]   --->   Operation 63 'specchannel' 'empty_78' <Predicate = true> <Delay = 0.00>
ST_11 : Operation 64 [1/1] (0.00ns)   --->   "%specinterface_ln151 = specinterface void @_ssdm_op_SpecInterface, i11 %HwReg_HeightIn_c, void @ap_fifo_str, i32 0, i32 0, void @p_str, i32 0, i32 0, void @p_str, void @p_str, void @p_str, i32 2, i32 2, i32 16, i32 16, void @p_str, void @p_str, i32 4294967295, i32 0" [/home/alen/repo/zynq-7020-video-pipe-3/hw/video-pipe-hw-v5/hw_011223.runs/bd_41e7_vsc_0_synth_1/prj/sol/.autopilot/db/v_vscaler.cpp:151]   --->   Operation 64 'specinterface' 'specinterface_ln151' <Predicate = true> <Delay = 0.00>
ST_11 : Operation 65 [1/1] (0.00ns)   --->   "%specdataflowpipeline_ln151 = specdataflowpipeline void @_ssdm_op_SpecDataflowPipeline, i32 4294967295, i32 0, void @empty_1" [/home/alen/repo/zynq-7020-video-pipe-3/hw/video-pipe-hw-v5/hw_011223.runs/bd_41e7_vsc_0_synth_1/prj/sol/.autopilot/db/v_vscaler.cpp:151]   --->   Operation 65 'specdataflowpipeline' 'specdataflowpipeline_ln151' <Predicate = true> <Delay = 0.00>
ST_11 : Operation 66 [1/1] (0.00ns)   --->   "%spectopmodule_ln104 = spectopmodule void @_ssdm_op_SpecTopModule, void @empty_9" [/home/alen/repo/zynq-7020-video-pipe-3/hw/video-pipe-hw-v5/hw_011223.runs/bd_41e7_vsc_0_synth_1/prj/sol/.autopilot/db/v_vscaler.cpp:104]   --->   Operation 66 'spectopmodule' 'spectopmodule_ln104' <Predicate = true> <Delay = 0.00>
ST_11 : Operation 67 [1/1] (0.00ns)   --->   "%specinterface_ln0 = specinterface void @_ssdm_op_SpecInterface, i32 %s_axis_video_V_data_V, i4 %s_axis_video_V_keep_V, i4 %s_axis_video_V_strb_V, i1 %s_axis_video_V_user_V, i1 %s_axis_video_V_last_V, i1 %s_axis_video_V_id_V, i1 %s_axis_video_V_dest_V, void @empty, i32 1, i32 1, void @empty_14, i32 0, i32 0, void @empty_1, void @empty_1, void @empty_1, i32 0, i32 0, i32 0, i32 0, void @empty_1, void @empty_1, i32 4294967295, i32 0"   --->   Operation 67 'specinterface' 'specinterface_ln0' <Predicate = true> <Delay = 0.00>
ST_11 : Operation 68 [1/1] (0.00ns)   --->   "%specbitsmap_ln0 = specbitsmap void @_ssdm_op_SpecBitsMap, i32 %s_axis_video_V_data_V"   --->   Operation 68 'specbitsmap' 'specbitsmap_ln0' <Predicate = true> <Delay = 0.00>
ST_11 : Operation 69 [1/1] (0.00ns)   --->   "%specbitsmap_ln0 = specbitsmap void @_ssdm_op_SpecBitsMap, i4 %s_axis_video_V_keep_V"   --->   Operation 69 'specbitsmap' 'specbitsmap_ln0' <Predicate = true> <Delay = 0.00>
ST_11 : Operation 70 [1/1] (0.00ns)   --->   "%specbitsmap_ln0 = specbitsmap void @_ssdm_op_SpecBitsMap, i4 %s_axis_video_V_strb_V"   --->   Operation 70 'specbitsmap' 'specbitsmap_ln0' <Predicate = true> <Delay = 0.00>
ST_11 : Operation 71 [1/1] (0.00ns)   --->   "%specbitsmap_ln0 = specbitsmap void @_ssdm_op_SpecBitsMap, i1 %s_axis_video_V_user_V"   --->   Operation 71 'specbitsmap' 'specbitsmap_ln0' <Predicate = true> <Delay = 0.00>
ST_11 : Operation 72 [1/1] (0.00ns)   --->   "%specbitsmap_ln0 = specbitsmap void @_ssdm_op_SpecBitsMap, i1 %s_axis_video_V_last_V"   --->   Operation 72 'specbitsmap' 'specbitsmap_ln0' <Predicate = true> <Delay = 0.00>
ST_11 : Operation 73 [1/1] (0.00ns)   --->   "%specbitsmap_ln0 = specbitsmap void @_ssdm_op_SpecBitsMap, i1 %s_axis_video_V_id_V"   --->   Operation 73 'specbitsmap' 'specbitsmap_ln0' <Predicate = true> <Delay = 0.00>
ST_11 : Operation 74 [1/1] (0.00ns)   --->   "%specbitsmap_ln0 = specbitsmap void @_ssdm_op_SpecBitsMap, i1 %s_axis_video_V_dest_V"   --->   Operation 74 'specbitsmap' 'specbitsmap_ln0' <Predicate = true> <Delay = 0.00>
ST_11 : Operation 75 [1/1] (0.00ns)   --->   "%specbitsmap_ln0 = specbitsmap void @_ssdm_op_SpecBitsMap, i16 %HeightIn"   --->   Operation 75 'specbitsmap' 'specbitsmap_ln0' <Predicate = true> <Delay = 0.00>
ST_11 : Operation 76 [1/1] (0.00ns)   --->   "%specinterface_ln0 = specinterface void @_ssdm_op_SpecInterface, i16 %HeightIn, void @empty_16, i32 0, i32 0, void @empty_1, i32 0, i32 0, void @empty_2, void @empty_17, void @empty_1, i32 0, i32 0, i32 0, i32 0, void @empty_1, void @empty_1, i32 4294967295, i32 0"   --->   Operation 76 'specinterface' 'specinterface_ln0' <Predicate = true> <Delay = 0.00>
ST_11 : Operation 77 [1/1] (0.00ns)   --->   "%specinterface_ln0 = specinterface void @_ssdm_op_SpecInterface, i16 %HeightIn, void @empty_18, i32 0, i32 0, void @empty_1, i32 0, i32 0, void @empty_1, void @empty_1, void @empty_1, i32 0, i32 0, i32 0, i32 0, void @empty_1, void @empty_1, i32 4294967295, i32 0"   --->   Operation 77 'specinterface' 'specinterface_ln0' <Predicate = true> <Delay = 0.00>
ST_11 : Operation 78 [1/1] (0.00ns)   --->   "%specbitsmap_ln0 = specbitsmap void @_ssdm_op_SpecBitsMap, i16 %Width"   --->   Operation 78 'specbitsmap' 'specbitsmap_ln0' <Predicate = true> <Delay = 0.00>
ST_11 : Operation 79 [1/1] (0.00ns)   --->   "%specinterface_ln0 = specinterface void @_ssdm_op_SpecInterface, i16 %Width, void @empty_16, i32 0, i32 0, void @empty_1, i32 0, i32 0, void @empty_2, void @empty_19, void @empty_1, i32 0, i32 0, i32 0, i32 0, void @empty_1, void @empty_1, i32 4294967295, i32 0"   --->   Operation 79 'specinterface' 'specinterface_ln0' <Predicate = true> <Delay = 0.00>
ST_11 : Operation 80 [1/1] (0.00ns)   --->   "%specinterface_ln0 = specinterface void @_ssdm_op_SpecInterface, i16 %Width, void @empty_18, i32 0, i32 0, void @empty_1, i32 0, i32 0, void @empty_1, void @empty_1, void @empty_1, i32 0, i32 0, i32 0, i32 0, void @empty_1, void @empty_1, i32 4294967295, i32 0"   --->   Operation 80 'specinterface' 'specinterface_ln0' <Predicate = true> <Delay = 0.00>
ST_11 : Operation 81 [1/1] (0.00ns)   --->   "%specbitsmap_ln0 = specbitsmap void @_ssdm_op_SpecBitsMap, i16 %HeightOut"   --->   Operation 81 'specbitsmap' 'specbitsmap_ln0' <Predicate = true> <Delay = 0.00>
ST_11 : Operation 82 [1/1] (0.00ns)   --->   "%specinterface_ln0 = specinterface void @_ssdm_op_SpecInterface, i16 %HeightOut, void @empty_16, i32 0, i32 0, void @empty_1, i32 0, i32 0, void @empty_2, void @empty_20, void @empty_1, i32 0, i32 0, i32 0, i32 0, void @empty_1, void @empty_1, i32 4294967295, i32 0"   --->   Operation 82 'specinterface' 'specinterface_ln0' <Predicate = true> <Delay = 0.00>
ST_11 : Operation 83 [1/1] (0.00ns)   --->   "%specinterface_ln0 = specinterface void @_ssdm_op_SpecInterface, i16 %HeightOut, void @empty_18, i32 0, i32 0, void @empty_1, i32 0, i32 0, void @empty_1, void @empty_1, void @empty_1, i32 0, i32 0, i32 0, i32 0, void @empty_1, void @empty_1, i32 4294967295, i32 0"   --->   Operation 83 'specinterface' 'specinterface_ln0' <Predicate = true> <Delay = 0.00>
ST_11 : Operation 84 [1/1] (0.00ns)   --->   "%specbitsmap_ln0 = specbitsmap void @_ssdm_op_SpecBitsMap, i32 %LineRate"   --->   Operation 84 'specbitsmap' 'specbitsmap_ln0' <Predicate = true> <Delay = 0.00>
ST_11 : Operation 85 [1/1] (0.00ns)   --->   "%specinterface_ln0 = specinterface void @_ssdm_op_SpecInterface, i32 %LineRate, void @empty_16, i32 0, i32 0, void @empty_1, i32 0, i32 0, void @empty_2, void @empty_21, void @empty_1, i32 0, i32 0, i32 0, i32 0, void @empty_1, void @empty_1, i32 4294967295, i32 0"   --->   Operation 85 'specinterface' 'specinterface_ln0' <Predicate = true> <Delay = 0.00>
ST_11 : Operation 86 [1/1] (0.00ns)   --->   "%specinterface_ln0 = specinterface void @_ssdm_op_SpecInterface, i32 %LineRate, void @empty_18, i32 0, i32 0, void @empty_1, i32 0, i32 0, void @empty_1, void @empty_1, void @empty_1, i32 0, i32 0, i32 0, i32 0, void @empty_1, void @empty_1, i32 4294967295, i32 0"   --->   Operation 86 'specinterface' 'specinterface_ln0' <Predicate = true> <Delay = 0.00>
ST_11 : Operation 87 [1/1] (0.00ns)   --->   "%specbitsmap_ln0 = specbitsmap void @_ssdm_op_SpecBitsMap, i8 %ColorMode"   --->   Operation 87 'specbitsmap' 'specbitsmap_ln0' <Predicate = true> <Delay = 0.00>
ST_11 : Operation 88 [1/1] (0.00ns)   --->   "%specinterface_ln0 = specinterface void @_ssdm_op_SpecInterface, i8 %ColorMode, void @empty_16, i32 0, i32 0, void @empty_1, i32 0, i32 0, void @empty_2, void @empty_22, void @empty_1, i32 0, i32 0, i32 0, i32 0, void @empty_1, void @empty_1, i32 4294967295, i32 0"   --->   Operation 88 'specinterface' 'specinterface_ln0' <Predicate = true> <Delay = 0.00>
ST_11 : Operation 89 [1/1] (0.00ns)   --->   "%specinterface_ln0 = specinterface void @_ssdm_op_SpecInterface, i8 %ColorMode, void @empty_18, i32 0, i32 0, void @empty_1, i32 0, i32 0, void @empty_1, void @empty_1, void @empty_1, i32 0, i32 0, i32 0, i32 0, void @empty_1, void @empty_1, i32 4294967295, i32 0"   --->   Operation 89 'specinterface' 'specinterface_ln0' <Predicate = true> <Delay = 0.00>
ST_11 : Operation 90 [1/1] (0.00ns)   --->   "%specinterface_ln0 = specinterface void @_ssdm_op_SpecInterface, i16 %vfltCoeff, void @empty_16, i32 0, i32 0, void @empty_1, i32 0, i32 0, void @empty_2, void @empty_23, void @empty_1, i32 0, i32 0, i32 0, i32 0, void @empty_1, void @empty_1, i32 4294967295, i32 0"   --->   Operation 90 'specinterface' 'specinterface_ln0' <Predicate = true> <Delay = 0.00>
ST_11 : Operation 91 [1/1] (0.00ns)   --->   "%specinterface_ln0 = specinterface void @_ssdm_op_SpecInterface, i16 %vfltCoeff, void @empty_11, i32 0, i32 0, void @empty_1, i32 1, i32 0, void @empty_1, void @empty_1, void @empty_1, i32 0, i32 0, i32 0, i32 0, void @empty_1, void @empty_1, i32 4294967295, i32 0"   --->   Operation 91 'specinterface' 'specinterface_ln0' <Predicate = true> <Delay = 0.00>
ST_11 : Operation 92 [1/1] (0.00ns)   --->   "%specmemcore_ln0 = specmemcore void @_ssdm_op_SpecMemCore, i16 %vfltCoeff, i64 666, i64 207, i64 1"   --->   Operation 92 'specmemcore' 'specmemcore_ln0' <Predicate = true> <Delay = 0.00>
ST_11 : Operation 93 [1/1] (0.00ns)   --->   "%specbitsmap_ln0 = specbitsmap void @_ssdm_op_SpecBitsMap, i16 %vfltCoeff"   --->   Operation 93 'specbitsmap' 'specbitsmap_ln0' <Predicate = true> <Delay = 0.00>
ST_11 : Operation 94 [1/1] (0.00ns)   --->   "%specinterface_ln0 = specinterface void @_ssdm_op_SpecInterface, i32 %m_axis_video_V_data_V, i4 %m_axis_video_V_keep_V, i4 %m_axis_video_V_strb_V, i1 %m_axis_video_V_user_V, i1 %m_axis_video_V_last_V, i1 %m_axis_video_V_id_V, i1 %m_axis_video_V_dest_V, void @empty, i32 1, i32 1, void @empty_14, i32 0, i32 0, void @empty_1, void @empty_1, void @empty_1, i32 0, i32 0, i32 0, i32 0, void @empty_1, void @empty_1, i32 4294967295, i32 0"   --->   Operation 94 'specinterface' 'specinterface_ln0' <Predicate = true> <Delay = 0.00>
ST_11 : Operation 95 [1/1] (0.00ns)   --->   "%specbitsmap_ln0 = specbitsmap void @_ssdm_op_SpecBitsMap, i32 %m_axis_video_V_data_V"   --->   Operation 95 'specbitsmap' 'specbitsmap_ln0' <Predicate = true> <Delay = 0.00>
ST_11 : Operation 96 [1/1] (0.00ns)   --->   "%specbitsmap_ln0 = specbitsmap void @_ssdm_op_SpecBitsMap, i4 %m_axis_video_V_keep_V"   --->   Operation 96 'specbitsmap' 'specbitsmap_ln0' <Predicate = true> <Delay = 0.00>
ST_11 : Operation 97 [1/1] (0.00ns)   --->   "%specbitsmap_ln0 = specbitsmap void @_ssdm_op_SpecBitsMap, i4 %m_axis_video_V_strb_V"   --->   Operation 97 'specbitsmap' 'specbitsmap_ln0' <Predicate = true> <Delay = 0.00>
ST_11 : Operation 98 [1/1] (0.00ns)   --->   "%specbitsmap_ln0 = specbitsmap void @_ssdm_op_SpecBitsMap, i1 %m_axis_video_V_user_V"   --->   Operation 98 'specbitsmap' 'specbitsmap_ln0' <Predicate = true> <Delay = 0.00>
ST_11 : Operation 99 [1/1] (0.00ns)   --->   "%specbitsmap_ln0 = specbitsmap void @_ssdm_op_SpecBitsMap, i1 %m_axis_video_V_last_V"   --->   Operation 99 'specbitsmap' 'specbitsmap_ln0' <Predicate = true> <Delay = 0.00>
ST_11 : Operation 100 [1/1] (0.00ns)   --->   "%specbitsmap_ln0 = specbitsmap void @_ssdm_op_SpecBitsMap, i1 %m_axis_video_V_id_V"   --->   Operation 100 'specbitsmap' 'specbitsmap_ln0' <Predicate = true> <Delay = 0.00>
ST_11 : Operation 101 [1/1] (0.00ns)   --->   "%specbitsmap_ln0 = specbitsmap void @_ssdm_op_SpecBitsMap, i1 %m_axis_video_V_dest_V"   --->   Operation 101 'specbitsmap' 'specbitsmap_ln0' <Predicate = true> <Delay = 0.00>
ST_11 : Operation 102 [1/1] (0.00ns)   --->   "%specinterface_ln0 = specinterface void @_ssdm_op_SpecInterface, i32 0, void @empty_16, i32 0, i32 0, void @empty_1, i32 0, i32 0, void @empty_2, void @empty_1, void @empty_1, i32 0, i32 0, i32 0, i32 0, void @empty_1, void @empty_1, i32 4294967295, i32 0"   --->   Operation 102 'specinterface' 'specinterface_ln0' <Predicate = true> <Delay = 0.00>
ST_11 : Operation 103 [1/1] (0.00ns)   --->   "%empty_79 = specchannel i32 @_ssdm_op_SpecChannel, void @SrcYUV_str, i32 1, void @p_str, void @p_str, i32 16, i32 16, i30 %SrcYUV, i30 %SrcYUV"   --->   Operation 103 'specchannel' 'empty_79' <Predicate = true> <Delay = 0.00>
ST_11 : Operation 104 [1/1] (0.00ns)   --->   "%specinterface_ln0 = specinterface void @_ssdm_op_SpecInterface, i30 %SrcYUV, void @empty_7, i32 0, i32 0, void @empty_1, i32 0, i32 0, void @empty_1, void @empty_1, void @empty_1, i32 0, i32 0, i32 0, i32 0, void @empty_1, void @empty_1, i32 4294967295, i32 0"   --->   Operation 104 'specinterface' 'specinterface_ln0' <Predicate = true> <Delay = 0.00>
ST_11 : Operation 105 [1/1] (0.00ns)   --->   "%empty_80 = specchannel i32 @_ssdm_op_SpecChannel, void @SrcYUV422_str, i32 1, void @p_str, void @p_str, i32 16, i32 16, i30 %SrcYUV422, i30 %SrcYUV422"   --->   Operation 105 'specchannel' 'empty_80' <Predicate = true> <Delay = 0.00>
ST_11 : Operation 106 [1/1] (0.00ns)   --->   "%specinterface_ln0 = specinterface void @_ssdm_op_SpecInterface, i30 %SrcYUV422, void @empty_7, i32 0, i32 0, void @empty_1, i32 0, i32 0, void @empty_1, void @empty_1, void @empty_1, i32 0, i32 0, i32 0, i32 0, void @empty_1, void @empty_1, i32 4294967295, i32 0"   --->   Operation 106 'specinterface' 'specinterface_ln0' <Predicate = true> <Delay = 0.00>
ST_11 : Operation 107 [1/1] (0.00ns)   --->   "%empty_81 = specchannel i32 @_ssdm_op_SpecChannel, void @OutYUV_str, i32 1, void @p_str, void @p_str, i32 16, i32 16, i30 %OutYUV, i30 %OutYUV"   --->   Operation 107 'specchannel' 'empty_81' <Predicate = true> <Delay = 0.00>
ST_11 : Operation 108 [1/1] (0.00ns)   --->   "%specinterface_ln0 = specinterface void @_ssdm_op_SpecInterface, i30 %OutYUV, void @empty_7, i32 0, i32 0, void @empty_1, i32 0, i32 0, void @empty_1, void @empty_1, void @empty_1, i32 0, i32 0, i32 0, i32 0, void @empty_1, void @empty_1, i32 4294967295, i32 0"   --->   Operation 108 'specinterface' 'specinterface_ln0' <Predicate = true> <Delay = 0.00>
ST_11 : Operation 109 [1/1] (0.00ns)   --->   "%empty_82 = specchannel i32 @_ssdm_op_SpecChannel, void @HwReg_OC_LineRate_str, i32 1, void @p_str, void @p_str, i32 2, i32 0, i32 %HwReg_LineRate, i32 %HwReg_LineRate"   --->   Operation 109 'specchannel' 'empty_82' <Predicate = true> <Delay = 0.00>
ST_11 : Operation 110 [1/1] (0.00ns)   --->   "%specinterface_ln0 = specinterface void @_ssdm_op_SpecInterface, i32 %HwReg_LineRate, void @ap_fifo_str, i32 0, i32 0, void @p_str, i32 0, i32 0, void @p_str, void @p_str, void @p_str, i32 2, i32 2, i32 16, i32 16, void @p_str, void @p_str, i32 4294967295, i32 0"   --->   Operation 110 'specinterface' 'specinterface_ln0' <Predicate = true> <Delay = 0.00>
ST_11 : Operation 111 [1/1] (0.00ns)   --->   "%specstablecontent_ln124 = specstablecontent void @_ssdm_op_SpecStableContent, i16 %HeightIn, void " [/home/alen/repo/zynq-7020-video-pipe-3/hw/video-pipe-hw-v5/hw_011223.runs/bd_41e7_vsc_0_synth_1/prj/sol/.autopilot/db/v_vscaler.cpp:124]   --->   Operation 111 'specstablecontent' 'specstablecontent_ln124' <Predicate = true> <Delay = 0.00>
ST_11 : Operation 112 [1/1] (0.00ns)   --->   "%specstablecontent_ln125 = specstablecontent void @_ssdm_op_SpecStableContent, i16 %Width, void " [/home/alen/repo/zynq-7020-video-pipe-3/hw/video-pipe-hw-v5/hw_011223.runs/bd_41e7_vsc_0_synth_1/prj/sol/.autopilot/db/v_vscaler.cpp:125]   --->   Operation 112 'specstablecontent' 'specstablecontent_ln125' <Predicate = true> <Delay = 0.00>
ST_11 : Operation 113 [1/1] (0.00ns)   --->   "%specstablecontent_ln126 = specstablecontent void @_ssdm_op_SpecStableContent, i16 %HeightOut, void " [/home/alen/repo/zynq-7020-video-pipe-3/hw/video-pipe-hw-v5/hw_011223.runs/bd_41e7_vsc_0_synth_1/prj/sol/.autopilot/db/v_vscaler.cpp:126]   --->   Operation 113 'specstablecontent' 'specstablecontent_ln126' <Predicate = true> <Delay = 0.00>
ST_11 : Operation 114 [1/1] (0.00ns)   --->   "%specstablecontent_ln127 = specstablecontent void @_ssdm_op_SpecStableContent, i32 %LineRate, void " [/home/alen/repo/zynq-7020-video-pipe-3/hw/video-pipe-hw-v5/hw_011223.runs/bd_41e7_vsc_0_synth_1/prj/sol/.autopilot/db/v_vscaler.cpp:127]   --->   Operation 114 'specstablecontent' 'specstablecontent_ln127' <Predicate = true> <Delay = 0.00>
ST_11 : Operation 115 [1/1] (0.00ns)   --->   "%specstablecontent_ln128 = specstablecontent void @_ssdm_op_SpecStableContent, i8 %ColorMode, void " [/home/alen/repo/zynq-7020-video-pipe-3/hw/video-pipe-hw-v5/hw_011223.runs/bd_41e7_vsc_0_synth_1/prj/sol/.autopilot/db/v_vscaler.cpp:128]   --->   Operation 115 'specstablecontent' 'specstablecontent_ln128' <Predicate = true> <Delay = 0.00>
ST_11 : Operation 116 [1/1] (0.00ns)   --->   "%specaxissidechannel_ln182 = specaxissidechannel void @_ssdm_op_SpecAXISSideChannel, i32 %m_axis_video_V_data_V, i4 %m_axis_video_V_keep_V, i4 %m_axis_video_V_strb_V, i1 %m_axis_video_V_user_V, i1 %m_axis_video_V_last_V, i1 %m_axis_video_V_id_V, i1 %m_axis_video_V_dest_V, void @empty_6" [/home/alen/repo/zynq-7020-video-pipe-3/hw/video-pipe-hw-v5/hw_011223.runs/bd_41e7_vsc_0_synth_1/prj/sol/.autopilot/db/v_vscaler.cpp:182]   --->   Operation 116 'specaxissidechannel' 'specaxissidechannel_ln182' <Predicate = true> <Delay = 0.00>
ST_11 : Operation 117 [1/1] (0.00ns)   --->   "%specaxissidechannel_ln182 = specaxissidechannel void @_ssdm_op_SpecAXISSideChannel, i32 %s_axis_video_V_data_V, i4 %s_axis_video_V_keep_V, i4 %s_axis_video_V_strb_V, i1 %s_axis_video_V_user_V, i1 %s_axis_video_V_last_V, i1 %s_axis_video_V_id_V, i1 %s_axis_video_V_dest_V, void @empty_5" [/home/alen/repo/zynq-7020-video-pipe-3/hw/video-pipe-hw-v5/hw_011223.runs/bd_41e7_vsc_0_synth_1/prj/sol/.autopilot/db/v_vscaler.cpp:182]   --->   Operation 117 'specaxissidechannel' 'specaxissidechannel_ln182' <Predicate = true> <Delay = 0.00>
ST_11 : Operation 118 [1/1] (0.00ns)   --->   "%ret_ln182 = ret" [/home/alen/repo/zynq-7020-video-pipe-3/hw/video-pipe-hw-v5/hw_011223.runs/bd_41e7_vsc_0_synth_1/prj/sol/.autopilot/db/v_vscaler.cpp:182]   --->   Operation 118 'ret' 'ret_ln182' <Predicate = true> <Delay = 0.00>


============================================================
+ Verbose Summary: Binding
============================================================
STG Binding: 
---------------- STG Properties BEGIN ----------------
- Is combinational: 0
- Is one-state seq: 0
- Is datapath-only: 0
- Is pipelined: 0
- Is top level: 1
Port [ Return ] is wired: 1; IO mode=ap_ctrl_hs:ce=0
Port [ s_axis_video_V_data_V]:  wired=1; compound=1; hidden=0; nouse=0; global=0; static=0; extern=0; dir=0; type=0; pingpong=0; private_global=0; IO mode=axis:ce=0
Port [ s_axis_video_V_keep_V]:  wired=1; compound=1; hidden=0; nouse=0; global=0; static=0; extern=0; dir=0; type=0; pingpong=0; private_global=0; IO mode=axis:ce=0
Port [ s_axis_video_V_strb_V]:  wired=1; compound=1; hidden=0; nouse=0; global=0; static=0; extern=0; dir=0; type=0; pingpong=0; private_global=0; IO mode=axis:ce=0
Port [ s_axis_video_V_user_V]:  wired=1; compound=1; hidden=0; nouse=0; global=0; static=0; extern=0; dir=0; type=0; pingpong=0; private_global=0; IO mode=axis:ce=0
Port [ s_axis_video_V_last_V]:  wired=1; compound=1; hidden=0; nouse=0; global=0; static=0; extern=0; dir=0; type=0; pingpong=0; private_global=0; IO mode=axis:ce=0
Port [ s_axis_video_V_id_V]:  wired=1; compound=1; hidden=0; nouse=0; global=0; static=0; extern=0; dir=0; type=0; pingpong=0; private_global=0; IO mode=axis:ce=0
Port [ s_axis_video_V_dest_V]:  wired=1; compound=1; hidden=0; nouse=0; global=0; static=0; extern=0; dir=0; type=0; pingpong=0; private_global=0; IO mode=axis:ce=0
Port [ HeightIn]:  wired=1; compound=0; hidden=0; nouse=0; global=0; static=0; extern=0; dir=0; type=0; pingpong=0; private_global=0; IO mode=ap_none:ce=0
Port [ Width]:  wired=1; compound=0; hidden=0; nouse=0; global=0; static=0; extern=0; dir=0; type=0; pingpong=0; private_global=0; IO mode=ap_none:ce=0
Port [ HeightOut]:  wired=1; compound=0; hidden=0; nouse=0; global=0; static=0; extern=0; dir=0; type=0; pingpong=0; private_global=0; IO mode=ap_none:ce=0
Port [ LineRate]:  wired=1; compound=0; hidden=0; nouse=0; global=0; static=0; extern=0; dir=0; type=0; pingpong=0; private_global=0; IO mode=ap_none:ce=0
Port [ ColorMode]:  wired=1; compound=0; hidden=0; nouse=0; global=0; static=0; extern=0; dir=0; type=0; pingpong=0; private_global=0; IO mode=ap_none:ce=0
Port [ vfltCoeff]:  wired=1; compound=1; hidden=0; nouse=0; global=0; static=0; extern=0; dir=0; type=1; pingpong=0; private_global=0; MemPort=[1]; IO mode=ap_memory:ce=0
Port [ m_axis_video_V_data_V]:  wired=1; compound=1; hidden=0; nouse=0; global=0; static=0; extern=0; dir=1; type=0; pingpong=0; private_global=0; IO mode=axis:ce=0
Port [ m_axis_video_V_keep_V]:  wired=1; compound=1; hidden=0; nouse=0; global=0; static=0; extern=0; dir=1; type=0; pingpong=0; private_global=0; IO mode=axis:ce=0
Port [ m_axis_video_V_strb_V]:  wired=1; compound=1; hidden=0; nouse=0; global=0; static=0; extern=0; dir=1; type=0; pingpong=0; private_global=0; IO mode=axis:ce=0
Port [ m_axis_video_V_user_V]:  wired=1; compound=1; hidden=0; nouse=0; global=0; static=0; extern=0; dir=1; type=0; pingpong=0; private_global=0; IO mode=axis:ce=0
Port [ m_axis_video_V_last_V]:  wired=1; compound=1; hidden=0; nouse=0; global=0; static=0; extern=0; dir=1; type=0; pingpong=0; private_global=0; IO mode=axis:ce=0
Port [ m_axis_video_V_id_V]:  wired=1; compound=1; hidden=0; nouse=0; global=0; static=0; extern=0; dir=1; type=0; pingpong=0; private_global=0; IO mode=axis:ce=0
Port [ m_axis_video_V_dest_V]:  wired=1; compound=1; hidden=0; nouse=0; global=0; static=0; extern=0; dir=1; type=0; pingpong=0; private_global=0; IO mode=axis:ce=0
---------------- STG Properties END ------------------

---------------- Datapath Model BEGIN ----------------

<LifeTime>
<method=bitvector/>
ColorMode_vcr_c21          (alloca              ) [ 011111111111]
ColorMode_vcr_c            (alloca              ) [ 001111111111]
HwReg_ColorMode_c20        (alloca              ) [ 011111111111]
HwReg_ColorMode_c          (alloca              ) [ 001111111111]
HwReg_HeightOut_c19        (alloca              ) [ 011111111111]
HwReg_HeightOut_c          (alloca              ) [ 001111111111]
HwReg_Width_c18            (alloca              ) [ 011111111111]
HwReg_Width_c17            (alloca              ) [ 001111111111]
HwReg_Width_c16            (alloca              ) [ 001111111111]
HwReg_Width_c              (alloca              ) [ 001111111111]
HwReg_HeightIn_c15         (alloca              ) [ 011111111111]
HwReg_HeightIn_c14         (alloca              ) [ 001111111111]
HwReg_HeightIn_c           (alloca              ) [ 001111111111]
SrcYUV                     (alloca              ) [ 001111111111]
SrcYUV422                  (alloca              ) [ 001111111111]
OutYUV                     (alloca              ) [ 001111111111]
HwReg_LineRate             (alloca              ) [ 011111111111]
call_ln151                 (call                ) [ 000000000000]
call_ln157                 (call                ) [ 000000000000]
call_ln160                 (call                ) [ 000000000000]
call_ln176                 (call                ) [ 000000000000]
call_ln180                 (call                ) [ 000000000000]
empty                      (specchannel         ) [ 000000000000]
specinterface_ln151        (specinterface       ) [ 000000000000]
empty_67                   (specchannel         ) [ 000000000000]
specinterface_ln151        (specinterface       ) [ 000000000000]
empty_68                   (specchannel         ) [ 000000000000]
specinterface_ln151        (specinterface       ) [ 000000000000]
empty_69                   (specchannel         ) [ 000000000000]
specinterface_ln151        (specinterface       ) [ 000000000000]
empty_70                   (specchannel         ) [ 000000000000]
specinterface_ln151        (specinterface       ) [ 000000000000]
empty_71                   (specchannel         ) [ 000000000000]
specinterface_ln151        (specinterface       ) [ 000000000000]
empty_72                   (specchannel         ) [ 000000000000]
specinterface_ln151        (specinterface       ) [ 000000000000]
empty_73                   (specchannel         ) [ 000000000000]
specinterface_ln151        (specinterface       ) [ 000000000000]
empty_74                   (specchannel         ) [ 000000000000]
specinterface_ln151        (specinterface       ) [ 000000000000]
empty_75                   (specchannel         ) [ 000000000000]
specinterface_ln151        (specinterface       ) [ 000000000000]
empty_76                   (specchannel         ) [ 000000000000]
specinterface_ln151        (specinterface       ) [ 000000000000]
empty_77                   (specchannel         ) [ 000000000000]
specinterface_ln151        (specinterface       ) [ 000000000000]
empty_78                   (specchannel         ) [ 000000000000]
specinterface_ln151        (specinterface       ) [ 000000000000]
specdataflowpipeline_ln151 (specdataflowpipeline) [ 000000000000]
spectopmodule_ln104        (spectopmodule       ) [ 000000000000]
specinterface_ln0          (specinterface       ) [ 000000000000]
specbitsmap_ln0            (specbitsmap         ) [ 000000000000]
specbitsmap_ln0            (specbitsmap         ) [ 000000000000]
specbitsmap_ln0            (specbitsmap         ) [ 000000000000]
specbitsmap_ln0            (specbitsmap         ) [ 000000000000]
specbitsmap_ln0            (specbitsmap         ) [ 000000000000]
specbitsmap_ln0            (specbitsmap         ) [ 000000000000]
specbitsmap_ln0            (specbitsmap         ) [ 000000000000]
specbitsmap_ln0            (specbitsmap         ) [ 000000000000]
specinterface_ln0          (specinterface       ) [ 000000000000]
specinterface_ln0          (specinterface       ) [ 000000000000]
specbitsmap_ln0            (specbitsmap         ) [ 000000000000]
specinterface_ln0          (specinterface       ) [ 000000000000]
specinterface_ln0          (specinterface       ) [ 000000000000]
specbitsmap_ln0            (specbitsmap         ) [ 000000000000]
specinterface_ln0          (specinterface       ) [ 000000000000]
specinterface_ln0          (specinterface       ) [ 000000000000]
specbitsmap_ln0            (specbitsmap         ) [ 000000000000]
specinterface_ln0          (specinterface       ) [ 000000000000]
specinterface_ln0          (specinterface       ) [ 000000000000]
specbitsmap_ln0            (specbitsmap         ) [ 000000000000]
specinterface_ln0          (specinterface       ) [ 000000000000]
specinterface_ln0          (specinterface       ) [ 000000000000]
specinterface_ln0          (specinterface       ) [ 000000000000]
specinterface_ln0          (specinterface       ) [ 000000000000]
specmemcore_ln0            (specmemcore         ) [ 000000000000]
specbitsmap_ln0            (specbitsmap         ) [ 000000000000]
specinterface_ln0          (specinterface       ) [ 000000000000]
specbitsmap_ln0            (specbitsmap         ) [ 000000000000]
specbitsmap_ln0            (specbitsmap         ) [ 000000000000]
specbitsmap_ln0            (specbitsmap         ) [ 000000000000]
specbitsmap_ln0            (specbitsmap         ) [ 000000000000]
specbitsmap_ln0            (specbitsmap         ) [ 000000000000]
specbitsmap_ln0            (specbitsmap         ) [ 000000000000]
specbitsmap_ln0            (specbitsmap         ) [ 000000000000]
specinterface_ln0          (specinterface       ) [ 000000000000]
empty_79                   (specchannel         ) [ 000000000000]
specinterface_ln0          (specinterface       ) [ 000000000000]
empty_80                   (specchannel         ) [ 000000000000]
specinterface_ln0          (specinterface       ) [ 000000000000]
empty_81                   (specchannel         ) [ 000000000000]
specinterface_ln0          (specinterface       ) [ 000000000000]
empty_82                   (specchannel         ) [ 000000000000]
specinterface_ln0          (specinterface       ) [ 000000000000]
specstablecontent_ln124    (specstablecontent   ) [ 000000000000]
specstablecontent_ln125    (specstablecontent   ) [ 000000000000]
specstablecontent_ln126    (specstablecontent   ) [ 000000000000]
specstablecontent_ln127    (specstablecontent   ) [ 000000000000]
specstablecontent_ln128    (specstablecontent   ) [ 000000000000]
specaxissidechannel_ln182  (specaxissidechannel ) [ 000000000000]
specaxissidechannel_ln182  (specaxissidechannel ) [ 000000000000]
ret_ln182                  (ret                 ) [ 000000000000]
</LifeTime>

<model>

<comp_list>
<comp id="0" class="1000" name="s_axis_video_V_data_V">
<pin_list>
<pin id="1" dir="1" index="0" bw="1" slack="0"/>
</pin_list>
<bind>
<StgValue><ssdm name="s_axis_video_V_data_V"/></StgValue>
</bind>
</comp>

<comp id="2" class="1000" name="s_axis_video_V_keep_V">
<pin_list>
<pin id="3" dir="1" index="0" bw="1" slack="0"/>
</pin_list>
<bind>
<StgValue><ssdm name="s_axis_video_V_keep_V"/></StgValue>
</bind>
</comp>

<comp id="4" class="1000" name="s_axis_video_V_strb_V">
<pin_list>
<pin id="5" dir="1" index="0" bw="1" slack="0"/>
</pin_list>
<bind>
<StgValue><ssdm name="s_axis_video_V_strb_V"/></StgValue>
</bind>
</comp>

<comp id="6" class="1000" name="s_axis_video_V_user_V">
<pin_list>
<pin id="7" dir="1" index="0" bw="1" slack="0"/>
</pin_list>
<bind>
<StgValue><ssdm name="s_axis_video_V_user_V"/></StgValue>
</bind>
</comp>

<comp id="8" class="1000" name="s_axis_video_V_last_V">
<pin_list>
<pin id="9" dir="1" index="0" bw="1" slack="0"/>
</pin_list>
<bind>
<StgValue><ssdm name="s_axis_video_V_last_V"/></StgValue>
</bind>
</comp>

<comp id="10" class="1000" name="s_axis_video_V_id_V">
<pin_list>
<pin id="11" dir="1" index="0" bw="1" slack="0"/>
</pin_list>
<bind>
<StgValue><ssdm name="s_axis_video_V_id_V"/></StgValue>
</bind>
</comp>

<comp id="12" class="1000" name="s_axis_video_V_dest_V">
<pin_list>
<pin id="13" dir="1" index="0" bw="1" slack="0"/>
</pin_list>
<bind>
<StgValue><ssdm name="s_axis_video_V_dest_V"/></StgValue>
</bind>
</comp>

<comp id="14" class="1000" name="HeightIn">
<pin_list>
<pin id="15" dir="1" index="0" bw="1" slack="0"/>
</pin_list>
<bind>
<StgValue><ssdm name="HeightIn"/></StgValue>
</bind>
</comp>

<comp id="16" class="1000" name="Width">
<pin_list>
<pin id="17" dir="1" index="0" bw="1" slack="0"/>
</pin_list>
<bind>
<StgValue><ssdm name="Width"/></StgValue>
</bind>
</comp>

<comp id="18" class="1000" name="HeightOut">
<pin_list>
<pin id="19" dir="1" index="0" bw="1" slack="0"/>
</pin_list>
<bind>
<StgValue><ssdm name="HeightOut"/></StgValue>
</bind>
</comp>

<comp id="20" class="1000" name="LineRate">
<pin_list>
<pin id="21" dir="1" index="0" bw="1" slack="0"/>
</pin_list>
<bind>
<StgValue><ssdm name="LineRate"/></StgValue>
</bind>
</comp>

<comp id="22" class="1000" name="ColorMode">
<pin_list>
<pin id="23" dir="1" index="0" bw="1" slack="0"/>
</pin_list>
<bind>
<StgValue><ssdm name="ColorMode"/></StgValue>
</bind>
</comp>

<comp id="24" class="1000" name="vfltCoeff">
<pin_list>
<pin id="25" dir="1" index="0" bw="1" slack="0"/>
</pin_list>
<bind>
<StgValue><ssdm name="vfltCoeff"/><MemPortTyVec>1 </MemPortTyVec>
</StgValue>
</bind>
</comp>

<comp id="26" class="1000" name="m_axis_video_V_data_V">
<pin_list>
<pin id="27" dir="1" index="0" bw="1" slack="0"/>
</pin_list>
<bind>
<StgValue><ssdm name="m_axis_video_V_data_V"/></StgValue>
</bind>
</comp>

<comp id="28" class="1000" name="m_axis_video_V_keep_V">
<pin_list>
<pin id="29" dir="1" index="0" bw="1" slack="0"/>
</pin_list>
<bind>
<StgValue><ssdm name="m_axis_video_V_keep_V"/></StgValue>
</bind>
</comp>

<comp id="30" class="1000" name="m_axis_video_V_strb_V">
<pin_list>
<pin id="31" dir="1" index="0" bw="1" slack="0"/>
</pin_list>
<bind>
<StgValue><ssdm name="m_axis_video_V_strb_V"/></StgValue>
</bind>
</comp>

<comp id="32" class="1000" name="m_axis_video_V_user_V">
<pin_list>
<pin id="33" dir="1" index="0" bw="1" slack="0"/>
</pin_list>
<bind>
<StgValue><ssdm name="m_axis_video_V_user_V"/></StgValue>
</bind>
</comp>

<comp id="34" class="1000" name="m_axis_video_V_last_V">
<pin_list>
<pin id="35" dir="1" index="0" bw="1" slack="0"/>
</pin_list>
<bind>
<StgValue><ssdm name="m_axis_video_V_last_V"/></StgValue>
</bind>
</comp>

<comp id="36" class="1000" name="m_axis_video_V_id_V">
<pin_list>
<pin id="37" dir="1" index="0" bw="1" slack="0"/>
</pin_list>
<bind>
<StgValue><ssdm name="m_axis_video_V_id_V"/></StgValue>
</bind>
</comp>

<comp id="38" class="1000" name="m_axis_video_V_dest_V">
<pin_list>
<pin id="39" dir="1" index="0" bw="1" slack="0"/>
</pin_list>
<bind>
<StgValue><ssdm name="m_axis_video_V_dest_V"/></StgValue>
</bind>
</comp>

<comp id="40" class="1001" name="const_40">
<pin_list>
<pin id="41" dir="1" index="0" bw="1" slack="0"/>
</pin_list>
<bind>
<StgValue><ssdm name=""/></StgValue>
</bind>
</comp>

<comp id="42" class="1001" name="const_42">
<pin_list>
<pin id="43" dir="1" index="0" bw="1" slack="0"/>
</pin_list>
<bind>
<StgValue><ssdm name="Block_entry4_proc"/></StgValue>
</bind>
</comp>

<comp id="44" class="1001" name="const_44">
<pin_list>
<pin id="45" dir="1" index="0" bw="1" slack="0"/>
</pin_list>
<bind>
<StgValue><ssdm name="AXIvideo2MultiPixStream"/></StgValue>
</bind>
</comp>

<comp id="46" class="1001" name="const_46">
<pin_list>
<pin id="47" dir="1" index="0" bw="1" slack="0"/>
</pin_list>
<bind>
<StgValue><ssdm name="v_vcresampler_core"/></StgValue>
</bind>
</comp>

<comp id="48" class="1001" name="const_48">
<pin_list>
<pin id="49" dir="1" index="0" bw="1" slack="0"/>
</pin_list>
<bind>
<StgValue><ssdm name="vscale_core_polyphase"/></StgValue>
</bind>
</comp>

<comp id="50" class="1001" name="const_50">
<pin_list>
<pin id="51" dir="1" index="0" bw="1" slack="0"/>
</pin_list>
<bind>
<StgValue><ssdm name="MultiPixStream2AXIvideo"/></StgValue>
</bind>
</comp>

<comp id="52" class="1001" name="const_52">
<pin_list>
<pin id="53" dir="1" index="0" bw="1" slack="2147483647"/>
</pin_list>
<bind>
<StgValue><ssdm name="_ssdm_op_SpecChannel"/></StgValue>
</bind>
</comp>

<comp id="54" class="1001" name="const_54">
<pin_list>
<pin id="55" dir="1" index="0" bw="1" slack="2147483647"/>
</pin_list>
<bind>
<StgValue><ssdm name="ColorMode_vcr_c21_str"/></StgValue>
</bind>
</comp>

<comp id="56" class="1001" name="const_56">
<pin_list>
<pin id="57" dir="1" index="0" bw="1" slack="2147483647"/>
</pin_list>
<bind>
<StgValue><ssdm name=""/></StgValue>
</bind>
</comp>

<comp id="58" class="1001" name="const_58">
<pin_list>
<pin id="59" dir="1" index="0" bw="1" slack="2147483647"/>
</pin_list>
<bind>
<StgValue><ssdm name="p_str"/></StgValue>
</bind>
</comp>

<comp id="60" class="1001" name="const_60">
<pin_list>
<pin id="61" dir="1" index="0" bw="1" slack="2147483647"/>
</pin_list>
<bind>
<StgValue><ssdm name=""/></StgValue>
</bind>
</comp>

<comp id="62" class="1001" name="const_62">
<pin_list>
<pin id="63" dir="1" index="0" bw="1" slack="2147483647"/>
</pin_list>
<bind>
<StgValue><ssdm name=""/></StgValue>
</bind>
</comp>

<comp id="64" class="1001" name="const_64">
<pin_list>
<pin id="65" dir="1" index="0" bw="1" slack="2147483647"/>
</pin_list>
<bind>
<StgValue><ssdm name="_ssdm_op_SpecInterface"/></StgValue>
</bind>
</comp>

<comp id="66" class="1001" name="const_66">
<pin_list>
<pin id="67" dir="1" index="0" bw="1" slack="2147483647"/>
</pin_list>
<bind>
<StgValue><ssdm name="ap_fifo_str"/></StgValue>
</bind>
</comp>

<comp id="68" class="1001" name="const_68">
<pin_list>
<pin id="69" dir="1" index="0" bw="1" slack="2147483647"/>
</pin_list>
<bind>
<StgValue><ssdm name=""/></StgValue>
</bind>
</comp>

<comp id="70" class="1001" name="const_70">
<pin_list>
<pin id="71" dir="1" index="0" bw="1" slack="2147483647"/>
</pin_list>
<bind>
<StgValue><ssdm name=""/></StgValue>
</bind>
</comp>

<comp id="72" class="1001" name="const_72">
<pin_list>
<pin id="73" dir="1" index="0" bw="1" slack="2147483647"/>
</pin_list>
<bind>
<StgValue><ssdm name="ColorMode_vcr_c_str"/></StgValue>
</bind>
</comp>

<comp id="74" class="1001" name="const_74">
<pin_list>
<pin id="75" dir="1" index="0" bw="1" slack="2147483647"/>
</pin_list>
<bind>
<StgValue><ssdm name=""/></StgValue>
</bind>
</comp>

<comp id="76" class="1001" name="const_76">
<pin_list>
<pin id="77" dir="1" index="0" bw="1" slack="2147483647"/>
</pin_list>
<bind>
<StgValue><ssdm name="HwReg_OC_ColorMode_c20_str"/></StgValue>
</bind>
</comp>

<comp id="78" class="1001" name="const_78">
<pin_list>
<pin id="79" dir="1" index="0" bw="1" slack="2147483647"/>
</pin_list>
<bind>
<StgValue><ssdm name="HwReg_OC_ColorMode_c_str"/></StgValue>
</bind>
</comp>

<comp id="80" class="1001" name="const_80">
<pin_list>
<pin id="81" dir="1" index="0" bw="1" slack="2147483647"/>
</pin_list>
<bind>
<StgValue><ssdm name="HwReg_OC_HeightOut_c19_str"/></StgValue>
</bind>
</comp>

<comp id="82" class="1001" name="const_82">
<pin_list>
<pin id="83" dir="1" index="0" bw="1" slack="2147483647"/>
</pin_list>
<bind>
<StgValue><ssdm name="HwReg_OC_HeightOut_c_str"/></StgValue>
</bind>
</comp>

<comp id="84" class="1001" name="const_84">
<pin_list>
<pin id="85" dir="1" index="0" bw="1" slack="2147483647"/>
</pin_list>
<bind>
<StgValue><ssdm name="HwReg_OC_Width_c18_str"/></StgValue>
</bind>
</comp>

<comp id="86" class="1001" name="const_86">
<pin_list>
<pin id="87" dir="1" index="0" bw="1" slack="2147483647"/>
</pin_list>
<bind>
<StgValue><ssdm name="HwReg_OC_Width_c17_str"/></StgValue>
</bind>
</comp>

<comp id="88" class="1001" name="const_88">
<pin_list>
<pin id="89" dir="1" index="0" bw="1" slack="2147483647"/>
</pin_list>
<bind>
<StgValue><ssdm name="HwReg_OC_Width_c16_str"/></StgValue>
</bind>
</comp>

<comp id="90" class="1001" name="const_90">
<pin_list>
<pin id="91" dir="1" index="0" bw="1" slack="2147483647"/>
</pin_list>
<bind>
<StgValue><ssdm name="HwReg_OC_Width_c_str"/></StgValue>
</bind>
</comp>

<comp id="92" class="1001" name="const_92">
<pin_list>
<pin id="93" dir="1" index="0" bw="1" slack="2147483647"/>
</pin_list>
<bind>
<StgValue><ssdm name="HwReg_OC_HeightIn_c15_str"/></StgValue>
</bind>
</comp>

<comp id="94" class="1001" name="const_94">
<pin_list>
<pin id="95" dir="1" index="0" bw="1" slack="2147483647"/>
</pin_list>
<bind>
<StgValue><ssdm name="HwReg_OC_HeightIn_c14_str"/></StgValue>
</bind>
</comp>

<comp id="96" class="1001" name="const_96">
<pin_list>
<pin id="97" dir="1" index="0" bw="1" slack="2147483647"/>
</pin_list>
<bind>
<StgValue><ssdm name="HwReg_OC_HeightIn_c_str"/></StgValue>
</bind>
</comp>

<comp id="98" class="1001" name="const_98">
<pin_list>
<pin id="99" dir="1" index="0" bw="1" slack="2147483647"/>
</pin_list>
<bind>
<StgValue><ssdm name="_ssdm_op_SpecDataflowPipeline"/></StgValue>
</bind>
</comp>

<comp id="100" class="1001" name="const_100">
<pin_list>
<pin id="101" dir="1" index="0" bw="1" slack="2147483647"/>
</pin_list>
<bind>
<StgValue><ssdm name="empty_1"/></StgValue>
</bind>
</comp>

<comp id="102" class="1001" name="const_102">
<pin_list>
<pin id="103" dir="1" index="0" bw="1" slack="2147483647"/>
</pin_list>
<bind>
<StgValue><ssdm name="_ssdm_op_SpecTopModule"/></StgValue>
</bind>
</comp>

<comp id="104" class="1001" name="const_104">
<pin_list>
<pin id="105" dir="1" index="0" bw="1" slack="2147483647"/>
</pin_list>
<bind>
<StgValue><ssdm name="empty_9"/></StgValue>
</bind>
</comp>

<comp id="106" class="1001" name="const_106">
<pin_list>
<pin id="107" dir="1" index="0" bw="1" slack="2147483647"/>
</pin_list>
<bind>
<StgValue><ssdm name="empty"/></StgValue>
</bind>
</comp>

<comp id="108" class="1001" name="const_108">
<pin_list>
<pin id="109" dir="1" index="0" bw="1" slack="2147483647"/>
</pin_list>
<bind>
<StgValue><ssdm name="empty_14"/></StgValue>
</bind>
</comp>

<comp id="110" class="1001" name="const_110">
<pin_list>
<pin id="111" dir="1" index="0" bw="1" slack="2147483647"/>
</pin_list>
<bind>
<StgValue><ssdm name="_ssdm_op_SpecBitsMap"/></StgValue>
</bind>
</comp>

<comp id="112" class="1001" name="const_112">
<pin_list>
<pin id="113" dir="1" index="0" bw="1" slack="2147483647"/>
</pin_list>
<bind>
<StgValue><ssdm name="empty_16"/></StgValue>
</bind>
</comp>

<comp id="114" class="1001" name="const_114">
<pin_list>
<pin id="115" dir="1" index="0" bw="1" slack="2147483647"/>
</pin_list>
<bind>
<StgValue><ssdm name="empty_2"/></StgValue>
</bind>
</comp>

<comp id="116" class="1001" name="const_116">
<pin_list>
<pin id="117" dir="1" index="0" bw="1" slack="2147483647"/>
</pin_list>
<bind>
<StgValue><ssdm name="empty_17"/></StgValue>
</bind>
</comp>

<comp id="118" class="1001" name="const_118">
<pin_list>
<pin id="119" dir="1" index="0" bw="1" slack="2147483647"/>
</pin_list>
<bind>
<StgValue><ssdm name="empty_18"/></StgValue>
</bind>
</comp>

<comp id="120" class="1001" name="const_120">
<pin_list>
<pin id="121" dir="1" index="0" bw="1" slack="2147483647"/>
</pin_list>
<bind>
<StgValue><ssdm name="empty_19"/></StgValue>
</bind>
</comp>

<comp id="122" class="1001" name="const_122">
<pin_list>
<pin id="123" dir="1" index="0" bw="1" slack="2147483647"/>
</pin_list>
<bind>
<StgValue><ssdm name="empty_20"/></StgValue>
</bind>
</comp>

<comp id="124" class="1001" name="const_124">
<pin_list>
<pin id="125" dir="1" index="0" bw="1" slack="2147483647"/>
</pin_list>
<bind>
<StgValue><ssdm name="empty_21"/></StgValue>
</bind>
</comp>

<comp id="126" class="1001" name="const_126">
<pin_list>
<pin id="127" dir="1" index="0" bw="1" slack="2147483647"/>
</pin_list>
<bind>
<StgValue><ssdm name="empty_22"/></StgValue>
</bind>
</comp>

<comp id="128" class="1001" name="const_128">
<pin_list>
<pin id="129" dir="1" index="0" bw="1" slack="2147483647"/>
</pin_list>
<bind>
<StgValue><ssdm name="empty_23"/></StgValue>
</bind>
</comp>

<comp id="130" class="1001" name="const_130">
<pin_list>
<pin id="131" dir="1" index="0" bw="1" slack="2147483647"/>
</pin_list>
<bind>
<StgValue><ssdm name="empty_11"/></StgValue>
</bind>
</comp>

<comp id="132" class="1001" name="const_132">
<pin_list>
<pin id="133" dir="1" index="0" bw="1" slack="2147483647"/>
</pin_list>
<bind>
<StgValue><ssdm name="_ssdm_op_SpecMemCore"/></StgValue>
</bind>
</comp>

<comp id="134" class="1001" name="const_134">
<pin_list>
<pin id="135" dir="1" index="0" bw="1" slack="2147483647"/>
</pin_list>
<bind>
<StgValue><ssdm name=""/></StgValue>
</bind>
</comp>

<comp id="136" class="1001" name="const_136">
<pin_list>
<pin id="137" dir="1" index="0" bw="1" slack="2147483647"/>
</pin_list>
<bind>
<StgValue><ssdm name=""/></StgValue>
</bind>
</comp>

<comp id="138" class="1001" name="const_138">
<pin_list>
<pin id="139" dir="1" index="0" bw="1" slack="2147483647"/>
</pin_list>
<bind>
<StgValue><ssdm name="SrcYUV_str"/></StgValue>
</bind>
</comp>

<comp id="140" class="1001" name="const_140">
<pin_list>
<pin id="141" dir="1" index="0" bw="1" slack="2147483647"/>
</pin_list>
<bind>
<StgValue><ssdm name="empty_7"/></StgValue>
</bind>
</comp>

<comp id="142" class="1001" name="const_142">
<pin_list>
<pin id="143" dir="1" index="0" bw="1" slack="2147483647"/>
</pin_list>
<bind>
<StgValue><ssdm name="SrcYUV422_str"/></StgValue>
</bind>
</comp>

<comp id="144" class="1001" name="const_144">
<pin_list>
<pin id="145" dir="1" index="0" bw="1" slack="2147483647"/>
</pin_list>
<bind>
<StgValue><ssdm name="OutYUV_str"/></StgValue>
</bind>
</comp>

<comp id="146" class="1001" name="const_146">
<pin_list>
<pin id="147" dir="1" index="0" bw="1" slack="2147483647"/>
</pin_list>
<bind>
<StgValue><ssdm name="HwReg_OC_LineRate_str"/></StgValue>
</bind>
</comp>

<comp id="148" class="1001" name="const_148">
<pin_list>
<pin id="149" dir="1" index="0" bw="1" slack="2147483647"/>
</pin_list>
<bind>
<StgValue><ssdm name="_ssdm_op_SpecStableContent"/></StgValue>
</bind>
</comp>

<comp id="150" class="1001" name="const_150">
<pin_list>
<pin id="151" dir="1" index="0" bw="1" slack="2147483647"/>
</pin_list>
<bind>
<StgValue><ssdm name=""/></StgValue>
</bind>
</comp>

<comp id="152" class="1001" name="const_152">
<pin_list>
<pin id="153" dir="1" index="0" bw="1" slack="2147483647"/>
</pin_list>
<bind>
<StgValue><ssdm name="_ssdm_op_SpecAXISSideChannel"/></StgValue>
</bind>
</comp>

<comp id="154" class="1001" name="const_154">
<pin_list>
<pin id="155" dir="1" index="0" bw="1" slack="2147483647"/>
</pin_list>
<bind>
<StgValue><ssdm name="empty_6"/></StgValue>
</bind>
</comp>

<comp id="156" class="1001" name="const_156">
<pin_list>
<pin id="157" dir="1" index="0" bw="1" slack="2147483647"/>
</pin_list>
<bind>
<StgValue><ssdm name="empty_5"/></StgValue>
</bind>
</comp>

<comp id="158" class="1004" name="ColorMode_vcr_c21_fu_158">
<pin_list>
<pin id="159" dir="0" index="0" bw="1" slack="0"/>
<pin id="160" dir="1" index="1" bw="8" slack="0"/>
</pin_list>
<bind>
<opcode="alloca(26) " fcode="alloca"/>
<opset="ColorMode_vcr_c21/1 "/>
</bind>
</comp>

<comp id="162" class="1004" name="ColorMode_vcr_c_fu_162">
<pin_list>
<pin id="163" dir="0" index="0" bw="1" slack="0"/>
<pin id="164" dir="1" index="1" bw="8" slack="4"/>
</pin_list>
<bind>
<opcode="alloca(26) " fcode="alloca"/>
<opset="ColorMode_vcr_c/1 "/>
</bind>
</comp>

<comp id="166" class="1004" name="HwReg_ColorMode_c20_fu_166">
<pin_list>
<pin id="167" dir="0" index="0" bw="1" slack="0"/>
<pin id="168" dir="1" index="1" bw="8" slack="0"/>
</pin_list>
<bind>
<opcode="alloca(26) " fcode="alloca"/>
<opset="HwReg_ColorMode_c20/1 "/>
</bind>
</comp>

<comp id="170" class="1004" name="HwReg_ColorMode_c_fu_170">
<pin_list>
<pin id="171" dir="0" index="0" bw="1" slack="0"/>
<pin id="172" dir="1" index="1" bw="8" slack="2"/>
</pin_list>
<bind>
<opcode="alloca(26) " fcode="alloca"/>
<opset="HwReg_ColorMode_c/1 "/>
</bind>
</comp>

<comp id="174" class="1004" name="HwReg_HeightOut_c19_fu_174">
<pin_list>
<pin id="175" dir="0" index="0" bw="1" slack="0"/>
<pin id="176" dir="1" index="1" bw="11" slack="0"/>
</pin_list>
<bind>
<opcode="alloca(26) " fcode="alloca"/>
<opset="HwReg_HeightOut_c19/1 "/>
</bind>
</comp>

<comp id="178" class="1004" name="HwReg_HeightOut_c_fu_178">
<pin_list>
<pin id="179" dir="0" index="0" bw="1" slack="0"/>
<pin id="180" dir="1" index="1" bw="11" slack="6"/>
</pin_list>
<bind>
<opcode="alloca(26) " fcode="alloca"/>
<opset="HwReg_HeightOut_c/1 "/>
</bind>
</comp>

<comp id="182" class="1004" name="HwReg_Width_c18_fu_182">
<pin_list>
<pin id="183" dir="0" index="0" bw="1" slack="0"/>
<pin id="184" dir="1" index="1" bw="11" slack="0"/>
</pin_list>
<bind>
<opcode="alloca(26) " fcode="alloca"/>
<opset="HwReg_Width_c18/1 "/>
</bind>
</comp>

<comp id="186" class="1004" name="HwReg_Width_c17_fu_186">
<pin_list>
<pin id="187" dir="0" index="0" bw="1" slack="0"/>
<pin id="188" dir="1" index="1" bw="11" slack="2"/>
</pin_list>
<bind>
<opcode="alloca(26) " fcode="alloca"/>
<opset="HwReg_Width_c17/1 "/>
</bind>
</comp>

<comp id="190" class="1004" name="HwReg_Width_c16_fu_190">
<pin_list>
<pin id="191" dir="0" index="0" bw="1" slack="0"/>
<pin id="192" dir="1" index="1" bw="11" slack="4"/>
</pin_list>
<bind>
<opcode="alloca(26) " fcode="alloca"/>
<opset="HwReg_Width_c16/1 "/>
</bind>
</comp>

<comp id="194" class="1004" name="HwReg_Width_c_fu_194">
<pin_list>
<pin id="195" dir="0" index="0" bw="1" slack="0"/>
<pin id="196" dir="1" index="1" bw="11" slack="6"/>
</pin_list>
<bind>
<opcode="alloca(26) " fcode="alloca"/>
<opset="HwReg_Width_c/1 "/>
</bind>
</comp>

<comp id="198" class="1004" name="HwReg_HeightIn_c15_fu_198">
<pin_list>
<pin id="199" dir="0" index="0" bw="1" slack="0"/>
<pin id="200" dir="1" index="1" bw="11" slack="0"/>
</pin_list>
<bind>
<opcode="alloca(26) " fcode="alloca"/>
<opset="HwReg_HeightIn_c15/1 "/>
</bind>
</comp>

<comp id="202" class="1004" name="HwReg_HeightIn_c14_fu_202">
<pin_list>
<pin id="203" dir="0" index="0" bw="1" slack="0"/>
<pin id="204" dir="1" index="1" bw="11" slack="2"/>
</pin_list>
<bind>
<opcode="alloca(26) " fcode="alloca"/>
<opset="HwReg_HeightIn_c14/1 "/>
</bind>
</comp>

<comp id="206" class="1004" name="HwReg_HeightIn_c_fu_206">
<pin_list>
<pin id="207" dir="0" index="0" bw="1" slack="0"/>
<pin id="208" dir="1" index="1" bw="11" slack="4"/>
</pin_list>
<bind>
<opcode="alloca(26) " fcode="alloca"/>
<opset="HwReg_HeightIn_c/1 "/>
</bind>
</comp>

<comp id="210" class="1004" name="SrcYUV_fu_210">
<pin_list>
<pin id="211" dir="0" index="0" bw="1" slack="0"/>
<pin id="212" dir="1" index="1" bw="30" slack="2"/>
</pin_list>
<bind>
<opcode="alloca(26) " fcode="alloca"/>
<opset="SrcYUV/1 "/>
</bind>
</comp>

<comp id="214" class="1004" name="SrcYUV422_fu_214">
<pin_list>
<pin id="215" dir="0" index="0" bw="1" slack="0"/>
<pin id="216" dir="1" index="1" bw="30" slack="4"/>
</pin_list>
<bind>
<opcode="alloca(26) " fcode="alloca"/>
<opset="SrcYUV422/1 "/>
</bind>
</comp>

<comp id="218" class="1004" name="OutYUV_fu_218">
<pin_list>
<pin id="219" dir="0" index="0" bw="1" slack="0"/>
<pin id="220" dir="1" index="1" bw="30" slack="6"/>
</pin_list>
<bind>
<opcode="alloca(26) " fcode="alloca"/>
<opset="OutYUV/1 "/>
</bind>
</comp>

<comp id="222" class="1004" name="HwReg_LineRate_fu_222">
<pin_list>
<pin id="223" dir="0" index="0" bw="1" slack="0"/>
<pin id="224" dir="1" index="1" bw="32" slack="0"/>
</pin_list>
<bind>
<opcode="alloca(26) " fcode="alloca"/>
<opset="HwReg_LineRate/1 "/>
</bind>
</comp>

<comp id="226" class="1004" name="grp_Block_entry4_proc_fu_226">
<pin_list>
<pin id="227" dir="0" index="0" bw="0" slack="0"/>
<pin id="228" dir="0" index="1" bw="8" slack="0"/>
<pin id="229" dir="0" index="2" bw="16" slack="0"/>
<pin id="230" dir="0" index="3" bw="16" slack="0"/>
<pin id="231" dir="0" index="4" bw="32" slack="0"/>
<pin id="232" dir="0" index="5" bw="32" slack="0"/>
<pin id="233" dir="0" index="6" bw="16" slack="0"/>
<pin id="234" dir="0" index="7" bw="11" slack="0"/>
<pin id="235" dir="0" index="8" bw="11" slack="0"/>
<pin id="236" dir="0" index="9" bw="11" slack="0"/>
<pin id="237" dir="0" index="10" bw="8" slack="0"/>
<pin id="238" dir="0" index="11" bw="8" slack="0"/>
<pin id="239" dir="1" index="12" bw="0" slack="2147483647"/>
</pin_list>
<bind>
<opcode="call(48) " fcode="call"/>
<opset="call_ln151/1 "/>
</bind>
</comp>

<comp id="246" class="1004" name="grp_AXIvideo2MultiPixStream_fu_246">
<pin_list>
<pin id="247" dir="0" index="0" bw="0" slack="0"/>
<pin id="248" dir="0" index="1" bw="32" slack="0"/>
<pin id="249" dir="0" index="2" bw="4" slack="0"/>
<pin id="250" dir="0" index="3" bw="4" slack="0"/>
<pin id="251" dir="0" index="4" bw="1" slack="0"/>
<pin id="252" dir="0" index="5" bw="1" slack="0"/>
<pin id="253" dir="0" index="6" bw="1" slack="0"/>
<pin id="254" dir="0" index="7" bw="1" slack="0"/>
<pin id="255" dir="0" index="8" bw="30" slack="2"/>
<pin id="256" dir="0" index="9" bw="11" slack="2"/>
<pin id="257" dir="0" index="10" bw="11" slack="2"/>
<pin id="258" dir="0" index="11" bw="8" slack="2"/>
<pin id="259" dir="0" index="12" bw="11" slack="2"/>
<pin id="260" dir="0" index="13" bw="11" slack="2"/>
<pin id="261" dir="0" index="14" bw="8" slack="2"/>
<pin id="262" dir="1" index="15" bw="0" slack="2147483647"/>
</pin_list>
<bind>
<opcode="call(48) " fcode="call"/>
<opset="call_ln157/3 "/>
</bind>
</comp>

<comp id="271" class="1004" name="grp_v_vcresampler_core_fu_271">
<pin_list>
<pin id="272" dir="0" index="0" bw="0" slack="0"/>
<pin id="273" dir="0" index="1" bw="30" slack="4"/>
<pin id="274" dir="0" index="2" bw="11" slack="4"/>
<pin id="275" dir="0" index="3" bw="11" slack="4"/>
<pin id="276" dir="0" index="4" bw="8" slack="4"/>
<pin id="277" dir="0" index="5" bw="8" slack="4"/>
<pin id="278" dir="0" index="6" bw="30" slack="4"/>
<pin id="279" dir="0" index="7" bw="11" slack="4"/>
<pin id="280" dir="0" index="8" bw="11" slack="4"/>
<pin id="281" dir="0" index="9" bw="8" slack="4"/>
<pin id="282" dir="1" index="10" bw="0" slack="2147483647"/>
</pin_list>
<bind>
<opcode="call(48) " fcode="call"/>
<opset="call_ln160/5 "/>
</bind>
</comp>

<comp id="284" class="1004" name="grp_vscale_core_polyphase_fu_284">
<pin_list>
<pin id="285" dir="0" index="0" bw="0" slack="0"/>
<pin id="286" dir="0" index="1" bw="30" slack="6"/>
<pin id="287" dir="0" index="2" bw="11" slack="6"/>
<pin id="288" dir="0" index="3" bw="11" slack="6"/>
<pin id="289" dir="0" index="4" bw="11" slack="6"/>
<pin id="290" dir="0" index="5" bw="32" slack="6"/>
<pin id="291" dir="0" index="6" bw="16" slack="0"/>
<pin id="292" dir="0" index="7" bw="30" slack="6"/>
<pin id="293" dir="0" index="8" bw="11" slack="6"/>
<pin id="294" dir="0" index="9" bw="11" slack="6"/>
<pin id="295" dir="1" index="10" bw="0" slack="2147483647"/>
</pin_list>
<bind>
<opcode="call(48) " fcode="call"/>
<opset="call_ln176/7 "/>
</bind>
</comp>

<comp id="298" class="1004" name="grp_MultiPixStream2AXIvideo_fu_298">
<pin_list>
<pin id="299" dir="0" index="0" bw="0" slack="0"/>
<pin id="300" dir="0" index="1" bw="30" slack="8"/>
<pin id="301" dir="0" index="2" bw="32" slack="0"/>
<pin id="302" dir="0" index="3" bw="4" slack="0"/>
<pin id="303" dir="0" index="4" bw="4" slack="0"/>
<pin id="304" dir="0" index="5" bw="1" slack="0"/>
<pin id="305" dir="0" index="6" bw="1" slack="0"/>
<pin id="306" dir="0" index="7" bw="1" slack="0"/>
<pin id="307" dir="0" index="8" bw="1" slack="0"/>
<pin id="308" dir="0" index="9" bw="11" slack="8"/>
<pin id="309" dir="0" index="10" bw="11" slack="8"/>
<pin id="310" dir="0" index="11" bw="8" slack="8"/>
<pin id="311" dir="1" index="12" bw="0" slack="2147483647"/>
</pin_list>
<bind>
<opcode="call(48) " fcode="call"/>
<opset="call_ln180/9 "/>
</bind>
</comp>

<comp id="320" class="1005" name="ColorMode_vcr_c21_reg_320">
<pin_list>
<pin id="321" dir="0" index="0" bw="8" slack="0"/>
<pin id="322" dir="1" index="1" bw="8" slack="0"/>
</pin_list>
<bind>
<opset="ColorMode_vcr_c21 "/>
</bind>
</comp>

<comp id="326" class="1005" name="ColorMode_vcr_c_reg_326">
<pin_list>
<pin id="327" dir="0" index="0" bw="8" slack="4"/>
<pin id="328" dir="1" index="1" bw="8" slack="4"/>
</pin_list>
<bind>
<opset="ColorMode_vcr_c "/>
</bind>
</comp>

<comp id="332" class="1005" name="HwReg_ColorMode_c20_reg_332">
<pin_list>
<pin id="333" dir="0" index="0" bw="8" slack="0"/>
<pin id="334" dir="1" index="1" bw="8" slack="0"/>
</pin_list>
<bind>
<opset="HwReg_ColorMode_c20 "/>
</bind>
</comp>

<comp id="338" class="1005" name="HwReg_ColorMode_c_reg_338">
<pin_list>
<pin id="339" dir="0" index="0" bw="8" slack="2"/>
<pin id="340" dir="1" index="1" bw="8" slack="2"/>
</pin_list>
<bind>
<opset="HwReg_ColorMode_c "/>
</bind>
</comp>

<comp id="344" class="1005" name="HwReg_HeightOut_c19_reg_344">
<pin_list>
<pin id="345" dir="0" index="0" bw="11" slack="0"/>
<pin id="346" dir="1" index="1" bw="11" slack="0"/>
</pin_list>
<bind>
<opset="HwReg_HeightOut_c19 "/>
</bind>
</comp>

<comp id="350" class="1005" name="HwReg_HeightOut_c_reg_350">
<pin_list>
<pin id="351" dir="0" index="0" bw="11" slack="6"/>
<pin id="352" dir="1" index="1" bw="11" slack="6"/>
</pin_list>
<bind>
<opset="HwReg_HeightOut_c "/>
</bind>
</comp>

<comp id="356" class="1005" name="HwReg_Width_c18_reg_356">
<pin_list>
<pin id="357" dir="0" index="0" bw="11" slack="0"/>
<pin id="358" dir="1" index="1" bw="11" slack="0"/>
</pin_list>
<bind>
<opset="HwReg_Width_c18 "/>
</bind>
</comp>

<comp id="362" class="1005" name="HwReg_Width_c17_reg_362">
<pin_list>
<pin id="363" dir="0" index="0" bw="11" slack="2"/>
<pin id="364" dir="1" index="1" bw="11" slack="2"/>
</pin_list>
<bind>
<opset="HwReg_Width_c17 "/>
</bind>
</comp>

<comp id="368" class="1005" name="HwReg_Width_c16_reg_368">
<pin_list>
<pin id="369" dir="0" index="0" bw="11" slack="4"/>
<pin id="370" dir="1" index="1" bw="11" slack="4"/>
</pin_list>
<bind>
<opset="HwReg_Width_c16 "/>
</bind>
</comp>

<comp id="374" class="1005" name="HwReg_Width_c_reg_374">
<pin_list>
<pin id="375" dir="0" index="0" bw="11" slack="6"/>
<pin id="376" dir="1" index="1" bw="11" slack="6"/>
</pin_list>
<bind>
<opset="HwReg_Width_c "/>
</bind>
</comp>

<comp id="380" class="1005" name="HwReg_HeightIn_c15_reg_380">
<pin_list>
<pin id="381" dir="0" index="0" bw="11" slack="0"/>
<pin id="382" dir="1" index="1" bw="11" slack="0"/>
</pin_list>
<bind>
<opset="HwReg_HeightIn_c15 "/>
</bind>
</comp>

<comp id="386" class="1005" name="HwReg_HeightIn_c14_reg_386">
<pin_list>
<pin id="387" dir="0" index="0" bw="11" slack="2"/>
<pin id="388" dir="1" index="1" bw="11" slack="2"/>
</pin_list>
<bind>
<opset="HwReg_HeightIn_c14 "/>
</bind>
</comp>

<comp id="392" class="1005" name="HwReg_HeightIn_c_reg_392">
<pin_list>
<pin id="393" dir="0" index="0" bw="11" slack="4"/>
<pin id="394" dir="1" index="1" bw="11" slack="4"/>
</pin_list>
<bind>
<opset="HwReg_HeightIn_c "/>
</bind>
</comp>

<comp id="398" class="1005" name="SrcYUV_reg_398">
<pin_list>
<pin id="399" dir="0" index="0" bw="30" slack="2"/>
<pin id="400" dir="1" index="1" bw="30" slack="2"/>
</pin_list>
<bind>
<opset="SrcYUV "/>
</bind>
</comp>

<comp id="404" class="1005" name="SrcYUV422_reg_404">
<pin_list>
<pin id="405" dir="0" index="0" bw="30" slack="4"/>
<pin id="406" dir="1" index="1" bw="30" slack="4"/>
</pin_list>
<bind>
<opset="SrcYUV422 "/>
</bind>
</comp>

<comp id="410" class="1005" name="OutYUV_reg_410">
<pin_list>
<pin id="411" dir="0" index="0" bw="30" slack="6"/>
<pin id="412" dir="1" index="1" bw="30" slack="6"/>
</pin_list>
<bind>
<opset="OutYUV "/>
</bind>
</comp>

<comp id="416" class="1005" name="HwReg_LineRate_reg_416">
<pin_list>
<pin id="417" dir="0" index="0" bw="32" slack="0"/>
<pin id="418" dir="1" index="1" bw="32" slack="0"/>
</pin_list>
<bind>
<opset="HwReg_LineRate "/>
</bind>
</comp>

</comp_list>

<net_list>
<net id="161"><net_src comp="40" pin="0"/><net_sink comp="158" pin=0"/></net>

<net id="165"><net_src comp="40" pin="0"/><net_sink comp="162" pin=0"/></net>

<net id="169"><net_src comp="40" pin="0"/><net_sink comp="166" pin=0"/></net>

<net id="173"><net_src comp="40" pin="0"/><net_sink comp="170" pin=0"/></net>

<net id="177"><net_src comp="40" pin="0"/><net_sink comp="174" pin=0"/></net>

<net id="181"><net_src comp="40" pin="0"/><net_sink comp="178" pin=0"/></net>

<net id="185"><net_src comp="40" pin="0"/><net_sink comp="182" pin=0"/></net>

<net id="189"><net_src comp="40" pin="0"/><net_sink comp="186" pin=0"/></net>

<net id="193"><net_src comp="40" pin="0"/><net_sink comp="190" pin=0"/></net>

<net id="197"><net_src comp="40" pin="0"/><net_sink comp="194" pin=0"/></net>

<net id="201"><net_src comp="40" pin="0"/><net_sink comp="198" pin=0"/></net>

<net id="205"><net_src comp="40" pin="0"/><net_sink comp="202" pin=0"/></net>

<net id="209"><net_src comp="40" pin="0"/><net_sink comp="206" pin=0"/></net>

<net id="213"><net_src comp="40" pin="0"/><net_sink comp="210" pin=0"/></net>

<net id="217"><net_src comp="40" pin="0"/><net_sink comp="214" pin=0"/></net>

<net id="221"><net_src comp="40" pin="0"/><net_sink comp="218" pin=0"/></net>

<net id="225"><net_src comp="40" pin="0"/><net_sink comp="222" pin=0"/></net>

<net id="240"><net_src comp="42" pin="0"/><net_sink comp="226" pin=0"/></net>

<net id="241"><net_src comp="22" pin="0"/><net_sink comp="226" pin=1"/></net>

<net id="242"><net_src comp="14" pin="0"/><net_sink comp="226" pin=2"/></net>

<net id="243"><net_src comp="18" pin="0"/><net_sink comp="226" pin=3"/></net>

<net id="244"><net_src comp="20" pin="0"/><net_sink comp="226" pin=4"/></net>

<net id="245"><net_src comp="16" pin="0"/><net_sink comp="226" pin=6"/></net>

<net id="263"><net_src comp="44" pin="0"/><net_sink comp="246" pin=0"/></net>

<net id="264"><net_src comp="0" pin="0"/><net_sink comp="246" pin=1"/></net>

<net id="265"><net_src comp="2" pin="0"/><net_sink comp="246" pin=2"/></net>

<net id="266"><net_src comp="4" pin="0"/><net_sink comp="246" pin=3"/></net>

<net id="267"><net_src comp="6" pin="0"/><net_sink comp="246" pin=4"/></net>

<net id="268"><net_src comp="8" pin="0"/><net_sink comp="246" pin=5"/></net>

<net id="269"><net_src comp="10" pin="0"/><net_sink comp="246" pin=6"/></net>

<net id="270"><net_src comp="12" pin="0"/><net_sink comp="246" pin=7"/></net>

<net id="283"><net_src comp="46" pin="0"/><net_sink comp="271" pin=0"/></net>

<net id="296"><net_src comp="48" pin="0"/><net_sink comp="284" pin=0"/></net>

<net id="297"><net_src comp="24" pin="0"/><net_sink comp="284" pin=6"/></net>

<net id="312"><net_src comp="50" pin="0"/><net_sink comp="298" pin=0"/></net>

<net id="313"><net_src comp="26" pin="0"/><net_sink comp="298" pin=2"/></net>

<net id="314"><net_src comp="28" pin="0"/><net_sink comp="298" pin=3"/></net>

<net id="315"><net_src comp="30" pin="0"/><net_sink comp="298" pin=4"/></net>

<net id="316"><net_src comp="32" pin="0"/><net_sink comp="298" pin=5"/></net>

<net id="317"><net_src comp="34" pin="0"/><net_sink comp="298" pin=6"/></net>

<net id="318"><net_src comp="36" pin="0"/><net_sink comp="298" pin=7"/></net>

<net id="319"><net_src comp="38" pin="0"/><net_sink comp="298" pin=8"/></net>

<net id="323"><net_src comp="158" pin="1"/><net_sink comp="320" pin=0"/></net>

<net id="324"><net_src comp="320" pin="1"/><net_sink comp="226" pin=11"/></net>

<net id="325"><net_src comp="320" pin="1"/><net_sink comp="271" pin=5"/></net>

<net id="329"><net_src comp="162" pin="1"/><net_sink comp="326" pin=0"/></net>

<net id="330"><net_src comp="326" pin="1"/><net_sink comp="271" pin=9"/></net>

<net id="331"><net_src comp="326" pin="1"/><net_sink comp="298" pin=11"/></net>

<net id="335"><net_src comp="166" pin="1"/><net_sink comp="332" pin=0"/></net>

<net id="336"><net_src comp="332" pin="1"/><net_sink comp="226" pin=10"/></net>

<net id="337"><net_src comp="332" pin="1"/><net_sink comp="246" pin=11"/></net>

<net id="341"><net_src comp="170" pin="1"/><net_sink comp="338" pin=0"/></net>

<net id="342"><net_src comp="338" pin="1"/><net_sink comp="246" pin=14"/></net>

<net id="343"><net_src comp="338" pin="1"/><net_sink comp="271" pin=4"/></net>

<net id="347"><net_src comp="174" pin="1"/><net_sink comp="344" pin=0"/></net>

<net id="348"><net_src comp="344" pin="1"/><net_sink comp="226" pin=9"/></net>

<net id="349"><net_src comp="344" pin="1"/><net_sink comp="284" pin=4"/></net>

<net id="353"><net_src comp="178" pin="1"/><net_sink comp="350" pin=0"/></net>

<net id="354"><net_src comp="350" pin="1"/><net_sink comp="284" pin=9"/></net>

<net id="355"><net_src comp="350" pin="1"/><net_sink comp="298" pin=9"/></net>

<net id="359"><net_src comp="182" pin="1"/><net_sink comp="356" pin=0"/></net>

<net id="360"><net_src comp="356" pin="1"/><net_sink comp="226" pin=8"/></net>

<net id="361"><net_src comp="356" pin="1"/><net_sink comp="246" pin=10"/></net>

<net id="365"><net_src comp="186" pin="1"/><net_sink comp="362" pin=0"/></net>

<net id="366"><net_src comp="362" pin="1"/><net_sink comp="246" pin=13"/></net>

<net id="367"><net_src comp="362" pin="1"/><net_sink comp="271" pin=3"/></net>

<net id="371"><net_src comp="190" pin="1"/><net_sink comp="368" pin=0"/></net>

<net id="372"><net_src comp="368" pin="1"/><net_sink comp="271" pin=8"/></net>

<net id="373"><net_src comp="368" pin="1"/><net_sink comp="284" pin=3"/></net>

<net id="377"><net_src comp="194" pin="1"/><net_sink comp="374" pin=0"/></net>

<net id="378"><net_src comp="374" pin="1"/><net_sink comp="284" pin=8"/></net>

<net id="379"><net_src comp="374" pin="1"/><net_sink comp="298" pin=10"/></net>

<net id="383"><net_src comp="198" pin="1"/><net_sink comp="380" pin=0"/></net>

<net id="384"><net_src comp="380" pin="1"/><net_sink comp="226" pin=7"/></net>

<net id="385"><net_src comp="380" pin="1"/><net_sink comp="246" pin=9"/></net>

<net id="389"><net_src comp="202" pin="1"/><net_sink comp="386" pin=0"/></net>

<net id="390"><net_src comp="386" pin="1"/><net_sink comp="246" pin=12"/></net>

<net id="391"><net_src comp="386" pin="1"/><net_sink comp="271" pin=2"/></net>

<net id="395"><net_src comp="206" pin="1"/><net_sink comp="392" pin=0"/></net>

<net id="396"><net_src comp="392" pin="1"/><net_sink comp="271" pin=7"/></net>

<net id="397"><net_src comp="392" pin="1"/><net_sink comp="284" pin=2"/></net>

<net id="401"><net_src comp="210" pin="1"/><net_sink comp="398" pin=0"/></net>

<net id="402"><net_src comp="398" pin="1"/><net_sink comp="246" pin=8"/></net>

<net id="403"><net_src comp="398" pin="1"/><net_sink comp="271" pin=1"/></net>

<net id="407"><net_src comp="214" pin="1"/><net_sink comp="404" pin=0"/></net>

<net id="408"><net_src comp="404" pin="1"/><net_sink comp="271" pin=6"/></net>

<net id="409"><net_src comp="404" pin="1"/><net_sink comp="284" pin=1"/></net>

<net id="413"><net_src comp="218" pin="1"/><net_sink comp="410" pin=0"/></net>

<net id="414"><net_src comp="410" pin="1"/><net_sink comp="284" pin=7"/></net>

<net id="415"><net_src comp="410" pin="1"/><net_sink comp="298" pin=1"/></net>

<net id="419"><net_src comp="222" pin="1"/><net_sink comp="416" pin=0"/></net>

<net id="420"><net_src comp="416" pin="1"/><net_sink comp="226" pin=5"/></net>

<net id="421"><net_src comp="416" pin="1"/><net_sink comp="284" pin=5"/></net>

</net_list>

</model> 
---------------- Datapath Model END ------------------

* FSMD analyzer results:
  - Output states:
	Port: m_axis_video_V_data_V | {9 10 }
	Port: m_axis_video_V_keep_V | {9 10 }
	Port: m_axis_video_V_strb_V | {9 10 }
	Port: m_axis_video_V_user_V | {9 10 }
	Port: m_axis_video_V_last_V | {9 10 }
	Port: m_axis_video_V_id_V | {9 10 }
	Port: m_axis_video_V_dest_V | {9 10 }
 - Input state : 
	Port: v_vscaler : s_axis_video_V_data_V | {3 4 }
	Port: v_vscaler : s_axis_video_V_keep_V | {3 4 }
	Port: v_vscaler : s_axis_video_V_strb_V | {3 4 }
	Port: v_vscaler : s_axis_video_V_user_V | {3 4 }
	Port: v_vscaler : s_axis_video_V_last_V | {3 4 }
	Port: v_vscaler : s_axis_video_V_id_V | {3 4 }
	Port: v_vscaler : s_axis_video_V_dest_V | {3 4 }
	Port: v_vscaler : HeightIn | {1 2 }
	Port: v_vscaler : Width | {1 2 }
	Port: v_vscaler : HeightOut | {1 2 }
	Port: v_vscaler : LineRate | {1 2 }
	Port: v_vscaler : ColorMode | {1 2 }
	Port: v_vscaler : vfltCoeff | {7 8 }
  - Chain level:
	State 1
		call_ln151 : 1
	State 2
	State 3
	State 4
	State 5
	State 6
	State 7
	State 8
	State 9
	State 10
	State 11


============================================================
+ Verbose Summary: Datapath Resource usage 
============================================================

* Functional unit list:
|----------|------------------------------------|---------|---------|---------|---------|---------|---------|
| Operation|           Functional Unit          |   BRAM  |   DSP   |  Delay  |    FF   |   LUT   |   URAM  |
|----------|------------------------------------|---------|---------|---------|---------|---------|---------|
|          |    grp_Block_entry4_proc_fu_226    |    0    |    0    |    0    |    9    |    23   |    0    |
|          | grp_AXIvideo2MultiPixStream_fu_246 |    0    |    0    |  1.588  |   208   |   167   |    0    |
|   call   |    grp_v_vcresampler_core_fu_271   |    10   |    0    |  15.88  |   357   |   386   |    0    |
|          |  grp_vscale_core_polyphase_fu_284  |    24   |    18   | 79.6015 |   2297  |   1569  |    0    |
|          | grp_MultiPixStream2AXIvideo_fu_298 |    0    |    0    |  1.588  |   235   |    95   |    0    |
|----------|------------------------------------|---------|---------|---------|---------|---------|---------|
|   Total  |                                    |    34   |    18   | 98.6575 |   3106  |   2240  |    0    |
|----------|------------------------------------|---------|---------|---------|---------|---------|---------|

Memories:
N/A

* Register list:
+---------------------------+--------+
|                           |   FF   |
+---------------------------+--------+
| ColorMode_vcr_c21_reg_320 |    8   |
|  ColorMode_vcr_c_reg_326  |    8   |
|HwReg_ColorMode_c20_reg_332|    8   |
| HwReg_ColorMode_c_reg_338 |    8   |
| HwReg_HeightIn_c14_reg_386|   11   |
| HwReg_HeightIn_c15_reg_380|   11   |
|  HwReg_HeightIn_c_reg_392 |   11   |
|HwReg_HeightOut_c19_reg_344|   11   |
| HwReg_HeightOut_c_reg_350 |   11   |
|   HwReg_LineRate_reg_416  |   32   |
|  HwReg_Width_c16_reg_368  |   11   |
|  HwReg_Width_c17_reg_362  |   11   |
|  HwReg_Width_c18_reg_356  |   11   |
|   HwReg_Width_c_reg_374   |   11   |
|       OutYUV_reg_410      |   30   |
|     SrcYUV422_reg_404     |   30   |
|       SrcYUV_reg_398      |   30   |
+---------------------------+--------+
|           Total           |   253  |
+---------------------------+--------+

* Multiplexer (MUX) list: 
|--------|------|------|------|--------|
|  Comp  |  Pin | Size |  BW  | S x BW |
|--------|------|------|------|--------|
|  Total |      |      |      |    0   |
|--------|------|------|------|--------|



* Summary:
+-----------+--------+--------+--------+--------+--------+--------+
|           |  BRAM  |   DSP  |  Delay |   FF   |   LUT  |  URAM  |
+-----------+--------+--------+--------+--------+--------+--------+
|  Function |   34   |   18   |   98   |  3106  |  2240  |    0   |
|   Memory  |    -   |    -   |    -   |    -   |    -   |    -   |
|Multiplexer|    -   |    -   |    -   |    -   |    -   |    -   |
|  Register |    -   |    -   |    -   |   253  |    -   |    -   |
+-----------+--------+--------+--------+--------+--------+--------+
|   Total   |   34   |   18   |   98   |  3359  |  2240  |    0   |
+-----------+--------+--------+--------+--------+--------+--------+
